group,seed,round_index,relative_round,phase,val_acc,delta_acc,cos_ce_kl,g_ce_norm,g_kl_norm
5,123,1,-4,kl,30.44,20.94,0.2853794991970062,0.5632303953170776,1.082793116569519
5,123,2,-3,kl,41.48,11.039999999999996,0.5365458130836487,0.6883959770202637,1.3657740354537964
5,123,3,-2,kl,53.38,11.900000000000006,0.4385550320148468,0.6551014184951782,1.3831180334091187
5,123,4,-1,kl,58.16,4.779999999999994,0.5667855143547058,0.6004102230072021,1.3063868284225464
5,123,5,0,kl,63.34,5.180000000000007,0.3777540326118469,0.5024493932723999,1.2334623336791992
5,123,6,1,ce,69.02,5.679999999999993,0.30648356676101685,0.23834402859210968,2.111663818359375
5,123,7,2,kl,65.62,-3.3999999999999915,0.7353763580322266,0.6236351132392883,1.5888375043869019
5,123,8,3,kl,69.24,3.6199999999999903,0.24188390374183655,0.45153161883354187,1.184000849723816
5,123,9,4,kl,72.08,2.8400000000000034,0.5068268179893494,0.47784483432769775,1.0783964395523071
5,123,10,5,kl,72.44,0.35999999999999943,0.16150565445423126,0.423597514629364,1.0163029432296753
5,123,11,6,kl,73.46,1.019999999999996,0.6587477922439575,0.4980204701423645,0.9537112712860107
5,123,12,7,ce,75.88,2.4200000000000017,0.10003560781478882,0.23352031409740448,1.9829901456832886
5,123,13,8,kl,73.28,-2.5999999999999943,0.564023494720459,0.5144187808036804,1.076759696006775
5,123,14,9,kl,73.32,0.03999999999999204,0.6252596378326416,0.51675945520401,1.102918028831482
5,123,15,10,kl,75.72,2.4000000000000057,0.5269624590873718,0.5089018940925598,1.1569135189056396
5,123,16,11,kl,76.58,0.8599999999999994,0.5529054403305054,0.4817521274089813,1.0662537813186646
5,123,17,12,kl,78.5,1.9200000000000017,0.4585803747177124,0.4346584677696228,0.8287111520767212
5,123,18,13,ce,79.22,0.7199999999999989,0.10204211622476578,0.27240943908691406,2.006110668182373
5,123,19,14,kl,77.66,-1.5600000000000023,0.5255526900291443,0.4395609200000763,0.779657781124115
5,123,20,15,kl,77.44,-0.21999999999999886,0.5972469449043274,0.5056095719337463,1.0734820365905762
5,123,21,16,kl,77.56,0.12000000000000455,0.6349302530288696,0.4592709541320801,0.8736315369606018
5,123,22,17,kl,77.22,-0.3400000000000034,0.3302806615829468,0.4467323124408722,1.0526716709136963
5,123,23,18,kl,78.88,1.6599999999999966,0.6449577808380127,0.4983881413936615,0.963634729385376
5,123,24,19,ce,79.4,0.5200000000000102,0.22801145911216736,0.3065392076969147,2.1120309829711914
5,123,25,20,kl,75.64,-3.760000000000005,0.6968327760696411,0.5807178616523743,1.1795482635498047
5,123,26,21,kl,77.94,2.299999999999997,0.3722837567329407,0.4751119911670685,0.9944988489151001
5,123,27,22,kl,78.18,0.2400000000000091,0.5273972749710083,0.5309094190597534,1.0820188522338867
5,123,28,23,kl,78.28,0.09999999999999432,0.7010881900787354,0.49536290764808655,0.8384687304496765
5,123,29,24,kl,79.28,1.0,0.5246593952178955,0.4813331365585327,0.8674083948135376
5,123,30,25,ce,80.76,1.480000000000004,0.11559826880693436,0.31312236189842224,2.0060906410217285
5,123,31,26,kl,79.5,-1.2600000000000051,0.3932064175605774,0.4528826177120209,0.725183367729187
5,123,32,27,kl,80.64,1.1400000000000006,0.5314862132072449,0.45161059498786926,0.7848656177520752
5,123,33,28,kl,80.16,-0.480000000000004,0.5427236557006836,0.4671897292137146,0.758558988571167
5,123,34,29,kl,80.06,-0.09999999999999432,0.6229829788208008,0.4884679615497589,0.972758412361145
5,123,35,30,kl,79.22,-0.8400000000000034,0.6075931787490845,0.4808402359485626,0.9007183313369751
5,123,36,31,ce,80.9,1.6800000000000068,0.19322475790977478,0.3186010420322418,2.1143510341644287
5,123,37,32,kl,79.6,-1.3000000000000114,0.425679087638855,0.46704357862472534,0.9518883228302002
5,123,38,33,kl,79.58,-0.01999999999999602,0.5359587669372559,0.4619610011577606,0.9244779348373413
5,123,39,34,kl,78.02,-1.5600000000000023,0.4376940131187439,0.4459594488143921,0.8911853432655334
5,123,40,35,kl,80.24,2.219999999999999,0.44478052854537964,0.44526317715644836,0.9599310755729675
5,123,41,36,kl,78.12,-2.1199999999999903,0.5002743601799011,0.486632376909256,1.0744346380233765
5,123,42,37,ce,81.68,3.5600000000000023,0.23031894862651825,0.2994840741157532,2.042231559753418
5,123,43,38,kl,80.22,-1.460000000000008,0.5513520836830139,0.48554784059524536,0.7832613587379456
5,123,44,39,kl,78.6,-1.6200000000000045,0.5700072646141052,0.5266703963279724,1.160643458366394
5,123,45,40,kl,81.14,2.5400000000000063,0.5054401159286499,0.46644386649131775,0.8815105557441711
5,123,46,41,kl,80.88,-0.2600000000000051,0.5280798077583313,0.44671621918678284,0.84471595287323
5,123,47,42,kl,79.36,-1.519999999999996,0.49358436465263367,0.47603946924209595,0.9831874370574951
5,123,48,43,ce,81.56,2.200000000000003,0.11823131889104843,0.2949269115924835,1.8036144971847534
5,123,49,44,kl,79.34,-2.219999999999999,0.6834942698478699,0.5815218687057495,1.1541496515274048
5,123,50,45,kl,80.9,1.5600000000000023,0.5263846516609192,0.5295881032943726,1.0654059648513794
5,123,51,46,kl,80.3,-0.6000000000000085,0.4156591296195984,0.47726863622665405,1.0350416898727417
5,123,52,47,kl,80.88,0.5799999999999983,0.502814531326294,0.44731956720352173,0.9561408162117004
5,123,53,48,kl,81.32,0.4399999999999977,0.5009793043136597,0.5039950609207153,0.9751306772232056
5,123,54,49,ce,82.0,0.6800000000000068,0.14440324902534485,0.2915149927139282,1.9006808996200562
5,123,55,50,kl,77.54,-4.459999999999994,0.3460085093975067,0.4784323275089264,1.0578572750091553
5,123,56,51,kl,81.0,3.4599999999999937,0.5975775718688965,0.530735433101654,1.1443727016448975
5,123,57,52,kl,81.86,0.8599999999999994,0.606316328048706,0.5203474164009094,1.1118026971817017
5,123,58,53,kl,80.96,-0.9000000000000057,0.5350271463394165,0.4555546045303345,0.7648197412490845
5,123,59,54,kl,81.06,0.10000000000000853,0.4914558529853821,0.4629157781600952,0.7933617830276489
5,123,60,55,ce,81.66,0.5999999999999943,0.20167624950408936,0.31064772605895996,2.034069061279297
5,123,61,56,kl,80.54,-1.1199999999999903,0.29563844203948975,0.44500213861465454,1.0416383743286133
5,123,62,57,kl,80.1,-0.44000000000001194,0.47321808338165283,0.46733102202415466,0.8980079889297485
5,123,63,58,kl,80.72,0.6200000000000045,0.414587140083313,0.4530171751976013,1.02533757686615
5,123,64,59,kl,81.1,0.37999999999999545,0.5487611293792725,0.472208172082901,1.0755640268325806
5,123,65,60,kl,77.42,-3.6799999999999926,0.5643079876899719,0.5344370603561401,1.0220742225646973
5,123,66,61,ce,81.54,4.1200000000000045,0.1198398545384407,0.28384801745414734,2.0284323692321777
5,123,67,62,kl,84.5,2.9599999999999937,0.3236994743347168,0.42414313554763794,0.5867610573768616
5,123,68,63,kl,85.18,0.6800000000000068,0.3159782886505127,0.43088266253471375,0.6034858226776123
5,123,69,64,kl,84.6,-0.5800000000000125,0.26720041036605835,0.42356500029563904,0.6048961877822876
5,123,70,65,kl,85.24,0.6400000000000006,0.2709161043167114,0.4187612533569336,0.5714867115020752
5,123,71,66,kl,85.16,-0.0799999999999983,0.3325268030166626,0.43294087052345276,0.6224283576011658
5,123,72,67,ce,85.32,0.1599999999999966,0.02954966574907303,0.3287549912929535,1.5720243453979492
5,123,73,68,kl,85.56,0.2400000000000091,0.26385927200317383,0.43437764048576355,0.6296997666358948
5,123,74,69,kl,85.54,-0.01999999999999602,0.25167763233184814,0.43093881011009216,0.699174165725708
5,123,75,70,kl,85.4,-0.14000000000000057,0.31580042839050293,0.45580169558525085,0.6845927834510803
5,123,76,71,kl,85.5,0.09999999999999432,0.26986029744148254,0.43802082538604736,0.694425642490387
5,123,77,72,kl,85.6,0.09999999999999432,0.3445948660373688,0.4595905542373657,0.6134713888168335
5,123,78,73,ce,85.22,-0.37999999999999545,0.03854870796203613,0.34879016876220703,1.6340919733047485
5,123,79,74,kl,85.56,0.3400000000000034,0.2981545627117157,0.45136648416519165,0.631176233291626
5,123,80,75,kl,85.34,-0.21999999999999886,0.31279465556144714,0.47832298278808594,0.7280347943305969
5,123,81,76,kl,85.76,0.4200000000000017,0.21474114060401917,0.44842320680618286,0.7062330842018127
5,123,82,77,kl,86.04,0.28000000000000114,0.3473454713821411,0.4900922179222107,0.742291271686554
5,123,83,78,kl,85.66,-0.38000000000000966,0.3212118148803711,0.48137110471725464,0.7142090201377869
5,123,84,79,ce,85.66,0.0,0.07481402158737183,0.40582960844039917,1.5545059442520142
5,123,85,80,kl,85.7,0.04000000000000625,0.32191717624664307,0.4905841052532196,0.6881251335144043
5,123,86,81,kl,85.82,0.11999999999999034,0.36268186569213867,0.5022359490394592,0.7631720900535583
5,123,87,82,kl,85.92,0.10000000000000853,0.2964680790901184,0.4961450397968292,0.6955879926681519
5,123,88,83,kl,85.88,-0.04000000000000625,0.26635628938674927,0.48492076992988586,0.6998082399368286
5,123,89,84,kl,85.8,-0.0799999999999983,0.2904169261455536,0.505276620388031,0.798031747341156
5,123,90,85,ce,85.72,-0.0799999999999983,0.11338264495134354,0.42662644386291504,1.7239857912063599
5,123,91,86,kl,85.96,0.23999999999999488,0.21133016049861908,0.49557483196258545,0.7130907773971558
5,123,92,87,kl,85.92,-0.03999999999999204,0.3459189236164093,0.5218667387962341,0.684141218662262
5,123,93,88,kl,85.98,0.060000000000002274,0.2833116948604584,0.5033625960350037,0.7109178900718689
5,123,94,89,kl,85.96,-0.020000000000010232,0.37508541345596313,0.5386433005332947,0.8801198601722717
5,123,95,90,kl,85.82,-0.14000000000000057,0.2675062119960785,0.5103939175605774,0.7654641270637512
5,123,96,91,ce,85.8,-0.01999999999999602,0.11448299884796143,0.43671250343322754,1.6686697006225586
5,123,97,92,kl,86.14,0.3400000000000034,0.27823761105537415,0.5226384997367859,0.7436476945877075
5,123,98,93,kl,86.0,-0.14000000000000057,0.2787572145462036,0.5232964158058167,0.7145809531211853
5,123,99,94,kl,86.02,0.01999999999999602,0.2582662105560303,0.5133453607559204,0.7134034037590027
5,123,100,95,kl,86.0,-0.01999999999999602,0.22223776578903198,0.5063727498054504,0.7167879343032837
5,123,101,96,kl,86.22,0.21999999999999886,0.2660687267780304,0.5173004269599915,0.7283377051353455
5,123,102,97,ce,86.06,-0.1599999999999966,0.08308027684688568,0.45190519094467163,1.2687280178070068
5,123,103,98,kl,85.96,-0.10000000000000853,0.2655399441719055,0.5145374536514282,0.7222180366516113
5,123,104,99,kl,86.36,0.4000000000000057,0.2599972188472748,0.5184900760650635,0.704791247844696
5,123,105,100,kl,86.0,-0.35999999999999943,0.236744225025177,0.5119590759277344,0.7283449172973633
5,123,106,101,kl,86.06,0.060000000000002274,0.29635003209114075,0.534176766872406,0.7506747245788574
5,123,107,102,kl,85.96,-0.10000000000000853,0.27791231870651245,0.5294588804244995,0.7573533654212952
5,123,108,103,ce,85.98,0.020000000000010232,0.09571129828691483,0.46557798981666565,1.3158087730407715
5,123,109,104,kl,86.16,0.1799999999999926,0.31588423252105713,0.540515124797821,0.7712405323982239
5,123,110,105,kl,86.16,0.0,0.2700616121292114,0.5310295224189758,0.7743880748748779
5,123,111,106,kl,86.08,-0.0799999999999983,0.22334060072898865,0.5167500376701355,0.7571306824684143
5,123,112,107,kl,86.16,0.0799999999999983,0.27228546142578125,0.5324507355690002,0.7644309401512146
5,123,113,108,kl,86.12,-0.03999999999999204,0.29256975650787354,0.5381092429161072,0.774086594581604
5,123,114,109,ce,86.06,-0.060000000000002274,0.10741469264030457,0.47494763135910034,1.3478833436965942
5,123,115,110,kl,86.0,-0.060000000000002274,0.28619611263275146,0.5366281270980835,0.7633687257766724
5,123,116,111,kl,85.92,-0.0799999999999983,0.2837948203086853,0.5359899997711182,0.7674275636672974
5,123,117,112,kl,86.0,0.0799999999999983,0.26917022466659546,0.533541202545166,0.7757076621055603
5,123,118,113,kl,86.08,0.0799999999999983,0.271636426448822,0.5343620777130127,0.7717257142066956
5,123,119,114,kl,86.2,0.12000000000000455,0.24787867069244385,0.5261362791061401,0.7610743045806885
5,123,120,115,ce,86.16,-0.04000000000000625,0.06494303047657013,0.46385952830314636,1.2818012237548828
5,1337,1,-4,kl,38.44,26.18,0.6013810634613037,0.8859690427780151,1.7146016359329224
5,1337,2,-3,kl,39.42,0.980000000000004,0.6647586226463318,0.7434794902801514,1.5618988275527954
5,1337,3,-2,kl,51.56,12.14,0.7542405724525452,0.6774372458457947,1.113840937614441
5,1337,4,-1,kl,57.84,6.280000000000001,0.1974642276763916,0.42873114347457886,1.1108444929122925
5,1337,5,0,kl,63.42,5.579999999999998,0.676089882850647,0.5730279684066772,1.1695556640625
5,1337,6,1,ce,68.88,5.459999999999994,0.3775385618209839,0.3065062165260315,1.9913833141326904
5,1337,7,2,kl,67.26,-1.6199999999999903,0.7598173022270203,0.617859423160553,1.3134616613388062
5,1337,8,3,kl,71.56,4.299999999999997,0.537550687789917,0.49287644028663635,1.0405292510986328
5,1337,9,4,kl,70.52,-1.0400000000000063,0.8104941248893738,0.6511657238006592,1.6614447832107544
5,1337,10,5,kl,67.84,-2.6799999999999926,0.5071800947189331,0.48140886425971985,1.2025995254516602
5,1337,11,6,kl,73.92,6.079999999999998,0.5648844838142395,0.4377281665802002,0.9415740966796875
5,1337,12,7,ce,76.12,2.200000000000003,0.19574835896492004,0.22081775963306427,1.8502027988433838
5,1337,13,8,kl,71.3,-4.820000000000007,0.5444003939628601,0.48283159732818604,1.0393446683883667
5,1337,14,9,kl,76.42,5.1200000000000045,0.48892614245414734,0.4270959496498108,0.9480016827583313
5,1337,15,10,kl,77.92,1.5,0.301936537027359,0.39803680777549744,0.8744633197784424
5,1337,16,11,kl,76.78,-1.1400000000000006,0.366707980632782,0.43401986360549927,0.8609602451324463
5,1337,17,12,kl,76.92,0.14000000000000057,0.3259999752044678,0.4223659932613373,0.6526382565498352
5,1337,18,13,ce,78.18,1.2600000000000051,0.22511795163154602,0.2700364887714386,1.8602956533432007
5,1337,19,14,kl,78.5,0.3199999999999932,0.495965838432312,0.46403762698173523,0.9726192355155945
5,1337,20,15,kl,77.98,-0.519999999999996,0.34009379148483276,0.39474183320999146,0.8530629277229309
5,1337,21,16,kl,77.84,-0.14000000000000057,0.4807603359222412,0.4477328956127167,0.9424328804016113
5,1337,22,17,kl,77.8,-0.04000000000000625,0.3417958915233612,0.4035090208053589,0.7760717868804932
5,1337,23,18,kl,79.7,1.9000000000000057,0.3893316984176636,0.4146096408367157,0.8318336009979248
5,1337,24,19,ce,78.86,-0.8400000000000034,0.30079954862594604,0.3313745856285095,2.0004453659057617
5,1337,25,20,kl,77.84,-1.019999999999996,0.5293225049972534,0.46851998567581177,0.9766320586204529
5,1337,26,21,kl,78.92,1.0799999999999983,0.4838958978652954,0.47968819737434387,1.024265170097351
5,1337,27,22,kl,80.3,1.3799999999999955,0.4007819592952728,0.41432061791419983,0.8130670785903931
5,1337,28,23,kl,79.1,-1.2000000000000028,0.4134248197078705,0.4463021755218506,0.8743457198143005
5,1337,29,24,kl,77.42,-1.6799999999999926,0.5334584712982178,0.4848123788833618,0.9856690764427185
5,1337,30,25,ce,80.58,3.1599999999999966,0.2542972266674042,0.29786908626556396,1.7399450540542603
5,1337,31,26,kl,79.1,-1.480000000000004,0.5648250579833984,0.4412629306316376,1.1423903703689575
5,1337,32,27,kl,79.84,0.7400000000000091,0.5100142955780029,0.4701160490512848,0.8612797260284424
5,1337,33,28,kl,80.3,0.45999999999999375,0.4157252907752991,0.42089784145355225,0.7734811305999756
5,1337,34,29,kl,80.32,0.01999999999999602,0.29457467794418335,0.39862239360809326,0.7771502137184143
5,1337,35,30,kl,78.74,-1.5799999999999983,0.43372154235839844,0.4787721037864685,0.9867169260978699
5,1337,36,31,ce,81.82,3.0799999999999983,0.15964828431606293,0.31011316180229187,1.73357355594635
5,1337,37,32,kl,79.04,-2.779999999999987,0.5917350053787231,0.5433963537216187,1.0320923328399658
5,1337,38,33,kl,79.78,0.7399999999999949,0.42745330929756165,0.44432494044303894,0.9000800848007202
5,1337,39,34,kl,79.98,0.20000000000000284,0.5028382539749146,0.45719724893569946,0.9922676086425781
5,1337,40,35,kl,81.0,1.019999999999996,0.3266117572784424,0.4684988856315613,0.9132780432701111
5,1337,41,36,kl,80.72,-0.28000000000000114,0.6264418959617615,0.5299996137619019,0.9783419370651245
5,1337,42,37,ce,80.96,0.23999999999999488,0.21646668016910553,0.333609014749527,1.768052101135254
5,1337,43,38,kl,78.74,-2.219999999999999,0.487734854221344,0.47411584854125977,0.8663173317909241
5,1337,44,39,kl,78.86,0.12000000000000455,0.7002226114273071,0.6047885417938232,1.2806344032287598
5,1337,45,40,kl,80.74,1.8799999999999955,0.514738142490387,0.4920225441455841,0.8292883634567261
5,1337,46,41,kl,80.52,-0.21999999999999886,0.4370712637901306,0.4727168381214142,0.8757876753807068
5,1337,47,42,kl,81.06,0.5400000000000063,0.5559946894645691,0.5143324136734009,0.9025822281837463
5,1337,48,43,ce,80.84,-0.21999999999999886,0.18231283128261566,0.3516072928905487,1.7671624422073364
5,1337,49,44,kl,79.48,-1.3599999999999994,0.4271484315395355,0.47384437918663025,0.8795844912528992
5,1337,50,45,kl,80.26,0.7800000000000011,0.39485758543014526,0.4557705223560333,0.9918212890625
5,1337,51,46,kl,80.84,0.5799999999999983,0.5538614988327026,0.5086724162101746,0.9711391925811768
5,1337,52,47,kl,81.04,0.20000000000000284,0.3098599910736084,0.44286152720451355,0.8286813497543335
5,1337,53,48,kl,80.08,-0.960000000000008,0.5594919323921204,0.5005641579627991,0.8467046618461609
5,1337,54,49,ce,79.98,-0.09999999999999432,0.23014028370380402,0.3869011700153351,1.7157360315322876
5,1337,55,50,kl,79.82,-0.1600000000000108,0.41631945967674255,0.4896054267883301,0.9614284038543701
5,1337,56,51,kl,78.62,-1.1999999999999886,0.6924672722816467,0.6029201745986938,1.2977571487426758
5,1337,57,52,kl,79.9,1.2800000000000011,0.6833994388580322,0.5849200487136841,1.1461995840072632
5,1337,58,53,kl,81.76,1.8599999999999994,0.36276692152023315,0.4531610608100891,0.8591122031211853
5,1337,59,54,kl,79.78,-1.980000000000004,0.6551883220672607,0.5689689517021179,0.96773761510849
5,1337,60,55,ce,81.56,1.7800000000000011,0.1221669390797615,0.32263249158859253,1.4345848560333252
5,1337,61,56,kl,80.5,-1.0600000000000023,0.5235583782196045,0.5131785869598389,1.0718607902526855
5,1337,62,57,kl,82.1,1.5999999999999943,0.6099202632904053,0.5137109756469727,1.1513125896453857
5,1337,63,58,kl,79.18,-2.9199999999999875,0.43494197726249695,0.5252476334571838,1.2652169466018677
5,1337,64,59,kl,80.76,1.5799999999999983,0.36462247371673584,0.45398110151290894,0.7948236465454102
5,1337,65,60,kl,81.22,0.45999999999999375,0.5199865698814392,0.541759729385376,1.0468212366104126
5,1337,66,61,ce,81.34,0.12000000000000455,0.23459134995937347,0.3536922037601471,1.7571738958358765
5,1337,67,62,kl,84.44,3.0999999999999943,0.23325654864311218,0.36789217591285706,0.642697811126709
5,1337,68,63,kl,84.72,0.28000000000000114,0.23580244183540344,0.37277737259864807,0.6283155679702759
5,1337,69,64,kl,84.98,0.2600000000000051,0.31042665243148804,0.38619571924209595,0.6183199882507324
5,1337,70,65,kl,85.0,0.01999999999999602,0.2872530221939087,0.3937714993953705,0.6171929836273193
5,1337,71,66,kl,85.18,0.18000000000000682,0.17060744762420654,0.38730549812316895,0.6272146701812744
5,1337,72,67,ce,85.84,0.6599999999999966,0.20780064165592194,0.34168606996536255,1.438749074935913
5,1337,73,68,kl,85.12,-0.7199999999999989,0.25190699100494385,0.39324572682380676,0.6627289056777954
5,1337,74,69,kl,85.3,0.1799999999999926,0.31480222940444946,0.4128594398498535,0.6556870937347412
5,1337,75,70,kl,85.1,-0.20000000000000284,0.28757280111312866,0.4100959599018097,0.6871140003204346
5,1337,76,71,kl,84.84,-0.2599999999999909,0.20733632147312164,0.4040784239768982,0.7329968214035034
5,1337,77,72,kl,85.14,0.29999999999999716,0.23147672414779663,0.41303321719169617,0.7361385822296143
5,1337,78,73,ce,85.84,0.7000000000000028,0.2380693554878235,0.3748982548713684,1.4048160314559937
5,1337,79,74,kl,85.28,-0.5600000000000023,0.29686760902404785,0.4222550690174103,0.690599799156189
5,1337,80,75,kl,85.32,0.03999999999999204,0.3229103088378906,0.45014718174934387,0.7061350345611572
5,1337,81,76,kl,85.1,-0.21999999999999886,0.32019174098968506,0.4549069404602051,0.7528404593467712
5,1337,82,77,kl,84.76,-0.3399999999999892,0.3473314046859741,0.46270450949668884,0.8278217315673828
5,1337,83,78,kl,85.18,0.4200000000000017,0.3445195257663727,0.46398022770881653,0.7501369714736938
5,1337,84,79,ce,85.7,0.519999999999996,0.1564611941576004,0.37000572681427,1.3974093198776245
5,1337,85,80,kl,85.54,-0.1599999999999966,0.31654730439186096,0.4675259590148926,0.7229146957397461
5,1337,86,81,kl,85.0,-0.5400000000000063,0.3158942759037018,0.4681118428707123,0.6996545791625977
5,1337,87,82,kl,85.34,0.3400000000000034,0.37197262048721313,0.4893714487552643,0.8328115344047546
5,1337,88,83,kl,85.3,-0.04000000000000625,0.31119799613952637,0.4639350473880768,0.8286424875259399
5,1337,89,84,kl,85.34,0.04000000000000625,0.33513161540031433,0.4765065312385559,0.8639366030693054
5,1337,90,85,ce,86.28,0.9399999999999977,0.259543776512146,0.43580538034439087,1.4372798204421997
5,1337,91,86,kl,85.3,-0.980000000000004,0.2164052426815033,0.47155797481536865,0.7962622046470642
5,1337,92,87,kl,85.06,-0.23999999999999488,0.2725527882575989,0.48234397172927856,0.8171048760414124
5,1337,93,88,kl,85.38,0.3199999999999932,0.3497717082500458,0.5053780674934387,0.8080518245697021
5,1337,94,89,kl,85.06,-0.3199999999999932,0.2802999019622803,0.4761423170566559,0.8161442279815674
5,1337,95,90,kl,85.26,0.20000000000000284,0.4335760772228241,0.5354296565055847,0.8867089152336121
5,1337,96,91,ce,85.9,0.6400000000000006,0.24205848574638367,0.4509756565093994,1.558566927909851
5,1337,97,92,kl,85.62,-0.28000000000000114,0.3083191514015198,0.5039883852005005,0.7978994250297546
5,1337,98,93,kl,85.54,-0.0799999999999983,0.28805890679359436,0.49666160345077515,0.7906809449195862
5,1337,99,94,kl,85.64,0.09999999999999432,0.2921820878982544,0.49856048822402954,0.7809595465660095
5,1337,100,95,kl,85.46,-0.18000000000000682,0.2792069911956787,0.49544793367385864,0.7711252570152283
5,1337,101,96,kl,85.54,0.0800000000000125,0.2928338050842285,0.5000712871551514,0.7959065437316895
5,1337,102,97,ce,86.62,1.0799999999999983,0.2310495227575302,0.445692241191864,1.2226558923721313
5,1337,103,98,kl,85.86,-0.7600000000000051,0.29219716787338257,0.5021095275878906,0.7872639894485474
5,1337,104,99,kl,85.7,-0.1599999999999966,0.2996388375759125,0.5075356960296631,0.7842153310775757
5,1337,105,100,kl,85.78,0.0799999999999983,0.28764379024505615,0.5031304359436035,0.7818887829780579
5,1337,106,101,kl,85.66,-0.12000000000000455,0.2863606810569763,0.5062907338142395,0.8018767237663269
5,1337,107,102,kl,85.58,-0.0799999999999983,0.2881537079811096,0.5020380616188049,0.8221630454063416
5,1337,108,103,ce,86.22,0.6400000000000006,0.2187182903289795,0.44097474217414856,1.2400199174880981
5,1337,109,104,kl,85.78,-0.4399999999999977,0.3015325367450714,0.5081239938735962,0.8033185005187988
5,1337,110,105,kl,85.68,-0.09999999999999432,0.28956854343414307,0.5084586143493652,0.792895495891571
5,1337,111,106,kl,85.68,0.0,0.28978613018989563,0.5077419281005859,0.8036727905273438
5,1337,112,107,kl,85.44,-0.2400000000000091,0.2940511703491211,0.5109871029853821,0.8008282780647278
5,1337,113,108,kl,85.62,0.18000000000000682,0.2905789613723755,0.5130211710929871,0.7851492166519165
5,1337,114,109,ce,86.46,0.8399999999999892,0.22558969259262085,0.44852253794670105,1.2517638206481934
5,1337,115,110,kl,85.58,-0.8799999999999955,0.2850220203399658,0.5100424885749817,0.7985581159591675
5,1337,116,111,kl,85.58,0.0,0.3086123466491699,0.5170955061912537,0.8402373790740967
5,1337,117,112,kl,85.64,0.060000000000002274,0.32399967312812805,0.5269481539726257,0.8160708546638489
5,1337,118,113,kl,85.3,-0.3400000000000034,0.2870378792285919,0.5129180550575256,0.8158484101295471
5,1337,119,114,kl,85.38,0.0799999999999983,0.30768883228302,0.5237125158309937,0.8105179667472839
5,1337,120,115,ce,86.26,0.8800000000000097,0.24546846747398376,0.4740663170814514,1.275704026222229
5,42,1,-4,kl,43.5,34.08,0.6269708871841431,0.7429771423339844,1.2030327320098877
5,42,2,-3,kl,33.52,-9.979999999999997,0.6290801763534546,0.8716670870780945,1.5339449644088745
5,42,3,-2,kl,52.82,19.299999999999997,0.25318416953086853,0.6078771352767944,1.1851812601089478
5,42,4,-1,kl,59.16,6.339999999999996,0.6288257837295532,0.5454210042953491,1.171220064163208
5,42,5,0,kl,62.86,3.700000000000003,0.7581608295440674,0.6463959217071533,1.2434204816818237
5,42,6,1,ce,68.16,5.299999999999997,0.2124335914850235,0.2719431221485138,1.882460594177246
5,42,7,2,kl,66.78,-1.3799999999999955,0.5649789571762085,0.48023277521133423,1.0102543830871582
5,42,8,3,kl,67.3,0.519999999999996,0.7663280963897705,0.6107688546180725,1.144582748413086
5,42,9,4,kl,70.46,3.1599999999999966,0.511492908000946,0.47400379180908203,0.960733950138092
5,42,10,5,kl,73.5,3.0400000000000063,0.49605944752693176,0.5065776109695435,1.2458758354187012
5,42,11,6,kl,74.62,1.1200000000000045,0.6242709159851074,0.5180115103721619,1.200997233390808
5,42,12,7,ce,76.3,1.6799999999999926,0.22032231092453003,0.28492069244384766,1.9350045919418335
5,42,13,8,kl,73.96,-2.3400000000000034,0.5025330781936646,0.5141002535820007,1.0738449096679688
5,42,14,9,kl,77.02,3.0600000000000023,0.544238805770874,0.4564957916736603,0.943307101726532
5,42,15,10,kl,77.1,0.0799999999999983,0.4316179156303406,0.4444665312767029,0.9590974450111389
5,42,16,11,kl,76.7,-0.3999999999999915,0.5930573344230652,0.49359792470932007,0.9043801426887512
5,42,17,12,kl,75.94,-0.7600000000000051,0.5053850412368774,0.4467337429523468,0.8292131423950195
5,42,18,13,ce,79.38,3.4399999999999977,0.1776885688304901,0.29360106587409973,1.9193434715270996
5,42,19,14,kl,76.84,-2.539999999999992,0.4329993724822998,0.43846452236175537,0.8902920484542847
5,42,20,15,kl,77.0,0.1599999999999966,0.4475695490837097,0.44194361567497253,1.0460569858551025
5,42,21,16,kl,77.6,0.5999999999999943,0.5366935729980469,0.47572389245033264,1.1778852939605713
5,42,22,17,kl,76.3,-1.2999999999999972,0.6661432981491089,0.5463843941688538,1.1739610433578491
5,42,23,18,kl,80.38,4.079999999999998,0.4277985095977783,0.4363754391670227,0.9758520722389221
5,42,24,19,ce,79.98,-0.3999999999999915,0.15592226386070251,0.3225685954093933,1.8248529434204102
5,42,25,20,kl,79.36,-0.6200000000000045,0.4609736204147339,0.4442765712738037,0.9572646617889404
5,42,26,21,kl,79.14,-0.21999999999999886,0.5661307573318481,0.4782828688621521,0.9038247466087341
5,42,27,22,kl,77.46,-1.6800000000000068,0.660202145576477,0.5450400710105896,1.123984932899475
5,42,28,23,kl,79.34,1.8800000000000097,0.2908472418785095,0.4186520576477051,1.054905891418457
5,42,29,24,kl,80.38,1.039999999999992,0.45439642667770386,0.45061254501342773,0.8170567750930786
5,42,30,25,ce,81.44,1.0600000000000023,0.20140492916107178,0.2945973575115204,1.9150171279907227
5,42,31,26,kl,79.58,-1.8599999999999994,0.6103100776672363,0.47494396567344666,0.9115502238273621
5,42,32,27,kl,76.86,-2.719999999999999,0.5926148891448975,0.5405591130256653,1.087153434753418
5,42,33,28,kl,80.96,4.099999999999994,0.4815828502178192,0.4745452105998993,0.9352480173110962
5,42,34,29,kl,78.64,-2.319999999999993,0.5936859846115112,0.5285539031028748,0.948466420173645
5,42,35,30,kl,80.5,1.8599999999999994,0.4081757664680481,0.42839890718460083,0.9280454516410828
5,42,36,31,ce,82.38,1.8799999999999955,0.1802639216184616,0.2788572907447815,1.773815393447876
5,42,37,32,kl,80.44,-1.9399999999999977,0.6462240219116211,0.513624370098114,1.0364000797271729
5,42,38,33,kl,79.52,-0.9200000000000017,0.4606361985206604,0.4607636630535126,0.9679544568061829
5,42,39,34,kl,79.94,0.4200000000000017,0.5843855738639832,0.5351238250732422,0.9840942621231079
5,42,40,35,kl,81.0,1.0600000000000023,0.5578997135162354,0.501932680606842,0.7959185242652893
5,42,41,36,kl,80.92,-0.0799999999999983,0.6140352487564087,0.4932829737663269,1.1111277341842651
5,42,42,37,ce,80.72,-0.20000000000000284,0.24543173611164093,0.3517579138278961,1.8177295923233032
5,42,43,38,kl,80.36,-0.35999999999999943,0.5310481786727905,0.5080455541610718,1.1410000324249268
5,42,44,39,kl,81.52,1.1599999999999966,0.36968517303466797,0.4432453513145447,0.9517018795013428
5,42,45,40,kl,80.36,-1.1599999999999966,0.579670786857605,0.5039666295051575,1.004749059677124
5,42,46,41,kl,81.54,1.1800000000000068,0.4627200961112976,0.4898986220359802,1.0162545442581177
5,42,47,42,kl,80.78,-0.7600000000000051,0.3731790781021118,0.4508175551891327,0.843881368637085
5,42,48,43,ce,80.86,0.0799999999999983,0.12703444063663483,0.35032251477241516,1.7071691751480103
5,42,49,44,kl,81.58,0.7199999999999989,0.4623798131942749,0.4525730311870575,0.7803652286529541
5,42,50,45,kl,80.76,-0.8199999999999932,0.5475926995277405,0.47781267762184143,0.7778768539428711
5,42,51,46,kl,81.98,1.2199999999999989,0.4824199378490448,0.4921647012233734,0.9915394186973572
5,42,52,47,kl,80.16,-1.8200000000000074,0.6630564332008362,0.5398266911506653,1.3550539016723633
5,42,53,48,kl,81.32,1.1599999999999966,0.45909538865089417,0.4752453863620758,1.073391079902649
5,42,54,49,ce,82.86,1.5400000000000063,0.20713642239570618,0.30739155411720276,2.031536817550659
5,42,55,50,kl,79.6,-3.260000000000005,0.5765342712402344,0.4763238728046417,0.9982950687408447
5,42,56,51,kl,81.3,1.7000000000000028,0.4860035479068756,0.46804308891296387,0.8290833234786987
5,42,57,52,kl,81.5,0.20000000000000284,0.533693790435791,0.4843378961086273,0.8969542980194092
5,42,58,53,kl,80.94,-0.5600000000000023,0.6594651937484741,0.5452499389648438,0.954858124256134
5,42,59,54,kl,79.14,-1.7999999999999972,0.4345054626464844,0.4632059633731842,1.010425329208374
5,42,60,55,ce,81.98,2.8400000000000034,0.24850602447986603,0.34431877732276917,1.9416732788085938
5,42,61,56,kl,82.38,0.3999999999999915,0.5039693713188171,0.48302459716796875,0.9960495233535767
5,42,62,57,kl,79.48,-2.8999999999999915,0.4945235252380371,0.505869448184967,1.0790965557098389
5,42,63,58,kl,82.3,2.819999999999993,0.5525306463241577,0.47291791439056396,0.814701497554779
5,42,64,59,kl,79.52,-2.780000000000001,0.6324645280838013,0.5757203698158264,1.1374800205230713
5,42,65,60,kl,81.96,2.4399999999999977,0.42376840114593506,0.4746962785720825,1.029419183731079
5,42,66,61,ce,81.82,-0.14000000000000057,0.17927658557891846,0.3227720856666565,1.7620636224746704
5,42,67,62,kl,85.32,3.5,0.22639042139053345,0.38883063197135925,0.6313334703445435
5,42,68,63,kl,85.76,0.44000000000001194,0.328090637922287,0.40174728631973267,0.6407307982444763
5,42,69,64,kl,85.7,-0.060000000000002274,0.3043559193611145,0.41307398676872253,0.6785812377929688
5,42,70,65,kl,85.98,0.28000000000000114,0.24340057373046875,0.39129307866096497,0.6596960425376892
5,42,71,66,kl,85.96,-0.020000000000010232,0.26375114917755127,0.4041038751602173,0.6461896300315857
5,42,72,67,ce,86.02,0.060000000000002274,0.030895086005330086,0.3067931532859802,1.5251142978668213
5,42,73,68,kl,86.26,0.2400000000000091,0.2844136953353882,0.41861578822135925,0.6847473978996277
5,42,74,69,kl,85.88,-0.38000000000000966,0.24013403058052063,0.4052424728870392,0.6960465312004089
5,42,75,70,kl,86.18,0.30000000000001137,0.2741619050502777,0.4133065342903137,0.7211458086967468
5,42,76,71,kl,86.22,0.03999999999999204,0.3010883033275604,0.42397603392601013,0.715644359588623
5,42,77,72,kl,86.64,0.4200000000000017,0.22880767285823822,0.41711243987083435,0.6886860728263855
5,42,78,73,ce,86.12,-0.519999999999996,0.109229177236557,0.357243150472641,1.4266836643218994
5,42,79,74,kl,86.32,0.19999999999998863,0.3746941089630127,0.4499668776988983,0.7774547934532166
5,42,80,75,kl,86.4,0.0800000000000125,0.29548516869544983,0.44470930099487305,0.7775221467018127
5,42,81,76,kl,86.54,0.14000000000000057,0.25300976634025574,0.44852885603904724,0.7029746770858765
5,42,82,77,kl,86.34,-0.20000000000000284,0.3035566806793213,0.45636364817619324,0.8258039355278015
5,42,83,78,kl,86.24,-0.10000000000000853,0.2742214798927307,0.44760268926620483,0.7216768264770508
5,42,84,79,ce,86.3,0.060000000000002274,0.08421378582715988,0.3769635856151581,1.3794636726379395
5,42,85,80,kl,86.3,0.0,0.22038449347019196,0.4481714069843292,0.7382861971855164
5,42,86,81,kl,86.48,0.18000000000000682,0.3007296621799469,0.46676063537597656,0.7687063217163086
5,42,87,82,kl,86.72,0.23999999999999488,0.3036583960056305,0.464302122592926,0.7977226376533508
5,42,88,83,kl,86.34,-0.37999999999999545,0.39248770475387573,0.5005708336830139,0.9134830832481384
5,42,89,84,kl,86.18,-0.1599999999999966,0.3168359398841858,0.4789137840270996,0.7951749563217163
5,42,90,85,ce,86.48,0.29999999999999716,0.07343193888664246,0.4046507775783539,1.463078498840332
5,42,91,86,kl,86.2,-0.28000000000000114,0.26688697934150696,0.4801804721355438,0.7946774363517761
5,42,92,87,kl,86.34,0.14000000000000057,0.2617705464363098,0.48268455266952515,0.7366144061088562
5,42,93,88,kl,86.3,-0.04000000000000625,0.2867876887321472,0.4941490590572357,0.7131529450416565
5,42,94,89,kl,86.72,0.4200000000000017,0.2927202582359314,0.5034558773040771,0.8085240721702576
5,42,95,90,kl,86.42,-0.29999999999999716,0.3735119104385376,0.5214033722877502,0.8348861932754517
5,42,96,91,ce,86.72,0.29999999999999716,0.11445687711238861,0.42488715052604675,1.6077511310577393
5,42,97,92,kl,87.12,0.4000000000000057,0.22952476143836975,0.49761518836021423,0.7861801385879517
5,42,98,93,kl,87.14,0.01999999999999602,0.2602633535861969,0.5030186176300049,0.7938573360443115
5,42,99,94,kl,86.96,-0.18000000000000682,0.2838822901248932,0.50450599193573,0.8184472918510437
5,42,100,95,kl,86.9,-0.05999999999998806,0.26231104135513306,0.501763105392456,0.7850555181503296
5,42,101,96,kl,86.98,0.0799999999999983,0.25166428089141846,0.49957555532455444,0.7656379342079163
5,42,102,97,ce,86.86,-0.12000000000000455,0.10634677857160568,0.447366863489151,1.1667693853378296
5,42,103,98,kl,86.82,-0.04000000000000625,0.27419042587280273,0.5054721832275391,0.7932703495025635
5,42,104,99,kl,87.1,0.28000000000000114,0.30489787459373474,0.5130202174186707,0.8183625936508179
5,42,105,100,kl,86.72,-0.37999999999999545,0.27724480628967285,0.5081674456596375,0.8245159983634949
5,42,106,101,kl,86.84,0.12000000000000455,0.2689135670661926,0.5070695281028748,0.7960283160209656
5,42,107,102,kl,86.94,0.09999999999999432,0.28153038024902344,0.5059781074523926,0.8005836606025696
5,42,108,103,ce,87.06,0.12000000000000455,0.09856221824884415,0.44510871171951294,1.1912833452224731
5,42,109,104,kl,87.0,-0.060000000000002274,0.2582288682460785,0.5040926337242126,0.806000292301178
5,42,110,105,kl,86.82,-0.18000000000000682,0.2842309772968292,0.5101386904716492,0.8071048259735107
5,42,111,106,kl,86.76,-0.05999999999998806,0.30370280146598816,0.5148915648460388,0.8212713599205017
5,42,112,107,kl,86.7,-0.060000000000002274,0.26497358083724976,0.5098146200180054,0.8146846294403076
5,42,113,108,kl,87.04,0.3400000000000034,0.26714327931404114,0.5113150477409363,0.7879066467285156
5,42,114,109,ce,86.76,-0.28000000000000114,0.09888725727796555,0.4494973421096802,1.2244809865951538
5,42,115,110,kl,86.66,-0.10000000000000853,0.2919688820838928,0.5180374979972839,0.8227449655532837
5,42,116,111,kl,86.84,0.18000000000000682,0.30095890164375305,0.520378828048706,0.8197298645973206
5,42,117,112,kl,86.98,0.14000000000000057,0.30293184518814087,0.5191941857337952,0.812997579574585
5,42,118,113,kl,86.72,-0.2600000000000051,0.29540368914604187,0.5205852389335632,0.8155303597450256
5,42,119,114,kl,86.92,0.20000000000000284,0.30689555406570435,0.5273705124855042,0.8709274530410767
5,42,120,115,ce,86.94,0.01999999999999602,0.0777367502450943,0.4517095386981964,1.2314034700393677
5,456,1,-4,kl,38.88,29.200000000000003,0.4824438691139221,0.7156639099121094,1.1819918155670166
5,456,2,-3,kl,45.32,6.439999999999998,0.5967932939529419,0.6747978329658508,1.359810471534729
5,456,3,-2,kl,56.9,11.579999999999998,0.6256009340286255,0.5993338823318481,1.4776279926300049
5,456,4,-1,kl,62.46,5.560000000000002,0.31388479471206665,0.5060144066810608,1.0732671022415161
5,456,5,0,kl,65.46,2.999999999999993,0.4456299841403961,0.5391985177993774,1.0055537223815918
5,456,6,1,ce,71.82,6.359999999999999,0.2628192603588104,0.24221158027648926,1.8479083776474
5,456,7,2,kl,67.56,-4.259999999999991,0.6523296236991882,0.601282000541687,1.3165825605392456
5,456,8,3,kl,71.3,3.739999999999995,0.7767384052276611,0.6033631563186646,1.4564944505691528
5,456,9,4,kl,73.76,2.460000000000008,0.44199299812316895,0.4574664533138275,1.0156543254852295
5,456,10,5,kl,74.0,0.23999999999999488,0.7389506101608276,0.6103704571723938,1.1719800233840942
5,456,11,6,kl,75.94,1.9399999999999977,0.6356990933418274,0.485826313495636,0.9151521921157837
5,456,12,7,ce,77.8,1.8599999999999994,0.18195241689682007,0.26400527358055115,1.6841076612472534
5,456,13,8,kl,76.76,-1.039999999999992,0.5542697906494141,0.45202943682670593,1.0166438817977905
5,456,14,9,kl,75.92,-0.8400000000000034,0.6938104629516602,0.5629822611808777,1.2046531438827515
5,456,15,10,kl,76.3,0.37999999999999545,0.49836045503616333,0.4860905706882477,0.8806878328323364
5,456,16,11,kl,77.94,1.6400000000000006,0.5461115837097168,0.4492531418800354,0.7672385573387146
5,456,17,12,kl,76.7,-1.2399999999999949,0.6790145635604858,0.5171675086021423,0.9550246000289917
5,456,18,13,ce,80.08,3.3799999999999955,0.25486308336257935,0.2770680785179138,1.7147566080093384
5,456,19,14,kl,78.26,-1.8199999999999932,0.47862768173217773,0.45394250750541687,0.9345222115516663
5,456,20,15,kl,79.26,1.0,0.45141100883483887,0.439527302980423,0.961368978023529
5,456,21,16,kl,79.92,0.6599999999999966,0.5446511507034302,0.4293897747993469,0.8792181611061096
5,456,22,17,kl,78.98,-0.9399999999999977,0.3927035331726074,0.4323880076408386,0.8954802751541138
5,456,23,18,kl,80.22,1.2399999999999949,0.4282260537147522,0.4267933964729309,0.7745636105537415
5,456,24,19,ce,80.7,0.480000000000004,0.190498948097229,0.27824485301971436,1.7201179265975952
5,456,25,20,kl,78.6,-2.1000000000000085,0.6179240942001343,0.5237688422203064,0.9944671392440796
5,456,26,21,kl,77.56,-1.039999999999992,0.7008394598960876,0.547189474105835,0.98722904920578
5,456,27,22,kl,79.88,2.319999999999993,0.610916018486023,0.4804893434047699,1.0536116361618042
5,456,28,23,kl,80.34,0.46000000000000796,0.6986141204833984,0.551678478717804,1.163195013999939
5,456,29,24,kl,79.54,-0.7999999999999972,0.5399675369262695,0.5205544829368591,0.9695658087730408
5,456,30,25,ce,80.06,0.519999999999996,0.3054344058036804,0.3775703012943268,1.8714139461517334
5,456,31,26,kl,79.62,-0.4399999999999977,0.5565166473388672,0.45442670583724976,0.8448343873023987
5,456,32,27,kl,80.78,1.1599999999999966,0.5026230812072754,0.4561332166194916,0.8803859949111938
5,456,33,28,kl,79.12,-1.6599999999999966,0.5904397964477539,0.5014069676399231,0.8520124554634094
5,456,34,29,kl,79.86,0.7399999999999949,0.45541369915008545,0.440952330827713,0.7642865180969238
5,456,35,30,kl,79.86,0.0,0.6083472371101379,0.4837177097797394,0.8595420122146606
5,456,36,31,ce,81.18,1.3200000000000074,0.23025527596473694,0.32784467935562134,1.7026395797729492
5,456,37,32,kl,80.34,-0.8400000000000034,0.5795704126358032,0.5092790126800537,0.953449010848999
5,456,38,33,kl,79.16,-1.1800000000000068,0.6191948652267456,0.5224063992500305,0.9563496112823486
5,456,39,34,kl,79.68,0.5200000000000102,0.635722815990448,0.5307132601737976,0.9140734672546387
5,456,40,35,kl,80.76,1.0799999999999983,0.5200614333152771,0.44785866141319275,0.7553681135177612
5,456,41,36,kl,81.0,0.23999999999999488,0.46494585275650024,0.459825724363327,0.9527897834777832
5,456,42,37,ce,81.22,0.21999999999999886,0.2562745213508606,0.3636496663093567,1.684953212738037
5,456,43,38,kl,79.16,-2.0600000000000023,0.7340218424797058,0.6012260317802429,1.2001398801803589
5,456,44,39,kl,81.62,2.460000000000008,0.6570595502853394,0.49976709485054016,0.8763301968574524
5,456,45,40,kl,80.64,-0.980000000000004,0.4515419006347656,0.487942099571228,0.9589905142784119
5,456,46,41,kl,80.82,0.1799999999999926,0.34512513875961304,0.44357797503471375,0.826112687587738
5,456,47,42,kl,76.64,-4.179999999999993,0.7809016704559326,0.683455228805542,1.3544609546661377
5,456,48,43,ce,81.44,4.799999999999997,0.27455633878707886,0.33204132318496704,1.8314415216445923
5,456,49,44,kl,81.08,-0.35999999999999943,0.5324026346206665,0.44853246212005615,0.7966958284378052
5,456,50,45,kl,79.56,-1.519999999999996,0.682466447353363,0.5633671283721924,1.2282707691192627
5,456,51,46,kl,79.62,0.060000000000002274,0.5803380012512207,0.5182179808616638,0.8788532614707947
5,456,52,47,kl,79.84,0.21999999999999886,0.5918718576431274,0.5538015961647034,1.1842840909957886
5,456,53,48,kl,81.68,1.8400000000000034,0.6293067932128906,0.49984025955200195,1.0621733665466309
5,456,54,49,ce,79.56,-2.1200000000000045,0.2916736900806427,0.40488094091415405,1.6459555625915527
5,456,55,50,kl,81.74,2.1799999999999926,0.6609437465667725,0.5070647597312927,0.9134142398834229
5,456,56,51,kl,81.86,0.12000000000000455,0.6341862678527832,0.5208711624145508,1.124446153640747
5,456,57,52,kl,80.74,-1.1200000000000045,0.7076718807220459,0.5580446124076843,1.0574549436569214
5,456,58,53,kl,79.88,-0.8599999999999994,0.7316886782646179,0.6193516850471497,1.1832959651947021
5,456,59,54,kl,81.96,2.0799999999999983,0.6515010595321655,0.47958433628082275,0.9329125881195068
5,456,60,55,ce,81.84,-0.11999999999999034,0.26126784086227417,0.3365189731121063,1.6182647943496704
5,456,61,56,kl,79.54,-2.299999999999997,0.6500434875488281,0.5311898589134216,1.144966959953308
5,456,62,57,kl,82.62,3.0799999999999983,0.4260977506637573,0.42861461639404297,0.8036139011383057
5,456,63,58,kl,81.44,-1.1800000000000068,0.5805362462997437,0.5164602398872375,0.9550895690917969
5,456,64,59,kl,81.82,0.37999999999999545,0.5791873335838318,0.47202205657958984,1.0029767751693726
5,456,65,60,kl,82.12,0.30000000000001137,0.5910146236419678,0.504784345626831,1.0178797245025635
5,456,66,61,ce,82.82,0.6999999999999886,0.298744261264801,0.361668199300766,1.8383253812789917
5,456,67,62,kl,85.46,2.6400000000000006,0.4086107313632965,0.4307691752910614,0.6653029918670654
5,456,68,63,kl,85.22,-0.23999999999999488,0.37729424238204956,0.41974014043807983,0.6356527209281921
5,456,69,64,kl,85.32,0.09999999999999432,0.431185781955719,0.4294283092021942,0.6365330219268799
5,456,70,65,kl,85.58,0.2600000000000051,0.39613842964172363,0.4312044680118561,0.708820104598999
5,456,71,66,kl,85.44,-0.14000000000000057,0.355835497379303,0.4164961278438568,0.6622427105903625
5,456,72,67,ce,85.82,0.37999999999999545,0.14091607928276062,0.3464450240135193,1.3346068859100342
5,456,73,68,kl,85.44,-0.37999999999999545,0.42386794090270996,0.4343383312225342,0.6202400922775269
5,456,74,69,kl,85.68,0.2400000000000091,0.4174712002277374,0.4417914152145386,0.7099851369857788
5,456,75,70,kl,85.64,-0.04000000000000625,0.3493404984474182,0.4347086548805237,0.7068140506744385
5,456,76,71,kl,85.6,-0.04000000000000625,0.37475407123565674,0.43604138493537903,0.7211963534355164
5,456,77,72,kl,85.42,-0.1799999999999926,0.3670893609523773,0.4325440526008606,0.6420939564704895
5,456,78,73,ce,85.8,0.37999999999999545,0.13027846813201904,0.36216720938682556,1.2679407596588135
5,456,79,74,kl,85.62,-0.1799999999999926,0.40396371483802795,0.44903650879859924,0.6723945736885071
5,456,80,75,kl,85.38,-0.2400000000000091,0.44487524032592773,0.46072983741760254,0.7481427788734436
5,456,81,76,kl,85.86,0.480000000000004,0.37128522992134094,0.45617735385894775,0.8137241005897522
5,456,82,77,kl,85.54,-0.3199999999999932,0.3120807707309723,0.4382323920726776,0.7316687107086182
5,456,83,78,kl,85.66,0.11999999999999034,0.4077695906162262,0.4671006500720978,0.757110595703125
5,456,84,79,ce,86.04,0.38000000000000966,0.1337468922138214,0.3708031475543976,1.3355573415756226
5,456,85,80,kl,85.98,-0.060000000000002274,0.31580233573913574,0.456326425075531,0.7337237596511841
5,456,86,81,kl,85.54,-0.4399999999999977,0.3706400990486145,0.4765610098838806,0.7353386282920837
5,456,87,82,kl,85.76,0.21999999999999886,0.27762371301651,0.4556736648082733,0.7375153303146362
5,456,88,83,kl,85.78,0.01999999999999602,0.4910042881965637,0.5207863450050354,0.7984185218811035
5,456,89,84,kl,85.94,0.1599999999999966,0.43357062339782715,0.5031616687774658,0.8228667974472046
5,456,90,85,ce,85.66,-0.28000000000000114,0.21631690859794617,0.4075380265712738,1.4952517747879028
5,456,91,86,kl,85.98,0.3200000000000074,0.32775992155075073,0.4765166640281677,0.7875344753265381
5,456,92,87,kl,85.54,-0.4399999999999977,0.37819337844848633,0.5017340779304504,0.8076605200767517
5,456,93,88,kl,85.56,0.01999999999999602,0.3474496603012085,0.49389469623565674,0.8274227976799011
5,456,94,89,kl,85.88,0.3199999999999932,0.3889489769935608,0.5154328346252441,0.8179718255996704
5,456,95,90,kl,85.74,-0.14000000000000057,0.3134545683860779,0.5058650970458984,0.8396542072296143
5,456,96,91,ce,85.38,-0.35999999999999943,0.1937788873910904,0.4573565125465393,1.278340220451355
5,456,97,92,kl,85.9,0.5200000000000102,0.3679427206516266,0.514114260673523,0.7979910969734192
5,456,98,93,kl,86.14,0.23999999999999488,0.3660809099674225,0.5147897601127625,0.7928527593612671
5,456,99,94,kl,85.86,-0.28000000000000114,0.35745152831077576,0.5108186602592468,0.7949418425559998
5,456,100,95,kl,85.8,-0.060000000000002274,0.3554421663284302,0.5085618495941162,0.8023207187652588
5,456,101,96,kl,85.96,0.1599999999999966,0.3618386387825012,0.5119807720184326,0.8033668398857117
5,456,102,97,ce,86.32,0.35999999999999943,0.15088853240013123,0.44068849086761475,1.0809125900268555
5,456,103,98,kl,86.02,-0.29999999999999716,0.35865843296051025,0.5100976228713989,0.8069418668746948
5,456,104,99,kl,85.98,-0.03999999999999204,0.3822196424007416,0.525857150554657,0.8236252665519714
5,456,105,100,kl,85.92,-0.060000000000002274,0.35300058126449585,0.5139064788818359,0.8044138550758362
5,456,106,101,kl,86.14,0.21999999999999886,0.34565722942352295,0.5091392397880554,0.798076331615448
5,456,107,102,kl,85.86,-0.28000000000000114,0.3545978367328644,0.517270565032959,0.8033946752548218
5,456,108,103,ce,86.1,0.23999999999999488,0.1925971359014511,0.46164625883102417,1.1083486080169678
5,456,109,104,kl,86.02,-0.0799999999999983,0.3734439015388489,0.519592821598053,0.8171643614768982
5,456,110,105,kl,86.18,0.1600000000000108,0.38708817958831787,0.5248981714248657,0.8293066620826721
5,456,111,106,kl,86.14,-0.04000000000000625,0.3797578811645508,0.5286775827407837,0.8387313485145569
5,456,112,107,kl,86.18,0.04000000000000625,0.3617393374443054,0.5201615691184998,0.8053863048553467
5,456,113,108,kl,86.02,-0.1600000000000108,0.35493865609169006,0.5225188136100769,0.8033083081245422
5,456,114,109,ce,86.24,0.21999999999999886,0.14457906782627106,0.4434458613395691,1.1067332029342651
5,456,115,110,kl,86.14,-0.09999999999999432,0.37638893723487854,0.5229844450950623,0.8369339108467102
5,456,116,111,kl,86.02,-0.12000000000000455,0.41130849719047546,0.5351018309593201,0.8352283835411072
5,456,117,112,kl,86.0,-0.01999999999999602,0.365775465965271,0.5189192295074463,0.8139184713363647
5,456,118,113,kl,86.0,0.0,0.38262537121772766,0.5291929841041565,0.8377215266227722
5,456,119,114,kl,85.96,-0.04000000000000625,0.384652704000473,0.5332305431365967,0.8390955924987793
5,456,120,115,ce,86.28,0.3200000000000074,0.13453426957130432,0.4395783245563507,1.1455802917480469
5,789,1,-4,kl,41.6,32.22,0.7175809144973755,0.8171578645706177,1.7170233726501465
5,789,2,-3,kl,48.6,7.0,0.6583791971206665,0.7332697510719299,1.4635035991668701
5,789,3,-2,kl,62.06,13.46,0.7196786403656006,0.5406827926635742,1.2652630805969238
5,789,4,-1,kl,69.14,7.079999999999998,0.5678180456161499,0.430714875459671,1.0157923698425293
5,789,5,0,kl,70.56,1.4200000000000017,0.478264719247818,0.44036513566970825,0.9040332436561584
5,789,6,1,ce,73.78,3.219999999999999,0.4354091286659241,0.2361167073249817,2.0805511474609375
5,789,7,2,kl,72.46,-1.3200000000000074,0.5257517099380493,0.4352889657020569,1.0262666940689087
5,789,8,3,kl,74.66,2.200000000000003,0.43009379506111145,0.39558687806129456,0.9811826944351196
5,789,9,4,kl,76.54,1.8800000000000097,0.6208454370498657,0.4575020670890808,1.128919005393982
5,789,10,5,kl,77.04,0.5,0.6483674645423889,0.49144062399864197,0.9653490781784058
5,789,11,6,kl,77.12,0.0799999999999983,0.5287942290306091,0.4428330659866333,1.05209219455719
5,789,12,7,ce,77.84,0.7199999999999989,0.2888258993625641,0.3189671039581299,1.9299319982528687
5,789,13,8,kl,77.88,0.03999999999999204,0.5907270908355713,0.5130014419555664,1.2260923385620117
5,789,14,9,kl,76.42,-1.4599999999999937,0.559670090675354,0.5037213563919067,1.316900610923767
5,789,15,10,kl,79.3,2.8799999999999955,0.3221234083175659,0.38696372509002686,1.0566792488098145
5,789,16,11,kl,78.24,-1.0600000000000023,0.6745455265045166,0.49098119139671326,0.9228526949882507
5,789,17,12,kl,75.5,-2.739999999999995,0.7101267576217651,0.5713906288146973,1.3076586723327637
5,789,18,13,ce,78.82,3.319999999999993,0.34950923919677734,0.3450267016887665,1.8739902973175049
5,789,19,14,kl,79.72,0.9000000000000057,0.4406236410140991,0.3997485935688019,0.9137296676635742
5,789,20,15,kl,80.58,0.8599999999999994,0.5776801109313965,0.47167620062828064,0.8387733697891235
5,789,21,16,kl,79.86,-0.7199999999999989,0.4104756712913513,0.43773970007896423,1.0239332914352417
5,789,22,17,kl,80.5,0.6400000000000006,0.31840962171554565,0.37915489077568054,0.9201398491859436
5,789,23,18,kl,79.04,-1.4599999999999937,0.4130445718765259,0.4379979968070984,1.10191011428833
5,789,24,19,ce,80.26,1.2199999999999989,0.2554556727409363,0.3414773941040039,1.9821062088012695
5,789,25,20,kl,79.42,-0.8400000000000034,0.6232984066009521,0.4703381061553955,0.9583292007446289
5,789,26,21,kl,80.46,1.039999999999992,0.39044785499572754,0.41056373715400696,0.9825117588043213
5,789,27,22,kl,80.28,-0.1799999999999926,0.5087158679962158,0.41575875878334045,0.7529734373092651
5,789,28,23,kl,80.62,0.3400000000000034,0.25629299879074097,0.39089494943618774,1.032304286956787
5,789,29,24,kl,81.02,0.3999999999999915,0.35511890053749084,0.3892398178577423,0.9015278816223145
5,789,30,25,ce,81.02,0.0,0.25728848576545715,0.31539592146873474,1.977890968322754
5,789,31,26,kl,80.3,-0.7199999999999989,0.40544068813323975,0.3877371549606323,0.9593478441238403
5,789,32,27,kl,80.52,0.21999999999999886,0.5387545824050903,0.47581610083580017,0.8693275451660156
5,789,33,28,kl,81.52,1.0,0.6565896272659302,0.5181840658187866,1.086324691772461
5,789,34,29,kl,80.96,-0.5600000000000023,0.6686474084854126,0.5853394865989685,1.3399837017059326
5,789,35,30,kl,79.14,-1.8199999999999932,0.559516966342926,0.46415501832962036,0.9062151312828064
5,789,36,31,ce,80.04,0.9000000000000057,0.36554092168807983,0.3678897023200989,1.8509987592697144
5,789,37,32,kl,80.94,0.8999999999999915,0.4452000856399536,0.4398033916950226,1.1079075336456299
5,789,38,33,kl,80.36,-0.5799999999999983,0.5865478515625,0.5009560585021973,1.0159064531326294
5,789,39,34,kl,79.44,-0.9200000000000017,0.5415639877319336,0.43234220147132874,0.9234834313392639
5,789,40,35,kl,81.68,2.240000000000009,0.35042956471443176,0.3793022334575653,0.7940350770950317
5,789,41,36,kl,80.86,-0.8200000000000074,0.4947921633720398,0.4495876133441925,0.9595677256584167
5,789,42,37,ce,79.5,-1.3599999999999994,0.2549542188644409,0.32597267627716064,1.657172441482544
5,789,43,38,kl,80.58,1.0799999999999983,0.6436580419540405,0.495269775390625,1.0227113962173462
5,789,44,39,kl,80.2,-0.37999999999999545,0.47741836309432983,0.4688646197319031,0.8888192176818848
5,789,45,40,kl,80.26,0.060000000000002274,0.5739725828170776,0.4881206154823303,1.0255697965621948
5,789,46,41,kl,80.2,-0.060000000000002274,0.5197010040283203,0.4279573857784271,1.0059517621994019
5,789,47,42,kl,81.22,1.019999999999996,0.45407092571258545,0.4408155679702759,0.9541963934898376
5,789,48,43,ce,81.02,-0.20000000000000284,0.2876444160938263,0.32496383786201477,1.8406203985214233
5,789,49,44,kl,81.22,0.20000000000000284,0.4794893264770508,0.4337926208972931,1.0210362672805786
5,789,50,45,kl,81.18,-0.03999999999999204,0.5735048055648804,0.4787462651729584,1.0145840644836426
5,789,51,46,kl,80.74,-0.44000000000001194,0.4986860752105713,0.45918652415275574,1.0667802095413208
5,789,52,47,kl,82.2,1.460000000000008,0.2412877082824707,0.40775546431541443,0.980868935585022
5,789,53,48,kl,80.72,-1.480000000000004,0.5086954832077026,0.43149533867836,1.150120496749878
5,789,54,49,ce,81.06,0.3400000000000034,0.3658449649810791,0.3570019602775574,2.0744833946228027
5,789,55,50,kl,81.54,0.480000000000004,0.5688179731369019,0.47579020261764526,1.0940803289413452
5,789,56,51,kl,80.62,-0.9200000000000017,0.5430639982223511,0.5003046989440918,1.197313904762268
5,789,57,52,kl,81.3,0.6799999999999926,0.571921706199646,0.45792946219444275,1.0650759935379028
5,789,58,53,kl,80.68,-0.6199999999999903,0.5896104574203491,0.47557878494262695,1.0321338176727295
5,789,59,54,kl,82.26,1.5799999999999983,0.627810001373291,0.48632335662841797,0.8871890902519226
5,789,60,55,ce,82.0,-0.2600000000000051,0.299372136592865,0.31452202796936035,1.894065022468567
5,789,61,56,kl,81.84,-0.1599999999999966,0.6269776821136475,0.5262812376022339,1.004969835281372
5,789,62,57,kl,81.58,-0.2600000000000051,0.5603852272033691,0.4837777316570282,0.999763548374176
5,789,63,58,kl,80.32,-1.2600000000000051,0.44949764013290405,0.4308178126811981,1.120708703994751
5,789,64,59,kl,82.28,1.960000000000008,0.4359995722770691,0.4155879318714142,0.8960109353065491
5,789,65,60,kl,82.86,0.5799999999999983,0.4659283757209778,0.4396652281284332,0.8467526435852051
5,789,66,61,ce,80.34,-2.519999999999996,0.37851443886756897,0.34744447469711304,2.0538506507873535
5,789,67,62,kl,84.9,4.560000000000002,0.34148484468460083,0.380872517824173,0.7558311820030212
5,789,68,63,kl,85.16,0.2599999999999909,0.33382996916770935,0.37782084941864014,0.6990719437599182
5,789,69,64,kl,85.14,-0.01999999999999602,0.3791828155517578,0.3995599150657654,0.7445948123931885
5,789,70,65,kl,85.22,0.0799999999999983,0.3886069655418396,0.4039679169654846,0.7962624430656433
5,789,71,66,kl,85.08,-0.14000000000000057,0.3946435749530792,0.4145541191101074,0.8491392731666565
5,789,72,67,ce,85.34,0.2600000000000051,0.268369197845459,0.3678794503211975,1.3100101947784424
5,789,73,68,kl,85.34,0.0,0.38439711928367615,0.41311338543891907,0.8924105167388916
5,789,74,69,kl,85.08,-0.2600000000000051,0.3820153772830963,0.42715001106262207,0.8745815753936768
5,789,75,70,kl,85.2,0.12000000000000455,0.41694408655166626,0.4322364032268524,0.8814232349395752
5,789,76,71,kl,85.04,-0.1599999999999966,0.3847372531890869,0.42942577600479126,0.840737521648407
5,789,77,72,kl,85.42,0.37999999999999545,0.3857501447200775,0.421966552734375,0.855613648891449
5,789,78,73,ce,85.22,-0.20000000000000284,0.3308899998664856,0.3865305185317993,1.4158167839050293
5,789,79,74,kl,85.06,-0.1599999999999966,0.41872361302375793,0.4383193850517273,0.963046133518219
5,789,80,75,kl,85.2,0.14000000000000057,0.3807031512260437,0.44186630845069885,0.9341176152229309
5,789,81,76,kl,84.76,-0.4399999999999977,0.36442333459854126,0.43986910581588745,0.8397893905639648
5,789,82,77,kl,85.24,0.47999999999998977,0.3773497939109802,0.4447832703590393,0.8933578729629517
5,789,83,78,kl,85.06,-0.1799999999999926,0.4172241687774658,0.4620620012283325,0.9360079169273376
5,789,84,79,ce,85.22,0.1599999999999966,0.31390923261642456,0.39717161655426025,1.4298492670059204
5,789,85,80,kl,85.14,-0.0799999999999983,0.35184454917907715,0.43654802441596985,0.8244668841362
5,789,86,81,kl,84.94,-0.20000000000000284,0.4120698571205139,0.4722880721092224,0.9511035084724426
5,789,87,82,kl,85.2,0.2600000000000051,0.4302652180194855,0.48577195405960083,1.0224708318710327
5,789,88,83,kl,84.9,-0.29999999999999716,0.3647465705871582,0.4644091725349426,0.9122100472450256
5,789,89,84,kl,85.18,0.28000000000000114,0.4355899691581726,0.5106936097145081,0.9895585179328918
5,789,90,85,ce,84.98,-0.20000000000000284,0.33645308017730713,0.4183579683303833,1.4669708013534546
5,789,91,86,kl,85.1,0.11999999999999034,0.4480852484703064,0.4967157244682312,1.0636252164840698
5,789,92,87,kl,85.18,0.0800000000000125,0.3929769694805145,0.47947922348976135,0.9058818817138672
5,789,93,88,kl,85.0,-0.18000000000000682,0.44369909167289734,0.5141727924346924,1.0478256940841675
5,789,94,89,kl,85.02,0.01999999999999602,0.43580660223960876,0.5050891637802124,0.9580996632575989
5,789,95,90,kl,84.88,-0.14000000000000057,0.43261590600013733,0.5208956599235535,1.1495745182037354
5,789,96,91,ce,85.16,0.28000000000000114,0.38357216119766235,0.48594799637794495,1.4708703756332397
5,789,97,92,kl,85.48,0.3200000000000074,0.39998945593833923,0.5054094791412354,1.0087229013442993
5,789,98,93,kl,85.44,-0.04000000000000625,0.40675830841064453,0.5054188966751099,1.028549313545227
5,789,99,94,kl,85.34,-0.09999999999999432,0.4065033793449402,0.5080268979072571,1.0227320194244385
5,789,100,95,kl,85.24,-0.10000000000000853,0.3879026770591736,0.5004042387008667,0.9894548058509827
5,789,101,96,kl,85.3,0.060000000000002274,0.41201990842819214,0.5126885771751404,1.0217541456222534
5,789,102,97,ce,85.42,0.12000000000000455,0.3501294255256653,0.4801441729068756,1.2356581687927246
5,789,103,98,kl,85.36,-0.060000000000002274,0.40673577785491943,0.5132659077644348,1.046765685081482
5,789,104,99,kl,85.16,-0.20000000000000284,0.4023563265800476,0.5114272236824036,1.0485892295837402
5,789,105,100,kl,85.3,0.14000000000000057,0.41449132561683655,0.5169997811317444,1.0649142265319824
5,789,106,101,kl,85.16,-0.14000000000000057,0.41062331199645996,0.51448655128479,1.0315766334533691
5,789,107,102,kl,85.18,0.020000000000010232,0.4185291528701782,0.5201489925384521,1.024079442024231
5,789,108,103,ce,85.5,0.3199999999999932,0.3637520670890808,0.4900844693183899,1.2606358528137207
5,789,109,104,kl,85.32,-0.18000000000000682,0.4144931435585022,0.5204023718833923,1.0202219486236572
5,789,110,105,kl,85.46,0.14000000000000057,0.3904685378074646,0.5084051489830017,1.0156686305999756
5,789,111,106,kl,85.18,-0.2799999999999869,0.39531052112579346,0.5167673826217651,1.0034551620483398
5,789,112,107,kl,85.5,0.3199999999999932,0.4200701117515564,0.5248826146125793,1.0604301691055298
5,789,113,108,kl,85.3,-0.20000000000000284,0.4238947331905365,0.5289230346679688,1.0713191032409668
5,789,114,109,ce,85.62,0.3200000000000074,0.36146795749664307,0.5002304911613464,1.281138300895691
5,789,115,110,kl,85.5,-0.12000000000000455,0.4203941226005554,0.5286062359809875,1.0550016164779663
5,789,116,111,kl,85.38,-0.12000000000000455,0.42308223247528076,0.5300308465957642,1.025705099105835
5,789,117,112,kl,85.36,-0.01999999999999602,0.4197753369808197,0.5338819026947021,1.0735523700714111
5,789,118,113,kl,85.34,-0.01999999999999602,0.4266113042831421,0.536029577255249,1.0655628442764282
5,789,119,114,kl,85.34,0.0,0.4299428462982178,0.5372228026390076,1.066996455192566
5,789,120,115,ce,85.3,-0.04000000000000625,0.3614659905433655,0.4995584785938263,1.3028278350830078
10,123,1,-9,kl,30.44,20.94,0.2853794991970062,0.5632303953170776,1.082793116569519
10,123,2,-8,kl,41.48,11.039999999999996,0.5365458130836487,0.6883959770202637,1.3657740354537964
10,123,3,-7,kl,53.38,11.900000000000006,0.4385550320148468,0.6551014184951782,1.3831180334091187
10,123,4,-6,kl,58.16,4.779999999999994,0.5667855143547058,0.6004102230072021,1.3063868284225464
10,123,5,-5,kl,63.34,5.180000000000007,0.3777540326118469,0.5024493932723999,1.2334623336791992
10,123,6,-4,kl,67.28,3.9399999999999977,0.5605376958847046,0.5169528126716614,1.116544485092163
10,123,7,-3,kl,68.9,1.6200000000000045,0.7275588512420654,0.5705661773681641,1.275957465171814
10,123,8,-2,kl,70.68,1.7800000000000011,0.5776810050010681,0.5245885252952576,1.1385056972503662
10,123,9,-1,kl,71.2,0.519999999999996,0.6439302563667297,0.5209982991218567,1.1903290748596191
10,123,10,0,kl,72.02,0.8199999999999932,0.49199002981185913,0.501044750213623,0.9451547861099243
10,123,11,1,ce,77.0,4.980000000000004,0.24881316721439362,0.21975255012512207,2.239588737487793
10,123,12,2,kl,72.26,-4.739999999999995,0.7026447653770447,0.5485647320747375,1.2057863473892212
10,123,13,3,kl,76.22,3.9599999999999937,0.5399627685546875,0.454697847366333,0.7643424272537231
10,123,14,4,kl,75.66,-0.5600000000000023,0.4547162652015686,0.46505028009414673,0.931893527507782
10,123,15,5,kl,75.06,-0.5999999999999943,0.5290288329124451,0.47510769963264465,1.1525650024414062
10,123,16,6,kl,76.26,1.2000000000000028,0.5456241369247437,0.4518040418624878,0.8416845202445984
10,123,17,7,kl,76.38,0.11999999999999034,0.6213375329971313,0.5004513263702393,1.0226773023605347
10,123,18,8,kl,77.56,1.1800000000000068,0.4109499752521515,0.46082308888435364,0.8719403147697449
10,123,19,9,kl,78.12,0.5600000000000023,0.49046778678894043,0.45369526743888855,0.8353860378265381
10,123,20,10,kl,78.42,0.29999999999999716,0.7680943012237549,0.5851175785064697,1.0624406337738037
10,123,21,11,kl,77.66,-0.7600000000000051,0.6165342330932617,0.547189474105835,1.2308199405670166
10,123,22,12,ce,79.34,1.6800000000000068,0.12001597881317139,0.2514156401157379,2.000095844268799
10,123,23,13,kl,78.18,-1.1599999999999966,0.4710724949836731,0.45076242089271545,0.8827803730964661
10,123,24,14,kl,78.38,0.19999999999998863,0.34926965832710266,0.43726682662963867,0.9076093435287476
10,123,25,15,kl,77.86,-0.519999999999996,0.5750999450683594,0.4820961058139801,1.0410327911376953
10,123,26,16,kl,78.42,0.5600000000000023,0.5413997173309326,0.4982929825782776,0.9548467397689819
10,123,27,17,kl,76.14,-2.280000000000001,0.6787548661231995,0.5727686285972595,1.0219180583953857
10,123,28,18,kl,79.84,3.700000000000003,0.5405944585800171,0.48079901933670044,0.9197465777397156
10,123,29,19,kl,78.68,-1.1599999999999966,0.5019892454147339,0.4978506565093994,1.098956823348999
10,123,30,20,kl,79.96,1.279999999999987,0.29921066761016846,0.4330867826938629,0.8487335443496704
10,123,31,21,kl,77.8,-2.1599999999999966,0.5738421678543091,0.5549435019493103,1.156473994255066
10,123,32,22,kl,79.06,1.2600000000000051,0.5913982391357422,0.48044243454933167,0.9545071125030518
10,123,33,23,ce,80.98,1.9200000000000017,0.24829265475273132,0.26235106587409973,2.224125862121582
10,123,34,24,kl,79.4,-1.5799999999999983,0.4289931356906891,0.49484503269195557,1.0970863103866577
10,123,35,25,kl,78.94,-0.46000000000000796,0.4345020055770874,0.4442240595817566,0.8880618810653687
10,123,36,26,kl,78.88,-0.060000000000002274,0.6713167428970337,0.5616483688354492,1.0378953218460083
10,123,37,27,kl,80.72,1.8400000000000034,0.5766787528991699,0.47282806038856506,0.8235490918159485
10,123,38,28,kl,80.9,0.18000000000000682,0.7006029486656189,0.5120824575424194,0.9011267423629761
10,123,39,29,kl,79.34,-1.5600000000000023,0.6384546160697937,0.5353760123252869,1.1445344686508179
10,123,40,30,kl,79.54,0.20000000000000284,0.4186605215072632,0.4457714855670929,0.875679612159729
10,123,41,31,kl,78.92,-0.6200000000000045,0.6597373485565186,0.5083023905754089,0.9159321188926697
10,123,42,32,kl,78.58,-0.3400000000000034,0.6856986880302429,0.5849860906600952,1.2039076089859009
10,123,43,33,kl,80.18,1.6000000000000085,0.4918762743473053,0.482829213142395,0.935759961605072
10,123,44,34,ce,81.78,1.5999999999999943,0.16097718477249146,0.3027785122394562,2.0893874168395996
10,123,45,35,kl,77.06,-4.719999999999999,0.5722562670707703,0.5071117877960205,1.1110479831695557
10,123,46,36,kl,78.72,1.6599999999999966,0.571934700012207,0.5628544092178345,1.1214264631271362
10,123,47,37,kl,79.78,1.0600000000000023,0.6212294697761536,0.508165717124939,1.0190021991729736
10,123,48,38,kl,80.3,0.519999999999996,0.39494383335113525,0.47117868065834045,0.7188476920127869
10,123,49,39,kl,80.36,0.060000000000002274,0.5450422763824463,0.4845360517501831,0.9690965414047241
10,123,50,40,kl,79.66,-0.7000000000000028,0.48897236585617065,0.4797259569168091,1.1300427913665771
10,123,51,41,kl,78.72,-0.9399999999999977,0.6215184926986694,0.5047754645347595,1.0443769693374634
10,123,52,42,kl,80.72,2.0,0.6260582208633423,0.5314235687255859,0.9427360892295837
10,123,53,43,kl,78.26,-2.4599999999999937,0.5947760939598083,0.5771622061729431,1.227787971496582
10,123,54,44,kl,79.9,1.6400000000000006,0.5677542686462402,0.46978139877319336,0.9739471673965454
10,123,55,45,ce,81.7,1.7999999999999972,0.19258835911750793,0.3483600318431854,1.8793071508407593
10,123,56,46,kl,79.44,-2.260000000000005,0.5359385013580322,0.5165079832077026,1.0839037895202637
10,123,57,47,kl,79.58,0.14000000000000057,0.5062919855117798,0.5490884780883789,1.258982539176941
10,123,58,48,kl,80.94,1.3599999999999994,0.4209209680557251,0.45111793279647827,0.7583051323890686
10,123,59,49,kl,81.56,0.6200000000000045,0.3360394835472107,0.4497479796409607,1.0207884311676025
10,123,60,50,kl,80.76,-0.7999999999999972,0.5517175197601318,0.5029600262641907,0.8693247437477112
10,123,61,51,kl,81.3,0.539999999999992,0.27865368127822876,0.41559186577796936,0.8240978717803955
10,123,62,52,kl,81.58,0.28000000000000114,0.4955439567565918,0.455406129360199,0.8407726883888245
10,123,63,53,kl,81.28,-0.29999999999999716,0.4402344822883606,0.48799675703048706,0.9456982612609863
10,123,64,54,kl,80.88,-0.4000000000000057,0.639945924282074,0.5539395213127136,1.0699045658111572
10,123,65,55,kl,81.9,1.0200000000000102,0.5719419717788696,0.5277187824249268,0.9854737520217896
10,123,66,56,ce,81.78,-0.12000000000000455,0.18106456100940704,0.35691606998443604,1.8046760559082031
10,123,67,57,kl,80.24,-1.5400000000000063,0.6400467157363892,0.5510349869728088,0.9944031834602356
10,123,68,58,kl,80.14,-0.09999999999999432,0.5710998773574829,0.5710130333900452,1.3098503351211548
10,123,69,59,kl,79.86,-0.28000000000000114,0.345266729593277,0.48736175894737244,1.0800821781158447
10,123,70,60,kl,80.04,0.18000000000000682,0.5706321597099304,0.581545889377594,1.1399794816970825
10,123,71,61,kl,81.18,1.1400000000000006,0.4050719738006592,0.4714996814727783,0.8855842351913452
10,123,72,62,kl,80.02,-1.1600000000000108,0.6592720746994019,0.5623335838317871,1.189619779586792
10,123,73,63,kl,80.96,0.9399999999999977,0.5683934688568115,0.5262599587440491,0.9299851059913635
10,123,74,64,kl,80.74,-0.21999999999999886,0.5580760836601257,0.5162664651870728,1.1482129096984863
10,123,75,65,kl,80.48,-0.2599999999999909,0.43982481956481934,0.4853692054748535,0.9319201111793518
10,123,76,66,kl,81.9,1.4200000000000017,0.4610385000705719,0.4412209689617157,0.97637540102005
10,123,77,67,ce,82.32,0.4199999999999875,0.15827029943466187,0.2811475694179535,2.0506534576416016
10,123,78,68,kl,80.78,-1.539999999999992,0.5601977109909058,0.5212315320968628,1.1004010438919067
10,123,79,69,kl,81.2,0.4200000000000017,0.5168907046318054,0.47956064343452454,0.9218577742576599
10,123,80,70,kl,80.86,-0.3400000000000034,0.4236951470375061,0.4968147575855255,1.0684105157852173
10,123,81,71,kl,81.26,0.4000000000000057,0.47736886143684387,0.5143364071846008,1.0149160623550415
10,123,82,72,kl,79.8,-1.460000000000008,0.3106187880039215,0.44589748978614807,0.8972923755645752
10,123,83,73,kl,73.2,-6.599999999999994,0.3882923126220703,0.4714294970035553,0.9455671906471252
10,123,84,74,kl,81.72,8.519999999999996,0.36237332224845886,0.4492477476596832,0.8400512337684631
10,123,85,75,kl,80.96,-0.7600000000000051,0.5432409048080444,0.5023038387298584,0.8212131857872009
10,123,86,76,kl,80.86,-0.09999999999999432,0.6050452589988708,0.5387227535247803,1.0740782022476196
10,123,87,77,kl,81.68,0.8200000000000074,0.6006199717521667,0.5184031128883362,1.100167155265808
10,123,88,78,ce,81.48,-0.20000000000000284,0.1417744755744934,0.2908947467803955,1.9395393133163452
10,123,89,79,kl,81.14,-0.3400000000000034,0.38880911469459534,0.45517945289611816,0.9953527450561523
10,123,90,80,kl,80.32,-0.8200000000000074,0.4758894443511963,0.4833439588546753,0.9585278630256653
10,123,91,81,kl,80.8,0.480000000000004,0.5288716554641724,0.5078085064888,0.997349202632904
10,123,92,82,kl,76.44,-4.359999999999999,0.541419267654419,0.5314411520957947,1.1565552949905396
10,123,93,83,kl,81.4,4.960000000000008,0.6382107734680176,0.5757195353507996,1.104547142982483
10,123,94,84,kl,81.18,-0.21999999999999886,0.6661691069602966,0.5578606128692627,0.9891917109489441
10,123,95,85,kl,81.14,-0.04000000000000625,0.5280542969703674,0.5114480257034302,0.9685446619987488
10,123,96,86,kl,80.26,-0.8799999999999955,0.5496189594268799,0.5134468674659729,0.9399542212486267
10,123,97,87,kl,80.2,-0.060000000000002274,0.4009724259376526,0.4948022961616516,0.9192918539047241
10,123,98,88,kl,81.04,0.8400000000000034,0.44528496265411377,0.48452895879745483,0.9523377418518066
10,123,99,89,ce,82.34,1.2999999999999972,0.2272324413061142,0.27459824085235596,2.1904985904693604
10,123,100,90,kl,79.14,-3.200000000000003,0.611783504486084,0.58455491065979,1.3467096090316772
10,123,101,91,kl,80.92,1.7800000000000011,0.5463727116584778,0.5165376663208008,0.8407677412033081
10,123,102,92,kl,80.62,-0.29999999999999716,0.5400422215461731,0.5198734402656555,1.0173060894012451
10,123,103,93,kl,80.78,0.1599999999999966,0.5083872079849243,0.5113718509674072,0.9847055673599243
10,123,104,94,kl,81.82,1.039999999999992,0.4220655560493469,0.4569352865219116,0.8480008840560913
10,123,105,95,kl,81.86,0.04000000000000625,0.32827287912368774,0.451554536819458,0.9674919247627258
10,123,106,96,kl,79.82,-2.0400000000000063,0.5799116492271423,0.5100444555282593,1.045104742050171
10,123,107,97,kl,81.62,1.8000000000000114,0.5325637459754944,0.5084723234176636,0.7852295637130737
10,123,108,98,kl,79.72,-1.9000000000000057,0.4368414282798767,0.4745197892189026,1.0176349878311157
10,123,109,99,kl,81.54,1.8200000000000074,0.6070657968521118,0.5487439036369324,0.976545512676239
10,123,110,100,ce,81.88,0.3399999999999892,0.22607091069221497,0.32213857769966125,2.049600124359131
10,123,111,101,kl,77.4,-4.47999999999999,0.5824228525161743,0.558937132358551,1.3653749227523804
10,123,112,102,kl,79.56,2.1599999999999966,0.4172537624835968,0.44250258803367615,0.8538879156112671
10,123,113,103,kl,81.46,1.8999999999999915,0.517521321773529,0.4922938048839569,1.0109423398971558
10,123,114,104,kl,80.24,-1.2199999999999989,0.4304538667201996,0.4927908182144165,0.8678551316261292
10,123,115,105,kl,81.18,0.9400000000000119,0.5789350271224976,0.55398029088974,1.0481457710266113
10,123,116,106,kl,81.56,0.37999999999999545,0.5591695308685303,0.5141940116882324,0.936180591583252
10,123,117,107,kl,82.18,0.6200000000000045,0.3734034299850464,0.44421911239624023,0.7618318796157837
10,123,118,108,kl,78.72,-3.460000000000008,0.7352955341339111,0.6573307514190674,1.3267178535461426
10,123,119,109,kl,82.8,4.079999999999998,0.4094583988189697,0.47319769859313965,0.7592463493347168
10,123,120,110,kl,81.84,-0.9599999999999937,0.5517106652259827,0.5304037928581238,1.0028001070022583
10,123,121,111,ce,83.02,1.1799999999999926,0.23339176177978516,0.3210408389568329,2.14532470703125
10,123,122,112,kl,84.9,1.8800000000000097,0.30263084173202515,0.4009157121181488,0.6013080477714539
10,123,123,113,kl,85.04,0.14000000000000057,0.27699702978134155,0.4040157198905945,0.6142528057098389
10,123,124,114,kl,85.18,0.14000000000000057,0.29131317138671875,0.4046313464641571,0.6883437037467957
10,123,125,115,kl,84.96,-0.22000000000001307,0.2162596732378006,0.4072350263595581,0.6060729026794434
10,123,126,116,kl,85.38,0.4200000000000017,0.30389779806137085,0.4258228540420532,0.6672177910804749
10,123,127,117,kl,85.08,-0.29999999999999716,0.2620638310909271,0.42400386929512024,0.6984878182411194
10,123,128,118,kl,85.2,0.12000000000000455,0.21908116340637207,0.4157939553260803,0.6406530737876892
10,123,129,119,kl,85.34,0.14000000000000057,0.2804303467273712,0.4311608374118805,0.7105675935745239
10,123,130,120,kl,85.42,0.0799999999999983,0.2817988693714142,0.4396042823791504,0.6569623351097107
10,123,131,121,kl,85.46,0.03999999999999204,0.275117963552475,0.447628378868103,0.6675217151641846
10,123,132,122,ce,85.42,-0.03999999999999204,0.08516710251569748,0.36073654890060425,1.6358487606048584
10,123,133,123,kl,85.6,0.1799999999999926,0.2705964744091034,0.45628681778907776,0.6961110830307007
10,123,134,124,kl,85.28,-0.3199999999999932,0.28085094690322876,0.4629754424095154,0.7183849215507507
10,123,135,125,kl,85.44,0.1599999999999966,0.23863840103149414,0.4614444971084595,0.6702572107315063
10,123,136,126,kl,85.1,-0.3400000000000034,0.3070630431175232,0.48460322618484497,0.7215850949287415
10,123,137,127,kl,85.34,0.2400000000000091,0.28354737162590027,0.4920181930065155,0.7516077756881714
10,123,138,128,kl,85.52,0.1799999999999926,0.2705865502357483,0.4825137257575989,0.7475532293319702
10,123,139,129,kl,85.42,-0.09999999999999432,0.3208330273628235,0.5066486597061157,0.747987687587738
10,123,140,130,kl,85.62,0.20000000000000284,0.3053171634674072,0.48960453271865845,0.710841178894043
10,123,141,131,kl,85.46,-0.1600000000000108,0.32272446155548096,0.48763519525527954,0.7214348316192627
10,123,142,132,kl,85.78,0.3200000000000074,0.27402815222740173,0.499165415763855,0.7287433743476868
10,123,143,133,ce,85.66,-0.12000000000000455,0.0909685492515564,0.40658488869667053,1.6457768678665161
10,123,144,134,kl,85.66,0.0,0.22274115681648254,0.48522594571113586,0.7547831535339355
10,123,145,135,kl,85.4,-0.2599999999999909,0.38591474294662476,0.5352525115013123,0.804454505443573
10,123,146,136,kl,85.66,0.2599999999999909,0.2947027087211609,0.5194934010505676,0.8212575316429138
10,123,147,137,kl,85.88,0.21999999999999886,0.35931918025016785,0.5409706234931946,0.827129065990448
10,123,148,138,kl,85.4,-0.47999999999998977,0.32680898904800415,0.530129075050354,0.8287271857261658
10,123,149,139,kl,85.66,0.2599999999999909,0.29109328985214233,0.5454086065292358,0.8326945900917053
10,123,150,140,kl,85.84,0.18000000000000682,0.28458115458488464,0.5251678228378296,0.8261281251907349
10,123,151,141,kl,85.64,-0.20000000000000284,0.34091639518737793,0.5361707806587219,0.799941897392273
10,123,152,142,kl,85.62,-0.01999999999999602,0.3068011403083801,0.5573738813400269,0.8506866693496704
10,123,153,143,kl,85.94,0.3199999999999932,0.22247415781021118,0.5168296098709106,0.8404842615127563
10,123,154,144,ce,85.72,-0.21999999999999886,0.10632487386465073,0.4394659101963043,1.8582544326782227
10,123,155,145,kl,85.64,-0.0799999999999983,0.22375847399234772,0.5400288105010986,0.8657853603363037
10,123,156,146,kl,86.0,0.35999999999999943,0.17863550782203674,0.5174174904823303,0.8489034175872803
10,123,157,147,kl,85.64,-0.35999999999999943,0.24072593450546265,0.5318833589553833,0.791803777217865
10,123,158,148,kl,85.7,0.060000000000002274,0.23806145787239075,0.5393788814544678,0.9111758470535278
10,123,159,149,kl,86.18,0.480000000000004,0.28913944959640503,0.5654661655426025,0.8142138123512268
10,123,160,150,kl,85.68,-0.5,0.19812077283859253,0.554349958896637,0.8491277098655701
10,123,161,151,kl,85.68,0.0,0.25599414110183716,0.569214403629303,0.8643350005149841
10,123,162,152,kl,85.76,0.0799999999999983,0.4048667848110199,0.6135910153388977,0.9104145169258118
10,123,163,153,kl,85.7,-0.060000000000002274,0.296568363904953,0.588468074798584,0.8291320204734802
10,123,164,154,kl,85.74,0.03999999999999204,0.16502873599529266,0.5444375872612,0.851188063621521
10,123,165,155,ce,85.9,0.1600000000000108,0.18827563524246216,0.5141786336898804,1.9335025548934937
10,123,166,156,kl,85.84,-0.060000000000002274,0.18329758942127228,0.5669132471084595,0.9508099555969238
10,123,167,157,kl,85.84,0.0,0.20037151873111725,0.5678146481513977,0.8865284323692322
10,123,168,158,kl,85.74,-0.10000000000000853,0.2217126488685608,0.5632584095001221,0.8622234463691711
10,123,169,159,kl,85.8,0.060000000000002274,0.30125507712364197,0.6047708988189697,0.9187980890274048
10,123,170,160,kl,85.48,-0.3199999999999932,0.2316853106021881,0.5915922522544861,0.9480315446853638
10,123,171,161,kl,85.74,0.2599999999999909,0.22485527396202087,0.5828919410705566,0.92884361743927
10,123,172,162,kl,85.64,-0.09999999999999432,0.2632913589477539,0.5820054411888123,0.932379424571991
10,123,173,163,kl,85.4,-0.23999999999999488,0.27858293056488037,0.6087592244148254,0.9243760704994202
10,123,174,164,kl,85.72,0.3199999999999932,0.268882155418396,0.6247753500938416,1.0591161251068115
10,123,175,165,kl,85.64,-0.0799999999999983,0.3676854372024536,0.685943067073822,1.0070761442184448
10,123,176,166,ce,85.36,-0.28000000000000114,0.1247168630361557,0.5286001563072205,2.0693421363830566
10,123,177,167,kl,86.02,0.6599999999999966,0.24684837460517883,0.6091971397399902,0.9089527726173401
10,123,178,168,kl,86.22,0.20000000000000284,0.23970654606819153,0.6101836562156677,0.9007202386856079
10,123,179,169,kl,86.28,0.060000000000002274,0.20680007338523865,0.6029878258705139,0.9042286276817322
10,123,180,170,kl,85.82,-0.46000000000000796,0.24152550101280212,0.611954927444458,0.9278857707977295
10,123,181,171,kl,85.98,0.1600000000000108,0.2240859866142273,0.6054486036300659,0.9026415944099426
10,123,182,172,kl,86.02,0.03999999999999204,0.23434218764305115,0.6093667149543762,0.923062801361084
10,123,183,173,kl,86.14,0.12000000000000455,0.23490089178085327,0.6134113073348999,0.9368987083435059
10,123,184,174,kl,86.04,-0.09999999999999432,0.24176529049873352,0.6163417100906372,0.908278226852417
10,123,185,175,kl,85.96,-0.0800000000000125,0.2685178220272064,0.6292844414710999,0.9243382811546326
10,123,186,176,kl,85.78,-0.1799999999999926,0.2278435081243515,0.6157824993133545,0.9195064306259155
10,123,187,177,ce,86.04,0.2600000000000051,0.14126648008823395,0.5774158835411072,1.592507243156433
10,123,188,178,kl,86.0,-0.04000000000000625,0.21450002491474152,0.6152216196060181,0.9426829814910889
10,123,189,179,kl,86.06,0.060000000000002274,0.22165358066558838,0.6148821711540222,0.9258890748023987
10,123,190,180,kl,85.94,-0.12000000000000455,0.21377107501029968,0.615671694278717,0.9332277178764343
10,123,191,181,kl,85.96,0.01999999999999602,0.2342214733362198,0.6208582520484924,0.9246915578842163
10,123,192,182,kl,86.06,0.10000000000000853,0.2316538691520691,0.6243513226509094,0.9572089314460754
10,123,193,183,kl,86.12,0.060000000000002274,0.23490038514137268,0.626771867275238,0.9533520340919495
10,123,194,184,kl,85.9,-0.21999999999999886,0.2341744601726532,0.6287946105003357,0.9338613748550415
10,123,195,185,kl,85.88,-0.020000000000010232,0.2654533088207245,0.6360255479812622,0.9547353386878967
10,123,196,186,kl,85.94,0.060000000000002274,0.2188018411397934,0.622872531414032,0.9439026713371277
10,123,197,187,kl,86.16,0.21999999999999886,0.23047947883605957,0.6279122233390808,0.928775429725647
10,123,198,188,ce,85.96,-0.20000000000000284,0.053832028061151505,0.5539395809173584,1.5708234310150146
10,123,199,189,kl,85.7,-0.2599999999999909,0.23090632259845734,0.6373112797737122,0.9605896472930908
10,123,200,190,kl,85.94,0.23999999999999488,0.2050592452287674,0.6282979249954224,0.9392454028129578
10,123,201,191,kl,85.82,-0.12000000000000455,0.21175730228424072,0.6337953209877014,0.9670083522796631
10,123,202,192,kl,85.98,0.1600000000000108,0.22816407680511475,0.646344006061554,0.942119300365448
10,123,203,193,kl,85.86,-0.12000000000000455,0.24098189175128937,0.6447572112083435,0.9500473737716675
10,123,204,194,kl,86.16,0.29999999999999716,0.2234286069869995,0.6361583471298218,0.9886509776115417
10,123,205,195,kl,85.96,-0.20000000000000284,0.21876412630081177,0.638212263584137,0.9258373379707336
10,123,206,196,kl,85.8,-0.1599999999999966,0.20887382328510284,0.6369792222976685,0.9500293731689453
10,123,207,197,kl,86.2,0.4000000000000057,0.21821248531341553,0.6368116736412048,0.9536828994750977
10,123,208,198,kl,85.86,-0.3400000000000034,0.21343539655208588,0.6441624760627747,0.9629952311515808
10,123,209,199,ce,86.1,0.23999999999999488,0.07829629629850388,0.5857356786727905,1.627576470375061
10,123,210,200,kl,86.22,0.12000000000000455,0.1949675977230072,0.6293767094612122,0.9942929744720459
10,123,211,201,kl,86.08,-0.14000000000000057,0.2291863113641739,0.6495457887649536,0.9815243482589722
10,123,212,202,kl,86.0,-0.0799999999999983,0.18115393817424774,0.6358951926231384,0.9410765171051025
10,123,213,203,kl,85.98,-0.01999999999999602,0.22145843505859375,0.6499670147895813,0.9364095330238342
10,123,214,204,kl,86.0,0.01999999999999602,0.20374968647956848,0.6426516771316528,0.9542632699012756
10,123,215,205,kl,86.08,0.0799999999999983,0.20590484142303467,0.648768424987793,0.9584184288978577
10,123,216,206,kl,86.0,-0.0799999999999983,0.20826706290245056,0.6447991728782654,0.9687740802764893
10,123,217,207,kl,85.84,-0.1599999999999966,0.21981707215309143,0.6511843800544739,0.9883783459663391
10,123,218,208,kl,86.1,0.2599999999999909,0.21658699214458466,0.6480395197868347,0.9674849510192871
10,123,219,209,kl,86.0,-0.09999999999999432,0.21937501430511475,0.6555860638618469,0.9775678515434265
10,123,220,210,ce,86.12,0.12000000000000455,0.09203933924436569,0.5877397060394287,1.6536214351654053
10,1337,1,-9,kl,38.44,26.18,0.6013810634613037,0.8859690427780151,1.7146016359329224
10,1337,2,-8,kl,39.42,0.980000000000004,0.6647586226463318,0.7434794902801514,1.5618988275527954
10,1337,3,-7,kl,51.56,12.14,0.7542405724525452,0.6774372458457947,1.113840937614441
10,1337,4,-6,kl,57.84,6.280000000000001,0.1974642276763916,0.42873114347457886,1.1108444929122925
10,1337,5,-5,kl,63.42,5.579999999999998,0.676089882850647,0.5730279684066772,1.1695556640625
10,1337,6,-4,kl,66.9,3.480000000000004,0.613823413848877,0.5238170623779297,1.2330608367919922
10,1337,7,-3,kl,68.0,1.0999999999999943,0.6333506107330322,0.5705429315567017,1.054236888885498
10,1337,8,-2,kl,69.1,1.0999999999999943,0.5099510550498962,0.46750056743621826,1.043505072593689
10,1337,9,-1,kl,71.12,2.0200000000000102,0.7106564044952393,0.5349465012550354,1.074499249458313
10,1337,10,0,kl,72.78,1.6599999999999966,0.5236558318138123,0.44898664951324463,1.0471246242523193
10,1337,11,1,ce,76.4,3.6200000000000045,0.32739871740341187,0.24194137752056122,1.936447262763977
10,1337,12,2,kl,74.48,-1.9200000000000017,0.5557717084884644,0.45658090710639954,0.9197964668273926
10,1337,13,3,kl,75.14,0.6599999999999966,0.3376253843307495,0.44079139828681946,0.8229886889457703
10,1337,14,4,kl,74.78,-0.35999999999999943,0.5112343430519104,0.45748788118362427,0.8957607746124268
10,1337,15,5,kl,75.34,0.5600000000000023,0.5749673843383789,0.4642632305622101,1.0317219495773315
10,1337,16,6,kl,78.26,2.9200000000000017,0.5444570183753967,0.4444645643234253,0.9917649030685425
10,1337,17,7,kl,78.1,-0.1600000000000108,0.3728155493736267,0.4074482321739197,0.8296871185302734
10,1337,18,8,kl,77.92,-0.1799999999999926,0.3808234930038452,0.41657939553260803,0.9433742165565491
10,1337,19,9,kl,77.82,-0.10000000000000853,0.5307726860046387,0.47176095843315125,0.8966567516326904
10,1337,20,10,kl,78.04,0.22000000000001307,0.5353604555130005,0.47946271300315857,0.7772760987281799
10,1337,21,11,kl,76.28,-1.7600000000000051,0.6275632381439209,0.5397372245788574,0.8947575688362122
10,1337,22,12,ce,80.2,3.9200000000000017,0.20074206590652466,0.27444154024124146,1.835017204284668
10,1337,23,13,kl,79.12,-1.0799999999999983,0.497898131608963,0.46149003505706787,1.0085229873657227
10,1337,24,14,kl,79.16,0.03999999999999204,0.5113492012023926,0.4711204171180725,0.9709461331367493
10,1337,25,15,kl,79.0,-0.1599999999999966,0.4572182893753052,0.45023542642593384,0.9610369205474854
10,1337,26,16,kl,78.28,-0.7199999999999989,0.5334166288375854,0.45534664392471313,0.8705546259880066
10,1337,27,17,kl,79.46,1.1799999999999926,0.4007842540740967,0.457608699798584,0.964870810508728
10,1337,28,18,kl,78.64,-0.8199999999999932,0.1420414000749588,0.38138002157211304,0.8094148635864258
10,1337,29,19,kl,78.54,-0.09999999999999432,0.4533293545246124,0.45793914794921875,0.9197993874549866
10,1337,30,20,kl,80.88,2.339999999999989,0.4162011444568634,0.4584340453147888,0.9600704312324524
10,1337,31,21,kl,80.14,-0.7399999999999949,0.5139182806015015,0.4774884879589081,1.0026416778564453
10,1337,32,22,kl,79.64,-0.5,0.3736776113510132,0.4563467800617218,0.9889571070671082
10,1337,33,23,ce,79.1,-0.5400000000000063,0.21813969314098358,0.3444266617298126,1.743085265159607
10,1337,34,24,kl,80.0,0.9000000000000057,0.5151433348655701,0.49516594409942627,0.8043795824050903
10,1337,35,25,kl,79.64,-0.35999999999999943,0.4903433322906494,0.43533533811569214,1.0108113288879395
10,1337,36,26,kl,80.82,1.1799999999999926,0.5757007598876953,0.47855374217033386,0.8829140663146973
10,1337,37,27,kl,80.28,-0.539999999999992,0.5087881088256836,0.48681730031967163,0.9684730768203735
10,1337,38,28,kl,81.3,1.019999999999996,0.41718482971191406,0.4499245882034302,0.8175151348114014
10,1337,39,29,kl,78.9,-2.3999999999999915,0.5361907482147217,0.5159892439842224,0.9928578734397888
10,1337,40,30,kl,79.86,0.9599999999999937,0.5803077220916748,0.47970810532569885,0.7817293405532837
10,1337,41,31,kl,80.76,0.9000000000000057,0.5522035360336304,0.5040820240974426,0.979949951171875
10,1337,42,32,kl,80.86,0.09999999999999432,0.4613400101661682,0.46458253264427185,0.7539885640144348
10,1337,43,33,kl,79.6,-1.2600000000000051,0.6531471014022827,0.505791962146759,0.9955908060073853
10,1337,44,34,ce,81.14,1.5400000000000063,0.28085678815841675,0.32729366421699524,1.7827380895614624
10,1337,45,35,kl,80.48,-0.6599999999999966,0.6283917427062988,0.5557395815849304,1.2156617641448975
10,1337,46,36,kl,81.42,0.9399999999999977,0.47225695848464966,0.4604496359825134,0.9973762631416321
10,1337,47,37,kl,79.7,-1.7199999999999989,0.5646967887878418,0.500106692314148,0.8577331304550171
10,1337,48,38,kl,80.46,0.7599999999999909,0.634253978729248,0.49216076731681824,1.1225265264511108
10,1337,49,39,kl,78.22,-2.239999999999995,0.524878740310669,0.4627530872821808,0.9212451577186584
10,1337,50,40,kl,79.86,1.6400000000000006,0.6305340528488159,0.49823495745658875,1.0723152160644531
10,1337,51,41,kl,80.48,0.6200000000000045,0.5763490200042725,0.5074379444122314,0.9218201041221619
10,1337,52,42,kl,81.38,0.8999999999999915,0.4480111300945282,0.43391650915145874,0.9042564630508423
10,1337,53,43,kl,81.02,-0.35999999999999943,0.49791139364242554,0.48086732625961304,0.9474278092384338
10,1337,54,44,kl,81.98,0.960000000000008,0.34806501865386963,0.4380321204662323,0.8225244283676147
10,1337,55,45,ce,80.98,-1.0,0.1259458214044571,0.3213614225387573,1.4743983745574951
10,1337,56,46,kl,80.48,-0.5,0.44394567608833313,0.504410445690155,1.0527455806732178
10,1337,57,47,kl,82.06,1.5799999999999983,0.49989208579063416,0.47664669156074524,0.8759716153144836
10,1337,58,48,kl,81.2,-0.8599999999999994,0.4358632564544678,0.4710368514060974,0.9292769432067871
10,1337,59,49,kl,80.46,-0.7400000000000091,0.6810871362686157,0.552409827709198,1.0342206954956055
10,1337,60,50,kl,81.1,0.6400000000000006,0.5323214530944824,0.48282307386398315,0.8495331406593323
10,1337,61,51,kl,82.14,1.0400000000000063,0.5278944969177246,0.47689688205718994,0.7904285192489624
10,1337,62,52,kl,81.16,-0.980000000000004,0.534225583076477,0.5403943657875061,1.1266450881958008
10,1337,63,53,kl,81.9,0.7400000000000091,0.465110182762146,0.45640936493873596,0.8997301459312439
10,1337,64,54,kl,79.84,-2.0600000000000023,0.6198829412460327,0.5800944566726685,1.2400957345962524
10,1337,65,55,kl,79.5,-0.3400000000000034,0.5403410196304321,0.4925759434700012,0.9634158611297607
10,1337,66,56,ce,79.98,0.480000000000004,0.25651925802230835,0.3418172001838684,1.798244595527649
10,1337,67,57,kl,81.14,1.1599999999999966,0.48524466156959534,0.4783702790737152,0.8227190971374512
10,1337,68,58,kl,80.5,-0.6400000000000006,0.405972421169281,0.4668850898742676,0.9334715604782104
10,1337,69,59,kl,81.18,0.6800000000000068,0.5433460474014282,0.5347073078155518,1.0457193851470947
10,1337,70,60,kl,82.54,1.3599999999999994,0.5059510469436646,0.44734469056129456,1.0843968391418457
10,1337,71,61,kl,80.26,-2.280000000000001,0.425281822681427,0.5082224011421204,1.260717749595642
10,1337,72,62,kl,81.78,1.519999999999996,0.2592165470123291,0.38413286209106445,0.8463718295097351
10,1337,73,63,kl,80.76,-1.019999999999996,0.6995335817337036,0.6126861572265625,1.2599800825119019
10,1337,74,64,kl,81.82,1.059999999999988,0.3447825610637665,0.43959367275238037,0.9041430950164795
10,1337,75,65,kl,80.6,-1.2199999999999989,0.35630443692207336,0.4491194784641266,1.035515308380127
10,1337,76,66,kl,80.62,0.020000000000010232,0.5672025680541992,0.4936058819293976,0.7604464292526245
10,1337,77,67,ce,81.16,0.539999999999992,0.2604730427265167,0.339192271232605,1.7668060064315796
10,1337,78,68,kl,81.46,0.29999999999999716,0.5304338335990906,0.5195474624633789,0.8697845935821533
10,1337,79,69,kl,81.3,-0.1599999999999966,0.5024709701538086,0.49729087948799133,0.9605745673179626
10,1337,80,70,kl,81.18,-0.11999999999999034,0.3615829348564148,0.4270685315132141,0.9191180467605591
10,1337,81,71,kl,82.0,0.8199999999999932,0.5052894949913025,0.4856506884098053,0.8950639963150024
10,1337,82,72,kl,82.64,0.6400000000000006,0.3645218014717102,0.46447816491127014,0.8617551922798157
10,1337,83,73,kl,80.4,-2.239999999999995,0.5619171857833862,0.4892187714576721,0.8366455435752869
10,1337,84,74,kl,81.44,1.039999999999992,0.4922138452529907,0.515440821647644,0.870811402797699
10,1337,85,75,kl,81.82,0.37999999999999545,0.4932146370410919,0.46036142110824585,0.7465213537216187
10,1337,86,76,kl,81.46,-0.35999999999999943,0.4074922204017639,0.4471157491207123,1.1233936548233032
10,1337,87,77,kl,80.66,-0.7999999999999972,0.4371674060821533,0.4444270730018616,0.9537416696548462
10,1337,88,78,ce,80.22,-0.4399999999999977,0.21329240500926971,0.36164847016334534,1.7668023109436035
10,1337,89,79,kl,82.12,1.9000000000000057,0.6125999093055725,0.5464532375335693,0.9736478924751282
10,1337,90,80,kl,81.82,-0.30000000000001137,0.5640808343887329,0.5169708132743835,0.9802091717720032
10,1337,91,81,kl,79.98,-1.8399999999999892,0.6046497821807861,0.5457396507263184,1.0279788970947266
10,1337,92,82,kl,81.48,1.5,0.5212960839271545,0.48305055499076843,0.8863822817802429
10,1337,93,83,kl,79.94,-1.5400000000000063,0.49855709075927734,0.4828273355960846,0.9242563843727112
10,1337,94,84,kl,73.8,-6.140000000000001,0.7198927402496338,0.6732906103134155,1.362045168876648
10,1337,95,85,kl,81.06,7.260000000000005,0.5126959085464478,0.4628024101257324,0.7161241769790649
10,1337,96,86,kl,80.48,-0.5799999999999983,0.6541435718536377,0.5254600644111633,0.8385944366455078
10,1337,97,87,kl,80.38,-0.10000000000000853,0.37908506393432617,0.45480623841285706,0.8119632601737976
10,1337,98,88,kl,81.14,0.7600000000000051,0.4669904410839081,0.5096779465675354,0.8285043835639954
10,1337,99,89,ce,81.54,0.4000000000000057,0.22958579659461975,0.32132962346076965,1.714828610420227
10,1337,100,90,kl,80.98,-0.5600000000000023,0.5519103407859802,0.49014952778816223,1.140049934387207
10,1337,101,91,kl,81.46,0.47999999999998977,0.4693160653114319,0.46986889839172363,0.8320377469062805
10,1337,102,92,kl,82.02,0.5600000000000023,0.506886899471283,0.505502462387085,1.049871802330017
10,1337,103,93,kl,80.14,-1.8799999999999955,0.40537142753601074,0.42591285705566406,0.919756293296814
10,1337,104,94,kl,81.3,1.1599999999999966,0.45206841826438904,0.4359408915042877,0.8984044790267944
10,1337,105,95,kl,81.7,0.4000000000000057,0.5672537684440613,0.5043684840202332,1.0172947645187378
10,1337,106,96,kl,81.06,-0.6400000000000006,0.5412445068359375,0.5649310350418091,1.1102941036224365
10,1337,107,97,kl,83.22,2.1599999999999966,0.42861413955688477,0.49705764651298523,0.9003419280052185
10,1337,108,98,kl,81.86,-1.3599999999999994,0.4594231843948364,0.4440588057041168,0.8327668309211731
10,1337,109,99,kl,82.56,0.7000000000000028,0.27800408005714417,0.40878531336784363,0.8428052067756653
10,1337,110,100,ce,81.82,-0.7400000000000091,0.25070303678512573,0.3128960430622101,1.9533898830413818
10,1337,111,101,kl,80.48,-1.3399999999999892,0.5816768407821655,0.5617348551750183,1.0718368291854858
10,1337,112,102,kl,81.82,1.3399999999999892,0.5055542588233948,0.48953884840011597,0.874147355556488
10,1337,113,103,kl,81.32,-0.5,0.6477348208427429,0.5183663368225098,1.217300295829773
10,1337,114,104,kl,80.88,-0.4399999999999977,0.6059151291847229,0.5575462579727173,1.1316423416137695
10,1337,115,105,kl,82.68,1.8000000000000114,0.4094558358192444,0.43327048420906067,0.7603902220726013
10,1337,116,106,kl,83.26,0.5799999999999983,0.3993059992790222,0.4114260673522949,0.8729614019393921
10,1337,117,107,kl,80.38,-2.8800000000000097,0.6324029564857483,0.5237249732017517,1.058966040611267
10,1337,118,108,kl,81.48,1.1000000000000085,0.5486781597137451,0.49465611577033997,1.0039793252944946
10,1337,119,109,kl,79.52,-1.960000000000008,0.5847731232643127,0.553744375705719,1.0702403783798218
10,1337,120,110,kl,78.74,-0.7800000000000011,0.6644917726516724,0.5819141864776611,1.1793564558029175
10,1337,121,111,ce,82.66,3.9200000000000017,0.2620813250541687,0.3592475652694702,1.7067073583602905
10,1337,122,112,kl,84.58,1.9200000000000017,0.2565089464187622,0.4045555889606476,0.6376118659973145
10,1337,123,113,kl,84.98,0.4000000000000057,0.26872488856315613,0.4020178020000458,0.7213066220283508
10,1337,124,114,kl,85.16,0.1799999999999926,0.25400957465171814,0.38910621404647827,0.6712684631347656
10,1337,125,115,kl,85.0,-0.1599999999999966,0.2711361050605774,0.3937888443470001,0.6830497980117798
10,1337,126,116,kl,85.5,0.5,0.29967254400253296,0.4062126874923706,0.6885740160942078
10,1337,127,117,kl,85.52,0.01999999999999602,0.29278749227523804,0.4094102084636688,0.689835250377655
10,1337,128,118,kl,85.16,-0.35999999999999943,0.3064610958099365,0.4114244878292084,0.7293862104415894
10,1337,129,119,kl,85.24,0.0799999999999983,0.2275923490524292,0.4058053493499756,0.6285333633422852
10,1337,130,120,kl,85.28,0.04000000000000625,0.2787654399871826,0.41710224747657776,0.6973029971122742
10,1337,131,121,kl,85.16,-0.12000000000000455,0.317080020904541,0.4262257516384125,0.6915529370307922
10,1337,132,122,ce,85.84,0.6800000000000068,0.20159202814102173,0.3514374792575836,1.3398489952087402
10,1337,133,123,kl,85.44,-0.4000000000000057,0.2568846642971039,0.41813763976097107,0.7124036550521851
10,1337,134,124,kl,85.12,-0.3199999999999932,0.27568620443344116,0.4231956899166107,0.7557204365730286
10,1337,135,125,kl,85.4,0.28000000000000114,0.25518998503685,0.4308539628982544,0.749248743057251
10,1337,136,126,kl,84.96,-0.44000000000001194,0.3211989998817444,0.4483080208301544,0.7810328602790833
10,1337,137,127,kl,85.32,0.35999999999999943,0.24028751254081726,0.4365016222000122,0.729742169380188
10,1337,138,128,kl,85.24,-0.0799999999999983,0.2678019404411316,0.43605098128318787,0.7594982385635376
10,1337,139,129,kl,85.54,0.30000000000001137,0.32361388206481934,0.4520657956600189,0.8051396012306213
10,1337,140,130,kl,85.54,0.0,0.24788713455200195,0.44324955344200134,0.7802091836929321
10,1337,141,131,kl,85.74,0.19999999999998863,0.2905137538909912,0.46024447679519653,0.8272839784622192
10,1337,142,132,kl,85.58,-0.1599999999999966,0.2586132287979126,0.4517856538295746,0.7045080065727234
10,1337,143,133,ce,85.62,0.04000000000000625,0.23917362093925476,0.41926872730255127,1.399680256843567
10,1337,144,134,kl,85.5,-0.12000000000000455,0.31263062357902527,0.4763317406177521,0.8532557487487793
10,1337,145,135,kl,85.76,0.2600000000000051,0.2823886275291443,0.4685354232788086,0.8121380805969238
10,1337,146,136,kl,85.62,-0.14000000000000057,0.26824653148651123,0.456619530916214,0.7736112475395203
10,1337,147,137,kl,85.28,-0.3400000000000034,0.296793133020401,0.4768823981285095,0.7620809078216553
10,1337,148,138,kl,85.24,-0.04000000000000625,0.21263352036476135,0.4585510790348053,0.8434576392173767
10,1337,149,139,kl,85.56,0.3200000000000074,0.34948205947875977,0.49959230422973633,0.9372158646583557
10,1337,150,140,kl,85.16,-0.4000000000000057,0.3010050356388092,0.4933757781982422,0.8200466632843018
10,1337,151,141,kl,85.44,0.28000000000000114,0.2960856854915619,0.4779978096485138,0.893354058265686
10,1337,152,142,kl,85.1,-0.3400000000000034,0.27052855491638184,0.4867948293685913,0.831950843334198
10,1337,153,143,kl,85.32,0.21999999999999886,0.3128272294998169,0.5198881030082703,0.8979482650756836
10,1337,154,144,ce,86.04,0.7200000000000131,0.2364882379770279,0.42696642875671387,1.5158830881118774
10,1337,155,145,kl,85.68,-0.35999999999999943,0.2972305119037628,0.49469852447509766,0.8985191583633423
10,1337,156,146,kl,85.84,0.1599999999999966,0.34258463978767395,0.5065823197364807,0.8891116380691528
10,1337,157,147,kl,85.56,-0.28000000000000114,0.3263937532901764,0.5085962414741516,0.8510398268699646
10,1337,158,148,kl,85.58,0.01999999999999602,0.2801819443702698,0.4909152388572693,0.859835684299469
10,1337,159,149,kl,85.56,-0.01999999999999602,0.3003327548503876,0.5007651448249817,0.8682799935340881
10,1337,160,150,kl,85.66,0.09999999999999432,0.3329812288284302,0.5216119885444641,0.9690232276916504
10,1337,161,151,kl,85.36,-0.29999999999999716,0.33731892704963684,0.5394746661186218,0.9029212594032288
10,1337,162,152,kl,85.66,0.29999999999999716,0.3837305009365082,0.5487673878669739,0.9706310033798218
10,1337,163,153,kl,85.48,-0.1799999999999926,0.36012667417526245,0.5647192597389221,0.9677724242210388
10,1337,164,154,kl,85.56,0.0799999999999983,0.3704850673675537,0.5611141324043274,1.0153353214263916
10,1337,165,155,ce,85.78,0.21999999999999886,0.32783573865890503,0.5040943026542664,1.7068307399749756
10,1337,166,156,kl,86.04,0.2600000000000051,0.32214275002479553,0.5482726097106934,0.9344934821128845
10,1337,167,157,kl,85.72,-0.3200000000000074,0.30165600776672363,0.5568918585777283,0.8900346755981445
10,1337,168,158,kl,85.52,-0.20000000000000284,0.38389772176742554,0.5791581273078918,0.9858568906784058
10,1337,169,159,kl,85.24,-0.28000000000000114,0.4203646183013916,0.6042354702949524,1.0057342052459717
10,1337,170,160,kl,85.36,0.12000000000000455,0.35893070697784424,0.5819076299667358,1.0573673248291016
10,1337,171,161,kl,85.96,0.5999999999999943,0.2637232542037964,0.5379006862640381,0.9108227491378784
10,1337,172,162,kl,85.58,-0.37999999999999545,0.3753368854522705,0.5876384973526001,1.111671805381775
10,1337,173,163,kl,85.58,0.0,0.2946861982345581,0.5692486763000488,1.0054668188095093
10,1337,174,164,kl,85.54,-0.03999999999999204,0.4072052240371704,0.6112208366394043,1.0295350551605225
10,1337,175,165,kl,85.66,0.11999999999999034,0.47772130370140076,0.6536074280738831,1.210063099861145
10,1337,176,166,ce,86.06,0.4000000000000057,0.2562931776046753,0.5084681510925293,1.6661418676376343
10,1337,177,167,kl,85.98,-0.0799999999999983,0.31918638944625854,0.5853476524353027,0.9642823338508606
10,1337,178,168,kl,86.14,0.1599999999999966,0.30617743730545044,0.5774568319320679,0.957659125328064
10,1337,179,169,kl,85.9,-0.23999999999999488,0.3032494783401489,0.5782044529914856,0.9577633142471313
10,1337,180,170,kl,85.82,-0.0800000000000125,0.3350202441215515,0.5863198637962341,0.98331618309021
10,1337,181,171,kl,85.82,0.0,0.30951863527297974,0.5856462121009827,0.9535623788833618
10,1337,182,172,kl,85.84,0.020000000000010232,0.3072822690010071,0.5800723433494568,0.9773789048194885
10,1337,183,173,kl,85.86,0.01999999999999602,0.34041309356689453,0.5903894901275635,1.0165700912475586
10,1337,184,174,kl,85.86,0.0,0.2959677577018738,0.580018162727356,0.9714061617851257
10,1337,185,175,kl,85.8,-0.060000000000002274,0.30309057235717773,0.5756094455718994,0.959321141242981
10,1337,186,176,kl,85.78,-0.01999999999999602,0.332498162984848,0.5947884917259216,0.9589189887046814
10,1337,187,177,ce,86.36,0.5799999999999983,0.34252864122390747,0.5539198517799377,1.5325844287872314
10,1337,188,178,kl,86.06,-0.29999999999999716,0.32216835021972656,0.5886703133583069,1.0138680934906006
10,1337,189,179,kl,85.98,-0.0799999999999983,0.31281864643096924,0.5867288708686829,0.9789997339248657
10,1337,190,180,kl,85.52,-0.46000000000000796,0.30846136808395386,0.5928758382797241,0.9971962571144104
10,1337,191,181,kl,85.82,0.29999999999999716,0.33136799931526184,0.6015797853469849,0.9910208582878113
10,1337,192,182,kl,85.94,0.12000000000000455,0.33363670110702515,0.6048482656478882,1.0062522888183594
10,1337,193,183,kl,85.8,-0.14000000000000057,0.33353960514068604,0.6064475774765015,0.9890695214271545
10,1337,194,184,kl,85.7,-0.09999999999999432,0.3112432360649109,0.59444659948349,1.0152499675750732
10,1337,195,185,kl,85.7,0.0,0.31837987899780273,0.5941283702850342,0.9913784265518188
10,1337,196,186,kl,85.9,0.20000000000000284,0.3327958583831787,0.5975991487503052,0.989688515663147
10,1337,197,187,kl,85.8,-0.10000000000000853,0.32709893584251404,0.604930579662323,1.0227068662643433
10,1337,198,188,ce,86.3,0.5,0.34817302227020264,0.5649188756942749,1.5748828649520874
10,1337,199,189,kl,85.82,-0.480000000000004,0.35193395614624023,0.6167189478874207,1.0609886646270752
10,1337,200,190,kl,85.88,0.060000000000002274,0.3124958872795105,0.6022723317146301,1.008259892463684
10,1337,201,191,kl,85.98,0.10000000000000853,0.3442734479904175,0.6134183406829834,1.0419656038284302
10,1337,202,192,kl,85.94,-0.04000000000000625,0.31340456008911133,0.5981315970420837,1.00662362575531
10,1337,203,193,kl,85.74,-0.20000000000000284,0.3431589603424072,0.6171715259552002,1.0224446058273315
10,1337,204,194,kl,85.74,0.0,0.31663158535957336,0.6105893850326538,1.0114718675613403
10,1337,205,195,kl,85.94,0.20000000000000284,0.3410952091217041,0.6185945868492126,1.02555251121521
10,1337,206,196,kl,85.86,-0.0799999999999983,0.3492079973220825,0.6246213316917419,1.0539524555206299
10,1337,207,197,kl,85.88,0.01999999999999602,0.3447459638118744,0.6248565912246704,1.0615109205245972
10,1337,208,198,kl,85.96,0.0799999999999983,0.3118695020675659,0.607448399066925,1.0206798315048218
10,1337,209,199,ce,86.16,0.20000000000000284,0.32558733224868774,0.5649797320365906,1.6055516004562378
10,1337,210,200,kl,85.8,-0.35999999999999943,0.33438706398010254,0.6171567440032959,1.0492910146713257
10,1337,211,201,kl,85.7,-0.09999999999999432,0.28098446130752563,0.5968205332756042,1.0127485990524292
10,1337,212,202,kl,85.88,0.1799999999999926,0.3431796431541443,0.6271452307701111,1.0529505014419556
10,1337,213,203,kl,85.8,-0.0799999999999983,0.31126829981803894,0.6126040816307068,0.9915512800216675
10,1337,214,204,kl,85.98,0.18000000000000682,0.3529556393623352,0.6324478983879089,1.105708122253418
10,1337,215,205,kl,85.84,-0.14000000000000057,0.33140525221824646,0.6211637258529663,1.0582144260406494
10,1337,216,206,kl,85.7,-0.14000000000000057,0.32890400290489197,0.6260146498680115,1.0165332555770874
10,1337,217,207,kl,85.72,0.01999999999999602,0.31907930970191956,0.6160906553268433,1.036570429801941
10,1337,218,208,kl,85.82,0.09999999999999432,0.3393762707710266,0.6287615895271301,1.0461620092391968
10,1337,219,209,kl,85.98,0.1600000000000108,0.3005277216434479,0.6125481724739075,0.9877886772155762
10,1337,220,210,ce,86.52,0.539999999999992,0.3100852966308594,0.5682223439216614,1.6124610900878906
10,42,1,-9,kl,43.5,34.08,0.6269708871841431,0.7429771423339844,1.2030327320098877
10,42,2,-8,kl,33.52,-9.979999999999997,0.6290801763534546,0.8716670870780945,1.5339449644088745
10,42,3,-7,kl,52.82,19.299999999999997,0.25318416953086853,0.6078771352767944,1.1851812601089478
10,42,4,-6,kl,59.16,6.339999999999996,0.6288257837295532,0.5454210042953491,1.171220064163208
10,42,5,-5,kl,62.86,3.700000000000003,0.7581608295440674,0.6463959217071533,1.2434204816818237
10,42,6,-4,kl,67.14,4.280000000000001,0.7387126684188843,0.5542881488800049,1.0463496446609497
10,42,7,-3,kl,70.0,2.8599999999999994,0.7401790618896484,0.5867581963539124,1.1294453144073486
10,42,8,-2,kl,71.92,1.9200000000000017,0.4164375364780426,0.4573795199394226,0.9464383125305176
10,42,9,-1,kl,73.52,1.5999999999999943,0.5601896047592163,0.46109309792518616,0.9981301426887512
10,42,10,0,kl,73.3,-0.21999999999999886,0.6642154455184937,0.4956231415271759,0.9828646183013916
10,42,11,1,ce,76.64,3.3400000000000034,0.09633414447307587,0.26094117760658264,1.8891364336013794
10,42,12,2,kl,73.0,-3.6400000000000006,0.5654694437980652,0.4607512652873993,0.8370640277862549
10,42,13,3,kl,75.74,2.739999999999995,0.3775165379047394,0.42230892181396484,0.8457302451133728
10,42,14,4,kl,76.94,1.2000000000000028,0.3169780373573303,0.4304434657096863,0.9186952710151672
10,42,15,5,kl,76.8,-0.14000000000000057,0.5193067193031311,0.5230941772460938,0.9546911120414734
10,42,16,6,kl,77.9,1.1000000000000085,0.4828416705131531,0.4308399260044098,0.9891650676727295
10,42,17,7,kl,76.38,-1.5200000000000102,0.5545428991317749,0.5110267400741577,1.1884374618530273
10,42,18,8,kl,77.62,1.240000000000009,0.5431636571884155,0.43876564502716064,0.9845824837684631
10,42,19,9,kl,78.24,0.6199999999999903,0.4417169690132141,0.430199533700943,0.6843382716178894
10,42,20,10,kl,79.34,1.1000000000000085,0.2183956652879715,0.402391642332077,0.8975554704666138
10,42,21,11,kl,77.1,-2.240000000000009,0.534706711769104,0.4791829586029053,0.8870062232017517
10,42,22,12,ce,77.84,0.7400000000000091,0.2203267216682434,0.3305445909500122,1.9384313821792603
10,42,23,13,kl,78.48,0.6400000000000006,0.549234926700592,0.4959541857242584,1.1234843730926514
10,42,24,14,kl,77.6,-0.8800000000000097,0.588982343673706,0.5108715891838074,1.1267125606536865
10,42,25,15,kl,80.0,2.4000000000000057,0.46782517433166504,0.44888409972190857,0.9755714535713196
10,42,26,16,kl,79.82,-0.18000000000000682,0.2221350371837616,0.39598217606544495,0.856566309928894
10,42,27,17,kl,79.1,-0.7199999999999989,0.599213719367981,0.48412472009658813,0.9624943137168884
10,42,28,18,kl,79.72,0.6200000000000045,0.4828220307826996,0.44553327560424805,0.8712338805198669
10,42,29,19,kl,80.06,0.3400000000000034,0.34751349687576294,0.42320892214775085,1.0638688802719116
10,42,30,20,kl,79.98,-0.0799999999999983,0.4019792675971985,0.41187599301338196,0.76521897315979
10,42,31,21,kl,79.66,-0.3200000000000074,0.5639448761940002,0.5229480862617493,1.1103867292404175
10,42,32,22,kl,78.9,-0.7599999999999909,0.39835917949676514,0.5047726631164551,1.1716240644454956
10,42,33,23,ce,80.62,1.7199999999999989,0.28468748927116394,0.36817190051078796,1.750755786895752
10,42,34,24,kl,81.26,0.6400000000000006,0.3458622992038727,0.43715670704841614,0.9285489320755005
10,42,35,25,kl,80.38,-0.8800000000000097,0.6189469695091248,0.49102067947387695,0.925829291343689
10,42,36,26,kl,80.34,-0.03999999999999204,0.49870991706848145,0.4747140407562256,0.8935460448265076
10,42,37,27,kl,80.76,0.4200000000000017,0.5063201189041138,0.4776519536972046,1.0455892086029053
10,42,38,28,kl,79.3,-1.460000000000008,0.5660083293914795,0.49980151653289795,0.9392969012260437
10,42,39,29,kl,81.14,1.8400000000000034,0.5037907361984253,0.4610455334186554,1.1531304121017456
10,42,40,30,kl,80.82,-0.3200000000000074,0.544097900390625,0.5027412176132202,1.0978578329086304
10,42,41,31,kl,81.22,0.4000000000000057,0.3922802209854126,0.44803982973098755,0.827531635761261
10,42,42,32,kl,80.8,-0.4200000000000017,0.39658647775650024,0.44110825657844543,0.6939660906791687
10,42,43,33,kl,81.36,0.5600000000000023,0.5697503685951233,0.4635816514492035,0.8656139969825745
10,42,44,34,ce,82.34,0.980000000000004,0.2041594684123993,0.35372233390808105,1.7193645238876343
10,42,45,35,kl,80.8,-1.5400000000000063,0.544542670249939,0.4929170608520508,0.970352053642273
10,42,46,36,kl,81.1,0.29999999999999716,0.46170827746391296,0.4812430739402771,0.8632060289382935
10,42,47,37,kl,79.66,-1.4399999999999977,0.3573981821537018,0.4607590138912201,1.1053862571716309
10,42,48,38,kl,79.88,0.21999999999999886,0.5362801551818848,0.5219508409500122,1.1857671737670898
10,42,49,39,kl,81.44,1.5600000000000023,0.5037673711776733,0.48073771595954895,0.9997596144676208
10,42,50,40,kl,81.44,0.0,0.35557854175567627,0.41476839780807495,1.0141065120697021
10,42,51,41,kl,81.02,-0.4200000000000017,0.6207400560379028,0.5198601484298706,1.013870120048523
10,42,52,42,kl,81.2,0.18000000000000682,0.515414834022522,0.4967088997364044,1.1229517459869385
10,42,53,43,kl,83.52,2.319999999999993,0.4657047986984253,0.4487842619419098,0.9315455555915833
10,42,54,44,kl,80.62,-2.8999999999999915,0.6179127097129822,0.5420360565185547,0.9823675751686096
10,42,55,45,ce,80.74,0.11999999999999034,0.23407839238643646,0.3126910626888275,1.7046518325805664
10,42,56,46,kl,79.84,-0.8999999999999915,0.6185058355331421,0.5190086364746094,0.8781412243843079
10,42,57,47,kl,82.66,2.819999999999993,0.4176178574562073,0.4602721631526947,0.9362465143203735
10,42,58,48,kl,79.22,-3.4399999999999977,0.5752258896827698,0.5115472078323364,1.1975730657577515
10,42,59,49,kl,82.7,3.480000000000004,0.3481818437576294,0.43228596448898315,0.966315507888794
10,42,60,50,kl,82.1,-0.6000000000000085,0.4711448550224304,0.43773984909057617,0.7825412154197693
10,42,61,51,kl,81.02,-1.0799999999999983,0.42339542508125305,0.4645097851753235,1.0957553386688232
10,42,62,52,kl,80.46,-0.5600000000000023,0.4672481417655945,0.4683031439781189,0.9689133167266846
10,42,63,53,kl,80.22,-0.23999999999999488,0.6224011182785034,0.5364471673965454,1.1293221712112427
10,42,64,54,kl,81.4,1.1800000000000068,0.3815251588821411,0.46033838391304016,0.952337920665741
10,42,65,55,kl,81.8,0.3999999999999915,0.5253509283065796,0.4922448396682739,0.9223940968513489
10,42,66,56,ce,81.3,-0.5,0.20088724792003632,0.3478878438472748,1.731550693511963
10,42,67,57,kl,82.02,0.7199999999999989,0.3456253409385681,0.42705613374710083,0.9880998730659485
10,42,68,58,kl,82.44,0.4200000000000017,0.45411786437034607,0.4492872953414917,0.9894705414772034
10,42,69,59,kl,82.12,-0.3199999999999932,0.4801645278930664,0.466656357049942,0.9184046387672424
10,42,70,60,kl,81.06,-1.0600000000000023,0.49221765995025635,0.5007287263870239,1.1070126295089722
10,42,71,61,kl,81.36,0.29999999999999716,0.6201279759407043,0.5326583385467529,1.020701289176941
10,42,72,62,kl,82.62,1.2600000000000051,0.45089030265808105,0.46232470870018005,0.9028526544570923
10,42,73,63,kl,81.26,-1.3599999999999994,0.5155099630355835,0.49870625138282776,1.1087812185287476
10,42,74,64,kl,80.98,-0.28000000000000114,0.3074802756309509,0.47025176882743835,1.025607943534851
10,42,75,65,kl,82.18,1.2000000000000028,0.45168381929397583,0.48742231726646423,0.8086647987365723
10,42,76,66,kl,80.42,-1.7600000000000051,0.6402872204780579,0.5651293396949768,1.0910930633544922
10,42,77,67,ce,82.56,2.1400000000000006,0.2555132508277893,0.3236071467399597,1.7710106372833252
10,42,78,68,kl,80.62,-1.9399999999999977,0.4577232599258423,0.46899470686912537,0.9808395504951477
10,42,79,69,kl,80.38,-0.2400000000000091,0.5117390751838684,0.5263960957527161,1.0001345872879028
10,42,80,70,kl,81.5,1.1200000000000045,0.6234989166259766,0.539322555065155,0.9953839182853699
10,42,81,71,kl,82.78,1.2800000000000011,0.42224007844924927,0.49960607290267944,0.9770764112472534
10,42,82,72,kl,82.0,-0.7800000000000011,0.3028794825077057,0.4201790988445282,0.8824979066848755
10,42,83,73,kl,82.82,0.8199999999999932,0.45233064889907837,0.4825020134449005,0.7944744825363159
10,42,84,74,kl,81.6,-1.2199999999999989,0.4530237913131714,0.45822522044181824,1.1248445510864258
10,42,85,75,kl,80.34,-1.259999999999991,0.5124964714050293,0.5284245014190674,1.2175896167755127
10,42,86,76,kl,81.34,1.0,0.5162054300308228,0.4740232527256012,0.9219309687614441
10,42,87,77,kl,81.74,0.3999999999999915,0.4111787676811218,0.4714069068431854,1.019960880279541
10,42,88,78,ce,81.96,0.21999999999999886,0.203630268573761,0.29122260212898254,1.9421837329864502
10,42,89,79,kl,80.04,-1.9199999999999875,0.5914192795753479,0.533265233039856,1.0635356903076172
10,42,90,80,kl,80.46,0.4199999999999875,0.3142181634902954,0.4491225481033325,1.120514988899231
10,42,91,81,kl,82.2,1.740000000000009,0.6207883358001709,0.5000307559967041,0.9172402024269104
10,42,92,82,kl,82.64,0.4399999999999977,0.4912993907928467,0.497348427772522,0.8707578778266907
10,42,93,83,kl,81.74,-0.9000000000000057,0.6782329082489014,0.5642932057380676,1.1907267570495605
10,42,94,84,kl,82.84,1.1000000000000085,0.40212535858154297,0.4306531846523285,0.8142195343971252
10,42,95,85,kl,82.24,-0.6000000000000085,0.5637633800506592,0.5104116797447205,0.9893521666526794
10,42,96,86,kl,82.34,0.10000000000000853,0.46251124143600464,0.48033857345581055,0.8702023029327393
10,42,97,87,kl,81.12,-1.2199999999999989,0.5201774835586548,0.511581540107727,1.1385109424591064
10,42,98,88,kl,81.92,0.7999999999999972,0.37257421016693115,0.4471657872200012,0.908256471157074
10,42,99,89,ce,82.98,1.0600000000000023,0.23227019608020782,0.3302394449710846,1.8112581968307495
10,42,100,90,kl,81.98,-1.0,0.579449474811554,0.5215773582458496,1.1880565881729126
10,42,101,91,kl,81.5,-0.480000000000004,0.4499492049217224,0.48114532232284546,0.8811243176460266
10,42,102,92,kl,80.62,-0.8799999999999955,0.46982020139694214,0.518429696559906,1.2225838899612427
10,42,103,93,kl,81.46,0.8399999999999892,0.49067652225494385,0.49323439598083496,0.8794674873352051
10,42,104,94,kl,80.78,-0.6799999999999926,0.3641388714313507,0.44231799244880676,0.9029273390769958
10,42,105,95,kl,81.58,0.7999999999999972,0.5202676057815552,0.4714227318763733,0.8685523867607117
10,42,106,96,kl,83.3,1.7199999999999989,0.5466865301132202,0.499507874250412,0.804547131061554
10,42,107,97,kl,82.02,-1.2800000000000011,0.6185580492019653,0.5379225611686707,1.0640357732772827
10,42,108,98,kl,81.4,-0.6199999999999903,0.46270716190338135,0.4876804053783417,1.0773887634277344
10,42,109,99,kl,81.44,0.03999999999999204,0.5946264266967773,0.5005024671554565,0.9410229325294495
10,42,110,100,ce,82.36,0.9200000000000017,0.305974543094635,0.34724634885787964,1.9818389415740967
10,42,111,101,kl,80.86,-1.5,0.45934420824050903,0.5185766816139221,0.9951866865158081
10,42,112,102,kl,82.54,1.6800000000000068,0.43573176860809326,0.46225836873054504,0.8053168058395386
10,42,113,103,kl,81.98,-0.5600000000000023,0.5174856185913086,0.5095459818840027,1.0468169450759888
10,42,114,104,kl,82.2,0.21999999999999886,0.5342528223991394,0.5078051686286926,0.8306087255477905
10,42,115,105,kl,79.86,-2.3400000000000034,0.5506582856178284,0.5268230438232422,0.8920972347259521
10,42,116,106,kl,80.02,0.1599999999999966,0.6641867756843567,0.559537947177887,1.0831631422042847
10,42,117,107,kl,82.92,2.9000000000000057,0.3380739688873291,0.44712093472480774,0.999808132648468
10,42,118,108,kl,81.2,-1.7199999999999989,0.6424677968025208,0.5422653555870056,1.0408562421798706
10,42,119,109,kl,81.48,0.28000000000000114,0.4857613742351532,0.5129433274269104,1.0505508184432983
10,42,120,110,kl,81.28,-0.20000000000000284,0.5469451546669006,0.49265363812446594,0.8930565118789673
10,42,121,111,ce,80.6,-0.6800000000000068,0.29567721486091614,0.40263164043426514,1.9387284517288208
10,42,122,112,kl,85.36,4.760000000000005,0.2880898118019104,0.40602895617485046,0.6703047752380371
10,42,123,113,kl,85.8,0.4399999999999977,0.2741870880126953,0.4018666744232178,0.7231155633926392
10,42,124,114,kl,85.88,0.0799999999999983,0.2603418529033661,0.41176021099090576,0.7272273302078247
10,42,125,115,kl,86.02,0.14000000000000057,0.2969326078891754,0.4197295308113098,0.7084779739379883
10,42,126,116,kl,85.96,-0.060000000000002274,0.2380751222372055,0.4143850803375244,0.7188915610313416
10,42,127,117,kl,86.38,0.4200000000000017,0.21917420625686646,0.40552058815956116,0.7221042513847351
10,42,128,118,kl,86.04,-0.3399999999999892,0.28238052129745483,0.4311444163322449,0.7319185137748718
10,42,129,119,kl,86.1,0.05999999999998806,0.22215962409973145,0.41655516624450684,0.6848848462104797
10,42,130,120,kl,85.96,-0.14000000000000057,0.21116691827774048,0.4243921637535095,0.7113645076751709
10,42,131,121,kl,85.92,-0.03999999999999204,0.2529868483543396,0.4382304549217224,0.7362419962882996
10,42,132,122,ce,86.16,0.23999999999999488,0.08902674168348312,0.3606749475002289,1.3932149410247803
10,42,133,123,kl,86.12,-0.03999999999999204,0.2743583619594574,0.44919097423553467,0.7942031621932983
10,42,134,124,kl,86.14,0.01999999999999602,0.23932874202728271,0.4433369040489197,0.7449560761451721
10,42,135,125,kl,86.12,-0.01999999999999602,0.29226934909820557,0.457510381937027,0.8223918080329895
10,42,136,126,kl,86.12,0.0,0.2504557967185974,0.45388418436050415,0.7169705033302307
10,42,137,127,kl,86.42,0.29999999999999716,0.2495751529932022,0.44596582651138306,0.7761947512626648
10,42,138,128,kl,86.32,-0.10000000000000853,0.2604604959487915,0.472696453332901,0.8255489468574524
10,42,139,129,kl,86.38,0.060000000000002274,0.301963746547699,0.46765831112861633,0.7325389981269836
10,42,140,130,kl,86.46,0.0799999999999983,0.31166741251945496,0.4894404709339142,0.8101231455802917
10,42,141,131,kl,86.0,-0.45999999999999375,0.2696807384490967,0.48628494143486023,0.8036977052688599
10,42,142,132,kl,86.12,0.12000000000000455,0.25614774227142334,0.48220694065093994,0.8348352313041687
10,42,143,133,ce,86.46,0.3399999999999892,0.09129980951547623,0.361147940158844,1.5100650787353516
10,42,144,134,kl,86.32,-0.14000000000000057,0.2928007245063782,0.4836183190345764,0.8030374646186829
10,42,145,135,kl,86.06,-0.2599999999999909,0.30953359603881836,0.5010342597961426,0.7950161695480347
10,42,146,136,kl,86.26,0.20000000000000284,0.3251848816871643,0.5159887671470642,0.9304917454719543
10,42,147,137,kl,86.16,-0.10000000000000853,0.278816282749176,0.49664828181266785,0.8423629999160767
10,42,148,138,kl,86.32,0.1599999999999966,0.3232761323451996,0.5163062214851379,0.812674343585968
10,42,149,139,kl,86.46,0.14000000000000057,0.2767714262008667,0.5079120993614197,0.8361301422119141
10,42,150,140,kl,86.12,-0.3399999999999892,0.27423763275146484,0.5206388831138611,0.8368138670921326
10,42,151,141,kl,86.14,0.01999999999999602,0.2542981505393982,0.5076637268066406,0.8123227953910828
10,42,152,142,kl,86.5,0.35999999999999943,0.3099929690361023,0.5169854760169983,0.8708562254905701
10,42,153,143,kl,86.18,-0.3199999999999932,0.33938267827033997,0.5401579737663269,0.8515488505363464
10,42,154,144,ce,86.12,-0.060000000000002274,0.20784318447113037,0.4738074243068695,1.6833077669143677
10,42,155,145,kl,85.98,-0.14000000000000057,0.3186895251274109,0.5337360501289368,0.8979870080947876
10,42,156,146,kl,86.36,0.37999999999999545,0.36068058013916016,0.5521942377090454,0.9043147563934326
10,42,157,147,kl,85.9,-0.45999999999999375,0.2891637086868286,0.5411956906318665,0.9094026684761047
10,42,158,148,kl,86.2,0.29999999999999716,0.35234037041664124,0.5592418909072876,0.961837112903595
10,42,159,149,kl,86.66,0.45999999999999375,0.3531211018562317,0.5529582500457764,0.8604111671447754
10,42,160,150,kl,86.36,-0.29999999999999716,0.2757948040962219,0.5504200458526611,0.8418526649475098
10,42,161,151,kl,86.06,-0.29999999999999716,0.2991882860660553,0.5451378226280212,0.8340483903884888
10,42,162,152,kl,86.42,0.35999999999999943,0.3549627661705017,0.5612170100212097,0.9583144187927246
10,42,163,153,kl,85.9,-0.519999999999996,0.36843764781951904,0.5910546779632568,0.9944892525672913
10,42,164,154,kl,86.28,0.37999999999999545,0.4006080627441406,0.6025199294090271,0.946243941783905
10,42,165,155,ce,86.32,0.03999999999999204,0.17232146859169006,0.499615341424942,1.8537100553512573
10,42,166,156,kl,86.46,0.14000000000000057,0.3926153779029846,0.6123778820037842,1.0140520334243774
10,42,167,157,kl,86.44,-0.01999999999999602,0.32346653938293457,0.5859478116035461,0.9990295171737671
10,42,168,158,kl,86.06,-0.37999999999999545,0.285489946603775,0.5775591135025024,0.9810344576835632
10,42,169,159,kl,86.16,0.09999999999999432,0.257326602935791,0.5810973048210144,0.9188899993896484
10,42,170,160,kl,86.0,-0.1599999999999966,0.33961254358291626,0.6035992503166199,0.9507692456245422
10,42,171,161,kl,86.12,0.12000000000000455,0.22849681973457336,0.5781014561653137,1.0140081644058228
10,42,172,162,kl,85.92,-0.20000000000000284,0.2620619833469391,0.5838907957077026,0.9208743572235107
10,42,173,163,kl,86.02,0.09999999999999432,0.3623153269290924,0.6253061294555664,0.9571816325187683
10,42,174,164,kl,85.9,-0.11999999999999034,0.3341428339481354,0.605096161365509,0.9693410992622375
10,42,175,165,kl,85.64,-0.2600000000000051,0.38067376613616943,0.6402711272239685,1.047007441520691
10,42,176,166,ce,85.78,0.14000000000000057,0.23063457012176514,0.5609944462776184,1.9351428747177124
10,42,177,167,kl,86.56,0.7800000000000011,0.3149133324623108,0.6140814423561096,0.9797970056533813
10,42,178,168,kl,86.64,0.0799999999999983,0.2918235659599304,0.6082462668418884,0.9889723062515259
10,42,179,169,kl,86.44,-0.20000000000000284,0.3198181688785553,0.616529643535614,1.02090585231781
10,42,180,170,kl,86.48,0.04000000000000625,0.3251802623271942,0.6177103519439697,0.9923856258392334
10,42,181,171,kl,86.28,-0.20000000000000284,0.3319772481918335,0.6202611327171326,0.9983936548233032
10,42,182,172,kl,86.46,0.1799999999999926,0.32899755239486694,0.6234768629074097,0.9904751181602478
10,42,183,173,kl,86.38,-0.0799999999999983,0.3149830400943756,0.618708074092865,1.009243369102478
10,42,184,174,kl,86.4,0.020000000000010232,0.31428179144859314,0.6212033629417419,1.0169854164123535
10,42,185,175,kl,86.54,0.14000000000000057,0.3087906837463379,0.6222913861274719,0.9842097759246826
10,42,186,176,kl,86.44,-0.10000000000000853,0.34587204456329346,0.634699821472168,1.033604383468628
10,42,187,177,ce,86.46,0.01999999999999602,0.15135593712329865,0.5520422458648682,1.467145323753357
10,42,188,178,kl,86.46,0.0,0.3489641547203064,0.6377821564674377,1.018298625946045
10,42,189,179,kl,86.42,-0.03999999999999204,0.33665457367897034,0.6321762204170227,1.0233129262924194
10,42,190,180,kl,86.26,-0.1599999999999966,0.3246275782585144,0.6335391998291016,1.0022116899490356
10,42,191,181,kl,86.22,-0.04000000000000625,0.3237038850784302,0.6267901062965393,1.0111548900604248
10,42,192,182,kl,86.32,0.09999999999999432,0.3292304575443268,0.63509601354599,1.0037034749984741
10,42,193,183,kl,86.32,0.0,0.3282833695411682,0.6319345831871033,1.0227982997894287
10,42,194,184,kl,86.64,0.3200000000000074,0.31230252981185913,0.6302692294120789,0.9909821152687073
10,42,195,185,kl,86.52,-0.12000000000000455,0.33200812339782715,0.6407940983772278,1.0141842365264893
10,42,196,186,kl,86.3,-0.21999999999999886,0.32578468322753906,0.6432338356971741,1.0144786834716797
10,42,197,187,kl,86.3,0.0,0.3388523459434509,0.6409538388252258,1.032684326171875
10,42,198,188,ce,86.64,0.3400000000000034,0.16892340779304504,0.563473641872406,1.512506127357483
10,42,199,189,kl,86.66,0.01999999999999602,0.35659918189048767,0.6499062180519104,1.0384628772735596
10,42,200,190,kl,86.42,-0.23999999999999488,0.32466983795166016,0.6342685222625732,1.0224745273590088
10,42,201,191,kl,86.42,0.0,0.35386034846305847,0.6467337012290955,1.0359249114990234
10,42,202,192,kl,86.58,0.1599999999999966,0.3289727568626404,0.639376699924469,1.0362547636032104
10,42,203,193,kl,86.4,-0.1799999999999926,0.34311312437057495,0.6440832018852234,1.0351308584213257
10,42,204,194,kl,86.68,0.28000000000000114,0.3448637127876282,0.6448995471000671,1.0146265029907227
10,42,205,195,kl,86.2,-0.480000000000004,0.36745569109916687,0.6558570265769958,1.036017656326294
10,42,206,196,kl,86.46,0.2599999999999909,0.3106814920902252,0.6331073641777039,1.0005459785461426
10,42,207,197,kl,86.42,-0.03999999999999204,0.3243103325366974,0.6424006223678589,1.0386806726455688
10,42,208,198,kl,86.26,-0.1599999999999966,0.3616930842399597,0.6577425003051758,1.0802894830703735
10,42,209,199,ce,86.52,0.2599999999999909,0.13696877658367157,0.5633593201637268,1.5487101078033447
10,42,210,200,kl,86.3,-0.21999999999999886,0.32615190744400024,0.6493611335754395,1.0393694639205933
10,42,211,201,kl,86.22,-0.0799999999999983,0.3216792047023773,0.6452627778053284,1.0590144395828247
10,42,212,202,kl,86.3,0.0799999999999983,0.33952927589416504,0.6544102430343628,1.050193190574646
10,42,213,203,kl,86.34,0.04000000000000625,0.3601697087287903,0.6644096970558167,1.064871072769165
10,42,214,204,kl,86.2,-0.14000000000000057,0.35118377208709717,0.6640210747718811,1.0934046506881714
10,42,215,205,kl,86.3,0.09999999999999432,0.3524806797504425,0.669491171836853,1.0187788009643555
10,42,216,206,kl,86.34,0.04000000000000625,0.34226691722869873,0.6672608256340027,1.0564422607421875
10,42,217,207,kl,86.28,-0.060000000000002274,0.3239555358886719,0.6578025817871094,0.9961332678794861
10,42,218,208,kl,86.44,0.1599999999999966,0.34582775831222534,0.6679172515869141,1.0577036142349243
10,42,219,209,kl,86.46,0.01999999999999602,0.3663073480129242,0.669624388217926,1.0705232620239258
10,42,220,210,ce,86.34,-0.11999999999999034,0.1630236804485321,0.5904320478439331,1.5854156017303467
10,456,1,-9,kl,38.88,29.200000000000003,0.4824438691139221,0.7156639099121094,1.1819918155670166
10,456,2,-8,kl,45.32,6.439999999999998,0.5967932939529419,0.6747978329658508,1.359810471534729
10,456,3,-7,kl,56.9,11.579999999999998,0.6256009340286255,0.5993338823318481,1.4776279926300049
10,456,4,-6,kl,62.46,5.560000000000002,0.31388479471206665,0.5060144066810608,1.0732671022415161
10,456,5,-5,kl,65.46,2.999999999999993,0.4456299841403961,0.5391985177993774,1.0055537223815918
10,456,6,-4,kl,70.54,5.0800000000000125,0.528087854385376,0.47647449374198914,0.9155904650688171
10,456,7,-3,kl,71.5,0.9599999999999937,0.5111336708068848,0.465453565120697,0.9019299745559692
10,456,8,-2,kl,72.84,1.3400000000000034,0.6070346832275391,0.5137936472892761,0.8038699626922607
10,456,9,-1,kl,71.76,-1.0799999999999983,0.7449295520782471,0.5844437479972839,1.1550607681274414
10,456,10,0,kl,75.02,3.259999999999991,0.6763960719108582,0.5560247302055359,1.3719947338104248
10,456,11,1,ce,77.36,2.3400000000000034,0.1717156618833542,0.302549809217453,1.7989917993545532
10,456,12,2,kl,75.0,-2.3599999999999994,0.6203004121780396,0.48418453335762024,0.8205164670944214
10,456,13,3,kl,77.9,2.9000000000000057,0.6371341943740845,0.4764913022518158,0.8804668188095093
10,456,14,4,kl,77.1,-0.8000000000000114,0.30486786365509033,0.4601176083087921,1.1125800609588623
10,456,15,5,kl,76.54,-0.5599999999999881,0.6353305578231812,0.4805048704147339,1.0312273502349854
10,456,16,6,kl,77.4,0.8599999999999994,0.5659624338150024,0.47623980045318604,1.1024179458618164
10,456,17,7,kl,78.18,0.7800000000000011,0.5424243211746216,0.4735376536846161,0.8734179139137268
10,456,18,8,kl,77.9,-0.28000000000000114,0.6856076717376709,0.4894239604473114,0.8125149011611938
10,456,19,9,kl,78.94,1.039999999999992,0.5406911373138428,0.4502692222595215,0.7830947637557983
10,456,20,10,kl,78.16,-0.7800000000000011,0.6843559741973877,0.5244159698486328,1.0179920196533203
10,456,21,11,kl,79.34,1.1800000000000068,0.47845932841300964,0.42548516392707825,0.975494384765625
10,456,22,12,ce,81.22,1.8799999999999955,0.021784402430057526,0.2862287759780884,1.5423836708068848
10,456,23,13,kl,79.38,-1.8400000000000034,0.7044784426689148,0.5433295965194702,1.047507405281067
10,456,24,14,kl,80.34,0.960000000000008,0.39878299832344055,0.4220025837421417,1.020115613937378
10,456,25,15,kl,80.2,-0.14000000000000057,0.5544341802597046,0.467407763004303,0.9366456866264343
10,456,26,16,kl,79.68,-0.519999999999996,0.35923445224761963,0.4246039390563965,0.8987274169921875
10,456,27,17,kl,80.16,0.47999999999998977,0.6301825046539307,0.48557978868484497,0.7736808061599731
10,456,28,18,kl,79.86,-0.29999999999999716,0.5791789889335632,0.46175912022590637,0.8126928210258484
10,456,29,19,kl,79.6,-0.2600000000000051,0.6887098550796509,0.5288004875183105,1.0325137376785278
10,456,30,20,kl,80.48,0.8800000000000097,0.5205639600753784,0.46492800116539,0.9163557887077332
10,456,31,21,kl,80.14,-0.3400000000000034,0.5260472297668457,0.4497467279434204,1.071853518486023
10,456,32,22,kl,80.5,0.35999999999999943,0.6854232549667358,0.5270777344703674,1.01875638961792
10,456,33,23,ce,80.44,-0.060000000000002274,0.32698890566825867,0.3534717857837677,1.7262904644012451
10,456,34,24,kl,80.28,-0.1599999999999966,0.6738707423210144,0.5509387254714966,1.001733660697937
10,456,35,25,kl,79.42,-0.8599999999999994,0.4694097638130188,0.4471043050289154,0.8838898539543152
10,456,36,26,kl,80.26,0.8400000000000034,0.6156697869300842,0.49801886081695557,0.9337998032569885
10,456,37,27,kl,80.9,0.6400000000000006,0.5495827198028564,0.4772701561450958,0.7901086807250977
10,456,38,28,kl,79.82,-1.0800000000000125,0.47945088148117065,0.4363451302051544,0.8213728070259094
10,456,39,29,kl,81.28,1.460000000000008,0.47050565481185913,0.4806973338127136,0.8280296325683594
10,456,40,30,kl,80.84,-0.4399999999999977,0.6226518154144287,0.4881625473499298,0.812050461769104
10,456,41,31,kl,81.76,0.9200000000000017,0.5026482939720154,0.46740710735321045,0.8522188663482666
10,456,42,32,kl,79.5,-2.260000000000005,0.6416636109352112,0.524824321269989,0.9280415773391724
10,456,43,33,kl,80.3,0.7999999999999972,0.6368709802627563,0.5230602025985718,0.9247791767120361
10,456,44,34,ce,80.54,0.2400000000000091,0.2792034149169922,0.335421621799469,1.5246069431304932
10,456,45,35,kl,80.4,-0.14000000000000057,0.5534831285476685,0.5309683084487915,0.9467672109603882
10,456,46,36,kl,78.9,-1.5,0.6816354990005493,0.5364580154418945,0.9804531335830688
10,456,47,37,kl,77.98,-0.9200000000000017,0.6991675496101379,0.5997102856636047,1.2400838136672974
10,456,48,38,kl,80.28,2.299999999999997,0.3912968635559082,0.4349571466445923,0.8361308574676514
10,456,49,39,kl,78.98,-1.2999999999999972,0.6271440386772156,0.4886416494846344,0.9643166065216064
10,456,50,40,kl,82.62,3.6400000000000006,0.593052864074707,0.4645991921424866,0.8056438565254211
10,456,51,41,kl,80.32,-2.3000000000000114,0.5222628116607666,0.4859708249568939,0.9671328663825989
10,456,52,42,kl,80.42,0.10000000000000853,0.44053328037261963,0.48013705015182495,1.1144260168075562
10,456,53,43,kl,81.06,0.6400000000000006,0.5427913665771484,0.4757842719554901,0.9135720729827881
10,456,54,44,kl,81.56,0.5,0.5407395362854004,0.4730514883995056,0.803815484046936
10,456,55,45,ce,81.54,-0.01999999999999602,0.285930335521698,0.2978200316429138,1.8730007410049438
10,456,56,46,kl,81.8,0.2599999999999909,0.5294492244720459,0.48032286763191223,0.9100078344345093
10,456,57,47,kl,80.22,-1.5799999999999983,0.470981240272522,0.48193371295928955,0.863372802734375
10,456,58,48,kl,81.32,1.0999999999999943,0.6158548593521118,0.5408990383148193,0.9707961082458496
10,456,59,49,kl,82.34,1.0200000000000102,0.5284612774848938,0.4653276205062866,0.930097758769989
10,456,60,50,kl,81.08,-1.2600000000000051,0.5517798662185669,0.49978333711624146,0.8673350811004639
10,456,61,51,kl,81.08,0.0,0.6530836224555969,0.5421770215034485,0.8494645357131958
10,456,62,52,kl,81.6,0.519999999999996,0.5743511915206909,0.4951760768890381,0.8376286625862122
10,456,63,53,kl,82.28,0.6800000000000068,0.5474350452423096,0.46042370796203613,0.8100647926330566
10,456,64,54,kl,82.2,-0.0799999999999983,0.5110350847244263,0.45318615436553955,0.9226846098899841
10,456,65,55,kl,81.84,-0.35999999999999943,0.5606277585029602,0.4803752601146698,0.8597061634063721
10,456,66,56,ce,82.08,0.23999999999999488,0.2578486204147339,0.36565423011779785,1.6310837268829346
10,456,67,57,kl,82.24,0.1599999999999966,0.5818450450897217,0.5023612976074219,0.8943653702735901
10,456,68,58,kl,80.84,-1.3999999999999915,0.7216837406158447,0.6102340221405029,1.1682708263397217
10,456,69,59,kl,80.8,-0.04000000000000625,0.5863904356956482,0.4800417423248291,1.014000415802002
10,456,70,60,kl,82.24,1.4399999999999977,0.5912114381790161,0.503140926361084,0.889512300491333
10,456,71,61,kl,81.88,-0.35999999999999943,0.4891546666622162,0.49414384365081787,0.8808952569961548
10,456,72,62,kl,81.44,-0.4399999999999977,0.6575178503990173,0.5294095277786255,1.1036369800567627
10,456,73,63,kl,81.16,-0.28000000000000114,0.5145382881164551,0.4505370855331421,0.7882252931594849
10,456,74,64,kl,81.68,0.5200000000000102,0.608867347240448,0.5078468918800354,1.0901062488555908
10,456,75,65,kl,82.4,0.7199999999999989,0.5672579407691956,0.4453140199184418,0.6987990736961365
10,456,76,66,kl,80.7,-1.7000000000000028,0.6242428421974182,0.5435003638267517,0.8860015869140625
10,456,77,67,ce,81.3,0.5999999999999943,0.29314714670181274,0.3394574224948883,1.8550703525543213
10,456,78,68,kl,81.32,0.01999999999999602,0.5147064328193665,0.5060595870018005,0.9254661202430725
10,456,79,69,kl,80.38,-0.9399999999999977,0.5319673418998718,0.4865228533744812,0.8435341119766235
10,456,80,70,kl,80.26,-0.11999999999999034,0.6684973239898682,0.5273862481117249,1.034743070602417
10,456,81,71,kl,81.46,1.1999999999999886,0.6545343399047852,0.5329012870788574,1.14139723777771
10,456,82,72,kl,81.0,-0.45999999999999375,0.5747997760772705,0.5405057072639465,1.0222970247268677
10,456,83,73,kl,80.4,-0.5999999999999943,0.5748357772827148,0.4677969813346863,0.7893333435058594
10,456,84,74,kl,80.64,0.23999999999999488,0.4442470371723175,0.46901533007621765,0.8297610878944397
10,456,85,75,kl,82.14,1.5,0.3257547616958618,0.43601366877555847,0.8785728216171265
10,456,86,76,kl,81.98,-0.1599999999999966,0.5703127980232239,0.5104893445968628,0.8295556902885437
10,456,87,77,kl,82.44,0.45999999999999375,0.5508551597595215,0.49508175253868103,0.823093831539154
10,456,88,78,ce,81.8,-0.6400000000000006,0.23998385667800903,0.34744811058044434,1.675711989402771
10,456,89,79,kl,81.16,-0.6400000000000006,0.6020262837409973,0.5035954713821411,0.823879599571228
10,456,90,80,kl,81.2,0.04000000000000625,0.731620192527771,0.6113014817237854,1.1166387796401978
10,456,91,81,kl,81.46,0.2599999999999909,0.35641559958457947,0.47205033898353577,0.9654350280761719
10,456,92,82,kl,80.2,-1.259999999999991,0.516737699508667,0.5157110095024109,0.9479256272315979
10,456,93,83,kl,82.16,1.9599999999999937,0.5172299146652222,0.4996156096458435,0.8454055190086365
10,456,94,84,kl,81.04,-1.1199999999999903,0.6497291326522827,0.5252266526222229,0.9678191542625427
10,456,95,85,kl,81.68,0.6400000000000006,0.46941858530044556,0.49014854431152344,0.8643518686294556
10,456,96,86,kl,81.28,-0.4000000000000057,0.3106071352958679,0.41265660524368286,0.7491104602813721
10,456,97,87,kl,82.22,0.9399999999999977,0.5616294741630554,0.5046770572662354,1.0417531728744507
10,456,98,88,kl,82.34,0.12000000000000455,0.6297098994255066,0.49930328130722046,0.8726648092269897
10,456,99,89,ce,82.68,0.3400000000000034,0.12494523823261261,0.31504881381988525,1.5486924648284912
10,456,100,90,kl,82.32,-0.36000000000001364,0.47923290729522705,0.5092852115631104,0.9848352074623108
10,456,101,91,kl,82.1,-0.21999999999999886,0.5459816455841064,0.4946571886539459,0.7225557565689087
10,456,102,92,kl,81.92,-0.1799999999999926,0.5304134488105774,0.4595494568347931,0.861382782459259
10,456,103,93,kl,81.88,-0.04000000000000625,0.5636200308799744,0.48302748799324036,0.8821850419044495
10,456,104,94,kl,80.92,-0.9599999999999937,0.5630430579185486,0.5094738006591797,0.9673165678977966
10,456,105,95,kl,81.62,0.7000000000000028,0.5632460117340088,0.5199834704399109,0.9071393013000488
10,456,106,96,kl,81.48,-0.14000000000000057,0.5796330571174622,0.4981866478919983,0.8547143340110779
10,456,107,97,kl,81.04,-0.4399999999999977,0.530152440071106,0.47765040397644043,0.8904802799224854
10,456,108,98,kl,82.18,1.1400000000000006,0.43054550886154175,0.4455416202545166,0.8445209264755249
10,456,109,99,kl,83.16,0.9799999999999898,0.39924341440200806,0.4484262764453888,0.8310496211051941
10,456,110,100,ce,81.58,-1.5799999999999983,0.22521139681339264,0.38569676876068115,1.6415551900863647
10,456,111,101,kl,79.74,-1.8400000000000034,0.6355804204940796,0.5675943493843079,1.1065599918365479
10,456,112,102,kl,82.2,2.460000000000008,0.6178153157234192,0.5212962031364441,1.0897321701049805
10,456,113,103,kl,80.98,-1.2199999999999989,0.5358749032020569,0.513451874256134,0.9890600442886353
10,456,114,104,kl,81.22,0.23999999999999488,0.45851221680641174,0.5128074884414673,0.8928539752960205
10,456,115,105,kl,81.88,0.6599999999999966,0.45164334774017334,0.45279350876808167,0.9676987528800964
10,456,116,106,kl,82.54,0.6600000000000108,0.5339335799217224,0.4674103260040283,0.9693902134895325
10,456,117,107,kl,82.68,0.14000000000000057,0.5046061873435974,0.45640888810157776,0.6268891096115112
10,456,118,108,kl,81.74,-0.9400000000000119,0.5845324993133545,0.4895183742046356,0.849345326423645
10,456,119,109,kl,78.3,-3.4399999999999977,0.5362544059753418,0.5063287615776062,0.9292005896568298
10,456,120,110,kl,80.78,2.480000000000004,0.5678825974464417,0.5085738301277161,0.9926453232765198
10,456,121,111,ce,80.34,-0.4399999999999977,0.3234981894493103,0.38497960567474365,1.7486984729766846
10,456,122,112,kl,85.36,5.019999999999996,0.37468332052230835,0.424947053194046,0.646945595741272
10,456,123,113,kl,85.48,0.12000000000000455,0.4077475070953369,0.4376753270626068,0.6109582781791687
10,456,124,114,kl,85.06,-0.4200000000000017,0.41819101572036743,0.43962395191192627,0.6183536648750305
10,456,125,115,kl,85.5,0.4399999999999977,0.3770917057991028,0.4318842887878418,0.6320433020591736
10,456,126,116,kl,85.52,0.01999999999999602,0.3626004457473755,0.4324376881122589,0.6523216962814331
10,456,127,117,kl,85.4,-0.11999999999999034,0.2679639160633087,0.41408851742744446,0.6022533178329468
10,456,128,118,kl,85.6,0.19999999999998863,0.3062489628791809,0.42100340127944946,0.6135076880455017
10,456,129,119,kl,85.58,-0.01999999999999602,0.3909474015235901,0.44511333107948303,0.6641842722892761
10,456,130,120,kl,85.62,0.04000000000000625,0.35020479559898376,0.43777912855148315,0.6446173191070557
10,456,131,121,kl,85.82,0.19999999999998863,0.31918543577194214,0.4447200894355774,0.6973458528518677
10,456,132,122,ce,85.94,0.12000000000000455,0.08737339079380035,0.36967024207115173,1.178583025932312
10,456,133,123,kl,85.7,-0.23999999999999488,0.37565597891807556,0.4622451663017273,0.6554039120674133
10,456,134,124,kl,85.72,0.01999999999999602,0.41385722160339355,0.4722513258457184,0.7070513963699341
10,456,135,125,kl,85.64,-0.0799999999999983,0.33227500319480896,0.4612319767475128,0.6963838934898376
10,456,136,126,kl,86.16,0.519999999999996,0.36092936992645264,0.46151140332221985,0.6715822219848633
10,456,137,127,kl,85.8,-0.35999999999999943,0.36807578802108765,0.4731733798980713,0.6525102853775024
10,456,138,128,kl,85.48,-0.3199999999999932,0.34006911516189575,0.47018012404441833,0.688523530960083
10,456,139,129,kl,85.62,0.14000000000000057,0.4103007912635803,0.48669537901878357,0.6990035772323608
10,456,140,130,kl,85.9,0.28000000000000114,0.33661943674087524,0.4685550630092621,0.6427353620529175
10,456,141,131,kl,85.66,-0.2400000000000091,0.35300111770629883,0.4787510335445404,0.6951573491096497
10,456,142,132,kl,85.56,-0.09999999999999432,0.45947009325027466,0.5129604339599609,0.8404116034507751
10,456,143,133,ce,86.42,0.8599999999999994,0.10668808966875076,0.39976662397384644,1.310483694076538
10,456,144,134,kl,85.6,-0.8200000000000074,0.35329052805900574,0.47064435482025146,0.7025989890098572
10,456,145,135,kl,85.58,-0.01999999999999602,0.40505433082580566,0.5028368234634399,0.7383696436882019
10,456,146,136,kl,85.72,0.14000000000000057,0.3531368672847748,0.5058486461639404,0.6729694604873657
10,456,147,137,kl,85.9,0.18000000000000682,0.3448944687843323,0.5075345039367676,0.7055580615997314
10,456,148,138,kl,85.66,-0.2400000000000091,0.43691638112068176,0.5237795114517212,0.7859365344047546
10,456,149,139,kl,85.7,0.04000000000000625,0.4248768091201782,0.5269874334335327,0.8051513433456421
10,456,150,140,kl,85.92,0.21999999999999886,0.4444238841533661,0.5426701903343201,0.7843601107597351
10,456,151,141,kl,85.54,-0.37999999999999545,0.28777676820755005,0.5077448487281799,0.7876370549201965
10,456,152,142,kl,85.76,0.21999999999999886,0.2944742441177368,0.5076154470443726,0.7710270285606384
10,456,153,143,kl,85.86,0.09999999999999432,0.37925606966018677,0.5352240204811096,0.7652984261512756
10,456,154,144,ce,85.98,0.12000000000000455,0.20981314778327942,0.4572142958641052,1.441495656967163
10,456,155,145,kl,85.78,-0.20000000000000284,0.3650099039077759,0.534303605556488,0.729485273361206
10,456,156,146,kl,85.84,0.060000000000002274,0.33586859703063965,0.5268112421035767,0.8128252029418945
10,456,157,147,kl,85.98,0.14000000000000057,0.3670109212398529,0.5334990620613098,0.7924574613571167
10,456,158,148,kl,85.86,-0.12000000000000455,0.37388649582862854,0.5332836508750916,0.7668005228042603
10,456,159,149,kl,86.08,0.21999999999999886,0.3914768099784851,0.5513162016868591,0.773761510848999
10,456,160,150,kl,85.74,-0.3400000000000034,0.3422538638114929,0.5405409336090088,0.7537920475006104
10,456,161,151,kl,86.0,0.2600000000000051,0.34283167123794556,0.5407093167304993,0.769280731678009
10,456,162,152,kl,85.9,-0.09999999999999432,0.3920819163322449,0.5737254023551941,0.837469220161438
10,456,163,153,kl,85.5,-0.4000000000000057,0.47194376587867737,0.6141821146011353,0.877364993095398
10,456,164,154,kl,85.64,0.14000000000000057,0.37525874376296997,0.5744372010231018,0.8736074566841125
10,456,165,155,ce,86.1,0.45999999999999375,0.10174457728862762,0.482587605714798,1.4021533727645874
10,456,166,156,kl,86.1,0.0,0.3511715531349182,0.5623998045921326,0.794089674949646
10,456,167,157,kl,85.78,-0.3199999999999932,0.43706199526786804,0.6123390197753906,0.8522487878799438
10,456,168,158,kl,86.28,0.5,0.40634244680404663,0.5821929574012756,0.852264404296875
10,456,169,159,kl,86.08,-0.20000000000000284,0.42636245489120483,0.6029338836669922,0.9024071097373962
10,456,170,160,kl,86.0,-0.0799999999999983,0.3590339720249176,0.5774666666984558,0.8708137273788452
10,456,171,161,kl,85.88,-0.12000000000000455,0.3892030119895935,0.6061012148857117,0.8163290619850159
10,456,172,162,kl,85.96,0.0799999999999983,0.498270183801651,0.6518118977546692,1.0515129566192627
10,456,173,163,kl,86.2,0.2400000000000091,0.33371683955192566,0.5810506343841553,0.8489938378334045
10,456,174,164,kl,85.7,-0.5,0.36666959524154663,0.6153671145439148,0.9336463809013367
10,456,175,165,kl,85.78,0.0799999999999983,0.3669571280479431,0.6131972074508667,0.8560293316841125
10,456,176,166,ce,86.12,0.3400000000000034,0.17254561185836792,0.5254656672477722,1.5480438470840454
10,456,177,167,kl,86.26,0.14000000000000057,0.3432118892669678,0.6034989953041077,0.8365783095359802
10,456,178,168,kl,86.22,-0.04000000000000625,0.3565760850906372,0.6100560426712036,0.8510111570358276
10,456,179,169,kl,86.34,0.12000000000000455,0.3613549470901489,0.6131749153137207,0.8503734469413757
10,456,180,170,kl,86.36,0.01999999999999602,0.3581104874610901,0.6135603189468384,0.8595694899559021
10,456,181,171,kl,86.1,-0.2600000000000051,0.384738028049469,0.6202290654182434,0.8798242211341858
10,456,182,172,kl,86.22,0.12000000000000455,0.36251968145370483,0.615392804145813,0.8671950697898865
10,456,183,173,kl,86.1,-0.12000000000000455,0.37774336338043213,0.617729663848877,0.8638062477111816
10,456,184,174,kl,86.02,-0.0799999999999983,0.37751761078834534,0.6202715635299683,0.8871456384658813
10,456,185,175,kl,86.12,0.10000000000000853,0.36131250858306885,0.6187515258789062,0.8690173029899597
10,456,186,176,kl,86.16,0.03999999999999204,0.3820765018463135,0.622069239616394,0.8455313444137573
10,456,187,177,ce,86.34,0.18000000000000682,0.15390104055404663,0.5447471141815186,1.1924481391906738
10,456,188,178,kl,86.18,-0.1599999999999966,0.3907388150691986,0.629193902015686,0.8785116076469421
10,456,189,179,kl,86.14,-0.04000000000000625,0.397919237613678,0.6371734738349915,0.8928996920585632
10,456,190,180,kl,86.2,0.060000000000002274,0.36879658699035645,0.6218501329421997,0.8666625618934631
10,456,191,181,kl,85.98,-0.21999999999999886,0.37097853422164917,0.6249666213989258,0.8829852342605591
10,456,192,182,kl,85.96,-0.020000000000010232,0.40227195620536804,0.6309108138084412,0.8895859122276306
10,456,193,183,kl,86.12,0.1600000000000108,0.405222088098526,0.6340502500534058,0.930941104888916
10,456,194,184,kl,86.12,0.0,0.4025799036026001,0.6367203593254089,0.9052988290786743
10,456,195,185,kl,85.94,-0.18000000000000682,0.4081695079803467,0.6424928903579712,0.8987017273902893
10,456,196,186,kl,85.74,-0.20000000000000284,0.3888428211212158,0.6406863331794739,0.8981378078460693
10,456,197,187,kl,86.08,0.3400000000000034,0.3700464367866516,0.6307626366615295,0.888950526714325
10,456,198,188,ce,86.42,0.3400000000000034,0.1584455370903015,0.5560420751571655,1.2498143911361694
10,456,199,189,kl,85.96,-0.46000000000000796,0.3859028220176697,0.6359224319458008,0.9039588570594788
10,456,200,190,kl,85.9,-0.05999999999998806,0.41768673062324524,0.6457064747810364,0.9527453184127808
10,456,201,191,kl,86.12,0.21999999999999886,0.4017947316169739,0.6386212110519409,0.9298732876777649
10,456,202,192,kl,85.74,-0.38000000000000966,0.43670210242271423,0.6560561060905457,0.9498596787452698
10,456,203,193,kl,85.92,0.18000000000000682,0.4034825563430786,0.6452640891075134,0.9328365921974182
10,456,204,194,kl,86.02,0.09999999999999432,0.403115451335907,0.6454483270645142,0.9325466752052307
10,456,205,195,kl,86.16,0.14000000000000057,0.4210512638092041,0.6560778617858887,0.9538466930389404
10,456,206,196,kl,85.96,-0.20000000000000284,0.3902217149734497,0.6451296210289001,0.9333598017692566
10,456,207,197,kl,86.12,0.1600000000000108,0.394771009683609,0.6450562477111816,0.9094750881195068
10,456,208,198,kl,86.0,-0.12000000000000455,0.39637547731399536,0.6453888416290283,0.9227262735366821
10,456,209,199,ce,86.4,0.4000000000000057,0.14221420884132385,0.5539591908454895,1.2762396335601807
10,456,210,200,kl,86.04,-0.35999999999999943,0.4209003448486328,0.6534870266914368,0.9523764252662659
10,456,211,201,kl,85.94,-0.10000000000000853,0.39235758781433105,0.6435649991035461,0.9200289249420166
10,456,212,202,kl,86.28,0.3400000000000034,0.4061927795410156,0.6492682099342346,0.9538613557815552
10,456,213,203,kl,86.02,-0.2600000000000051,0.41230496764183044,0.658909261226654,0.9669468998908997
10,456,214,204,kl,86.04,0.020000000000010232,0.40870869159698486,0.6583446264266968,0.967043399810791
10,456,215,205,kl,86.22,0.1799999999999926,0.42040401697158813,0.664936363697052,0.96294105052948
10,456,216,206,kl,86.08,-0.14000000000000057,0.39452967047691345,0.6584120988845825,0.9606029391288757
10,456,217,207,kl,86.04,-0.03999999999999204,0.40267688035964966,0.6562427282333374,0.961238443851471
10,456,218,208,kl,86.16,0.11999999999999034,0.4167540669441223,0.6665089130401611,0.9785618782043457
10,456,219,209,kl,86.0,-0.1599999999999966,0.4413297474384308,0.6757388114929199,0.9812106490135193
10,456,220,210,ce,86.28,0.28000000000000114,0.16308528184890747,0.5786644220352173,1.2848390340805054
10,789,1,-9,kl,41.6,32.22,0.7175809144973755,0.8171578645706177,1.7170233726501465
10,789,2,-8,kl,48.6,7.0,0.6583791971206665,0.7332697510719299,1.4635035991668701
10,789,3,-7,kl,62.06,13.46,0.7196786403656006,0.5406827926635742,1.2652630805969238
10,789,4,-6,kl,69.14,7.079999999999998,0.5678180456161499,0.430714875459671,1.0157923698425293
10,789,5,-5,kl,70.56,1.4200000000000017,0.478264719247818,0.44036513566970825,0.9040332436561584
10,789,6,-4,kl,72.36,1.7999999999999972,0.5874995589256287,0.47959333658218384,1.16276216506958
10,789,7,-3,kl,74.68,2.3200000000000074,0.5154933929443359,0.4131320118904114,0.9040573835372925
10,789,8,-2,kl,75.86,1.1799999999999926,0.539086103439331,0.4343920350074768,0.9377961158752441
10,789,9,-1,kl,76.34,0.480000000000004,0.5789918303489685,0.4610656201839447,0.9968844056129456
10,789,10,0,kl,76.98,0.6400000000000006,0.4773847758769989,0.42861679196357727,0.9105173945426941
10,789,11,1,ce,78.3,1.3199999999999932,0.2835332751274109,0.33968228101730347,1.8790292739868164
10,789,12,2,kl,76.7,-1.5999999999999943,0.41424164175987244,0.4173528552055359,0.9091457724571228
10,789,13,3,kl,77.9,1.2000000000000028,0.2752439081668854,0.3781830668449402,1.0566121339797974
10,789,14,4,kl,78.1,0.19999999999998863,0.3986271917819977,0.41827523708343506,0.9347925782203674
10,789,15,5,kl,79.38,1.2800000000000011,0.5530984401702881,0.4736652076244354,1.0495259761810303
10,789,16,6,kl,78.06,-1.3199999999999932,0.5441454648971558,0.47295090556144714,1.1924622058868408
10,789,17,7,kl,79.88,1.8199999999999932,0.3557550311088562,0.40772393345832825,0.9719353914260864
10,789,18,8,kl,79.36,-0.519999999999996,0.6669458746910095,0.5100313425064087,0.8483696579933167
10,789,19,9,kl,78.06,-1.2999999999999972,0.5756746530532837,0.48952552676200867,1.1345515251159668
10,789,20,10,kl,80.78,2.719999999999999,0.4030081629753113,0.3942347764968872,0.7113286256790161
10,789,21,11,kl,79.68,-1.0999999999999943,0.6294083595275879,0.4666893482208252,0.9490426182746887
10,789,22,12,ce,80.22,0.539999999999992,0.30909132957458496,0.3143911063671112,1.8737391233444214
10,789,23,13,kl,81.16,0.9399999999999977,0.41667333245277405,0.42391517758369446,0.9500786662101746
10,789,24,14,kl,79.82,-1.3400000000000034,0.3984244465827942,0.41655126214027405,0.9605678915977478
10,789,25,15,kl,78.8,-1.019999999999996,0.49807965755462646,0.47429990768432617,1.1389135122299194
10,789,26,16,kl,79.38,0.5799999999999983,0.5484929084777832,0.47532331943511963,1.0538707971572876
10,789,27,17,kl,79.84,0.46000000000000796,0.46814554929733276,0.48243072628974915,0.9517611265182495
10,789,28,18,kl,80.06,0.21999999999999886,0.4388762414455414,0.4116143584251404,1.0007151365280151
10,789,29,19,kl,79.96,-0.10000000000000853,0.6004416942596436,0.4614723324775696,0.7738440036773682
10,789,30,20,kl,81.5,1.5400000000000063,0.41639256477355957,0.42212262749671936,1.0465421676635742
10,789,31,21,kl,80.4,-1.0999999999999943,0.5994116067886353,0.4677080512046814,0.9127090573310852
10,789,32,22,kl,81.68,1.2800000000000011,0.2810329496860504,0.4022620618343353,0.9056848287582397
10,789,33,23,ce,79.8,-1.8800000000000097,0.30062711238861084,0.3116268515586853,1.9116476774215698
10,789,34,24,kl,80.9,1.1000000000000085,0.43066832423210144,0.40033382177352905,0.9116819500923157
10,789,35,25,kl,81.38,0.47999999999998977,0.4370620846748352,0.42770692706108093,0.8968344330787659
10,789,36,26,kl,79.96,-1.4200000000000017,0.5982532501220703,0.5040425658226013,1.0650817155838013
10,789,37,27,kl,81.34,1.3800000000000097,0.7200153470039368,0.5532660484313965,1.1940535306930542
10,789,38,28,kl,80.72,-0.6200000000000045,0.5926756858825684,0.4907029867172241,1.2872323989868164
10,789,39,29,kl,79.26,-1.4599999999999937,0.5788032412528992,0.4755551517009735,0.9427943825721741
10,789,40,30,kl,80.92,1.6599999999999966,0.5462789535522461,0.4608275592327118,0.9977483749389648
10,789,41,31,kl,80.8,-0.12000000000000455,0.525246262550354,0.4644837975502014,1.0728741884231567
10,789,42,32,kl,81.46,0.6599999999999966,0.442203164100647,0.44377079606056213,0.866262674331665
10,789,43,33,kl,81.48,0.020000000000010232,0.380045622587204,0.41423743963241577,1.0442312955856323
10,789,44,34,ce,81.36,-0.12000000000000455,0.29833391308784485,0.39962437748908997,1.727409839630127
10,789,45,35,kl,81.2,-0.1599999999999966,0.531349241733551,0.500981867313385,1.1888246536254883
10,789,46,36,kl,78.52,-2.680000000000007,0.5813837647438049,0.4920787215232849,1.1537739038467407
10,789,47,37,kl,81.18,2.660000000000011,0.48535120487213135,0.4384267330169678,0.8998388648033142
10,789,48,38,kl,82.3,1.1199999999999903,0.5921794176101685,0.4678419828414917,0.9294217824935913
10,789,49,39,kl,80.4,-1.8999999999999915,0.522235095500946,0.4302622973918915,0.8314983248710632
10,789,50,40,kl,80.34,-0.060000000000002274,0.3519676923751831,0.41867178678512573,0.7734584212303162
10,789,51,41,kl,80.68,0.3400000000000034,0.6042137145996094,0.5036841034889221,1.0330289602279663
10,789,52,42,kl,81.36,0.6799999999999926,0.40754568576812744,0.41256463527679443,0.9763717651367188
10,789,53,43,kl,81.2,-0.1599999999999966,0.5496209859848022,0.47994470596313477,1.0276973247528076
10,789,54,44,kl,81.68,0.480000000000004,0.3656291961669922,0.4392252266407013,0.8708649277687073
10,789,55,45,ce,80.62,-1.0600000000000023,0.29485756158828735,0.30762872099876404,1.8959381580352783
10,789,56,46,kl,80.22,-0.4000000000000057,0.5547438859939575,0.49001842737197876,1.0086820125579834
10,789,57,47,kl,81.08,0.8599999999999994,0.4246456027030945,0.4049055874347687,1.0164575576782227
10,789,58,48,kl,82.32,1.2399999999999949,0.24361467361450195,0.4137289524078369,1.0581276416778564
10,789,59,49,kl,80.32,-2.0,0.3943519592285156,0.41933518648147583,1.1690218448638916
10,789,60,50,kl,80.08,-0.23999999999999488,0.5678501129150391,0.48998671770095825,0.9814397096633911
10,789,61,51,kl,81.36,1.2800000000000011,0.5868005752563477,0.5099151730537415,0.9558154940605164
10,789,62,52,kl,81.28,-0.0799999999999983,0.5962010025978088,0.4747811555862427,1.1210569143295288
10,789,63,53,kl,82.2,0.9200000000000017,0.44719210267066956,0.41976282000541687,0.9766982197761536
10,789,64,54,kl,80.72,-1.480000000000004,0.5330501794815063,0.49088120460510254,1.112152099609375
10,789,65,55,kl,82.32,1.5999999999999943,0.5704547166824341,0.43838122487068176,0.9707004427909851
10,789,66,56,ce,79.1,-3.219999999999999,0.27720195055007935,0.3268844485282898,1.845041036605835
10,789,67,57,kl,82.68,3.5800000000000125,0.39555397629737854,0.39835086464881897,0.8077359199523926
10,789,68,58,kl,82.3,-0.38000000000000966,0.5547001361846924,0.46415191888809204,0.9237592220306396
10,789,69,59,kl,81.16,-1.1400000000000006,0.5775783658027649,0.5086033344268799,1.0222803354263306
10,789,70,60,kl,81.64,0.480000000000004,0.46407824754714966,0.4509655833244324,0.8803467154502869
10,789,71,61,kl,81.18,-0.45999999999999375,0.3824711740016937,0.40825021266937256,1.0531765222549438
10,789,72,62,kl,83.06,1.8799999999999955,0.5176796317100525,0.4356003999710083,0.9593414068222046
10,789,73,63,kl,82.98,-0.0799999999999983,0.4106632471084595,0.40817052125930786,0.8002602458000183
10,789,74,64,kl,79.38,-3.6000000000000085,0.5761067867279053,0.480806827545166,0.9909088015556335
10,789,75,65,kl,81.36,1.980000000000004,0.46719929575920105,0.4554022550582886,1.0652328729629517
10,789,76,66,kl,81.14,-0.21999999999999886,0.47554391622543335,0.43015140295028687,1.1323000192642212
10,789,77,67,ce,80.72,-0.4200000000000017,0.4254932403564453,0.39006784558296204,1.8162111043930054
10,789,78,68,kl,80.34,-0.37999999999999545,0.6243101954460144,0.49556389451026917,1.1416254043579102
10,789,79,69,kl,81.24,0.8999999999999915,0.41952085494995117,0.4401775002479553,0.8932110071182251
10,789,80,70,kl,81.92,0.6800000000000068,0.44673794507980347,0.44168800115585327,0.8858981132507324
10,789,81,71,kl,82.04,0.12000000000000455,0.5676385760307312,0.46373358368873596,0.909669041633606
10,789,82,72,kl,83.06,1.019999999999996,0.35252267122268677,0.4053667485713959,1.112126350402832
10,789,83,73,kl,82.96,-0.10000000000000853,0.4139512777328491,0.4351970851421356,0.8717902302742004
10,789,84,74,kl,80.48,-2.4799999999999898,0.5026363730430603,0.44264382123947144,0.9482408165931702
10,789,85,75,kl,82.8,2.319999999999993,0.47488000988960266,0.40469804406166077,0.8085886836051941
10,789,86,76,kl,81.36,-1.4399999999999977,0.4752812683582306,0.4737386703491211,1.1535632610321045
10,789,87,77,kl,82.3,0.9399999999999977,0.40481191873550415,0.4204290211200714,0.9043705463409424
10,789,88,78,ce,79.9,-2.3999999999999915,0.3318859934806824,0.3344252407550812,1.890898585319519
10,789,89,79,kl,81.56,1.6599999999999966,0.3951248228549957,0.41056784987449646,0.9070673584938049
10,789,90,80,kl,82.96,1.3999999999999915,0.46526607871055603,0.4244736433029175,0.9679656028747559
10,789,91,81,kl,80.7,-2.259999999999991,0.5688348412513733,0.4614920914173126,1.002233862876892
10,789,92,82,kl,81.28,0.5799999999999983,0.5465417504310608,0.4622690975666046,1.0715103149414062
10,789,93,83,kl,82.52,1.2399999999999949,0.3820345103740692,0.42243558168411255,0.7851537466049194
10,789,94,84,kl,82.2,-0.3199999999999932,0.39700061082839966,0.4055538773536682,0.8440848588943481
10,789,95,85,kl,81.46,-0.7400000000000091,0.4730585813522339,0.4205273985862732,0.8211011290550232
10,789,96,86,kl,81.52,0.060000000000002274,0.5645433664321899,0.4886317551136017,0.8220003247261047
10,789,97,87,kl,79.92,-1.5999999999999943,0.6050963401794434,0.482921838760376,1.1178946495056152
10,789,98,88,kl,81.98,2.0600000000000023,0.5064940452575684,0.4642804265022278,0.9164155721664429
10,789,99,89,ce,79.36,-2.6200000000000045,0.38143613934516907,0.3741039037704468,1.810746669769287
10,789,100,90,kl,81.5,2.1400000000000006,0.5661355257034302,0.5082712769508362,1.1695117950439453
10,789,101,91,kl,81.86,0.35999999999999943,0.5525181293487549,0.4922386109828949,0.9499879479408264
10,789,102,92,kl,80.86,-1.0,0.5555915832519531,0.507510781288147,1.2761491537094116
10,789,103,93,kl,81.48,0.6200000000000045,0.4519871771335602,0.4685232937335968,1.0764013528823853
10,789,104,94,kl,81.76,0.28000000000000114,0.5063353180885315,0.4506334066390991,0.9340227246284485
10,789,105,95,kl,82.08,0.3199999999999932,0.4915632903575897,0.4325222074985504,1.0905543565750122
10,789,106,96,kl,82.34,0.2600000000000051,0.4699164628982544,0.43981122970581055,0.9007978439331055
10,789,107,97,kl,82.2,-0.14000000000000057,0.48635849356651306,0.4512510895729065,1.010302186012268
10,789,108,98,kl,81.88,-0.3200000000000074,0.4427964389324188,0.44117459654808044,0.8726392388343811
10,789,109,99,kl,83.08,1.2000000000000028,0.46973055601119995,0.41725191473960876,0.6430882811546326
10,789,110,100,ce,80.54,-2.539999999999992,0.32232898473739624,0.3245914578437805,1.7673732042312622
10,789,111,101,kl,82.2,1.6599999999999966,0.3941226899623871,0.4137606918811798,0.893487274646759
10,789,112,102,kl,80.3,-1.9000000000000057,0.5690480470657349,0.5123305320739746,1.2502938508987427
10,789,113,103,kl,81.54,1.240000000000009,0.6453773975372314,0.47514501214027405,1.0036556720733643
10,789,114,104,kl,81.0,-0.5400000000000063,0.4546608328819275,0.3976210653781891,1.006853461265564
10,789,115,105,kl,82.2,1.2000000000000028,0.4110637903213501,0.41095638275146484,0.8985880613327026
10,789,116,106,kl,81.68,-0.519999999999996,0.5021020770072937,0.472573459148407,0.9112286567687988
10,789,117,107,kl,81.62,-0.060000000000002274,0.41478338837623596,0.42792585492134094,0.9395353198051453
10,789,118,108,kl,81.96,0.3399999999999892,0.4075547456741333,0.4475752115249634,1.0268555879592896
10,789,119,109,kl,81.9,-0.05999999999998806,0.4762433171272278,0.4470716118812561,1.0541579723358154
10,789,120,110,kl,81.76,-0.14000000000000057,0.5203437805175781,0.45785167813301086,0.9836487770080566
10,789,121,111,ce,82.04,0.28000000000000114,0.24228020012378693,0.3525698184967041,1.6689367294311523
10,789,122,112,kl,84.44,2.3999999999999915,0.3291107714176178,0.3978484272956848,0.7568686008453369
10,789,123,113,kl,84.86,0.4200000000000017,0.29721635580062866,0.3888743221759796,0.711312472820282
10,789,124,114,kl,84.9,0.04000000000000625,0.3191741108894348,0.39114540815353394,0.7112136483192444
10,789,125,115,kl,85.16,0.2599999999999909,0.32080766558647156,0.4016154110431671,0.7024893760681152
10,789,126,116,kl,85.08,-0.0799999999999983,0.3116334080696106,0.39871224761009216,0.7293327450752258
10,789,127,117,kl,84.98,-0.09999999999999432,0.32319679856300354,0.4057299792766571,0.7763264179229736
10,789,128,118,kl,85.0,0.01999999999999602,0.32437413930892944,0.406968891620636,0.7754887938499451
10,789,129,119,kl,84.96,-0.04000000000000625,0.3438655138015747,0.4146721065044403,0.73903888463974
10,789,130,120,kl,85.22,0.2600000000000051,0.30305808782577515,0.4029579758644104,0.7622267603874207
10,789,131,121,kl,84.98,-0.23999999999999488,0.26675254106521606,0.40545710921287537,0.7975475192070007
10,789,132,122,ce,85.58,0.5999999999999943,0.2103404402732849,0.3692114055156708,1.2254538536071777
10,789,133,123,kl,85.06,-0.519999999999996,0.2909385561943054,0.41656050086021423,0.8322659730911255
10,789,134,124,kl,84.96,-0.10000000000000853,0.33984375,0.4396876394748688,0.8309856057167053
10,789,135,125,kl,85.26,0.30000000000001137,0.38114309310913086,0.4509727656841278,0.8135021924972534
10,789,136,126,kl,85.2,-0.060000000000002274,0.2899419963359833,0.43750739097595215,0.8065795302391052
10,789,137,127,kl,85.08,-0.12000000000000455,0.3431912362575531,0.4507942795753479,0.8632057309150696
10,789,138,128,kl,84.92,-0.1599999999999966,0.28968578577041626,0.4441218674182892,0.85085529088974
10,789,139,129,kl,84.72,-0.20000000000000284,0.279066801071167,0.43977102637290955,0.8217850923538208
10,789,140,130,kl,84.64,-0.0799999999999983,0.31912484765052795,0.4568324387073517,0.9495064616203308
10,789,141,131,kl,84.86,0.21999999999999886,0.34500521421432495,0.46911656856536865,0.7967251539230347
10,789,142,132,kl,85.1,0.23999999999999488,0.3458014726638794,0.4649820327758789,0.9151121377944946
10,789,143,133,ce,85.3,0.20000000000000284,0.23934321105480194,0.42256107926368713,1.3602012395858765
10,789,144,134,kl,85.1,-0.20000000000000284,0.2937197685241699,0.4577266573905945,0.9139049053192139
10,789,145,135,kl,85.12,0.020000000000010232,0.2900282144546509,0.47049105167388916,0.8839592933654785
10,789,146,136,kl,85.34,0.21999999999999886,0.28999292850494385,0.4697628915309906,0.8929248452186584
10,789,147,137,kl,85.2,-0.14000000000000057,0.37096571922302246,0.507669985294342,0.8859955072402954
10,789,148,138,kl,85.3,0.09999999999999432,0.32143494486808777,0.4751241207122803,0.90590900182724
10,789,149,139,kl,85.12,-0.1799999999999926,0.39618831872940063,0.5165433883666992,0.9432651996612549
10,789,150,140,kl,85.16,0.03999999999999204,0.3715619444847107,0.515934407711029,0.8897385597229004
10,789,151,141,kl,85.06,-0.09999999999999432,0.38280999660491943,0.5138212442398071,0.9782105684280396
10,789,152,142,kl,84.84,-0.21999999999999886,0.29522570967674255,0.49494338035583496,0.9658016562461853
10,789,153,143,kl,84.92,0.0799999999999983,0.3123055398464203,0.49558189511299133,0.9698952436447144
10,789,154,144,ce,85.12,0.20000000000000284,0.31031346321105957,0.46455955505371094,1.5200622081756592
10,789,155,145,kl,85.0,-0.12000000000000455,0.3783012628555298,0.5274698734283447,0.9492102265357971
10,789,156,146,kl,85.14,0.14000000000000057,0.37014371156692505,0.518456757068634,0.9443221688270569
10,789,157,147,kl,85.2,0.060000000000002274,0.33493858575820923,0.5237230062484741,0.9869625568389893
10,789,158,148,kl,85.26,0.060000000000002274,0.40793532133102417,0.5563787817955017,1.0165013074874878
10,789,159,149,kl,84.72,-0.5400000000000063,0.3853001594543457,0.554607629776001,1.0097814798355103
10,789,160,150,kl,84.98,0.2600000000000051,0.40365517139434814,0.5579675436019897,0.9663781523704529
10,789,161,151,kl,85.14,0.1599999999999966,0.3713252544403076,0.5414554476737976,0.999910295009613
10,789,162,152,kl,85.28,0.14000000000000057,0.3649182617664337,0.5563920140266418,0.9630153775215149
10,789,163,153,kl,84.86,-0.4200000000000017,0.3598673641681671,0.5491769313812256,0.9974455833435059
10,789,164,154,kl,85.28,0.4200000000000017,0.37900516390800476,0.5596846342086792,1.0642659664154053
10,789,165,155,ce,85.54,0.2600000000000051,0.3762657046318054,0.564108669757843,1.6580674648284912
10,789,166,156,kl,84.86,-0.6800000000000068,0.34657007455825806,0.5497636198997498,1.0609675645828247
10,789,167,157,kl,84.86,0.0,0.4343457818031311,0.5912157297134399,1.0557847023010254
10,789,168,158,kl,85.2,0.3400000000000034,0.31740760803222656,0.5497441291809082,1.0395835638046265
10,789,169,159,kl,85.48,0.28000000000000114,0.4043227732181549,0.5838924646377563,1.0572487115859985
10,789,170,160,kl,84.78,-0.7000000000000028,0.3905443847179413,0.590573787689209,1.042578101158142
10,789,171,161,kl,85.1,0.3199999999999932,0.4028890132904053,0.6000076532363892,1.087080478668213
10,789,172,162,kl,85.1,0.0,0.3426528573036194,0.5809069871902466,1.0381667613983154
10,789,173,163,kl,85.1,0.0,0.40149879455566406,0.5904052257537842,1.0612825155258179
10,789,174,164,kl,85.36,0.2600000000000051,0.4498015344142914,0.6230993270874023,1.1989349126815796
10,789,175,165,kl,85.34,-0.01999999999999602,0.4547297954559326,0.6437484622001648,1.1813428401947021
10,789,176,166,ce,85.28,-0.060000000000002274,0.287730872631073,0.5232084393501282,1.6359302997589111
10,789,177,167,kl,85.14,-0.14000000000000057,0.35683101415634155,0.581978440284729,1.072320580482483
10,789,178,168,kl,85.12,-0.01999999999999602,0.36817216873168945,0.5872135162353516,1.1047167778015137
10,789,179,169,kl,85.22,0.09999999999999432,0.3629225492477417,0.5852270126342773,1.084746241569519
10,789,180,170,kl,85.38,0.1599999999999966,0.37800106406211853,0.5952340960502625,1.0732425451278687
10,789,181,171,kl,85.38,0.0,0.37366053462028503,0.5957789421081543,1.1231211423873901
10,789,182,172,kl,85.16,-0.21999999999999886,0.37244778871536255,0.5990433096885681,1.1209509372711182
10,789,183,173,kl,85.32,0.1599999999999966,0.3941118121147156,0.6081485152244568,1.1290870904922485
10,789,184,174,kl,85.22,-0.09999999999999432,0.36662644147872925,0.6001154780387878,1.0892293453216553
10,789,185,175,kl,85.4,0.18000000000000682,0.3510560095310211,0.5963343381881714,1.083489179611206
10,789,186,176,kl,85.28,-0.12000000000000455,0.3679063022136688,0.6053800582885742,1.1134610176086426
10,789,187,177,ce,85.4,0.12000000000000455,0.3026508688926697,0.570345938205719,1.3888014554977417
10,789,188,178,kl,85.22,-0.18000000000000682,0.3897669017314911,0.6141676902770996,1.1384248733520508
10,789,189,179,kl,85.3,0.0799999999999983,0.388357937335968,0.6162554025650024,1.1303678750991821
10,789,190,180,kl,85.22,-0.0799999999999983,0.3769684135913849,0.6112669110298157,1.1261759996414185
10,789,191,181,kl,85.52,0.29999999999999716,0.3724351227283478,0.6082401275634766,1.1414504051208496
10,789,192,182,kl,85.24,-0.28000000000000114,0.3783353567123413,0.6173347234725952,1.1283025741577148
10,789,193,183,kl,85.34,0.10000000000000853,0.40492677688598633,0.6284977197647095,1.161412239074707
10,789,194,184,kl,85.22,-0.12000000000000455,0.38369208574295044,0.6213549375534058,1.1584157943725586
10,789,195,185,kl,85.34,0.12000000000000455,0.40146392583847046,0.6285279989242554,1.1743866205215454
10,789,196,186,kl,85.1,-0.2400000000000091,0.3779236078262329,0.6259887218475342,1.1402069330215454
10,789,197,187,kl,85.16,0.060000000000002274,0.39613038301467896,0.6291123032569885,1.165115475654602
10,789,198,188,ce,85.34,0.18000000000000682,0.27346500754356384,0.5759912729263306,1.4247490167617798
10,789,199,189,kl,85.24,-0.10000000000000853,0.3779323995113373,0.6187456250190735,1.1669538021087646
10,789,200,190,kl,85.32,0.0799999999999983,0.3662605285644531,0.6152438521385193,1.1677743196487427
10,789,201,191,kl,85.46,0.14000000000000057,0.3803750276565552,0.6246994137763977,1.15227210521698
10,789,202,192,kl,85.12,-0.3399999999999892,0.39957064390182495,0.6319921016693115,1.1612621545791626
10,789,203,193,kl,85.1,-0.020000000000010232,0.39059123396873474,0.6294601559638977,1.1432536840438843
10,789,204,194,kl,85.26,0.1600000000000108,0.3930094540119171,0.634719967842102,1.177491307258606
10,789,205,195,kl,85.28,0.01999999999999602,0.391133576631546,0.6332142353057861,1.1618726253509521
10,789,206,196,kl,85.16,-0.12000000000000455,0.3830477297306061,0.6305400729179382,1.133795976638794
10,789,207,197,kl,85.34,0.18000000000000682,0.37025293707847595,0.6248834729194641,1.1516999006271362
10,789,208,198,kl,85.28,-0.060000000000002274,0.403316855430603,0.642572283744812,1.1905248165130615
10,789,209,199,ce,85.22,-0.060000000000002274,0.2655769884586334,0.58185213804245,1.416039228439331
10,789,210,200,kl,85.36,0.14000000000000057,0.377868115901947,0.6318279504776001,1.1627885103225708
10,789,211,201,kl,85.44,0.0799999999999983,0.3883974254131317,0.6394687294960022,1.2066251039505005
10,789,212,202,kl,85.3,-0.14000000000000057,0.3802378475666046,0.6340450644493103,1.180100679397583
10,789,213,203,kl,85.16,-0.14000000000000057,0.3821784257888794,0.6337635517120361,1.1460076570510864
10,789,214,204,kl,85.42,0.2600000000000051,0.37910324335098267,0.63700932264328,1.1584926843643188
10,789,215,205,kl,85.44,0.01999999999999602,0.3926825225353241,0.6401469707489014,1.2080953121185303
10,789,216,206,kl,85.4,-0.03999999999999204,0.39218008518218994,0.649556577205658,1.2038826942443848
10,789,217,207,kl,85.5,0.09999999999999432,0.3931198716163635,0.6467034816741943,1.1948574781417847
10,789,218,208,kl,85.38,-0.12000000000000455,0.38566839694976807,0.6439790725708008,1.1930184364318848
10,789,219,209,kl,85.24,-0.14000000000000057,0.3962351083755493,0.644825279712677,1.2225500345230103
10,789,220,210,ce,85.34,0.10000000000000853,0.26799243688583374,0.5901985168457031,1.4745171070098877
20,123,1,-19,kl,30.44,20.94,0.2853794991970062,0.5632303953170776,1.082793116569519
20,123,2,-18,kl,41.48,11.039999999999996,0.5365458130836487,0.6883959770202637,1.3657740354537964
20,123,3,-17,kl,53.38,11.900000000000006,0.4385550320148468,0.6551014184951782,1.3831180334091187
20,123,4,-16,kl,58.16,4.779999999999994,0.5667855143547058,0.6004102230072021,1.3063868284225464
20,123,5,-15,kl,63.34,5.180000000000007,0.3777540326118469,0.5024493932723999,1.2334623336791992
20,123,6,-14,kl,67.28,3.9399999999999977,0.5605376958847046,0.5169528126716614,1.116544485092163
20,123,7,-13,kl,68.9,1.6200000000000045,0.7275588512420654,0.5705661773681641,1.275957465171814
20,123,8,-12,kl,70.68,1.7800000000000011,0.5776810050010681,0.5245885252952576,1.1385056972503662
20,123,9,-11,kl,71.2,0.519999999999996,0.6439302563667297,0.5209982991218567,1.1903290748596191
20,123,10,-10,kl,72.02,0.8199999999999932,0.49199002981185913,0.501044750213623,0.9451547861099243
20,123,11,-9,kl,73.74,1.7199999999999989,0.5649978518486023,0.5303810834884644,1.1705328226089478
20,123,12,-8,kl,75.7,1.960000000000008,0.2816030979156494,0.43136486411094666,1.0021775960922241
20,123,13,-7,kl,76.4,0.7000000000000028,0.5786566734313965,0.4683995246887207,0.8041548132896423
20,123,14,-6,kl,76.44,0.03999999999999204,0.6769999265670776,0.49995505809783936,1.036407709121704
20,123,15,-5,kl,78.08,1.6400000000000006,0.5820820331573486,0.4716890752315521,0.8791968822479248
20,123,16,-4,kl,76.58,-1.5,0.43850183486938477,0.45564284920692444,0.9501215815544128
20,123,17,-3,kl,74.68,-1.8999999999999915,0.5561013221740723,0.5111647844314575,1.0775115489959717
20,123,18,-2,kl,77.22,2.539999999999992,0.5571420192718506,0.4727632999420166,0.970312774181366
20,123,19,-1,kl,78.74,1.519999999999996,0.5905290842056274,0.49814265966415405,1.0673913955688477
20,123,20,0,kl,78.08,-0.6599999999999966,0.561354398727417,0.5116739869117737,0.9770574569702148
20,123,21,1,ce,79.88,1.7999999999999972,0.03275776654481888,0.26521947979927063,1.9270386695861816
20,123,22,2,kl,79.0,-0.8799999999999955,0.32651618123054504,0.4455099105834961,0.8947314023971558
20,123,23,3,kl,78.24,-0.7600000000000051,0.6005169153213501,0.5074595212936401,1.0713355541229248
20,123,24,4,kl,77.46,-0.7800000000000011,0.6728373765945435,0.538764476776123,0.9324361681938171
20,123,25,5,kl,78.86,1.4000000000000057,0.4437190890312195,0.4744715690612793,0.9569107890129089
20,123,26,6,kl,79.46,0.5999999999999943,0.46591314673423767,0.4392918050289154,0.8498564958572388
20,123,27,7,kl,79.5,0.04000000000000625,0.5877282023429871,0.4831039309501648,0.9484413862228394
20,123,28,8,kl,77.84,-1.6599999999999966,0.5029048323631287,0.4909069538116455,0.945127010345459
20,123,29,9,kl,77.32,-0.5200000000000102,0.5279446840286255,0.48214149475097656,0.7961458563804626
20,123,30,10,kl,79.28,1.960000000000008,0.5738675594329834,0.5008023977279663,0.8471424579620361
20,123,31,11,kl,78.62,-0.6599999999999966,0.6115971803665161,0.5725129246711731,1.1332837343215942
20,123,32,12,kl,79.52,0.8999999999999915,0.2759367823600769,0.4424230754375458,0.9025626182556152
20,123,33,13,kl,79.72,0.20000000000000284,0.5331356525421143,0.5182105898857117,0.98353511095047
20,123,34,14,kl,79.0,-0.7199999999999989,0.6090917587280273,0.5183029770851135,1.077986717224121
20,123,35,15,kl,79.94,0.9399999999999977,0.5196982622146606,0.472440630197525,0.9059329032897949
20,123,36,16,kl,79.08,-0.8599999999999994,0.5368956327438354,0.5073747634887695,0.8884326219558716
20,123,37,17,kl,79.78,0.7000000000000028,0.5269530415534973,0.49273204803466797,1.0138146877288818
20,123,38,18,kl,80.14,0.35999999999999943,0.42363548278808594,0.46488556265830994,0.8909004926681519
20,123,39,19,kl,79.36,-0.7800000000000011,0.5250048041343689,0.4948880672454834,1.0484143495559692
20,123,40,20,kl,80.14,0.7800000000000011,0.6009634733200073,0.49568241834640503,1.0118608474731445
20,123,41,21,kl,80.66,0.519999999999996,0.5576342940330505,0.5149043798446655,0.8899132609367371
20,123,42,22,ce,82.0,1.3400000000000034,0.12447941303253174,0.31167563796043396,2.0971570014953613
20,123,43,23,kl,79.28,-2.719999999999999,0.7247791290283203,0.5726163387298584,0.9656280279159546
20,123,44,24,kl,80.3,1.019999999999996,0.5234317779541016,0.49403923749923706,1.0345357656478882
20,123,45,25,kl,80.02,-0.28000000000000114,0.546089768409729,0.5332855582237244,1.0435932874679565
20,123,46,26,kl,80.06,0.04000000000000625,0.5518679618835449,0.4819786548614502,0.800696849822998
20,123,47,27,kl,80.4,0.3400000000000034,0.39453941583633423,0.44922468066215515,0.8124094605445862
20,123,48,28,kl,79.66,-0.7400000000000091,0.5328962802886963,0.4705583155155182,0.9148768782615662
20,123,49,29,kl,79.38,-0.28000000000000114,0.49547600746154785,0.4567841589450836,0.9134389162063599
20,123,50,30,kl,79.18,-0.19999999999998863,0.5521759390830994,0.5211403965950012,1.076325535774231
20,123,51,31,kl,79.38,0.19999999999998863,0.6429722905158997,0.5430057644844055,1.1046807765960693
20,123,52,32,kl,81.44,2.0600000000000023,0.3613516390323639,0.45677685737609863,0.827390193939209
20,123,53,33,kl,80.18,-1.259999999999991,0.5541700720787048,0.5068967342376709,0.9777871370315552
20,123,54,34,kl,79.64,-0.5400000000000063,0.43520769476890564,0.48658084869384766,1.0237147808074951
20,123,55,35,kl,81.4,1.7600000000000051,0.48888298869132996,0.4567703604698181,0.853987455368042
20,123,56,36,kl,81.14,-0.2600000000000051,0.40496885776519775,0.43146124482154846,0.8172932863235474
20,123,57,37,kl,80.96,-0.18000000000000682,0.5058771967887878,0.5006193518638611,0.9145486354827881
20,123,58,38,kl,79.08,-1.8799999999999955,0.6317597031593323,0.5239616632461548,0.955809473991394
20,123,59,39,kl,79.5,0.4200000000000017,0.5616903305053711,0.5605503916740417,1.0926759243011475
20,123,60,40,kl,81.1,1.5999999999999943,0.4254431426525116,0.4791877865791321,0.9858712553977966
20,123,61,41,kl,80.74,-0.35999999999999943,0.5064489841461182,0.45246922969818115,0.95063716173172
20,123,62,42,kl,80.4,-0.3399999999999892,0.27702128887176514,0.445518434047699,0.9398796558380127
20,123,63,43,ce,80.26,-0.14000000000000057,0.3515086770057678,0.31015318632125854,2.1674981117248535
20,123,64,44,kl,77.82,-2.440000000000012,0.6519898176193237,0.5533435940742493,1.0079426765441895
20,123,65,45,kl,80.46,2.6400000000000006,0.4645316004753113,0.46652334928512573,0.8426204323768616
20,123,66,46,kl,79.82,-0.6400000000000006,0.622775137424469,0.5106449127197266,0.8166747093200684
20,123,67,47,kl,80.72,0.9000000000000057,0.38975897431373596,0.48496749997138977,1.015453577041626
20,123,68,48,kl,81.44,0.7199999999999989,0.5860702991485596,0.5342528223991394,1.1179111003875732
20,123,69,49,kl,81.46,0.01999999999999602,0.589069664478302,0.49226292967796326,0.9961991310119629
20,123,70,50,kl,80.38,-1.0799999999999983,0.5668880343437195,0.4702715277671814,0.8274123668670654
20,123,71,51,kl,79.9,-0.47999999999998977,0.5603917241096497,0.48203179240226746,0.965668261051178
20,123,72,52,kl,81.42,1.519999999999996,0.32541176676750183,0.4483872652053833,1.0259263515472412
20,123,73,53,kl,81.56,0.14000000000000057,0.4747069478034973,0.4808402955532074,0.8975710868835449
20,123,74,54,kl,81.38,-0.18000000000000682,0.5031343698501587,0.5061051249504089,1.01524019241333
20,123,75,55,kl,79.16,-2.219999999999999,0.45187830924987793,0.517448365688324,1.2024255990982056
20,123,76,56,kl,81.24,2.0799999999999983,0.39065271615982056,0.44762682914733887,0.9965871572494507
20,123,77,57,kl,79.72,-1.519999999999996,0.4268950819969177,0.5112178325653076,1.1053420305252075
20,123,78,58,kl,81.72,2.0,0.586240828037262,0.5233370065689087,0.9248728156089783
20,123,79,59,kl,82.16,0.4399999999999977,0.4931391477584839,0.46356695890426636,0.9119447469711304
20,123,80,60,kl,81.38,-0.7800000000000011,0.45930635929107666,0.47189861536026,0.9432357549667358
20,123,81,61,kl,81.5,0.12000000000000455,0.39065712690353394,0.4643672704696655,0.8585451245307922
20,123,82,62,kl,82.6,1.0999999999999943,0.591628909111023,0.5098891854286194,0.9688816666603088
20,123,83,63,kl,79.08,-3.519999999999996,0.5843748450279236,0.5283640623092651,1.165693998336792
20,123,84,64,ce,81.84,2.760000000000005,0.2947855591773987,0.3509533405303955,2.1134889125823975
20,123,85,65,kl,81.16,-0.6800000000000068,0.6149330139160156,0.5234209299087524,1.0061066150665283
20,123,86,66,kl,80.06,-1.0999999999999943,0.523493766784668,0.533216655254364,1.3880316019058228
20,123,87,67,kl,80.52,0.45999999999999375,0.6499761343002319,0.5583706498146057,1.0696054697036743
20,123,88,68,kl,80.74,0.21999999999999886,0.30087918043136597,0.4311307966709137,0.8852269649505615
20,123,89,69,kl,80.46,-0.28000000000000114,0.46710821986198425,0.46477988362312317,0.8298967480659485
20,123,90,70,kl,82.0,1.5400000000000063,0.22104167938232422,0.4181782901287079,0.925388514995575
20,123,91,71,kl,81.5,-0.5,0.6082664132118225,0.4967394769191742,0.9174358248710632
20,123,92,72,kl,79.86,-1.6400000000000006,0.7023601531982422,0.6100268959999084,1.2980974912643433
20,123,93,73,kl,81.84,1.980000000000004,0.46647876501083374,0.4616203308105469,0.8546915650367737
20,123,94,74,kl,80.88,-0.960000000000008,0.505399227142334,0.47929272055625916,1.0015069246292114
20,123,95,75,kl,81.32,0.4399999999999977,0.5123345851898193,0.49571728706359863,0.7933871150016785
20,123,96,76,kl,81.76,0.44000000000001194,0.41890838742256165,0.4466235935688019,1.0917507410049438
20,123,97,77,kl,79.88,-1.8800000000000097,0.40109866857528687,0.4443643093109131,0.9954269528388977
20,123,98,78,kl,80.64,0.7600000000000051,0.4559246301651001,0.4790264070034027,0.920005202293396
20,123,99,79,kl,82.4,1.7600000000000051,0.49438029527664185,0.48690927028656006,0.9854738116264343
20,123,100,80,kl,81.0,-1.4000000000000057,0.4156523048877716,0.4489503800868988,0.9498414397239685
20,123,101,81,kl,81.8,0.7999999999999972,0.5464261174201965,0.5343960523605347,1.0978646278381348
20,123,102,82,kl,82.56,0.7600000000000051,0.6207858324050903,0.5521310567855835,0.8738515377044678
20,123,103,83,kl,81.76,-0.7999999999999972,0.43071627616882324,0.45329949259757996,0.9463865160942078
20,123,104,84,kl,78.9,-2.8599999999999994,0.5418147444725037,0.5098559856414795,0.9345220923423767
20,123,105,85,ce,81.54,2.6400000000000006,0.24970337748527527,0.3959614038467407,2.0779051780700684
20,123,106,86,kl,81.82,0.2799999999999869,0.6112061738967896,0.5182154774665833,0.9949658513069153
20,123,107,87,kl,78.9,-2.9199999999999875,0.6577751636505127,0.5725853443145752,1.1913602352142334
20,123,108,88,kl,81.88,2.9799999999999898,0.5069273710250854,0.5157826542854309,1.1528916358947754
20,123,109,89,kl,81.62,-0.2599999999999909,0.5765402317047119,0.47360366582870483,0.9010403156280518
20,123,110,90,kl,80.52,-1.1000000000000085,0.6272023320198059,0.5596182346343994,1.0058103799819946
20,123,111,91,kl,80.82,0.29999999999999716,0.6859069466590881,0.5577391386032104,1.1276113986968994
20,123,112,92,kl,82.84,2.0200000000000102,0.5399843454360962,0.4619990587234497,0.9161801338195801
20,123,113,93,kl,81.48,-1.3599999999999994,0.40459975600242615,0.48121944069862366,0.9362944960594177
20,123,114,94,kl,79.84,-1.6400000000000006,0.557379961013794,0.5415142178535461,1.196876883506775
20,123,115,95,kl,81.96,2.1199999999999903,0.4747072458267212,0.4745037853717804,0.7678446769714355
20,123,116,96,kl,81.28,-0.6799999999999926,0.4330766201019287,0.4692858159542084,0.9314496517181396
20,123,117,97,kl,81.52,0.23999999999999488,0.4702337086200714,0.4848089814186096,1.0026065111160278
20,123,118,98,kl,81.72,0.20000000000000284,0.5748957395553589,0.5229219794273376,0.952506422996521
20,123,119,99,kl,82.9,1.1800000000000068,0.609563410282135,0.4966767728328705,0.844576895236969
20,123,120,100,kl,82.48,-0.4200000000000017,0.4209214746952057,0.4727008640766144,0.7094378471374512
20,123,121,101,kl,80.76,-1.7199999999999989,0.7284225225448608,0.6931827664375305,1.5426087379455566
20,123,122,102,kl,81.78,1.019999999999996,0.4666495621204376,0.4590355455875397,0.761853814125061
20,123,123,103,kl,81.64,-0.14000000000000057,0.551669180393219,0.4979773163795471,0.9267755746841431
20,123,124,104,kl,80.7,-0.9399999999999977,0.4879530370235443,0.5133006572723389,0.9922875165939331
20,123,125,105,kl,80.76,0.060000000000002274,0.6021592020988464,0.5482887625694275,1.1266746520996094
20,123,126,106,ce,81.94,1.1799999999999926,0.2268414944410324,0.3440327048301697,1.9818443059921265
20,123,127,107,kl,81.72,-0.21999999999999886,0.44597166776657104,0.5051665902137756,1.0749900341033936
20,123,128,108,kl,81.16,-0.5600000000000023,0.6906214952468872,0.5552228093147278,1.1425484418869019
20,123,129,109,kl,82.92,1.7600000000000051,0.3472440838813782,0.4853499233722687,1.312272071838379
20,123,130,110,kl,81.42,-1.5,0.6111745834350586,0.5265315175056458,1.0039488077163696
20,123,131,111,kl,81.86,0.4399999999999977,0.5599616765975952,0.5082550048828125,1.0129634141921997
20,123,132,112,kl,81.46,-0.4000000000000057,0.38045018911361694,0.4695514440536499,0.9364521503448486
20,123,133,113,kl,80.82,-0.6400000000000006,0.5257080793380737,0.4730032980442047,0.8940298557281494
20,123,134,114,kl,81.14,0.3200000000000074,0.3828366994857788,0.4488458037376404,0.9726805090904236
20,123,135,115,kl,80.1,-1.0400000000000063,0.6336698532104492,0.5780085921287537,1.3109114170074463
20,123,136,116,kl,82.14,2.0400000000000063,0.5261598825454712,0.5269208550453186,0.953050434589386
20,123,137,117,kl,82.52,0.37999999999999545,0.43396204710006714,0.47446781396865845,0.9424764513969421
20,123,138,118,kl,81.72,-0.7999999999999972,0.42364752292633057,0.4764423668384552,0.9021015763282776
20,123,139,119,kl,81.88,0.1599999999999966,0.2450588494539261,0.426845520734787,0.9509721994400024
20,123,140,120,kl,79.48,-2.3999999999999915,0.4001769423484802,0.48891592025756836,1.0480695962905884
20,123,141,121,kl,82.6,3.1199999999999903,0.5796481370925903,0.5347649455070496,0.9187096953392029
20,123,142,122,kl,80.68,-1.9199999999999875,0.5069311261177063,0.48870232701301575,1.0841622352600098
20,123,143,123,kl,80.06,-0.6200000000000045,0.6371842622756958,0.5541753172874451,1.0774811506271362
20,123,144,124,kl,82.18,2.1200000000000045,0.5465472936630249,0.5376439690589905,0.9224716424942017
20,123,145,125,kl,81.36,-0.8200000000000074,0.5135080218315125,0.4780287444591522,0.9281134009361267
20,123,146,126,kl,81.76,0.4000000000000057,0.35050076246261597,0.4958460330963135,0.912970781326294
20,123,147,127,ce,82.2,0.4399999999999977,0.14130139350891113,0.3284929692745209,2.076219320297241
20,123,148,128,kl,80.88,-1.3200000000000074,0.3269369602203369,0.4659321904182434,1.1096118688583374
20,123,149,129,kl,82.08,1.2000000000000028,0.5481605529785156,0.5086336731910706,1.0452293157577515
20,123,150,130,kl,80.24,-1.8400000000000034,0.554444432258606,0.5600516200065613,1.0573312044143677
20,123,151,131,kl,81.38,1.1400000000000006,0.41076141595840454,0.48069217801094055,0.9197470545768738
20,123,152,132,kl,80.6,-0.7800000000000011,0.5773296356201172,0.5240320563316345,0.9441180229187012
20,123,153,133,kl,81.3,0.7000000000000028,0.46307432651519775,0.4736112654209137,0.7382228970527649
20,123,154,134,kl,81.26,-0.03999999999999204,0.7195159792900085,0.5637055039405823,0.9300596714019775
20,123,155,135,kl,81.82,0.5599999999999881,0.5784107446670532,0.501373291015625,0.902529239654541
20,123,156,136,kl,81.0,-0.8199999999999932,0.4944073557853699,0.5277310013771057,1.1046147346496582
20,123,157,137,kl,81.76,0.7600000000000051,0.5236777067184448,0.5025323629379272,1.033300518989563
20,123,158,138,kl,81.26,-0.5,0.3898625373840332,0.4854728579521179,1.1713812351226807
20,123,159,139,kl,81.98,0.7199999999999989,0.6182228326797485,0.5200979113578796,1.0105632543563843
20,123,160,140,kl,80.7,-1.2800000000000011,0.3817032277584076,0.47836270928382874,0.9328168630599976
20,123,161,141,kl,81.26,0.5600000000000023,0.6698614954948425,0.5546028017997742,1.0301642417907715
20,123,162,142,kl,81.56,0.29999999999999716,0.46751976013183594,0.49455079436302185,0.9586603045463562
20,123,163,143,kl,82.06,0.5,0.41841480135917664,0.45113661885261536,0.8521395325660706
20,123,164,144,kl,81.0,-1.0600000000000023,0.48210811614990234,0.5070330500602722,1.1513210535049438
20,123,165,145,kl,80.08,-0.9200000000000017,0.5397553443908691,0.5152023434638977,1.1550846099853516
20,123,166,146,kl,81.94,1.8599999999999994,0.3538738489151001,0.4512825012207031,0.9311860799789429
20,123,167,147,kl,82.2,0.2600000000000051,0.23417723178863525,0.39900678396224976,0.7715674638748169
20,123,168,148,ce,81.0,-1.2000000000000028,0.2033820003271103,0.349641889333725,2.142629623413086
20,123,169,149,kl,81.52,0.519999999999996,0.3819407820701599,0.4594784379005432,0.8053320050239563
20,123,170,150,kl,81.18,-0.3399999999999892,0.6259965896606445,0.5675989389419556,1.0438016653060913
20,123,171,151,kl,81.92,0.7399999999999949,0.12202800810337067,0.42340201139450073,0.9014050960540771
20,123,172,152,kl,82.68,0.7600000000000051,0.25637274980545044,0.44992032647132874,1.028829574584961
20,123,173,153,kl,81.52,-1.1600000000000108,0.5437946319580078,0.5392555594444275,1.054593801498413
20,123,174,154,kl,82.86,1.3400000000000034,0.6007747650146484,0.5413654446601868,0.9625203013420105
20,123,175,155,kl,81.1,-1.7600000000000051,0.46429622173309326,0.4962802231311798,0.841575562953949
20,123,176,156,kl,82.4,1.3000000000000114,0.4429837167263031,0.48074567317962646,1.010421633720398
20,123,177,157,kl,81.24,-1.1600000000000108,0.6007055044174194,0.5599178671836853,1.1913816928863525
20,123,178,158,kl,82.4,1.1600000000000108,0.35929882526397705,0.45831361413002014,0.9021841883659363
20,123,179,159,kl,80.56,-1.8400000000000034,0.4950156807899475,0.5341789722442627,1.097487211227417
20,123,180,160,kl,82.16,1.5999999999999943,0.6428452730178833,0.5503882169723511,1.0080835819244385
20,123,181,161,kl,82.78,0.6200000000000045,0.46251094341278076,0.5106423497200012,1.0255593061447144
20,123,182,162,kl,82.38,-0.4000000000000057,0.2295069694519043,0.4138024151325226,0.8327078223228455
20,123,183,163,kl,80.64,-1.7399999999999949,0.66790771484375,0.5851438641548157,1.1932462453842163
20,123,184,164,kl,80.58,-0.060000000000002274,0.5480085611343384,0.5375232100486755,0.9720664024353027
20,123,185,165,kl,81.4,0.8200000000000074,0.48092591762542725,0.5127140283584595,1.0387886762619019
20,123,186,166,kl,82.46,1.059999999999988,0.5526939034461975,0.5277783274650574,0.9415972828865051
20,123,187,167,kl,83.06,0.6000000000000085,0.39212819933891296,0.4736868143081665,0.8966967463493347
20,123,188,168,kl,81.56,-1.5,0.23716381192207336,0.4832225441932678,1.1691484451293945
20,123,189,169,ce,82.14,0.5799999999999983,0.16175656020641327,0.3504585325717926,2.008924722671509
20,123,190,170,kl,81.56,-0.5799999999999983,0.6487265229225159,0.6021166443824768,1.2484917640686035
20,123,191,171,kl,81.84,0.28000000000000114,0.5695981383323669,0.5332161784172058,1.1051145792007446
20,123,192,172,kl,78.38,-3.460000000000008,0.7036323547363281,0.6558414101600647,1.515555739402771
20,123,193,173,kl,82.56,4.180000000000007,0.5877689719200134,0.5303603410720825,0.9010583162307739
20,123,194,174,kl,82.0,-0.5600000000000023,0.6042796969413757,0.551962673664093,1.078896164894104
20,123,195,175,kl,82.26,0.2600000000000051,0.518756091594696,0.47912710905075073,0.8690654039382935
20,123,196,176,kl,81.54,-0.7199999999999989,0.5422858595848083,0.5271275043487549,1.0523070096969604
20,123,197,177,kl,81.2,-0.3400000000000034,0.41633081436157227,0.46773678064346313,0.8877466320991516
20,123,198,178,kl,81.82,0.6199999999999903,0.4747433662414551,0.4911404550075531,0.9450708627700806
20,123,199,179,kl,81.62,-0.19999999999998863,0.3918112516403198,0.4704422652721405,0.8165011405944824
20,123,200,180,kl,79.44,-2.180000000000007,0.6916549801826477,0.593911349773407,1.222623586654663
20,123,201,181,kl,80.68,1.240000000000009,0.3707832098007202,0.5135090351104736,1.230718970298767
20,123,202,182,kl,82.12,1.4399999999999977,0.39139142632484436,0.4582505226135254,0.9068281650543213
20,123,203,183,kl,80.86,-1.2600000000000051,0.524039089679718,0.4884496033191681,0.9309415221214294
20,123,204,184,kl,82.2,1.3400000000000034,0.5211496353149414,0.49159249663352966,0.9968755841255188
20,123,205,185,kl,82.26,0.060000000000002274,0.3592565059661865,0.4523310959339142,0.8706976771354675
20,123,206,186,kl,80.5,-1.7600000000000051,0.4901350438594818,0.5081031918525696,1.2709379196166992
20,123,207,187,kl,82.4,1.9000000000000057,0.5030829906463623,0.5346578359603882,0.987869381904602
20,123,208,188,kl,80.94,-1.460000000000008,0.5321571230888367,0.5740466713905334,1.120658278465271
20,123,209,189,kl,80.9,-0.03999999999999204,0.6334769129753113,0.5684702396392822,0.9597450494766235
20,123,210,190,ce,82.24,1.3399999999999892,0.21179333329200745,0.40415099263191223,1.9064658880233765
20,123,211,191,kl,80.5,-1.7399999999999949,0.5642454624176025,0.5422670841217041,1.128013014793396
20,123,212,192,kl,82.0,1.5,0.4596180319786072,0.49125802516937256,0.9000160694122314
20,123,213,193,kl,80.76,-1.2399999999999949,0.36061251163482666,0.4794594943523407,0.911888062953949
20,123,214,194,kl,81.52,0.7599999999999909,0.5575730204582214,0.5320242047309875,0.8694844245910645
20,123,215,195,kl,81.2,-0.3199999999999932,0.6486351490020752,0.5761654376983643,1.147969126701355
20,123,216,196,kl,82.88,1.6799999999999926,0.48894548416137695,0.48972681164741516,0.8090296387672424
20,123,217,197,kl,81.68,-1.1999999999999886,0.6483150124549866,0.5436204075813293,0.9231179356575012
20,123,218,198,kl,82.66,0.9799999999999898,0.5326114892959595,0.5089243054389954,0.9368535876274109
20,123,219,199,kl,80.6,-2.0600000000000023,0.7181708812713623,0.6349766850471497,1.1652098894119263
20,123,220,200,kl,82.46,1.8599999999999994,0.3954770565032959,0.49042147397994995,1.0250345468521118
20,123,221,201,kl,80.32,-2.1400000000000006,0.5325018763542175,0.5491350889205933,1.1083922386169434
20,123,222,202,kl,80.94,0.6200000000000045,0.5704103708267212,0.4839283227920532,0.7878336906433105
20,123,223,203,kl,82.16,1.2199999999999989,0.444637268781662,0.5037971138954163,0.8451201319694519
20,123,224,204,kl,81.84,-0.3199999999999932,0.5209320783615112,0.5046566128730774,0.9838929772377014
20,123,225,205,kl,81.66,-0.18000000000000682,0.6086037755012512,0.5413013100624084,1.1056623458862305
20,123,226,206,kl,80.5,-1.1599999999999966,0.22607864439487457,0.44124969840049744,1.0119808912277222
20,123,227,207,kl,79.78,-0.7199999999999989,0.5428710579872131,0.5527471899986267,1.1674375534057617
20,123,228,208,kl,81.64,1.8599999999999994,0.5782606601715088,0.5389360785484314,0.9537127614021301
20,123,229,209,kl,80.76,-0.8799999999999955,0.6498234272003174,0.5561738610267639,0.9363444447517395
20,123,230,210,kl,79.72,-1.0400000000000063,0.6382099390029907,0.5869470238685608,1.3363322019577026
20,123,231,211,ce,82.68,2.960000000000008,0.13642194867134094,0.32133230566978455,1.9032784700393677
20,123,232,212,kl,85.08,2.3999999999999915,0.25018617510795593,0.4044809341430664,0.7456890940666199
20,123,233,213,kl,84.98,-0.09999999999999432,0.2606007158756256,0.4175623059272766,0.751423716545105
20,123,234,214,kl,85.2,0.21999999999999886,0.30844420194625854,0.4251702129840851,0.6940882205963135
20,123,235,215,kl,85.3,0.09999999999999432,0.33916810154914856,0.4395545721054077,0.7305829524993896
20,123,236,216,kl,85.38,0.0799999999999983,0.32646575570106506,0.44267284870147705,0.697024405002594
20,123,237,217,kl,85.8,0.4200000000000017,0.28363314270973206,0.4302150309085846,0.7146153450012207
20,123,238,218,kl,85.34,-0.45999999999999375,0.345522940158844,0.46252378821372986,0.7797595262527466
20,123,239,219,kl,85.74,0.3999999999999915,0.3834157884120941,0.4614616930484772,0.7228110432624817
20,123,240,220,kl,85.68,-0.05999999999998806,0.27811211347579956,0.44458213448524475,0.717695415019989
20,123,241,221,kl,85.6,-0.0800000000000125,0.30459511280059814,0.4507705867290497,0.738564133644104
20,123,242,222,kl,85.44,-0.1599999999999966,0.31149646639823914,0.46701404452323914,0.740564227104187
20,123,243,223,kl,85.7,0.2600000000000051,0.3872387111186981,0.48169955611228943,0.8197943568229675
20,123,244,224,kl,85.76,0.060000000000002274,0.2803884744644165,0.4643428325653076,0.7784689664840698
20,123,245,225,kl,85.78,0.01999999999999602,0.34620365500450134,0.4810725152492523,0.7367944717407227
20,123,246,226,kl,85.76,-0.01999999999999602,0.33170729875564575,0.4696480631828308,0.7835445404052734
20,123,247,227,kl,85.84,0.0799999999999983,0.32109954953193665,0.48065924644470215,0.7963747382164001
20,123,248,228,kl,85.86,0.01999999999999602,0.27744191884994507,0.4724566638469696,0.7865893244743347
20,123,249,229,kl,86.1,0.23999999999999488,0.30681073665618896,0.48831459879875183,0.8253068327903748
20,123,250,230,kl,85.96,-0.14000000000000057,0.31412625312805176,0.4892696738243103,0.7902487516403198
20,123,251,231,kl,86.06,0.10000000000000853,0.25653189420700073,0.4771835207939148,0.8448502421379089
20,123,252,232,ce,85.78,-0.28000000000000114,0.08917230367660522,0.39333608746528625,1.701697587966919
20,123,253,233,kl,86.12,0.3400000000000034,0.31954652070999146,0.5070239305496216,0.8683620691299438
20,123,254,234,kl,85.7,-0.4200000000000017,0.3715760111808777,0.5225201845169067,0.8400322794914246
20,123,255,235,kl,85.6,-0.10000000000000853,0.3748149275779724,0.5353254079818726,0.9034634232521057
20,123,256,236,kl,85.96,0.35999999999999943,0.3346831798553467,0.5291576981544495,0.8574036955833435
20,123,257,237,kl,86.24,0.28000000000000114,0.3435702323913574,0.5444086790084839,0.8385146260261536
20,123,258,238,kl,85.8,-0.4399999999999977,0.375326544046402,0.5370076298713684,0.8355498313903809
20,123,259,239,kl,86.12,0.3200000000000074,0.26529252529144287,0.5217525959014893,0.8730374574661255
20,123,260,240,kl,85.98,-0.14000000000000057,0.3041936457157135,0.5277366042137146,0.8904075622558594
20,123,261,241,kl,85.88,-0.10000000000000853,0.286199688911438,0.5289322733879089,0.8698363304138184
20,123,262,242,kl,85.86,-0.01999999999999602,0.32255449891090393,0.5645927786827087,0.8780890107154846
20,123,263,243,kl,86.06,0.20000000000000284,0.3618515133857727,0.561165452003479,0.8936526775360107
20,123,264,244,kl,86.22,0.1599999999999966,0.33932530879974365,0.5591514110565186,0.865463376045227
20,123,265,245,kl,86.26,0.04000000000000625,0.40173405408859253,0.58688884973526,0.9147840142250061
20,123,266,246,kl,85.9,-0.35999999999999943,0.39970725774765015,0.5855318307876587,0.8747066855430603
20,123,267,247,kl,86.0,0.09999999999999432,0.36627107858657837,0.5733616948127747,0.8647293448448181
20,123,268,248,kl,86.06,0.060000000000002274,0.3475796580314636,0.5894948244094849,1.0055960416793823
20,123,269,249,kl,85.68,-0.37999999999999545,0.32573938369750977,0.5854283571243286,0.8792478442192078
20,123,270,250,kl,86.22,0.539999999999992,0.33938175439834595,0.5976477265357971,0.9465228915214539
20,123,271,251,kl,85.9,-0.3199999999999932,0.32027333974838257,0.5815000534057617,0.9018023014068604
20,123,272,252,kl,85.76,-0.14000000000000057,0.30460330843925476,0.5878874063491821,0.9022171497344971
20,123,273,253,ce,86.3,0.539999999999992,0.1676722764968872,0.4654911458492279,1.896322250366211
20,123,274,254,kl,85.78,-0.519999999999996,0.3869176208972931,0.6070507168769836,0.9984763264656067
20,123,275,255,kl,86.38,0.5999999999999943,0.32653725147247314,0.6081018447875977,0.9307360053062439
20,123,276,256,kl,85.82,-0.5600000000000023,0.344288170337677,0.6107252240180969,0.9249250888824463
20,123,277,257,kl,86.12,0.30000000000001137,0.3992125689983368,0.6181270480155945,0.9093226790428162
20,123,278,258,kl,85.94,-0.18000000000000682,0.34115538001060486,0.6213769316673279,0.9679173827171326
20,123,279,259,kl,86.4,0.46000000000000796,0.3323817551136017,0.6126030087471008,0.9354679584503174
20,123,280,260,kl,86.1,-0.30000000000001137,0.3193668723106384,0.6247983574867249,0.9484267234802246
20,123,281,261,kl,85.9,-0.19999999999998863,0.43923723697662354,0.6909847855567932,1.0822523832321167
20,123,282,262,kl,86.36,0.45999999999999375,0.31529608368873596,0.6411880254745483,0.922788679599762
20,123,283,263,kl,86.3,-0.060000000000002274,0.3146812915802002,0.6417823433876038,0.9657161831855774
20,123,284,264,kl,86.3,0.0,0.3385242819786072,0.6538695693016052,1.0371235609054565
20,123,285,265,kl,86.2,-0.09999999999999432,0.2870010733604431,0.6369350552558899,0.9783258438110352
20,123,286,266,kl,86.08,-0.12000000000000455,0.3307133913040161,0.6660944223403931,1.0386435985565186
20,123,287,267,kl,86.34,0.2600000000000051,0.3360099196434021,0.6761939525604248,1.0296813249588013
20,123,288,268,kl,86.14,-0.20000000000000284,0.3500553071498871,0.6650166511535645,1.0558079481124878
20,123,289,269,kl,85.98,-0.1599999999999966,0.3167771100997925,0.6586268544197083,1.036002278327942
20,123,290,270,kl,86.12,0.14000000000000057,0.23500362038612366,0.6423971056938171,0.9838706254959106
20,123,291,271,kl,85.48,-0.6400000000000006,0.31083905696868896,0.6633428335189819,0.9620174169540405
20,123,292,272,kl,86.08,0.5999999999999943,0.35988694429397583,0.6923972964286804,1.056114673614502
20,123,293,273,kl,86.04,-0.03999999999999204,0.29955530166625977,0.6679902076721191,0.9969104528427124
20,123,294,274,ce,86.42,0.37999999999999545,0.19556450843811035,0.6275163888931274,1.8028156757354736
20,123,295,275,kl,86.72,0.29999999999999716,0.37774765491485596,0.710102915763855,1.117510199546814
20,123,296,276,kl,86.18,-0.539999999999992,0.3292894959449768,0.68108069896698,1.095780372619629
20,123,297,277,kl,86.12,-0.060000000000002274,0.40450888872146606,0.7347270846366882,1.1354694366455078
20,123,298,278,kl,86.14,0.01999999999999602,0.33603328466415405,0.7027665972709656,1.0771960020065308
20,123,299,279,kl,86.06,-0.0799999999999983,0.25288447737693787,0.6773332357406616,1.025027871131897
20,123,300,280,kl,86.12,0.060000000000002274,0.2499491274356842,0.6880357265472412,1.0897972583770752
20,123,301,281,kl,85.92,-0.20000000000000284,0.3703334331512451,0.7451666593551636,1.3150657415390015
20,123,302,282,kl,86.2,0.28000000000000114,0.21214863657951355,0.6843622922897339,1.0290948152542114
20,123,303,283,kl,85.68,-0.519999999999996,0.34165337681770325,0.7326131463050842,1.108701467514038
20,123,304,284,kl,85.94,0.2599999999999909,0.3042066693305969,0.7039345502853394,1.1616301536560059
20,123,305,285,kl,86.14,0.20000000000000284,0.2526107430458069,0.6937444806098938,1.0461262464523315
20,123,306,286,kl,86.12,-0.01999999999999602,0.2578643262386322,0.7032138109207153,1.1555157899856567
20,123,307,287,kl,86.04,-0.0799999999999983,0.3863896131515503,0.7725673317909241,1.2093178033828735
20,123,308,288,kl,85.98,-0.060000000000002274,0.3412478566169739,0.7669433951377869,1.2249228954315186
20,123,309,289,kl,85.86,-0.12000000000000455,0.37761256098747253,0.7561576962471008,1.2346669435501099
20,123,310,290,kl,86.02,0.1599999999999966,0.32794082164764404,0.7329766154289246,1.0835950374603271
20,123,311,291,kl,85.92,-0.09999999999999432,0.20127755403518677,0.7154914736747742,1.157941460609436
20,123,312,292,kl,86.1,0.1799999999999926,0.31629645824432373,0.749778151512146,1.2112411260604858
20,123,313,293,kl,86.38,0.28000000000000114,0.2023460566997528,0.7054148316383362,1.168794870376587
20,123,314,294,kl,86.36,-0.01999999999999602,0.3602643609046936,0.7717382311820984,1.2458672523498535
20,123,315,295,ce,85.52,-0.8400000000000034,0.16028736531734467,0.5934620499610901,2.2149124145507812
20,123,316,296,kl,86.14,0.6200000000000045,0.34657901525497437,0.7846241593360901,1.2296899557113647
20,123,317,297,kl,86.22,0.0799999999999983,0.4325854182243347,0.8078280687332153,1.2424498796463013
20,123,318,298,kl,86.32,0.09999999999999432,0.3668678402900696,0.7621090412139893,1.1865949630737305
20,123,319,299,kl,86.08,-0.23999999999999488,0.27763569355010986,0.7470899820327759,1.1702178716659546
20,123,320,300,kl,85.78,-0.29999999999999716,0.39432886242866516,0.7896542549133301,1.211378574371338
20,123,321,301,kl,86.42,0.6400000000000006,0.30516862869262695,0.7927258014678955,1.2237640619277954
20,123,322,302,kl,85.58,-0.8400000000000034,0.3340010344982147,0.8021568655967712,1.2309614419937134
20,123,323,303,kl,86.08,0.5,0.30825772881507874,0.7936564087867737,1.3130987882614136
20,123,324,304,kl,86.02,-0.060000000000002274,0.43406376242637634,0.8141441345214844,1.252364158630371
20,123,325,305,kl,85.98,-0.03999999999999204,0.24605417251586914,0.7655643224716187,1.3627238273620605
20,123,326,306,kl,85.88,-0.10000000000000853,0.2790219485759735,0.7745737433433533,1.2394460439682007
20,123,327,307,kl,86.12,0.2400000000000091,0.195061594247818,0.7589101791381836,1.2795711755752563
20,123,328,308,kl,86.06,-0.060000000000002274,0.3463771641254425,0.8024272918701172,1.1969629526138306
20,123,329,309,kl,86.2,0.14000000000000057,0.3368883728981018,0.8033550381660461,1.2875624895095825
20,123,330,310,kl,85.92,-0.28000000000000114,0.3693678081035614,0.8194745182991028,1.2854468822479248
20,123,331,311,kl,85.94,0.01999999999999602,0.3479915261268616,0.8190664649009705,1.1304094791412354
20,123,332,312,kl,86.34,0.4000000000000057,0.2650159001350403,0.8017774224281311,1.1318442821502686
20,123,333,313,kl,86.12,-0.21999999999999886,0.4337467849254608,0.8658003211021423,1.3784599304199219
20,123,334,314,kl,85.72,-0.4000000000000057,0.41743895411491394,0.8466984033584595,1.4579782485961914
20,123,335,315,kl,86.1,0.37999999999999545,0.32715481519699097,0.8384898900985718,1.3975666761398315
20,123,336,316,ce,85.62,-0.47999999999998977,0.30402007699012756,0.7818529009819031,2.573773145675659
20,123,337,317,kl,86.36,0.7399999999999949,0.2897603213787079,0.7898135185241699,1.1936240196228027
20,123,338,318,kl,86.22,-0.14000000000000057,0.3098708391189575,0.8110663890838623,1.1884055137634277
20,123,339,319,kl,86.34,0.12000000000000455,0.3008964955806732,0.8086800575256348,1.1999661922454834
20,123,340,320,kl,86.54,0.20000000000000284,0.3174773156642914,0.8166232109069824,1.2336461544036865
20,123,341,321,kl,86.44,-0.10000000000000853,0.28233054280281067,0.7998253107070923,1.1796064376831055
20,123,342,322,kl,86.3,-0.14000000000000057,0.3121355473995209,0.8257453441619873,1.2533173561096191
20,123,343,323,kl,86.34,0.04000000000000625,0.2854248881340027,0.8185179829597473,1.2184306383132935
20,123,344,324,kl,86.54,0.20000000000000284,0.3043902516365051,0.832925021648407,1.25799560546875
20,123,345,325,kl,86.24,-0.30000000000001137,0.2918279767036438,0.8278534412384033,1.223251223564148
20,123,346,326,kl,86.28,0.04000000000000625,0.30072206258773804,0.8193931579589844,1.287359356880188
20,123,347,327,kl,86.56,0.28000000000000114,0.277352511882782,0.8208437561988831,1.2386281490325928
20,123,348,328,kl,86.4,-0.1599999999999966,0.3043174147605896,0.8427467942237854,1.30201256275177
20,123,349,329,kl,86.22,-0.18000000000000682,0.3107615113258362,0.8257513642311096,1.267688512802124
20,123,350,330,kl,86.5,0.28000000000000114,0.303573340177536,0.8411929607391357,1.2707290649414062
20,123,351,331,kl,86.34,-0.1599999999999966,0.27884986996650696,0.8302334547042847,1.2168253660202026
20,123,352,332,kl,86.46,0.11999999999999034,0.3196539282798767,0.858242928981781,1.2772674560546875
20,123,353,333,kl,86.42,-0.03999999999999204,0.30997177958488464,0.8478801250457764,1.256052851676941
20,123,354,334,kl,86.34,-0.0799999999999983,0.2997545003890991,0.8553534150123596,1.2959541082382202
20,123,355,335,kl,86.26,-0.0799999999999983,0.29430174827575684,0.8565471172332764,1.3269850015640259
20,123,356,336,kl,86.44,0.1799999999999926,0.29995283484458923,0.8547518253326416,1.3133671283721924
20,123,357,337,ce,86.4,-0.03999999999999204,0.15310880541801453,0.7572091221809387,2.2170157432556152
20,123,358,338,kl,86.3,-0.10000000000000853,0.27930113673210144,0.8452191948890686,1.2990050315856934
20,123,359,339,kl,86.28,-0.01999999999999602,0.28419578075408936,0.8533298373222351,1.311100721359253
20,123,360,340,kl,86.46,0.1799999999999926,0.29674121737480164,0.8631022572517395,1.3280878067016602
20,123,361,341,kl,86.4,-0.05999999999998806,0.2792181968688965,0.8574602603912354,1.316866397857666
20,123,362,342,kl,86.48,0.0799999999999983,0.27256742119789124,0.8598644137382507,1.309157371520996
20,123,363,343,kl,86.74,0.2599999999999909,0.2836374044418335,0.8681942820549011,1.3347748517990112
20,123,364,344,kl,86.32,-0.4200000000000017,0.2311767339706421,0.8343400955200195,1.3090084791183472
20,123,365,345,kl,86.66,0.3400000000000034,0.2894350290298462,0.866514265537262,1.3118449449539185
20,123,366,346,kl,86.44,-0.21999999999999886,0.2617607116699219,0.8538906574249268,1.292451024055481
20,123,367,347,kl,86.26,-0.1799999999999926,0.2899337112903595,0.8646936416625977,1.330244779586792
20,123,368,348,kl,86.26,0.0,0.28721579909324646,0.8688121438026428,1.2927733659744263
20,123,369,349,kl,86.5,0.23999999999999488,0.2904385030269623,0.8674954175949097,1.3450418710708618
20,123,370,350,kl,86.32,-0.18000000000000682,0.28101757168769836,0.8662123084068298,1.3160074949264526
20,123,371,351,kl,86.56,0.2400000000000091,0.31372445821762085,0.8817960023880005,1.30791437625885
20,123,372,352,kl,86.64,0.0799999999999983,0.24924354255199432,0.865478515625,1.3046019077301025
20,123,373,353,kl,86.32,-0.3200000000000074,0.28009024262428284,0.871386706829071,1.32661771774292
20,123,374,354,kl,86.44,0.12000000000000455,0.24968941509723663,0.8682842254638672,1.2744791507720947
20,123,375,355,kl,86.34,-0.09999999999999432,0.26215142011642456,0.874188244342804,1.3225023746490479
20,123,376,356,kl,86.28,-0.060000000000002274,0.2467442899942398,0.8674147725105286,1.2969881296157837
20,123,377,357,kl,86.32,0.03999999999999204,0.265147864818573,0.8817282319068909,1.3070446252822876
20,123,378,358,ce,86.3,-0.01999999999999602,0.1036662757396698,0.7923029661178589,2.3093268871307373
20,123,379,359,kl,86.48,0.18000000000000682,0.2874056100845337,0.8843525052070618,1.3302279710769653
20,123,380,360,kl,86.24,-0.2400000000000091,0.2981577515602112,0.8954339027404785,1.3333131074905396
20,123,381,361,kl,86.4,0.1600000000000108,0.2878163158893585,0.8931990265846252,1.3652175664901733
20,123,382,362,kl,86.28,-0.12000000000000455,0.28785544633865356,0.8959370255470276,1.3304743766784668
20,123,383,363,kl,86.38,0.09999999999999432,0.27391648292541504,0.8919148445129395,1.3695881366729736
20,123,384,364,kl,86.42,0.04000000000000625,0.25840258598327637,0.8751203417778015,1.3148223161697388
20,123,385,365,kl,86.42,0.0,0.2787271738052368,0.8934667110443115,1.3520572185516357
20,123,386,366,kl,86.22,-0.20000000000000284,0.26329517364501953,0.8811642527580261,1.3402132987976074
20,123,387,367,kl,86.36,0.14000000000000057,0.24982082843780518,0.8764651417732239,1.3212107419967651
20,123,388,368,kl,86.04,-0.3199999999999932,0.2883912920951843,0.9008596539497375,1.3562308549880981
20,123,389,369,kl,86.38,0.3399999999999892,0.28270286321640015,0.9002931714057922,1.3561477661132812
20,123,390,370,kl,86.26,-0.11999999999999034,0.2644813656806946,0.8953798413276672,1.3488342761993408
20,123,391,371,kl,86.24,-0.020000000000010232,0.27104702591896057,0.8979594707489014,1.3934955596923828
20,123,392,372,kl,86.22,-0.01999999999999602,0.2597079575061798,0.8922375440597534,1.3096636533737183
20,123,393,373,kl,86.4,0.18000000000000682,0.24239222705364227,0.8832553029060364,1.3428752422332764
20,123,394,374,kl,86.32,-0.0800000000000125,0.25798219442367554,0.8950609564781189,1.3762378692626953
20,123,395,375,kl,86.56,0.2400000000000091,0.23844462633132935,0.8911348581314087,1.3837924003601074
20,123,396,376,kl,86.34,-0.21999999999999886,0.25981253385543823,0.904231607913971,1.4059733152389526
20,123,397,377,kl,86.38,0.03999999999999204,0.27376818656921387,0.9062816500663757,1.3987765312194824
20,123,398,378,kl,86.12,-0.2599999999999909,0.2579686641693115,0.8947976231575012,1.4055004119873047
20,123,399,379,ce,86.38,0.2599999999999909,0.15867158770561218,0.8214384317398071,2.6089398860931396
20,123,400,380,kl,86.44,0.060000000000002274,0.253017783164978,0.9098761081695557,1.3953412771224976
20,123,401,381,kl,86.6,0.1599999999999966,0.29846465587615967,0.9244506359100342,1.3875377178192139
20,123,402,382,kl,86.76,0.1600000000000108,0.2568734884262085,0.9069010615348816,1.4005135297775269
20,123,403,383,kl,86.44,-0.3200000000000074,0.27569103240966797,0.9255770444869995,1.4516199827194214
20,123,404,384,kl,86.4,-0.03999999999999204,0.3191881477832794,0.9304941892623901,1.4251582622528076
20,123,405,385,kl,86.36,-0.04000000000000625,0.2801685929298401,0.9231357574462891,1.419409990310669
20,123,406,386,kl,86.12,-0.23999999999999488,0.28650137782096863,0.9309912919998169,1.421491026878357
20,123,407,387,kl,86.6,0.47999999999998977,0.2663615942001343,0.9119503498077393,1.4031829833984375
20,123,408,388,kl,86.46,-0.14000000000000057,0.29671698808670044,0.9275099039077759,1.3894697427749634
20,123,409,389,kl,86.34,-0.11999999999999034,0.28866046667099,0.9270386695861816,1.4086520671844482
20,123,410,390,kl,86.26,-0.0799999999999983,0.2507995367050171,0.9046772718429565,1.3688561916351318
20,123,411,391,kl,86.2,-0.060000000000002274,0.29558277130126953,0.9266020059585571,1.3898723125457764
20,123,412,392,kl,86.36,0.1599999999999966,0.301891565322876,0.9383407235145569,1.3982303142547607
20,123,413,393,kl,86.32,-0.04000000000000625,0.2893034517765045,0.930717945098877,1.407220482826233
20,123,414,394,kl,86.32,0.0,0.22746145725250244,0.9197509288787842,1.3932982683181763
20,123,415,395,kl,86.1,-0.21999999999999886,0.2931598722934723,0.9453614354133606,1.4451104402542114
20,123,416,396,kl,86.36,0.2600000000000051,0.2934403121471405,0.9463434219360352,1.4045443534851074
20,123,417,397,kl,86.48,0.12000000000000455,0.278498113155365,0.9304057955741882,1.3765157461166382
20,123,418,398,kl,86.12,-0.35999999999999943,0.22809401154518127,0.9150581955909729,1.3786484003067017
20,123,419,399,kl,86.32,0.19999999999998863,0.2448447048664093,0.9257387518882751,1.3911787271499634
20,123,420,400,ce,86.18,-0.13999999999998636,0.1433195024728775,0.8590676784515381,2.6094672679901123
20,1337,1,-19,kl,38.44,26.18,0.6013810634613037,0.8859690427780151,1.7146016359329224
20,1337,2,-18,kl,39.42,0.980000000000004,0.6647586226463318,0.7434794902801514,1.5618988275527954
20,1337,3,-17,kl,51.56,12.14,0.7542405724525452,0.6774372458457947,1.113840937614441
20,1337,4,-16,kl,57.84,6.280000000000001,0.1974642276763916,0.42873114347457886,1.1108444929122925
20,1337,5,-15,kl,63.42,5.579999999999998,0.676089882850647,0.5730279684066772,1.1695556640625
20,1337,6,-14,kl,66.9,3.480000000000004,0.613823413848877,0.5238170623779297,1.2330608367919922
20,1337,7,-13,kl,68.0,1.0999999999999943,0.6333506107330322,0.5705429315567017,1.054236888885498
20,1337,8,-12,kl,69.1,1.0999999999999943,0.5099510550498962,0.46750056743621826,1.043505072593689
20,1337,9,-11,kl,71.12,2.0200000000000102,0.7106564044952393,0.5349465012550354,1.074499249458313
20,1337,10,-10,kl,72.78,1.6599999999999966,0.5236558318138123,0.44898664951324463,1.0471246242523193
20,1337,11,-9,kl,73.94,1.1599999999999966,0.7344667315483093,0.5193326473236084,1.3522255420684814
20,1337,12,-8,kl,74.58,0.6400000000000006,0.4844832122325897,0.4429725706577301,1.1438088417053223
20,1337,13,-7,kl,76.2,1.6200000000000045,0.6336498260498047,0.48262232542037964,0.924252986907959
20,1337,14,-6,kl,77.36,1.1599999999999966,0.6456642150878906,0.4977847933769226,0.9424973130226135
20,1337,15,-5,kl,75.78,-1.5799999999999983,0.4147564172744751,0.46408137679100037,0.8568658232688904
20,1337,16,-4,kl,76.7,0.9200000000000017,0.4141191244125366,0.41316288709640503,0.7666465640068054
20,1337,17,-3,kl,76.32,-0.38000000000000966,0.5249732732772827,0.4272023141384125,0.8877374529838562
20,1337,18,-2,kl,78.16,1.8400000000000034,0.42193129658699036,0.4356510639190674,0.9246511459350586
20,1337,19,-1,kl,76.9,-1.259999999999991,0.42930683493614197,0.4128398895263672,0.8267772197723389
20,1337,20,0,kl,77.94,1.039999999999992,0.4092668294906616,0.41084375977516174,0.9256710410118103
20,1337,21,1,ce,79.24,1.2999999999999972,0.12823253870010376,0.28848332166671753,1.927419900894165
20,1337,22,2,kl,78.4,-0.8399999999999892,0.5338036417961121,0.47956401109695435,0.8966550230979919
20,1337,23,3,kl,79.72,1.3199999999999932,0.4139065146446228,0.4319706857204437,0.8323620557785034
20,1337,24,4,kl,79.02,-0.7000000000000028,0.3702356219291687,0.42371609807014465,0.8845826983451843
20,1337,25,5,kl,78.82,-0.20000000000000284,0.5529836416244507,0.45784425735473633,0.9521987438201904
20,1337,26,6,kl,79.52,0.7000000000000028,0.3803250789642334,0.43746376037597656,0.8603472709655762
20,1337,27,7,kl,80.4,0.8800000000000097,0.508370041847229,0.46914586424827576,0.9155839681625366
20,1337,28,8,kl,79.02,-1.3800000000000097,0.37359365820884705,0.4290640652179718,0.8481742143630981
20,1337,29,9,kl,80.06,1.0400000000000063,0.4920623302459717,0.4737030863761902,0.9465365409851074
20,1337,30,10,kl,80.2,0.14000000000000057,0.3601086139678955,0.42231467366218567,0.8449750542640686
20,1337,31,11,kl,78.86,-1.3400000000000034,0.5563396215438843,0.48550477623939514,0.8752736449241638
20,1337,32,12,kl,80.98,2.1200000000000045,0.4657192528247833,0.4460386633872986,1.06480872631073
20,1337,33,13,kl,80.88,-0.10000000000000853,0.44511500000953674,0.448909193277359,0.7574130892753601
20,1337,34,14,kl,80.5,-0.37999999999999545,0.4294140338897705,0.4279569685459137,0.8129467368125916
20,1337,35,15,kl,78.66,-1.8400000000000034,0.5915854573249817,0.5261121392250061,0.9535062313079834
20,1337,36,16,kl,78.72,0.060000000000002274,0.6575291752815247,0.5697161555290222,1.2937747240066528
20,1337,37,17,kl,80.36,1.6400000000000006,0.4285687804222107,0.4553695321083069,0.8011372089385986
20,1337,38,18,kl,78.34,-2.019999999999996,0.5659082531929016,0.5317010879516602,0.9638835191726685
20,1337,39,19,kl,79.82,1.4799999999999898,0.4726479947566986,0.4120628237724304,0.9983674883842468
20,1337,40,20,kl,79.04,-0.7799999999999869,0.582058846950531,0.5074073672294617,0.9839062690734863
20,1337,41,21,kl,81.04,2.0,0.5359712243080139,0.46594011783599854,0.9342346787452698
20,1337,42,22,ce,78.9,-2.1400000000000006,0.31697988510131836,0.4201808273792267,1.8672659397125244
20,1337,43,23,kl,80.06,1.1599999999999966,0.6298431158065796,0.562576413154602,0.9747613072395325
20,1337,44,24,kl,81.06,1.0,0.3453577756881714,0.4396539628505707,0.6713050603866577
20,1337,45,25,kl,79.7,-1.3599999999999994,0.6016956567764282,0.5294943451881409,1.0290236473083496
20,1337,46,26,kl,79.78,0.0799999999999983,0.5743472576141357,0.4981933534145355,0.8763180375099182
20,1337,47,27,kl,79.1,-0.6800000000000068,0.5424596667289734,0.5020059943199158,1.1570266485214233
20,1337,48,28,kl,81.0,1.9000000000000057,0.4310967028141022,0.4373864233493805,0.8796296715736389
20,1337,49,29,kl,82.4,1.4000000000000057,0.6726352572441101,0.5554145574569702,1.0331003665924072
20,1337,50,30,kl,80.12,-2.280000000000001,0.5385733246803284,0.48365285992622375,0.9678325057029724
20,1337,51,31,kl,79.32,-0.8000000000000114,0.6388892531394958,0.5106700658798218,0.8664965033531189
20,1337,52,32,kl,81.22,1.9000000000000057,0.6024781465530396,0.49675270915031433,1.0331746339797974
20,1337,53,33,kl,80.94,-0.28000000000000114,0.479489266872406,0.44314146041870117,0.9649547934532166
20,1337,54,34,kl,81.1,0.1599999999999966,0.5734761357307434,0.4812129735946655,1.035229206085205
20,1337,55,35,kl,80.44,-0.6599999999999966,0.40145131945610046,0.4578568637371063,0.7252416610717773
20,1337,56,36,kl,81.92,1.480000000000004,0.39661842584609985,0.4587855339050293,0.9375805258750916
20,1337,57,37,kl,81.12,-0.7999999999999972,0.5219747424125671,0.5015506744384766,0.9987309575080872
20,1337,58,38,kl,80.98,-0.14000000000000057,0.4832814633846283,0.494996577501297,1.0404068231582642
20,1337,59,39,kl,80.44,-0.5400000000000063,0.4671790897846222,0.46204859018325806,0.9510242342948914
20,1337,60,40,kl,79.62,-0.8199999999999932,0.5015173554420471,0.4863886535167694,0.8801776170730591
20,1337,61,41,kl,80.62,1.0,0.4635984003543854,0.4651325047016144,0.8178792595863342
20,1337,62,42,kl,81.28,0.6599999999999966,0.44298380613327026,0.4847594201564789,1.1653305292129517
20,1337,63,43,ce,79.94,-1.3400000000000034,0.2218160629272461,0.37801361083984375,1.628954529762268
20,1337,64,44,kl,80.56,0.6200000000000045,0.46555018424987793,0.4883562922477722,0.7651659250259399
20,1337,65,45,kl,80.98,0.4200000000000017,0.4585363268852234,0.4400475323200226,0.7817374467849731
20,1337,66,46,kl,80.78,-0.20000000000000284,0.5480137467384338,0.5348605513572693,1.13687002658844
20,1337,67,47,kl,79.34,-1.4399999999999977,0.6295754909515381,0.5629375576972961,1.07523512840271
20,1337,68,48,kl,80.7,1.3599999999999994,0.5392435789108276,0.4992055594921112,1.1172610521316528
20,1337,69,49,kl,80.64,-0.060000000000002274,0.5704649090766907,0.5079748034477234,0.998140811920166
20,1337,70,50,kl,81.24,0.5999999999999943,0.5766000747680664,0.5316828489303589,0.9586160182952881
20,1337,71,51,kl,80.58,-0.6599999999999966,0.6460508704185486,0.532772421836853,0.861993670463562
20,1337,72,52,kl,82.26,1.6800000000000068,0.293706476688385,0.38606956601142883,0.8355806469917297
20,1337,73,53,kl,81.52,-0.7400000000000091,0.5405269265174866,0.5296808481216431,0.9920417070388794
20,1337,74,54,kl,81.58,0.060000000000002274,0.4779932498931885,0.47978702187538147,0.8740646243095398
20,1337,75,55,kl,81.92,0.3400000000000034,0.34222084283828735,0.45867154002189636,0.8780330419540405
20,1337,76,56,kl,80.48,-1.4399999999999977,0.6110308170318604,0.5156621932983398,1.2031291723251343
20,1337,77,57,kl,79.74,-0.7400000000000091,0.5895019769668579,0.6194131970405579,1.224452018737793
20,1337,78,58,kl,81.76,2.0200000000000102,0.471220463514328,0.4609828293323517,0.8009163737297058
20,1337,79,59,kl,81.48,-0.28000000000000114,0.5472204685211182,0.5330746173858643,1.0940173864364624
20,1337,80,60,kl,81.38,-0.10000000000000853,0.4416041374206543,0.5070955157279968,1.0035672187805176
20,1337,81,61,kl,80.7,-0.6799999999999926,0.48594146966934204,0.5172120928764343,1.2604937553405762
20,1337,82,62,kl,81.12,0.4200000000000017,0.508852481842041,0.482947438955307,0.6939243078231812
20,1337,83,63,kl,80.78,-0.3400000000000034,0.5312175750732422,0.5036864280700684,0.9582912921905518
20,1337,84,64,ce,82.12,1.3400000000000034,0.3674158453941345,0.3639828562736511,1.8928085565567017
20,1337,85,65,kl,81.72,-0.4000000000000057,0.43196702003479004,0.47826096415519714,0.7644143104553223
20,1337,86,66,kl,81.68,-0.03999999999999204,0.3339429199695587,0.43814119696617126,0.9344902634620667
20,1337,87,67,kl,81.92,0.23999999999999488,0.4294472336769104,0.431819885969162,1.0481929779052734
20,1337,88,68,kl,81.72,-0.20000000000000284,0.4160432815551758,0.46348056197166443,0.8132058382034302
20,1337,89,69,kl,81.3,-0.4200000000000017,0.49619704484939575,0.4666467607021332,0.7704076170921326
20,1337,90,70,kl,81.46,0.1599999999999966,0.4866308271884918,0.4715406894683838,0.7997053861618042
20,1337,91,71,kl,80.72,-0.7399999999999949,0.5228907465934753,0.4795795679092407,0.8567046523094177
20,1337,92,72,kl,81.98,1.2600000000000051,0.4811645448207855,0.47810977697372437,1.1292510032653809
20,1337,93,73,kl,81.56,-0.4200000000000017,0.47338223457336426,0.4225772023200989,0.8601906299591064
20,1337,94,74,kl,82.5,0.9399999999999977,0.4581221342086792,0.46449267864227295,0.8145309686660767
20,1337,95,75,kl,82.22,-0.28000000000000114,0.43246105313301086,0.4840456545352936,1.0271824598312378
20,1337,96,76,kl,81.9,-0.3199999999999932,0.3143647313117981,0.3943726718425751,0.814330518245697
20,1337,97,77,kl,82.3,0.3999999999999915,0.42660844326019287,0.45252177119255066,0.8050484657287598
20,1337,98,78,kl,81.86,-0.4399999999999977,0.49391549825668335,0.49239110946655273,0.896298885345459
20,1337,99,79,kl,82.3,0.4399999999999977,0.5425402522087097,0.5360110402107239,0.9778509736061096
20,1337,100,80,kl,81.94,-0.35999999999999943,0.3956677317619324,0.4601198732852936,0.827409029006958
20,1337,101,81,kl,79.98,-1.9599999999999937,0.3452094495296478,0.4560706913471222,0.7730187177658081
20,1337,102,82,kl,65.78,-14.200000000000003,0.8116334080696106,0.8426723480224609,1.8129812479019165
20,1337,103,83,kl,80.52,14.739999999999995,0.42992058396339417,0.450385183095932,0.6974357962608337
20,1337,104,84,kl,80.34,-0.1799999999999926,0.5476592183113098,0.4982350170612335,0.8136904835700989
20,1337,105,85,ce,80.38,0.03999999999999204,0.3026581406593323,0.40507620573043823,1.8902384042739868
20,1337,106,86,kl,81.14,0.7600000000000051,0.5991347432136536,0.5458375811576843,1.0251760482788086
20,1337,107,87,kl,81.88,0.7399999999999949,0.46766266226768494,0.48297855257987976,0.9281440377235413
20,1337,108,88,kl,81.3,-0.5799999999999983,0.3344114422798157,0.4435153007507324,1.0102962255477905
20,1337,109,89,kl,81.2,-0.09999999999999432,0.33120447397232056,0.46682342886924744,0.9222376942634583
20,1337,110,90,kl,82.82,1.6199999999999903,0.5377721190452576,0.47392022609710693,1.000120997428894
20,1337,111,91,kl,79.64,-3.1799999999999926,0.2951028347015381,0.4359077215194702,0.8767996430397034
20,1337,112,92,kl,80.7,1.0600000000000023,0.42231467366218567,0.43082118034362793,0.9044762849807739
20,1337,113,93,kl,82.08,1.3799999999999955,0.4299691617488861,0.4470617473125458,0.8101094365119934
20,1337,114,94,kl,81.46,-0.6200000000000045,0.47928404808044434,0.496458500623703,1.1722866296768188
20,1337,115,95,kl,81.92,0.46000000000000796,0.4656117856502533,0.4835936725139618,1.10274338722229
20,1337,116,96,kl,82.22,0.29999999999999716,0.5113247632980347,0.45281070470809937,0.9167210459709167
20,1337,117,97,kl,81.5,-0.7199999999999989,0.20641763508319855,0.3943940997123718,0.8228467106819153
20,1337,118,98,kl,80.46,-1.0400000000000063,0.3421918749809265,0.44392919540405273,1.1500914096832275
20,1337,119,99,kl,80.94,0.480000000000004,0.5494692325592041,0.5080990791320801,0.981539249420166
20,1337,120,100,kl,81.26,0.3200000000000074,0.37350577116012573,0.43756699562072754,0.9231975078582764
20,1337,121,101,kl,81.48,0.21999999999999886,0.5435321927070618,0.5364853143692017,1.155747652053833
20,1337,122,102,kl,81.8,0.3199999999999932,0.5199794769287109,0.4840838611125946,0.8798550963401794
20,1337,123,103,kl,81.46,-0.3400000000000034,0.5858078002929688,0.5051324367523193,0.9872362613677979
20,1337,124,104,kl,81.02,-0.4399999999999977,0.525469183921814,0.5315101742744446,1.0977498292922974
20,1337,125,105,kl,82.76,1.740000000000009,0.44771671295166016,0.437247097492218,0.7007885575294495
20,1337,126,106,ce,80.58,-2.180000000000007,0.37433695793151855,0.39517998695373535,1.898112416267395
20,1337,127,107,kl,79.58,-1.0,0.5962358713150024,0.5906758308410645,1.0785027742385864
20,1337,128,108,kl,80.74,1.1599999999999966,0.6140238046646118,0.5902898907661438,1.2248376607894897
20,1337,129,109,kl,81.66,0.9200000000000017,0.42688196897506714,0.4853825867176056,0.957180917263031
20,1337,130,110,kl,82.82,1.1599999999999966,0.6669454574584961,0.5217610001564026,0.9074028134346008
20,1337,131,111,kl,81.34,-1.4799999999999898,0.34192442893981934,0.4399331212043762,0.8149021863937378
20,1337,132,112,kl,80.94,-0.4000000000000057,0.4064244031906128,0.44491636753082275,0.7359456419944763
20,1337,133,113,kl,80.06,-0.8799999999999955,0.5945163369178772,0.5519328713417053,1.2854628562927246
20,1337,134,114,kl,81.08,1.019999999999996,0.4477692246437073,0.49265632033348083,1.0322552919387817
20,1337,135,115,kl,82.28,1.2000000000000028,0.5531792640686035,0.50721675157547,0.8728631138801575
20,1337,136,116,kl,81.76,-0.519999999999996,0.5853418111801147,0.5121529698371887,1.0302067995071411
20,1337,137,117,kl,81.9,0.14000000000000057,0.40506044030189514,0.4805258810520172,0.8372078537940979
20,1337,138,118,kl,82.04,0.14000000000000057,0.43070298433303833,0.47445225715637207,1.0244382619857788
20,1337,139,119,kl,81.62,-0.4200000000000017,0.3109724521636963,0.4311320185661316,0.7779119610786438
20,1337,140,120,kl,81.48,-0.14000000000000057,0.299354612827301,0.43271973729133606,0.8364270329475403
20,1337,141,121,kl,81.76,0.28000000000000114,0.6152389049530029,0.5362172722816467,0.948179304599762
20,1337,142,122,kl,82.12,0.35999999999999943,0.34302806854248047,0.43686002492904663,0.8161404132843018
20,1337,143,123,kl,82.04,-0.0799999999999983,0.5228819847106934,0.5042862892150879,0.9263778924942017
20,1337,144,124,kl,82.58,0.539999999999992,0.46974465250968933,0.4551147222518921,1.0534071922302246
20,1337,145,125,kl,82.04,-0.539999999999992,0.3662976026535034,0.4609929323196411,0.746528148651123
20,1337,146,126,kl,81.68,-0.35999999999999943,0.42042434215545654,0.45017802715301514,0.7999652028083801
20,1337,147,127,ce,82.24,0.5599999999999881,0.2596188485622406,0.3189365267753601,1.799328088760376
20,1337,148,128,kl,79.06,-3.1799999999999926,0.3368564248085022,0.4809090495109558,0.8109793066978455
20,1337,149,129,kl,80.46,1.3999999999999915,0.41173332929611206,0.43522173166275024,0.6813029646873474
20,1337,150,130,kl,80.58,0.12000000000000455,0.5027076005935669,0.48153138160705566,1.012831687927246
20,1337,151,131,kl,82.16,1.5799999999999983,0.4527215361595154,0.48583516478538513,0.9586279988288879
20,1337,152,132,kl,82.12,-0.03999999999999204,0.40130746364593506,0.4858976900577545,0.8933789730072021
20,1337,153,133,kl,82.06,-0.060000000000002274,0.6217905879020691,0.5917506217956543,1.2097173929214478
20,1337,154,134,kl,81.54,-0.519999999999996,0.43613380193710327,0.4384349584579468,0.9244375824928284
20,1337,155,135,kl,81.38,-0.1600000000000108,0.4940764904022217,0.4966807961463928,0.9336231350898743
20,1337,156,136,kl,81.44,0.060000000000002274,0.3093973994255066,0.43708574771881104,0.8782458305358887
20,1337,157,137,kl,81.76,0.3200000000000074,0.5491836071014404,0.5041617155075073,0.9347050786018372
20,1337,158,138,kl,81.54,-0.21999999999999886,0.4325110912322998,0.4729377031326294,0.8654595613479614
20,1337,159,139,kl,82.76,1.2199999999999989,0.46761053800582886,0.44392508268356323,0.8049488067626953
20,1337,160,140,kl,83.0,0.23999999999999488,0.5319042801856995,0.5252136588096619,0.9220682382583618
20,1337,161,141,kl,81.88,-1.1200000000000045,0.5185533761978149,0.49810799956321716,0.9154983758926392
20,1337,162,142,kl,81.34,-0.539999999999992,0.5223897695541382,0.5686751008033752,0.8619356751441956
20,1337,163,143,kl,81.12,-0.21999999999999886,0.503458559513092,0.5146156549453735,0.8613581657409668
20,1337,164,144,kl,82.3,1.1799999999999926,0.5883820652961731,0.5369046926498413,0.956449031829834
20,1337,165,145,kl,81.94,-0.35999999999999943,0.33209583163261414,0.40525129437446594,0.7586150765419006
20,1337,166,146,kl,82.26,0.3200000000000074,0.3739011883735657,0.4694504141807556,0.8179781436920166
20,1337,167,147,kl,82.06,-0.20000000000000284,0.5158848762512207,0.4508413076400757,0.8933956623077393
20,1337,168,148,ce,81.94,-0.12000000000000455,0.27436408400535583,0.34598085284233093,1.9865976572036743
20,1337,169,149,kl,81.68,-0.2599999999999909,0.37774333357810974,0.4855499863624573,0.988506019115448
20,1337,170,150,kl,79.96,-1.720000000000013,0.6129253506660461,0.5549488067626953,0.9720054268836975
20,1337,171,151,kl,81.4,1.440000000000012,0.5431550741195679,0.5186297297477722,0.9677944183349609
20,1337,172,152,kl,81.12,-0.28000000000000114,0.582385241985321,0.5132505893707275,0.9345706105232239
20,1337,173,153,kl,79.44,-1.6800000000000068,0.6186382174491882,0.5883083939552307,1.1123709678649902
20,1337,174,154,kl,82.12,2.680000000000007,0.5973708629608154,0.5241613984107971,1.0499058961868286
20,1337,175,155,kl,80.44,-1.6800000000000068,0.4206288456916809,0.5001825094223022,0.8773838877677917
20,1337,176,156,kl,81.16,0.7199999999999989,0.6784260869026184,0.5721131563186646,1.176609754562378
20,1337,177,157,kl,81.68,0.5200000000000102,0.38657423853874207,0.47059687972068787,0.799512505531311
20,1337,178,158,kl,81.2,-0.480000000000004,0.533306896686554,0.5184617042541504,0.8516511917114258
20,1337,179,159,kl,80.94,-0.2600000000000051,0.5070446729660034,0.4398919641971588,0.876969039440155
20,1337,180,160,kl,82.26,1.3200000000000074,0.47739583253860474,0.4617040455341339,0.903674840927124
20,1337,181,161,kl,81.86,-0.4000000000000057,0.4779321253299713,0.4995993375778198,0.8260560631752014
20,1337,182,162,kl,81.96,0.09999999999999432,0.5350033044815063,0.5277886390686035,0.9215151071548462
20,1337,183,163,kl,81.32,-0.6400000000000006,0.3878174126148224,0.44709479808807373,0.9254239797592163
20,1337,184,164,kl,81.36,0.04000000000000625,0.6184945106506348,0.5704548358917236,0.9973249435424805
20,1337,185,165,kl,82.9,1.5400000000000063,0.27439984679222107,0.40683823823928833,0.7057698965072632
20,1337,186,166,kl,82.72,-0.18000000000000682,0.43457356095314026,0.4708268642425537,0.8610169291496277
20,1337,187,167,kl,81.66,-1.0600000000000023,0.5698456764221191,0.50900799036026,0.9976065754890442
20,1337,188,168,kl,81.92,0.2600000000000051,0.34815657138824463,0.43078869581222534,0.7936066389083862
20,1337,189,169,ce,80.96,-0.960000000000008,0.4311148226261139,0.5104273557662964,1.7401589155197144
20,1337,190,170,kl,81.88,0.9200000000000017,0.5071018934249878,0.49521148204803467,1.0565826892852783
20,1337,191,171,kl,80.94,-0.9399999999999977,0.6319581866264343,0.5382523536682129,1.0447558164596558
20,1337,192,172,kl,79.94,-1.0,0.6073027849197388,0.5847203135490417,1.1843341588974
20,1337,193,173,kl,81.46,1.519999999999996,0.5604117512702942,0.4977506697177887,1.0037157535552979
20,1337,194,174,kl,81.74,0.28000000000000114,0.5472774505615234,0.5031993985176086,1.1669429540634155
20,1337,195,175,kl,83.06,1.3200000000000074,0.617569088935852,0.5344447493553162,1.0587944984436035
20,1337,196,176,kl,82.4,-0.6599999999999966,0.37140047550201416,0.45652881264686584,0.8407198786735535
20,1337,197,177,kl,80.96,-1.440000000000012,0.5027052760124207,0.49627891182899475,0.8382307887077332
20,1337,198,178,kl,81.32,0.35999999999999943,0.5570744276046753,0.4856623709201813,1.006010890007019
20,1337,199,179,kl,79.96,-1.3599999999999994,0.3238604962825775,0.4503527283668518,0.7484320998191833
20,1337,200,180,kl,82.02,2.0600000000000023,0.5358745455741882,0.48465657234191895,0.9833930730819702
20,1337,201,181,kl,81.98,-0.03999999999999204,0.5794230699539185,0.5060521960258484,0.8091269731521606
20,1337,202,182,kl,80.32,-1.6600000000000108,0.512269914150238,0.48703742027282715,0.8259928822517395
20,1337,203,183,kl,80.52,0.20000000000000284,0.3150402307510376,0.43364107608795166,0.7204056978225708
20,1337,204,184,kl,82.52,2.0,0.4148332476615906,0.49747857451438904,0.8127743005752563
20,1337,205,185,kl,82.54,0.020000000000010232,0.30576324462890625,0.4348931908607483,0.9098090529441833
20,1337,206,186,kl,82.0,-0.5400000000000063,0.4520910978317261,0.4908604919910431,0.9409000277519226
20,1337,207,187,kl,79.66,-2.3400000000000034,0.6593602895736694,0.5726843476295471,1.0755317211151123
20,1337,208,188,kl,81.6,1.9399999999999977,0.5192148685455322,0.4997689723968506,0.8553051948547363
20,1337,209,189,kl,81.62,0.020000000000010232,0.47149068117141724,0.5010122060775757,0.8683142066001892
20,1337,210,190,ce,81.34,-0.28000000000000114,0.3155936598777771,0.3913917541503906,1.796377420425415
20,1337,211,191,kl,80.52,-0.8200000000000074,0.5249824523925781,0.5379576683044434,1.1457648277282715
20,1337,212,192,kl,81.54,1.0200000000000102,0.41609692573547363,0.4378041923046112,1.0107120275497437
20,1337,213,193,kl,81.94,0.3999999999999915,0.4394076466560364,0.48503220081329346,0.8362523913383484
20,1337,214,194,kl,81.6,-0.3400000000000034,0.5830036401748657,0.49778541922569275,0.9382254481315613
20,1337,215,195,kl,81.36,-0.23999999999999488,0.593090295791626,0.5551217794418335,1.006279468536377
20,1337,216,196,kl,80.32,-1.0400000000000063,0.5099132657051086,0.49118974804878235,1.1399784088134766
20,1337,217,197,kl,80.84,0.5200000000000102,0.2904738187789917,0.3821759819984436,0.8104968070983887
20,1337,218,198,kl,80.3,-0.5400000000000063,0.5685169696807861,0.5106107592582703,0.9460122585296631
20,1337,219,199,kl,79.92,-0.37999999999999545,0.47815239429473877,0.4846348762512207,0.8529822826385498
20,1337,220,200,kl,78.52,-1.4000000000000057,0.46868896484375,0.5161176323890686,0.8653448820114136
20,1337,221,201,kl,81.74,3.219999999999999,0.4637259840965271,0.4898443818092346,1.0634937286376953
20,1337,222,202,kl,82.24,0.5,0.5103455781936646,0.5033860206604004,0.7656154036521912
20,1337,223,203,kl,80.8,-1.4399999999999977,0.4987991452217102,0.5127564668655396,1.0462535619735718
20,1337,224,204,kl,80.62,-0.1799999999999926,0.6242086887359619,0.5592973232269287,1.110700011253357
20,1337,225,205,kl,82.1,1.4799999999999898,0.6113408803939819,0.5274499654769897,0.7131335735321045
20,1337,226,206,kl,81.66,-0.4399999999999977,0.42954033613204956,0.4656953513622284,0.9611769914627075
20,1337,227,207,kl,82.26,0.6000000000000085,0.5803036689758301,0.5016850233078003,0.9620909094810486
20,1337,228,208,kl,82.08,-0.18000000000000682,0.5607549548149109,0.5306772589683533,0.9549087285995483
20,1337,229,209,kl,82.0,-0.0799999999999983,0.46778106689453125,0.48496997356414795,0.7888321280479431
20,1337,230,210,kl,82.08,0.0799999999999983,0.6058392524719238,0.525039792060852,0.7592172622680664
20,1337,231,211,ce,80.96,-1.1200000000000045,0.38183099031448364,0.47611910104751587,1.748152494430542
20,1337,232,212,kl,84.82,3.8599999999999994,0.22102314233779907,0.40589070320129395,0.5812047719955444
20,1337,233,213,kl,85.32,0.5,0.23158124089241028,0.40692338347435,0.6412220597267151
20,1337,234,214,kl,84.96,-0.35999999999999943,0.24481329321861267,0.41060584783554077,0.6366174221038818
20,1337,235,215,kl,85.02,0.060000000000002274,0.17182256281375885,0.4038969576358795,0.5734516978263855
20,1337,236,216,kl,85.04,0.020000000000010232,0.15551012754440308,0.4023083746433258,0.652992844581604
20,1337,237,217,kl,85.4,0.35999999999999943,0.23301179707050323,0.4137198328971863,0.6513340473175049
20,1337,238,218,kl,85.02,-0.38000000000000966,0.19341735541820526,0.4079855978488922,0.6414868831634521
20,1337,239,219,kl,85.04,0.020000000000010232,0.2342812716960907,0.4219339191913605,0.6703011393547058
20,1337,240,220,kl,85.16,0.11999999999999034,0.3012160360813141,0.4497632384300232,0.6956920027732849
20,1337,241,221,kl,85.06,-0.09999999999999432,0.26365745067596436,0.4436875581741333,0.6844732761383057
20,1337,242,222,kl,85.48,0.4200000000000017,0.2083829790353775,0.4223269820213318,0.7014079093933105
20,1337,243,223,kl,85.56,0.0799999999999983,0.1702900379896164,0.4197697639465332,0.7169275879859924
20,1337,244,224,kl,85.5,-0.060000000000002274,0.2604324519634247,0.44743266701698303,0.7955800294876099
20,1337,245,225,kl,85.18,-0.3199999999999932,0.30095797777175903,0.4674895405769348,0.7307890057563782
20,1337,246,226,kl,85.36,0.1799999999999926,0.2576172947883606,0.44906410574913025,0.7311766147613525
20,1337,247,227,kl,85.32,-0.04000000000000625,0.2872980833053589,0.46802082657814026,0.7321978807449341
20,1337,248,228,kl,85.24,-0.0799999999999983,0.19420766830444336,0.44506293535232544,0.7310694456100464
20,1337,249,229,kl,85.28,0.04000000000000625,0.38228124380111694,0.5073009729385376,0.770546555519104
20,1337,250,230,kl,84.96,-0.3200000000000074,0.30464407801628113,0.4898284077644348,0.8266978859901428
20,1337,251,231,kl,85.1,0.14000000000000057,0.19671092927455902,0.4594361484050751,0.7404235601425171
20,1337,252,232,ce,85.5,0.4000000000000057,0.21393419802188873,0.4002259373664856,1.4351909160614014
20,1337,253,233,kl,85.5,0.0,0.2553485035896301,0.4824342727661133,0.7273688912391663
20,1337,254,234,kl,85.32,-0.18000000000000682,0.23721584677696228,0.4709969758987427,0.7885618209838867
20,1337,255,235,kl,85.18,-0.13999999999998636,0.27607864141464233,0.48138007521629333,0.7375801801681519
20,1337,256,236,kl,85.56,0.37999999999999545,0.2746286392211914,0.48264989256858826,0.8057019114494324
20,1337,257,237,kl,85.32,-0.2400000000000091,0.3753988742828369,0.5381458401679993,0.8221721053123474
20,1337,258,238,kl,85.26,-0.05999999999998806,0.27972880005836487,0.5039525032043457,0.8289889097213745
20,1337,259,239,kl,85.28,0.01999999999999602,0.2754868268966675,0.5021343231201172,0.789520800113678
20,1337,260,240,kl,85.36,0.0799999999999983,0.31095874309539795,0.5151235461235046,0.8310840725898743
20,1337,261,241,kl,85.26,-0.09999999999999432,0.32088857889175415,0.5438083410263062,0.7719236016273499
20,1337,262,242,kl,85.5,0.23999999999999488,0.34492725133895874,0.5335679054260254,0.8846956491470337
20,1337,263,243,kl,85.7,0.20000000000000284,0.3116016387939453,0.5208027362823486,0.850005567073822
20,1337,264,244,kl,85.38,-0.3200000000000074,0.2926957607269287,0.5297107100486755,0.8064245581626892
20,1337,265,245,kl,85.38,0.0,0.26626330614089966,0.5328067541122437,0.7914166450500488
20,1337,266,246,kl,85.12,-0.2599999999999909,0.3029758334159851,0.5472527146339417,0.9101921916007996
20,1337,267,247,kl,85.04,-0.0799999999999983,0.37025123834609985,0.580433189868927,0.8890731930732727
20,1337,268,248,kl,85.38,0.3399999999999892,0.3009248375892639,0.5389847159385681,0.8406489491462708
20,1337,269,249,kl,85.34,-0.03999999999999204,0.2951410412788391,0.5449016094207764,0.8550118207931519
20,1337,270,250,kl,85.48,0.14000000000000057,0.2957901358604431,0.5476654767990112,0.8932035565376282
20,1337,271,251,kl,85.62,0.14000000000000057,0.296870619058609,0.5448997020721436,0.998417854309082
20,1337,272,252,kl,85.34,-0.28000000000000114,0.3433856964111328,0.5751908421516418,0.9661568403244019
20,1337,273,253,ce,85.86,0.519999999999996,0.21969282627105713,0.49240005016326904,1.5952777862548828
20,1337,274,254,kl,85.2,-0.6599999999999966,0.32133498787879944,0.5711579322814941,0.8870280385017395
20,1337,275,255,kl,85.48,0.28000000000000114,0.344199538230896,0.5938871502876282,0.8839443922042847
20,1337,276,256,kl,85.54,0.060000000000002274,0.43044885993003845,0.6328642964363098,1.095611333847046
20,1337,277,257,kl,85.46,-0.0800000000000125,0.3132784068584442,0.5955770611763,0.9418520331382751
20,1337,278,258,kl,85.88,0.4200000000000017,0.29247555136680603,0.5948355793952942,0.9648014307022095
20,1337,279,259,kl,85.08,-0.7999999999999972,0.36126217246055603,0.6169543266296387,1.0119903087615967
20,1337,280,260,kl,85.46,0.37999999999999545,0.3922414183616638,0.6232555508613586,1.1450769901275635
20,1337,281,261,kl,85.34,-0.11999999999999034,0.316141277551651,0.6055901050567627,0.945988655090332
20,1337,282,262,kl,85.4,0.060000000000002274,0.2818616032600403,0.5912526249885559,1.0287396907806396
20,1337,283,263,kl,85.74,0.3399999999999892,0.25087884068489075,0.5892196297645569,1.0058537721633911
20,1337,284,264,kl,85.34,-0.3999999999999915,0.3034193515777588,0.604268491268158,1.0442311763763428
20,1337,285,265,kl,85.42,0.0799999999999983,0.3441794514656067,0.6357787847518921,0.9857009649276733
20,1337,286,266,kl,85.36,-0.060000000000002274,0.41200998425483704,0.6718393564224243,1.0904449224472046
20,1337,287,267,kl,85.52,0.1599999999999966,0.3863578140735626,0.6543417572975159,1.1026067733764648
20,1337,288,268,kl,85.7,0.18000000000000682,0.26057177782058716,0.6226462721824646,1.0438717603683472
20,1337,289,269,kl,85.42,-0.28000000000000114,0.3882180452346802,0.6667718291282654,1.1478803157806396
20,1337,290,270,kl,85.64,0.21999999999999886,0.30659887194633484,0.6464216709136963,1.0777004957199097
20,1337,291,271,kl,85.52,-0.12000000000000455,0.27488258481025696,0.6398081183433533,0.980030357837677
20,1337,292,272,kl,85.38,-0.14000000000000057,0.27782583236694336,0.620309054851532,1.0034775733947754
20,1337,293,273,kl,85.28,-0.09999999999999432,0.29057595133781433,0.654341995716095,1.0561144351959229
20,1337,294,274,ce,85.44,0.1599999999999966,0.3300837278366089,0.6069164276123047,2.004390239715576
20,1337,295,275,kl,85.38,-0.060000000000002274,0.3287438154220581,0.6367343068122864,1.0685865879058838
20,1337,296,276,kl,85.86,0.480000000000004,0.3793014585971832,0.6955485343933105,1.2814806699752808
20,1337,297,277,kl,85.26,-0.5999999999999943,0.3652547001838684,0.7083823084831238,1.0445940494537354
20,1337,298,278,kl,85.06,-0.20000000000000284,0.33062875270843506,0.6786057949066162,1.05198073387146
20,1337,299,279,kl,85.44,0.37999999999999545,0.3396182954311371,0.6905707716941833,1.192634105682373
20,1337,300,280,kl,85.62,0.18000000000000682,0.3239666223526001,0.665747880935669,1.1635349988937378
20,1337,301,281,kl,85.46,-0.1600000000000108,0.3476580083370209,0.6944531798362732,1.187280535697937
20,1337,302,282,kl,85.5,0.04000000000000625,0.35572800040245056,0.7094301581382751,1.2912039756774902
20,1337,303,283,kl,85.3,-0.20000000000000284,0.2736291289329529,0.6632911562919617,1.1140445470809937
20,1337,304,284,kl,85.2,-0.09999999999999432,0.36124497652053833,0.7281810641288757,1.0636807680130005
20,1337,305,285,kl,85.16,-0.04000000000000625,0.37605148553848267,0.7368881702423096,1.196252703666687
20,1337,306,286,kl,85.28,0.12000000000000455,0.351806640625,0.7171499729156494,1.28859543800354
20,1337,307,287,kl,85.28,0.0,0.31541579961776733,0.7047109007835388,1.0647368431091309
20,1337,308,288,kl,84.8,-0.480000000000004,0.2899067997932434,0.7250093221664429,1.0652049779891968
20,1337,309,289,kl,84.86,0.060000000000002274,0.3880213797092438,0.7789879441261292,1.2121686935424805
20,1337,310,290,kl,85.54,0.6800000000000068,0.35379016399383545,0.7512405514717102,1.2881531715393066
20,1337,311,291,kl,85.54,0.0,0.40051591396331787,0.7824631929397583,1.327062726020813
20,1337,312,292,kl,85.44,-0.10000000000000853,0.3887730836868286,0.7628602385520935,1.3820149898529053
20,1337,313,293,kl,85.2,-0.23999999999999488,0.3436889946460724,0.7423815131187439,1.2372413873672485
20,1337,314,294,kl,85.2,0.0,0.3975864350795746,0.7860055565834045,1.3631408214569092
20,1337,315,295,ce,86.22,1.019999999999996,0.19808557629585266,0.6542532444000244,1.8931134939193726
20,1337,316,296,kl,85.16,-1.0600000000000023,0.4536803960800171,0.8232164978981018,1.3338255882263184
20,1337,317,297,kl,85.32,0.1599999999999966,0.3177141547203064,0.7474454641342163,1.1496418714523315
20,1337,318,298,kl,85.26,-0.05999999999998806,0.323691189289093,0.7337664365768433,1.2531589269638062
20,1337,319,299,kl,85.44,0.1799999999999926,0.36127883195877075,0.7699333429336548,1.3390910625457764
20,1337,320,300,kl,85.34,-0.09999999999999432,0.3704546391963959,0.787095308303833,1.3200565576553345
20,1337,321,301,kl,85.34,0.0,0.29150235652923584,0.7237312197685242,1.3281277418136597
20,1337,322,302,kl,85.1,-0.2400000000000091,0.39485687017440796,0.7910604476928711,1.3931814432144165
20,1337,323,303,kl,85.14,0.04000000000000625,0.3249690532684326,0.7729378342628479,1.3711715936660767
20,1337,324,304,kl,85.14,0.0,0.34017106890678406,0.761827290058136,1.3827060461044312
20,1337,325,305,kl,85.3,0.1599999999999966,0.2352653592824936,0.7512568235397339,1.1538441181182861
20,1337,326,306,kl,85.4,0.10000000000000853,0.3192214369773865,0.7771210074424744,1.1800791025161743
20,1337,327,307,kl,85.12,-0.28000000000000114,0.385309636592865,0.8352006673812866,1.3360532522201538
20,1337,328,308,kl,85.2,0.0799999999999983,0.4412706792354584,0.8430112600326538,1.3701934814453125
20,1337,329,309,kl,85.4,0.20000000000000284,0.3315882086753845,0.7813346982002258,1.373437523841858
20,1337,330,310,kl,85.46,0.05999999999998806,0.2635034918785095,0.7587028741836548,1.398521900177002
20,1337,331,311,kl,85.62,0.1600000000000108,0.3995862901210785,0.8296418786048889,1.6022992134094238
20,1337,332,312,kl,85.64,0.01999999999999602,0.31045645475387573,0.776418924331665,1.538657546043396
20,1337,333,313,kl,85.28,-0.35999999999999943,0.3586958050727844,0.8273606896400452,1.36607027053833
20,1337,334,314,kl,85.54,0.2600000000000051,0.25870758295059204,0.7613446116447449,1.322723388671875
20,1337,335,315,kl,85.08,-0.46000000000000796,0.4973776340484619,0.9140715599060059,1.582384705543518
20,1337,336,316,ce,84.9,-0.1799999999999926,0.39544838666915894,0.7645747065544128,2.529463052749634
20,1337,337,317,kl,85.78,0.8799999999999955,0.24878071248531342,0.7349051237106323,1.2294740676879883
20,1337,338,318,kl,85.7,-0.0799999999999983,0.22823700308799744,0.7355207204818726,1.1729484796524048
20,1337,339,319,kl,85.76,0.060000000000002274,0.26680788397789,0.7539611458778381,1.2162933349609375
20,1337,340,320,kl,85.76,0.0,0.2611829340457916,0.7488088607788086,1.2234253883361816
20,1337,341,321,kl,85.82,0.05999999999998806,0.28082752227783203,0.7565523386001587,1.2433336973190308
20,1337,342,322,kl,85.7,-0.11999999999999034,0.32311269640922546,0.7785283923149109,1.294144868850708
20,1337,343,323,kl,85.58,-0.12000000000000455,0.29266804456710815,0.7635877728462219,1.2878116369247437
20,1337,344,324,kl,85.66,0.0799999999999983,0.26319068670272827,0.7529777884483337,1.2521157264709473
20,1337,345,325,kl,85.64,-0.01999999999999602,0.3093979060649872,0.7755119204521179,1.325042486190796
20,1337,346,326,kl,85.56,-0.0799999999999983,0.3035419285297394,0.7878450155258179,1.3039342164993286
20,1337,347,327,kl,85.66,0.09999999999999432,0.29713818430900574,0.7779709696769714,1.281940221786499
20,1337,348,328,kl,85.68,0.020000000000010232,0.2885158956050873,0.7730986475944519,1.317525029182434
20,1337,349,329,kl,85.66,-0.020000000000010232,0.32839471101760864,0.7843796014785767,1.3899662494659424
20,1337,350,330,kl,85.92,0.2600000000000051,0.29234325885772705,0.783491313457489,1.3325238227844238
20,1337,351,331,kl,85.76,-0.1599999999999966,0.27795979380607605,0.7869181632995605,1.2926480770111084
20,1337,352,332,kl,85.54,-0.21999999999999886,0.33126986026763916,0.8072599768638611,1.3725125789642334
20,1337,353,333,kl,85.7,0.1599999999999966,0.3154382109642029,0.8021280765533447,1.3870398998260498
20,1337,354,334,kl,85.58,-0.12000000000000455,0.3033563792705536,0.8017069697380066,1.3454797267913818
20,1337,355,335,kl,85.6,0.01999999999999602,0.331775963306427,0.8228093385696411,1.3874602317810059
20,1337,356,336,kl,85.62,0.020000000000010232,0.3289331793785095,0.8204887509346008,1.437146782875061
20,1337,357,337,ce,86.54,0.9200000000000017,0.3207327723503113,0.7697350382804871,2.1088130474090576
20,1337,358,338,kl,85.94,-0.6000000000000085,0.30585426092147827,0.7964397072792053,1.3451424837112427
20,1337,359,339,kl,85.82,-0.12000000000000455,0.342250794172287,0.8227501511573792,1.4395418167114258
20,1337,360,340,kl,85.92,0.10000000000000853,0.3168129622936249,0.8107889294624329,1.3945937156677246
20,1337,361,341,kl,85.64,-0.28000000000000114,0.32378965616226196,0.8246492743492126,1.3534516096115112
20,1337,362,342,kl,85.84,0.20000000000000284,0.31183522939682007,0.8168879747390747,1.381527304649353
20,1337,363,343,kl,85.72,-0.12000000000000455,0.2895386219024658,0.8119051456451416,1.3296159505844116
20,1337,364,344,kl,86.22,0.5,0.30952078104019165,0.8162415027618408,1.4132227897644043
20,1337,365,345,kl,85.72,-0.5,0.34321439266204834,0.8371255993843079,1.4507571458816528
20,1337,366,346,kl,85.9,0.18000000000000682,0.3106827735900879,0.8183873295783997,1.410681962966919
20,1337,367,347,kl,85.98,0.0799999999999983,0.3256692886352539,0.8191304206848145,1.4705644845962524
20,1337,368,348,kl,85.76,-0.21999999999999886,0.32488876581192017,0.8308839797973633,1.4510014057159424
20,1337,369,349,kl,85.84,0.0799999999999983,0.30406349897384644,0.8260687589645386,1.3903676271438599
20,1337,370,350,kl,85.44,-0.4000000000000057,0.3336274027824402,0.8419181108474731,1.5231637954711914
20,1337,371,351,kl,85.8,0.35999999999999943,0.3441387414932251,0.8501684069633484,1.467754602432251
20,1337,372,352,kl,85.6,-0.20000000000000284,0.333218514919281,0.8475916981697083,1.492415428161621
20,1337,373,353,kl,85.7,0.10000000000000853,0.3135140538215637,0.8605046272277832,1.3650435209274292
20,1337,374,354,kl,85.76,0.060000000000002274,0.33112919330596924,0.850071132183075,1.466973900794983
20,1337,375,355,kl,85.58,-0.18000000000000682,0.32763394713401794,0.8502628803253174,1.4427533149719238
20,1337,376,356,kl,85.52,-0.060000000000002274,0.3272276222705841,0.8535569906234741,1.438302993774414
20,1337,377,357,kl,85.54,0.020000000000010232,0.3422921299934387,0.8548967242240906,1.500593662261963
20,1337,378,358,ce,86.16,0.6199999999999903,0.31352749466896057,0.7767239212989807,2.2490856647491455
20,1337,379,359,kl,85.96,-0.20000000000000284,0.3277518153190613,0.8540449738502502,1.493056297302246
20,1337,380,360,kl,85.54,-0.4199999999999875,0.3061855435371399,0.8371255993843079,1.4441617727279663
20,1337,381,361,kl,86.14,0.5999999999999943,0.3186262845993042,0.8427308201789856,1.4955437183380127
20,1337,382,362,kl,85.76,-0.37999999999999545,0.30405163764953613,0.837870717048645,1.460235834121704
20,1337,383,363,kl,85.98,0.21999999999999886,0.30465638637542725,0.8512778878211975,1.4641193151474
20,1337,384,364,kl,85.88,-0.10000000000000853,0.31689614057540894,0.8667751550674438,1.474831461906433
20,1337,385,365,kl,85.92,0.04000000000000625,0.3467324674129486,0.8717379570007324,1.5458974838256836
20,1337,386,366,kl,86.06,0.14000000000000057,0.3536657989025116,0.8754608035087585,1.5773288011550903
20,1337,387,367,kl,85.64,-0.4200000000000017,0.31003642082214355,0.8682143092155457,1.5120199918746948
20,1337,388,368,kl,85.76,0.12000000000000455,0.3177213668823242,0.8619654774665833,1.5645182132720947
20,1337,389,369,kl,85.76,0.0,0.27986305952072144,0.8580876588821411,1.4650897979736328
20,1337,390,370,kl,85.56,-0.20000000000000284,0.3428880274295807,0.8723746538162231,1.5499683618545532
20,1337,391,371,kl,85.84,0.28000000000000114,0.3542829155921936,0.8877062797546387,1.5475867986679077
20,1337,392,372,kl,85.54,-0.29999999999999716,0.34581708908081055,0.8979412913322449,1.5626596212387085
20,1337,393,373,kl,85.76,0.21999999999999886,0.34425702691078186,0.899917721748352,1.5281420946121216
20,1337,394,374,kl,85.72,-0.04000000000000625,0.35310739278793335,0.8967465162277222,1.6061629056930542
20,1337,395,375,kl,85.7,-0.01999999999999602,0.3413144648075104,0.8857790231704712,1.561814308166504
20,1337,396,376,kl,85.8,0.09999999999999432,0.3272464871406555,0.8901776075363159,1.5001763105392456
20,1337,397,377,kl,85.72,-0.0799999999999983,0.36318498849868774,0.9062817692756653,1.6432617902755737
20,1337,398,378,kl,85.78,0.060000000000002274,0.3322819471359253,0.9014643430709839,1.571016788482666
20,1337,399,379,ce,86.26,0.480000000000004,0.24756504595279694,0.8114500641822815,2.2373104095458984
20,1337,400,380,kl,85.74,-0.5200000000000102,0.3376615047454834,0.9010686874389648,1.6099205017089844
20,1337,401,381,kl,86.04,0.30000000000001137,0.36661505699157715,0.9198242425918579,1.6275396347045898
20,1337,402,382,kl,85.42,-0.6200000000000045,0.33642852306365967,0.9096903800964355,1.5422636270523071
20,1337,403,383,kl,85.76,0.3400000000000034,0.3215274214744568,0.8774254322052002,1.5643415451049805
20,1337,404,384,kl,85.72,-0.04000000000000625,0.3432791233062744,0.9000899195671082,1.6156492233276367
20,1337,405,385,kl,85.58,-0.14000000000000057,0.3530469238758087,0.9181973934173584,1.6343995332717896
20,1337,406,386,kl,85.66,0.0799999999999983,0.31772229075431824,0.8875854015350342,1.5670961141586304
20,1337,407,387,kl,85.92,0.2600000000000051,0.30357658863067627,0.8792135715484619,1.4914803504943848
20,1337,408,388,kl,85.66,-0.2600000000000051,0.34921956062316895,0.9150501489639282,1.630306363105774
20,1337,409,389,kl,85.78,0.12000000000000455,0.31046923995018005,0.8927362561225891,1.5783611536026
20,1337,410,390,kl,85.7,-0.0799999999999983,0.3221268057823181,0.9156879186630249,1.5888174772262573
20,1337,411,391,kl,85.58,-0.12000000000000455,0.3496297597885132,0.9199002385139465,1.6074955463409424
20,1337,412,392,kl,85.58,0.0,0.36953383684158325,0.9344993233680725,1.7109038829803467
20,1337,413,393,kl,85.6,0.01999999999999602,0.325374573469162,0.9172562956809998,1.612825632095337
20,1337,414,394,kl,85.7,0.10000000000000853,0.3226062059402466,0.9140305519104004,1.613244891166687
20,1337,415,395,kl,85.52,-0.18000000000000682,0.3060793876647949,0.914197564125061,1.5847246646881104
20,1337,416,396,kl,85.46,-0.060000000000002274,0.3417394757270813,0.9256934523582458,1.5878828763961792
20,1337,417,397,kl,85.42,-0.03999999999999204,0.3139667809009552,0.9152659773826599,1.5517628192901611
20,1337,418,398,kl,85.58,0.1599999999999966,0.3634409010410309,0.942391037940979,1.6199798583984375
20,1337,419,399,kl,85.74,0.1599999999999966,0.32849130034446716,0.9278212785720825,1.646636724472046
20,1337,420,400,ce,86.48,0.7400000000000091,0.33254072070121765,0.8963478207588196,2.4893081188201904
20,42,1,-19,kl,43.5,34.08,0.6269708871841431,0.7429771423339844,1.2030327320098877
20,42,2,-18,kl,33.52,-9.979999999999997,0.6290801763534546,0.8716670870780945,1.5339449644088745
20,42,3,-17,kl,52.82,19.299999999999997,0.25318416953086853,0.6078771352767944,1.1851812601089478
20,42,4,-16,kl,59.16,6.339999999999996,0.6288257837295532,0.5454210042953491,1.171220064163208
20,42,5,-15,kl,62.86,3.700000000000003,0.7581608295440674,0.6463959217071533,1.2434204816818237
20,42,6,-14,kl,67.14,4.280000000000001,0.7387126684188843,0.5542881488800049,1.0463496446609497
20,42,7,-13,kl,70.0,2.8599999999999994,0.7401790618896484,0.5867581963539124,1.1294453144073486
20,42,8,-12,kl,71.92,1.9200000000000017,0.4164375364780426,0.4573795199394226,0.9464383125305176
20,42,9,-11,kl,73.52,1.5999999999999943,0.5601896047592163,0.46109309792518616,0.9981301426887512
20,42,10,-10,kl,73.3,-0.21999999999999886,0.6642154455184937,0.4956231415271759,0.9828646183013916
20,42,11,-9,kl,74.52,1.2199999999999989,0.4733160138130188,0.4406000077724457,0.7914561629295349
20,42,12,-8,kl,76.28,1.7600000000000051,0.38831788301467896,0.44446519017219543,1.0283273458480835
20,42,13,-7,kl,76.98,0.7000000000000028,0.6288384795188904,0.4908536374568939,1.1402713060379028
20,42,14,-6,kl,77.26,0.28000000000000114,0.4825590252876282,0.4396551847457886,0.7545279860496521
20,42,15,-5,kl,77.7,0.4399999999999977,0.5494099259376526,0.4642707109451294,0.8745477795600891
20,42,16,-4,kl,78.18,0.480000000000004,0.25628775358200073,0.40072137117385864,0.9296436309814453
20,42,17,-3,kl,77.78,-0.4000000000000057,0.4483617842197418,0.48453637957572937,0.9588741660118103
20,42,18,-2,kl,79.38,1.5999999999999943,0.5301644802093506,0.43819764256477356,0.9065181016921997
20,42,19,-1,kl,78.82,-0.5600000000000023,0.37821143865585327,0.4266936779022217,0.9157605171203613
20,42,20,0,kl,78.88,0.060000000000002274,0.478067010641098,0.44977784156799316,0.9826866984367371
20,42,21,1,ce,80.5,1.6200000000000045,0.2753203511238098,0.3321755826473236,1.9191501140594482
20,42,22,2,kl,79.58,-0.9200000000000017,0.5784528851509094,0.49807456135749817,0.9294953942298889
20,42,23,3,kl,76.8,-2.780000000000001,0.5508678555488586,0.45490583777427673,0.959510862827301
20,42,24,4,kl,78.18,1.3800000000000097,0.5214204788208008,0.45250698924064636,1.1972029209136963
20,42,25,5,kl,77.7,-0.480000000000004,0.5741677284240723,0.4821353852748871,1.1144152879714966
20,42,26,6,kl,76.38,-1.3200000000000074,0.6096947193145752,0.546231210231781,1.1490120887756348
20,42,27,7,kl,81.6,5.219999999999999,0.27975326776504517,0.4394317865371704,0.7898374795913696
20,42,28,8,kl,79.48,-2.1199999999999903,0.28360792994499207,0.4196983277797699,0.9110727310180664
20,42,29,9,kl,80.88,1.3999999999999915,0.5254068374633789,0.5026248097419739,0.8449933528900146
20,42,30,10,kl,80.4,-0.47999999999998977,0.5956931114196777,0.5031824707984924,0.9341082572937012
20,42,31,11,kl,80.2,-0.20000000000000284,0.41642051935195923,0.45130276679992676,1.0202301740646362
20,42,32,12,kl,79.0,-1.2000000000000028,0.576332688331604,0.4967261850833893,0.9017672538757324
20,42,33,13,kl,80.1,1.0999999999999943,0.6245626211166382,0.5484029054641724,1.1079018115997314
20,42,34,14,kl,80.72,0.6200000000000045,0.3098161220550537,0.4199962615966797,1.0243877172470093
20,42,35,15,kl,79.68,-1.039999999999992,0.397716224193573,0.4651343524456024,0.7942805290222168
20,42,36,16,kl,81.28,1.5999999999999943,0.38744136691093445,0.42963168025016785,0.9228630065917969
20,42,37,17,kl,81.52,0.23999999999999488,0.4194088280200958,0.44722646474838257,0.9428024291992188
20,42,38,18,kl,81.42,-0.09999999999999432,0.4503732919692993,0.4626041054725647,1.009536623954773
20,42,39,19,kl,80.5,-0.9200000000000017,0.6262713074684143,0.5014078617095947,1.066595196723938
20,42,40,20,kl,78.58,-1.9200000000000017,0.5407215356826782,0.5115119218826294,1.0460890531539917
20,42,41,21,kl,80.88,2.299999999999997,0.5376263856887817,0.49197259545326233,0.9281985759735107
20,42,42,22,ce,82.06,1.1800000000000068,0.24623171985149384,0.3233441710472107,1.8426368236541748
20,42,43,23,kl,80.9,-1.1599999999999966,0.5704507827758789,0.495585560798645,1.0042535066604614
20,42,44,24,kl,79.76,-1.1400000000000006,0.602725625038147,0.5403928160667419,0.8709642887115479
20,42,45,25,kl,79.82,0.05999999999998806,0.7255805730819702,0.6170570850372314,1.2001276016235352
20,42,46,26,kl,80.64,0.8200000000000074,0.5985866785049438,0.5221803188323975,0.9775166511535645
20,42,47,27,kl,80.68,0.04000000000000625,0.5216800570487976,0.47775954008102417,0.8225831389427185
20,42,48,28,kl,79.96,-0.7200000000000131,0.5557230710983276,0.5008882284164429,0.8841918706893921
20,42,49,29,kl,79.22,-0.7399999999999949,0.5847300291061401,0.49461230635643005,1.089461088180542
20,42,50,30,kl,81.92,2.700000000000003,0.4310816824436188,0.4786052107810974,0.9135662317276001
20,42,51,31,kl,79.68,-2.239999999999995,0.38672617077827454,0.4759565591812134,1.0963529348373413
20,42,52,32,kl,81.26,1.5799999999999983,0.4453766345977783,0.48560869693756104,1.1295756101608276
20,42,53,33,kl,80.46,-0.8000000000000114,0.5203869342803955,0.49792221188545227,1.0031987428665161
20,42,54,34,kl,82.2,1.740000000000009,0.28111711144447327,0.41526785492897034,1.011028528213501
20,42,55,35,kl,81.92,-0.28000000000000114,0.6268332004547119,0.5443788170814514,1.1047650575637817
20,42,56,36,kl,81.82,-0.10000000000000853,0.4826809763908386,0.5115377902984619,1.0230499505996704
20,42,57,37,kl,81.9,0.0800000000000125,0.4355090260505676,0.528721809387207,0.9404595494270325
20,42,58,38,kl,80.36,-1.5400000000000063,0.6538263559341431,0.5860028266906738,1.1505839824676514
20,42,59,39,kl,81.24,0.8799999999999955,0.4301619231700897,0.45018133521080017,0.7584874629974365
20,42,60,40,kl,80.88,-0.35999999999999943,0.49562180042266846,0.4984000325202942,1.10504150390625
20,42,61,41,kl,81.14,0.2600000000000051,0.41856250166893005,0.44835278391838074,0.7517167329788208
20,42,62,42,kl,81.84,0.7000000000000028,0.5554275512695312,0.49948829412460327,0.7024604082107544
20,42,63,43,ce,81.86,0.01999999999999602,0.18872013688087463,0.3505502939224243,1.7288479804992676
20,42,64,44,kl,80.04,-1.8199999999999932,0.48258334398269653,0.47086429595947266,0.9068334102630615
20,42,65,45,kl,80.58,0.539999999999992,0.2747137248516083,0.42345818877220154,0.9929551482200623
20,42,66,46,kl,81.84,1.2600000000000051,0.45731252431869507,0.4649491608142853,0.9639613628387451
20,42,67,47,kl,82.28,0.4399999999999977,0.6034884452819824,0.5199323296546936,0.9112899303436279
20,42,68,48,kl,81.72,-0.5600000000000023,0.5142495632171631,0.5236867070198059,1.0061042308807373
20,42,69,49,kl,82.52,0.7999999999999972,0.4991343021392822,0.45927608013153076,0.8745027184486389
20,42,70,50,kl,81.94,-0.5799999999999983,0.631658673286438,0.5253050327301025,0.9209283590316772
20,42,71,51,kl,81.38,-0.5600000000000023,0.4806208610534668,0.5014508962631226,0.9354517459869385
20,42,72,52,kl,81.84,0.46000000000000796,0.5251502990722656,0.5338538289070129,0.9711361527442932
20,42,73,53,kl,81.84,0.0,0.27275922894477844,0.4288748800754547,0.9734983444213867
20,42,74,54,kl,81.84,0.0,0.5705338716506958,0.5148225426673889,1.0492268800735474
20,42,75,55,kl,83.14,1.2999999999999972,0.4756452739238739,0.47391828894615173,0.9811694622039795
20,42,76,56,kl,82.48,-0.6599999999999966,0.40153515338897705,0.48531341552734375,0.9195565581321716
20,42,77,57,kl,83.04,0.5600000000000023,0.5765352249145508,0.5012784600257874,0.9700154662132263
20,42,78,58,kl,82.18,-0.8599999999999994,0.42267581820487976,0.4731321334838867,0.9349943995475769
20,42,79,59,kl,81.98,-0.20000000000000284,0.5048445463180542,0.5270076394081116,1.0510820150375366
20,42,80,60,kl,82.16,0.1799999999999926,0.3731275796890259,0.48060527443885803,1.1595423221588135
20,42,81,61,kl,82.96,0.7999999999999972,0.36346033215522766,0.4353424310684204,0.8481855988502502
20,42,82,62,kl,82.16,-0.7999999999999972,0.44229578971862793,0.47115999460220337,0.8114781379699707
20,42,83,63,kl,82.08,-0.0799999999999983,0.5512279272079468,0.47789329290390015,0.8807579874992371
20,42,84,64,ce,81.32,-0.7600000000000051,0.21755464375019073,0.3970233201980591,1.7295293807983398
20,42,85,65,kl,81.96,0.6400000000000006,0.46529513597488403,0.48696887493133545,0.9027019739151001
20,42,86,66,kl,79.68,-2.279999999999987,0.49565351009368896,0.4736878275871277,0.9585253000259399
20,42,87,67,kl,81.66,1.9799999999999898,0.4336174726486206,0.4802666902542114,0.8918097615242004
20,42,88,68,kl,80.98,-0.6799999999999926,0.399567186832428,0.45767271518707275,0.8794180750846863
20,42,89,69,kl,82.02,1.039999999999992,0.5867629647254944,0.5161870718002319,0.9353861212730408
20,42,90,70,kl,82.22,0.20000000000000284,0.5346482992172241,0.47543543577194214,0.9611552953720093
20,42,91,71,kl,82.32,0.09999999999999432,0.4994703531265259,0.4790494441986084,1.0473909378051758
20,42,92,72,kl,83.06,0.7400000000000091,0.529283881187439,0.4906441569328308,0.9450007677078247
20,42,93,73,kl,80.88,-2.180000000000007,0.6644248962402344,0.6007028222084045,1.082448959350586
20,42,94,74,kl,82.44,1.5600000000000023,0.5115783214569092,0.4859139919281006,0.7884923815727234
20,42,95,75,kl,81.7,-0.7399999999999949,0.4178609549999237,0.4456058740615845,1.0136624574661255
20,42,96,76,kl,82.72,1.019999999999996,0.5625691413879395,0.4807151257991791,0.8774959444999695
20,42,97,77,kl,81.14,-1.5799999999999983,0.4737657904624939,0.49459129571914673,0.8534413576126099
20,42,98,78,kl,82.62,1.480000000000004,0.4256402850151062,0.47437378764152527,0.9628430008888245
20,42,99,79,kl,81.74,-0.8800000000000097,0.6081480979919434,0.5201367139816284,1.0988738536834717
20,42,100,80,kl,81.74,0.0,0.6394565105438232,0.5447026491165161,0.9695422649383545
20,42,101,81,kl,81.42,-0.3199999999999932,0.6559305191040039,0.5630531311035156,1.0835424661636353
20,42,102,82,kl,83.24,1.8199999999999932,0.4273854196071625,0.45579904317855835,0.788138747215271
20,42,103,83,kl,82.66,-0.5799999999999983,0.5103693604469299,0.48753198981285095,0.9687343835830688
20,42,104,84,kl,82.06,-0.5999999999999943,0.4640306830406189,0.5070119500160217,0.9516101479530334
20,42,105,85,ce,80.58,-1.480000000000004,0.2298787236213684,0.3638027608394623,2.0269548892974854
20,42,106,86,kl,80.74,0.1599999999999966,0.6452791690826416,0.5119056105613708,0.8762766718864441
20,42,107,87,kl,78.82,-1.9200000000000017,0.6985553503036499,0.6752501130104065,1.4421961307525635
20,42,108,88,kl,82.88,4.060000000000002,0.6158135533332825,0.513532280921936,1.2504526376724243
20,42,109,89,kl,82.32,-0.5600000000000023,0.5687280297279358,0.5461450815200806,0.9373524188995361
20,42,110,90,kl,82.56,0.2400000000000091,0.30964356660842896,0.4292263686656952,0.9217576384544373
20,42,111,91,kl,81.32,-1.240000000000009,0.40634745359420776,0.4566488564014435,0.7582256197929382
20,42,112,92,kl,80.68,-0.6399999999999864,0.513536810874939,0.5419630408287048,1.0482499599456787
20,42,113,93,kl,82.3,1.6199999999999903,0.5993019342422485,0.5473790168762207,1.1099278926849365
20,42,114,94,kl,83.38,1.0799999999999983,0.6369853615760803,0.5263383984565735,0.8533419370651245
20,42,115,95,kl,80.32,-3.0600000000000023,0.5893762707710266,0.574023425579071,1.1943426132202148
20,42,116,96,kl,82.98,2.660000000000011,0.4356793165206909,0.4447877109050751,0.8642429709434509
20,42,117,97,kl,81.66,-1.3200000000000074,0.5711535811424255,0.5130065083503723,0.8361507654190063
20,42,118,98,kl,82.86,1.2000000000000028,0.384438157081604,0.42991572618484497,0.8111041784286499
20,42,119,99,kl,81.74,-1.1200000000000045,0.6394817233085632,0.5911009311676025,1.1353211402893066
20,42,120,100,kl,82.04,0.30000000000001137,0.4849206209182739,0.45252856612205505,0.8527243137359619
20,42,121,101,kl,82.22,0.1799999999999926,0.49632957577705383,0.4979530870914459,0.8711521029472351
20,42,122,102,kl,82.58,0.35999999999999943,0.5301558375358582,0.5197686553001404,0.8976758718490601
20,42,123,103,kl,83.22,0.6400000000000006,0.4403826594352722,0.48239678144454956,0.9546778202056885
20,42,124,104,kl,82.24,-0.980000000000004,0.35488611459732056,0.44493016600608826,0.8542373776435852
20,42,125,105,kl,82.54,0.30000000000001137,0.6560509204864502,0.5697138905525208,0.9415277242660522
20,42,126,106,ce,83.42,0.8799999999999955,0.3468686044216156,0.36706048250198364,1.7558903694152832
20,42,127,107,kl,81.78,-1.6400000000000006,0.36324542760849,0.47669896483421326,1.0385477542877197
20,42,128,108,kl,82.26,0.480000000000004,0.5950751900672913,0.5137836337089539,0.8002539873123169
20,42,129,109,kl,81.42,-0.8400000000000034,0.5527495741844177,0.5465273261070251,1.0484802722930908
20,42,130,110,kl,81.82,0.3999999999999915,0.4699959456920624,0.48864588141441345,1.0150659084320068
20,42,131,111,kl,82.1,0.28000000000000114,0.4895819425582886,0.4734669625759125,0.7914223670959473
20,42,132,112,kl,82.04,-0.05999999999998806,0.5063977837562561,0.49398547410964966,1.0182561874389648
20,42,133,113,kl,81.12,-0.9200000000000017,0.5631014108657837,0.5318837761878967,1.0457979440689087
20,42,134,114,kl,82.82,1.6999999999999886,0.4611450135707855,0.4737611711025238,0.9553159475326538
20,42,135,115,kl,82.52,-0.29999999999999716,0.5143508911132812,0.46508240699768066,0.8909682631492615
20,42,136,116,kl,82.74,0.21999999999999886,0.3539212942123413,0.4414471685886383,0.9546711444854736
20,42,137,117,kl,81.48,-1.259999999999991,0.5541521906852722,0.5293228626251221,1.070480227470398
20,42,138,118,kl,82.88,1.3999999999999915,0.6117540597915649,0.5700972676277161,1.1161129474639893
20,42,139,119,kl,82.52,-0.35999999999999943,0.4358876347541809,0.46850621700286865,1.074737787246704
20,42,140,120,kl,78.32,-4.200000000000003,0.6889747977256775,0.6501871347427368,1.7206965684890747
20,42,141,121,kl,81.76,3.440000000000012,0.5444928407669067,0.48797887563705444,1.0055044889450073
20,42,142,122,kl,83.42,1.6599999999999966,0.5248123407363892,0.4881415069103241,0.9352668523788452
20,42,143,123,kl,82.94,-0.480000000000004,0.43914908170700073,0.4865966737270355,0.9244941473007202
20,42,144,124,kl,81.78,-1.1599999999999966,0.3931734561920166,0.4736253023147583,0.8523536920547485
20,42,145,125,kl,82.14,0.35999999999999943,0.6326671838760376,0.5659787058830261,0.9651678204536438
20,42,146,126,kl,81.96,-0.18000000000000682,0.5134615302085876,0.4759289622306824,0.7115285992622375
20,42,147,127,ce,82.66,0.7000000000000028,0.26789507269859314,0.3778855502605438,1.4780009984970093
20,42,148,128,kl,80.94,-1.7199999999999989,0.6160054206848145,0.5624616146087646,1.216538429260254
20,42,149,129,kl,81.32,0.37999999999999545,0.5230038166046143,0.5217973589897156,1.1752341985702515
20,42,150,130,kl,80.26,-1.059999999999988,0.7719635963439941,0.6871707439422607,1.3167520761489868
20,42,151,131,kl,81.02,0.7599999999999909,0.5512641072273254,0.47632351517677307,1.0976818799972534
20,42,152,132,kl,82.2,1.1800000000000068,0.4284236431121826,0.44844144582748413,0.9770722985267639
20,42,153,133,kl,82.78,0.5799999999999983,0.6292554140090942,0.5368702411651611,1.0397076606750488
20,42,154,134,kl,81.72,-1.0600000000000023,0.4876555800437927,0.46660250425338745,0.9698036909103394
20,42,155,135,kl,82.64,0.9200000000000017,0.5976621508598328,0.523747444152832,0.9462037682533264
20,42,156,136,kl,82.72,0.0799999999999983,0.46254947781562805,0.4423666298389435,0.8485336303710938
20,42,157,137,kl,83.32,0.5999999999999943,0.5637883543968201,0.49153783917427063,0.8605877757072449
20,42,158,138,kl,83.44,0.12000000000000455,0.4559028744697571,0.4619413912296295,0.8467419147491455
20,42,159,139,kl,81.2,-2.239999999999995,0.6884196996688843,0.5519537925720215,1.0290048122406006
20,42,160,140,kl,80.9,-0.29999999999999716,0.5418106317520142,0.5007994174957275,0.9379093647003174
20,42,161,141,kl,82.7,1.7999999999999972,0.5055080056190491,0.48061370849609375,0.9702718257904053
20,42,162,142,kl,82.52,-0.18000000000000682,0.22727692127227783,0.4308681786060333,0.8974404335021973
20,42,163,143,kl,81.74,-0.7800000000000011,0.5594066381454468,0.5215590596199036,0.8066635131835938
20,42,164,144,kl,81.64,-0.09999999999999432,0.4799158573150635,0.4301513135433197,0.8759159445762634
20,42,165,145,kl,80.86,-0.7800000000000011,0.35684099793434143,0.47151291370391846,1.1444902420043945
20,42,166,146,kl,82.2,1.3400000000000034,0.45845267176628113,0.4606229066848755,0.7753549814224243
20,42,167,147,kl,80.2,-2.0,0.47307413816452026,0.5027505159378052,1.2693912982940674
20,42,168,148,ce,82.16,1.9599999999999937,0.2450444996356964,0.38183873891830444,1.9644006490707397
20,42,169,149,kl,81.8,-0.35999999999999943,0.4541628956794739,0.5634885430335999,1.2660270929336548
20,42,170,150,kl,79.62,-2.1799999999999926,0.34806573390960693,0.4403916299343109,0.9922502040863037
20,42,171,151,kl,80.64,1.019999999999996,0.6157063245773315,0.5700944662094116,1.0187387466430664
20,42,172,152,kl,82.24,1.5999999999999943,0.4295206069946289,0.48325759172439575,0.9045878648757935
20,42,173,153,kl,82.26,0.020000000000010232,0.6072553992271423,0.5430252552032471,0.8898865580558777
20,42,174,154,kl,80.46,-1.8000000000000114,0.632233738899231,0.5897001624107361,1.4828675985336304
20,42,175,155,kl,83.2,2.740000000000009,0.516255795955658,0.4875616431236267,1.0586111545562744
20,42,176,156,kl,83.46,0.2599999999999909,0.5280556678771973,0.4790037274360657,0.9032363891601562
20,42,177,157,kl,80.76,-2.6999999999999886,0.5327816009521484,0.5100206732749939,1.0214037895202637
20,42,178,158,kl,81.98,1.2199999999999989,0.5515251159667969,0.5008807182312012,0.945805549621582
20,42,179,159,kl,82.2,0.21999999999999886,0.5693422555923462,0.540550947189331,1.0700832605361938
20,42,180,160,kl,82.2,0.0,0.5532068014144897,0.5221353769302368,0.9497865438461304
20,42,181,161,kl,82.38,0.1799999999999926,0.5657813549041748,0.5484747886657715,1.1471573114395142
20,42,182,162,kl,80.82,-1.5600000000000023,0.32566818594932556,0.4608055055141449,0.9510654211044312
20,42,183,163,kl,81.56,0.7400000000000091,0.49453800916671753,0.5345823168754578,0.9930490255355835
20,42,184,164,kl,81.66,0.09999999999999432,0.4520781338214874,0.4498193562030792,0.8694982528686523
20,42,185,165,kl,82.02,0.35999999999999943,0.5598500370979309,0.5297533273696899,0.9975445866584778
20,42,186,166,kl,83.74,1.7199999999999989,0.600750207901001,0.5211090445518494,1.0219160318374634
20,42,187,167,kl,82.36,-1.3799999999999955,0.6151304244995117,0.516715943813324,0.9762080311775208
20,42,188,168,kl,82.08,-0.28000000000000114,0.5377753376960754,0.49925076961517334,1.0180796384811401
20,42,189,169,ce,83.64,1.5600000000000023,0.24876278638839722,0.3266311287879944,1.9685574769973755
20,42,190,170,kl,81.38,-2.260000000000005,0.36428776383399963,0.4265109598636627,0.7715162038803101
20,42,191,171,kl,81.68,0.30000000000001137,0.6823471784591675,0.5794815421104431,1.2867926359176636
20,42,192,172,kl,81.94,0.2599999999999909,0.4564702808856964,0.4677165746688843,0.8626438975334167
20,42,193,173,kl,81.24,-0.7000000000000028,0.5632628202438354,0.5766181349754333,1.2158255577087402
20,42,194,174,kl,82.3,1.0600000000000023,0.4916154742240906,0.5040488839149475,0.742843747138977
20,42,195,175,kl,80.72,-1.5799999999999983,0.5908766984939575,0.5186713933944702,1.0454658269882202
20,42,196,176,kl,82.3,1.5799999999999983,0.5052120685577393,0.46645599603652954,0.7839221358299255
20,42,197,177,kl,82.26,-0.03999999999999204,0.4746829569339752,0.5161015391349792,0.9050341844558716
20,42,198,178,kl,82.82,0.5599999999999881,0.4416736364364624,0.4603036046028137,0.7646796703338623
20,42,199,179,kl,82.12,-0.6999999999999886,0.5467080473899841,0.5733639597892761,1.0261952877044678
20,42,200,180,kl,80.86,-1.2600000000000051,0.6135331392288208,0.5334518551826477,1.0478801727294922
20,42,201,181,kl,82.06,1.2000000000000028,0.4605942368507385,0.5251649618148804,1.0346945524215698
20,42,202,182,kl,83.36,1.2999999999999972,0.49091285467147827,0.4800053536891937,0.8057203888893127
20,42,203,183,kl,82.5,-0.8599999999999994,0.49078553915023804,0.5038195848464966,0.9644806385040283
20,42,204,184,kl,83.54,1.0400000000000063,0.4251699447631836,0.49183639883995056,0.8705428838729858
20,42,205,185,kl,82.86,-0.6800000000000068,0.43122023344039917,0.4720878005027771,0.8627009987831116
20,42,206,186,kl,82.24,-0.6200000000000045,0.5786265730857849,0.5599254965782166,0.9993592500686646
20,42,207,187,kl,82.82,0.5799999999999983,0.5143716335296631,0.5004428625106812,0.8295535445213318
20,42,208,188,kl,82.24,-0.5799999999999983,0.48869848251342773,0.4827522337436676,0.9070490598678589
20,42,209,189,kl,83.26,1.0200000000000102,0.4506506323814392,0.4871727526187897,0.9993415474891663
20,42,210,190,ce,81.98,-1.2800000000000011,0.22080619633197784,0.3470067083835602,1.9112231731414795
20,42,211,191,kl,80.9,-1.0799999999999983,0.46809250116348267,0.5032676458358765,1.0970839262008667
20,42,212,192,kl,82.0,1.0999999999999943,0.4653036594390869,0.48764291405677795,0.9302282333374023
20,42,213,193,kl,81.98,-0.01999999999999602,0.5996041297912598,0.5659255385398865,0.9338967204093933
20,42,214,194,kl,81.68,-0.29999999999999716,0.574416995048523,0.5141952037811279,1.0454143285751343
20,42,215,195,kl,82.66,0.9799999999999898,0.46417036652565,0.5084684491157532,0.9245218634605408
20,42,216,196,kl,82.56,-0.09999999999999432,0.6944711804389954,0.578671395778656,1.0042375326156616
20,42,217,197,kl,82.0,-0.5600000000000023,0.5977566838264465,0.5540392398834229,1.1625864505767822
20,42,218,198,kl,82.72,0.7199999999999989,0.44140785932540894,0.44691264629364014,0.8475721478462219
20,42,219,199,kl,82.08,-0.6400000000000006,0.4026613235473633,0.5083138346672058,0.9273423552513123
20,42,220,200,kl,81.72,-0.35999999999999943,0.39407315850257874,0.47618183493614197,1.009196400642395
20,42,221,201,kl,81.48,-0.23999999999999488,0.5676775574684143,0.5208914279937744,0.9841460585594177
20,42,222,202,kl,82.68,1.2000000000000028,0.4614100158214569,0.49678462743759155,1.0117383003234863
20,42,223,203,kl,81.34,-1.3400000000000034,0.4447292685508728,0.46179646253585815,1.0415079593658447
20,42,224,204,kl,81.94,0.5999999999999943,0.4606003165245056,0.4491650462150574,0.951194703578949
20,42,225,205,kl,82.56,0.6200000000000045,0.45673274993896484,0.4768533706665039,0.9585474133491516
20,42,226,206,kl,82.32,-0.2400000000000091,0.3631914556026459,0.48318034410476685,1.0259273052215576
20,42,227,207,kl,78.2,-4.11999999999999,0.7570247650146484,0.6912474036216736,1.5182437896728516
20,42,228,208,kl,83.32,5.11999999999999,0.2914915978908539,0.46850457787513733,1.0471713542938232
20,42,229,209,kl,81.96,-1.3599999999999994,0.5400122404098511,0.5039275884628296,0.9185389876365662
20,42,230,210,kl,81.52,-0.4399999999999977,0.47762709856033325,0.49080169200897217,0.9808477163314819
20,42,231,211,ce,81.96,0.4399999999999977,0.1539125144481659,0.3417373597621918,1.727378010749817
20,42,232,212,kl,85.34,3.3800000000000097,0.28033363819122314,0.4240798056125641,0.7983975410461426
20,42,233,213,kl,85.86,0.519999999999996,0.23016177117824554,0.3989264667034149,0.6981684565544128
20,42,234,214,kl,86.18,0.3200000000000074,0.31472110748291016,0.4210023283958435,0.7496317625045776
20,42,235,215,kl,86.1,-0.0800000000000125,0.3149705231189728,0.42118388414382935,0.697700023651123
20,42,236,216,kl,86.14,0.04000000000000625,0.2649562358856201,0.4166070818901062,0.7317057251930237
20,42,237,217,kl,86.4,0.2600000000000051,0.2713761031627655,0.4131631851196289,0.7252179980278015
20,42,238,218,kl,86.1,-0.30000000000001137,0.2496456354856491,0.41779589653015137,0.7869049906730652
20,42,239,219,kl,86.24,0.14000000000000057,0.2796214520931244,0.42486295104026794,0.7336806058883667
20,42,240,220,kl,86.3,0.060000000000002274,0.22741056978702545,0.41671332716941833,0.7610445022583008
20,42,241,221,kl,86.1,-0.20000000000000284,0.35626453161239624,0.4586862027645111,0.8263013958930969
20,42,242,222,kl,86.06,-0.03999999999999204,0.3312418758869171,0.4515678584575653,0.849944531917572
20,42,243,223,kl,86.2,0.14000000000000057,0.3067411184310913,0.44181859493255615,0.7046893835067749
20,42,244,224,kl,86.2,0.0,0.2870523929595947,0.4475869834423065,0.8049095273017883
20,42,245,225,kl,86.3,0.09999999999999432,0.2882847487926483,0.45309823751449585,0.7941352725028992
20,42,246,226,kl,86.16,-0.14000000000000057,0.33992040157318115,0.46503639221191406,0.8290397524833679
20,42,247,227,kl,86.28,0.12000000000000455,0.2567790150642395,0.458700954914093,0.8059842586517334
20,42,248,228,kl,86.38,0.09999999999999432,0.24971827864646912,0.4516005218029022,0.7968986630439758
20,42,249,229,kl,86.24,-0.14000000000000057,0.324268102645874,0.476774662733078,0.8033007383346558
20,42,250,230,kl,86.38,0.14000000000000057,0.3284897804260254,0.47927141189575195,0.8192538022994995
20,42,251,231,kl,86.26,-0.11999999999999034,0.3205394446849823,0.484978586435318,0.8286521434783936
20,42,252,232,ce,86.42,0.1599999999999966,0.20885953307151794,0.4294358193874359,1.530415415763855
20,42,253,233,kl,86.22,-0.20000000000000284,0.30058807134628296,0.48186665773391724,0.8009140491485596
20,42,254,234,kl,86.4,0.18000000000000682,0.34330233931541443,0.5008788108825684,0.9078940153121948
20,42,255,235,kl,86.14,-0.2600000000000051,0.19940945506095886,0.4645582437515259,0.8244896531105042
20,42,256,236,kl,86.26,0.12000000000000455,0.3349676728248596,0.5044006109237671,0.8324739933013916
20,42,257,237,kl,86.3,0.03999999999999204,0.1549956202507019,0.4564856290817261,0.8534566760063171
20,42,258,238,kl,86.46,0.1599999999999966,0.26743441820144653,0.4885893166065216,0.8574549555778503
20,42,259,239,kl,86.42,-0.03999999999999204,0.2589915692806244,0.48958665132522583,0.8233637809753418
20,42,260,240,kl,86.52,0.09999999999999432,0.40215668082237244,0.5588473677635193,0.9363403916358948
20,42,261,241,kl,86.2,-0.3199999999999932,0.2487511932849884,0.5024134516716003,0.8655064702033997
20,42,262,242,kl,86.36,0.1599999999999966,0.30400025844573975,0.5279647707939148,0.8673580884933472
20,42,263,243,kl,86.36,0.0,0.20395773649215698,0.4948427081108093,0.8439905643463135
20,42,264,244,kl,86.08,-0.28000000000000114,0.23354393243789673,0.5005329251289368,0.8357899785041809
20,42,265,245,kl,86.3,0.21999999999999886,0.2682451009750366,0.5191315412521362,0.8444681763648987
20,42,266,246,kl,86.3,0.0,0.35267701745033264,0.5478163957595825,0.9009429216384888
20,42,267,247,kl,86.62,0.3200000000000074,0.3050324320793152,0.5414343476295471,0.8852227926254272
20,42,268,248,kl,86.26,-0.35999999999999943,0.3927540183067322,0.564285397529602,0.9195041656494141
20,42,269,249,kl,86.62,0.35999999999999943,0.2920927405357361,0.5499960780143738,0.9837409257888794
20,42,270,250,kl,86.28,-0.3400000000000034,0.3538678288459778,0.5826480388641357,0.9250946640968323
20,42,271,251,kl,86.4,0.12000000000000455,0.32949066162109375,0.5609152317047119,0.9435251355171204
20,42,272,252,kl,86.38,-0.020000000000010232,0.24592044949531555,0.5285037755966187,0.8693413138389587
20,42,273,253,ce,86.78,0.4000000000000057,0.16228699684143066,0.4834836721420288,1.67050039768219
20,42,274,254,kl,86.44,-0.3400000000000034,0.3657907247543335,0.581504762172699,1.04985773563385
20,42,275,255,kl,86.42,-0.01999999999999602,0.37517595291137695,0.5967404842376709,0.9512190222740173
20,42,276,256,kl,86.64,0.21999999999999886,0.24472388625144958,0.5469483137130737,0.9242041707038879
20,42,277,257,kl,86.7,0.060000000000002274,0.30157172679901123,0.5647763609886169,0.891622006893158
20,42,278,258,kl,86.52,-0.18000000000000682,0.369560569524765,0.5866573452949524,1.0035635232925415
20,42,279,259,kl,86.66,0.14000000000000057,0.26561737060546875,0.5671439170837402,0.902428388595581
20,42,280,260,kl,86.22,-0.4399999999999977,0.30217427015304565,0.5947350263595581,0.9956877827644348
20,42,281,261,kl,86.58,0.35999999999999943,0.33041462302207947,0.5971764922142029,0.9982844591140747
20,42,282,262,kl,86.58,0.0,0.28937894105911255,0.5839477181434631,0.9452916979789734
20,42,283,263,kl,86.58,0.0,0.34486451745033264,0.6024960875511169,0.9996802806854248
20,42,284,264,kl,86.46,-0.12000000000000455,0.2831796407699585,0.6174777150154114,0.977566123008728
20,42,285,265,kl,86.52,0.060000000000002274,0.3180379569530487,0.616601288318634,1.0464104413986206
20,42,286,266,kl,86.56,0.04000000000000625,0.33887892961502075,0.6309994459152222,1.0400121212005615
20,42,287,267,kl,85.92,-0.6400000000000006,0.41960009932518005,0.680210530757904,1.1720255613327026
20,42,288,268,kl,86.46,0.539999999999992,0.24366597831249237,0.5920518040657043,0.9459725618362427
20,42,289,269,kl,86.8,0.3400000000000034,0.27686285972595215,0.6214011311531067,1.0324409008026123
20,42,290,270,kl,86.4,-0.3999999999999915,0.27890950441360474,0.6088286638259888,1.0567359924316406
20,42,291,271,kl,86.52,0.11999999999999034,0.3191945552825928,0.6435898542404175,1.0942134857177734
20,42,292,272,kl,86.24,-0.28000000000000114,0.335310697555542,0.652941882610321,1.2042471170425415
20,42,293,273,kl,86.38,0.14000000000000057,0.40577197074890137,0.683342695236206,1.094967246055603
20,42,294,274,ce,86.46,0.0799999999999983,0.20083054900169373,0.5505977869033813,1.7797590494155884
20,42,295,275,kl,86.38,-0.0799999999999983,0.37214788794517517,0.6644172072410583,1.1238758563995361
20,42,296,276,kl,86.54,0.1600000000000108,0.3769654631614685,0.6765782237052917,1.0460162162780762
20,42,297,277,kl,86.28,-0.2600000000000051,0.3851633667945862,0.684459388256073,1.0991575717926025
20,42,298,278,kl,86.62,0.3400000000000034,0.42378583550453186,0.7014251947402954,1.1471070051193237
20,42,299,279,kl,86.7,0.0799999999999983,0.3710620403289795,0.6822872161865234,1.1191067695617676
20,42,300,280,kl,86.42,-0.28000000000000114,0.35322025418281555,0.6901305913925171,1.0946671962738037
20,42,301,281,kl,86.68,0.2600000000000051,0.3592252731323242,0.6887480020523071,1.1066069602966309
20,42,302,282,kl,86.22,-0.46000000000000796,0.45226746797561646,0.7404263615608215,1.219166874885559
20,42,303,283,kl,86.42,0.20000000000000284,0.4587068259716034,0.7433407306671143,1.2748469114303589
20,42,304,284,kl,86.5,0.0799999999999983,0.4173685610294342,0.734836995601654,1.1465742588043213
20,42,305,285,kl,86.14,-0.35999999999999943,0.4232923984527588,0.7415489554405212,1.12250554561615
20,42,306,286,kl,86.1,-0.04000000000000625,0.4048435091972351,0.7540271282196045,1.1354460716247559
20,42,307,287,kl,86.38,0.28000000000000114,0.3609333634376526,0.7233927845954895,1.2349826097488403
20,42,308,288,kl,86.14,-0.23999999999999488,0.36359497904777527,0.7345062494277954,1.1626700162887573
20,42,309,289,kl,86.12,-0.01999999999999602,0.4162222146987915,0.748563289642334,1.325020432472229
20,42,310,290,kl,86.72,0.5999999999999943,0.426555335521698,0.7632139921188354,1.1689651012420654
20,42,311,291,kl,86.16,-0.5600000000000023,0.3770178258419037,0.7472952604293823,1.1555975675582886
20,42,312,292,kl,85.9,-0.2599999999999909,0.32130441069602966,0.7295195460319519,1.2008470296859741
20,42,313,293,kl,86.06,0.1599999999999966,0.42339658737182617,0.7958905696868896,1.502058506011963
20,42,314,294,kl,86.64,0.5799999999999983,0.4429319500923157,0.7992154955863953,1.1787419319152832
20,42,315,295,ce,86.16,-0.480000000000004,0.12118609994649887,0.5828427076339722,2.124049425125122
20,42,316,296,kl,86.8,0.6400000000000006,0.3521040081977844,0.7479917407035828,1.1557120084762573
20,42,317,297,kl,86.04,-0.7599999999999909,0.3884022533893585,0.763964056968689,1.2344094514846802
20,42,318,298,kl,86.52,0.47999999999998977,0.36821430921554565,0.7925139665603638,1.2067323923110962
20,42,319,299,kl,86.18,-0.3399999999999892,0.4795249402523041,0.8246516585350037,1.462073564529419
20,42,320,300,kl,86.42,0.23999999999999488,0.40642887353897095,0.8088554739952087,1.3517322540283203
20,42,321,301,kl,86.4,-0.01999999999999602,0.41678136587142944,0.7929288148880005,1.2346560955047607
20,42,322,302,kl,86.46,0.05999999999998806,0.40374743938446045,0.7926936149597168,1.371427059173584
20,42,323,303,kl,86.14,-0.3199999999999932,0.35053586959838867,0.789563775062561,1.1673661470413208
20,42,324,304,kl,86.06,-0.0799999999999983,0.3113844394683838,0.7595123648643494,1.1913409233093262
20,42,325,305,kl,86.24,0.1799999999999926,0.3301905393600464,0.7651752233505249,1.2350528240203857
20,42,326,306,kl,86.12,-0.11999999999999034,0.3457013964653015,0.7922030687332153,1.2540123462677002
20,42,327,307,kl,86.18,0.060000000000002274,0.33900460600852966,0.7697443962097168,1.3431636095046997
20,42,328,308,kl,86.06,-0.12000000000000455,0.4032372832298279,0.8347121477127075,1.3078619241714478
20,42,329,309,kl,86.22,0.1599999999999966,0.39440080523490906,0.8140008449554443,1.4351905584335327
20,42,330,310,kl,86.26,0.04000000000000625,0.44940176606178284,0.8545085191726685,1.3779956102371216
20,42,331,311,kl,85.88,-0.38000000000000966,0.48006948828697205,0.8921535015106201,1.5081008672714233
20,42,332,312,kl,86.18,0.30000000000001137,0.4548206925392151,0.884871780872345,1.4324668645858765
20,42,333,313,kl,86.4,0.21999999999999886,0.29521769285202026,0.8011457920074463,1.2589446306228638
20,42,334,314,kl,86.3,-0.10000000000000853,0.3451831340789795,0.7963786721229553,1.4189871549606323
20,42,335,315,kl,86.14,-0.1599999999999966,0.3309898376464844,0.8007705807685852,1.2543853521347046
20,42,336,316,ce,86.18,0.04000000000000625,0.17795979976654053,0.645876407623291,2.215688943862915
20,42,337,317,kl,86.9,0.7199999999999989,0.3213995397090912,0.7853143811225891,1.2463856935501099
20,42,338,318,kl,86.9,0.0,0.3205026090145111,0.7785271406173706,1.2572284936904907
20,42,339,319,kl,87.12,0.21999999999999886,0.3179595470428467,0.7799994349479675,1.225291132926941
20,42,340,320,kl,86.86,-0.2600000000000051,0.30847662687301636,0.7777761816978455,1.2631243467330933
20,42,341,321,kl,86.6,-0.2600000000000051,0.34155628085136414,0.7938166260719299,1.3115029335021973
20,42,342,322,kl,86.7,0.10000000000000853,0.350736141204834,0.8016456365585327,1.2715528011322021
20,42,343,323,kl,86.78,0.0799999999999983,0.35026586055755615,0.8088070750236511,1.330117106437683
20,42,344,324,kl,86.9,0.12000000000000455,0.3710063099861145,0.8170012831687927,1.3206417560577393
20,42,345,325,kl,86.62,-0.28000000000000114,0.37174978852272034,0.8184105753898621,1.3260738849639893
20,42,346,326,kl,86.82,0.19999999999998863,0.37216266989707947,0.8219342231750488,1.3408420085906982
20,42,347,327,kl,86.68,-0.13999999999998636,0.34653523564338684,0.810903787612915,1.2861169576644897
20,42,348,328,kl,86.68,0.0,0.3414616584777832,0.8153305053710938,1.2825478315353394
20,42,349,329,kl,86.66,-0.020000000000010232,0.35511019825935364,0.823478639125824,1.3452516794204712
20,42,350,330,kl,86.64,-0.01999999999999602,0.33033427596092224,0.8056675791740417,1.2467076778411865
20,42,351,331,kl,86.74,0.09999999999999432,0.34337133169174194,0.8087396025657654,1.3101884126663208
20,42,352,332,kl,86.58,-0.1599999999999966,0.3799816071987152,0.8413987159729004,1.3624236583709717
20,42,353,333,kl,86.52,-0.060000000000002274,0.3559427857398987,0.8225773572921753,1.300819754600525
20,42,354,334,kl,86.62,0.10000000000000853,0.4086088538169861,0.8566762208938599,1.4458751678466797
20,42,355,335,kl,86.5,-0.12000000000000455,0.3470858037471771,0.8367223739624023,1.3636116981506348
20,42,356,336,kl,86.72,0.21999999999999886,0.3560729920864105,0.8392727375030518,1.3120609521865845
20,42,357,337,ce,87.04,0.3200000000000074,0.16493867337703705,0.7209261655807495,1.9728723764419556
20,42,358,338,kl,86.7,-0.3400000000000034,0.40496426820755005,0.8694624304771423,1.4232388734817505
20,42,359,339,kl,86.68,-0.01999999999999602,0.36904025077819824,0.8495134115219116,1.3700599670410156
20,42,360,340,kl,86.76,0.0799999999999983,0.3917970657348633,0.8673456907272339,1.435003638267517
20,42,361,341,kl,86.86,0.09999999999999432,0.3786919116973877,0.8575308322906494,1.384269118309021
20,42,362,342,kl,86.62,-0.23999999999999488,0.36168962717056274,0.8495742678642273,1.349359154701233
20,42,363,343,kl,86.6,-0.020000000000010232,0.3763713836669922,0.8544630408287048,1.3089706897735596
20,42,364,344,kl,86.9,0.30000000000001137,0.4095742702484131,0.8806592226028442,1.4670382738113403
20,42,365,345,kl,86.56,-0.3400000000000034,0.3484955430030823,0.8511208295822144,1.3848974704742432
20,42,366,346,kl,86.68,0.12000000000000455,0.3405928313732147,0.8564512729644775,1.3558502197265625
20,42,367,347,kl,86.6,-0.0800000000000125,0.37407684326171875,0.8703705668449402,1.397962212562561
20,42,368,348,kl,86.58,-0.01999999999999602,0.3919653296470642,0.8838067650794983,1.4077461957931519
20,42,369,349,kl,86.78,0.20000000000000284,0.3889923691749573,0.8771437406539917,1.4198578596115112
20,42,370,350,kl,86.52,-0.2600000000000051,0.3858659863471985,0.8768157362937927,1.4263797998428345
20,42,371,351,kl,86.6,0.0799999999999983,0.3825854957103729,0.8785072565078735,1.4487384557724
20,42,372,352,kl,86.44,-0.1599999999999966,0.3836691081523895,0.8739263415336609,1.4173089265823364
20,42,373,353,kl,86.7,0.2600000000000051,0.3634333908557892,0.8705469369888306,1.3896970748901367
20,42,374,354,kl,86.64,-0.060000000000002274,0.3848569393157959,0.8857685923576355,1.4431483745574951
20,42,375,355,kl,86.74,0.09999999999999432,0.3485328257083893,0.8658425807952881,1.418522834777832
20,42,376,356,kl,86.8,0.060000000000002274,0.3780257999897003,0.8855579495429993,1.4426411390304565
20,42,377,357,kl,86.76,-0.03999999999999204,0.37669429183006287,0.8918508291244507,1.441521167755127
20,42,378,358,ce,86.84,0.0799999999999983,0.11153221130371094,0.721157431602478,2.2366302013397217
20,42,379,359,kl,86.74,-0.10000000000000853,0.3825404942035675,0.8847197890281677,1.4197304248809814
20,42,380,360,kl,86.54,-0.19999999999998863,0.3686646819114685,0.8856183290481567,1.4401671886444092
20,42,381,361,kl,86.8,0.2599999999999909,0.36756640672683716,0.8870899081230164,1.4417275190353394
20,42,382,362,kl,86.78,-0.01999999999999602,0.36442551016807556,0.8854219317436218,1.412109613418579
20,42,383,363,kl,86.74,-0.04000000000000625,0.3902946710586548,0.8993784189224243,1.4876158237457275
20,42,384,364,kl,86.78,0.04000000000000625,0.38198018074035645,0.9048176407814026,1.3939523696899414
20,42,385,365,kl,86.64,-0.14000000000000057,0.3629750907421112,0.890829861164093,1.4511408805847168
20,42,386,366,kl,86.46,-0.18000000000000682,0.4108326733112335,0.9283912181854248,1.47273850440979
20,42,387,367,kl,86.68,0.22000000000001307,0.38754361867904663,0.9206463098526001,1.4780210256576538
20,42,388,368,kl,86.74,0.05999999999998806,0.40437859296798706,0.9215041995048523,1.4859049320220947
20,42,389,369,kl,86.62,-0.11999999999999034,0.36760589480400085,0.9075721502304077,1.4966578483581543
20,42,390,370,kl,86.64,0.01999999999999602,0.35668864846229553,0.9059361815452576,1.3984708786010742
20,42,391,371,kl,86.86,0.21999999999999886,0.3772130608558655,0.9159960746765137,1.4636473655700684
20,42,392,372,kl,86.48,-0.37999999999999545,0.39977291226387024,0.9305896759033203,1.5114555358886719
20,42,393,373,kl,86.76,0.28000000000000114,0.38697779178619385,0.9252671599388123,1.4469306468963623
20,42,394,374,kl,86.6,-0.1600000000000108,0.38870421051979065,0.9263595938682556,1.4834644794464111
20,42,395,375,kl,86.74,0.14000000000000057,0.3591059744358063,0.9118850827217102,1.4409898519515991
20,42,396,376,kl,86.72,-0.01999999999999602,0.40394359827041626,0.9423004984855652,1.4952569007873535
20,42,397,377,kl,86.7,-0.01999999999999602,0.3620229959487915,0.9272516369819641,1.432788372039795
20,42,398,378,kl,86.72,0.01999999999999602,0.39692652225494385,0.9417259097099304,1.5303826332092285
20,42,399,379,ce,86.54,-0.1799999999999926,0.16865640878677368,0.7763839364051819,2.339162588119507
20,42,400,380,kl,86.58,0.03999999999999204,0.37407344579696655,0.9249507188796997,1.4781845808029175
20,42,401,381,kl,86.5,-0.0799999999999983,0.4026566743850708,0.9403537511825562,1.513044834136963
20,42,402,382,kl,86.7,0.20000000000000284,0.3877753019332886,0.9389896392822266,1.5232036113739014
20,42,403,383,kl,86.86,0.1599999999999966,0.35180339217185974,0.9167279005050659,1.4793637990951538
20,42,404,384,kl,86.84,-0.01999999999999602,0.35547542572021484,0.9180557727813721,1.4404293298721313
20,42,405,385,kl,86.86,0.01999999999999602,0.41202622652053833,0.9492648243904114,1.577194094657898
20,42,406,386,kl,86.8,-0.060000000000002274,0.4124797582626343,0.9531691670417786,1.5141448974609375
20,42,407,387,kl,86.92,0.12000000000000455,0.4058247208595276,0.9565422534942627,1.561663031578064
20,42,408,388,kl,86.72,-0.20000000000000284,0.3893893361091614,0.9499287009239197,1.5289151668548584
20,42,409,389,kl,86.78,0.060000000000002274,0.4182593524456024,0.9637253880500793,1.5879292488098145
20,42,410,390,kl,86.7,-0.0799999999999983,0.40687423944473267,0.9693822264671326,1.5750795602798462
20,42,411,391,kl,86.66,-0.04000000000000625,0.4116327464580536,0.965819239616394,1.5558205842971802
20,42,412,392,kl,86.54,-0.11999999999999034,0.37933143973350525,0.9476940631866455,1.5502196550369263
20,42,413,393,kl,86.8,0.2599999999999909,0.42092180252075195,0.9620233774185181,1.5956051349639893
20,42,414,394,kl,86.6,-0.20000000000000284,0.3796587288379669,0.9513502717018127,1.5267330408096313
20,42,415,395,kl,86.86,0.2600000000000051,0.3866834342479706,0.9680514931678772,1.5648003816604614
20,42,416,396,kl,86.68,-0.1799999999999926,0.3889279365539551,0.9680448174476624,1.5671089887619019
20,42,417,397,kl,86.84,0.1599999999999966,0.39331620931625366,0.9740675091743469,1.6263257265090942
20,42,418,398,kl,86.88,0.03999999999999204,0.39281734824180603,0.9717109799385071,1.591447353363037
20,42,419,399,kl,86.86,-0.01999999999999602,0.36277303099632263,0.9568236470222473,1.4662076234817505
20,42,420,400,ce,86.88,0.01999999999999602,0.13411810994148254,0.775907039642334,2.4453125
20,456,1,-19,kl,38.88,29.200000000000003,0.4824438691139221,0.7156639099121094,1.1819918155670166
20,456,2,-18,kl,45.32,6.439999999999998,0.5967932939529419,0.6747978329658508,1.359810471534729
20,456,3,-17,kl,56.9,11.579999999999998,0.6256009340286255,0.5993338823318481,1.4776279926300049
20,456,4,-16,kl,62.46,5.560000000000002,0.31388479471206665,0.5060144066810608,1.0732671022415161
20,456,5,-15,kl,65.46,2.999999999999993,0.4456299841403961,0.5391985177993774,1.0055537223815918
20,456,6,-14,kl,70.54,5.0800000000000125,0.528087854385376,0.47647449374198914,0.9155904650688171
20,456,7,-13,kl,71.5,0.9599999999999937,0.5111336708068848,0.465453565120697,0.9019299745559692
20,456,8,-12,kl,72.84,1.3400000000000034,0.6070346832275391,0.5137936472892761,0.8038699626922607
20,456,9,-11,kl,71.76,-1.0799999999999983,0.7449295520782471,0.5844437479972839,1.1550607681274414
20,456,10,-10,kl,75.02,3.259999999999991,0.6763960719108582,0.5560247302055359,1.3719947338104248
20,456,11,-9,kl,75.86,0.8400000000000034,0.5518840551376343,0.4657424986362457,0.8857918381690979
20,456,12,-8,kl,77.14,1.2800000000000011,0.648126482963562,0.5245492458343506,1.0686367750167847
20,456,13,-7,kl,77.7,0.5600000000000023,0.6412703990936279,0.48775598406791687,0.9580966830253601
20,456,14,-6,kl,76.86,-0.8400000000000034,0.6909279823303223,0.525417149066925,0.8042179942131042
20,456,15,-5,kl,78.52,1.6599999999999966,0.6404484510421753,0.46198156476020813,0.8876692056655884
20,456,16,-4,kl,78.02,-0.5,0.3786548972129822,0.4381864666938782,1.0232031345367432
20,456,17,-3,kl,78.4,0.38000000000000966,0.5134841203689575,0.44297516345977783,0.8582233786582947
20,456,18,-2,kl,79.02,0.6199999999999903,0.5359205007553101,0.455501914024353,1.0411100387573242
20,456,19,-1,kl,79.02,0.0,0.44509628415107727,0.43795642256736755,0.8925197124481201
20,456,20,0,kl,78.98,-0.03999999999999204,0.6676456332206726,0.46841174364089966,0.8004286289215088
20,456,21,1,ce,80.44,1.4599999999999937,0.23500773310661316,0.2796490788459778,1.8813053369522095
20,456,22,2,kl,77.66,-2.780000000000001,0.5350906848907471,0.4846351146697998,0.9015529155731201
20,456,23,3,kl,79.84,2.180000000000007,0.4970821738243103,0.4077491760253906,0.7899454236030579
20,456,24,4,kl,80.02,0.1799999999999926,0.47647416591644287,0.45927971601486206,0.9111323952674866
20,456,25,5,kl,78.64,-1.3799999999999955,0.676243782043457,0.49721699953079224,0.9900348782539368
20,456,26,6,kl,79.76,1.1200000000000045,0.43146538734436035,0.4445050060749054,0.9507866501808167
20,456,27,7,kl,79.58,-0.18000000000000682,0.5786364674568176,0.5118460059165955,1.0206236839294434
20,456,28,8,kl,80.38,0.7999999999999972,0.46214401721954346,0.455423504114151,0.9245101809501648
20,456,29,9,kl,80.42,0.04000000000000625,0.5555303692817688,0.45300936698913574,0.6818315386772156
20,456,30,10,kl,79.18,-1.2399999999999949,0.5771498084068298,0.4820530116558075,0.8911297917366028
20,456,31,11,kl,80.62,1.4399999999999977,0.6491024494171143,0.5392661094665527,0.9463649392127991
20,456,32,12,kl,80.68,0.060000000000002274,0.5615975856781006,0.46225595474243164,0.7547909617424011
20,456,33,13,kl,80.58,-0.10000000000000853,0.6510629653930664,0.5008370280265808,1.0763179063796997
20,456,34,14,kl,81.3,0.7199999999999989,0.681468665599823,0.5397801399230957,1.0826228857040405
20,456,35,15,kl,80.88,-0.4200000000000017,0.5948647260665894,0.4885842502117157,0.8429235219955444
20,456,36,16,kl,80.42,-0.45999999999999375,0.42875295877456665,0.4767707884311676,0.8109619617462158
20,456,37,17,kl,80.52,0.09999999999999432,0.6591465473175049,0.5124784708023071,0.9488149881362915
20,456,38,18,kl,82.5,1.980000000000004,0.5273294448852539,0.46374842524528503,0.8543798923492432
20,456,39,19,kl,78.26,-4.239999999999995,0.6289987564086914,0.48517289757728577,1.0261290073394775
20,456,40,20,kl,80.1,1.8399999999999892,0.6538517475128174,0.5247166156768799,0.9970132112503052
20,456,41,21,kl,80.54,0.44000000000001194,0.6138479709625244,0.4777246415615082,0.883759617805481
20,456,42,22,ce,81.46,0.9199999999999875,0.2777233123779297,0.29814180731773376,1.9045813083648682
20,456,43,23,kl,80.8,-0.6599999999999966,0.5346623063087463,0.4989736080169678,0.9541934132575989
20,456,44,24,kl,79.88,-0.9200000000000017,0.6172290444374084,0.5206049084663391,1.066536545753479
20,456,45,25,kl,80.38,0.5,0.6408600211143494,0.5547733306884766,1.0884116888046265
20,456,46,26,kl,78.18,-2.1999999999999886,0.6809723377227783,0.5661996006965637,1.161041259765625
20,456,47,27,kl,79.74,1.559999999999988,0.5707724690437317,0.49495384097099304,0.8588054776191711
20,456,48,28,kl,80.14,0.4000000000000057,0.42979705333709717,0.4492650032043457,0.7977709174156189
20,456,49,29,kl,81.26,1.1200000000000045,0.4375726580619812,0.4762415587902069,0.9251834154129028
20,456,50,30,kl,79.76,-1.5,0.663848876953125,0.5082894563674927,0.8062503337860107
20,456,51,31,kl,76.46,-3.3000000000000114,0.8189440369606018,0.8219003677368164,1.6332767009735107
20,456,52,32,kl,81.76,5.300000000000011,0.424352765083313,0.4447844624519348,0.8645297288894653
20,456,53,33,kl,82.1,0.3399999999999892,0.4885227382183075,0.43543553352355957,0.7580320835113525
20,456,54,34,kl,81.68,-0.4199999999999875,0.6941694021224976,0.5351055860519409,0.9587996602058411
20,456,55,35,kl,80.46,-1.220000000000013,0.5218064785003662,0.4898083806037903,0.8837135434150696
20,456,56,36,kl,79.86,-0.5999999999999943,0.48155272006988525,0.4704986810684204,1.0499591827392578
20,456,57,37,kl,80.4,0.5400000000000063,0.6587973237037659,0.5497561693191528,1.0709755420684814
20,456,58,38,kl,81.14,0.7399999999999949,0.6676583886146545,0.5534878969192505,0.9070305824279785
20,456,59,39,kl,78.46,-2.680000000000007,0.7012817859649658,0.6504579186439514,1.3424838781356812
20,456,60,40,kl,80.46,2.0,0.501783013343811,0.487686425447464,0.8157633543014526
20,456,61,41,kl,80.4,-0.05999999999998806,0.6175997853279114,0.4846184253692627,0.7525168657302856
20,456,62,42,kl,82.14,1.7399999999999949,0.3947986960411072,0.4317365884780884,0.8877280354499817
20,456,63,43,ce,81.2,-0.9399999999999977,0.2664912939071655,0.372769832611084,1.7407128810882568
20,456,64,44,kl,81.34,0.14000000000000057,0.5174635052680969,0.5018758773803711,0.8752487301826477
20,456,65,45,kl,80.96,-0.38000000000000966,0.7096017599105835,0.5845193862915039,1.0695183277130127
20,456,66,46,kl,81.92,0.960000000000008,0.6059862375259399,0.5085586309432983,1.0067347288131714
20,456,67,47,kl,81.74,-0.18000000000000682,0.613192081451416,0.4844253361225128,0.879313051700592
20,456,68,48,kl,81.66,-0.0799999999999983,0.5188498497009277,0.4483509659767151,0.9153434634208679
20,456,69,49,kl,81.2,-0.45999999999999375,0.5946653485298157,0.4986056983470917,0.7990063428878784
20,456,70,50,kl,79.42,-1.7800000000000011,0.7389001846313477,0.6275726556777954,1.2548604011535645
20,456,71,51,kl,80.42,1.0,0.6424404978752136,0.5011225938796997,0.8178203701972961
20,456,72,52,kl,81.32,0.8999999999999915,0.32276982069015503,0.4512613117694855,0.9820756316184998
20,456,73,53,kl,81.16,-0.1599999999999966,0.621719241142273,0.5292470455169678,0.9256377816200256
20,456,74,54,kl,80.26,-0.8999999999999915,0.7045540809631348,0.5398992896080017,0.9552536606788635
20,456,75,55,kl,82.14,1.8799999999999955,0.48923349380493164,0.45531317591667175,0.8218672871589661
20,456,76,56,kl,81.64,-0.5,0.4626105725765228,0.44528695940971375,0.9253230690956116
20,456,77,57,kl,81.22,-0.4200000000000017,0.4881003499031067,0.4705852270126343,0.8282832503318787
20,456,78,58,kl,81.8,0.5799999999999983,0.5785777568817139,0.4985028803348541,0.996340811252594
20,456,79,59,kl,82.24,0.4399999999999977,0.5889497995376587,0.48084089159965515,0.8819390535354614
20,456,80,60,kl,82.94,0.7000000000000028,0.5581007599830627,0.4647046625614166,0.8660479187965393
20,456,81,61,kl,81.74,-1.2000000000000028,0.6370588541030884,0.510325014591217,0.8725832104682922
20,456,82,62,kl,78.78,-2.9599999999999937,0.662074089050293,0.5353904962539673,0.904308021068573
20,456,83,63,kl,81.52,2.739999999999995,0.6322135329246521,0.5155336260795593,0.8115333318710327
20,456,84,64,ce,82.32,0.7999999999999972,0.35975849628448486,0.3732956051826477,1.868665337562561
20,456,85,65,kl,80.76,-1.559999999999988,0.6415764093399048,0.5522245168685913,0.9423483610153198
20,456,86,66,kl,81.12,0.35999999999999943,0.6411453485488892,0.5159347057342529,0.9673341512680054
20,456,87,67,kl,81.06,-0.060000000000002274,0.6454848647117615,0.5195650458335876,1.1070071458816528
20,456,88,68,kl,80.54,-0.519999999999996,0.7141891717910767,0.6410973072052002,1.2068246603012085
20,456,89,69,kl,81.16,0.6199999999999903,0.6301014423370361,0.4855245053768158,0.8189973831176758
20,456,90,70,kl,81.88,0.7199999999999989,0.46639132499694824,0.4553934931755066,0.8494176268577576
20,456,91,71,kl,81.74,-0.14000000000000057,0.32647210359573364,0.430851548910141,0.8661924004554749
20,456,92,72,kl,80.88,-0.8599999999999994,0.6036282181739807,0.5095919370651245,0.914758563041687
20,456,93,73,kl,82.34,1.460000000000008,0.5188312530517578,0.4956663250923157,0.8245920538902283
20,456,94,74,kl,81.96,-0.38000000000000966,0.5556093454360962,0.5300430059432983,1.0679352283477783
20,456,95,75,kl,81.54,-0.4199999999999875,0.5575298070907593,0.5224727392196655,0.9838261008262634
20,456,96,76,kl,82.62,1.0799999999999983,0.617171049118042,0.47316622734069824,0.837221086025238
20,456,97,77,kl,80.38,-2.240000000000009,0.6729546785354614,0.5539423823356628,0.9083031415939331
20,456,98,78,kl,81.42,1.0400000000000063,0.6412490606307983,0.5184491872787476,0.9368808269500732
20,456,99,79,kl,80.2,-1.2199999999999989,0.503365159034729,0.5187059640884399,1.1565649509429932
20,456,100,80,kl,80.26,0.060000000000002274,0.6248469352722168,0.5699453353881836,1.0900920629501343
20,456,101,81,kl,81.74,1.4799999999999898,0.5938854217529297,0.4952755868434906,0.991489827632904
20,456,102,82,kl,81.92,0.18000000000000682,0.7002885341644287,0.5570484399795532,1.0760101079940796
20,456,103,83,kl,81.68,-0.23999999999999488,0.45437514781951904,0.47210365533828735,0.7893284559249878
20,456,104,84,kl,80.12,-1.5600000000000023,0.4521332085132599,0.44049984216690063,0.6923569440841675
20,456,105,85,ce,81.04,0.9200000000000017,0.2996569573879242,0.4101543128490448,1.4858415126800537
20,456,106,86,kl,81.44,0.3999999999999915,0.6212377548217773,0.5286024212837219,0.9304046630859375
20,456,107,87,kl,80.3,-1.1400000000000006,0.5683333873748779,0.5013700127601624,0.9825534224510193
20,456,108,88,kl,82.02,1.7199999999999989,0.6102468371391296,0.5681071877479553,1.0784058570861816
20,456,109,89,kl,81.84,-0.1799999999999926,0.5077356100082397,0.4573337435722351,0.741109311580658
20,456,110,90,kl,81.48,-0.35999999999999943,0.5137573480606079,0.4922909438610077,0.8314788341522217
20,456,111,91,kl,82.68,1.2000000000000028,0.4219170808792114,0.426045686006546,0.7362213134765625
20,456,112,92,kl,81.1,-1.5800000000000125,0.5473356246948242,0.48994192481040955,1.0034725666046143
20,456,113,93,kl,81.66,0.5600000000000023,0.5012163519859314,0.45060473680496216,0.8028249740600586
20,456,114,94,kl,80.34,-1.3199999999999932,0.6583412289619446,0.5493596792221069,0.9945961833000183
20,456,115,95,kl,81.74,1.3999999999999915,0.5129308700561523,0.45837336778640747,0.6902348399162292
20,456,116,96,kl,81.62,-0.11999999999999034,0.42769306898117065,0.4478876292705536,0.7903361916542053
20,456,117,97,kl,82.98,1.3599999999999994,0.43520432710647583,0.4609386622905731,0.7938613295555115
20,456,118,98,kl,81.94,-1.0400000000000063,0.6401185393333435,0.49966561794281006,0.8396424055099487
20,456,119,99,kl,82.3,0.35999999999999943,0.5119979977607727,0.48325595259666443,0.9185571074485779
20,456,120,100,kl,80.44,-1.8599999999999994,0.6920433044433594,0.580501139163971,1.0349451303482056
20,456,121,101,kl,78.44,-2.0,0.5518953800201416,0.5484473705291748,1.1930043697357178
20,456,122,102,kl,81.88,3.4399999999999977,0.6564542055130005,0.5335049629211426,1.1390117406845093
20,456,123,103,kl,80.1,-1.7800000000000011,0.6208256483078003,0.5987568497657776,1.1195238828659058
20,456,124,104,kl,80.68,0.5800000000000125,0.4596715569496155,0.5188672542572021,0.9704340696334839
20,456,125,105,kl,81.32,0.6399999999999864,0.4420379102230072,0.45639437437057495,0.9673032164573669
20,456,126,106,ce,81.2,-0.11999999999999034,0.2938999831676483,0.36266541481018066,1.9063596725463867
20,456,127,107,kl,80.0,-1.2000000000000028,0.45366084575653076,0.49400341510772705,0.8702049255371094
20,456,128,108,kl,82.02,2.019999999999996,0.6039990186691284,0.49737533926963806,0.842506468296051
20,456,129,109,kl,81.6,-0.4200000000000017,0.6858928203582764,0.5323891639709473,0.9944566488265991
20,456,130,110,kl,81.48,-0.11999999999999034,0.49641895294189453,0.46386390924453735,0.8114528059959412
20,456,131,111,kl,83.88,2.3999999999999915,0.5227717757225037,0.4811202883720398,0.9311744570732117
20,456,132,112,kl,82.32,-1.5600000000000023,0.7030212879180908,0.5421468615531921,0.8918849229812622
20,456,133,113,kl,82.16,-0.1599999999999966,0.7215074300765991,0.5682935118675232,0.9446682929992676
20,456,134,114,kl,81.3,-0.8599999999999994,0.6331653594970703,0.5249492526054382,0.8872489333152771
20,456,135,115,kl,80.66,-0.6400000000000006,0.5936539173126221,0.5497801899909973,1.0471341609954834
20,456,136,116,kl,81.6,0.9399999999999977,0.5352697372436523,0.5142112970352173,1.0169987678527832
20,456,137,117,kl,81.0,-0.5999999999999943,0.5119016766548157,0.4639252722263336,0.8995683789253235
20,456,138,118,kl,82.22,1.2199999999999989,0.47370195388793945,0.4602576792240143,0.886968731880188
20,456,139,119,kl,82.2,-0.01999999999999602,0.5639119148254395,0.4862750172615051,0.9342684149742126
20,456,140,120,kl,82.52,0.3199999999999932,0.49885374307632446,0.44674718379974365,0.697478175163269
20,456,141,121,kl,82.4,-0.11999999999999034,0.609709620475769,0.49363309144973755,0.9503854513168335
20,456,142,122,kl,82.12,-0.28000000000000114,0.6845840215682983,0.5859966278076172,1.0985844135284424
20,456,143,123,kl,82.66,0.539999999999992,0.5160617828369141,0.5112108588218689,0.7728657126426697
20,456,144,124,kl,82.9,0.2400000000000091,0.5247362852096558,0.47335657477378845,0.6812295317649841
20,456,145,125,kl,79.16,-3.740000000000009,0.5903204083442688,0.5283640623092651,0.8946924805641174
20,456,146,126,kl,81.36,2.200000000000003,0.5438936352729797,0.5030999779701233,0.8201990723609924
20,456,147,127,ce,81.68,0.3200000000000074,0.204031303524971,0.35740745067596436,1.745833396911621
20,456,148,128,kl,82.14,0.45999999999999375,0.44502103328704834,0.47349637746810913,0.9633901715278625
20,456,149,129,kl,81.24,-0.9000000000000057,0.6491597890853882,0.5265274047851562,0.964262843132019
20,456,150,130,kl,80.94,-0.29999999999999716,0.6418845057487488,0.5364423394203186,1.1512210369110107
20,456,151,131,kl,81.32,0.37999999999999545,0.5212337374687195,0.5041665434837341,0.9068748950958252
20,456,152,132,kl,80.76,-0.5599999999999881,0.6635079383850098,0.5577187538146973,1.0181604623794556
20,456,153,133,kl,81.56,0.7999999999999972,0.5693836808204651,0.509162187576294,0.8604745268821716
20,456,154,134,kl,82.84,1.2800000000000011,0.49958160519599915,0.45586323738098145,0.7159023880958557
20,456,155,135,kl,82.3,-0.5400000000000063,0.4725513160228729,0.44760599732398987,1.00906503200531
20,456,156,136,kl,80.68,-1.6199999999999903,0.49263495206832886,0.45685696601867676,0.7839995622634888
20,456,157,137,kl,82.04,1.3599999999999994,0.5564003586769104,0.48572811484336853,0.8201457262039185
20,456,158,138,kl,82.22,0.1799999999999926,0.5947967171669006,0.5188801288604736,0.8302520513534546
20,456,159,139,kl,80.44,-1.7800000000000011,0.30711719393730164,0.4351527988910675,0.8949623703956604
20,456,160,140,kl,81.38,0.9399999999999977,0.4693682789802551,0.4748842716217041,0.8870646357536316
20,456,161,141,kl,82.2,0.8200000000000074,0.5324870347976685,0.506618857383728,0.9087711572647095
20,456,162,142,kl,81.2,-1.0,0.7749321460723877,0.6369480490684509,1.259922742843628
20,456,163,143,kl,82.36,1.1599999999999966,0.4015793800354004,0.4647584855556488,0.9767080545425415
20,456,164,144,kl,81.34,-1.019999999999996,0.5406467318534851,0.49196019768714905,0.7540993690490723
20,456,165,145,kl,82.3,0.9599999999999937,0.5067639350891113,0.4725247621536255,0.8909853100776672
20,456,166,146,kl,82.12,-0.1799999999999926,0.6399040818214417,0.5261459946632385,0.9590123891830444
20,456,167,147,kl,80.96,-1.1600000000000108,0.5162183046340942,0.513677716255188,0.9967054724693298
20,456,168,148,ce,79.96,-1.0,0.37817347049713135,0.41984742879867554,1.9569578170776367
20,456,169,149,kl,81.84,1.8800000000000097,0.4723804295063019,0.48479539155960083,1.053619384765625
20,456,170,150,kl,80.56,-1.2800000000000011,0.3879251480102539,0.43703582882881165,0.6947471499443054
20,456,171,151,kl,82.48,1.9200000000000017,0.5827387571334839,0.4960876405239105,0.8578504920005798
20,456,172,152,kl,81.62,-0.8599999999999994,0.4302016496658325,0.4435987174510956,0.8275818824768066
20,456,173,153,kl,82.06,0.4399999999999977,0.5042351484298706,0.5147176384925842,1.0166836977005005
20,456,174,154,kl,81.7,-0.35999999999999943,0.6562923192977905,0.5680666565895081,1.0038328170776367
20,456,175,155,kl,80.9,-0.7999999999999972,0.6702209115028381,0.5240480303764343,1.1273467540740967
20,456,176,156,kl,82.16,1.259999999999991,0.5888259410858154,0.49610477685928345,0.8429053425788879
20,456,177,157,kl,82.22,0.060000000000002274,0.616470217704773,0.5025517344474792,0.7857396006584167
20,456,178,158,kl,81.84,-0.37999999999999545,0.3672580122947693,0.46883419156074524,1.087375283241272
20,456,179,159,kl,80.54,-1.2999999999999972,0.5255529284477234,0.4478805661201477,0.998594343662262
20,456,180,160,kl,82.32,1.779999999999987,0.5930675268173218,0.5052991509437561,0.9211367964744568
20,456,181,161,kl,81.34,-0.9799999999999898,0.5405677556991577,0.4987242817878723,0.7751349210739136
20,456,182,162,kl,82.98,1.6400000000000006,0.5010318756103516,0.4429747760295868,0.6683948636054993
20,456,183,163,kl,80.78,-2.200000000000003,0.5638735294342041,0.5065459609031677,0.9953503012657166
20,456,184,164,kl,82.58,1.7999999999999972,0.5726035237312317,0.4480133056640625,0.7519025206565857
20,456,185,165,kl,81.9,-0.6799999999999926,0.5103448033332825,0.47952884435653687,0.8372412919998169
20,456,186,166,kl,81.26,-0.6400000000000006,0.5931941866874695,0.5511732697486877,0.9123330116271973
20,456,187,167,kl,82.28,1.019999999999996,0.5379985570907593,0.4781135618686676,0.8151634931564331
20,456,188,168,kl,79.04,-3.239999999999995,0.6575312614440918,0.5807738900184631,1.1770659685134888
20,456,189,169,ce,82.12,3.0799999999999983,0.24038539826869965,0.3509412109851837,1.6233521699905396
20,456,190,170,kl,81.0,-1.1200000000000045,0.5830239057540894,0.5009875893592834,0.9960417151451111
20,456,191,171,kl,82.38,1.3799999999999955,0.5220847129821777,0.48330968618392944,0.8863722085952759
20,456,192,172,kl,81.46,-0.9200000000000017,0.5751340389251709,0.5081668496131897,0.8930507898330688
20,456,193,173,kl,80.06,-1.3999999999999915,0.5033211708068848,0.4773406386375427,0.8982396721839905
20,456,194,174,kl,81.22,1.1599999999999966,0.584989070892334,0.5004827380180359,1.0312607288360596
20,456,195,175,kl,83.58,2.3599999999999994,0.6464999914169312,0.5190631151199341,0.849548876285553
20,456,196,176,kl,82.3,-1.2800000000000011,0.4776547849178314,0.4736064374446869,0.8746669292449951
20,456,197,177,kl,82.72,0.4200000000000017,0.6459282636642456,0.5452581644058228,1.0186991691589355
20,456,198,178,kl,81.96,-0.7600000000000051,0.5072251558303833,0.4742567539215088,0.962520956993103
20,456,199,179,kl,80.56,-1.3999999999999915,0.5582276582717896,0.5265188813209534,1.1017041206359863
20,456,200,180,kl,81.8,1.2399999999999949,0.5317102670669556,0.47912052273750305,0.8593856692314148
20,456,201,181,kl,81.04,-0.7599999999999909,0.5634522438049316,0.5012985467910767,0.9248111844062805
20,456,202,182,kl,82.74,1.6999999999999886,0.5206683874130249,0.4638816714286804,0.7824409008026123
20,456,203,183,kl,82.86,0.12000000000000455,0.5793225765228271,0.5079489350318909,0.8954518437385559
20,456,204,184,kl,82.12,-0.7399999999999949,0.6237450242042542,0.5125295519828796,0.8867871165275574
20,456,205,185,kl,82.94,0.8199999999999932,0.39671605825424194,0.4414367377758026,0.792737603187561
20,456,206,186,kl,81.86,-1.0799999999999983,0.3423309326171875,0.4492521286010742,0.8588840365409851
20,456,207,187,kl,81.96,0.09999999999999432,0.7090153694152832,0.5457910895347595,0.9741710424423218
20,456,208,188,kl,80.14,-1.8199999999999932,0.4283999502658844,0.4617900848388672,0.7943777441978455
20,456,209,189,kl,81.54,1.4000000000000057,0.6182102560997009,0.5268847942352295,0.8505464196205139
20,456,210,190,ce,80.36,-1.1800000000000068,0.3016701340675354,0.4058839976787567,1.653965950012207
20,456,211,191,kl,82.9,2.5400000000000063,0.48495152592658997,0.462138295173645,0.7463788390159607
20,456,212,192,kl,79.5,-3.4000000000000057,0.7317441701889038,0.6506977677345276,1.1265456676483154
20,456,213,193,kl,81.74,2.239999999999995,0.61370450258255,0.5203347206115723,1.0552525520324707
20,456,214,194,kl,81.68,-0.05999999999998806,0.49791041016578674,0.4953451454639435,1.066676139831543
20,456,215,195,kl,82.14,0.45999999999999375,0.6110488772392273,0.5295789837837219,1.0127155780792236
20,456,216,196,kl,82.34,0.20000000000000284,0.4535961151123047,0.4194714426994324,0.6989448070526123
20,456,217,197,kl,82.86,0.519999999999996,0.5199873447418213,0.46942365169525146,0.9756311178207397
20,456,218,198,kl,81.86,-1.0,0.5051024556159973,0.4759613275527954,0.8472974896430969
20,456,219,199,kl,82.26,0.4000000000000057,0.5088425874710083,0.4495294988155365,0.815550684928894
20,456,220,200,kl,81.66,-0.6000000000000085,0.5534974336624146,0.5061501264572144,0.7193254828453064
20,456,221,201,kl,81.1,-0.5600000000000023,0.3900042772293091,0.4814421534538269,0.9170361161231995
20,456,222,202,kl,82.3,1.2000000000000028,0.43344104290008545,0.44593533873558044,0.8365042805671692
20,456,223,203,kl,82.72,0.4200000000000017,0.49699437618255615,0.5248266458511353,0.9337194561958313
20,456,224,204,kl,82.72,0.0,0.5325777530670166,0.4632095694541931,0.7457662224769592
20,456,225,205,kl,81.22,-1.5,0.5244686603546143,0.5071900486946106,1.01425302028656
20,456,226,206,kl,82.58,1.3599999999999994,0.49714434146881104,0.4702588617801666,0.8161816000938416
20,456,227,207,kl,82.78,0.20000000000000284,0.4448259770870209,0.48571908473968506,0.8945844769477844
20,456,228,208,kl,81.86,-0.9200000000000017,0.4801744520664215,0.46150991320610046,0.7874463796615601
20,456,229,209,kl,81.86,0.0,0.6368115544319153,0.528182327747345,0.9245784282684326
20,456,230,210,kl,80.06,-1.7999999999999972,0.7302510738372803,0.6289892196655273,1.1328465938568115
20,456,231,211,ce,82.4,2.3400000000000034,0.20360705256462097,0.3027440309524536,1.714607834815979
20,456,232,212,kl,85.12,2.719999999999999,0.3258384168148041,0.41501614451408386,0.5963054895401001
20,456,233,213,kl,84.98,-0.14000000000000057,0.3237950801849365,0.40866658091545105,0.5854578614234924
20,456,234,214,kl,85.04,0.060000000000002274,0.3333628177642822,0.4156182110309601,0.6058105230331421
20,456,235,215,kl,85.0,-0.04000000000000625,0.37342149019241333,0.42931267619132996,0.6067061424255371
20,456,236,216,kl,85.0,0.0,0.33759281039237976,0.4274754524230957,0.6330379247665405
20,456,237,217,kl,84.94,-0.060000000000002274,0.3819301724433899,0.43796995282173157,0.6391062140464783
20,456,238,218,kl,85.74,0.7999999999999972,0.2838457226753235,0.4130982756614685,0.6524837017059326
20,456,239,219,kl,85.52,-0.21999999999999886,0.37260597944259644,0.44579029083251953,0.6389084458351135
20,456,240,220,kl,85.2,-0.3199999999999932,0.3113920986652374,0.4374609887599945,0.6676536798477173
20,456,241,221,kl,85.36,0.1599999999999966,0.3727148175239563,0.442627489566803,0.6981132626533508
20,456,242,222,kl,85.48,0.12000000000000455,0.3366962671279907,0.4413049519062042,0.7206710577011108
20,456,243,223,kl,85.56,0.0799999999999983,0.386125385761261,0.4667217433452606,0.6602324843406677
20,456,244,224,kl,85.3,-0.2600000000000051,0.43960192799568176,0.48162227869033813,0.7279879450798035
20,456,245,225,kl,85.24,-0.060000000000002274,0.3081553280353546,0.45951950550079346,0.7103304266929626
20,456,246,226,kl,85.46,0.21999999999999886,0.26227080821990967,0.4585631489753723,0.6804314851760864
20,456,247,227,kl,85.48,0.020000000000010232,0.39274412393569946,0.4842066466808319,0.6869051456451416
20,456,248,228,kl,85.4,-0.0799999999999983,0.33665910363197327,0.4777713418006897,0.6962743401527405
20,456,249,229,kl,85.74,0.3399999999999892,0.30730968713760376,0.468748539686203,0.6595354080200195
20,456,250,230,kl,85.1,-0.6400000000000006,0.34923163056373596,0.47176891565322876,0.7462883591651917
20,456,251,231,kl,85.56,0.46000000000000796,0.21970784664154053,0.45962175726890564,0.6706238389015198
20,456,252,232,ce,85.56,0.0,0.13238997757434845,0.3668913245201111,1.3216592073440552
20,456,253,233,kl,85.64,0.0799999999999983,0.3151487112045288,0.47394859790802,0.680318295955658
20,456,254,234,kl,85.52,-0.12000000000000455,0.35536354780197144,0.49493730068206787,0.7397361993789673
20,456,255,235,kl,85.84,0.3200000000000074,0.3527076542377472,0.49252110719680786,0.6743025779724121
20,456,256,236,kl,85.86,0.01999999999999602,0.32328206300735474,0.47946393489837646,0.6988794803619385
20,456,257,237,kl,85.58,-0.28000000000000114,0.3651939630508423,0.5198206901550293,0.6967916488647461
20,456,258,238,kl,85.5,-0.0799999999999983,0.3640329837799072,0.5228971838951111,0.747732400894165
20,456,259,239,kl,85.74,0.23999999999999488,0.28841710090637207,0.5005686283111572,0.7101185321807861
20,456,260,240,kl,85.42,-0.3199999999999932,0.21757900714874268,0.4967115521430969,0.6413148641586304
20,456,261,241,kl,85.44,0.01999999999999602,0.33275318145751953,0.5246574282646179,0.7513889074325562
20,456,262,242,kl,85.72,0.28000000000000114,0.3510582447052002,0.5267672538757324,0.7043991684913635
20,456,263,243,kl,85.46,-0.2600000000000051,0.38990482687950134,0.5447620153427124,0.8095371723175049
20,456,264,244,kl,85.74,0.28000000000000114,0.3469712734222412,0.5370657444000244,0.7818238735198975
20,456,265,245,kl,85.56,-0.1799999999999926,0.3974195718765259,0.5522862672805786,0.7916123867034912
20,456,266,246,kl,85.34,-0.21999999999999886,0.29667341709136963,0.5397086143493652,0.7688600420951843
20,456,267,247,kl,85.4,0.060000000000002274,0.39711979031562805,0.5629487633705139,0.810001790523529
20,456,268,248,kl,85.62,0.21999999999999886,0.2704054117202759,0.5413348078727722,0.8046972155570984
20,456,269,249,kl,85.68,0.060000000000002274,0.3387484848499298,0.5622933506965637,0.7861319780349731
20,456,270,250,kl,85.98,0.29999999999999716,0.3982727527618408,0.5680186748504639,0.8483784198760986
20,456,271,251,kl,85.64,-0.3400000000000034,0.33032751083374023,0.5690884590148926,0.8349829316139221
20,456,272,252,kl,85.48,-0.1599999999999966,0.3845278024673462,0.5854537487030029,0.8267332911491394
20,456,273,253,ce,85.46,-0.020000000000010232,0.168638676404953,0.5030515193939209,1.279148817062378
20,456,274,254,kl,85.92,0.46000000000000796,0.354509174823761,0.570930540561676,0.8444727659225464
20,456,275,255,kl,85.66,-0.2600000000000051,0.42181217670440674,0.5942382216453552,0.8673466444015503
20,456,276,256,kl,85.38,-0.28000000000000114,0.34092870354652405,0.5750129222869873,0.8642253875732422
20,456,277,257,kl,85.68,0.30000000000001137,0.3999272584915161,0.607093095779419,0.8695540428161621
20,456,278,258,kl,85.48,-0.20000000000000284,0.4085124135017395,0.6247755885124207,0.793388843536377
20,456,279,259,kl,85.46,-0.020000000000010232,0.3620290756225586,0.613778293132782,0.8493387699127197
20,456,280,260,kl,85.66,0.20000000000000284,0.3196023106575012,0.5927760004997253,0.8964782953262329
20,456,281,261,kl,85.42,-0.23999999999999488,0.28104984760284424,0.5983195900917053,0.8403254151344299
20,456,282,262,kl,85.78,0.35999999999999943,0.28711551427841187,0.598304808139801,0.7751736044883728
20,456,283,263,kl,85.74,-0.04000000000000625,0.35142937302589417,0.6205382347106934,0.8523409962654114
20,456,284,264,kl,85.86,0.12000000000000455,0.36252695322036743,0.6329993605613708,0.913983166217804
20,456,285,265,kl,85.54,-0.3199999999999932,0.40780961513519287,0.6375324130058289,0.9905799627304077
20,456,286,266,kl,85.5,-0.04000000000000625,0.4377792477607727,0.6543388366699219,0.973722517490387
20,456,287,267,kl,85.88,0.37999999999999545,0.3878324031829834,0.6611307263374329,0.965082049369812
20,456,288,268,kl,85.42,-0.45999999999999375,0.36800360679626465,0.6575219631195068,0.8512022495269775
20,456,289,269,kl,85.8,0.37999999999999545,0.3584466576576233,0.6664411425590515,0.859249472618103
20,456,290,270,kl,85.9,0.10000000000000853,0.4545477628707886,0.6862392425537109,1.0234061479568481
20,456,291,271,kl,85.7,-0.20000000000000284,0.3564007580280304,0.6704885959625244,0.979523777961731
20,456,292,272,kl,85.3,-0.4000000000000057,0.42423009872436523,0.6895566582679749,0.9907050728797913
20,456,293,273,kl,85.44,0.14000000000000057,0.38443267345428467,0.7055618762969971,0.9808582663536072
20,456,294,274,ce,86.1,0.6599999999999966,0.13293685019016266,0.4921726584434509,1.631435513496399
20,456,295,275,kl,86.14,0.04000000000000625,0.37700575590133667,0.6782535314559937,0.9973007440567017
20,456,296,276,kl,85.68,-0.45999999999999375,0.3568672239780426,0.6624919772148132,0.9443979263305664
20,456,297,277,kl,85.74,0.05999999999998806,0.3943372964859009,0.6833715438842773,1.021775245666504
20,456,298,278,kl,85.58,-0.1599999999999966,0.34894663095474243,0.6735773682594299,0.9646644592285156
20,456,299,279,kl,85.56,-0.01999999999999602,0.4488533139228821,0.7082484364509583,1.2202727794647217
20,456,300,280,kl,85.8,0.23999999999999488,0.3348708748817444,0.6701916456222534,0.9589669704437256
20,456,301,281,kl,85.6,-0.20000000000000284,0.39914271235466003,0.6982662677764893,0.9944251179695129
20,456,302,282,kl,85.64,0.04000000000000625,0.3918675184249878,0.7324827909469604,1.0277085304260254
20,456,303,283,kl,85.6,-0.04000000000000625,0.37295734882354736,0.6935091018676758,1.072977066040039
20,456,304,284,kl,85.74,0.14000000000000057,0.46655091643333435,0.7634187340736389,1.161080241203308
20,456,305,285,kl,85.38,-0.35999999999999943,0.3709195852279663,0.7269343733787537,0.9948692321777344
20,456,306,286,kl,85.74,0.35999999999999943,0.4361461400985718,0.7485105395317078,1.1824536323547363
20,456,307,287,kl,85.6,-0.14000000000000057,0.35837429761886597,0.7358317971229553,1.0619754791259766
20,456,308,288,kl,85.44,-0.1599999999999966,0.4490897059440613,0.7580583095550537,1.0603628158569336
20,456,309,289,kl,85.46,0.01999999999999602,0.4308711290359497,0.7657914757728577,1.0829989910125732
20,456,310,290,kl,85.72,0.2600000000000051,0.4363958537578583,0.7582674026489258,1.16774582862854
20,456,311,291,kl,85.42,-0.29999999999999716,0.356783390045166,0.7336425185203552,1.0171234607696533
20,456,312,292,kl,85.46,0.03999999999999204,0.34993091225624084,0.7470100522041321,1.100860595703125
20,456,313,293,kl,85.52,0.060000000000002274,0.3456104099750519,0.752824604511261,0.9378349184989929
20,456,314,294,kl,85.38,-0.14000000000000057,0.47199559211730957,0.7987917065620422,1.285126805305481
20,456,315,295,ce,85.1,-0.28000000000000114,0.37169328331947327,0.700210690498352,1.973056435585022
20,456,316,296,kl,85.72,0.6200000000000045,0.4628860354423523,0.7634264826774597,1.3156795501708984
20,456,317,297,kl,85.8,0.0799999999999983,0.35033494234085083,0.7579700946807861,1.062862753868103
20,456,318,298,kl,85.8,0.0,0.4783516824245453,0.8183459043502808,1.332030177116394
20,456,319,299,kl,85.7,-0.09999999999999432,0.3233172595500946,0.7381650805473328,1.1590824127197266
20,456,320,300,kl,85.58,-0.12000000000000455,0.3284686803817749,0.7653356194496155,1.0261058807373047
20,456,321,301,kl,85.76,0.18000000000000682,0.29516464471817017,0.7592731714248657,0.9893202781677246
20,456,322,302,kl,85.64,-0.12000000000000455,0.4018774628639221,0.7988818883895874,1.1171931028366089
20,456,323,303,kl,85.64,0.0,0.4103362560272217,0.7736940979957581,1.2550369501113892
20,456,324,304,kl,85.18,-0.45999999999999375,0.3481457829475403,0.7864429950714111,1.1500262022018433
20,456,325,305,kl,85.24,0.05999999999998806,0.47954118251800537,0.8515824675559998,1.371956467628479
20,456,326,306,kl,85.28,0.04000000000000625,0.41483595967292786,0.812295138835907,1.2671416997909546
20,456,327,307,kl,85.92,0.6400000000000006,0.3893589675426483,0.7926046252250671,1.0526100397109985
20,456,328,308,kl,85.68,-0.23999999999999488,0.38634127378463745,0.8223790526390076,1.1510560512542725
20,456,329,309,kl,85.8,0.11999999999999034,0.39532792568206787,0.8150418400764465,1.2200045585632324
20,456,330,310,kl,85.4,-0.3999999999999915,0.4186329245567322,0.8297038078308105,1.2151108980178833
20,456,331,311,kl,85.08,-0.3200000000000074,0.3665659427642822,0.8337171077728271,1.1239895820617676
20,456,332,312,kl,85.46,0.37999999999999545,0.4466792345046997,0.8633025288581848,1.3089150190353394
20,456,333,313,kl,85.4,-0.05999999999998806,0.45774713158607483,0.874842643737793,1.356157660484314
20,456,334,314,kl,85.3,-0.10000000000000853,0.3929089605808258,0.8425636291503906,1.1118078231811523
20,456,335,315,kl,85.64,0.3400000000000034,0.3901437222957611,0.838207483291626,1.2122251987457275
20,456,336,316,ce,84.74,-0.9000000000000057,0.3088074326515198,0.7638077139854431,2.1607422828674316
20,456,337,317,kl,85.9,1.1600000000000108,0.4067346453666687,0.8246705532073975,1.1594029664993286
20,456,338,318,kl,86.08,0.1799999999999926,0.4124927520751953,0.8270633220672607,1.1709680557250977
20,456,339,319,kl,86.04,-0.03999999999999204,0.41574376821517944,0.8328279852867126,1.191394329071045
20,456,340,320,kl,86.22,0.1799999999999926,0.38114964962005615,0.8218628764152527,1.1415036916732788
20,456,341,321,kl,86.14,-0.0799999999999983,0.40064454078674316,0.8318819999694824,1.2048779726028442
20,456,342,322,kl,86.22,0.0799999999999983,0.38492023944854736,0.8234736919403076,1.1716787815093994
20,456,343,323,kl,86.12,-0.09999999999999432,0.41711968183517456,0.8367796540260315,1.2406069040298462
20,456,344,324,kl,86.14,0.01999999999999602,0.4309675991535187,0.8457353711128235,1.2471849918365479
20,456,345,325,kl,85.88,-0.2600000000000051,0.4422153830528259,0.8493233323097229,1.2717596292495728
20,456,346,326,kl,85.96,0.0799999999999983,0.412564754486084,0.834062397480011,1.2004499435424805
20,456,347,327,kl,86.12,0.1600000000000108,0.4381835162639618,0.8471918106079102,1.2565562725067139
20,456,348,328,kl,86.04,-0.0799999999999983,0.4073830842971802,0.8456810712814331,1.2199262380599976
20,456,349,329,kl,85.8,-0.2400000000000091,0.40816426277160645,0.8467746376991272,1.2492133378982544
20,456,350,330,kl,86.06,0.2600000000000051,0.4067304730415344,0.8496138453483582,1.213422417640686
20,456,351,331,kl,85.98,-0.0799999999999983,0.4030311703681946,0.8408243656158447,1.2497280836105347
20,456,352,332,kl,85.84,-0.14000000000000057,0.3921535015106201,0.8427453637123108,1.2329392433166504
20,456,353,333,kl,85.8,-0.04000000000000625,0.41794541478157043,0.8516923785209656,1.2831560373306274
20,456,354,334,kl,85.88,0.0799999999999983,0.40563198924064636,0.8436757326126099,1.2270997762680054
20,456,355,335,kl,85.9,0.020000000000010232,0.38832777738571167,0.8430635929107666,1.2557183504104614
20,456,356,336,kl,85.98,0.0799999999999983,0.39150547981262207,0.8398770093917847,1.23782479763031
20,456,357,337,ce,86.14,0.1599999999999966,0.2527255415916443,0.7584667205810547,1.7964116334915161
20,456,358,338,kl,85.8,-0.3400000000000034,0.4217686653137207,0.850857138633728,1.2987092733383179
20,456,359,339,kl,86.06,0.2600000000000051,0.40731561183929443,0.8525511026382446,1.3042254447937012
20,456,360,340,kl,86.0,-0.060000000000002274,0.40271079540252686,0.8616142868995667,1.247851848602295
20,456,361,341,kl,86.1,0.09999999999999432,0.43094709515571594,0.8620405793190002,1.315821647644043
20,456,362,342,kl,86.0,-0.09999999999999432,0.4293237328529358,0.8638906478881836,1.3344497680664062
20,456,363,343,kl,85.76,-0.23999999999999488,0.41273778676986694,0.862970769405365,1.2438760995864868
20,456,364,344,kl,85.74,-0.020000000000010232,0.3999781906604767,0.8604581952095032,1.2438738346099854
20,456,365,345,kl,86.12,0.38000000000000966,0.41575175523757935,0.8670997023582458,1.3349132537841797
20,456,366,346,kl,85.98,-0.14000000000000057,0.41022220253944397,0.864968478679657,1.3209408521652222
20,456,367,347,kl,85.84,-0.14000000000000057,0.45381367206573486,0.8913273215293884,1.3597623109817505
20,456,368,348,kl,85.9,0.060000000000002274,0.41459891200065613,0.8755136132240295,1.304718017578125
20,456,369,349,kl,85.9,0.0,0.4314519166946411,0.8889815211296082,1.2797142267227173
20,456,370,350,kl,85.94,0.03999999999999204,0.4206334948539734,0.8776249289512634,1.3257817029953003
20,456,371,351,kl,85.92,-0.01999999999999602,0.42723631858825684,0.8768727779388428,1.314340353012085
20,456,372,352,kl,85.92,0.0,0.44261664152145386,0.890591561794281,1.3665069341659546
20,456,373,353,kl,85.7,-0.21999999999999886,0.4303571879863739,0.8782028555870056,1.2981550693511963
20,456,374,354,kl,85.98,0.28000000000000114,0.4491652548313141,0.8972140550613403,1.3623296022415161
20,456,375,355,kl,85.8,-0.18000000000000682,0.4426264762878418,0.8947282433509827,1.3401373624801636
20,456,376,356,kl,85.8,0.0,0.4223824143409729,0.892021894454956,1.272398591041565
20,456,377,357,kl,85.72,-0.0799999999999983,0.42480921745300293,0.8859195113182068,1.3256280422210693
20,456,378,358,ce,86.02,0.29999999999999716,0.20308485627174377,0.7678076028823853,1.8037774562835693
20,456,379,359,kl,85.74,-0.28000000000000114,0.40228623151779175,0.8718711137771606,1.2552176713943481
20,456,380,360,kl,86.08,0.3400000000000034,0.4372718930244446,0.8936660885810852,1.3121333122253418
20,456,381,361,kl,86.06,-0.01999999999999602,0.4249403178691864,0.887582540512085,1.3337852954864502
20,456,382,362,kl,85.9,-0.1599999999999966,0.4360615909099579,0.9050925970077515,1.3524941205978394
20,456,383,363,kl,86.0,0.09999999999999432,0.42613041400909424,0.9132370948791504,1.3431529998779297
20,456,384,364,kl,86.0,0.0,0.4391028881072998,0.9022065997123718,1.3399502038955688
20,456,385,365,kl,86.1,0.09999999999999432,0.45023050904273987,0.9172841310501099,1.3968768119812012
20,456,386,366,kl,85.82,-0.28000000000000114,0.41687723994255066,0.9028892517089844,1.3539499044418335
20,456,387,367,kl,85.84,0.020000000000010232,0.4073527455329895,0.8992856740951538,1.322434425354004
20,456,388,368,kl,86.04,0.20000000000000284,0.44347432255744934,0.920599639415741,1.377873182296753
20,456,389,369,kl,85.84,-0.20000000000000284,0.4375394582748413,0.9150803089141846,1.3865985870361328
20,456,390,370,kl,85.72,-0.12000000000000455,0.427232950925827,0.909178614616394,1.3447542190551758
20,456,391,371,kl,85.92,0.20000000000000284,0.44825977087020874,0.9359079003334045,1.4088668823242188
20,456,392,372,kl,86.0,0.0799999999999983,0.4520835876464844,0.9298807382583618,1.4079163074493408
20,456,393,373,kl,86.14,0.14000000000000057,0.46385863423347473,0.9397931694984436,1.4552913904190063
20,456,394,374,kl,85.92,-0.21999999999999886,0.4432978332042694,0.9258104562759399,1.374470591545105
20,456,395,375,kl,86.0,0.0799999999999983,0.44339069724082947,0.9194748401641846,1.4021332263946533
20,456,396,376,kl,85.98,-0.01999999999999602,0.4402313232421875,0.9240478873252869,1.4061139822006226
20,456,397,377,kl,85.9,-0.0799999999999983,0.4514830708503723,0.9345775246620178,1.432386040687561
20,456,398,378,kl,85.98,0.0799999999999983,0.4437166154384613,0.928538978099823,1.4126458168029785
20,456,399,379,ce,85.98,0.0,0.24494117498397827,0.8299961090087891,1.9769850969314575
20,456,400,380,kl,86.06,0.0799999999999983,0.4128718376159668,0.91913902759552,1.343091607093811
20,456,401,381,kl,85.96,-0.10000000000000853,0.4500482678413391,0.9302656650543213,1.4247734546661377
20,456,402,382,kl,86.02,0.060000000000002274,0.43030908703804016,0.9343020915985107,1.3882066011428833
20,456,403,383,kl,86.06,0.04000000000000625,0.4433951675891876,0.9317671060562134,1.3850576877593994
20,456,404,384,kl,86.22,0.1599999999999966,0.4381282925605774,0.9386860728263855,1.4416385889053345
20,456,405,385,kl,85.94,-0.28000000000000114,0.44251978397369385,0.9352993965148926,1.4262311458587646
20,456,406,386,kl,86.04,0.10000000000000853,0.4384303092956543,0.9371050596237183,1.4314981698989868
20,456,407,387,kl,85.88,-0.1600000000000108,0.4608026146888733,0.9649690985679626,1.4721742868423462
20,456,408,388,kl,85.98,0.10000000000000853,0.48034340143203735,0.9727331399917603,1.516817569732666
20,456,409,389,kl,86.08,0.09999999999999432,0.4174845516681671,0.9366605281829834,1.4234845638275146
20,456,410,390,kl,86.08,0.0,0.43083319067955017,0.9551063179969788,1.4025895595550537
20,456,411,391,kl,85.78,-0.29999999999999716,0.421403169631958,0.9475271701812744,1.4203563928604126
20,456,412,392,kl,85.92,0.14000000000000057,0.45788928866386414,0.9620067477226257,1.4667695760726929
20,456,413,393,kl,85.76,-0.1599999999999966,0.44532835483551025,0.9642910957336426,1.4582781791687012
20,456,414,394,kl,85.9,0.14000000000000057,0.43728411197662354,0.9684454202651978,1.4566222429275513
20,456,415,395,kl,85.8,-0.10000000000000853,0.4358862340450287,0.9607802629470825,1.4265074729919434
20,456,416,396,kl,85.92,0.12000000000000455,0.4355763792991638,0.9570491313934326,1.4835461378097534
20,456,417,397,kl,85.92,0.0,0.4198961853981018,0.961001992225647,1.4077421426773071
20,456,418,398,kl,85.86,-0.060000000000002274,0.46869656443595886,0.9832944869995117,1.5494483709335327
20,456,419,399,kl,85.88,0.01999999999999602,0.4278433322906494,0.9645193219184875,1.4645496606826782
20,456,420,400,ce,86.1,0.21999999999999886,0.19094635546207428,0.8388834595680237,2.0885841846466064
20,789,1,-19,kl,41.6,32.22,0.7175809144973755,0.8171578645706177,1.7170233726501465
20,789,2,-18,kl,48.6,7.0,0.6583791971206665,0.7332697510719299,1.4635035991668701
20,789,3,-17,kl,62.06,13.46,0.7196786403656006,0.5406827926635742,1.2652630805969238
20,789,4,-16,kl,69.14,7.079999999999998,0.5678180456161499,0.430714875459671,1.0157923698425293
20,789,5,-15,kl,70.56,1.4200000000000017,0.478264719247818,0.44036513566970825,0.9040332436561584
20,789,6,-14,kl,72.36,1.7999999999999972,0.5874995589256287,0.47959333658218384,1.16276216506958
20,789,7,-13,kl,74.68,2.3200000000000074,0.5154933929443359,0.4131320118904114,0.9040573835372925
20,789,8,-12,kl,75.86,1.1799999999999926,0.539086103439331,0.4343920350074768,0.9377961158752441
20,789,9,-11,kl,76.34,0.480000000000004,0.5789918303489685,0.4610656201839447,0.9968844056129456
20,789,10,-10,kl,76.98,0.6400000000000006,0.4773847758769989,0.42861679196357727,0.9105173945426941
20,789,11,-9,kl,76.22,-0.7600000000000051,0.6694203019142151,0.4921480119228363,1.2501521110534668
20,789,12,-8,kl,78.8,2.5799999999999983,0.5853951573371887,0.48775890469551086,1.0156564712524414
20,789,13,-7,kl,78.4,-0.3999999999999915,0.5836464762687683,0.47386059165000916,1.0571093559265137
20,789,14,-6,kl,78.82,0.4199999999999875,0.47900283336639404,0.3968219459056854,0.8547298312187195
20,789,15,-5,kl,78.94,0.12000000000000455,0.36561039090156555,0.40529635548591614,1.0831533670425415
20,789,16,-4,kl,78.66,-0.28000000000000114,0.3937881290912628,0.3981231153011322,1.0316104888916016
20,789,17,-3,kl,79.6,0.9399999999999977,0.5848474502563477,0.5088483095169067,1.1111421585083008
20,789,18,-2,kl,77.68,-1.9199999999999875,0.5490225553512573,0.49694305658340454,1.2756965160369873
20,789,19,-1,kl,78.72,1.039999999999992,0.3906008005142212,0.3924542963504791,0.9996269345283508
20,789,20,0,kl,79.86,1.1400000000000006,0.6350903511047363,0.5051345825195312,0.8507119417190552
20,789,21,1,ce,79.84,-0.01999999999999602,0.29171812534332275,0.3089499771595001,1.868458867073059
20,789,22,2,kl,79.92,0.0799999999999983,0.6468974947929382,0.48177245259284973,0.825476884841919
20,789,23,3,kl,81.32,1.3999999999999915,0.3567808270454407,0.4056011736392975,0.9259132146835327
20,789,24,4,kl,79.46,-1.8599999999999994,0.5501856803894043,0.4740510582923889,0.9379774332046509
20,789,25,5,kl,80.66,1.2000000000000028,0.5305424928665161,0.45945581793785095,1.1240144968032837
20,789,26,6,kl,79.36,-1.2999999999999972,0.4828993082046509,0.43926385045051575,1.0419425964355469
20,789,27,7,kl,78.88,-0.480000000000004,0.5252034664154053,0.4761142432689667,1.2137393951416016
20,789,28,8,kl,79.28,0.4000000000000057,0.5815197229385376,0.4921337962150574,1.1229673624038696
20,789,29,9,kl,79.94,0.6599999999999966,0.5535063147544861,0.5089756846427917,1.0782208442687988
20,789,30,10,kl,79.08,-0.8599999999999994,0.6492112874984741,0.4946938157081604,1.1454685926437378
20,789,31,11,kl,80.98,1.9000000000000057,0.4935765862464905,0.44504502415657043,0.8226279020309448
20,789,32,12,kl,81.36,0.37999999999999545,0.4909854233264923,0.46138468384742737,1.0186725854873657
20,789,33,13,kl,80.7,-0.6599999999999966,0.5111528635025024,0.4164399206638336,0.7388967275619507
20,789,34,14,kl,81.72,1.019999999999996,0.22385750710964203,0.3694553077220917,0.9430729150772095
20,789,35,15,kl,79.66,-2.0600000000000023,0.489829957485199,0.41829654574394226,1.006061315536499
20,789,36,16,kl,80.3,0.6400000000000006,0.4581288695335388,0.42587944865226746,0.8224297761917114
20,789,37,17,kl,81.22,0.9200000000000017,0.5807540416717529,0.4670102298259735,1.1011420488357544
20,789,38,18,kl,81.1,-0.12000000000000455,0.40911436080932617,0.4067140519618988,0.9448503255844116
20,789,39,19,kl,81.0,-0.09999999999999432,0.522645115852356,0.4372080862522125,0.9675630331039429
20,789,40,20,kl,81.74,0.7399999999999949,0.5661256909370422,0.46001094579696655,0.885881245136261
20,789,41,21,kl,81.1,-0.6400000000000006,0.6378083229064941,0.4995432198047638,1.1045374870300293
20,789,42,22,ce,79.94,-1.1599999999999966,0.35815560817718506,0.34740856289863586,2.05118989944458
20,789,43,23,kl,79.9,-0.03999999999999204,0.5947260856628418,0.4957464933395386,1.2664180994033813
20,789,44,24,kl,80.84,0.9399999999999977,0.48537784814834595,0.42757919430732727,0.9261081218719482
20,789,45,25,kl,80.76,-0.0799999999999983,0.43153369426727295,0.4011235535144806,1.005103349685669
20,789,46,26,kl,82.1,1.3399999999999892,0.38489681482315063,0.39823371171951294,0.7891155481338501
20,789,47,27,kl,81.22,-0.8799999999999955,0.47830092906951904,0.4192321002483368,0.7929273843765259
20,789,48,28,kl,82.74,1.519999999999996,0.285595178604126,0.3559682369232178,0.9028282165527344
20,789,49,29,kl,80.9,-1.8399999999999892,0.5511817336082458,0.48824262619018555,1.028023600578308
20,789,50,30,kl,80.28,-0.6200000000000045,0.4757517874240875,0.43157801032066345,1.0033597946166992
20,789,51,31,kl,81.66,1.3799999999999955,0.5689101219177246,0.45281362533569336,0.903480052947998
20,789,52,32,kl,82.76,1.1000000000000085,0.5017087459564209,0.421904057264328,0.8204715847969055
20,789,53,33,kl,80.4,-2.3599999999999994,0.4971081018447876,0.43002256751060486,0.8434090614318848
20,789,54,34,kl,81.98,1.5799999999999983,0.4478287398815155,0.4264017641544342,0.8304256796836853
20,789,55,35,kl,81.76,-0.21999999999999886,0.5523484945297241,0.47492823004722595,0.9903593063354492
20,789,56,36,kl,80.54,-1.2199999999999989,0.43038803339004517,0.4171396791934967,0.8692271709442139
20,789,57,37,kl,81.14,0.5999999999999943,0.5499003529548645,0.489086776971817,1.0508677959442139
20,789,58,38,kl,82.06,0.9200000000000017,0.3326515555381775,0.4127853810787201,0.8050649762153625
20,789,59,39,kl,81.78,-0.28000000000000114,0.4187593460083008,0.42020100355148315,1.007934331893921
20,789,60,40,kl,82.04,0.2600000000000051,0.4913289546966553,0.4602064788341522,0.9228816628456116
20,789,61,41,kl,83.0,0.9599999999999937,0.34509971737861633,0.401989609003067,1.0197968482971191
20,789,62,42,kl,81.08,-1.9200000000000017,0.5092804431915283,0.4616662561893463,0.8442143797874451
20,789,63,43,ce,81.3,0.21999999999999886,0.2986771762371063,0.3498654067516327,1.9570481777191162
20,789,64,44,kl,81.0,-0.29999999999999716,0.4796634912490845,0.44281235337257385,1.0051910877227783
20,789,65,45,kl,82.52,1.519999999999996,0.484336793422699,0.4536712169647217,0.8161923289299011
20,789,66,46,kl,80.76,-1.759999999999991,0.5830676555633545,0.5049061179161072,1.2147506475448608
20,789,67,47,kl,82.76,2.0,0.41979920864105225,0.4183109700679779,0.7631664872169495
20,789,68,48,kl,81.8,-0.960000000000008,0.46080896258354187,0.442053884267807,0.9992611408233643
20,789,69,49,kl,81.94,0.14000000000000057,0.5572593808174133,0.4759289026260376,0.9479324817657471
20,789,70,50,kl,81.28,-0.6599999999999966,0.5897998213768005,0.5041974186897278,1.2271521091461182
20,789,71,51,kl,82.2,0.9200000000000017,0.5483057498931885,0.44401007890701294,0.8870981931686401
20,789,72,52,kl,81.66,-0.5400000000000063,0.5390145182609558,0.4473779499530792,0.8381744623184204
20,789,73,53,kl,81.58,-0.0799999999999983,0.5064086318016052,0.430602103471756,0.8121351599693298
20,789,74,54,kl,82.04,0.46000000000000796,0.5093125700950623,0.43891704082489014,0.9499149918556213
20,789,75,55,kl,80.5,-1.5400000000000063,0.6367772817611694,0.5620323419570923,1.1520774364471436
20,789,76,56,kl,80.42,-0.0799999999999983,0.4330783784389496,0.44412752985954285,0.9399504661560059
20,789,77,57,kl,81.6,1.1799999999999926,0.3867502212524414,0.40790948271751404,1.0793737173080444
20,789,78,58,kl,82.46,0.8599999999999994,0.4300166368484497,0.42615509033203125,0.8980578184127808
20,789,79,59,kl,83.16,0.7000000000000028,0.4254049062728882,0.4113250970840454,0.8021984100341797
20,789,80,60,kl,81.1,-2.0600000000000023,0.5032512545585632,0.44628772139549255,0.9190124869346619
20,789,81,61,kl,81.54,0.44000000000001194,0.5320309400558472,0.49169594049453735,1.0969263315200806
20,789,82,62,kl,80.88,-0.6600000000000108,0.5146540403366089,0.4457918107509613,1.0921788215637207
20,789,83,63,kl,81.58,0.7000000000000028,0.620132565498352,0.5193153619766235,1.1365938186645508
20,789,84,64,ce,79.8,-1.7800000000000011,0.3478589653968811,0.35820654034614563,1.8214918375015259
20,789,85,65,kl,81.74,1.9399999999999977,0.47478145360946655,0.43309733271598816,0.900447428226471
20,789,86,66,kl,81.7,-0.03999999999999204,0.5329177379608154,0.45659565925598145,0.9525303840637207
20,789,87,67,kl,81.72,0.01999999999999602,0.5729786157608032,0.4727795124053955,0.8627365827560425
20,789,88,68,kl,82.22,0.5,0.34594041109085083,0.4050274193286896,0.9905851483345032
20,789,89,69,kl,82.12,-0.09999999999999432,0.48218822479248047,0.4456082582473755,0.900077760219574
20,789,90,70,kl,80.84,-1.2800000000000011,0.46549472212791443,0.42882660031318665,1.017635464668274
20,789,91,71,kl,82.12,1.2800000000000011,0.6395679116249084,0.5001497864723206,0.9260408878326416
20,789,92,72,kl,82.02,-0.10000000000000853,0.4349185526371002,0.4542345106601715,1.181545376777649
20,789,93,73,kl,82.34,0.3200000000000074,0.42059436440467834,0.41978681087493896,0.967471718788147
20,789,94,74,kl,81.0,-1.3400000000000034,0.5387879610061646,0.43024030327796936,0.9946298003196716
20,789,95,75,kl,79.96,-1.0400000000000063,0.5171584486961365,0.428030401468277,1.050094723701477
20,789,96,76,kl,80.72,0.7600000000000051,0.6369204521179199,0.5216482281684875,1.08145010471344
20,789,97,77,kl,80.12,-0.5999999999999943,0.4811594486236572,0.44161173701286316,0.9426732659339905
20,789,98,78,kl,82.22,2.0999999999999943,0.6105806231498718,0.4777070879936218,0.9481783509254456
20,789,99,79,kl,81.02,-1.2000000000000028,0.43208640813827515,0.42895856499671936,0.8125243782997131
20,789,100,80,kl,81.84,0.8200000000000074,0.5567528009414673,0.4871886670589447,1.1775215864181519
20,789,101,81,kl,81.7,-0.14000000000000057,0.48454537987709045,0.4372900724411011,0.953583836555481
20,789,102,82,kl,81.5,-0.20000000000000284,0.5289137363433838,0.42845234274864197,0.944659948348999
20,789,103,83,kl,81.54,0.04000000000000625,0.43497031927108765,0.410599946975708,0.856706440448761
20,789,104,84,kl,82.04,0.5,0.5018883347511292,0.44432830810546875,0.747518002986908
20,789,105,85,ce,80.08,-1.960000000000008,0.2496291846036911,0.3440232574939728,1.740251898765564
20,789,106,86,kl,81.84,1.7600000000000051,0.37217196822166443,0.42837628722190857,0.9237318634986877
20,789,107,87,kl,82.3,0.45999999999999375,0.49948644638061523,0.4545513391494751,0.8918904066085815
20,789,108,88,kl,81.54,-0.7599999999999909,0.5361819267272949,0.501076340675354,1.1415362358093262
20,789,109,89,kl,81.4,-0.14000000000000057,0.6048076748847961,0.5409958362579346,1.1110618114471436
20,789,110,90,kl,81.26,-0.14000000000000057,0.494867205619812,0.49476897716522217,1.222213864326477
20,789,111,91,kl,81.7,0.4399999999999977,0.4920055866241455,0.44811198115348816,0.984626054763794
20,789,112,92,kl,81.54,-0.1599999999999966,0.44232335686683655,0.4088548719882965,0.7986765503883362
20,789,113,93,kl,80.0,-1.5400000000000063,0.5968183279037476,0.499429315328598,1.243563175201416
20,789,114,94,kl,82.62,2.6200000000000045,0.3836861848831177,0.40351182222366333,0.807628870010376
20,789,115,95,kl,82.32,-0.30000000000001137,0.47458353638648987,0.4298079013824463,0.932942807674408
20,789,116,96,kl,81.46,-0.8599999999999994,0.5746358633041382,0.45776161551475525,0.9512057900428772
20,789,117,97,kl,81.46,0.0,0.6151130199432373,0.46370646357536316,0.8141613602638245
20,789,118,98,kl,81.72,0.2600000000000051,0.5236638188362122,0.4559487998485565,0.9281123876571655
20,789,119,99,kl,81.32,-0.4000000000000057,0.5733206272125244,0.4783255457878113,0.88068687915802
20,789,120,100,kl,83.02,1.7000000000000028,0.41605663299560547,0.4223453998565674,1.0840502977371216
20,789,121,101,kl,81.94,-1.0799999999999983,0.4808467924594879,0.4381464421749115,0.8395687341690063
20,789,122,102,kl,80.88,-1.0600000000000023,0.57390958070755,0.5046452283859253,1.1448017358779907
20,789,123,103,kl,82.24,1.3599999999999994,0.6162161231040955,0.4608656167984009,0.886150062084198
20,789,124,104,kl,82.06,-0.1799999999999926,0.41909167170524597,0.40425965189933777,0.8247174620628357
20,789,125,105,kl,82.0,-0.060000000000002274,0.42408937215805054,0.42561453580856323,0.8937348127365112
20,789,126,106,ce,80.26,-1.7399999999999949,0.39609208703041077,0.4154024124145508,1.790493369102478
20,789,127,107,kl,81.48,1.2199999999999989,0.5479863882064819,0.49226492643356323,1.1062431335449219
20,789,128,108,kl,81.06,-0.4200000000000017,0.5587793588638306,0.47709012031555176,1.1498329639434814
20,789,129,109,kl,81.22,0.1599999999999966,0.5660672187805176,0.5067731142044067,1.0772995948791504
20,789,130,110,kl,82.24,1.019999999999996,0.5285085439682007,0.447245329618454,0.8407314419746399
20,789,131,111,kl,81.32,-0.9200000000000017,0.41489243507385254,0.42984965443611145,1.0323268175125122
20,789,132,112,kl,82.78,1.460000000000008,0.33607566356658936,0.37964969873428345,0.7918049097061157
20,789,133,113,kl,81.44,-1.3400000000000034,0.57701176404953,0.4899296760559082,1.1679224967956543
20,789,134,114,kl,81.64,0.20000000000000284,0.42981088161468506,0.44218865036964417,0.888999342918396
20,789,135,115,kl,82.54,0.9000000000000057,0.3634723126888275,0.41621553897857666,0.9276928901672363
20,789,136,116,kl,82.62,0.0799999999999983,0.4237739145755768,0.4045622944831848,0.8167984485626221
20,789,137,117,kl,79.88,-2.740000000000009,0.616005539894104,0.4989505112171173,1.2139774560928345
20,789,138,118,kl,82.4,2.5200000000000102,0.4690839350223541,0.43919289112091064,0.9274410605430603
20,789,139,119,kl,82.1,-0.30000000000001137,0.5057332515716553,0.43796998262405396,0.8828122019767761
20,789,140,120,kl,81.42,-0.6799999999999926,0.5521312355995178,0.46381956338882446,0.909168004989624
20,789,141,121,kl,82.26,0.8400000000000034,0.5430066585540771,0.48221176862716675,1.101572036743164
20,789,142,122,kl,81.86,-0.4000000000000057,0.45209991931915283,0.4409124553203583,0.9450008273124695
20,789,143,123,kl,79.74,-2.1200000000000045,0.6633575558662415,0.5578702688217163,1.2590293884277344
20,789,144,124,kl,81.06,1.3200000000000074,0.5796687602996826,0.4945271611213684,1.1764229536056519
20,789,145,125,kl,82.0,0.9399999999999977,0.44873282313346863,0.4452818036079407,0.8152258992195129
20,789,146,126,kl,81.58,-0.4200000000000017,0.35877302289009094,0.43106046319007874,1.0961283445358276
20,789,147,127,ce,79.76,-1.8199999999999932,0.3915557265281677,0.36253929138183594,1.9345874786376953
20,789,148,128,kl,81.0,1.2399999999999949,0.6388177871704102,0.5612834095954895,1.064850091934204
20,789,149,129,kl,81.78,0.7800000000000011,0.3975132703781128,0.4668070673942566,1.1442540884017944
20,789,150,130,kl,79.68,-2.0999999999999943,0.41516560316085815,0.4573267102241516,1.1734832525253296
20,789,151,131,kl,80.14,0.45999999999999375,0.44870150089263916,0.4576781988143921,0.9956379532814026
20,789,152,132,kl,82.24,2.0999999999999943,0.5345798134803772,0.4593362510204315,0.9684516191482544
20,789,153,133,kl,82.58,0.3400000000000034,0.28208351135253906,0.3916178345680237,0.9475398063659668
20,789,154,134,kl,82.0,-0.5799999999999983,0.40414959192276,0.40683960914611816,0.8888010382652283
20,789,155,135,kl,82.0,0.0,0.45934242010116577,0.4147997498512268,0.7655521035194397
20,789,156,136,kl,83.12,1.1200000000000045,0.4619653522968292,0.4079892933368683,0.7708278298377991
20,789,157,137,kl,83.32,0.19999999999998863,0.5368950366973877,0.4566778242588043,0.8079330325126648
20,789,158,138,kl,82.3,-1.019999999999996,0.2882058024406433,0.3746638894081116,0.9200473427772522
20,789,159,139,kl,83.08,0.7800000000000011,0.42069679498672485,0.420759379863739,0.7248936891555786
20,789,160,140,kl,82.24,-0.8400000000000034,0.508425235748291,0.4192604720592499,0.940487265586853
20,789,161,141,kl,80.26,-1.9799999999999898,0.564445972442627,0.4926811158657074,1.199159026145935
20,789,162,142,kl,82.08,1.8199999999999932,0.4428142011165619,0.42421549558639526,0.8756018877029419
20,789,163,143,kl,82.96,0.8799999999999955,0.5137423276901245,0.45191603899002075,0.9576002359390259
20,789,164,144,kl,81.88,-1.0799999999999983,0.5975043773651123,0.508007824420929,0.9866395592689514
20,789,165,145,kl,81.9,0.020000000000010232,0.43518728017807007,0.41242077946662903,1.0482559204101562
20,789,166,146,kl,81.14,-0.7600000000000051,0.4807552099227905,0.4494575262069702,0.9020208716392517
20,789,167,147,kl,80.08,-1.0600000000000023,0.6484021544456482,0.5624852776527405,1.2604334354400635
20,789,168,148,ce,81.8,1.7199999999999989,0.41259825229644775,0.3796819746494293,1.904248833656311
20,789,169,149,kl,81.56,-0.23999999999999488,0.5819301605224609,0.4990388751029968,1.0479393005371094
20,789,170,150,kl,82.32,0.7599999999999909,0.4093751311302185,0.42749831080436707,0.9162464737892151
20,789,171,151,kl,82.2,-0.11999999999999034,0.57342928647995,0.4723418951034546,1.0002387762069702
20,789,172,152,kl,80.84,-1.3599999999999994,0.5765063166618347,0.48746344447135925,1.041467547416687
20,789,173,153,kl,79.66,-1.1800000000000068,0.6803665161132812,0.5589872002601624,1.1269935369491577
20,789,174,154,kl,81.3,1.6400000000000006,0.5818308591842651,0.4786859154701233,1.0599849224090576
20,789,175,155,kl,82.1,0.7999999999999972,0.5312020182609558,0.4321087598800659,0.8607473969459534
20,789,176,156,kl,82.44,0.3400000000000034,0.5921452641487122,0.4809688925743103,0.8711915016174316
20,789,177,157,kl,83.02,0.5799999999999983,0.37186479568481445,0.39644381403923035,0.8197925686836243
20,789,178,158,kl,82.46,-0.5600000000000023,0.5711277723312378,0.46757444739341736,1.0252113342285156
20,789,179,159,kl,80.88,-1.5799999999999983,0.5190930366516113,0.4748208522796631,1.0556809902191162
20,789,180,160,kl,81.72,0.8400000000000034,0.4060342311859131,0.42125189304351807,0.9440716505050659
20,789,181,161,kl,81.56,-0.1599999999999966,0.4939025640487671,0.43748921155929565,0.9652721285820007
20,789,182,162,kl,82.0,0.4399999999999977,0.34755271673202515,0.401826947927475,0.9367135167121887
20,789,183,163,kl,82.02,0.01999999999999602,0.5332134366035461,0.4459105432033539,0.8229101896286011
20,789,184,164,kl,81.46,-0.5600000000000023,0.4315282106399536,0.4657416343688965,1.119428277015686
20,789,185,165,kl,83.62,2.160000000000011,0.5129059553146362,0.46308252215385437,0.7986372113227844
20,789,186,166,kl,82.16,-1.460000000000008,0.35098540782928467,0.41604363918304443,0.8037096858024597
20,789,187,167,kl,80.8,-1.3599999999999994,0.5058996677398682,0.4526093900203705,0.9408969879150391
20,789,188,168,kl,82.82,2.019999999999996,0.4215954542160034,0.42993611097335815,0.8838637471199036
20,789,189,169,ce,81.34,-1.4799999999999898,0.3254251182079315,0.35992276668548584,1.7786774635314941
20,789,190,170,kl,79.9,-1.4399999999999977,0.6688989400863647,0.5174272656440735,1.0126745700836182
20,789,191,171,kl,81.3,1.3999999999999915,0.45434123277664185,0.43593207001686096,0.9857556223869324
20,789,192,172,kl,82.34,1.0400000000000063,0.4153037667274475,0.43851807713508606,0.9548019170761108
20,789,193,173,kl,80.66,-1.6800000000000068,0.6390910148620605,0.5121569633483887,1.1083552837371826
20,789,194,174,kl,81.68,1.0200000000000102,0.5246496200561523,0.45285236835479736,0.8671312928199768
20,789,195,175,kl,82.16,0.47999999999998977,0.49623483419418335,0.4810400605201721,1.059715986251831
20,789,196,176,kl,82.4,0.2400000000000091,0.520625650882721,0.4499604403972626,0.7987267374992371
20,789,197,177,kl,82.9,0.5,0.5701602101325989,0.4676074981689453,0.9764317274093628
20,789,198,178,kl,81.16,-1.740000000000009,0.22375471889972687,0.37569698691368103,0.9824205040931702
20,789,199,179,kl,82.82,1.6599999999999966,0.5105936527252197,0.45285770297050476,1.0727721452713013
20,789,200,180,kl,83.26,0.44000000000001194,0.4530436396598816,0.4305679202079773,0.9002571105957031
20,789,201,181,kl,81.88,-1.3800000000000097,0.3242647647857666,0.41228431463241577,1.0355536937713623
20,789,202,182,kl,80.64,-1.2399999999999949,0.5314878225326538,0.45392072200775146,0.9911750555038452
20,789,203,183,kl,80.68,0.04000000000000625,0.7379744052886963,0.5975971817970276,1.0938105583190918
20,789,204,184,kl,82.36,1.6799999999999926,0.5644031763076782,0.467486709356308,0.8645762205123901
20,789,205,185,kl,82.12,-0.23999999999999488,0.463559091091156,0.44528287649154663,0.9508438110351562
20,789,206,186,kl,82.8,0.6799999999999926,0.390097439289093,0.43440988659858704,0.9906166195869446
20,789,207,187,kl,81.64,-1.1599999999999966,0.5026426315307617,0.45754697918891907,0.9438048601150513
20,789,208,188,kl,81.52,-0.12000000000000455,0.5401142835617065,0.4739461839199066,0.883198618888855
20,789,209,189,kl,82.66,1.1400000000000006,0.4917072057723999,0.45025911927223206,0.8008413314819336
20,789,210,190,ce,78.78,-3.8799999999999955,0.4086265563964844,0.3549862205982208,2.0912070274353027
20,789,211,191,kl,82.94,4.159999999999997,0.5218010544776917,0.458024263381958,0.8851004242897034
20,789,212,192,kl,81.18,-1.759999999999991,0.45702823996543884,0.4641381800174713,0.912519097328186
20,789,213,193,kl,81.16,-0.020000000000010232,0.5434321761131287,0.45311439037323,0.882509708404541
20,789,214,194,kl,83.32,2.1599999999999966,0.2792056202888489,0.38599950075149536,0.8498603701591492
20,789,215,195,kl,81.96,-1.3599999999999994,0.5092414021492004,0.4601374566555023,0.9361810684204102
20,789,216,196,kl,81.36,-0.5999999999999943,0.5341285467147827,0.4805609881877899,0.8697446584701538
20,789,217,197,kl,81.14,-0.21999999999999886,0.5623306035995483,0.46535512804985046,0.885962188243866
20,789,218,198,kl,82.16,1.019999999999996,0.480698823928833,0.4571074843406677,0.9265853762626648
20,789,219,199,kl,82.82,0.6599999999999966,0.5848841667175293,0.48525726795196533,0.9773034453392029
20,789,220,200,kl,82.14,-0.6799999999999926,0.35159510374069214,0.4514601230621338,0.9797877669334412
20,789,221,201,kl,81.78,-0.35999999999999943,0.37672239542007446,0.42358192801475525,0.9354846477508545
20,789,222,202,kl,82.0,0.21999999999999886,0.3059152364730835,0.39770379662513733,0.898540198802948
20,789,223,203,kl,82.62,0.6200000000000045,0.23140370845794678,0.38622990250587463,1.0953336954116821
20,789,224,204,kl,82.12,-0.5,0.3996172547340393,0.43712157011032104,0.9371253252029419
20,789,225,205,kl,81.54,-0.5799999999999983,0.5064516663551331,0.4694403409957886,0.9100666046142578
20,789,226,206,kl,82.66,1.1199999999999903,0.23939859867095947,0.3933633267879486,0.921230137348175
20,789,227,207,kl,81.94,-0.7199999999999989,0.5376754999160767,0.4735069274902344,1.024836540222168
20,789,228,208,kl,82.3,0.35999999999999943,0.4458034932613373,0.39896777272224426,0.7962236404418945
20,789,229,209,kl,81.38,-0.9200000000000017,0.5975648760795593,0.5489203929901123,1.1406043767929077
20,789,230,210,kl,81.78,0.4000000000000057,0.5132836103439331,0.4884893298149109,0.8668688535690308
20,789,231,211,ce,80.32,-1.460000000000008,0.367459774017334,0.36486509442329407,1.697200894355774
20,789,232,212,kl,85.14,4.820000000000007,0.33107906579971313,0.38034653663635254,0.7557485103607178
20,789,233,213,kl,84.9,-0.23999999999999488,0.26972657442092896,0.3566006124019623,0.7281615734100342
20,789,234,214,kl,85.2,0.29999999999999716,0.29611414670944214,0.3738373816013336,0.771422803401947
20,789,235,215,kl,85.36,0.1599999999999966,0.2865200638771057,0.37732046842575073,0.7933986186981201
20,789,236,216,kl,85.1,-0.2600000000000051,0.30411019921302795,0.38030216097831726,0.72359699010849
20,789,237,217,kl,85.0,-0.09999999999999432,0.28196388483047485,0.37806302309036255,0.73538738489151
20,789,238,218,kl,85.32,0.3199999999999932,0.3485040068626404,0.3998936116695404,0.7945157289505005
20,789,239,219,kl,85.0,-0.3199999999999932,0.28250497579574585,0.39402198791503906,0.8032000660896301
20,789,240,220,kl,85.32,0.3199999999999932,0.3533242344856262,0.4154796898365021,0.769075334072113
20,789,241,221,kl,85.0,-0.3199999999999932,0.25209617614746094,0.3925386369228363,0.793947160243988
20,789,242,222,kl,85.02,0.01999999999999602,0.3101051151752472,0.4139356017112732,0.8246158957481384
20,789,243,223,kl,85.06,0.04000000000000625,0.314686119556427,0.42096781730651855,0.8234978914260864
20,789,244,224,kl,85.12,0.060000000000002274,0.2758367359638214,0.4136021137237549,0.8274144530296326
20,789,245,225,kl,85.2,0.0799999999999983,0.30949866771698,0.42882952094078064,0.8335126638412476
20,789,246,226,kl,84.98,-0.21999999999999886,0.311078280210495,0.4264333248138428,0.8104260563850403
20,789,247,227,kl,84.7,-0.28000000000000114,0.3165942430496216,0.4408857524394989,0.8263620138168335
20,789,248,228,kl,85.22,0.519999999999996,0.35831311345100403,0.4539704918861389,0.8581356406211853
20,789,249,229,kl,85.12,-0.09999999999999432,0.3207237124443054,0.4411731958389282,0.8336145877838135
20,789,250,230,kl,85.22,0.09999999999999432,0.30280500650405884,0.44958561658859253,0.9062148332595825
20,789,251,231,kl,84.94,-0.28000000000000114,0.3521387279033661,0.45849958062171936,0.8413458466529846
20,789,252,232,ce,85.02,0.0799999999999983,0.25288674235343933,0.4008362591266632,1.380356788635254
20,789,253,233,kl,85.32,0.29999999999999716,0.346530020236969,0.4617007076740265,0.9096485376358032
20,789,254,234,kl,85.44,0.12000000000000455,0.3351975977420807,0.4664647579193115,0.9085363149642944
20,789,255,235,kl,85.5,0.060000000000002274,0.29522812366485596,0.45494505763053894,0.9235731959342957
20,789,256,236,kl,85.18,-0.3199999999999932,0.335580974817276,0.46894532442092896,0.9395223259925842
20,789,257,237,kl,85.2,0.01999999999999602,0.3423859477043152,0.47435352206230164,0.8919365406036377
20,789,258,238,kl,84.7,-0.5,0.392455130815506,0.5048035383224487,1.0523816347122192
20,789,259,239,kl,85.22,0.519999999999996,0.3459929823875427,0.48314782977104187,0.8872056007385254
20,789,260,240,kl,84.98,-0.23999999999999488,0.36178725957870483,0.5022205710411072,0.8858832120895386
20,789,261,241,kl,85.1,0.11999999999999034,0.39151179790496826,0.5196003317832947,0.9861006736755371
20,789,262,242,kl,84.86,-0.23999999999999488,0.3654074966907501,0.5036274194717407,0.9240295886993408
20,789,263,243,kl,84.98,0.12000000000000455,0.4058169722557068,0.5277360677719116,1.0217849016189575
20,789,264,244,kl,84.88,-0.10000000000000853,0.37006956338882446,0.5186852216720581,0.9768237471580505
20,789,265,245,kl,85.08,0.20000000000000284,0.3924143314361572,0.5336841344833374,1.0005934238433838
20,789,266,246,kl,85.06,-0.01999999999999602,0.33730921149253845,0.5148091316223145,0.9046114683151245
20,789,267,247,kl,85.16,0.09999999999999432,0.36486154794692993,0.534733772277832,1.0526608228683472
20,789,268,248,kl,85.16,0.0,0.4101935625076294,0.5535911917686462,1.0371854305267334
20,789,269,249,kl,85.08,-0.0799999999999983,0.38576140999794006,0.5511466860771179,1.0717580318450928
20,789,270,250,kl,85.22,0.14000000000000057,0.3804439306259155,0.5490731596946716,0.9661484956741333
20,789,271,251,kl,84.8,-0.4200000000000017,0.40087777376174927,0.5592917203903198,1.1113265752792358
20,789,272,252,kl,85.18,0.38000000000000966,0.35829436779022217,0.5430747270584106,1.0166341066360474
20,789,273,253,ce,85.2,0.01999999999999602,0.31789135932922363,0.49371132254600525,1.669333577156067
20,789,274,254,kl,84.94,-0.2600000000000051,0.40568703413009644,0.5742946863174438,1.0388221740722656
20,789,275,255,kl,85.16,0.21999999999999886,0.35446852445602417,0.5599892735481262,1.1029903888702393
20,789,276,256,kl,84.88,-0.28000000000000114,0.3541044592857361,0.5587811470031738,1.005971908569336
20,789,277,257,kl,85.38,0.5,0.3678772449493408,0.5637062191963196,1.0367764234542847
20,789,278,258,kl,85.24,-0.14000000000000057,0.3886207938194275,0.5696181058883667,1.0921810865402222
20,789,279,259,kl,85.14,-0.09999999999999432,0.36896783113479614,0.5656090974807739,1.0877256393432617
20,789,280,260,kl,84.88,-0.2600000000000051,0.45508021116256714,0.6168028712272644,1.0811091661453247
20,789,281,261,kl,84.7,-0.1799999999999926,0.40059852600097656,0.5921728610992432,1.1137843132019043
20,789,282,262,kl,85.1,0.3999999999999915,0.4179375469684601,0.6141813397407532,1.1072813272476196
20,789,283,263,kl,85.02,-0.0799999999999983,0.4430595338344574,0.6277230978012085,1.244354009628296
20,789,284,264,kl,85.28,0.2600000000000051,0.40817156434059143,0.6099669933319092,1.0654040575027466
20,789,285,265,kl,85.24,-0.04000000000000625,0.3657664954662323,0.6050640940666199,1.111150860786438
20,789,286,266,kl,84.96,-0.28000000000000114,0.3676699697971344,0.6123420596122742,1.112424612045288
20,789,287,267,kl,85.08,0.12000000000000455,0.40169763565063477,0.6281810402870178,1.174661636352539
20,789,288,268,kl,85.16,0.0799999999999983,0.42509007453918457,0.6510832905769348,1.2477543354034424
20,789,289,269,kl,84.9,-0.2599999999999909,0.4739531874656677,0.672313392162323,1.2286361455917358
20,789,290,270,kl,84.94,0.03999999999999204,0.4508945345878601,0.6552926301956177,1.250878095626831
20,789,291,271,kl,84.76,-0.1799999999999926,0.4618815779685974,0.671080470085144,1.2617053985595703
20,789,292,272,kl,85.04,0.28000000000000114,0.41356873512268066,0.6478917598724365,1.1911312341690063
20,789,293,273,kl,84.72,-0.3200000000000074,0.3876388669013977,0.644080638885498,1.2038071155548096
20,789,294,274,ce,84.52,-0.20000000000000284,0.38050156831741333,0.5709285736083984,1.8863426446914673
20,789,295,275,kl,85.12,0.6000000000000085,0.43735823035240173,0.6619497537612915,1.2360919713974
20,789,296,276,kl,84.9,-0.21999999999999886,0.4071047902107239,0.6514630317687988,1.297216773033142
20,789,297,277,kl,85.1,0.19999999999998863,0.46769067645072937,0.6753262877464294,1.283960223197937
20,789,298,278,kl,85.32,0.21999999999999886,0.4512440264225006,0.6694396734237671,1.299839735031128
20,789,299,279,kl,85.14,-0.1799999999999926,0.4825335741043091,0.6824336051940918,1.398946762084961
20,789,300,280,kl,85.14,0.0,0.4310271143913269,0.6693132519721985,1.2190817594528198
20,789,301,281,kl,84.9,-0.23999999999999488,0.401339054107666,0.6826855540275574,1.3245350122451782
20,789,302,282,kl,84.9,0.0,0.43188467621803284,0.6841511130332947,1.2803149223327637
20,789,303,283,kl,85.24,0.3399999999999892,0.4420163035392761,0.6938230395317078,1.3412964344024658
20,789,304,284,kl,85.14,-0.09999999999999432,0.4510301351547241,0.7054383754730225,1.3352816104888916
20,789,305,285,kl,85.14,0.0,0.36351990699768066,0.6805533766746521,1.1680209636688232
20,789,306,286,kl,84.7,-0.4399999999999977,0.4416598081588745,0.733298122882843,1.4118081331253052
20,789,307,287,kl,84.66,-0.04000000000000625,0.48944932222366333,0.7773846387863159,1.3445900678634644
20,789,308,288,kl,84.96,0.29999999999999716,0.46272456645965576,0.7472437620162964,1.3280832767486572
20,789,309,289,kl,84.92,-0.03999999999999204,0.3854563534259796,0.7049645185470581,1.2859750986099243
20,789,310,290,kl,84.84,-0.0799999999999983,0.42915499210357666,0.7424437403678894,1.3072878122329712
20,789,311,291,kl,85.14,0.29999999999999716,0.42380189895629883,0.7265051603317261,1.4106175899505615
20,789,312,292,kl,85.16,0.01999999999999602,0.43485090136528015,0.740642249584198,1.442557454109192
20,789,313,293,kl,84.6,-0.5600000000000023,0.40368807315826416,0.7359301447868347,1.385946273803711
20,789,314,294,kl,84.64,0.04000000000000625,0.4303714632987976,0.7639850974082947,1.4223357439041138
20,789,315,295,ce,84.82,0.1799999999999926,0.35328739881515503,0.6840052604675293,1.922942042350769
20,789,316,296,kl,85.4,0.5800000000000125,0.4550389051437378,0.7554917335510254,1.430476188659668
20,789,317,297,kl,85.16,-0.2400000000000091,0.47697898745536804,0.7784581184387207,1.468964695930481
20,789,318,298,kl,85.24,0.0799999999999983,0.4306788742542267,0.7657108902931213,1.3685957193374634
20,789,319,299,kl,85.3,0.060000000000002274,0.3498084545135498,0.7437350749969482,1.273423433303833
20,789,320,300,kl,85.14,-0.1599999999999966,0.5351502895355225,0.8282055854797363,1.6173210144042969
20,789,321,301,kl,85.04,-0.09999999999999432,0.5127512216567993,0.8244945406913757,1.5538079738616943
20,789,322,302,kl,85.3,0.2599999999999909,0.42388221621513367,0.7674283385276794,1.5167227983474731
20,789,323,303,kl,85.6,0.29999999999999716,0.3842427134513855,0.7567145824432373,1.3902778625488281
20,789,324,304,kl,84.12,-1.4799999999999898,0.6000149250030518,0.9176803231239319,1.8245552778244019
20,789,325,305,kl,85.26,1.1400000000000006,0.45835646986961365,0.811752438545227,1.4969059228897095
20,789,326,306,kl,84.94,-0.3200000000000074,0.3921132981777191,0.7624057531356812,1.4633090496063232
20,789,327,307,kl,85.12,0.18000000000000682,0.43784546852111816,0.7866101861000061,1.461803674697876
20,789,328,308,kl,84.94,-0.18000000000000682,0.4622417092323303,0.8085271120071411,1.5658384561538696
20,789,329,309,kl,85.22,0.28000000000000114,0.4448414444923401,0.8058966398239136,1.4224797487258911
20,789,330,310,kl,84.56,-0.6599999999999966,0.364565372467041,0.7653185725212097,1.3453574180603027
20,789,331,311,kl,85.08,0.519999999999996,0.40853989124298096,0.782893717288971,1.447522759437561
20,789,332,312,kl,84.72,-0.35999999999999943,0.41583287715911865,0.8136171102523804,1.4777240753173828
20,789,333,313,kl,84.76,0.04000000000000625,0.45770275592803955,0.8324906826019287,1.5739085674285889
20,789,334,314,kl,85.24,0.47999999999998977,0.3988862931728363,0.8056362271308899,1.3759616613388062
20,789,335,315,kl,85.02,-0.21999999999999886,0.4072369933128357,0.8314379453659058,1.444187045097351
20,789,336,316,ce,84.4,-0.6199999999999903,0.4026968479156494,0.8153448104858398,2.5120675563812256
20,789,337,317,kl,85.8,1.3999999999999915,0.37090134620666504,0.77236407995224,1.3882009983062744
20,789,338,318,kl,85.74,-0.060000000000002274,0.4011109471321106,0.7951558828353882,1.4187915325164795
20,789,339,319,kl,85.72,-0.01999999999999602,0.39620232582092285,0.793982744216919,1.4219826459884644
20,789,340,320,kl,85.66,-0.060000000000002274,0.39604997634887695,0.7914521098136902,1.4229841232299805
20,789,341,321,kl,85.52,-0.14000000000000057,0.4193715453147888,0.8072676658630371,1.5132099390029907
20,789,342,322,kl,85.5,-0.01999999999999602,0.39548981189727783,0.8017860651016235,1.466562271118164
20,789,343,323,kl,85.42,-0.0799999999999983,0.42776307463645935,0.8160676956176758,1.524778962135315
20,789,344,324,kl,85.58,0.1599999999999966,0.4035000801086426,0.802758514881134,1.4909420013427734
20,789,345,325,kl,85.5,-0.0799999999999983,0.40368586778640747,0.8090645670890808,1.508244276046753
20,789,346,326,kl,85.44,-0.060000000000002274,0.42831742763519287,0.8151504397392273,1.509101152420044
20,789,347,327,kl,85.54,0.10000000000000853,0.3716951608657837,0.8012143969535828,1.454754114151001
20,789,348,328,kl,85.58,0.03999999999999204,0.39230382442474365,0.8069712519645691,1.4551385641098022
20,789,349,329,kl,85.32,-0.2600000000000051,0.39082932472229004,0.8070960640907288,1.4718786478042603
20,789,350,330,kl,85.56,0.2400000000000091,0.4267036020755768,0.8223441243171692,1.554803729057312
20,789,351,331,kl,85.42,-0.14000000000000057,0.4210796654224396,0.8208171725273132,1.5512133836746216
20,789,352,332,kl,85.3,-0.12000000000000455,0.43187910318374634,0.8254979848861694,1.5809069871902466
20,789,353,333,kl,85.18,-0.11999999999999034,0.41623303294181824,0.8220205903053284,1.5367987155914307
20,789,354,334,kl,85.18,0.0,0.4167271852493286,0.8241539001464844,1.5476948022842407
20,789,355,335,kl,85.42,0.23999999999999488,0.40403980016708374,0.8183833956718445,1.5285372734069824
20,789,356,336,kl,85.1,-0.3200000000000074,0.41890326142311096,0.8251714110374451,1.566238284111023
20,789,357,337,ce,85.3,0.20000000000000284,0.3057737350463867,0.7539927959442139,1.9124162197113037
20,789,358,338,kl,85.68,0.38000000000000966,0.4184610843658447,0.8243004679679871,1.5953595638275146
20,789,359,339,kl,85.42,-0.2600000000000051,0.4445861577987671,0.8489500284194946,1.6444835662841797
20,789,360,340,kl,85.46,0.03999999999999204,0.42000702023506165,0.8238232731819153,1.5671234130859375
20,789,361,341,kl,85.08,-0.37999999999999545,0.40437930822372437,0.8317583799362183,1.5402568578720093
20,789,362,342,kl,85.4,0.3200000000000074,0.4187314510345459,0.836233377456665,1.5674628019332886
20,789,363,343,kl,85.42,0.01999999999999602,0.4201372563838959,0.8324939608573914,1.5744167566299438
20,789,364,344,kl,85.22,-0.20000000000000284,0.42127513885498047,0.8390260934829712,1.581734538078308
20,789,365,345,kl,85.14,-0.0799999999999983,0.4328824281692505,0.8435600399971008,1.6088992357254028
20,789,366,346,kl,85.26,0.12000000000000455,0.42122095823287964,0.843427300453186,1.6292914152145386
20,789,367,347,kl,85.24,-0.020000000000010232,0.4057234227657318,0.8365679979324341,1.6172107458114624
20,789,368,348,kl,85.28,0.04000000000000625,0.3960072994232178,0.8371454477310181,1.5645009279251099
20,789,369,349,kl,85.22,-0.060000000000002274,0.43125084042549133,0.8543729186058044,1.6303497552871704
20,789,370,350,kl,85.3,0.0799999999999983,0.4157053828239441,0.8513431549072266,1.6194137334823608
20,789,371,351,kl,85.12,-0.1799999999999926,0.4045175313949585,0.8420973420143127,1.604923963546753
20,789,372,352,kl,85.3,0.1799999999999926,0.40766456723213196,0.8491304516792297,1.5782051086425781
20,789,373,353,kl,85.2,-0.09999999999999432,0.431382954120636,0.8616564869880676,1.6153082847595215
20,789,374,354,kl,85.2,0.0,0.43097952008247375,0.8636581897735596,1.6630380153656006
20,789,375,355,kl,85.4,0.20000000000000284,0.42113226652145386,0.8551648855209351,1.6000020503997803
20,789,376,356,kl,85.16,-0.2400000000000091,0.44605496525764465,0.8700264692306519,1.6564239263534546
20,789,377,357,kl,85.28,0.12000000000000455,0.4357132911682129,0.8750182390213013,1.7008657455444336
20,789,378,358,ce,85.2,-0.0799999999999983,0.2799032926559448,0.7795626521110535,2.118063449859619
20,789,379,359,kl,85.46,0.2599999999999909,0.4140169322490692,0.8486511707305908,1.6131926774978638
20,789,380,360,kl,85.28,-0.1799999999999926,0.41903525590896606,0.8519972562789917,1.6278218030929565
20,789,381,361,kl,85.26,-0.01999999999999602,0.42671120166778564,0.8625173568725586,1.638912320137024
20,789,382,362,kl,85.24,-0.020000000000010232,0.43448397517204285,0.875129222869873,1.6616873741149902
20,789,383,363,kl,85.18,-0.05999999999998806,0.45004385709762573,0.8775603175163269,1.7015948295593262
20,789,384,364,kl,85.36,0.1799999999999926,0.43607717752456665,0.8765148520469666,1.6646536588668823
20,789,385,365,kl,85.26,-0.09999999999999432,0.41956639289855957,0.8687852621078491,1.6636561155319214
20,789,386,366,kl,85.12,-0.14000000000000057,0.4486194849014282,0.8808598518371582,1.708413004875183
20,789,387,367,kl,85.12,0.0,0.44468075037002563,0.8953150510787964,1.6991088390350342
20,789,388,368,kl,85.06,-0.060000000000002274,0.4341062605381012,0.8867710828781128,1.698405146598816
20,789,389,369,kl,85.26,0.20000000000000284,0.461516797542572,0.8973249197006226,1.7369614839553833
20,789,390,370,kl,85.1,-0.1600000000000108,0.40625008940696716,0.8720706701278687,1.6947599649429321
20,789,391,371,kl,85.14,0.04000000000000625,0.46506884694099426,0.9029687643051147,1.7466858625411987
20,789,392,372,kl,85.36,0.21999999999999886,0.43873482942581177,0.8967583775520325,1.7246761322021484
20,789,393,373,kl,85.18,-0.1799999999999926,0.4512493312358856,0.9080966711044312,1.7260687351226807
20,789,394,374,kl,85.16,-0.020000000000010232,0.44269442558288574,0.8954464197158813,1.7554357051849365
20,789,395,375,kl,84.94,-0.21999999999999886,0.4397720992565155,0.8964094519615173,1.7190550565719604
20,789,396,376,kl,85.08,0.14000000000000057,0.44379228353500366,0.9021918773651123,1.7342228889465332
20,789,397,377,kl,84.96,-0.12000000000000455,0.4718001186847687,0.9165580868721008,1.7966185808181763
20,789,398,378,kl,85.02,0.060000000000002274,0.4676750898361206,0.9089639782905579,1.8221203088760376
20,789,399,379,ce,85.22,0.20000000000000284,0.3733992576599121,0.8542683720588684,2.204235315322876
20,789,400,380,kl,85.34,0.12000000000000455,0.446962833404541,0.9031201004981995,1.763747215270996
20,789,401,381,kl,85.36,0.01999999999999602,0.4381367564201355,0.9018643498420715,1.7375401258468628
20,789,402,382,kl,85.3,-0.060000000000002274,0.4261685311794281,0.892883837223053,1.7328345775604248
20,789,403,383,kl,85.24,-0.060000000000002274,0.4505757689476013,0.9109818339347839,1.7612191438674927
20,789,404,384,kl,85.24,0.0,0.4444805979728699,0.9067344069480896,1.8056039810180664
20,789,405,385,kl,85.16,-0.0799999999999983,0.4484049081802368,0.9034845232963562,1.767986536026001
20,789,406,386,kl,85.18,0.020000000000010232,0.44452065229415894,0.9183924794197083,1.7407578229904175
20,789,407,387,kl,85.5,0.3199999999999932,0.43808338046073914,0.9072078466415405,1.7997329235076904
20,789,408,388,kl,85.28,-0.21999999999999886,0.432311475276947,0.9014319181442261,1.7920774221420288
20,789,409,389,kl,84.86,-0.4200000000000017,0.45853471755981445,0.9392120242118835,1.8376630544662476
20,789,410,390,kl,85.22,0.35999999999999943,0.44904571771621704,0.9252811074256897,1.8296221494674683
20,789,411,391,kl,85.22,0.0,0.4271737337112427,0.9162893891334534,1.7725443840026855
20,789,412,392,kl,85.34,0.12000000000000455,0.43344980478286743,0.9259792566299438,1.7926037311553955
20,789,413,393,kl,85.12,-0.21999999999999886,0.45789608359336853,0.9466634392738342,1.8832051753997803
20,789,414,394,kl,85.26,0.14000000000000057,0.4404711425304413,0.9180212616920471,1.8172621726989746
20,789,415,395,kl,85.12,-0.14000000000000057,0.44585710763931274,0.9367766976356506,1.867050051689148
20,789,416,396,kl,85.16,0.03999999999999204,0.443406343460083,0.9285436868667603,1.8296254873275757
20,789,417,397,kl,85.28,0.12000000000000455,0.4555608630180359,0.9477242231369019,1.857767939567566
20,789,418,398,kl,84.9,-0.37999999999999545,0.4702419936656952,0.9481019377708435,1.9116792678833008
20,789,419,399,kl,85.02,0.11999999999999034,0.42026832699775696,0.9251912236213684,1.8201370239257812
20,789,420,400,ce,85.4,0.38000000000000966,0.37584519386291504,0.9139982461929321,2.362910032272339
40,123,1,-39,kl,30.44,20.94,0.2853794991970062,0.5632303953170776,1.082793116569519
40,123,2,-38,kl,41.48,11.039999999999996,0.5365458130836487,0.6883959770202637,1.3657740354537964
40,123,3,-37,kl,53.38,11.900000000000006,0.4385550320148468,0.6551014184951782,1.3831180334091187
40,123,4,-36,kl,58.16,4.779999999999994,0.5667855143547058,0.6004102230072021,1.3063868284225464
40,123,5,-35,kl,63.34,5.180000000000007,0.3777540326118469,0.5024493932723999,1.2334623336791992
40,123,6,-34,kl,67.28,3.9399999999999977,0.5605376958847046,0.5169528126716614,1.116544485092163
40,123,7,-33,kl,68.9,1.6200000000000045,0.7275588512420654,0.5705661773681641,1.275957465171814
40,123,8,-32,kl,70.68,1.7800000000000011,0.5776810050010681,0.5245885252952576,1.1385056972503662
40,123,9,-31,kl,71.2,0.519999999999996,0.6439302563667297,0.5209982991218567,1.1903290748596191
40,123,10,-30,kl,72.02,0.8199999999999932,0.49199002981185913,0.501044750213623,0.9451547861099243
40,123,11,-29,kl,73.74,1.7199999999999989,0.5649978518486023,0.5303810834884644,1.1705328226089478
40,123,12,-28,kl,75.7,1.960000000000008,0.2816030979156494,0.43136486411094666,1.0021775960922241
40,123,13,-27,kl,76.4,0.7000000000000028,0.5786566734313965,0.4683995246887207,0.8041548132896423
40,123,14,-26,kl,76.44,0.03999999999999204,0.6769999265670776,0.49995505809783936,1.036407709121704
40,123,15,-25,kl,78.08,1.6400000000000006,0.5820820331573486,0.4716890752315521,0.8791968822479248
40,123,16,-24,kl,76.58,-1.5,0.43850183486938477,0.45564284920692444,0.9501215815544128
40,123,17,-23,kl,74.68,-1.8999999999999915,0.5561013221740723,0.5111647844314575,1.0775115489959717
40,123,18,-22,kl,77.22,2.539999999999992,0.5571420192718506,0.4727632999420166,0.970312774181366
40,123,19,-21,kl,78.74,1.519999999999996,0.5905290842056274,0.49814265966415405,1.0673913955688477
40,123,20,-20,kl,78.08,-0.6599999999999966,0.561354398727417,0.5116739869117737,0.9770574569702148
40,123,21,-19,kl,76.24,-1.8400000000000034,0.6371164917945862,0.4907929599285126,0.9633139371871948
40,123,22,-18,kl,78.56,2.3200000000000074,0.6132529973983765,0.47066354751586914,0.9100416898727417
40,123,23,-17,kl,79.02,0.45999999999999375,0.5974319577217102,0.5439484119415283,1.1191926002502441
40,123,24,-16,kl,79.78,0.7600000000000051,0.37357285618782043,0.4424741268157959,0.8273664116859436
40,123,25,-15,kl,79.7,-0.0799999999999983,0.5784767270088196,0.4732501208782196,0.8337385654449463
40,123,26,-14,kl,79.62,-0.0799999999999983,0.5392749309539795,0.48983249068260193,0.8928719162940979
40,123,27,-13,kl,79.4,-0.21999999999999886,0.401176393032074,0.4057413935661316,0.8106890320777893
40,123,28,-12,kl,79.46,0.05999999999998806,0.332374632358551,0.4387776851654053,0.911224901676178
40,123,29,-11,kl,79.48,0.020000000000010232,0.5940603613853455,0.46888428926467896,0.8664212822914124
40,123,30,-10,kl,79.22,-0.2600000000000051,0.5604652166366577,0.4957297742366791,0.9401021599769592
40,123,31,-9,kl,79.94,0.7199999999999989,0.5703176259994507,0.4503791034221649,0.9294141530990601
40,123,32,-8,kl,81.02,1.0799999999999983,0.43092167377471924,0.43418222665786743,0.8067742586135864
40,123,33,-7,kl,78.92,-2.0999999999999943,0.5350420475006104,0.5260756015777588,0.9550173282623291
40,123,34,-6,kl,79.94,1.019999999999996,0.3788268268108368,0.4628235101699829,0.9485979080200195
40,123,35,-5,kl,79.2,-0.7399999999999949,0.6458532810211182,0.5258177518844604,1.0375542640686035
40,123,36,-4,kl,79.98,0.7800000000000011,0.5568091869354248,0.5077229738235474,0.8813451528549194
40,123,37,-3,kl,79.86,-0.12000000000000455,0.527573823928833,0.4802105128765106,1.0008856058120728
40,123,38,-2,kl,80.72,0.8599999999999994,0.4940316081047058,0.4393084943294525,0.7200253009796143
40,123,39,-1,kl,81.14,0.4200000000000017,0.5208849906921387,0.46791163086891174,1.11336088180542
40,123,40,0,kl,80.5,-0.6400000000000006,0.5174897909164429,0.45267874002456665,0.8899754881858826
40,123,41,1,ce,82.4,1.9000000000000057,0.15202350914478302,0.29531270265579224,2.0182018280029297
40,123,42,2,kl,79.56,-2.8400000000000034,0.5865331292152405,0.5420064330101013,1.0465545654296875
40,123,43,3,kl,79.42,-0.14000000000000057,0.6696194410324097,0.5232428908348083,0.880707323551178
40,123,44,4,kl,79.36,-0.060000000000002274,0.43484383821487427,0.4573599696159363,0.9325352907180786
40,123,45,5,kl,79.86,0.5,0.6463479399681091,0.5089593529701233,0.8215686678886414
40,123,46,6,kl,80.14,0.28000000000000114,0.5759983062744141,0.5084284543991089,0.9950246810913086
40,123,47,7,kl,80.46,0.3199999999999932,0.4826046824455261,0.493766188621521,0.9798458218574524
40,123,48,8,kl,80.7,0.2400000000000091,0.6126030683517456,0.509055495262146,0.8759480118751526
40,123,49,9,kl,81.02,0.3199999999999932,0.4080562889575958,0.47002989053726196,0.7265323996543884
40,123,50,10,kl,79.78,-1.2399999999999949,0.4137718975543976,0.4638575315475464,0.9805176258087158
40,123,51,11,kl,78.8,-0.980000000000004,0.6098003387451172,0.5262752175331116,1.0686882734298706
40,123,52,12,kl,77.24,-1.5600000000000023,0.4978821873664856,0.49702051281929016,1.1284672021865845
40,123,53,13,kl,79.66,2.4200000000000017,0.495458722114563,0.4855524003505707,0.9055015444755554
40,123,54,14,kl,81.02,1.3599999999999994,0.5363961458206177,0.5007143616676331,0.7947450280189514
40,123,55,15,kl,80.92,-0.09999999999999432,0.5716059803962708,0.5152621865272522,0.8989329934120178
40,123,56,16,kl,80.04,-0.8799999999999955,0.4846342206001282,0.4957329034805298,1.0441592931747437
40,123,57,17,kl,80.06,0.01999999999999602,0.554471492767334,0.5239229798316956,1.0201811790466309
40,123,58,18,kl,81.9,1.8400000000000034,0.466194212436676,0.455698162317276,0.9297848343849182
40,123,59,19,kl,81.48,-0.4200000000000017,0.4733859598636627,0.503939151763916,0.9218996167182922
40,123,60,20,kl,79.02,-2.460000000000008,0.6277121901512146,0.5278483033180237,0.9770379066467285
40,123,61,21,kl,81.36,2.3400000000000034,0.5705341100692749,0.5105847120285034,1.1008785963058472
40,123,62,22,kl,81.16,-0.20000000000000284,0.4373752474784851,0.499878853559494,1.0162626504898071
40,123,63,23,kl,80.68,-0.47999999999998977,0.5457199811935425,0.5007177591323853,0.9569583535194397
40,123,64,24,kl,80.36,-0.3200000000000074,0.4165019989013672,0.5030596852302551,0.9222444295883179
40,123,65,25,kl,80.24,-0.12000000000000455,0.5476588606834412,0.562832772731781,1.3173773288726807
40,123,66,26,kl,81.66,1.4200000000000017,0.27556222677230835,0.42845696210861206,0.7812685966491699
40,123,67,27,kl,81.12,-0.539999999999992,0.4582132399082184,0.5153364539146423,1.035495400428772
40,123,68,28,kl,79.54,-1.5799999999999983,0.6789132952690125,0.5712105631828308,1.026170253753662
40,123,69,29,kl,81.44,1.8999999999999915,0.3208954930305481,0.4680875837802887,0.8559646010398865
40,123,70,30,kl,80.26,-1.1799999999999926,0.6034079790115356,0.4915514290332794,0.996103048324585
40,123,71,31,kl,80.42,0.1599999999999966,0.4179362952709198,0.5255723595619202,1.0046523809432983
40,123,72,32,kl,81.3,0.8799999999999955,0.571520984172821,0.5783804059028625,1.1083890199661255
40,123,73,33,kl,81.42,0.12000000000000455,0.5539302229881287,0.5348160266876221,0.9802682995796204
40,123,74,34,kl,81.66,0.23999999999999488,0.515882134437561,0.49063634872436523,0.7918932437896729
40,123,75,35,kl,81.5,-0.1599999999999966,0.5117092728614807,0.4860649108886719,0.8587439656257629
40,123,76,36,kl,81.2,-0.29999999999999716,0.3618446886539459,0.4875663220882416,0.9206860065460205
40,123,77,37,kl,81.6,0.3999999999999915,0.5641776919364929,0.4959569573402405,1.0264475345611572
40,123,78,38,kl,81.44,-0.1599999999999966,0.45775651931762695,0.5060775876045227,0.9594268798828125
40,123,79,39,kl,81.34,-0.09999999999999432,0.3543798327445984,0.4783695340156555,1.0271822214126587
40,123,80,40,kl,79.54,-1.7999999999999972,0.6177659034729004,0.5699318051338196,1.0725555419921875
40,123,81,41,kl,81.86,2.319999999999993,0.4633978009223938,0.4712255299091339,0.8966559767723083
40,123,82,42,ce,81.44,-0.4200000000000017,0.2506118416786194,0.33621689677238464,2.2176835536956787
40,123,83,43,kl,78.82,-2.6200000000000045,0.6486161351203918,0.5837409496307373,1.2335350513458252
40,123,84,44,kl,77.02,-1.7999999999999972,0.6996428966522217,0.6121605634689331,1.6170352697372437
40,123,85,45,kl,80.66,3.6400000000000006,0.5090014934539795,0.4806901514530182,1.0499540567398071
40,123,86,46,kl,80.8,0.14000000000000057,0.494409441947937,0.5006306767463684,1.0212219953536987
40,123,87,47,kl,81.38,0.5799999999999983,0.579736590385437,0.48918235301971436,0.8641093969345093
40,123,88,48,kl,82.76,1.3800000000000097,0.32505667209625244,0.4052077531814575,0.8329715132713318
40,123,89,49,kl,81.68,-1.0799999999999983,0.5644536018371582,0.47711271047592163,0.854134738445282
40,123,90,50,kl,79.84,-1.8400000000000034,0.6649060249328613,0.5888261795043945,1.2848111391067505
40,123,91,51,kl,82.7,2.8599999999999994,0.5581565499305725,0.5129109025001526,0.9696621298789978
40,123,92,52,kl,80.54,-2.1599999999999966,0.3472040891647339,0.41062018275260925,0.8893917202949524
40,123,93,53,kl,80.26,-0.28000000000000114,0.5844390988349915,0.5308620929718018,0.8977811932563782
40,123,94,54,kl,81.96,1.6999999999999886,0.3147083818912506,0.42600345611572266,0.9945333003997803
40,123,95,55,kl,78.3,-3.6599999999999966,0.6975576281547546,0.6139243841171265,1.227137804031372
40,123,96,56,kl,80.02,1.7199999999999989,0.7064053416252136,0.6062127947807312,1.1780837774276733
40,123,97,57,kl,82.12,2.1000000000000085,0.3343653976917267,0.4253036677837372,0.7276581525802612
40,123,98,58,kl,81.14,-0.980000000000004,0.598196268081665,0.46803516149520874,0.9356436729431152
40,123,99,59,kl,80.84,-0.29999999999999716,0.5879437327384949,0.5232394337654114,1.0388329029083252
40,123,100,60,kl,82.28,1.4399999999999977,0.46170949935913086,0.46494433283805847,0.9763539433479309
40,123,101,61,kl,81.92,-0.35999999999999943,0.5435274243354797,0.48896655440330505,0.9698787927627563
40,123,102,62,kl,80.34,-1.5799999999999983,0.5166093707084656,0.4899943768978119,1.1335233449935913
40,123,103,63,kl,81.84,1.5,0.4320884048938751,0.4496723413467407,0.9134425520896912
40,123,104,64,kl,78.32,-3.5200000000000102,0.5066127777099609,0.5324222445487976,1.1041855812072754
40,123,105,65,kl,81.26,2.940000000000012,0.5292282104492188,0.5062071681022644,1.0791678428649902
40,123,106,66,kl,82.52,1.259999999999991,0.5296105146408081,0.45520350337028503,0.731680154800415
40,123,107,67,kl,81.28,-1.2399999999999949,0.5047252774238586,0.4859292805194855,0.9913054704666138
40,123,108,68,kl,81.32,0.03999999999999204,0.5986995697021484,0.5142315030097961,0.8938786387443542
40,123,109,69,kl,80.44,-0.8799999999999955,0.40915000438690186,0.4797511696815491,0.9412099719047546
40,123,110,70,kl,80.52,0.0799999999999983,0.5922484397888184,0.5658396482467651,1.1011786460876465
40,123,111,71,kl,81.7,1.1800000000000068,0.6096839904785156,0.5392176508903503,1.2447471618652344
40,123,112,72,kl,81.66,-0.04000000000000625,0.6336583495140076,0.5223154425621033,1.0157008171081543
40,123,113,73,kl,81.0,-0.6599999999999966,0.5951021909713745,0.5279685258865356,0.9017590284347534
40,123,114,74,kl,81.5,0.5,0.5562745928764343,0.5234454870223999,1.1935043334960938
40,123,115,75,kl,81.32,-0.18000000000000682,0.5337421894073486,0.49141794443130493,0.8705992102622986
40,123,116,76,kl,80.46,-0.8599999999999994,0.5329391956329346,0.5027013421058655,0.9643182158470154
40,123,117,77,kl,81.54,1.0800000000000125,0.5952597260475159,0.535087525844574,1.084132432937622
40,123,118,78,kl,81.54,0.0,0.6005184054374695,0.49621811509132385,1.000805377960205
40,123,119,79,kl,81.84,0.29999999999999716,0.36997494101524353,0.44398656487464905,1.0252705812454224
40,123,120,80,kl,80.38,-1.460000000000008,0.5006225109100342,0.5051995515823364,1.1971170902252197
40,123,121,81,kl,80.2,-0.1799999999999926,0.6437168717384338,0.5577460527420044,1.144052505493164
40,123,122,82,kl,81.64,1.4399999999999977,0.5655121803283691,0.5165017247200012,1.0653483867645264
40,123,123,83,ce,80.88,-0.7600000000000051,0.23904438316822052,0.3809484839439392,2.1449027061462402
40,123,124,84,kl,79.52,-1.3599999999999994,0.5969688296318054,0.5066004395484924,0.8189415335655212
40,123,125,85,kl,80.62,1.1000000000000085,0.49319222569465637,0.4887349009513855,1.0690193176269531
40,123,126,86,kl,82.08,1.4599999999999937,0.48013603687286377,0.4569547772407532,0.862282931804657
40,123,127,87,kl,82.08,0.0,0.5138633847236633,0.4854956865310669,0.9501425623893738
40,123,128,88,kl,81.24,-0.8400000000000034,0.36438751220703125,0.46806636452674866,0.8895561695098877
40,123,129,89,kl,81.68,0.44000000000001194,0.5328915119171143,0.5149957537651062,1.013274073600769
40,123,130,90,kl,81.84,0.1599999999999966,0.3092557191848755,0.45310723781585693,0.9362794160842896
40,123,131,91,kl,81.94,0.09999999999999432,0.3227553963661194,0.45233646035194397,0.8669357895851135
40,123,132,92,kl,80.5,-1.4399999999999977,0.6346458196640015,0.567218005657196,0.9071890711784363
40,123,133,93,kl,82.08,1.5799999999999983,0.4552450180053711,0.48335978388786316,0.78570157289505
40,123,134,94,kl,81.3,-0.7800000000000011,0.5183932781219482,0.5113340616226196,1.0414029359817505
40,123,135,95,kl,82.48,1.1800000000000068,0.33034130930900574,0.4682938754558563,1.1649281978607178
40,123,136,96,kl,82.84,0.35999999999999943,0.5427340269088745,0.47614026069641113,0.9281996488571167
40,123,137,97,kl,81.32,-1.5200000000000102,0.6018272638320923,0.5085482597351074,1.1448051929473877
40,123,138,98,kl,79.04,-2.279999999999987,0.5933787822723389,0.5634872913360596,1.3788594007492065
40,123,139,99,kl,81.16,2.1199999999999903,0.43730083107948303,0.47997647523880005,0.8592808842658997
40,123,140,100,kl,82.18,1.0200000000000102,0.5437660813331604,0.5134392976760864,1.1033855676651
40,123,141,101,kl,81.96,-0.22000000000001307,0.4794941544532776,0.4609866440296173,0.910697877407074
40,123,142,102,kl,82.02,0.060000000000002274,0.5734373331069946,0.5682491660118103,1.0291483402252197
40,123,143,103,kl,82.36,0.3400000000000034,0.28104063868522644,0.43632566928863525,0.8568563461303711
40,123,144,104,kl,82.94,0.5799999999999983,0.41643452644348145,0.45701873302459717,0.9362984895706177
40,123,145,105,kl,82.32,-0.6200000000000045,0.2585707902908325,0.4472254812717438,0.9329820871353149
40,123,146,106,kl,80.76,-1.559999999999988,0.49288803339004517,0.5614401698112488,1.125219464302063
40,123,147,107,kl,82.36,1.5999999999999943,0.504006564617157,0.5113646388053894,1.037286639213562
40,123,148,108,kl,81.12,-1.2399999999999949,0.47357702255249023,0.48424482345581055,0.9391255378723145
40,123,149,109,kl,80.36,-0.7600000000000051,0.6790161728858948,0.550480306148529,1.100868821144104
40,123,150,110,kl,81.0,0.6400000000000006,0.5675398111343384,0.5303872227668762,0.9562197923660278
40,123,151,111,kl,81.98,0.980000000000004,0.506382942199707,0.45483648777008057,0.7778564095497131
40,123,152,112,kl,81.98,0.0,0.3928229808807373,0.4672064483165741,0.877354085445404
40,123,153,113,kl,81.62,-0.35999999999999943,0.5456413626670837,0.47831958532333374,0.9421707987785339
40,123,154,114,kl,82.82,1.1999999999999886,0.4428637623786926,0.4587695598602295,0.9357783198356628
40,123,155,115,kl,82.3,-0.519999999999996,0.33996522426605225,0.4647562503814697,0.9415161609649658
40,123,156,116,kl,81.8,-0.5,0.545074462890625,0.4908110499382019,1.0920182466506958
40,123,157,117,kl,81.6,-0.20000000000000284,0.6400520205497742,0.5594211220741272,1.0230931043624878
40,123,158,118,kl,81.46,-0.14000000000000057,0.5525766015052795,0.506971001625061,1.005171775817871
40,123,159,119,kl,81.16,-0.29999999999999716,0.52591872215271,0.5163651704788208,0.9142342209815979
40,123,160,120,kl,80.42,-0.7399999999999949,0.6241191625595093,0.5506373643875122,1.0078868865966797
40,123,161,121,kl,82.04,1.6200000000000045,0.559072732925415,0.5010510683059692,0.899800717830658
40,123,162,122,kl,80.32,-1.720000000000013,0.6415811777114868,0.543669581413269,0.9464113116264343
40,123,163,123,kl,80.5,0.18000000000000682,0.6076246500015259,0.5015749335289001,0.9857463836669922
40,123,164,124,ce,82.06,1.5600000000000023,0.287010133266449,0.33385080099105835,2.1041183471679688
40,123,165,125,kl,81.22,-0.8400000000000034,0.4614924192428589,0.5052134990692139,0.8388437628746033
40,123,166,126,kl,81.44,0.21999999999999886,0.30077993869781494,0.45513877272605896,0.8688239455223083
40,123,167,127,kl,81.64,0.20000000000000284,0.6238353252410889,0.5256885886192322,1.0321975946426392
40,123,168,128,kl,82.28,0.6400000000000006,0.4789709448814392,0.5014724731445312,0.9247957468032837
40,123,169,129,kl,82.4,0.12000000000000455,0.3515711724758148,0.45277515053749084,0.8479923605918884
40,123,170,130,kl,81.04,-1.3599999999999994,0.5770819187164307,0.5216637849807739,1.2756315469741821
40,123,171,131,kl,81.14,0.09999999999999432,0.3498852849006653,0.4672633409500122,1.0299932956695557
40,123,172,132,kl,82.92,1.7800000000000011,0.3193655014038086,0.4438185393810272,0.8999812006950378
40,123,173,133,kl,81.96,-0.960000000000008,0.3449487090110779,0.4521046578884125,0.8391215801239014
40,123,174,134,kl,82.52,0.5600000000000023,0.23280006647109985,0.39105990529060364,0.8299657702445984
40,123,175,135,kl,82.0,-0.519999999999996,0.4418339133262634,0.513005793094635,0.9688904881477356
40,123,176,136,kl,81.78,-0.21999999999999886,0.47986558079719543,0.48190605640411377,0.8840969204902649
40,123,177,137,kl,82.26,0.480000000000004,0.5175043940544128,0.4753970503807068,1.058435320854187
40,123,178,138,kl,82.3,0.03999999999999204,0.502601683139801,0.5094023942947388,1.012320876121521
40,123,179,139,kl,81.54,-0.7599999999999909,0.48620641231536865,0.5176920294761658,0.9083441495895386
40,123,180,140,kl,81.56,0.01999999999999602,0.4313812255859375,0.4867061674594879,1.03203547000885
40,123,181,141,kl,80.42,-1.1400000000000006,0.35123786330223083,0.46209293603897095,0.93388831615448
40,123,182,142,kl,82.62,2.200000000000003,0.5779796838760376,0.5026838779449463,0.8659605979919434
40,123,183,143,kl,81.58,-1.0400000000000063,0.3580043315887451,0.4891760051250458,0.8589130640029907
40,123,184,144,kl,81.44,-0.14000000000000057,0.5219508409500122,0.510908305644989,1.192833662033081
40,123,185,145,kl,82.44,1.0,0.39265573024749756,0.47403964400291443,1.0014747381210327
40,123,186,146,kl,80.3,-2.1400000000000006,0.4425090253353119,0.4874453544616699,1.1339443922042847
40,123,187,147,kl,81.44,1.1400000000000006,0.5542881488800049,0.5265383720397949,1.0656065940856934
40,123,188,148,kl,81.94,0.5,0.6207422018051147,0.4940532147884369,1.0161975622177124
40,123,189,149,kl,81.56,-0.37999999999999545,0.5125072002410889,0.4696527123451233,0.9746995568275452
40,123,190,150,kl,82.98,1.4200000000000017,0.4215471148490906,0.44057977199554443,0.7527628540992737
40,123,191,151,kl,81.84,-1.1400000000000006,0.6627582311630249,0.5422560572624207,1.0996001958847046
40,123,192,152,kl,81.16,-0.6800000000000068,0.7037718296051025,0.6207189559936523,1.21194589138031
40,123,193,153,kl,82.06,0.9000000000000057,0.46297359466552734,0.45708465576171875,0.8328017592430115
40,123,194,154,kl,82.16,0.09999999999999432,0.5302053689956665,0.4993990361690521,0.9326162934303284
40,123,195,155,kl,81.96,-0.20000000000000284,0.5411365032196045,0.5372100472450256,1.0765608549118042
40,123,196,156,kl,79.98,-1.9799999999999898,0.5173997282981873,0.5496254563331604,1.1397627592086792
40,123,197,157,kl,81.7,1.7199999999999989,0.454634428024292,0.4924602508544922,1.0755589008331299
40,123,198,158,kl,80.58,-1.1200000000000045,0.5486271381378174,0.55929034948349,1.2126522064208984
40,123,199,159,kl,83.14,2.5600000000000023,0.47157180309295654,0.5154961943626404,0.9783143401145935
40,123,200,160,kl,81.48,-1.6599999999999966,0.369209885597229,0.48127424716949463,0.9866172075271606
40,123,201,161,kl,81.72,0.23999999999999488,0.5517871379852295,0.5443331003189087,1.1871020793914795
40,123,202,162,kl,81.26,-0.45999999999999375,0.49235212802886963,0.509006917476654,1.1522440910339355
40,123,203,163,kl,81.86,0.5999999999999943,0.5283827185630798,0.5418562889099121,0.8953627943992615
40,123,204,164,kl,81.88,0.01999999999999602,0.5433613061904907,0.5150777697563171,0.8928119540214539
40,123,205,165,ce,81.58,-0.29999999999999716,0.19341431558132172,0.3518489599227905,2.0235702991485596
40,123,206,166,kl,81.64,0.060000000000002274,0.4909006357192993,0.5119026899337769,0.9992863535881042
40,123,207,167,kl,80.94,-0.7000000000000028,0.40442541241645813,0.4649909734725952,0.7232710719108582
40,123,208,168,kl,82.38,1.4399999999999977,0.6664284467697144,0.5889682173728943,1.2455379962921143
40,123,209,169,kl,80.82,-1.5600000000000023,0.28803399205207825,0.47572067379951477,1.2882072925567627
40,123,210,170,kl,82.4,1.5800000000000125,0.25055330991744995,0.4364304542541504,0.9833530187606812
40,123,211,171,kl,80.62,-1.7800000000000011,0.4406033158302307,0.46998631954193115,0.9072157144546509
40,123,212,172,kl,81.32,0.6999999999999886,0.5825731158256531,0.5372678637504578,1.061832070350647
40,123,213,173,kl,82.54,1.220000000000013,0.4631430506706238,0.45486822724342346,0.9461467862129211
40,123,214,174,kl,81.88,-0.6600000000000108,0.42139095067977905,0.475390762090683,1.193446397781372
40,123,215,175,kl,82.1,0.21999999999999886,0.5645338296890259,0.49741512537002563,0.8812176585197449
40,123,216,176,kl,81.24,-0.8599999999999994,0.5710081458091736,0.5057071447372437,0.9675719141960144
40,123,217,177,kl,81.7,0.46000000000000796,0.6912426352500916,0.580978512763977,1.0926462411880493
40,123,218,178,kl,82.64,0.9399999999999977,0.34309065341949463,0.41832029819488525,0.7062575221061707
40,123,219,179,kl,81.98,-0.6599999999999966,0.6021986603736877,0.5068715214729309,0.8227559924125671
40,123,220,180,kl,80.86,-1.1200000000000045,0.5687862634658813,0.5271468758583069,1.030984878540039
40,123,221,181,kl,80.12,-0.7399999999999949,0.5184215307235718,0.5148538947105408,1.1024123430252075
40,123,222,182,kl,82.28,2.1599999999999966,0.5125249624252319,0.4847507178783417,0.9142851233482361
40,123,223,183,kl,81.88,-0.4000000000000057,0.35836175084114075,0.46229425072669983,1.0087177753448486
40,123,224,184,kl,82.44,0.5600000000000023,0.6277854442596436,0.5491586327552795,0.9761847853660583
40,123,225,185,kl,81.0,-1.4399999999999977,0.6065455675125122,0.5446539521217346,1.1043661832809448
40,123,226,186,kl,82.0,1.0,0.3146421015262604,0.4710650146007538,0.9350385069847107
40,123,227,187,kl,81.46,-0.5400000000000063,0.6430109739303589,0.5290014147758484,0.8962630033493042
40,123,228,188,kl,82.16,0.7000000000000028,0.6387829780578613,0.557761013507843,1.2741302251815796
40,123,229,189,kl,81.56,-0.5999999999999943,0.5366789102554321,0.5245952606201172,0.9663920998573303
40,123,230,190,kl,81.34,-0.21999999999999886,0.39581018686294556,0.47262313961982727,0.8211742639541626
40,123,231,191,kl,82.92,1.5799999999999983,0.5711574554443359,0.5111389756202698,0.9567011594772339
40,123,232,192,kl,80.56,-2.3599999999999994,0.5433015823364258,0.4956514239311218,0.7926397323608398
40,123,233,193,kl,81.62,1.0600000000000023,0.4565024971961975,0.5107892751693726,0.958551824092865
40,123,234,194,kl,82.3,0.6799999999999926,0.39718735218048096,0.4804002344608307,0.9997749924659729
40,123,235,195,kl,82.56,0.2600000000000051,0.2734581530094147,0.44137024879455566,0.9130250811576843
40,123,236,196,kl,81.54,-1.019999999999996,0.4537753760814667,0.46770814061164856,1.0359399318695068
40,123,237,197,kl,81.7,0.1599999999999966,0.3162285089492798,0.4281379282474518,0.9753507971763611
40,123,238,198,kl,82.52,0.8199999999999932,0.5239997506141663,0.4939473569393158,1.020301103591919
40,123,239,199,kl,81.42,-1.0999999999999943,0.48259246349334717,0.505116879940033,0.9741243720054626
40,123,240,200,kl,81.12,-0.29999999999999716,0.6385778188705444,0.5886570811271667,1.2259851694107056
40,123,241,201,kl,81.58,0.45999999999999375,0.6239708662033081,0.5627183318138123,1.0232752561569214
40,123,242,202,kl,80.48,-1.0999999999999943,0.6464763879776001,0.5403326749801636,1.061679720878601
40,123,243,203,kl,82.12,1.6400000000000006,0.626258373260498,0.5966729521751404,1.173682689666748
40,123,244,204,kl,81.28,-0.8400000000000034,0.6043345928192139,0.5374568104743958,0.8375732898712158
40,123,245,205,kl,81.6,0.3199999999999932,0.4829256534576416,0.504477322101593,1.0979291200637817
40,123,246,206,ce,82.86,1.2600000000000051,0.2073773443698883,0.3249671161174774,2.0989603996276855
40,123,247,207,kl,81.0,-1.8599999999999994,0.6966211795806885,0.6144582629203796,1.3763830661773682
40,123,248,208,kl,80.08,-0.9200000000000017,0.5718100070953369,0.5219641327857971,0.8810694813728333
40,123,249,209,kl,81.64,1.5600000000000023,0.23513764142990112,0.4358866214752197,0.6934444308280945
40,123,250,210,kl,81.9,0.2600000000000051,0.5570482015609741,0.5066455602645874,1.023746371269226
40,123,251,211,kl,80.28,-1.6200000000000045,0.5463340878486633,0.5120893120765686,1.0961182117462158
40,123,252,212,kl,81.84,1.5600000000000023,0.526422381401062,0.5082265138626099,0.8152157068252563
40,123,253,213,kl,80.26,-1.5799999999999983,0.6361530423164368,0.5915281176567078,1.0669171810150146
40,123,254,214,kl,81.38,1.1199999999999903,0.5309796929359436,0.5015380382537842,0.880031406879425
40,123,255,215,kl,81.34,-0.03999999999999204,0.6700204610824585,0.5735743045806885,1.0326647758483887
40,123,256,216,kl,80.0,-1.3400000000000034,0.6328682899475098,0.512385904788971,0.9930508136749268
40,123,257,217,kl,81.94,1.9399999999999977,0.6413676738739014,0.5420348048210144,0.9728025794029236
40,123,258,218,kl,81.62,-0.3199999999999932,0.4351944029331207,0.4686896502971649,1.150087833404541
40,123,259,219,kl,82.44,0.8199999999999932,0.45632368326187134,0.48642078042030334,0.891194224357605
40,123,260,220,kl,78.36,-4.079999999999998,0.5629703998565674,0.5323617458343506,1.2997477054595947
40,123,261,221,kl,82.04,3.680000000000007,0.5155743360519409,0.5276381373405457,1.0157740116119385
40,123,262,222,kl,82.38,0.3399999999999892,0.41207489371299744,0.46920159459114075,0.9257063269615173
40,123,263,223,kl,82.28,-0.09999999999999432,0.35390806198120117,0.42740562558174133,0.7530250549316406
40,123,264,224,kl,82.14,-0.14000000000000057,0.4950673580169678,0.4750416874885559,1.0319260358810425
40,123,265,225,kl,81.94,-0.20000000000000284,0.6150446534156799,0.5708979964256287,1.0815012454986572
40,123,266,226,kl,81.9,-0.03999999999999204,0.5154261589050293,0.5223473310470581,1.0349284410476685
40,123,267,227,kl,81.6,-0.30000000000001137,0.30837345123291016,0.45149821043014526,0.8955990672111511
40,123,268,228,kl,81.9,0.30000000000001137,0.6031001806259155,0.532528281211853,0.9399511814117432
40,123,269,229,kl,81.3,-0.6000000000000085,0.4631447196006775,0.5271560549736023,0.9739651083946228
40,123,270,230,kl,79.88,-1.4200000000000017,0.4977624714374542,0.5615135431289673,1.4258891344070435
40,123,271,231,kl,81.82,1.9399999999999977,0.5742228627204895,0.5729572772979736,1.0331352949142456
40,123,272,232,kl,81.92,0.10000000000000853,0.4563661813735962,0.4757572114467621,0.9601828455924988
40,123,273,233,kl,81.04,-0.8799999999999955,0.4652329683303833,0.5014844536781311,1.0067944526672363
40,123,274,234,kl,82.14,1.0999999999999943,0.6186174750328064,0.562911331653595,1.1203033924102783
40,123,275,235,kl,81.52,-0.6200000000000045,0.6056019067764282,0.5331183671951294,0.9502221941947937
40,123,276,236,kl,82.64,1.1200000000000045,0.5016571283340454,0.4608910083770752,0.8625050783157349
40,123,277,237,kl,81.52,-1.1200000000000045,0.4590885639190674,0.47660285234451294,0.9708631038665771
40,123,278,238,kl,81.62,0.10000000000000853,0.5486722588539124,0.5267918705940247,0.9166533350944519
40,123,279,239,kl,81.24,-0.38000000000000966,0.47891783714294434,0.49147316813468933,0.9604622721672058
40,123,280,240,kl,79.02,-2.219999999999999,0.49578142166137695,0.5585281848907471,1.1534675359725952
40,123,281,241,kl,82.36,3.3400000000000034,0.2222660332918167,0.42186981439590454,0.9219319820404053
40,123,282,242,kl,82.7,0.3400000000000034,0.5090547204017639,0.5299557447433472,1.0191940069198608
40,123,283,243,kl,81.66,-1.0400000000000063,0.5478245615959167,0.543980598449707,1.0500322580337524
40,123,284,244,kl,81.84,0.18000000000000682,0.6124990582466125,0.5571328997612,1.1273000240325928
40,123,285,245,kl,81.34,-0.5,0.6280887126922607,0.5446763634681702,1.1733723878860474
40,123,286,246,kl,82.08,0.7399999999999949,0.4825252890586853,0.5001452565193176,0.8504714369773865
40,123,287,247,ce,81.9,-0.1799999999999926,0.2208612859249115,0.33708739280700684,1.9330564737319946
40,123,288,248,kl,82.46,0.5599999999999881,0.6332277655601501,0.5885554552078247,1.199317455291748
40,123,289,249,kl,81.46,-1.0,0.6063908934593201,0.5659377574920654,1.2049193382263184
40,123,290,250,kl,78.16,-3.299999999999997,0.8183543086051941,0.8067007064819336,1.7464971542358398
40,123,291,251,kl,81.64,3.480000000000004,0.5851000547409058,0.551311194896698,1.0080896615982056
40,123,292,252,kl,82.14,0.5,0.5173611044883728,0.4812263250350952,0.9527397155761719
40,123,293,253,kl,82.18,0.04000000000000625,0.5212650299072266,0.4813571572303772,0.8198192119598389
40,123,294,254,kl,82.8,0.6199999999999903,0.39182716608047485,0.4657531678676605,1.085491418838501
40,123,295,255,kl,82.16,-0.6400000000000006,0.47867435216903687,0.5082610845565796,1.0935447216033936
40,123,296,256,kl,83.02,0.8599999999999994,0.49429669976234436,0.4947872757911682,0.7953165769577026
40,123,297,257,kl,81.66,-1.3599999999999994,0.43353769183158875,0.48523977398872375,0.9640603065490723
40,123,298,258,kl,81.08,-0.5799999999999983,0.690373957157135,0.5994395613670349,1.1107956171035767
40,123,299,259,kl,82.22,1.1400000000000006,0.569125771522522,0.5199569463729858,1.0683932304382324
40,123,300,260,kl,81.9,-0.3199999999999932,0.47967809438705444,0.4810706377029419,0.9169902801513672
40,123,301,261,kl,82.58,0.6799999999999926,0.4374958276748657,0.4821968078613281,0.9326343536376953
40,123,302,262,kl,82.52,-0.060000000000002274,0.47091954946517944,0.45018818974494934,0.8208338022232056
40,123,303,263,kl,81.84,-0.6799999999999926,0.5575243234634399,0.4898533225059509,0.9180841445922852
40,123,304,264,kl,80.14,-1.7000000000000028,0.6655195951461792,0.5785267949104309,1.2583822011947632
40,123,305,265,kl,82.14,2.0,0.4740760326385498,0.5103316903114319,0.9194096326828003
40,123,306,266,kl,82.64,0.5,0.44526392221450806,0.46518081426620483,0.7981805801391602
40,123,307,267,kl,81.2,-1.4399999999999977,0.28687089681625366,0.4816094636917114,1.0148628950119019
40,123,308,268,kl,82.6,1.3999999999999915,0.3643786311149597,0.4707552194595337,0.8870351910591125
40,123,309,269,kl,81.42,-1.1799999999999926,0.5738510489463806,0.5402765870094299,0.9005345702171326
40,123,310,270,kl,81.78,0.35999999999999943,0.345407634973526,0.4525947868824005,0.9158952236175537
40,123,311,271,kl,82.08,0.29999999999999716,0.5783764719963074,0.5349808931350708,0.946184515953064
40,123,312,272,kl,81.76,-0.3199999999999932,0.5292455554008484,0.5305870175361633,0.9840155839920044
40,123,313,273,kl,81.62,-0.14000000000000057,0.4549342393875122,0.4357483983039856,0.8268641233444214
40,123,314,274,kl,81.36,-0.2600000000000051,0.39579200744628906,0.495834618806839,1.169956922531128
40,123,315,275,kl,76.5,-4.859999999999999,0.7297068238258362,0.7000001072883606,1.6286053657531738
40,123,316,276,kl,81.68,5.180000000000007,0.5246878862380981,0.495419442653656,0.8519365787506104
40,123,317,277,kl,81.22,-0.46000000000000796,0.6451014280319214,0.5691640973091125,1.01521635055542
40,123,318,278,kl,83.22,2.0,0.3927910327911377,0.47741246223449707,0.7979003190994263
40,123,319,279,kl,82.94,-0.28000000000000114,0.4558626413345337,0.5266467928886414,1.027933955192566
40,123,320,280,kl,82.28,-0.6599999999999966,0.4988635182380676,0.4823594391345978,1.0982252359390259
40,123,321,281,kl,80.74,-1.5400000000000063,0.6386259198188782,0.5364912748336792,1.1536245346069336
40,123,322,282,kl,82.52,1.7800000000000011,0.30321964621543884,0.46296435594558716,0.9228829741477966
40,123,323,283,kl,80.98,-1.539999999999992,0.5679206848144531,0.5256412029266357,0.9289072155952454
40,123,324,284,kl,81.92,0.9399999999999977,0.5568201541900635,0.5190903544425964,0.8954257965087891
40,123,325,285,kl,81.48,-0.4399999999999977,0.3699154555797577,0.4438929259777069,0.9317162036895752
40,123,326,286,kl,82.92,1.4399999999999977,0.5770394802093506,0.5193897485733032,0.9084569811820984
40,123,327,287,kl,81.92,-1.0,0.5593540668487549,0.5257304310798645,0.9840883612632751
40,123,328,288,ce,81.96,0.03999999999999204,0.11507544666528702,0.3444652855396271,1.9190864562988281
40,123,329,289,kl,80.76,-1.1999999999999886,0.576469361782074,0.5504341125488281,1.2312688827514648
40,123,330,290,kl,80.96,0.19999999999998863,0.6436495780944824,0.5714666843414307,1.2915724515914917
40,123,331,291,kl,81.6,0.6400000000000006,0.6186360120773315,0.5213623642921448,0.8079571723937988
40,123,332,292,kl,81.34,-0.2599999999999909,0.5182406902313232,0.5171366930007935,1.1208865642547607
40,123,333,293,kl,81.76,0.4200000000000017,0.4302264451980591,0.4757751226425171,1.1021283864974976
40,123,334,294,kl,81.56,-0.20000000000000284,0.5940085649490356,0.4884255826473236,0.9227538108825684
40,123,335,295,kl,80.34,-1.2199999999999989,0.6188738346099854,0.5716384053230286,1.0815948247909546
40,123,336,296,kl,82.36,2.019999999999996,0.5167806148529053,0.5216344594955444,1.0738571882247925
40,123,337,297,kl,81.7,-0.6599999999999966,0.5065107345581055,0.4965303838253021,0.9568307995796204
40,123,338,298,kl,80.22,-1.480000000000004,0.607601523399353,0.591606080532074,1.1816071271896362
40,123,339,299,kl,81.56,1.3400000000000034,0.45834875106811523,0.49303576350212097,0.9961063265800476
40,123,340,300,kl,82.02,0.45999999999999375,0.4185417890548706,0.44091275334358215,0.7492689490318298
40,123,341,301,kl,81.62,-0.3999999999999915,0.4399096965789795,0.4343542456626892,0.7636168599128723
40,123,342,302,kl,80.92,-0.7000000000000028,0.6052952408790588,0.5139903426170349,1.0600627660751343
40,123,343,303,kl,81.94,1.019999999999996,0.5520740747451782,0.49342644214630127,0.9565910696983337
40,123,344,304,kl,82.86,0.9200000000000017,0.4936201274394989,0.4942149519920349,1.0094022750854492
40,123,345,305,kl,82.16,-0.7000000000000028,0.4803010821342468,0.5012686252593994,0.8713537454605103
40,123,346,306,kl,79.58,-2.5799999999999983,0.5248913168907166,0.5207375884056091,1.1301497220993042
40,123,347,307,kl,81.98,2.4000000000000057,0.4470876455307007,0.483912855386734,0.9213494658470154
40,123,348,308,kl,81.32,-0.6600000000000108,0.5833679437637329,0.526256799697876,1.114007830619812
40,123,349,309,kl,81.1,-0.21999999999999886,0.5365734696388245,0.5485016703605652,1.143721580505371
40,123,350,310,kl,81.6,0.5,0.5189056396484375,0.505755603313446,0.8837813138961792
40,123,351,311,kl,83.14,1.5400000000000063,0.16950750350952148,0.38002511858940125,0.7583233118057251
40,123,352,312,kl,80.98,-2.1599999999999966,0.6298806667327881,0.5812177658081055,1.197832703590393
40,123,353,313,kl,82.94,1.9599999999999937,0.41215717792510986,0.44680795073509216,0.8416757583618164
40,123,354,314,kl,81.86,-1.0799999999999983,0.41597309708595276,0.5086901187896729,0.9118190407752991
40,123,355,315,kl,81.3,-0.5600000000000023,0.6740881204605103,0.5721135139465332,0.9884600639343262
40,123,356,316,kl,80.28,-1.019999999999996,0.6040659546852112,0.6022729873657227,1.3316181898117065
40,123,357,317,kl,82.18,1.9000000000000057,0.5279426574707031,0.4958614408969879,1.0037097930908203
40,123,358,318,kl,81.36,-0.8200000000000074,0.6271457672119141,0.5257264375686646,1.017706274986267
40,123,359,319,kl,81.96,0.5999999999999943,0.5701280832290649,0.5474267601966858,1.0342494249343872
40,123,360,320,kl,81.56,-0.3999999999999915,0.4855925440788269,0.4582526981830597,0.8010426163673401
40,123,361,321,kl,82.1,0.539999999999992,0.5128932595252991,0.4992843568325043,0.9423129558563232
40,123,362,322,kl,82.06,-0.03999999999999204,0.3311426043510437,0.4597240388393402,0.9032459855079651
40,123,363,323,kl,80.44,-1.6200000000000045,0.5083702802658081,0.4905392825603485,0.9436452984809875
40,123,364,324,kl,83.08,2.6400000000000006,0.38462525606155396,0.45864561200141907,0.9218049645423889
40,123,365,325,kl,81.88,-1.2000000000000028,0.565606415271759,0.5368393659591675,1.1011420488357544
40,123,366,326,kl,81.82,-0.060000000000002274,0.6160718202590942,0.5102074146270752,1.027774691581726
40,123,367,327,kl,81.1,-0.7199999999999989,0.5266510248184204,0.5089904069900513,1.0726182460784912
40,123,368,328,kl,81.88,0.7800000000000011,0.4621376395225525,0.4841938316822052,0.9475383758544922
40,123,369,329,ce,81.64,-0.23999999999999488,0.1546885073184967,0.2990263104438782,1.9386152029037476
40,123,370,330,kl,80.98,-0.6599999999999966,0.41183486580848694,0.49741414189338684,1.1546075344085693
40,123,371,331,kl,80.44,-0.5400000000000063,0.6184101104736328,0.5602487921714783,1.100756287574768
40,123,372,332,kl,80.22,-0.21999999999999886,0.5508990287780762,0.5095395445823669,0.9214593768119812
40,123,373,333,kl,83.1,2.8799999999999955,0.3687214255332947,0.43894243240356445,0.8467920422554016
40,123,374,334,kl,81.28,-1.8199999999999932,0.5155000686645508,0.5177543759346008,0.9615200757980347
40,123,375,335,kl,81.12,-0.1599999999999966,0.5362634062767029,0.5068762898445129,0.8509101271629333
40,123,376,336,kl,81.78,0.6599999999999966,0.5893533229827881,0.5815910696983337,1.1604785919189453
40,123,377,337,kl,81.68,-0.09999999999999432,0.6050661206245422,0.5509098172187805,1.0489943027496338
40,123,378,338,kl,82.48,0.7999999999999972,0.5071527361869812,0.4789353311061859,0.8275463581085205
40,123,379,339,kl,82.28,-0.20000000000000284,0.443419486284256,0.4931589365005493,1.0142751932144165
40,123,380,340,kl,81.36,-0.9200000000000017,0.44413065910339355,0.4833620488643646,1.0657790899276733
40,123,381,341,kl,80.72,-0.6400000000000006,0.4988883137702942,0.5131946802139282,1.0346616506576538
40,123,382,342,kl,82.04,1.3200000000000074,0.5918480157852173,0.5164568424224854,0.9011838436126709
40,123,383,343,kl,81.16,-0.8800000000000097,0.655346691608429,0.541475772857666,1.0403199195861816
40,123,384,344,kl,82.94,1.7800000000000011,0.45415836572647095,0.483938992023468,1.0746755599975586
40,123,385,345,kl,81.04,-1.8999999999999915,0.41820499300956726,0.46678757667541504,0.8938935995101929
40,123,386,346,kl,81.96,0.9199999999999875,0.5066605806350708,0.5362564921379089,1.1214486360549927
40,123,387,347,kl,81.68,-0.2799999999999869,0.5690551996231079,0.5406824946403503,1.072719931602478
40,123,388,348,kl,82.76,1.0799999999999983,0.3514338731765747,0.45547956228256226,0.80278480052948
40,123,389,349,kl,81.36,-1.4000000000000057,0.5383158326148987,0.5044381022453308,1.0324506759643555
40,123,390,350,kl,82.26,0.9000000000000057,0.3905390202999115,0.5048810839653015,0.8955649733543396
40,123,391,351,kl,82.18,-0.0799999999999983,0.4965939521789551,0.48295408487319946,0.9641369581222534
40,123,392,352,kl,81.58,-0.6000000000000085,0.4418637454509735,0.48352307081222534,0.9385872483253479
40,123,393,353,kl,81.3,-0.28000000000000114,0.6028728485107422,0.5451569557189941,1.1399773359298706
40,123,394,354,kl,80.96,-0.3400000000000034,0.5082381963729858,0.5257009267807007,0.9940028786659241
40,123,395,355,kl,83.3,2.3400000000000034,0.5383201241493225,0.5015082955360413,0.7732792496681213
40,123,396,356,kl,82.72,-0.5799999999999983,0.5083229541778564,0.48569756746292114,0.8060704469680786
40,123,397,357,kl,82.06,-0.6599999999999966,0.4590222239494324,0.4890337586402893,0.7230365872383118
40,123,398,358,kl,82.46,0.3999999999999915,0.37013334035873413,0.4884815812110901,1.0550594329833984
40,123,399,359,kl,81.64,-0.8199999999999932,0.5247440934181213,0.5037274360656738,0.9184466600418091
40,123,400,360,kl,82.18,0.5400000000000063,0.44784626364707947,0.5161462426185608,1.0879091024398804
40,123,401,361,kl,82.36,0.1799999999999926,0.4600192904472351,0.4967845380306244,0.961006760597229
40,123,402,362,kl,80.42,-1.9399999999999977,0.5309412479400635,0.5689082145690918,1.047440528869629
40,123,403,363,kl,82.56,2.1400000000000006,0.6753866076469421,0.5537987947463989,1.0141961574554443
40,123,404,364,kl,82.08,-0.480000000000004,0.4479871094226837,0.46903344988822937,0.9660566449165344
40,123,405,365,kl,81.64,-0.4399999999999977,0.6579208374023438,0.5905158519744873,1.1590678691864014
40,123,406,366,kl,80.92,-0.7199999999999989,0.5536742210388184,0.5210874676704407,1.0041413307189941
40,123,407,367,kl,82.26,1.3400000000000034,0.7021129131317139,0.5927204489707947,1.181389570236206
40,123,408,368,kl,82.46,0.19999999999998863,0.4314303696155548,0.49606215953826904,1.0778987407684326
40,123,409,369,kl,81.18,-1.279999999999987,0.24831649661064148,0.4488656520843506,1.069696307182312
40,123,410,370,ce,83.02,1.8399999999999892,0.20036043226718903,0.3250705301761627,1.8198237419128418
40,123,411,371,kl,79.86,-3.1599999999999966,0.4389031231403351,0.5074009895324707,0.9939925074577332
40,123,412,372,kl,80.74,0.8799999999999955,0.50641930103302,0.5270466208457947,1.2068885564804077
40,123,413,373,kl,81.86,1.1200000000000045,0.5045157670974731,0.5635515451431274,1.2399343252182007
40,123,414,374,kl,82.24,0.37999999999999545,0.2359844595193863,0.41641634702682495,0.8134951591491699
40,123,415,375,kl,80.66,-1.5799999999999983,0.4584360718727112,0.4777301251888275,1.0522688627243042
40,123,416,376,kl,80.18,-0.47999999999998977,0.4756115674972534,0.541530430316925,1.1475619077682495
40,123,417,377,kl,82.74,2.559999999999988,0.2734915018081665,0.46472489833831787,1.007299780845642
40,123,418,378,kl,82.34,-0.3999999999999915,0.4773290157318115,0.5372897982597351,1.1173371076583862
40,123,419,379,kl,81.46,-0.8800000000000097,0.6323572397232056,0.5561887621879578,0.9735996723175049
40,123,420,380,kl,81.14,-0.3199999999999932,0.5993309020996094,0.5649898052215576,1.0261181592941284
40,123,421,381,kl,80.3,-0.8400000000000034,0.5527530908584595,0.5228354334831238,1.0752325057983398
40,123,422,382,kl,80.98,0.6800000000000068,0.5308580994606018,0.5265794396400452,1.2087798118591309
40,123,423,383,kl,82.1,1.1199999999999903,0.5075539350509644,0.500179648399353,0.9324432015419006
40,123,424,384,kl,81.38,-0.7199999999999989,0.6521362066268921,0.5067040324211121,0.9292567372322083
40,123,425,385,kl,80.76,-0.6199999999999903,0.4036012887954712,0.4833003580570221,1.338452696800232
40,123,426,386,kl,83.06,2.299999999999997,0.4693750739097595,0.4649324417114258,0.8881743550300598
40,123,427,387,kl,81.82,-1.240000000000009,0.5124720335006714,0.5012847185134888,0.9787099361419678
40,123,428,388,kl,82.56,0.7400000000000091,0.5622925758361816,0.5236294269561768,0.9051057696342468
40,123,429,389,kl,78.5,-4.060000000000002,0.5061032772064209,0.5196231007575989,1.3253856897354126
40,123,430,390,kl,79.32,0.8199999999999932,0.33691591024398804,0.4861466884613037,1.2451825141906738
40,123,431,391,kl,82.58,3.260000000000005,0.5130800604820251,0.46537724137306213,1.0342313051223755
40,123,432,392,kl,81.38,-1.2000000000000028,0.5232667326927185,0.5387621521949768,0.9919918775558472
40,123,433,393,kl,83.3,1.9200000000000017,0.20951025187969208,0.4153269827365875,0.8440731167793274
40,123,434,394,kl,82.62,-0.6799999999999926,0.507441520690918,0.49759405851364136,1.0343917608261108
40,123,435,395,kl,82.22,-0.4000000000000057,0.5438467860221863,0.5031252503395081,1.002606749534607
40,123,436,396,kl,82.98,0.7600000000000051,0.45572328567504883,0.4629169702529907,0.761867344379425
40,123,437,397,kl,82.44,-0.5400000000000063,0.5140618085861206,0.4884254038333893,0.8802496194839478
40,123,438,398,kl,82.3,-0.14000000000000057,0.4152029752731323,0.4863618016242981,0.9311540722846985
40,123,439,399,kl,81.54,-0.7599999999999909,0.519443929195404,0.5284281969070435,0.9969072937965393
40,123,440,400,kl,79.04,-2.5,0.6827445030212402,0.6191205382347107,1.2691985368728638
40,123,441,401,kl,82.48,3.4399999999999977,0.5030947923660278,0.441571444272995,0.737321674823761
40,123,442,402,kl,80.5,-1.980000000000004,0.4713551700115204,0.5036274790763855,0.9587669968605042
40,123,443,403,kl,81.24,0.7399999999999949,0.4977300763130188,0.5559385418891907,1.1023837327957153
40,123,444,404,kl,82.04,0.8000000000000114,0.6015140414237976,0.49618658423423767,0.9345996379852295
40,123,445,405,kl,81.62,-0.4200000000000017,0.4227753281593323,0.5120086073875427,1.050757884979248
40,123,446,406,kl,81.84,0.21999999999999886,0.575786828994751,0.5356457233428955,1.0282584428787231
40,123,447,407,kl,82.16,0.3199999999999932,0.34313249588012695,0.47282692790031433,0.9709001779556274
40,123,448,408,kl,79.62,-2.539999999999992,0.6140794157981873,0.65988689661026,1.290912389755249
40,123,449,409,kl,82.26,2.6400000000000006,0.39841729402542114,0.46583226323127747,0.9799538850784302
40,123,450,410,kl,81.56,-0.7000000000000028,0.5655964612960815,0.4875117242336273,0.9282176494598389
40,123,451,411,ce,83.28,1.7199999999999989,0.17517609894275665,0.32714951038360596,1.8837157487869263
40,123,452,412,kl,86.14,2.8599999999999994,0.20537784695625305,0.39340025186538696,0.6779216527938843
40,123,453,413,kl,86.22,0.0799999999999983,0.23438452184200287,0.3941614627838135,0.6600708365440369
40,123,454,414,kl,86.14,-0.0799999999999983,0.2743172347545624,0.4165637195110321,0.6567507982254028
40,123,455,415,kl,86.16,0.01999999999999602,0.296700656414032,0.4359477162361145,0.6393322348594666
40,123,456,416,kl,86.04,-0.11999999999999034,0.26890021562576294,0.4298158884048462,0.7110808491706848
40,123,457,417,kl,86.24,0.19999999999998863,0.21826425194740295,0.4099527597427368,0.5935798287391663
40,123,458,418,kl,85.8,-0.4399999999999977,0.28911834955215454,0.44158732891082764,0.6742542386054993
40,123,459,419,kl,86.2,0.4000000000000057,0.2138463705778122,0.4272567629814148,0.6951194405555725
40,123,460,420,kl,86.12,-0.0799999999999983,0.19639348983764648,0.43696412444114685,0.7385067343711853
40,123,461,421,kl,86.36,0.23999999999999488,0.19765979051589966,0.4299452304840088,0.7176909446716309
40,123,462,422,kl,86.1,-0.2600000000000051,0.1956508755683899,0.42815545201301575,0.73844313621521
40,123,463,423,kl,86.5,0.4000000000000057,0.21626988053321838,0.4539134204387665,0.7147776484489441
40,123,464,424,kl,86.38,-0.12000000000000455,0.31385117769241333,0.4683065414428711,0.6795742511749268
40,123,465,425,kl,86.3,-0.0799999999999983,0.22783836722373962,0.464438259601593,0.6485747694969177
40,123,466,426,kl,86.46,0.1599999999999966,0.19252325594425201,0.4654865562915802,0.6970110535621643
40,123,467,427,kl,86.18,-0.2799999999999869,0.2225690484046936,0.46460196375846863,0.6876230239868164
40,123,468,428,kl,86.16,-0.020000000000010232,0.2373177707195282,0.46325555443763733,0.6945261359214783
40,123,469,429,kl,86.3,0.14000000000000057,0.2646099627017975,0.4849914312362671,0.7642616033554077
40,123,470,430,kl,86.34,0.04000000000000625,0.1910177767276764,0.4626651108264923,0.7060666084289551
40,123,471,431,kl,86.34,0.0,0.3112729489803314,0.4872351586818695,0.7393677830696106
40,123,472,432,kl,86.54,0.20000000000000284,0.24422945082187653,0.47894009947776794,0.7294064164161682
40,123,473,433,kl,86.28,-0.2600000000000051,0.26214128732681274,0.49153605103492737,0.702690839767456
40,123,474,434,kl,86.44,0.1599999999999966,0.2564191222190857,0.5047582983970642,0.7450437545776367
40,123,475,435,kl,86.36,-0.0799999999999983,0.249929279088974,0.5074300765991211,0.7730309963226318
40,123,476,436,kl,86.54,0.18000000000000682,0.256711483001709,0.5022687911987305,0.7329866886138916
40,123,477,437,kl,86.42,-0.12000000000000455,0.20356549322605133,0.4989042580127716,0.7817366719245911
40,123,478,438,kl,86.48,0.060000000000002274,0.2385147660970688,0.5139474272727966,0.7643001675605774
40,123,479,439,kl,86.22,-0.2600000000000051,0.2637063264846802,0.5214524865150452,0.8276343941688538
40,123,480,440,kl,86.34,0.12000000000000455,0.2502090334892273,0.5205581188201904,0.7889376282691956
40,123,481,441,kl,86.2,-0.14000000000000057,0.3126711845397949,0.5349529981613159,0.7645046710968018
40,123,482,442,kl,86.58,0.37999999999999545,0.2486894428730011,0.5192906260490417,0.7838509678840637
40,123,483,443,kl,86.12,-0.45999999999999375,0.25973957777023315,0.5163090825080872,0.8069703578948975
40,123,484,444,kl,86.34,0.21999999999999886,0.27288293838500977,0.5382682085037231,0.8348363041877747
40,123,485,445,kl,86.46,0.11999999999999034,0.2695119380950928,0.5422654747962952,0.8224736452102661
40,123,486,446,kl,86.56,0.10000000000000853,0.229125514626503,0.5204231142997742,0.7856797575950623
40,123,487,447,kl,86.64,0.0799999999999983,0.26570698618888855,0.5403046607971191,0.8481695652008057
40,123,488,448,kl,86.5,-0.14000000000000057,0.25873813033103943,0.5378770232200623,0.8182319402694702
40,123,489,449,kl,86.22,-0.28000000000000114,0.24825643002986908,0.5523425936698914,0.8890407085418701
40,123,490,450,kl,86.62,0.4000000000000057,0.3132675588130951,0.5825962424278259,0.9040814638137817
40,123,491,451,kl,86.52,-0.10000000000000853,0.25356554985046387,0.5507956147193909,0.8575392961502075
40,123,492,452,ce,86.4,-0.11999999999999034,0.1704029142856598,0.4733862578868866,1.7258756160736084
40,123,493,453,kl,86.54,0.14000000000000057,0.2434859275817871,0.5654381513595581,0.8569636344909668
40,123,494,454,kl,86.48,-0.060000000000002274,0.2656400799751282,0.572371244430542,0.8379237055778503
40,123,495,455,kl,86.3,-0.18000000000000682,0.3035648465156555,0.5807605385780334,0.9404650330543518
40,123,496,456,kl,86.22,-0.0799999999999983,0.12810118496418,0.5440362095832825,0.9349653124809265
40,123,497,457,kl,86.3,0.0799999999999983,0.24300871789455414,0.5801577568054199,0.8997577428817749
40,123,498,458,kl,86.56,0.2600000000000051,0.20826588571071625,0.5769214034080505,0.9061030745506287
40,123,499,459,kl,86.34,-0.21999999999999886,0.2737303376197815,0.591448962688446,0.8980634212493896
40,123,500,460,kl,86.66,0.3199999999999932,0.2995784878730774,0.6184987425804138,0.9299454092979431
40,123,501,461,kl,86.62,-0.03999999999999204,0.2596370279788971,0.5955389738082886,0.9879365563392639
40,123,502,462,kl,86.3,-0.3200000000000074,0.3001341223716736,0.6214849352836609,1.0106390714645386
40,123,503,463,kl,86.64,0.3400000000000034,0.3325185775756836,0.6135880947113037,0.9528988599777222
40,123,504,464,kl,86.68,0.04000000000000625,0.23238804936408997,0.608681321144104,0.8922302722930908
40,123,505,465,kl,86.42,-0.2600000000000051,0.29463911056518555,0.6227616667747498,0.9469725489616394
40,123,506,466,kl,86.04,-0.37999999999999545,0.23479795455932617,0.6055900454521179,0.9234386086463928
40,123,507,467,kl,86.6,0.5599999999999881,0.2418053299188614,0.6183671951293945,0.8903952240943909
40,123,508,468,kl,86.7,0.10000000000000853,0.340808629989624,0.624569296836853,0.9255824685096741
40,123,509,469,kl,86.5,-0.20000000000000284,0.3710305392742157,0.6616551280021667,0.9543933868408203
40,123,510,470,kl,86.3,-0.20000000000000284,0.2062610238790512,0.6275221109390259,1.0715783834457397
40,123,511,471,kl,86.24,-0.060000000000002274,0.2452271580696106,0.6515640616416931,1.0340075492858887
40,123,512,472,kl,86.16,-0.0799999999999983,0.343796968460083,0.6825625896453857,0.9557575583457947
40,123,513,473,kl,86.62,0.46000000000000796,0.2622269093990326,0.6605123281478882,0.9833582639694214
40,123,514,474,kl,86.42,-0.20000000000000284,0.2970465123653412,0.6624044179916382,0.9404513239860535
40,123,515,475,kl,86.54,0.12000000000000455,0.3786264657974243,0.704894483089447,1.0487546920776367
40,123,516,476,kl,86.42,-0.12000000000000455,0.3835955262184143,0.7212123274803162,1.086425542831421
40,123,517,477,kl,86.38,-0.04000000000000625,0.32737696170806885,0.6952664852142334,1.0187245607376099
40,123,518,478,kl,86.44,0.060000000000002274,0.3617222309112549,0.716952919960022,1.0566831827163696
40,123,519,479,kl,86.28,-0.1599999999999966,0.27080562710762024,0.69184410572052,1.014482021331787
40,123,520,480,kl,86.5,0.21999999999999886,0.34161585569381714,0.7083689570426941,1.0438408851623535
40,123,521,481,kl,86.34,-0.1599999999999966,0.2847742438316345,0.6780121326446533,1.025050401687622
40,123,522,482,kl,86.6,0.2599999999999909,0.3198515474796295,0.7044724822044373,0.9983603954315186
40,123,523,483,kl,86.26,-0.3399999999999892,0.34353500604629517,0.7358303070068359,1.1636030673980713
40,123,524,484,kl,86.26,0.0,0.3893701136112213,0.7638529539108276,1.192548155784607
40,123,525,485,kl,86.02,-0.2400000000000091,0.30866602063179016,0.7351107597351074,1.070330262184143
40,123,526,486,kl,86.36,0.3400000000000034,0.29560554027557373,0.7274423837661743,1.1846143007278442
40,123,527,487,kl,86.36,0.0,0.2820223569869995,0.7489382028579712,1.1113020181655884
40,123,528,488,kl,86.04,-0.3199999999999932,0.3330265283584595,0.7714884877204895,1.2277833223342896
40,123,529,489,kl,86.12,0.0799999999999983,0.29409152269363403,0.7318572998046875,1.1051883697509766
40,123,530,490,kl,86.24,0.11999999999999034,0.3562478721141815,0.7735324501991272,1.2165294885635376
40,123,531,491,kl,86.46,0.21999999999999886,0.3548113703727722,0.7896787524223328,1.2006138563156128
40,123,532,492,kl,86.4,-0.05999999999998806,0.43655258417129517,0.7937893867492676,1.0854758024215698
40,123,533,493,ce,85.92,-0.480000000000004,0.17672492563724518,0.6659191846847534,2.292904853820801
40,123,534,494,kl,86.06,0.14000000000000057,0.28809916973114014,0.7337195873260498,1.0748631954193115
40,123,535,495,kl,86.34,0.28000000000000114,0.3622719347476959,0.8044760823249817,1.1948630809783936
40,123,536,496,kl,86.3,-0.04000000000000625,0.2675703167915344,0.7675200700759888,1.1522334814071655
40,123,537,497,kl,86.5,0.20000000000000284,0.3547426462173462,0.8011835217475891,1.2052677869796753
40,123,538,498,kl,86.1,-0.4000000000000057,0.30866754055023193,0.7575247883796692,1.2450964450836182
40,123,539,499,kl,85.96,-0.14000000000000057,0.23858973383903503,0.7687022686004639,1.10345458984375
40,123,540,500,kl,86.54,0.5800000000000125,0.3444681763648987,0.78367018699646,1.0950253009796143
40,123,541,501,kl,86.56,0.01999999999999602,0.21685871481895447,0.7612785696983337,1.119917869567871
40,123,542,502,kl,85.92,-0.6400000000000006,0.3099430799484253,0.8098843097686768,1.2254749536514282
40,123,543,503,kl,86.1,0.1799999999999926,0.2759822607040405,0.7811294198036194,1.1725400686264038
40,123,544,504,kl,86.14,0.04000000000000625,0.33312395215034485,0.7944875955581665,1.160416841506958
40,123,545,505,kl,86.48,0.3400000000000034,0.39018791913986206,0.8298977613449097,1.3175195455551147
40,123,546,506,kl,86.2,-0.28000000000000114,0.362578421831131,0.8362309336662292,1.2329291105270386
40,123,547,507,kl,86.16,-0.04000000000000625,0.34493696689605713,0.8423065543174744,1.3178247213363647
40,123,548,508,kl,85.98,-0.1799999999999926,0.32822149991989136,0.8172065615653992,1.2983580827713013
40,123,549,509,kl,86.5,0.519999999999996,0.189067080616951,0.7749008536338806,1.2142651081085205
40,123,550,510,kl,85.74,-0.7600000000000051,0.2729739546775818,0.805720865726471,1.1162316799163818
40,123,551,511,kl,86.42,0.6800000000000068,0.2930667996406555,0.8187383413314819,1.2331981658935547
40,123,552,512,kl,86.06,-0.35999999999999943,0.37100812792778015,0.8544665575027466,1.2261104583740234
40,123,553,513,kl,86.1,0.03999999999999204,0.2409186065196991,0.7970665097236633,1.2419652938842773
40,123,554,514,kl,85.86,-0.23999999999999488,0.1924775242805481,0.8011780381202698,1.2799105644226074
40,123,555,515,kl,85.64,-0.21999999999999886,0.34012919664382935,0.8794309496879578,1.3396328687667847
40,123,556,516,kl,86.0,0.35999999999999943,0.2736024260520935,0.8193989396095276,1.4536073207855225
40,123,557,517,kl,86.34,0.3400000000000034,0.2558980882167816,0.8015412092208862,1.2184497117996216
40,123,558,518,kl,86.14,-0.20000000000000284,0.32430991530418396,0.8499298095703125,1.2383918762207031
40,123,559,519,kl,85.94,-0.20000000000000284,0.2825145125389099,0.822438657283783,1.2648942470550537
40,123,560,520,kl,86.1,0.1599999999999966,0.2509273886680603,0.8313839435577393,1.3935694694519043
40,123,561,521,kl,86.08,-0.01999999999999602,0.32237356901168823,0.8331738114356995,1.367006540298462
40,123,562,522,kl,85.82,-0.2600000000000051,0.24259509146213531,0.8182256817817688,1.2787714004516602
40,123,563,523,kl,86.0,0.18000000000000682,0.25087761878967285,0.8383216261863708,1.2568888664245605
40,123,564,524,kl,86.06,0.060000000000002274,0.3023252487182617,0.8356525897979736,1.355597972869873
40,123,565,525,kl,86.2,0.14000000000000057,0.3116191625595093,0.8538766503334045,1.255871295928955
40,123,566,526,kl,85.88,-0.3200000000000074,0.39739131927490234,0.9077634811401367,1.4208992719650269
40,123,567,527,kl,85.96,0.0799999999999983,0.32950344681739807,0.8903974890708923,1.343325138092041
40,123,568,528,kl,85.64,-0.3199999999999932,0.32964450120925903,0.8964450359344482,1.4636858701705933
40,123,569,529,kl,85.74,0.09999999999999432,0.3317301273345947,0.9121929407119751,1.2911428213119507
40,123,570,530,kl,85.62,-0.11999999999999034,0.3933173716068268,0.8996260166168213,1.4632978439331055
40,123,571,531,kl,86.1,0.47999999999998977,0.3683904707431793,0.9007520079612732,1.3222750425338745
40,123,572,532,kl,85.94,-0.1599999999999966,0.21764303743839264,0.8392863869667053,1.3480273485183716
40,123,573,533,kl,85.72,-0.21999999999999886,0.35956159234046936,0.9159308075904846,1.3389078378677368
40,123,574,534,ce,85.6,-0.12000000000000455,0.1866256594657898,0.7162079215049744,2.694204568862915
40,123,575,535,kl,86.32,0.7199999999999989,0.35236138105392456,0.8807061910629272,1.33730947971344
40,123,576,536,kl,86.06,-0.2599999999999909,0.374836802482605,0.9213371872901917,1.549878716468811
40,123,577,537,kl,85.88,-0.18000000000000682,0.3516550660133362,0.9052157998085022,1.4739409685134888
40,123,578,538,kl,85.74,-0.14000000000000057,0.39924463629722595,0.9343394041061401,1.6411761045455933
40,123,579,539,kl,85.92,0.18000000000000682,0.28918179869651794,0.884247899055481,1.2953697443008423
40,123,580,540,kl,86.38,0.45999999999999375,0.36881932616233826,0.9160089492797852,1.2808459997177124
40,123,581,541,kl,86.38,0.0,0.3410915732383728,0.8904873132705688,1.3900763988494873
40,123,582,542,kl,86.56,0.18000000000000682,0.3508731424808502,0.9491539597511292,1.2838541269302368
40,123,583,543,kl,86.16,-0.4000000000000057,0.31651484966278076,0.9245058298110962,1.276863694190979
40,123,584,544,kl,86.52,0.35999999999999943,0.25851595401763916,0.8434045314788818,1.348429560661316
40,123,585,545,kl,86.12,-0.3999999999999915,0.3739871382713318,0.9702333211898804,1.6114062070846558
40,123,586,546,kl,85.9,-0.21999999999999886,0.3958756923675537,0.9510173201560974,1.4912469387054443
40,123,587,547,kl,85.98,0.0799999999999983,0.20949436724185944,0.8615306615829468,1.3541759252548218
40,123,588,548,kl,85.98,0.0,0.4080356955528259,0.9658545255661011,1.4998778104782104
40,123,589,549,kl,86.28,0.29999999999999716,0.37488940358161926,0.9588863253593445,1.3641468286514282
40,123,590,550,kl,86.08,-0.20000000000000284,0.37038055062294006,0.9602194428443909,1.5270136594772339
40,123,591,551,kl,85.44,-0.6400000000000006,0.29686498641967773,0.9197827577590942,1.5339899063110352
40,123,592,552,kl,86.24,0.7999999999999972,0.33824753761291504,0.974723756313324,1.5140447616577148
40,123,593,553,kl,86.26,0.020000000000010232,0.30660122632980347,0.9097332954406738,1.5325669050216675
40,123,594,554,kl,85.82,-0.44000000000001194,0.3307682275772095,0.9335384368896484,1.4802173376083374
40,123,595,555,kl,85.44,-0.37999999999999545,0.3078711926937103,0.9151199460029602,1.4577054977416992
40,123,596,556,kl,85.94,0.5,0.4711238443851471,0.9523004293441772,1.5399378538131714
40,123,597,557,kl,85.68,-0.2599999999999909,0.35728543996810913,0.9466447234153748,1.4865587949752808
40,123,598,558,kl,86.0,0.3199999999999932,0.38483840227127075,0.9432255029678345,1.546265959739685
40,123,599,559,kl,86.04,0.04000000000000625,0.380710244178772,0.9438945651054382,1.5051605701446533
40,123,600,560,kl,86.08,0.03999999999999204,0.3223037123680115,0.9510342478752136,1.476830005645752
40,123,601,561,kl,85.92,-0.1599999999999966,0.4678349196910858,1.0693860054016113,1.784957766532898
40,123,602,562,kl,85.88,-0.04000000000000625,0.2817220091819763,0.8982561230659485,1.5125936269760132
40,123,603,563,kl,85.66,-0.21999999999999886,0.33580121397972107,0.9764164686203003,1.530838131904602
40,123,604,564,kl,85.7,0.04000000000000625,0.446871280670166,1.015756607055664,1.6995742321014404
40,123,605,565,kl,86.18,0.480000000000004,0.35981133580207825,0.9602360129356384,1.5203958749771118
40,123,606,566,kl,85.4,-0.7800000000000011,0.30196550488471985,0.9767366051673889,1.3980674743652344
40,123,607,567,kl,85.94,0.539999999999992,0.3758310079574585,0.9676880240440369,1.5178101062774658
40,123,608,568,kl,85.86,-0.0799999999999983,0.36446675658226013,0.9890508651733398,1.327136754989624
40,123,609,569,kl,85.7,-0.1599999999999966,0.4236322045326233,1.0699307918548584,1.5646849870681763
40,123,610,570,kl,85.9,0.20000000000000284,0.3886364996433258,0.9932484030723572,1.6374744176864624
40,123,611,571,kl,85.58,-0.3200000000000074,0.4160192608833313,0.9824872016906738,1.533022403717041
40,123,612,572,kl,85.66,0.0799999999999983,0.4022994637489319,1.0158147811889648,1.6585701704025269
40,123,613,573,kl,85.78,0.12000000000000455,0.36518603563308716,1.0112918615341187,1.5470906496047974
40,123,614,574,kl,86.04,0.2600000000000051,0.32079559564590454,0.967254638671875,1.4087740182876587
40,123,615,575,ce,85.9,-0.14000000000000057,0.20350609719753265,0.7965368628501892,2.9267029762268066
40,123,616,576,kl,86.02,0.11999999999999034,0.3657936751842499,0.9308378100395203,1.5237879753112793
40,123,617,577,kl,85.92,-0.09999999999999432,0.2298920452594757,0.8877093195915222,1.2643038034439087
40,123,618,578,kl,85.18,-0.7399999999999949,0.4427288770675659,1.0427377223968506,1.589453935623169
40,123,619,579,kl,85.82,0.6399999999999864,0.3485151529312134,0.9661296010017395,1.507057547569275
40,123,620,580,kl,86.12,0.30000000000001137,0.26805445551872253,0.9007666110992432,1.3236664533615112
40,123,621,581,kl,86.02,-0.10000000000000853,0.3560739755630493,0.9521909952163696,1.5809611082077026
40,123,622,582,kl,85.64,-0.37999999999999545,0.3542010188102722,0.9393338561058044,1.5042849779129028
40,123,623,583,kl,85.7,0.060000000000002274,0.28265857696533203,0.9549970030784607,1.4735074043273926
40,123,624,584,kl,85.7,0.0,0.3963519334793091,0.9858090877532959,1.518803596496582
40,123,625,585,kl,85.38,-0.3200000000000074,0.31516915559768677,0.9457123875617981,1.4887804985046387
40,123,626,586,kl,86.12,0.7400000000000091,0.4447193741798401,1.0515440702438354,1.5654540061950684
40,123,627,587,kl,85.52,-0.6000000000000085,0.36184707283973694,0.9599403142929077,1.5426342487335205
40,123,628,588,kl,85.88,0.35999999999999943,0.3197970688343048,0.9714320302009583,1.6577523946762085
40,123,629,589,kl,86.18,0.30000000000001137,0.38489556312561035,0.9621033668518066,1.5799853801727295
40,123,630,590,kl,85.72,-0.46000000000000796,0.3933226466178894,1.0239641666412354,1.654564380645752
40,123,631,591,kl,86.12,0.4000000000000057,0.4817061126232147,1.0780417919158936,1.745718240737915
40,123,632,592,kl,85.7,-0.4200000000000017,0.3477737605571747,0.984463632106781,1.4494563341140747
40,123,633,593,kl,85.76,0.060000000000002274,0.4796285331249237,1.0756325721740723,1.8376822471618652
40,123,634,594,kl,85.66,-0.10000000000000853,0.36821189522743225,0.98382169008255,1.3641077280044556
40,123,635,595,kl,85.94,0.28000000000000114,0.4274902939796448,1.0161831378936768,1.6935445070266724
40,123,636,596,kl,85.84,-0.09999999999999432,0.3410813510417938,0.9505587816238403,1.525325894355774
40,123,637,597,kl,85.86,0.01999999999999602,0.33573856949806213,0.9774846434593201,1.511516809463501
40,123,638,598,kl,85.5,-0.35999999999999943,0.38469815254211426,1.0293184518814087,1.7509121894836426
40,123,639,599,kl,85.9,0.4000000000000057,0.37860119342803955,1.0119181871414185,1.6638047695159912
40,123,640,600,kl,85.06,-0.8400000000000034,0.36830469965934753,1.0212538242340088,1.740537166595459
40,123,641,601,kl,85.86,0.7999999999999972,0.3830922245979309,1.0137877464294434,1.601516604423523
40,123,642,602,kl,85.7,-0.1599999999999966,0.32251542806625366,0.9791369438171387,1.4932774305343628
40,123,643,603,kl,85.54,-0.1599999999999966,0.42022132873535156,1.041344165802002,1.4835665225982666
40,123,644,604,kl,85.9,0.35999999999999943,0.3569834232330322,0.9922069907188416,1.7051196098327637
40,123,645,605,kl,85.88,-0.020000000000010232,0.37793099880218506,1.0181829929351807,1.6479358673095703
40,123,646,606,kl,85.5,-0.37999999999999545,0.3338313102722168,1.017006754875183,1.7011897563934326
40,123,647,607,kl,85.78,0.28000000000000114,0.4136026203632355,1.0695712566375732,1.653812289237976
40,123,648,608,kl,86.04,0.2600000000000051,0.33050358295440674,0.9683295488357544,1.719468116760254
40,123,649,609,kl,85.42,-0.6200000000000045,0.47930264472961426,1.0962586402893066,1.8934372663497925
40,123,650,610,kl,85.12,-0.29999999999999716,0.4451717734336853,1.0419371128082275,1.6329152584075928
40,123,651,611,kl,85.7,0.5799999999999983,0.35808897018432617,0.9914023280143738,1.5689314603805542
40,123,652,612,kl,85.78,0.0799999999999983,0.3143087327480316,0.9663546681404114,1.770095944404602
40,123,653,613,kl,85.18,-0.5999999999999943,0.35069409012794495,1.012427568435669,1.5702369213104248
40,123,654,614,kl,85.48,0.29999999999999716,0.4462136924266815,1.0901751518249512,1.713126301765442
40,123,655,615,kl,85.68,0.20000000000000284,0.3492867350578308,0.9792549014091492,1.4757307767868042
40,123,656,616,ce,85.5,-0.18000000000000682,0.16105034947395325,0.7616869211196899,2.650155544281006
40,123,657,617,kl,86.82,1.3199999999999932,0.26128673553466797,0.951530396938324,1.376159906387329
40,123,658,618,kl,86.7,-0.11999999999999034,0.24253462255001068,0.9232100248336792,1.4043728113174438
40,123,659,619,kl,86.56,-0.14000000000000057,0.24738477170467377,0.9376574754714966,1.3432636260986328
40,123,660,620,kl,86.6,0.03999999999999204,0.25393107533454895,0.9485428333282471,1.3855795860290527
40,123,661,621,kl,86.54,-0.05999999999998806,0.26959365606307983,0.9406521320343018,1.4033229351043701
40,123,662,622,kl,86.38,-0.1600000000000108,0.2730580270290375,0.9634441137313843,1.3731017112731934
40,123,663,623,kl,86.44,0.060000000000002274,0.21456195414066315,0.9446007609367371,1.3463293313980103
40,123,664,624,kl,86.32,-0.12000000000000455,0.25743988156318665,0.9537907242774963,1.42231285572052
40,123,665,625,kl,86.58,0.2600000000000051,0.2515484094619751,0.9376422166824341,1.4063661098480225
40,123,666,626,kl,86.28,-0.29999999999999716,0.2655814290046692,0.9467605352401733,1.4437341690063477
40,123,667,627,kl,86.4,0.12000000000000455,0.22753411531448364,0.9336199164390564,1.3974730968475342
40,123,668,628,kl,86.2,-0.20000000000000284,0.2716243267059326,0.9588488340377808,1.4122886657714844
40,123,669,629,kl,86.5,0.29999999999999716,0.27758949995040894,0.9679305553436279,1.428175449371338
40,123,670,630,kl,86.3,-0.20000000000000284,0.2754380404949188,0.9654725193977356,1.492977499961853
40,123,671,631,kl,85.9,-0.3999999999999915,0.2335509955883026,0.9505278468132019,1.3829013109207153
40,123,672,632,kl,86.2,0.29999999999999716,0.27191290259361267,0.9714680910110474,1.444664716720581
40,123,673,633,kl,86.2,0.0,0.26833921670913696,0.9791515469551086,1.4865673780441284
40,123,674,634,kl,86.36,0.1599999999999966,0.2737868130207062,0.9797692894935608,1.4999910593032837
40,123,675,635,kl,86.14,-0.21999999999999886,0.26074904203414917,0.969066321849823,1.480502724647522
40,123,676,636,kl,86.06,-0.0799999999999983,0.25990042090415955,0.9679281711578369,1.4598510265350342
40,123,677,637,kl,86.28,0.21999999999999886,0.2557315230369568,0.9670743942260742,1.4724165201187134
40,123,678,638,kl,86.26,-0.01999999999999602,0.26589980721473694,0.9741488099098206,1.4677115678787231
40,123,679,639,kl,86.32,0.05999999999998806,0.2577900290489197,0.9728849530220032,1.4846056699752808
40,123,680,640,kl,86.3,-0.01999999999999602,0.2793467044830322,0.9874057769775391,1.4577476978302002
40,123,681,641,kl,86.42,0.12000000000000455,0.2776592969894409,0.9822263717651367,1.4947164058685303
40,123,682,642,kl,86.54,0.12000000000000455,0.28419509530067444,0.9938275218009949,1.5199272632598877
40,123,683,643,kl,86.22,-0.3200000000000074,0.2455907016992569,0.97090744972229,1.4653613567352295
40,123,684,644,kl,86.28,0.060000000000002274,0.2552815079689026,0.9868689775466919,1.4921306371688843
40,123,685,645,kl,86.2,-0.0799999999999983,0.2935699224472046,1.004563570022583,1.504371166229248
40,123,686,646,kl,86.36,0.1599999999999966,0.300887793302536,1.009937047958374,1.5908845663070679
40,123,687,647,kl,86.12,-0.23999999999999488,0.2647267282009125,0.9933066964149475,1.4783024787902832
40,123,688,648,kl,86.46,0.3399999999999892,0.27309897541999817,1.0060797929763794,1.4618256092071533
40,123,689,649,kl,86.22,-0.23999999999999488,0.28155985474586487,1.011451005935669,1.4690618515014648
40,123,690,650,kl,86.0,-0.21999999999999886,0.2710905969142914,1.014782428741455,1.5325772762298584
40,123,691,651,kl,86.18,0.18000000000000682,0.26403236389160156,1.0037699937820435,1.5555033683776855
40,123,692,652,kl,86.28,0.09999999999999432,0.2635056972503662,1.0150247812271118,1.5454401969909668
40,123,693,653,kl,86.34,0.060000000000002274,0.2641618251800537,1.0178347826004028,1.555382251739502
40,123,694,654,kl,86.12,-0.21999999999999886,0.28515106439590454,1.0202370882034302,1.4984008073806763
40,123,695,655,kl,86.22,0.09999999999999432,0.31545567512512207,1.0263400077819824,1.546132206916809
40,123,696,656,kl,86.42,0.20000000000000284,0.29062536358833313,1.0281016826629639,1.5019135475158691
40,123,697,657,ce,86.38,-0.04000000000000625,0.12256201356649399,0.86887127161026,2.6803805828094482
40,123,698,658,kl,86.24,-0.14000000000000057,0.2926889657974243,1.0330952405929565,1.571173071861267
40,123,699,659,kl,86.52,0.28000000000000114,0.2682827115058899,1.0122958421707153,1.5370516777038574
40,123,700,660,kl,86.36,-0.1599999999999966,0.2739374041557312,1.0188902616500854,1.516669511795044
40,123,701,661,kl,86.34,-0.01999999999999602,0.262109637260437,1.019525170326233,1.523111343383789
40,123,702,662,kl,86.26,-0.0799999999999983,0.26875731348991394,1.0222073793411255,1.5798979997634888
40,123,703,663,kl,86.42,0.1599999999999966,0.29184263944625854,1.0353450775146484,1.5642534494400024
40,123,704,664,kl,86.36,-0.060000000000002274,0.23324142396450043,1.009281873703003,1.6157877445220947
40,123,705,665,kl,86.22,-0.14000000000000057,0.2445395290851593,1.0257796049118042,1.547782301902771
40,123,706,666,kl,86.22,0.0,0.31992632150650024,1.0707106590270996,1.625922679901123
40,123,707,667,kl,86.22,0.0,0.2758437991142273,1.0330147743225098,1.5508219003677368
40,123,708,668,kl,86.28,0.060000000000002274,0.2743375897407532,1.0339477062225342,1.5483659505844116
40,123,709,669,kl,86.12,-0.1599999999999966,0.2809949517250061,1.038327932357788,1.583178162574768
40,123,710,670,kl,86.16,0.03999999999999204,0.2945120930671692,1.041569709777832,1.6199915409088135
40,123,711,671,kl,86.36,0.20000000000000284,0.26017507910728455,1.0362927913665771,1.5644437074661255
40,123,712,672,kl,86.28,-0.0799999999999983,0.3232156038284302,1.064610481262207,1.5932610034942627
40,123,713,673,kl,86.46,0.1799999999999926,0.2625531554222107,1.048581600189209,1.6319488286972046
40,123,714,674,kl,86.44,-0.01999999999999602,0.32793837785720825,1.0610188245773315,1.626969337463379
40,123,715,675,kl,86.52,0.0799999999999983,0.2873106896877289,1.0478562116622925,1.5121604204177856
40,123,716,676,kl,86.18,-0.3399999999999892,0.2883208394050598,1.047141194343567,1.611011028289795
40,123,717,677,kl,86.2,0.01999999999999602,0.26034843921661377,1.038909673690796,1.5456552505493164
40,123,718,678,kl,86.3,0.09999999999999432,0.2603154182434082,1.0464779138565063,1.6001049280166626
40,123,719,679,kl,86.3,0.0,0.2564552426338196,1.0491728782653809,1.6850558519363403
40,123,720,680,kl,86.04,-0.2599999999999909,0.262123703956604,1.049048900604248,1.5523337125778198
40,123,721,681,kl,86.1,0.05999999999998806,0.3084832429885864,1.0820661783218384,1.6479554176330566
40,123,722,682,kl,86.38,0.28000000000000114,0.2761823832988739,1.07020103931427,1.6158019304275513
40,123,723,683,kl,86.26,-0.11999999999999034,0.3031224012374878,1.0745337009429932,1.642095685005188
40,123,724,684,kl,86.28,0.01999999999999602,0.30203932523727417,1.0842781066894531,1.733327865600586
40,123,725,685,kl,86.3,0.01999999999999602,0.305012047290802,1.0840355157852173,1.6383177042007446
40,123,726,686,kl,86.1,-0.20000000000000284,0.2830091118812561,1.0869017839431763,1.5983737707138062
40,123,727,687,kl,86.34,0.2400000000000091,0.30756875872612,1.093314290046692,1.578262209892273
40,123,728,688,kl,86.42,0.0799999999999983,0.26121583580970764,1.069832444190979,1.6414439678192139
40,123,729,689,kl,86.46,0.03999999999999204,0.26649320125579834,1.0846291780471802,1.6631442308425903
40,123,730,690,kl,86.24,-0.21999999999999886,0.2918376922607422,1.0962122678756714,1.6487617492675781
40,123,731,691,kl,86.46,0.21999999999999886,0.3014240860939026,1.0921542644500732,1.6187585592269897
40,123,732,692,kl,86.22,-0.23999999999999488,0.2719561457633972,1.08693528175354,1.6418662071228027
40,123,733,693,kl,86.26,0.04000000000000625,0.2530518174171448,1.070944905281067,1.6270618438720703
40,123,734,694,kl,86.36,0.09999999999999432,0.26169151067733765,1.0790952444076538,1.6222480535507202
40,123,735,695,kl,86.4,0.04000000000000625,0.3003791868686676,1.105204463005066,1.7256996631622314
40,123,736,696,kl,86.4,0.0,0.2792523205280304,1.0967973470687866,1.6390553712844849
40,123,737,697,kl,86.32,-0.0800000000000125,0.3492960035800934,1.1335982084274292,1.7562412023544312
40,123,738,698,ce,86.6,0.28000000000000114,0.10346765071153641,0.922756016254425,3.0048184394836426
40,123,739,699,kl,86.54,-0.05999999999998806,0.311968058347702,1.1142582893371582,1.721553921699524
40,123,740,700,kl,86.44,-0.10000000000000853,0.2606944441795349,1.0926578044891357,1.6276099681854248
40,123,741,701,kl,86.48,0.04000000000000625,0.2863462567329407,1.0946455001831055,1.6865870952606201
40,123,742,702,kl,86.46,-0.020000000000010232,0.26732009649276733,1.0770841836929321,1.6514650583267212
40,123,743,703,kl,86.4,-0.05999999999998806,0.2849612534046173,1.096306324005127,1.7036232948303223
40,123,744,704,kl,86.24,-0.1600000000000108,0.2901018261909485,1.1089249849319458,1.6756943464279175
40,123,745,705,kl,86.38,0.14000000000000057,0.3072824776172638,1.111430287361145,1.7748016119003296
40,123,746,706,kl,86.3,-0.0799999999999983,0.27844318747520447,1.1050684452056885,1.6769849061965942
40,123,747,707,kl,86.54,0.2400000000000091,0.2807095944881439,1.1206685304641724,1.7225041389465332
40,123,748,708,kl,86.52,-0.020000000000010232,0.297161340713501,1.114272952079773,1.7079368829727173
40,123,749,709,kl,86.44,-0.0799999999999983,0.315898060798645,1.1358569860458374,1.7145310640335083
40,123,750,710,kl,86.46,0.01999999999999602,0.30004507303237915,1.1232900619506836,1.706057071685791
40,123,751,711,kl,86.42,-0.03999999999999204,0.2839587926864624,1.1218687295913696,1.700805902481079
40,123,752,712,kl,86.48,0.060000000000002274,0.3164154291152954,1.1274073123931885,1.7723958492279053
40,123,753,713,kl,86.38,-0.10000000000000853,0.29069605469703674,1.1287318468093872,1.7251449823379517
40,123,754,714,kl,86.4,0.020000000000010232,0.321228563785553,1.1409294605255127,1.7397997379302979
40,123,755,715,kl,86.32,-0.0800000000000125,0.32047978043556213,1.153448224067688,1.7829862833023071
40,123,756,716,kl,86.18,-0.13999999999998636,0.29611852765083313,1.1226218938827515,1.7550691366195679
40,123,757,717,kl,86.38,0.19999999999998863,0.31522905826568604,1.1585582494735718,1.7640714645385742
40,123,758,718,kl,86.4,0.020000000000010232,0.26380085945129395,1.129738211631775,1.7248754501342773
40,123,759,719,kl,86.28,-0.12000000000000455,0.29372328519821167,1.1331768035888672,1.7514104843139648
40,123,760,720,kl,86.26,-0.01999999999999602,0.3043517470359802,1.1526163816452026,1.7223635911941528
40,123,761,721,kl,86.26,0.0,0.28243064880371094,1.1234554052352905,1.761536717414856
40,123,762,722,kl,86.38,0.11999999999999034,0.30407285690307617,1.1309479475021362,1.7242082357406616
40,123,763,723,kl,86.34,-0.03999999999999204,0.38393643498420715,1.1945027112960815,1.7730672359466553
40,123,764,724,kl,86.24,-0.10000000000000853,0.3410038948059082,1.1841356754302979,1.8321075439453125
40,123,765,725,kl,86.4,0.1600000000000108,0.33563557267189026,1.18080472946167,1.844017744064331
40,123,766,726,kl,86.54,0.14000000000000057,0.3129684329032898,1.17246413230896,1.79462730884552
40,123,767,727,kl,86.42,-0.12000000000000455,0.32099878787994385,1.177819848060608,1.7627286911010742
40,123,768,728,kl,86.32,-0.10000000000000853,0.29548120498657227,1.1625890731811523,1.7403676509857178
40,123,769,729,kl,86.42,0.10000000000000853,0.2939439117908478,1.1637771129608154,1.7350797653198242
40,123,770,730,kl,86.4,-0.01999999999999602,0.2715988755226135,1.1546299457550049,1.73172128200531
40,123,771,731,kl,86.38,-0.020000000000010232,0.2897903323173523,1.1442397832870483,1.7500907182693481
40,123,772,732,kl,86.36,-0.01999999999999602,0.30761149525642395,1.1703016757965088,1.7459633350372314
40,123,773,733,kl,86.5,0.14000000000000057,0.33898651599884033,1.1830252408981323,1.8429862260818481
40,123,774,734,kl,86.28,-0.21999999999999886,0.3148168921470642,1.1674678325653076,1.7865760326385498
40,123,775,735,kl,86.08,-0.20000000000000284,0.3250928223133087,1.1795761585235596,1.8524583578109741
40,123,776,736,kl,86.08,0.0,0.3377956449985504,1.1831483840942383,1.863000750541687
40,123,777,737,kl,86.14,0.060000000000002274,0.35788899660110474,1.1923370361328125,1.827654480934143
40,123,778,738,kl,86.16,0.01999999999999602,0.308173269033432,1.1829527616500854,1.7812947034835815
40,123,779,739,ce,86.5,0.3400000000000034,0.05151683837175369,0.9388905763626099,3.168997287750244
40,123,780,740,kl,86.36,-0.14000000000000057,0.2802298069000244,1.162677526473999,1.7552082538604736
40,123,781,741,kl,86.54,0.18000000000000682,0.32750850915908813,1.183614730834961,1.824699878692627
40,123,782,742,kl,86.2,-0.3400000000000034,0.31275224685668945,1.1711788177490234,1.8015364408493042
40,123,783,743,kl,86.42,0.21999999999999886,0.26339277625083923,1.1655327081680298,1.7847269773483276
40,123,784,744,kl,86.3,-0.12000000000000455,0.2977829575538635,1.1745210886001587,1.8873286247253418
40,123,785,745,kl,86.36,0.060000000000002274,0.3289649486541748,1.189139723777771,1.8214890956878662
40,123,786,746,kl,86.22,-0.14000000000000057,0.3305146098136902,1.1941651105880737,1.8463106155395508
40,123,787,747,kl,86.24,0.01999999999999602,0.36283305287361145,1.215244174003601,1.809291124343872
40,123,788,748,kl,86.26,0.020000000000010232,0.34400099515914917,1.2118933200836182,1.8541234731674194
40,123,789,749,kl,86.3,0.03999999999999204,0.33366838097572327,1.2048985958099365,1.8365731239318848
40,123,790,750,kl,86.08,-0.21999999999999886,0.33082354068756104,1.210275650024414,1.8053711652755737
40,123,791,751,kl,86.32,0.23999999999999488,0.3289579749107361,1.2300283908843994,1.8883445262908936
40,123,792,752,kl,86.14,-0.1799999999999926,0.28909245133399963,1.1986503601074219,1.7975358963012695
40,123,793,753,kl,86.34,0.20000000000000284,0.3276297152042389,1.2089290618896484,1.8826168775558472
40,123,794,754,kl,86.52,0.1799999999999926,0.30765265226364136,1.1874850988388062,1.8506077527999878
40,123,795,755,kl,86.34,-0.1799999999999926,0.3205453157424927,1.2164629697799683,1.8439055681228638
40,123,796,756,kl,86.5,0.1599999999999966,0.32707709074020386,1.2313576936721802,1.9358328580856323
40,123,797,757,kl,86.3,-0.20000000000000284,0.3262147307395935,1.2305383682250977,1.9247267246246338
40,123,798,758,kl,86.14,-0.1599999999999966,0.2594722509384155,1.1925119161605835,1.845248818397522
40,123,799,759,kl,86.34,0.20000000000000284,0.32276174426078796,1.2247536182403564,1.935659646987915
40,123,800,760,kl,86.18,-0.1599999999999966,0.3042088747024536,1.219670057296753,1.8434062004089355
40,123,801,761,kl,86.28,0.09999999999999432,0.33468204736709595,1.2340199947357178,1.9731775522232056
40,123,802,762,kl,86.2,-0.0799999999999983,0.33824869990348816,1.231374979019165,1.9043548107147217
40,123,803,763,kl,86.38,0.1799999999999926,0.331646591424942,1.2369163036346436,1.9614956378936768
40,123,804,764,kl,86.26,-0.11999999999999034,0.3208879232406616,1.2401041984558105,1.8975768089294434
40,123,805,765,kl,86.08,-0.18000000000000682,0.28560930490493774,1.2233810424804688,1.8235734701156616
40,123,806,766,kl,86.06,-0.01999999999999602,0.28273147344589233,1.2147221565246582,1.8945118188858032
40,123,807,767,kl,86.48,0.4200000000000017,0.29144299030303955,1.2183635234832764,1.9051926136016846
40,123,808,768,kl,86.44,-0.04000000000000625,0.30248647928237915,1.2237941026687622,1.910588026046753
40,123,809,769,kl,86.28,-0.1599999999999966,0.34315168857574463,1.2574669122695923,1.908328890800476
40,123,810,770,kl,86.2,-0.0799999999999983,0.2856869101524353,1.2356421947479248,1.8726872205734253
40,123,811,771,kl,86.3,0.09999999999999432,0.32076913118362427,1.2332857847213745,1.8854765892028809
40,123,812,772,kl,86.04,-0.2599999999999909,0.30119672417640686,1.2357186079025269,1.9605125188827515
40,123,813,773,kl,86.32,0.2799999999999869,0.35836857557296753,1.2883883714675903,1.9026399850845337
40,123,814,774,kl,86.32,0.0,0.3014298677444458,1.2321391105651855,1.8662742376327515
40,123,815,775,kl,86.28,-0.03999999999999204,0.3235276937484741,1.240822434425354,1.9017102718353271
40,123,816,776,kl,86.08,-0.20000000000000284,0.3109443187713623,1.2371011972427368,1.956058382987976
40,123,817,777,kl,86.14,0.060000000000002274,0.28318098187446594,1.217635154724121,1.9519187211990356
40,123,818,778,kl,86.26,0.12000000000000455,0.3049313426017761,1.2348804473876953,1.8980978727340698
40,123,819,779,kl,86.28,0.01999999999999602,0.3221999406814575,1.2531092166900635,1.972697138786316
40,123,820,780,ce,86.3,0.01999999999999602,0.07748550921678543,1.045950174331665,3.268030881881714
40,1337,1,-39,kl,38.44,26.18,0.6013810634613037,0.8859690427780151,1.7146016359329224
40,1337,2,-38,kl,39.42,0.980000000000004,0.6647586226463318,0.7434794902801514,1.5618988275527954
40,1337,3,-37,kl,51.56,12.14,0.7542405724525452,0.6774372458457947,1.113840937614441
40,1337,4,-36,kl,57.84,6.280000000000001,0.1974642276763916,0.42873114347457886,1.1108444929122925
40,1337,5,-35,kl,63.42,5.579999999999998,0.676089882850647,0.5730279684066772,1.1695556640625
40,1337,6,-34,kl,66.9,3.480000000000004,0.613823413848877,0.5238170623779297,1.2330608367919922
40,1337,7,-33,kl,68.0,1.0999999999999943,0.6333506107330322,0.5705429315567017,1.054236888885498
40,1337,8,-32,kl,69.1,1.0999999999999943,0.5099510550498962,0.46750056743621826,1.043505072593689
40,1337,9,-31,kl,71.12,2.0200000000000102,0.7106564044952393,0.5349465012550354,1.074499249458313
40,1337,10,-30,kl,72.78,1.6599999999999966,0.5236558318138123,0.44898664951324463,1.0471246242523193
40,1337,11,-29,kl,73.94,1.1599999999999966,0.7344667315483093,0.5193326473236084,1.3522255420684814
40,1337,12,-28,kl,74.58,0.6400000000000006,0.4844832122325897,0.4429725706577301,1.1438088417053223
40,1337,13,-27,kl,76.2,1.6200000000000045,0.6336498260498047,0.48262232542037964,0.924252986907959
40,1337,14,-26,kl,77.36,1.1599999999999966,0.6456642150878906,0.4977847933769226,0.9424973130226135
40,1337,15,-25,kl,75.78,-1.5799999999999983,0.4147564172744751,0.46408137679100037,0.8568658232688904
40,1337,16,-24,kl,76.7,0.9200000000000017,0.4141191244125366,0.41316288709640503,0.7666465640068054
40,1337,17,-23,kl,76.32,-0.38000000000000966,0.5249732732772827,0.4272023141384125,0.8877374529838562
40,1337,18,-22,kl,78.16,1.8400000000000034,0.42193129658699036,0.4356510639190674,0.9246511459350586
40,1337,19,-21,kl,76.9,-1.259999999999991,0.42930683493614197,0.4128398895263672,0.8267772197723389
40,1337,20,-20,kl,77.94,1.039999999999992,0.4092668294906616,0.41084375977516174,0.9256710410118103
40,1337,21,-19,kl,79.2,1.2600000000000051,0.4929443299770355,0.4837303161621094,0.8971866965293884
40,1337,22,-18,kl,78.52,-0.6800000000000068,0.5141844749450684,0.4862777888774872,0.8156920075416565
40,1337,23,-17,kl,77.4,-1.1199999999999903,0.5864832401275635,0.5063161253929138,1.0007951259613037
40,1337,24,-16,kl,78.2,0.7999999999999972,0.633082389831543,0.5064004063606262,0.9416325688362122
40,1337,25,-15,kl,80.04,1.8400000000000034,0.4392101466655731,0.4276738464832306,0.8147811889648438
40,1337,26,-14,kl,80.04,0.0,0.4904292821884155,0.4504508376121521,0.8801974058151245
40,1337,27,-13,kl,79.32,-0.7200000000000131,0.45636337995529175,0.43478643894195557,0.9699360728263855
40,1337,28,-12,kl,77.76,-1.559999999999988,0.6141172647476196,0.5515000224113464,1.1269019842147827
40,1337,29,-11,kl,80.58,2.819999999999993,0.4238216280937195,0.43664491176605225,0.7908167243003845
40,1337,30,-10,kl,79.08,-1.5,0.5240468382835388,0.4884377717971802,0.8512578010559082
40,1337,31,-9,kl,80.26,1.1800000000000068,0.5597951412200928,0.49709755182266235,0.960138201713562
40,1337,32,-8,kl,78.72,-1.5400000000000063,0.30332088470458984,0.4452374279499054,0.866518497467041
40,1337,33,-7,kl,76.74,-1.980000000000004,0.6647961139678955,0.5457801818847656,1.086884617805481
40,1337,34,-6,kl,81.08,4.340000000000003,0.5017625689506531,0.45455050468444824,1.0215654373168945
40,1337,35,-5,kl,80.92,-0.1599999999999966,0.527122974395752,0.47899100184440613,0.9136353135108948
40,1337,36,-4,kl,78.82,-2.1000000000000085,0.34587934613227844,0.42166340351104736,0.8630509972572327
40,1337,37,-3,kl,79.78,0.960000000000008,0.5745583772659302,0.5456469655036926,1.1125423908233643
40,1337,38,-2,kl,80.02,0.23999999999999488,0.5676867365837097,0.5354645252227783,1.1857688426971436
40,1337,39,-1,kl,80.12,0.10000000000000853,0.45205527544021606,0.46785441040992737,0.8439188003540039
40,1337,40,0,kl,79.82,-0.30000000000001137,0.6483868360519409,0.5501430034637451,0.9109307527542114
40,1337,41,1,ce,80.34,0.5200000000000102,0.26463815569877625,0.3647547662258148,1.6388790607452393
40,1337,42,2,kl,80.74,0.3999999999999915,0.3080865740776062,0.42913785576820374,0.827829897403717
40,1337,43,3,kl,79.94,-0.7999999999999972,0.5400621891021729,0.535882830619812,1.0317378044128418
40,1337,44,4,kl,80.94,1.0,0.5730510950088501,0.4934915006160736,0.876179575920105
40,1337,45,5,kl,80.2,-0.7399999999999949,0.5025080442428589,0.4503263235092163,0.9482441544532776
40,1337,46,6,kl,80.32,0.11999999999999034,0.5913388729095459,0.4895789921283722,0.8394973874092102
40,1337,47,7,kl,77.46,-2.8599999999999994,0.6521406769752502,0.5316705703735352,1.0480256080627441
40,1337,48,8,kl,80.52,3.0600000000000023,0.42696523666381836,0.44836875796318054,0.8565267324447632
40,1337,49,9,kl,80.92,0.4000000000000057,0.5220142602920532,0.46790680289268494,1.0068203210830688
40,1337,50,10,kl,80.56,-0.35999999999999943,0.31967851519584656,0.4160413146018982,0.8475158214569092
40,1337,51,11,kl,81.26,0.7000000000000028,0.705665111541748,0.5781911611557007,1.2050049304962158
40,1337,52,12,kl,81.76,0.5,0.5495612621307373,0.5066632032394409,1.0062224864959717
40,1337,53,13,kl,81.14,-0.6200000000000045,0.5272776484489441,0.4652969241142273,0.8010255694389343
40,1337,54,14,kl,80.66,-0.480000000000004,0.5738181471824646,0.47374144196510315,1.0385011434555054
40,1337,55,15,kl,79.98,-0.6799999999999926,0.5209334492683411,0.47422751784324646,0.9164305925369263
40,1337,56,16,kl,81.16,1.1799999999999926,0.5599728226661682,0.4780225455760956,0.9212294220924377
40,1337,57,17,kl,80.08,-1.0799999999999983,0.5513486862182617,0.5092906951904297,0.9518304467201233
40,1337,58,18,kl,81.92,1.8400000000000034,0.27329039573669434,0.4135088324546814,0.8222559690475464
40,1337,59,19,kl,80.72,-1.2000000000000028,0.5847557187080383,0.5288017392158508,0.9765797853469849
40,1337,60,20,kl,81.12,0.4000000000000057,0.4646838307380676,0.4817163944244385,0.9878819584846497
40,1337,61,21,kl,80.64,-0.480000000000004,0.45524418354034424,0.45259734988212585,0.880424439907074
40,1337,62,22,kl,78.02,-2.6200000000000045,0.5565432906150818,0.5620536208152771,1.0038318634033203
40,1337,63,23,kl,81.04,3.0200000000000102,0.5526376962661743,0.5140406489372253,0.8601309657096863
40,1337,64,24,kl,79.26,-1.7800000000000011,0.465975821018219,0.4749111533164978,1.0159043073654175
40,1337,65,25,kl,80.7,1.4399999999999977,0.5298071503639221,0.5067455768585205,1.0900503396987915
40,1337,66,26,kl,81.68,0.980000000000004,0.5554032921791077,0.5194178223609924,1.1491409540176392
40,1337,67,27,kl,81.22,-0.46000000000000796,0.5308879613876343,0.4925694465637207,0.7233975529670715
40,1337,68,28,kl,81.3,0.0799999999999983,0.49052274227142334,0.4944734275341034,0.9019447565078735
40,1337,69,29,kl,81.82,0.519999999999996,0.613923192024231,0.5540288090705872,1.0981260538101196
40,1337,70,30,kl,80.6,-1.2199999999999989,0.5687901973724365,0.5533826351165771,1.1444734334945679
40,1337,71,31,kl,81.76,1.1600000000000108,0.5104033946990967,0.44852161407470703,1.0481916666030884
40,1337,72,32,kl,78.36,-3.4000000000000057,0.580559253692627,0.5267990827560425,1.118158221244812
40,1337,73,33,kl,79.9,1.5400000000000063,0.5383163690567017,0.5384068489074707,0.90266352891922
40,1337,74,34,kl,81.94,2.039999999999992,0.4187777042388916,0.45653876662254333,0.8544394969940186
40,1337,75,35,kl,80.24,-1.7000000000000028,0.6634545922279358,0.5670209527015686,0.9985182881355286
40,1337,76,36,kl,81.78,1.5400000000000063,0.32649657130241394,0.4140215516090393,0.9042655825614929
40,1337,77,37,kl,80.18,-1.5999999999999943,0.4872579574584961,0.5228825211524963,1.0138828754425049
40,1337,78,38,kl,81.14,0.9599999999999937,0.5239521265029907,0.4965224862098694,0.9783216118812561
40,1337,79,39,kl,80.26,-0.8799999999999955,0.5760860443115234,0.539579451084137,1.001792311668396
40,1337,80,40,kl,81.84,1.5799999999999983,0.6120157241821289,0.546388566493988,1.1402066946029663
40,1337,81,41,kl,79.62,-2.219999999999999,0.5187844038009644,0.5517370700836182,1.232039213180542
40,1337,82,42,ce,81.48,1.8599999999999994,0.30070406198501587,0.3615932762622833,1.6579322814941406
40,1337,83,43,kl,78.56,-2.9200000000000017,0.6577982902526855,0.6533709764480591,1.6439228057861328
40,1337,84,44,kl,80.92,2.3599999999999994,0.4851464629173279,0.46066921949386597,0.7037283778190613
40,1337,85,45,kl,79.76,-1.1599999999999966,0.4364834129810333,0.46245506405830383,0.8653045296669006
40,1337,86,46,kl,81.62,1.8599999999999994,0.2930411100387573,0.44318079948425293,0.9459516406059265
40,1337,87,47,kl,80.32,-1.3000000000000114,0.5649152994155884,0.5168258547782898,1.0451198816299438
40,1337,88,48,kl,81.78,1.460000000000008,0.41845113039016724,0.4652901589870453,0.7946235537528992
40,1337,89,49,kl,80.46,-1.3200000000000074,0.44497373700141907,0.48773518204689026,0.806727945804596
40,1337,90,50,kl,80.84,0.38000000000000966,0.45504245162010193,0.48160848021507263,1.083061695098877
40,1337,91,51,kl,81.54,0.7000000000000028,0.4714597761631012,0.46695539355278015,1.0317565202713013
40,1337,92,52,kl,82.0,0.45999999999999375,0.2537105083465576,0.40526363253593445,0.8131453990936279
40,1337,93,53,kl,79.98,-2.019999999999996,0.40507593750953674,0.44390907883644104,0.8244379758834839
40,1337,94,54,kl,80.58,0.5999999999999943,0.4774252772331238,0.4747432768344879,0.7994873523712158
40,1337,95,55,kl,81.94,1.3599999999999994,0.4723719358444214,0.45582497119903564,0.708975076675415
40,1337,96,56,kl,82.14,0.20000000000000284,0.46012231707572937,0.4717947542667389,1.233920693397522
40,1337,97,57,kl,80.5,-1.6400000000000006,0.41423067450523376,0.4478340148925781,0.909864604473114
40,1337,98,58,kl,82.62,2.1200000000000045,0.44945240020751953,0.4535013437271118,0.7223553657531738
40,1337,99,59,kl,81.88,-0.7400000000000091,0.3851804733276367,0.4390833079814911,0.9263326525688171
40,1337,100,60,kl,80.82,-1.0600000000000023,0.30173924565315247,0.42077702283859253,0.881676197052002
40,1337,101,61,kl,81.14,0.3200000000000074,0.5497127771377563,0.4722326695919037,0.7859360575675964
40,1337,102,62,kl,81.8,0.6599999999999966,0.47344398498535156,0.48098066449165344,0.8292185068130493
40,1337,103,63,kl,81.4,-0.3999999999999915,0.4957785904407501,0.4698775112628937,0.932547390460968
40,1337,104,64,kl,80.88,-0.5200000000000102,0.5244962573051453,0.5204227566719055,1.0331918001174927
40,1337,105,65,kl,82.14,1.2600000000000051,0.39873749017715454,0.45861807465553284,0.8657686710357666
40,1337,106,66,kl,74.48,-7.659999999999997,0.7399539947509766,0.6321719884872437,1.443482756614685
40,1337,107,67,kl,80.76,6.280000000000001,0.5687198042869568,0.5006664395332336,0.861791729927063
40,1337,108,68,kl,81.28,0.519999999999996,0.6263635158538818,0.5170402526855469,0.8169546723365784
40,1337,109,69,kl,81.02,-0.2600000000000051,0.45718860626220703,0.43823620676994324,0.8392785787582397
40,1337,110,70,kl,81.78,0.7600000000000051,0.3787199556827545,0.46407783031463623,0.7081038951873779
40,1337,111,71,kl,82.72,0.9399999999999977,0.48256582021713257,0.4688193202018738,1.0077853202819824
40,1337,112,72,kl,80.76,-1.9599999999999937,0.5178945064544678,0.5145134329795837,1.0408416986465454
40,1337,113,73,kl,81.86,1.0999999999999943,0.532257080078125,0.48193347454071045,0.9078927040100098
40,1337,114,74,kl,82.26,0.4000000000000057,0.39959174394607544,0.4408680498600006,0.9623913168907166
40,1337,115,75,kl,81.56,-0.7000000000000028,0.4031463861465454,0.47363391518592834,0.8881834149360657
40,1337,116,76,kl,82.12,0.5600000000000023,0.4864463210105896,0.4841881990432739,0.9212250709533691
40,1337,117,77,kl,80.36,-1.7600000000000051,0.42597833275794983,0.4274255633354187,0.9004568457603455
40,1337,118,78,kl,80.52,0.1599999999999966,0.49836891889572144,0.47471824288368225,0.9683084487915039
40,1337,119,79,kl,81.68,1.1600000000000108,0.48309072852134705,0.48736104369163513,1.0266156196594238
40,1337,120,80,kl,79.92,-1.7600000000000051,0.4442150592803955,0.5015604496002197,1.0660933256149292
40,1337,121,81,kl,81.88,1.9599999999999937,0.5156202912330627,0.5052798986434937,1.1217578649520874
40,1337,122,82,kl,81.36,-0.519999999999996,0.43915581703186035,0.4305618107318878,0.9551001191139221
40,1337,123,83,ce,79.94,-1.4200000000000017,0.39189738035202026,0.3929564654827118,1.7882928848266602
40,1337,124,84,kl,81.42,1.480000000000004,0.2708025574684143,0.43982815742492676,0.9507351517677307
40,1337,125,85,kl,80.46,-0.960000000000008,0.5112773776054382,0.5081105828285217,1.0950137376785278
40,1337,126,86,kl,81.14,0.6800000000000068,0.45922937989234924,0.46970945596694946,0.9110398292541504
40,1337,127,87,kl,80.94,-0.20000000000000284,0.5810109376907349,0.4875439405441284,0.929482102394104
40,1337,128,88,kl,80.68,-0.2599999999999909,0.5428306460380554,0.5561164021492004,1.0754384994506836
40,1337,129,89,kl,81.6,0.9199999999999875,0.40795421600341797,0.4431118965148926,0.7660074830055237
40,1337,130,90,kl,82.16,0.5600000000000023,0.40867623686790466,0.41854724287986755,0.8787145018577576
40,1337,131,91,kl,80.84,-1.3199999999999932,0.5737112760543823,0.4723776578903198,0.9654825329780579
40,1337,132,92,kl,81.74,0.8999999999999915,0.4743167459964752,0.48188287019729614,0.8523542881011963
40,1337,133,93,kl,77.98,-3.759999999999991,0.5280792713165283,0.5485737323760986,0.9564341902732849
40,1337,134,94,kl,76.6,-1.3800000000000097,0.7230490446090698,0.6440281271934509,1.2912129163742065
40,1337,135,95,kl,79.96,3.3599999999999994,0.46944713592529297,0.5063636302947998,1.0250895023345947
40,1337,136,96,kl,80.52,0.5600000000000023,0.643994152545929,0.5214483141899109,0.8886272311210632
40,1337,137,97,kl,81.9,1.3800000000000097,0.44918426871299744,0.47198814153671265,0.8620766401290894
40,1337,138,98,kl,81.96,0.05999999999998806,0.48485153913497925,0.4732389450073242,0.8576667904853821
40,1337,139,99,kl,80.74,-1.2199999999999989,0.704398512840271,0.5834425091743469,1.2794325351715088
40,1337,140,100,kl,82.26,1.5200000000000102,0.41112807393074036,0.47770100831985474,0.9613810777664185
40,1337,141,101,kl,80.72,-1.5400000000000063,0.5264697670936584,0.4861895442008972,0.8877450823783875
40,1337,142,102,kl,79.66,-1.0600000000000023,0.6274594664573669,0.530919075012207,1.157520055770874
40,1337,143,103,kl,82.28,2.6200000000000045,0.5024577379226685,0.5283748507499695,0.8730794191360474
40,1337,144,104,kl,81.2,-1.0799999999999983,0.5012009739875793,0.5071662068367004,1.0363610982894897
40,1337,145,105,kl,82.0,0.7999999999999972,0.3185071349143982,0.4472740590572357,0.6900185346603394
40,1337,146,106,kl,81.12,-0.8799999999999955,0.32565173506736755,0.4041958153247833,0.9336007237434387
40,1337,147,107,kl,80.8,-0.3200000000000074,0.6668925285339355,0.5891205072402954,1.042214274406433
40,1337,148,108,kl,80.76,-0.03999999999999204,0.6205183863639832,0.5335538387298584,0.971929669380188
40,1337,149,109,kl,82.12,1.3599999999999994,0.5780442953109741,0.5174199938774109,0.8326478004455566
40,1337,150,110,kl,81.36,-0.7600000000000051,0.6000217199325562,0.5245808362960815,1.0505900382995605
40,1337,151,111,kl,81.82,0.45999999999999375,0.3915790319442749,0.42243245244026184,0.8060564398765564
40,1337,152,112,kl,81.96,0.14000000000000057,0.40685003995895386,0.4398084580898285,0.8039632439613342
40,1337,153,113,kl,82.44,0.480000000000004,0.4252086579799652,0.4300490617752075,0.8065780401229858
40,1337,154,114,kl,80.42,-2.019999999999996,0.3861103057861328,0.44884344935417175,0.9607016444206238
40,1337,155,115,kl,81.76,1.3400000000000034,0.5086082220077515,0.4935295283794403,0.8191030621528625
40,1337,156,116,kl,81.04,-0.7199999999999989,0.3974851965904236,0.4693625569343567,0.8523120284080505
40,1337,157,117,kl,81.6,0.5599999999999881,0.47678321599960327,0.4556328356266022,0.7527300715446472
40,1337,158,118,kl,80.42,-1.1799999999999926,0.5268146991729736,0.5024195909500122,0.8475934267044067
40,1337,159,119,kl,81.86,1.4399999999999977,0.38503992557525635,0.46097490191459656,0.8897498846054077
40,1337,160,120,kl,81.6,-0.2600000000000051,0.3269347548484802,0.42146289348602295,0.7629806399345398
40,1337,161,121,kl,82.1,0.5,0.5579704642295837,0.5141242742538452,1.0681520700454712
40,1337,162,122,kl,81.06,-1.039999999999992,0.5478225946426392,0.5098419189453125,0.9543408751487732
40,1337,163,123,kl,81.3,0.23999999999999488,0.49889352917671204,0.4942914545536041,0.9037858843803406
40,1337,164,124,ce,81.96,0.6599999999999966,0.26775217056274414,0.36616989970207214,1.6556494235992432
40,1337,165,125,kl,82.0,0.04000000000000625,0.57682865858078,0.49953004717826843,0.872025191783905
40,1337,166,126,kl,80.92,-1.0799999999999983,0.6596899628639221,0.5664383172988892,1.073979377746582
40,1337,167,127,kl,80.12,-0.7999999999999972,0.4703870713710785,0.46811652183532715,0.8783068060874939
40,1337,168,128,kl,81.56,1.4399999999999977,0.44799548387527466,0.490186870098114,1.0223362445831299
40,1337,169,129,kl,81.72,0.1599999999999966,0.5150456428527832,0.5084461569786072,0.8851243257522583
40,1337,170,130,kl,81.62,-0.09999999999999432,0.6385459899902344,0.5331256985664368,1.0782264471054077
40,1337,171,131,kl,80.32,-1.3000000000000114,0.5687571167945862,0.4624212980270386,0.8002779483795166
40,1337,172,132,kl,80.24,-0.0799999999999983,0.45780783891677856,0.47309184074401855,0.8681346774101257
40,1337,173,133,kl,82.52,2.280000000000001,0.4175995886325836,0.4244594871997833,0.739712655544281
40,1337,174,134,kl,82.04,-0.47999999999998977,0.5793575048446655,0.5145525932312012,0.94158935546875
40,1337,175,135,kl,81.08,-0.960000000000008,0.5685450434684753,0.5454719066619873,1.1618326902389526
40,1337,176,136,kl,81.66,0.5799999999999983,0.47716134786605835,0.48186972737312317,0.9228349924087524
40,1337,177,137,kl,82.28,0.6200000000000045,0.35138261318206787,0.43778708577156067,0.9697341918945312
40,1337,178,138,kl,81.5,-0.7800000000000011,0.49456119537353516,0.5047537088394165,0.8904097676277161
40,1337,179,139,kl,80.12,-1.3799999999999955,0.5144436359405518,0.5235703587532043,1.0622905492782593
40,1337,180,140,kl,81.8,1.6799999999999926,0.5559973120689392,0.5031318068504333,1.025680422782898
40,1337,181,141,kl,80.8,-1.0,0.5688058137893677,0.5201074481010437,0.8723210692405701
40,1337,182,142,kl,81.34,0.5400000000000063,0.617660641670227,0.5607184767723083,1.1236226558685303
40,1337,183,143,kl,80.02,-1.3200000000000074,0.46449899673461914,0.5119929909706116,0.8740817308425903
40,1337,184,144,kl,81.06,1.0400000000000063,0.6158574223518372,0.569266676902771,1.0087478160858154
40,1337,185,145,kl,81.22,0.1599999999999966,0.4085283875465393,0.4738331139087677,0.8398972153663635
40,1337,186,146,kl,81.34,0.12000000000000455,0.4807306230068207,0.5066463947296143,0.9923822283744812
40,1337,187,147,kl,82.16,0.8199999999999932,0.5012975931167603,0.4948683977127075,0.841299295425415
40,1337,188,148,kl,82.38,0.21999999999999886,0.45484253764152527,0.469668447971344,0.8260930180549622
40,1337,189,149,kl,81.2,-1.1799999999999926,0.4290315806865692,0.4723723530769348,0.7484999895095825
40,1337,190,150,kl,81.72,0.519999999999996,0.5522451996803284,0.5047720074653625,1.0411432981491089
40,1337,191,151,kl,78.5,-3.219999999999999,0.6646007299423218,0.6344032287597656,1.2592458724975586
40,1337,192,152,kl,80.96,2.4599999999999937,0.5249232649803162,0.5085711479187012,0.8820773959159851
40,1337,193,153,kl,82.12,1.1600000000000108,0.5042435526847839,0.5158225297927856,0.963816225528717
40,1337,194,154,kl,81.94,-0.18000000000000682,0.4494227468967438,0.4664882719516754,0.9268112182617188
40,1337,195,155,kl,81.82,-0.12000000000000455,0.37679046392440796,0.4211798906326294,0.758857250213623
40,1337,196,156,kl,81.76,-0.05999999999998806,0.48214706778526306,0.513465404510498,0.8530849814414978
40,1337,197,157,kl,81.48,-0.28000000000000114,0.3209236264228821,0.45314061641693115,0.6396369338035583
40,1337,198,158,kl,81.42,-0.060000000000002274,0.5043659210205078,0.4986097514629364,0.9817981123924255
40,1337,199,159,kl,80.5,-0.9200000000000017,0.5394501686096191,0.5007134079933167,0.9950765371322632
40,1337,200,160,kl,81.6,1.0999999999999943,0.47422927618026733,0.48112085461616516,0.9429476857185364
40,1337,201,161,kl,79.8,-1.7999999999999972,0.6669093370437622,0.6289814710617065,1.1615879535675049
40,1337,202,162,kl,80.72,0.9200000000000017,0.49144691228866577,0.5114638805389404,0.9848745465278625
40,1337,203,163,kl,80.82,0.09999999999999432,0.5314780473709106,0.5264536142349243,0.992768406867981
40,1337,204,164,kl,82.28,1.460000000000008,0.47636547684669495,0.46264129877090454,0.9878951907157898
40,1337,205,165,ce,81.62,-0.6599999999999966,0.3393781781196594,0.41706523299217224,1.776504635810852
40,1337,206,166,kl,80.86,-0.7600000000000051,0.5090572834014893,0.5124207735061646,0.9922506213188171
40,1337,207,167,kl,81.02,0.1599999999999966,0.34213507175445557,0.4350597858428955,0.7951185703277588
40,1337,208,168,kl,81.44,0.4200000000000017,0.5306509733200073,0.48393166065216064,0.8796053528785706
40,1337,209,169,kl,81.58,0.14000000000000057,0.4517093300819397,0.4820248484611511,0.7854087948799133
40,1337,210,170,kl,80.94,-0.6400000000000006,0.5643397569656372,0.5147778391838074,0.9364259839057922
40,1337,211,171,kl,81.38,0.4399999999999977,0.34029608964920044,0.4440867602825165,0.7375585436820984
40,1337,212,172,kl,82.32,0.9399999999999977,0.37780582904815674,0.47631075978279114,0.7630264163017273
40,1337,213,173,kl,81.24,-1.0799999999999983,0.4181399345397949,0.5057889819145203,1.091065764427185
40,1337,214,174,kl,82.06,0.8200000000000074,0.4445430040359497,0.4595212936401367,0.9650081992149353
40,1337,215,175,kl,80.7,-1.3599999999999994,0.613801121711731,0.5249282121658325,0.9279513955116272
40,1337,216,176,kl,81.5,0.7999999999999972,0.5494719743728638,0.4954328238964081,0.880176305770874
40,1337,217,177,kl,81.74,0.23999999999999488,0.43491131067276,0.4881082773208618,0.932765781879425
40,1337,218,178,kl,82.22,0.480000000000004,0.4908832609653473,0.4980629086494446,1.0325677394866943
40,1337,219,179,kl,80.82,-1.4000000000000057,0.5221191644668579,0.5166791677474976,0.9915457963943481
40,1337,220,180,kl,81.98,1.1600000000000108,0.48042282462120056,0.4978337585926056,1.0644252300262451
40,1337,221,181,kl,81.26,-0.7199999999999989,0.44496485590934753,0.5019397735595703,1.1460529565811157
40,1337,222,182,kl,82.14,0.8799999999999955,0.2583591341972351,0.40743717551231384,0.8255923986434937
40,1337,223,183,kl,80.84,-1.2999999999999972,0.5304698944091797,0.534989058971405,0.8997440934181213
40,1337,224,184,kl,81.0,0.1599999999999966,0.49485325813293457,0.48503345251083374,0.866950273513794
40,1337,225,185,kl,81.26,0.2600000000000051,0.42680150270462036,0.4882456064224243,0.7106971144676208
40,1337,226,186,kl,81.44,0.1799999999999926,0.6064713001251221,0.60166996717453,1.1575433015823364
40,1337,227,187,kl,79.64,-1.7999999999999972,0.27600231766700745,0.4257715046405792,0.7900550365447998
40,1337,228,188,kl,79.64,0.0,0.5392177700996399,0.4893783926963806,0.9244605302810669
40,1337,229,189,kl,81.46,1.8199999999999932,0.5369048118591309,0.5140997171401978,0.8783628344535828
40,1337,230,190,kl,80.84,-0.6199999999999903,0.4560856223106384,0.4900170862674713,0.9574240446090698
40,1337,231,191,kl,80.18,-0.6599999999999966,0.6222475171089172,0.5733739137649536,1.0161476135253906
40,1337,232,192,kl,81.74,1.559999999999988,0.4750058650970459,0.5189580321311951,0.8982628583908081
40,1337,233,193,kl,82.32,0.5799999999999983,0.41257208585739136,0.48487240076065063,0.9142657518386841
40,1337,234,194,kl,81.06,-1.259999999999991,0.6080146431922913,0.525238573551178,0.948824405670166
40,1337,235,195,kl,82.76,1.7000000000000028,0.46110767126083374,0.4596724212169647,0.6703107953071594
40,1337,236,196,kl,82.34,-0.4200000000000017,0.388119637966156,0.4737119674682617,0.9607930779457092
40,1337,237,197,kl,81.6,-0.7400000000000091,0.5307158827781677,0.4991939663887024,0.8979865312576294
40,1337,238,198,kl,82.34,0.7400000000000091,0.6047872304916382,0.5432838797569275,0.9027562141418457
40,1337,239,199,kl,80.92,-1.4200000000000017,0.4515363574028015,0.5120706558227539,0.937155544757843
40,1337,240,200,kl,81.5,0.5799999999999983,0.6380630731582642,0.5703191757202148,0.8089520931243896
40,1337,241,201,kl,82.72,1.2199999999999989,0.5158175826072693,0.523215115070343,0.8012499213218689
40,1337,242,202,kl,81.52,-1.2000000000000028,0.5147193670272827,0.5222486853599548,1.0411806106567383
40,1337,243,203,kl,80.56,-0.9599999999999937,0.510881781578064,0.5084463357925415,0.946068525314331
40,1337,244,204,kl,81.26,0.7000000000000028,0.5166260600090027,0.5495404005050659,1.054416537284851
40,1337,245,205,kl,79.36,-1.9000000000000057,0.5831451416015625,0.5337516069412231,0.9872713685035706
40,1337,246,206,ce,80.88,1.519999999999996,0.35330930352211,0.43677565455436707,1.5797518491744995
40,1337,247,207,kl,80.6,-0.28000000000000114,0.6115102171897888,0.5450303554534912,0.9929056763648987
40,1337,248,208,kl,81.08,0.480000000000004,0.6235659122467041,0.546790361404419,1.036854863166809
40,1337,249,209,kl,82.04,0.960000000000008,0.4500809907913208,0.46441328525543213,0.8736040592193604
40,1337,250,210,kl,81.52,-0.5200000000000102,0.5646306276321411,0.539444088935852,1.1438708305358887
40,1337,251,211,kl,81.16,-0.35999999999999943,0.3912554979324341,0.47234049439430237,0.9258016347885132
40,1337,252,212,kl,82.52,1.3599999999999994,0.4286549687385559,0.46521633863449097,0.8659582138061523
40,1337,253,213,kl,82.32,-0.20000000000000284,0.5011632442474365,0.47644853591918945,0.9237726330757141
40,1337,254,214,kl,81.44,-0.8799999999999955,0.575849175453186,0.5195229053497314,0.8645917177200317
40,1337,255,215,kl,81.8,0.35999999999999943,0.37936630845069885,0.45088139176368713,0.8894840478897095
40,1337,256,216,kl,81.8,0.0,0.4767785370349884,0.4839209318161011,0.9984747171401978
40,1337,257,217,kl,82.78,0.980000000000004,0.5047260522842407,0.5491742491722107,1.0022509098052979
40,1337,258,218,kl,79.78,-3.0,0.4281826913356781,0.4799670875072479,1.0159040689468384
40,1337,259,219,kl,80.96,1.1799999999999926,0.5849252343177795,0.5331395864486694,0.9716607928276062
40,1337,260,220,kl,79.34,-1.6199999999999903,0.6285170316696167,0.5685948133468628,1.2639626264572144
40,1337,261,221,kl,81.56,2.219999999999999,0.5345038771629333,0.47667205333709717,0.9296821355819702
40,1337,262,222,kl,81.44,-0.12000000000000455,0.5514539480209351,0.5383227467536926,0.9165829420089722
40,1337,263,223,kl,82.14,0.7000000000000028,0.46307677030563354,0.4428432583808899,0.9391651153564453
40,1337,264,224,kl,80.74,-1.4000000000000057,0.3210955858230591,0.4519576132297516,0.9885847568511963
40,1337,265,225,kl,82.18,1.440000000000012,0.35571953654289246,0.4401690363883972,0.8810963034629822
40,1337,266,226,kl,82.24,0.05999999999998806,0.61375892162323,0.5271543860435486,1.0337398052215576
40,1337,267,227,kl,81.62,-0.6199999999999903,0.2195524126291275,0.45101815462112427,0.8659763932228088
40,1337,268,228,kl,81.38,-0.2400000000000091,0.5361683368682861,0.5318517088890076,1.2122809886932373
40,1337,269,229,kl,81.4,0.020000000000010232,0.5388596057891846,0.4733026623725891,0.9714969992637634
40,1337,270,230,kl,82.86,1.4599999999999937,0.3936491012573242,0.45298394560813904,0.860713005065918
40,1337,271,231,kl,81.32,-1.5400000000000063,0.4169362783432007,0.5044377446174622,0.9359497427940369
40,1337,272,232,kl,81.02,-0.29999999999999716,0.5755409598350525,0.5025408864021301,0.906619668006897
40,1337,273,233,kl,80.98,-0.03999999999999204,0.4538629651069641,0.49020707607269287,0.8844701051712036
40,1337,274,234,kl,80.8,-0.18000000000000682,0.5439295172691345,0.5404064059257507,0.7473418116569519
40,1337,275,235,kl,79.02,-1.7800000000000011,0.6758344173431396,0.6146814823150635,1.3730356693267822
40,1337,276,236,kl,80.76,1.740000000000009,0.7122613191604614,0.669542133808136,1.3221122026443481
40,1337,277,237,kl,81.98,1.2199999999999989,0.5180169343948364,0.4968233108520508,0.7918764352798462
40,1337,278,238,kl,82.08,0.09999999999999432,0.32245177030563354,0.43492063879966736,1.0045543909072876
40,1337,279,239,kl,81.7,-0.37999999999999545,0.5101513266563416,0.4747684895992279,0.9013015627861023
40,1337,280,240,kl,81.64,-0.060000000000002274,0.5643522143363953,0.5360044240951538,1.0682309865951538
40,1337,281,241,kl,82.22,0.5799999999999983,0.6252644062042236,0.5181037187576294,1.1552964448928833
40,1337,282,242,kl,81.56,-0.6599999999999966,0.44996315240859985,0.471730500459671,0.9275964498519897
40,1337,283,243,kl,82.22,0.6599999999999966,0.3188965320587158,0.43623968958854675,0.8509197235107422
40,1337,284,244,kl,81.96,-0.2600000000000051,0.4548720419406891,0.4752679765224457,0.9055278897285461
40,1337,285,245,kl,80.54,-1.4199999999999875,0.6455057263374329,0.5539050698280334,0.8702499866485596
40,1337,286,246,kl,80.48,-0.060000000000002274,0.4874540865421295,0.5261644721031189,0.9588351249694824
40,1337,287,247,ce,80.66,0.1799999999999926,0.3356805145740509,0.39823636412620544,1.8915127515792847
40,1337,288,248,kl,80.86,0.20000000000000284,0.5755240321159363,0.541451096534729,0.9882146716117859
40,1337,289,249,kl,80.98,0.12000000000000455,0.5816465616226196,0.544987142086029,1.0743420124053955
40,1337,290,250,kl,81.48,0.5,0.38207346200942993,0.4628640115261078,0.9191796779632568
40,1337,291,251,kl,82.4,0.9200000000000017,0.26873427629470825,0.3964043855667114,1.0432907342910767
40,1337,292,252,kl,79.64,-2.760000000000005,0.3267073631286621,0.4433285892009735,0.9808040261268616
40,1337,293,253,kl,81.42,1.7800000000000011,0.4416309595108032,0.44018876552581787,0.9615581631660461
40,1337,294,254,kl,80.62,-0.7999999999999972,0.3258676826953888,0.4379308819770813,0.8398705124855042
40,1337,295,255,kl,81.46,0.8399999999999892,0.30488312244415283,0.4095849096775055,0.9068132042884827
40,1337,296,256,kl,80.7,-0.7599999999999909,0.4073689579963684,0.44479504227638245,0.7393532991409302
40,1337,297,257,kl,81.98,1.2800000000000011,0.45348942279815674,0.4907863438129425,0.8565586805343628
40,1337,298,258,kl,80.9,-1.0799999999999983,0.5209609270095825,0.5106015205383301,0.9581732153892517
40,1337,299,259,kl,79.64,-1.2600000000000051,0.6663854122161865,0.586706280708313,1.23280930519104
40,1337,300,260,kl,81.26,1.6200000000000045,0.39438000321388245,0.5073665380477905,0.8948478698730469
40,1337,301,261,kl,81.76,0.5,0.5428460836410522,0.5143141746520996,0.8406118154525757
40,1337,302,262,kl,80.74,-1.0200000000000102,0.5778045058250427,0.5281746983528137,0.8826659321784973
40,1337,303,263,kl,82.88,2.1400000000000006,0.44391512870788574,0.46053624153137207,0.802068829536438
40,1337,304,264,kl,82.34,-0.539999999999992,0.3679220974445343,0.43919607996940613,0.6955442428588867
40,1337,305,265,kl,80.6,-1.740000000000009,0.3945287764072418,0.4739387333393097,0.9550233483314514
40,1337,306,266,kl,81.92,1.3200000000000074,0.3490772247314453,0.4475964903831482,0.8570863008499146
40,1337,307,267,kl,81.68,-0.23999999999999488,0.5795910954475403,0.5275790095329285,0.824849545955658
40,1337,308,268,kl,80.58,-1.1000000000000085,0.3446950614452362,0.43255239725112915,0.786579430103302
40,1337,309,269,kl,82.74,2.1599999999999966,0.30945199728012085,0.4264804720878601,0.994722306728363
40,1337,310,270,kl,81.24,-1.5,0.3453153669834137,0.4574105441570282,1.0954127311706543
40,1337,311,271,kl,80.14,-1.0999999999999943,0.616796612739563,0.5234847068786621,0.8344579935073853
40,1337,312,272,kl,82.34,2.200000000000003,0.46449553966522217,0.4614553451538086,0.8548263311386108
40,1337,313,273,kl,80.06,-2.280000000000001,0.37007614970207214,0.4629286229610443,0.9953542351722717
40,1337,314,274,kl,80.88,0.8199999999999932,0.3447107672691345,0.4528582692146301,0.8788049817085266
40,1337,315,275,kl,82.16,1.2800000000000011,0.49348506331443787,0.49680352210998535,0.8525095582008362
40,1337,316,276,kl,80.7,-1.4599999999999937,0.6389849185943604,0.5888438820838928,1.0989210605621338
40,1337,317,277,kl,81.76,1.0600000000000023,0.4569694995880127,0.4574021100997925,0.7541105151176453
40,1337,318,278,kl,81.0,-0.7600000000000051,0.40141811966896057,0.4667210578918457,0.8403007388114929
40,1337,319,279,kl,81.66,0.6599999999999966,0.5123710036277771,0.5244856476783752,1.008095145225525
40,1337,320,280,kl,79.24,-2.4200000000000017,0.6806089282035828,0.5935863256454468,1.0818225145339966
40,1337,321,281,kl,82.16,2.9200000000000017,0.4669378399848938,0.45253461599349976,1.0702694654464722
40,1337,322,282,kl,80.44,-1.7199999999999989,0.4436207115650177,0.4900311827659607,1.120086908340454
40,1337,323,283,kl,81.72,1.2800000000000011,0.5015610456466675,0.5060808658599854,0.9109307527542114
40,1337,324,284,kl,82.46,0.7399999999999949,0.5842362642288208,0.5636918544769287,1.0751793384552002
40,1337,325,285,kl,81.56,-0.8999999999999915,0.6404412984848022,0.5398720502853394,1.1854134798049927
40,1337,326,286,kl,81.64,0.0799999999999983,0.4489738345146179,0.4683159291744232,0.8669117093086243
40,1337,327,287,kl,80.54,-1.0999999999999943,0.5055491924285889,0.5248922109603882,0.9590511322021484
40,1337,328,288,ce,81.46,0.9199999999999875,0.396485835313797,0.3818921744823456,1.8515167236328125
40,1337,329,289,kl,82.06,0.6000000000000085,0.442383348941803,0.47166708111763,0.7215038537979126
40,1337,330,290,kl,83.16,1.0999999999999943,0.38543152809143066,0.4332634210586548,0.7329844236373901
40,1337,331,291,kl,81.24,-1.9200000000000017,0.5412702560424805,0.4916194677352905,0.899319589138031
40,1337,332,292,kl,81.44,0.20000000000000284,0.3496687114238739,0.39287233352661133,0.8402163982391357
40,1337,333,293,kl,82.64,1.2000000000000028,0.24395029246807098,0.4404352009296417,0.9022815823554993
40,1337,334,294,kl,83.2,0.5600000000000023,0.36176586151123047,0.4389089345932007,0.9091874957084656
40,1337,335,295,kl,82.38,-0.8200000000000074,0.4198160469532013,0.4667782783508301,0.954364001750946
40,1337,336,296,kl,81.76,-0.6199999999999903,0.44997844099998474,0.45257091522216797,0.8462305665016174
40,1337,337,297,kl,81.5,-0.2600000000000051,0.311795175075531,0.4410119652748108,0.8124172687530518
40,1337,338,298,kl,80.9,-0.5999999999999943,0.6360783576965332,0.5643526911735535,1.1179935932159424
40,1337,339,299,kl,81.08,0.1799999999999926,0.3782052993774414,0.45653676986694336,0.877677857875824
40,1337,340,300,kl,81.82,0.7399999999999949,0.5922995209693909,0.5324798822402954,1.061110258102417
40,1337,341,301,kl,81.78,-0.03999999999999204,0.3665602207183838,0.47161200642585754,0.7551824450492859
40,1337,342,302,kl,81.38,-0.4000000000000057,0.5648877024650574,0.5267348289489746,0.8328763842582703
40,1337,343,303,kl,82.26,0.8800000000000097,0.2703773081302643,0.417849600315094,0.9218508005142212
40,1337,344,304,kl,81.26,-1.0,0.5468761920928955,0.5205813050270081,0.9561141729354858
40,1337,345,305,kl,82.04,0.7800000000000011,0.555931031703949,0.505272388458252,1.0042389631271362
40,1337,346,306,kl,81.84,-0.20000000000000284,0.3747936487197876,0.44484221935272217,0.9167162179946899
40,1337,347,307,kl,80.82,-1.0200000000000102,0.5941430330276489,0.5308389663696289,1.1578257083892822
40,1337,348,308,kl,82.36,1.5400000000000063,0.3695458471775055,0.4548957347869873,0.8547794222831726
40,1337,349,309,kl,82.26,-0.09999999999999432,0.6110618114471436,0.5345665216445923,1.1017965078353882
40,1337,350,310,kl,81.58,-0.6800000000000068,0.43078532814979553,0.4612927734851837,0.7516846656799316
40,1337,351,311,kl,81.14,-0.4399999999999977,0.4874778687953949,0.5021622180938721,0.9713405966758728
40,1337,352,312,kl,81.84,0.7000000000000028,0.4447488784790039,0.49386823177337646,0.7539758086204529
40,1337,353,313,kl,80.86,-0.980000000000004,0.3198429346084595,0.41364482045173645,0.9365145564079285
40,1337,354,314,kl,81.54,0.6800000000000068,0.6165304183959961,0.5376005172729492,0.820513904094696
40,1337,355,315,kl,81.88,0.3399999999999892,0.4659760296344757,0.47834500670433044,1.0115039348602295
40,1337,356,316,kl,76.54,-5.339999999999989,0.6517382860183716,0.6675503253936768,1.2514978647232056
40,1337,357,317,kl,82.4,5.859999999999999,0.41696426272392273,0.4653281271457672,0.7378474473953247
40,1337,358,318,kl,81.66,-0.7400000000000091,0.42919111251831055,0.4807020127773285,0.7485878467559814
40,1337,359,319,kl,80.94,-0.7199999999999989,0.4236080050468445,0.4796927273273468,1.0302027463912964
40,1337,360,320,kl,82.12,1.1800000000000068,0.3057705760002136,0.4448004961013794,0.8681270480155945
40,1337,361,321,kl,80.58,-1.5400000000000063,0.46236270666122437,0.4660564064979553,0.8567361831665039
40,1337,362,322,kl,81.2,0.6200000000000045,0.3812944293022156,0.4865564703941345,0.8410236835479736
40,1337,363,323,kl,81.4,0.20000000000000284,0.34927845001220703,0.4398933947086334,0.8393391966819763
40,1337,364,324,kl,80.42,-0.980000000000004,0.44962891936302185,0.5229944586753845,0.7481697797775269
40,1337,365,325,kl,81.94,1.519999999999996,0.4817087948322296,0.5023053884506226,1.051415205001831
40,1337,366,326,kl,80.12,-1.8199999999999932,0.5540207624435425,0.5171482563018799,0.7706286907196045
40,1337,367,327,kl,81.88,1.759999999999991,0.49195408821105957,0.4850151836872101,0.7361409664154053
40,1337,368,328,kl,81.5,-0.37999999999999545,0.48050040006637573,0.5301861763000488,1.015113353729248
40,1337,369,329,ce,80.14,-1.3599999999999994,0.33030152320861816,0.420407235622406,1.6786080598831177
40,1337,370,330,kl,81.52,1.3799999999999955,0.4284510314464569,0.49112167954444885,0.8825151920318604
40,1337,371,331,kl,79.86,-1.6599999999999966,0.44282394647598267,0.523775577545166,0.9941098690032959
40,1337,372,332,kl,80.78,0.9200000000000017,0.5653672218322754,0.5417184233665466,1.0293614864349365
40,1337,373,333,kl,82.54,1.7600000000000051,0.5018917918205261,0.4751100242137909,0.910751461982727
40,1337,374,334,kl,81.94,-0.6000000000000085,0.31546854972839355,0.4425599277019501,1.0718623399734497
40,1337,375,335,kl,80.82,-1.1200000000000045,0.5223600268363953,0.4980839490890503,0.8462266325950623
40,1337,376,336,kl,81.58,0.7600000000000051,0.5542227625846863,0.5547398924827576,0.9121128916740417
40,1337,377,337,kl,82.84,1.2600000000000051,0.39955461025238037,0.4939710795879364,0.98504239320755
40,1337,378,338,kl,82.44,-0.4000000000000057,0.5281124114990234,0.5242621302604675,1.0690460205078125
40,1337,379,339,kl,82.76,0.3200000000000074,0.36384814977645874,0.43951764702796936,0.6902854442596436
40,1337,380,340,kl,81.26,-1.5,0.3560284972190857,0.4543655514717102,0.9889354705810547
40,1337,381,341,kl,81.98,0.7199999999999989,0.5201719999313354,0.5008669495582581,0.8180984854698181
40,1337,382,342,kl,79.6,-2.3800000000000097,0.5297211408615112,0.5360240340232849,0.8495303392410278
40,1337,383,343,kl,81.9,2.3000000000000114,0.4323536157608032,0.48419132828712463,0.7220495343208313
40,1337,384,344,kl,81.0,-0.9000000000000057,0.4214462637901306,0.45201677083969116,1.1771290302276611
40,1337,385,345,kl,81.7,0.7000000000000028,0.4561256170272827,0.47654062509536743,0.808414876461029
40,1337,386,346,kl,81.7,0.0,0.620058000087738,0.5766453146934509,1.0817009210586548
40,1337,387,347,kl,81.96,0.2599999999999909,0.535362720489502,0.5123959183692932,1.0221501588821411
40,1337,388,348,kl,82.2,0.2400000000000091,0.6354050040245056,0.575069785118103,1.0313204526901245
40,1337,389,349,kl,83.12,0.9200000000000017,0.4636796712875366,0.5329654812812805,0.8551530241966248
40,1337,390,350,kl,81.12,-2.0,0.4609256982803345,0.5081589818000793,1.0127077102661133
40,1337,391,351,kl,80.82,-0.30000000000001137,0.6437011361122131,0.5842252969741821,0.9230660796165466
40,1337,392,352,kl,80.62,-0.19999999999998863,0.49321413040161133,0.50221848487854,1.0036922693252563
40,1337,393,353,kl,81.06,0.4399999999999977,0.5451963543891907,0.5228778123855591,1.0451395511627197
40,1337,394,354,kl,81.14,0.0799999999999983,0.45979878306388855,0.47821298241615295,0.8526340126991272
40,1337,395,355,kl,82.64,1.5,0.3780346214771271,0.45465782284736633,0.7924340963363647
40,1337,396,356,kl,81.44,-1.2000000000000028,0.5815746188163757,0.5404760241508484,0.9742485880851746
40,1337,397,357,kl,81.72,0.28000000000000114,0.5893792510032654,0.565492570400238,1.0420798063278198
40,1337,398,358,kl,81.88,0.1599999999999966,0.5841900110244751,0.5254451036453247,0.8926280736923218
40,1337,399,359,kl,81.52,-0.35999999999999943,0.5623677968978882,0.5238088965415955,0.9609134197235107
40,1337,400,360,kl,82.3,0.7800000000000011,0.5410372018814087,0.48926007747650146,0.9857549071311951
40,1337,401,361,kl,81.56,-0.7399999999999949,0.45836806297302246,0.45292234420776367,0.8079228401184082
40,1337,402,362,kl,79.12,-2.4399999999999977,0.6306806206703186,0.5745202898979187,1.1320029497146606
40,1337,403,363,kl,81.92,2.799999999999997,0.45221877098083496,0.45946013927459717,0.910247802734375
40,1337,404,364,kl,80.92,-1.0,0.45543789863586426,0.5169761180877686,0.891460657119751
40,1337,405,365,kl,82.3,1.3799999999999955,0.3711960017681122,0.4936027228832245,0.9207557439804077
40,1337,406,366,kl,81.48,-0.8199999999999932,0.5030116438865662,0.5166090130805969,0.9855908751487732
40,1337,407,367,kl,82.14,0.6599999999999966,0.4441375732421875,0.4706273376941681,0.8481951951980591
40,1337,408,368,kl,81.08,-1.0600000000000023,0.5005321502685547,0.5085772275924683,0.9513778686523438
40,1337,409,369,kl,83.12,2.0400000000000063,0.20616097748279572,0.417927086353302,0.9207865595817566
40,1337,410,370,ce,80.04,-3.0799999999999983,0.2952350974082947,0.454465389251709,1.7323627471923828
40,1337,411,371,kl,81.28,1.2399999999999949,0.4185134172439575,0.4716868996620178,0.9559606313705444
40,1337,412,372,kl,80.58,-0.7000000000000028,0.4511491358280182,0.4822258949279785,0.9429875612258911
40,1337,413,373,kl,82.0,1.4200000000000017,0.4633685350418091,0.4886671006679535,0.9459376335144043
40,1337,414,374,kl,82.3,0.29999999999999716,0.5231397151947021,0.4885702431201935,0.9467662572860718
40,1337,415,375,kl,82.38,0.0799999999999983,0.5231163501739502,0.5011085271835327,0.8776984214782715
40,1337,416,376,kl,82.64,0.2600000000000051,0.4788561463356018,0.47716251015663147,1.04225754737854
40,1337,417,377,kl,82.52,-0.12000000000000455,0.43710488080978394,0.46066662669181824,1.0979894399642944
40,1337,418,378,kl,81.74,-0.7800000000000011,0.3411572575569153,0.433408260345459,0.8662614226341248
40,1337,419,379,kl,80.4,-1.3399999999999892,0.3933994770050049,0.4562033712863922,0.9549546241760254
40,1337,420,380,kl,82.4,2.0,0.4545847773551941,0.4720911979675293,1.0678620338439941
40,1337,421,381,kl,80.18,-2.219999999999999,0.6011711359024048,0.5261907577514648,1.0230717658996582
40,1337,422,382,kl,81.7,1.519999999999996,0.5634540319442749,0.5694171786308289,0.7619608044624329
40,1337,423,383,kl,81.14,-0.5600000000000023,0.5149960517883301,0.5177493691444397,1.0272763967514038
40,1337,424,384,kl,81.64,0.5,0.5335797071456909,0.5292215347290039,0.9440918564796448
40,1337,425,385,kl,81.86,0.21999999999999886,0.5108397603034973,0.49005892872810364,0.802725613117218
40,1337,426,386,kl,82.78,0.9200000000000017,0.5004472136497498,0.4997634291648865,0.8882744312286377
40,1337,427,387,kl,81.12,-1.6599999999999966,0.43791091442108154,0.4563129246234894,0.9464488625526428
40,1337,428,388,kl,82.32,1.1999999999999886,0.3746550977230072,0.44138646125793457,0.9484140276908875
40,1337,429,389,kl,82.22,-0.09999999999999432,0.4592919647693634,0.4714142680168152,1.0906686782836914
40,1337,430,390,kl,81.56,-0.6599999999999966,0.4362824559211731,0.46567776799201965,0.946575403213501
40,1337,431,391,kl,82.48,0.9200000000000017,0.393513023853302,0.4394087493419647,0.8805177211761475
40,1337,432,392,kl,80.34,-2.1400000000000006,0.5948876142501831,0.5479297041893005,1.0503935813903809
40,1337,433,393,kl,81.94,1.5999999999999943,0.5263642072677612,0.5306086540222168,1.0049699544906616
40,1337,434,394,kl,82.12,0.18000000000000682,0.3579942286014557,0.44762760400772095,0.9537107944488525
40,1337,435,395,kl,80.68,-1.4399999999999977,0.4007532298564911,0.49716517329216003,1.021531343460083
40,1337,436,396,kl,81.9,1.2199999999999989,0.6066577434539795,0.5770954489707947,0.981539785861969
40,1337,437,397,kl,82.3,0.3999999999999915,0.5288093090057373,0.5077798962593079,0.9529643058776855
40,1337,438,398,kl,81.48,-0.8199999999999932,0.5754678845405579,0.5756292939186096,1.168936848640442
40,1337,439,399,kl,81.7,0.21999999999999886,0.34454545378685,0.47005003690719604,0.844370424747467
40,1337,440,400,kl,81.1,-0.6000000000000085,0.43135374784469604,0.44588473439216614,1.0847331285476685
40,1337,441,401,kl,80.06,-1.039999999999992,0.39853334426879883,0.47487449645996094,0.7119417190551758
40,1337,442,402,kl,81.0,0.9399999999999977,0.49682343006134033,0.5243637561798096,0.8736798167228699
40,1337,443,403,kl,83.32,2.319999999999993,0.4477965235710144,0.4626063406467438,0.8476563692092896
40,1337,444,404,kl,81.14,-2.1799999999999926,0.2756078839302063,0.3994508385658264,0.9131664037704468
40,1337,445,405,kl,82.28,1.1400000000000006,0.5082353353500366,0.4674175977706909,1.1168853044509888
40,1337,446,406,kl,81.48,-0.7999999999999972,0.534152090549469,0.5075997710227966,0.7327221035957336
40,1337,447,407,kl,82.58,1.0999999999999943,0.47562023997306824,0.4630770683288574,0.7436671853065491
40,1337,448,408,kl,81.92,-0.6599999999999966,0.4881832003593445,0.4602045714855194,0.7841543555259705
40,1337,449,409,kl,81.56,-0.35999999999999943,0.6117905378341675,0.5598228573799133,1.1865266561508179
40,1337,450,410,kl,82.14,0.5799999999999983,0.3257670998573303,0.4349159002304077,0.8795721530914307
40,1337,451,411,ce,80.46,-1.6800000000000068,0.37098798155784607,0.45110613107681274,1.7059714794158936
40,1337,452,412,kl,84.58,4.1200000000000045,0.17845945060253143,0.3822992742061615,0.6053125262260437
40,1337,453,413,kl,85.0,0.4200000000000017,0.1720954179763794,0.3916524052619934,0.6383321285247803
40,1337,454,414,kl,84.58,-0.4200000000000017,0.23365212976932526,0.3984258770942688,0.6583530902862549
40,1337,455,415,kl,84.82,0.23999999999999488,0.15432506799697876,0.3872939944267273,0.6544012427330017
40,1337,456,416,kl,85.04,0.22000000000001307,0.20431631803512573,0.4060570299625397,0.6522486209869385
40,1337,457,417,kl,85.06,0.01999999999999602,0.1395890861749649,0.3935917317867279,0.7021263241767883
40,1337,458,418,kl,85.36,0.29999999999999716,0.20703741908073425,0.41327399015426636,0.6943206191062927
40,1337,459,419,kl,85.24,-0.12000000000000455,0.2158287763595581,0.4077188968658447,0.75222247838974
40,1337,460,420,kl,85.38,0.14000000000000057,0.22836723923683167,0.42368167638778687,0.7372920513153076
40,1337,461,421,kl,85.18,-0.19999999999998863,0.19394263625144958,0.40507563948631287,0.712372362613678
40,1337,462,422,kl,84.86,-0.3200000000000074,0.20422689616680145,0.4078481197357178,0.7175201177597046
40,1337,463,423,kl,85.46,0.5999999999999943,0.16460350155830383,0.41536659002304077,0.6689196825027466
40,1337,464,424,kl,85.0,-0.45999999999999375,0.23525744676589966,0.4416770040988922,0.7412700653076172
40,1337,465,425,kl,85.22,0.21999999999999886,0.17060983180999756,0.4259384274482727,0.7178055047988892
40,1337,466,426,kl,84.92,-0.29999999999999716,0.2163030505180359,0.43494534492492676,0.7183990478515625
40,1337,467,427,kl,85.3,0.37999999999999545,0.2093622237443924,0.4550766944885254,0.7524219751358032
40,1337,468,428,kl,85.2,-0.09999999999999432,0.201340913772583,0.4353697896003723,0.7285867929458618
40,1337,469,429,kl,85.24,0.03999999999999204,0.271633118391037,0.45639923214912415,0.7919319272041321
40,1337,470,430,kl,85.5,0.2600000000000051,0.24195080995559692,0.44504666328430176,0.7428848147392273
40,1337,471,431,kl,85.02,-0.480000000000004,0.29695001244544983,0.4655764102935791,0.756950855255127
40,1337,472,432,kl,85.36,0.3400000000000034,0.2549801766872406,0.4561184048652649,0.78705894947052
40,1337,473,433,kl,85.16,-0.20000000000000284,0.16938471794128418,0.44947490096092224,0.7598320841789246
40,1337,474,434,kl,85.72,0.5600000000000023,0.1823710948228836,0.4579247236251831,0.7309959530830383
40,1337,475,435,kl,85.22,-0.5,0.2607406675815582,0.4674622118473053,0.8592695593833923
40,1337,476,436,kl,85.4,0.18000000000000682,0.19695356488227844,0.4564979076385498,0.765243411064148
40,1337,477,437,kl,85.5,0.09999999999999432,0.17610661685466766,0.46765193343162537,0.8048340082168579
40,1337,478,438,kl,85.4,-0.09999999999999432,0.15422821044921875,0.46148446202278137,0.7574868202209473
40,1337,479,439,kl,85.64,0.23999999999999488,0.2734335958957672,0.47510257363319397,0.8529155850410461
40,1337,480,440,kl,85.36,-0.28000000000000114,0.239516019821167,0.4784238338470459,0.8399936556816101
40,1337,481,441,kl,85.5,0.14000000000000057,0.20143112540245056,0.46716833114624023,0.8781126141548157
40,1337,482,442,kl,85.36,-0.14000000000000057,0.22090214490890503,0.4887063801288605,0.8697019219398499
40,1337,483,443,kl,85.08,-0.28000000000000114,0.2814284563064575,0.5291481614112854,0.8488869071006775
40,1337,484,444,kl,85.36,0.28000000000000114,0.250223308801651,0.5008331537246704,0.9365020990371704
40,1337,485,445,kl,85.12,-0.23999999999999488,0.2806028127670288,0.5267722606658936,0.9889659881591797
40,1337,486,446,kl,85.4,0.28000000000000114,0.15032871067523956,0.49298375844955444,0.837307870388031
40,1337,487,447,kl,85.24,-0.1600000000000108,0.21692845225334167,0.5115635395050049,0.8192124962806702
40,1337,488,448,kl,85.7,0.46000000000000796,0.24109983444213867,0.5178259015083313,0.8644134402275085
40,1337,489,449,kl,85.18,-0.519999999999996,0.20767349004745483,0.5195819139480591,0.8376250267028809
40,1337,490,450,kl,85.58,0.3999999999999915,0.2111217975616455,0.5193907022476196,0.8928326964378357
40,1337,491,451,kl,85.6,0.01999999999999602,0.16777250170707703,0.5133908987045288,0.827282190322876
40,1337,492,452,ce,85.58,-0.01999999999999602,0.18721823394298553,0.49913856387138367,1.577000617980957
40,1337,493,453,kl,85.7,0.12000000000000455,0.23841923475265503,0.514442503452301,1.006956934928894
40,1337,494,454,kl,85.58,-0.12000000000000455,0.2650824189186096,0.5419158935546875,0.871462881565094
40,1337,495,455,kl,85.56,-0.01999999999999602,0.2611318528652191,0.560767650604248,0.9073238372802734
40,1337,496,456,kl,85.18,-0.37999999999999545,0.1571679413318634,0.5195993781089783,0.8644020557403564
40,1337,497,457,kl,85.2,0.01999999999999602,0.23582199215888977,0.5548514723777771,0.8755614161491394
40,1337,498,458,kl,85.3,0.09999999999999432,0.24333952367305756,0.5649297833442688,0.8953511118888855
40,1337,499,459,kl,85.54,0.2400000000000091,0.24659767746925354,0.5649980306625366,0.9651775360107422
40,1337,500,460,kl,85.56,0.01999999999999602,0.3837628960609436,0.60142582654953,1.0714625120162964
40,1337,501,461,kl,85.5,-0.060000000000002274,0.2545334994792938,0.5644592642784119,1.071639895439148
40,1337,502,462,kl,85.8,0.29999999999999716,0.2530179023742676,0.5898725390434265,0.958742082118988
40,1337,503,463,kl,85.46,-0.3400000000000034,0.2922823131084442,0.5981307029724121,1.0219875574111938
40,1337,504,464,kl,85.7,0.2400000000000091,0.2196887582540512,0.5612756609916687,0.9719484448432922
40,1337,505,465,kl,85.74,0.03999999999999204,0.3450615406036377,0.5957177877426147,1.11419677734375
40,1337,506,466,kl,85.18,-0.5599999999999881,0.1664842665195465,0.5714794397354126,0.9483954906463623
40,1337,507,467,kl,85.3,0.11999999999999034,0.1564168930053711,0.5669775605201721,0.9028704762458801
40,1337,508,468,kl,85.12,-0.1799999999999926,0.21242782473564148,0.5781720876693726,0.9320093393325806
40,1337,509,469,kl,85.54,0.4200000000000017,0.23862966895103455,0.5807428359985352,0.9627180695533752
40,1337,510,470,kl,85.52,-0.020000000000010232,0.2158186435699463,0.6001454591751099,1.065352201461792
40,1337,511,471,kl,85.22,-0.29999999999999716,0.28717678785324097,0.6314623355865479,1.0544956922531128
40,1337,512,472,kl,84.94,-0.28000000000000114,0.23098601400852203,0.6226868629455566,0.9870898723602295
40,1337,513,473,kl,85.58,0.6400000000000006,0.23867958784103394,0.6142668128013611,1.0671653747558594
40,1337,514,474,kl,85.58,0.0,0.2932530343532562,0.6645640134811401,1.147790789604187
40,1337,515,475,kl,85.34,-0.23999999999999488,0.23332740366458893,0.6330470442771912,1.0936307907104492
40,1337,516,476,kl,85.4,0.060000000000002274,0.3314681649208069,0.6628534197807312,1.0393129587173462
40,1337,517,477,kl,85.36,-0.04000000000000625,0.3059680759906769,0.6738991737365723,1.1374766826629639
40,1337,518,478,kl,84.98,-0.37999999999999545,0.2662358582019806,0.6619026064872742,1.1300437450408936
40,1337,519,479,kl,85.3,0.3199999999999932,0.3100106716156006,0.6666721701622009,1.1876131296157837
40,1337,520,480,kl,85.56,0.2600000000000051,0.28768688440322876,0.661760151386261,1.1422542333602905
40,1337,521,481,kl,85.32,-0.2400000000000091,0.20830035209655762,0.6668111085891724,1.0609551668167114
40,1337,522,482,kl,84.98,-0.3399999999999892,0.3617072105407715,0.6965607404708862,1.1722896099090576
40,1337,523,483,kl,85.24,0.2599999999999909,0.3989594876766205,0.7388173937797546,1.4234567880630493
40,1337,524,484,kl,85.54,0.30000000000001137,0.3321002125740051,0.6839202046394348,1.2669347524642944
40,1337,525,485,kl,85.18,-0.35999999999999943,0.3362236022949219,0.7161153554916382,1.083850383758545
40,1337,526,486,kl,85.14,-0.04000000000000625,0.3435520827770233,0.7175174355506897,1.2000776529312134
40,1337,527,487,kl,84.76,-0.37999999999999545,0.3728720545768738,0.7482774257659912,1.1736009120941162
40,1337,528,488,kl,84.9,0.14000000000000057,0.24459609389305115,0.710940957069397,1.0814580917358398
40,1337,529,489,kl,85.2,0.29999999999999716,0.3719385862350464,0.7666898369789124,1.368185043334961
40,1337,530,490,kl,85.5,0.29999999999999716,0.21390339732170105,0.6744638085365295,1.2341355085372925
40,1337,531,491,kl,85.4,-0.09999999999999432,0.28727787733078003,0.732607901096344,1.0977821350097656
40,1337,532,492,kl,85.5,0.09999999999999432,0.2940071225166321,0.6947273015975952,1.2947773933410645
40,1337,533,493,ce,86.38,0.8799999999999955,0.30163800716400146,0.6211713552474976,2.0922300815582275
40,1337,534,494,kl,85.14,-1.2399999999999949,0.2601928412914276,0.7078123092651367,1.1152923107147217
40,1337,535,495,kl,84.98,-0.1599999999999966,0.2847887873649597,0.7382548451423645,1.0323882102966309
40,1337,536,496,kl,85.18,0.20000000000000284,0.13976752758026123,0.6934140920639038,1.0168383121490479
40,1337,537,497,kl,85.26,0.0799999999999983,0.3523028790950775,0.7848436832427979,1.1294265985488892
40,1337,538,498,kl,85.3,0.03999999999999204,0.35241860151290894,0.7628817558288574,1.2744629383087158
40,1337,539,499,kl,85.58,0.28000000000000114,0.2682610750198364,0.7408159971237183,1.1983147859573364
40,1337,540,500,kl,84.98,-0.5999999999999943,0.24320735037326813,0.7348153591156006,1.0189015865325928
40,1337,541,501,kl,85.14,0.1599999999999966,0.3484969735145569,0.7551687359809875,1.35604727268219
40,1337,542,502,kl,85.42,0.28000000000000114,0.18194924294948578,0.6918275952339172,1.1383625268936157
40,1337,543,503,kl,85.24,-0.18000000000000682,0.24092420935630798,0.719353199005127,1.3410850763320923
40,1337,544,504,kl,85.56,0.3200000000000074,0.26677951216697693,0.7407461404800415,1.265529990196228
40,1337,545,505,kl,85.04,-0.519999999999996,0.20992779731750488,0.7415909767150879,1.2141343355178833
40,1337,546,506,kl,85.74,0.6999999999999886,0.23356527090072632,0.7514017820358276,1.2822719812393188
40,1337,547,507,kl,85.28,-0.45999999999999375,0.1619471311569214,0.710334837436676,1.2637075185775757
40,1337,548,508,kl,85.5,0.21999999999999886,0.2212201952934265,0.7477539777755737,1.2585968971252441
40,1337,549,509,kl,84.8,-0.7000000000000028,0.2418832778930664,0.8022595643997192,1.1133277416229248
40,1337,550,510,kl,85.12,0.3200000000000074,0.22050225734710693,0.7647279500961304,1.2526863813400269
40,1337,551,511,kl,85.48,0.35999999999999943,0.1829148232936859,0.7326304912567139,1.2681130170822144
40,1337,552,512,kl,85.42,-0.060000000000002274,0.2673538029193878,0.8084290027618408,1.2541980743408203
40,1337,553,513,kl,85.5,0.0799999999999983,0.26326891779899597,0.7980658411979675,1.3832290172576904
40,1337,554,514,kl,85.04,-0.45999999999999375,0.3246627151966095,0.8233819007873535,1.3668030500411987
40,1337,555,515,kl,85.56,0.519999999999996,0.35361266136169434,0.855454683303833,1.598211646080017
40,1337,556,516,kl,85.14,-0.4200000000000017,0.2660883367061615,0.7998830676078796,1.3974357843399048
40,1337,557,517,kl,84.98,-0.1599999999999966,0.3011821210384369,0.8134652972221375,1.3613662719726562
40,1337,558,518,kl,84.72,-0.2600000000000051,0.33431476354599,0.8525862097740173,1.3114670515060425
40,1337,559,519,kl,85.2,0.480000000000004,0.3153681755065918,0.8454647064208984,1.2269885540008545
40,1337,560,520,kl,85.42,0.21999999999999886,0.29177621006965637,0.8594037294387817,1.4224642515182495
40,1337,561,521,kl,85.38,-0.04000000000000625,0.2566118836402893,0.7893037796020508,1.4777278900146484
40,1337,562,522,kl,85.2,-0.1799999999999926,0.1435977816581726,0.7957344651222229,1.3346363306045532
40,1337,563,523,kl,85.38,0.1799999999999926,0.3450915813446045,0.8482916355133057,1.3536100387573242
40,1337,564,524,kl,85.28,-0.09999999999999432,0.2761172354221344,0.8363232612609863,1.3370698690414429
40,1337,565,525,kl,85.0,-0.28000000000000114,0.33295169472694397,0.8785249590873718,1.4922889471054077
40,1337,566,526,kl,85.0,0.0,0.2575502097606659,0.8593149781227112,1.3656667470932007
40,1337,567,527,kl,85.18,0.18000000000000682,0.39818665385246277,0.8871415853500366,1.5240987539291382
40,1337,568,528,kl,85.08,-0.10000000000000853,0.419434130191803,0.9401877522468567,1.4323723316192627
40,1337,569,529,kl,85.52,0.4399999999999977,0.33088019490242004,0.8896806836128235,1.6104998588562012
40,1337,570,530,kl,84.52,-1.0,0.3953874707221985,0.9140646457672119,1.4343234300613403
40,1337,571,531,kl,85.32,0.7999999999999972,0.31089526414871216,0.8942853212356567,1.5223060846328735
40,1337,572,532,kl,84.5,-0.8199999999999932,0.2565172016620636,0.8444222211837769,1.285901665687561
40,1337,573,533,kl,84.76,0.2600000000000051,0.3298240900039673,0.8607622981071472,1.5618785619735718
40,1337,574,534,ce,84.66,-0.10000000000000853,0.30031290650367737,0.739844024181366,2.6058459281921387
40,1337,575,535,kl,85.68,1.0200000000000102,0.296918123960495,0.8474962711334229,1.5754855871200562
40,1337,576,536,kl,85.5,-0.18000000000000682,0.31928563117980957,0.8635366559028625,1.5876120328903198
40,1337,577,537,kl,85.42,-0.0799999999999983,0.38747501373291016,0.8892293572425842,1.5046683549880981
40,1337,578,538,kl,85.38,-0.04000000000000625,0.1470288336277008,0.7888784408569336,1.3991416692733765
40,1337,579,539,kl,85.14,-0.23999999999999488,0.2712622284889221,0.8664404153823853,1.3087043762207031
40,1337,580,540,kl,85.12,-0.01999999999999602,0.3124655783176422,0.8561273813247681,1.517858624458313
40,1337,581,541,kl,85.76,0.6400000000000006,0.2702704071998596,0.8704875111579895,1.388653039932251
40,1337,582,542,kl,85.28,-0.480000000000004,0.38001397252082825,0.891057014465332,1.543821096420288
40,1337,583,543,kl,85.22,-0.060000000000002274,0.31151413917541504,0.8989729285240173,1.3686599731445312
40,1337,584,544,kl,85.6,0.37999999999999545,0.3099769949913025,0.8848164081573486,1.518808364868164
40,1337,585,545,kl,85.02,-0.5799999999999983,0.2600162923336029,0.8581288456916809,1.3274153470993042
40,1337,586,546,kl,85.28,0.2600000000000051,0.27097761631011963,0.8615651726722717,1.4600399732589722
40,1337,587,547,kl,85.24,-0.04000000000000625,0.38888609409332275,0.9259288311004639,1.6082569360733032
40,1337,588,548,kl,85.46,0.21999999999999886,0.31899815797805786,0.9005208015441895,1.5526678562164307
40,1337,589,549,kl,85.76,0.30000000000001137,0.4601249694824219,0.9547758102416992,1.7876113653182983
40,1337,590,550,kl,85.76,0.0,0.34198248386383057,0.9325581789016724,1.5598238706588745
40,1337,591,551,kl,85.04,-0.7199999999999989,0.2937595546245575,0.8945966958999634,1.4442189931869507
40,1337,592,552,kl,85.12,0.0799999999999983,0.24778136610984802,0.8303273320198059,1.5204466581344604
40,1337,593,553,kl,85.12,0.0,0.2391718626022339,0.8598095774650574,1.490341067314148
40,1337,594,554,kl,85.3,0.1799999999999926,0.31982511281967163,0.9060750007629395,1.4964485168457031
40,1337,595,555,kl,85.42,0.12000000000000455,0.35294440388679504,0.8659252524375916,1.8751094341278076
40,1337,596,556,kl,84.8,-0.6200000000000045,0.31303438544273376,0.9378937482833862,1.4561192989349365
40,1337,597,557,kl,84.8,0.0,0.3626736104488373,0.9425308108329773,1.4650375843048096
40,1337,598,558,kl,85.0,0.20000000000000284,0.21971940994262695,0.8403622508049011,1.5659183263778687
40,1337,599,559,kl,84.5,-0.5,0.18050509691238403,0.8352500796318054,1.3949646949768066
40,1337,600,560,kl,85.02,0.519999999999996,0.3081740438938141,0.9083627462387085,1.601293683052063
40,1337,601,561,kl,84.64,-0.37999999999999545,0.19035544991493225,0.8663856387138367,1.3818143606185913
40,1337,602,562,kl,84.94,0.29999999999999716,0.3331289291381836,1.0073195695877075,1.6776551008224487
40,1337,603,563,kl,85.3,0.35999999999999943,0.2828056812286377,0.9182720184326172,1.539249300956726
40,1337,604,564,kl,85.02,-0.28000000000000114,0.2565070390701294,0.902309000492096,1.523703694343567
40,1337,605,565,kl,85.16,0.14000000000000057,0.32110312581062317,0.9686367511749268,1.584210753440857
40,1337,606,566,kl,84.28,-0.8799999999999955,0.46145516633987427,1.093530297279358,1.9103682041168213
40,1337,607,567,kl,84.68,0.4000000000000057,0.5454138517379761,1.0841403007507324,1.9901838302612305
40,1337,608,568,kl,84.78,0.09999999999999432,0.38197535276412964,1.0090162754058838,1.41658616065979
40,1337,609,569,kl,85.14,0.35999999999999943,0.39314591884613037,0.9811419248580933,1.5677578449249268
40,1337,610,570,kl,84.8,-0.3400000000000034,0.3097485899925232,0.9499111771583557,1.5854965448379517
40,1337,611,571,kl,85.02,0.21999999999999886,0.3732854127883911,1.016899824142456,1.7236104011535645
40,1337,612,572,kl,84.88,-0.14000000000000057,0.36202704906463623,0.9360288977622986,1.6706541776657104
40,1337,613,573,kl,84.36,-0.519999999999996,0.3930136561393738,0.9973390698432922,1.6646842956542969
40,1337,614,574,kl,84.9,0.5400000000000063,0.39584121108055115,0.972466766834259,1.7168911695480347
40,1337,615,575,ce,84.76,-0.14000000000000057,0.2579072117805481,0.7970627546310425,2.60089111328125
40,1337,616,576,kl,85.3,0.539999999999992,0.4252479672431946,1.0275729894638062,1.7169065475463867
40,1337,617,577,kl,85.66,0.35999999999999943,0.34202346205711365,0.9098483324050903,1.5116950273513794
40,1337,618,578,kl,85.76,0.10000000000000853,0.32017070055007935,0.9152746200561523,1.5946532487869263
40,1337,619,579,kl,84.86,-0.9000000000000057,0.2690173387527466,0.9122782349586487,1.363354206085205
40,1337,620,580,kl,85.04,0.18000000000000682,0.3466351628303528,0.9987584352493286,1.6245055198669434
40,1337,621,581,kl,85.2,0.1599999999999966,0.33656030893325806,0.9667346477508545,1.5976163148880005
40,1337,622,582,kl,85.04,-0.1599999999999966,0.24921682476997375,0.8905042409896851,1.545356035232544
40,1337,623,583,kl,84.9,-0.14000000000000057,0.31136277318000793,0.9341976046562195,1.6445703506469727
40,1337,624,584,kl,84.68,-0.21999999999999886,0.4404554069042206,1.035870909690857,1.7407197952270508
40,1337,625,585,kl,85.2,0.519999999999996,0.3084491491317749,0.9266384840011597,1.3655692338943481
40,1337,626,586,kl,84.54,-0.6599999999999966,0.3381446301937103,0.9573280811309814,1.8369451761245728
40,1337,627,587,kl,84.52,-0.020000000000010232,0.42710885405540466,1.0993913412094116,1.8099724054336548
40,1337,628,588,kl,85.54,1.0200000000000102,0.35944679379463196,0.9901842474937439,1.7862393856048584
40,1337,629,589,kl,85.5,-0.04000000000000625,0.3224731683731079,0.9481359124183655,1.7208530902862549
40,1337,630,590,kl,85.22,-0.28000000000000114,0.3035665452480316,0.9773518443107605,1.57096266746521
40,1337,631,591,kl,84.46,-0.7600000000000051,0.3916437029838562,0.9919172525405884,1.7577948570251465
40,1337,632,592,kl,84.72,0.2600000000000051,0.2816554307937622,0.939293622970581,1.7071977853775024
40,1337,633,593,kl,85.08,0.35999999999999943,0.20880083739757538,0.9083002805709839,1.6641532182693481
40,1337,634,594,kl,85.12,0.04000000000000625,0.2991906404495239,0.9370201826095581,1.6500670909881592
40,1337,635,595,kl,85.52,0.3999999999999915,0.2197648286819458,0.9155356884002686,1.6778583526611328
40,1337,636,596,kl,84.7,-0.8199999999999932,0.22676166892051697,0.9827345609664917,1.3739699125289917
40,1337,637,597,kl,84.48,-0.21999999999999886,0.25010615587234497,0.9490495324134827,1.4392638206481934
40,1337,638,598,kl,84.64,0.1599999999999966,0.3979884088039398,1.0178635120391846,1.63961923122406
40,1337,639,599,kl,84.42,-0.21999999999999886,0.4120473563671112,1.041418433189392,1.7212631702423096
40,1337,640,600,kl,85.34,0.9200000000000017,0.25539010763168335,0.9491369724273682,1.4553219079971313
40,1337,641,601,kl,84.74,-0.6000000000000085,0.32272452116012573,0.9993587136268616,1.7946301698684692
40,1337,642,602,kl,84.78,0.04000000000000625,0.2113265097141266,0.9581848382949829,1.4495046138763428
40,1337,643,603,kl,85.18,0.4000000000000057,0.3053247928619385,0.9704880118370056,1.6472911834716797
40,1337,644,604,kl,84.7,-0.480000000000004,0.4973215162754059,1.1281371116638184,1.8804738521575928
40,1337,645,605,kl,85.3,0.5999999999999943,0.3152337670326233,0.9680839776992798,1.7436630725860596
40,1337,646,606,kl,84.06,-1.2399999999999949,0.3964587450027466,1.0937342643737793,1.6891075372695923
40,1337,647,607,kl,85.22,1.1599999999999966,0.2796739339828491,1.034647822380066,1.7465057373046875
40,1337,648,608,kl,85.2,-0.01999999999999602,0.26392775774002075,0.9475185871124268,1.5515354871749878
40,1337,649,609,kl,85.06,-0.14000000000000057,0.2721005976200104,0.9481554627418518,1.5385394096374512
40,1337,650,610,kl,84.38,-0.6800000000000068,0.27362537384033203,0.9650305509567261,1.4511823654174805
40,1337,651,611,kl,84.78,0.4000000000000057,0.3983442485332489,1.1186813116073608,1.8782442808151245
40,1337,652,612,kl,84.96,0.1799999999999926,0.19514265656471252,0.9715654850006104,1.520591139793396
40,1337,653,613,kl,84.66,-0.29999999999999716,0.46032387018203735,1.0980788469314575,1.6425474882125854
40,1337,654,614,kl,84.82,0.1599999999999966,0.25030386447906494,1.01347815990448,1.2705658674240112
40,1337,655,615,kl,84.62,-0.19999999999998863,0.35236552357673645,1.042083978652954,1.5082865953445435
40,1337,656,616,ce,83.92,-0.7000000000000028,0.24968597292900085,0.9235420823097229,2.6239328384399414
40,1337,657,617,kl,85.62,1.7000000000000028,0.20534826815128326,0.9141339659690857,1.4422563314437866
40,1337,658,618,kl,85.38,-0.2400000000000091,0.24033600091934204,0.9204976558685303,1.4764561653137207
40,1337,659,619,kl,85.48,0.10000000000000853,0.21253228187561035,0.9164047241210938,1.458959698677063
40,1337,660,620,kl,85.52,0.03999999999999204,0.24554842710494995,0.9204511046409607,1.4825383424758911
40,1337,661,621,kl,85.46,-0.060000000000002274,0.270230770111084,0.9375608563423157,1.5052812099456787
40,1337,662,622,kl,85.46,0.0,0.29435351490974426,0.9721108078956604,1.5311071872711182
40,1337,663,623,kl,85.48,0.020000000000010232,0.26996132731437683,0.9527034163475037,1.5074477195739746
40,1337,664,624,kl,85.54,0.060000000000002274,0.27746161818504333,0.9597328305244446,1.5194123983383179
40,1337,665,625,kl,85.8,0.2599999999999909,0.2813746929168701,0.947861909866333,1.552472710609436
40,1337,666,626,kl,85.78,-0.01999999999999602,0.26190856099128723,0.9699397683143616,1.5425506830215454
40,1337,667,627,kl,85.84,0.060000000000002274,0.2782335877418518,0.9507232904434204,1.5256297588348389
40,1337,668,628,kl,85.96,0.11999999999999034,0.29619327187538147,0.9719335436820984,1.5822248458862305
40,1337,669,629,kl,85.8,-0.1599999999999966,0.24661055207252502,0.9487214088439941,1.528159737586975
40,1337,670,630,kl,85.5,-0.29999999999999716,0.19574250280857086,0.9381736516952515,1.503973364830017
40,1337,671,631,kl,85.6,0.09999999999999432,0.27805274724960327,0.9631775617599487,1.6204098463058472
40,1337,672,632,kl,85.46,-0.14000000000000057,0.2681763768196106,0.9663269519805908,1.5843483209609985
40,1337,673,633,kl,85.7,0.2400000000000091,0.22987833619117737,0.9492619037628174,1.5662329196929932
40,1337,674,634,kl,85.42,-0.28000000000000114,0.24187472462654114,0.9542387127876282,1.5788248777389526
40,1337,675,635,kl,85.7,0.28000000000000114,0.24122947454452515,0.9282426238059998,1.5715973377227783
40,1337,676,636,kl,85.72,0.01999999999999602,0.2502877712249756,0.9637722969055176,1.6254626512527466
40,1337,677,637,kl,85.72,0.0,0.24461454153060913,0.9572924971580505,1.5576759576797485
40,1337,678,638,kl,85.56,-0.1599999999999966,0.22723424434661865,0.9467543363571167,1.5893702507019043
40,1337,679,639,kl,85.64,0.0799999999999983,0.2561195194721222,0.9847679734230042,1.5962426662445068
40,1337,680,640,kl,85.9,0.2600000000000051,0.25532472133636475,0.9578478932380676,1.6315399408340454
40,1337,681,641,kl,85.72,-0.18000000000000682,0.2604025900363922,0.9589545726776123,1.6157325506210327
40,1337,682,642,kl,85.52,-0.20000000000000284,0.21023151278495789,0.9650129675865173,1.584438443183899
40,1337,683,643,kl,85.56,0.04000000000000625,0.23006068170070648,0.9789973497390747,1.5884647369384766
40,1337,684,644,kl,85.74,0.1799999999999926,0.27042484283447266,0.9866358041763306,1.6344016790390015
40,1337,685,645,kl,85.64,-0.09999999999999432,0.2672956585884094,0.9945146441459656,1.614558219909668
40,1337,686,646,kl,85.58,-0.060000000000002274,0.2509594261646271,0.9842969179153442,1.6021045446395874
40,1337,687,647,kl,85.62,0.04000000000000625,0.25757327675819397,0.9945073127746582,1.6403813362121582
40,1337,688,648,kl,85.54,-0.0799999999999983,0.266524076461792,0.9873163104057312,1.6664693355560303
40,1337,689,649,kl,85.72,0.1799999999999926,0.22379601001739502,0.9712766408920288,1.579912781715393
40,1337,690,650,kl,85.62,-0.09999999999999432,0.2433692216873169,0.9755171537399292,1.6000176668167114
40,1337,691,651,kl,85.82,0.19999999999998863,0.25924310088157654,0.9788831472396851,1.7326927185058594
40,1337,692,652,kl,86.0,0.18000000000000682,0.22441640496253967,0.9613224267959595,1.6490188837051392
40,1337,693,653,kl,85.54,-0.45999999999999375,0.24202874302864075,0.9947359561920166,1.695982813835144
40,1337,694,654,kl,85.68,0.14000000000000057,0.22629138827323914,0.9714066386222839,1.6589685678482056
40,1337,695,655,kl,85.9,0.21999999999999886,0.2676846385002136,1.0015954971313477,1.5990899801254272
40,1337,696,656,kl,85.86,-0.04000000000000625,0.22303490340709686,0.9845405220985413,1.6328390836715698
40,1337,697,657,ce,86.38,0.519999999999996,0.2184218466281891,0.8820538520812988,2.641221046447754
40,1337,698,658,kl,85.7,-0.6799999999999926,0.22711150348186493,0.9792211055755615,1.6297250986099243
40,1337,699,659,kl,85.98,0.28000000000000114,0.28513163328170776,1.0161612033843994,1.7390427589416504
40,1337,700,660,kl,85.68,-0.29999999999999716,0.2426077425479889,1.013157844543457,1.677825927734375
40,1337,701,661,kl,85.88,0.19999999999998863,0.2427579164505005,0.9906139969825745,1.7399089336395264
40,1337,702,662,kl,85.78,-0.09999999999999432,0.21928779780864716,0.9812746047973633,1.6736690998077393
40,1337,703,663,kl,85.68,-0.09999999999999432,0.1840927004814148,0.9729388952255249,1.694831132888794
40,1337,704,664,kl,85.82,0.13999999999998636,0.2210717797279358,1.0072684288024902,1.6270655393600464
40,1337,705,665,kl,85.72,-0.09999999999999432,0.2784154713153839,1.033033013343811,1.6987584829330444
40,1337,706,666,kl,85.7,-0.01999999999999602,0.21687167882919312,1.017332911491394,1.5893601179122925
40,1337,707,667,kl,85.8,0.09999999999999432,0.26200252771377563,1.0373680591583252,1.7714279890060425
40,1337,708,668,kl,85.78,-0.01999999999999602,0.23640689253807068,1.0265830755233765,1.645557165145874
40,1337,709,669,kl,85.76,-0.01999999999999602,0.290213018655777,1.0299330949783325,1.7942370176315308
40,1337,710,670,kl,85.76,0.0,0.22290170192718506,1.0191686153411865,1.6705166101455688
40,1337,711,671,kl,85.76,0.0,0.24745263159275055,1.0317542552947998,1.7389246225357056
40,1337,712,672,kl,85.64,-0.12000000000000455,0.24854856729507446,1.028788447380066,1.7763348817825317
40,1337,713,673,kl,85.78,0.14000000000000057,0.24816003441810608,1.0246447324752808,1.768226981163025
40,1337,714,674,kl,85.5,-0.28000000000000114,0.23628103733062744,1.0129361152648926,1.7246497869491577
40,1337,715,675,kl,85.58,0.0799999999999983,0.2352854460477829,1.0376548767089844,1.7128475904464722
40,1337,716,676,kl,85.84,0.2600000000000051,0.24689866602420807,1.0223251581192017,1.7662198543548584
40,1337,717,677,kl,85.6,-0.2400000000000091,0.2148798704147339,1.0062386989593506,1.7877233028411865
40,1337,718,678,kl,85.64,0.04000000000000625,0.257922887802124,1.0383574962615967,1.8584983348846436
40,1337,719,679,kl,85.84,0.20000000000000284,0.21677128970623016,1.0217549800872803,1.7208069562911987
40,1337,720,680,kl,85.72,-0.12000000000000455,0.21425950527191162,1.0155538320541382,1.7680907249450684
40,1337,721,681,kl,85.68,-0.03999999999999204,0.24321997165679932,1.014758825302124,1.8840913772583008
40,1337,722,682,kl,85.76,0.0799999999999983,0.2639288306236267,1.0402506589889526,1.891006350517273
40,1337,723,683,kl,85.76,0.0,0.2412950098514557,1.0377827882766724,1.7958990335464478
40,1337,724,684,kl,85.68,-0.0799999999999983,0.24274489283561707,1.0403939485549927,1.794484257698059
40,1337,725,685,kl,85.78,0.09999999999999432,0.24970534443855286,1.0384581089019775,1.8221462965011597
40,1337,726,686,kl,85.74,-0.04000000000000625,0.2655879259109497,1.0548968315124512,1.857874870300293
40,1337,727,687,kl,85.8,0.060000000000002274,0.1889990270137787,1.0210764408111572,1.720528483390808
40,1337,728,688,kl,85.9,0.10000000000000853,0.30358442664146423,1.0795973539352417,1.9460093975067139
40,1337,729,689,kl,85.56,-0.3400000000000034,0.18887603282928467,1.0348849296569824,1.6920078992843628
40,1337,730,690,kl,85.72,0.1599999999999966,0.24872124195098877,1.0445038080215454,1.8443259000778198
40,1337,731,691,kl,86.1,0.37999999999999545,0.20369891822338104,1.027360200881958,1.806315541267395
40,1337,732,692,kl,85.44,-0.6599999999999966,0.25173527002334595,1.0533474683761597,1.88339364528656
40,1337,733,693,kl,85.64,0.20000000000000284,0.26465827226638794,1.06950843334198,1.7628065347671509
40,1337,734,694,kl,85.7,0.060000000000002274,0.22499190270900726,1.056093692779541,1.7804816961288452
40,1337,735,695,kl,85.54,-0.1599999999999966,0.2593391537666321,1.060693621635437,1.8595376014709473
40,1337,736,696,kl,85.88,0.3399999999999892,0.2957167327404022,1.0832380056381226,2.0603132247924805
40,1337,737,697,kl,85.64,-0.23999999999999488,0.24962475895881653,1.0390655994415283,1.8961766958236694
40,1337,738,698,ce,85.76,0.12000000000000455,0.2951989769935608,1.0205821990966797,3.1455109119415283
40,1337,739,699,kl,85.7,-0.060000000000002274,0.2468806505203247,1.0786000490188599,1.8256937265396118
40,1337,740,700,kl,85.86,0.1599999999999966,0.24206948280334473,1.061955451965332,1.8727070093154907
40,1337,741,701,kl,85.74,-0.12000000000000455,0.2198604941368103,1.0547114610671997,1.829624056816101
40,1337,742,702,kl,85.8,0.060000000000002274,0.24497635662555695,1.0679651498794556,1.9128016233444214
40,1337,743,703,kl,85.62,-0.1799999999999926,0.2561313509941101,1.0821493864059448,1.8729188442230225
40,1337,744,704,kl,85.58,-0.04000000000000625,0.231937974691391,1.0551303625106812,1.8521246910095215
40,1337,745,705,kl,85.8,0.21999999999999886,0.19736500084400177,1.0241130590438843,1.826918125152588
40,1337,746,706,kl,85.94,0.14000000000000057,0.23105782270431519,1.0589946508407593,1.8342074155807495
40,1337,747,707,kl,85.72,-0.21999999999999886,0.1922888457775116,1.0358104705810547,1.8958460092544556
40,1337,748,708,kl,85.66,-0.060000000000002274,0.26810821890830994,1.0902667045593262,1.9648795127868652
40,1337,749,709,kl,85.64,-0.01999999999999602,0.2513940930366516,1.0940903425216675,1.908475637435913
40,1337,750,710,kl,85.6,-0.04000000000000625,0.25020214915275574,1.0981409549713135,1.9734716415405273
40,1337,751,711,kl,85.9,0.30000000000001137,0.28553807735443115,1.0949243307113647,1.995653510093689
40,1337,752,712,kl,86.0,0.09999999999999432,0.18562808632850647,1.0288187265396118,1.9003609418869019
40,1337,753,713,kl,85.8,-0.20000000000000284,0.23180624842643738,1.0652209520339966,1.9105031490325928
40,1337,754,714,kl,85.74,-0.060000000000002274,0.2790701985359192,1.0951987504959106,2.012890577316284
40,1337,755,715,kl,85.8,0.060000000000002274,0.270460307598114,1.105483889579773,1.9207484722137451
40,1337,756,716,kl,85.9,0.10000000000000853,0.23508989810943604,1.0779935121536255,1.9307855367660522
40,1337,757,717,kl,85.74,-0.1600000000000108,0.2500656247138977,1.0959111452102661,2.0128841400146484
40,1337,758,718,kl,85.36,-0.37999999999999545,0.2729656398296356,1.1114658117294312,2.0191810131073
40,1337,759,719,kl,85.8,0.4399999999999977,0.25032979249954224,1.1050909757614136,1.9152759313583374
40,1337,760,720,kl,85.88,0.0799999999999983,0.2639043629169464,1.0982120037078857,1.977675199508667
40,1337,761,721,kl,85.84,-0.03999999999999204,0.2509416937828064,1.0866367816925049,1.9340659379959106
40,1337,762,722,kl,85.72,-0.12000000000000455,0.23670433461666107,1.0861961841583252,2.0080418586730957
40,1337,763,723,kl,85.68,-0.03999999999999204,0.23054037988185883,1.1130690574645996,1.930644154548645
40,1337,764,724,kl,85.68,0.0,0.22539043426513672,1.0928218364715576,1.964852213859558
40,1337,765,725,kl,85.42,-0.2600000000000051,0.25508296489715576,1.1195569038391113,2.0092275142669678
40,1337,766,726,kl,85.84,0.4200000000000017,0.2629804015159607,1.1046936511993408,2.0769355297088623
40,1337,767,727,kl,85.84,0.0,0.22655530273914337,1.0991501808166504,2.032881021499634
40,1337,768,728,kl,85.58,-0.2600000000000051,0.22609978914260864,1.1140096187591553,1.8897486925125122
40,1337,769,729,kl,85.64,0.060000000000002274,0.27033179998397827,1.1430433988571167,2.0192110538482666
40,1337,770,730,kl,85.7,0.060000000000002274,0.2587677240371704,1.132525086402893,2.0811922550201416
40,1337,771,731,kl,85.72,0.01999999999999602,0.266268253326416,1.138345718383789,2.076263189315796
40,1337,772,732,kl,85.84,0.12000000000000455,0.2773965001106262,1.1228355169296265,2.089540481567383
40,1337,773,733,kl,85.74,-0.10000000000000853,0.2822328507900238,1.1597729921340942,2.022792100906372
40,1337,774,734,kl,85.88,0.14000000000000057,0.27210986614227295,1.1251939535140991,2.0684337615966797
40,1337,775,735,kl,85.82,-0.060000000000002274,0.2971327304840088,1.1706308126449585,2.057035446166992
40,1337,776,736,kl,85.54,-0.2799999999999869,0.30186593532562256,1.1723653078079224,2.1068155765533447
40,1337,777,737,kl,85.68,0.14000000000000057,0.30042755603790283,1.1626795530319214,2.071093797683716
40,1337,778,738,kl,85.76,0.0799999999999983,0.2862069308757782,1.1436959505081177,2.0480034351348877
40,1337,779,739,ce,86.58,0.8199999999999932,0.3092871904373169,1.0833040475845337,3.260485887527466
40,1337,780,740,kl,85.92,-0.6599999999999966,0.2575247585773468,1.1289427280426025,2.013808488845825
40,1337,781,741,kl,85.62,-0.29999999999999716,0.2767678499221802,1.1519430875778198,2.0659306049346924
40,1337,782,742,kl,85.78,0.1599999999999966,0.2528747618198395,1.1252745389938354,2.104130506515503
40,1337,783,743,kl,85.7,-0.0799999999999983,0.3094729781150818,1.1906962394714355,2.145815134048462
40,1337,784,744,kl,85.86,0.1599999999999966,0.23540830612182617,1.1452535390853882,2.03865122795105
40,1337,785,745,kl,85.66,-0.20000000000000284,0.28542765974998474,1.1723309755325317,2.0947093963623047
40,1337,786,746,kl,85.86,0.20000000000000284,0.29268285632133484,1.152937412261963,2.1800172328948975
40,1337,787,747,kl,85.68,-0.1799999999999926,0.3058134615421295,1.1840977668762207,2.186302900314331
40,1337,788,748,kl,85.76,0.0799999999999983,0.23553158342838287,1.1370147466659546,2.0634853839874268
40,1337,789,749,kl,85.58,-0.18000000000000682,0.26311177015304565,1.1457594633102417,2.1303141117095947
40,1337,790,750,kl,85.6,0.01999999999999602,0.29060763120651245,1.1758787631988525,2.245724678039551
40,1337,791,751,kl,85.82,0.21999999999999886,0.26997023820877075,1.16011381149292,2.121184825897217
40,1337,792,752,kl,85.54,-0.2799999999999869,0.2525637745857239,1.1841634511947632,2.1709985733032227
40,1337,793,753,kl,85.68,0.14000000000000057,0.27438855171203613,1.1629579067230225,2.0957541465759277
40,1337,794,754,kl,85.74,0.05999999999998806,0.2581203877925873,1.1831681728363037,2.1285524368286133
40,1337,795,755,kl,85.76,0.020000000000010232,0.3212699294090271,1.216262698173523,2.2378604412078857
40,1337,796,756,kl,85.58,-0.18000000000000682,0.26926174759864807,1.1809600591659546,2.173150062561035
40,1337,797,757,kl,85.72,0.14000000000000057,0.2741127610206604,1.1574947834014893,2.1291303634643555
40,1337,798,758,kl,85.82,0.09999999999999432,0.30498427152633667,1.2021894454956055,2.2750353813171387
40,1337,799,759,kl,85.66,-0.1599999999999966,0.2495059072971344,1.1547207832336426,2.231463670730591
40,1337,800,760,kl,85.5,-0.1599999999999966,0.29133516550064087,1.1978907585144043,2.202908515930176
40,1337,801,761,kl,85.58,0.0799999999999983,0.3408147692680359,1.225366234779358,2.3888463973999023
40,1337,802,762,kl,85.68,0.10000000000000853,0.27338624000549316,1.1724293231964111,2.298043727874756
40,1337,803,763,kl,85.58,-0.10000000000000853,0.28358888626098633,1.1813290119171143,2.177302122116089
40,1337,804,764,kl,85.58,0.0,0.2705892324447632,1.192529320716858,2.227175235748291
40,1337,805,765,kl,85.72,0.14000000000000057,0.26329559087753296,1.1760505437850952,2.191544771194458
40,1337,806,766,kl,85.94,0.21999999999999886,0.3197976052761078,1.2205952405929565,2.3754403591156006
40,1337,807,767,kl,85.84,-0.09999999999999432,0.27118226885795593,1.2013992071151733,2.2598886489868164
40,1337,808,768,kl,85.74,-0.10000000000000853,0.25865161418914795,1.1757922172546387,2.323615312576294
40,1337,809,769,kl,85.84,0.10000000000000853,0.24110272526741028,1.16343092918396,2.1902387142181396
40,1337,810,770,kl,85.62,-0.21999999999999886,0.2392212152481079,1.1752055883407593,2.254542589187622
40,1337,811,771,kl,85.78,0.1599999999999966,0.3009294271469116,1.2311146259307861,2.310803174972534
40,1337,812,772,kl,85.94,0.1599999999999966,0.24828100204467773,1.1653088331222534,2.1354923248291016
40,1337,813,773,kl,85.86,-0.0799999999999983,0.3252294063568115,1.2448126077651978,2.2608041763305664
40,1337,814,774,kl,85.7,-0.1599999999999966,0.25205308198928833,1.1939516067504883,2.150252342224121
40,1337,815,775,kl,85.62,-0.0799999999999983,0.2675657272338867,1.2080867290496826,2.238419532775879
40,1337,816,776,kl,85.88,0.2599999999999909,0.26631829142570496,1.1964118480682373,2.264723062515259
40,1337,817,777,kl,85.76,-0.11999999999999034,0.2888055145740509,1.193737268447876,2.290329933166504
40,1337,818,778,kl,85.66,-0.10000000000000853,0.2776435911655426,1.2026678323745728,2.284452438354492
40,1337,819,779,kl,85.62,-0.03999999999999204,0.3110811114311218,1.2242181301116943,2.3885226249694824
40,1337,820,780,ce,86.22,0.5999999999999943,0.3112362027168274,1.0841014385223389,3.5898852348327637
40,42,1,-39,kl,43.5,34.08,0.6269708871841431,0.7429771423339844,1.2030327320098877
40,42,2,-38,kl,33.52,-9.979999999999997,0.6290801763534546,0.8716670870780945,1.5339449644088745
40,42,3,-37,kl,52.82,19.299999999999997,0.25318416953086853,0.6078771352767944,1.1851812601089478
40,42,4,-36,kl,59.16,6.339999999999996,0.6288257837295532,0.5454210042953491,1.171220064163208
40,42,5,-35,kl,62.86,3.700000000000003,0.7581608295440674,0.6463959217071533,1.2434204816818237
40,42,6,-34,kl,67.14,4.280000000000001,0.7387126684188843,0.5542881488800049,1.0463496446609497
40,42,7,-33,kl,70.0,2.8599999999999994,0.7401790618896484,0.5867581963539124,1.1294453144073486
40,42,8,-32,kl,71.92,1.9200000000000017,0.4164375364780426,0.4573795199394226,0.9464383125305176
40,42,9,-31,kl,73.52,1.5999999999999943,0.5601896047592163,0.46109309792518616,0.9981301426887512
40,42,10,-30,kl,73.3,-0.21999999999999886,0.6642154455184937,0.4956231415271759,0.9828646183013916
40,42,11,-29,kl,74.52,1.2199999999999989,0.4733160138130188,0.4406000077724457,0.7914561629295349
40,42,12,-28,kl,76.28,1.7600000000000051,0.38831788301467896,0.44446519017219543,1.0283273458480835
40,42,13,-27,kl,76.98,0.7000000000000028,0.6288384795188904,0.4908536374568939,1.1402713060379028
40,42,14,-26,kl,77.26,0.28000000000000114,0.4825590252876282,0.4396551847457886,0.7545279860496521
40,42,15,-25,kl,77.7,0.4399999999999977,0.5494099259376526,0.4642707109451294,0.8745477795600891
40,42,16,-24,kl,78.18,0.480000000000004,0.25628775358200073,0.40072137117385864,0.9296436309814453
40,42,17,-23,kl,77.78,-0.4000000000000057,0.4483617842197418,0.48453637957572937,0.9588741660118103
40,42,18,-22,kl,79.38,1.5999999999999943,0.5301644802093506,0.43819764256477356,0.9065181016921997
40,42,19,-21,kl,78.82,-0.5600000000000023,0.37821143865585327,0.4266936779022217,0.9157605171203613
40,42,20,-20,kl,78.88,0.060000000000002274,0.478067010641098,0.44977784156799316,0.9826866984367371
40,42,21,-19,kl,78.14,-0.7399999999999949,0.35405921936035156,0.4348258376121521,0.8065884709358215
40,42,22,-18,kl,79.24,1.0999999999999943,0.24099141359329224,0.449929416179657,1.023332953453064
40,42,23,-17,kl,79.38,0.14000000000000057,0.48181024193763733,0.45171353220939636,0.8322110176086426
40,42,24,-16,kl,79.74,0.35999999999999943,0.5883952379226685,0.476470947265625,0.933108925819397
40,42,25,-15,kl,80.6,0.8599999999999994,0.44547995924949646,0.4137360155582428,0.806225061416626
40,42,26,-14,kl,79.88,-0.7199999999999989,0.2988132834434509,0.41396278142929077,0.9471650719642639
40,42,27,-13,kl,80.06,0.18000000000000682,0.48185229301452637,0.4362233579158783,1.1135247945785522
40,42,28,-12,kl,76.14,-3.9200000000000017,0.7097896337509155,0.5847698450088501,1.3287599086761475
40,42,29,-11,kl,81.56,5.420000000000002,0.43484067916870117,0.4236578643321991,0.9466854333877563
40,42,30,-10,kl,78.84,-2.719999999999999,0.4639679491519928,0.4789406657218933,0.9371928572654724
40,42,31,-9,kl,79.04,0.20000000000000284,0.7159972190856934,0.5648214817047119,1.0221027135849
40,42,32,-8,kl,79.48,0.4399999999999977,0.5061789751052856,0.4532095789909363,0.80930495262146
40,42,33,-7,kl,81.12,1.6400000000000006,0.3749709129333496,0.4135203957557678,0.9794568419456482
40,42,34,-6,kl,81.6,0.47999999999998977,0.5212932825088501,0.45573607087135315,0.7965907454490662
40,42,35,-5,kl,80.22,-1.3799999999999955,0.6803355813026428,0.5553305745124817,1.1496347188949585
40,42,36,-4,kl,81.06,0.8400000000000034,0.3179837465286255,0.46559280157089233,1.098519206047058
40,42,37,-3,kl,80.72,-0.3400000000000034,0.3589200973510742,0.4361688196659088,0.8694251179695129
40,42,38,-2,kl,81.44,0.7199999999999989,0.35648733377456665,0.4209873378276825,0.9466348886489868
40,42,39,-1,kl,82.04,0.6000000000000085,0.42229413986206055,0.4546107053756714,0.9258723258972168
40,42,40,0,kl,80.46,-1.5800000000000125,0.39737239480018616,0.4339209794998169,1.0383371114730835
40,42,41,1,ce,79.1,-1.3599999999999994,0.2769739031791687,0.3699738681316376,1.9309523105621338
40,42,42,2,kl,79.82,0.7199999999999989,0.5564825534820557,0.49266836047172546,1.0586981773376465
40,42,43,3,kl,80.9,1.0800000000000125,0.5391726493835449,0.4952374994754791,1.0013428926467896
40,42,44,4,kl,79.62,-1.2800000000000011,0.5499150156974792,0.5199755430221558,0.9782013297080994
40,42,45,5,kl,81.1,1.4799999999999898,0.4758143424987793,0.455329567193985,0.8059099316596985
40,42,46,6,kl,80.32,-0.7800000000000011,0.536771297454834,0.4879247546195984,0.7798328399658203
40,42,47,7,kl,80.14,-0.1799999999999926,0.6695142388343811,0.5516488552093506,1.0719304084777832
40,42,48,8,kl,80.58,0.4399999999999977,0.4829341471195221,0.48510438203811646,0.928905725479126
40,42,49,9,kl,81.68,1.1000000000000085,0.5029256939888,0.4815247654914856,0.8408504128456116
40,42,50,10,kl,80.4,-1.2800000000000011,0.5510180592536926,0.49688148498535156,1.017804503440857
40,42,51,11,kl,81.68,1.2800000000000011,0.5053554177284241,0.4643668532371521,0.9706834554672241
40,42,52,12,kl,80.6,-1.0800000000000125,0.47173160314559937,0.45338359475135803,0.9366545081138611
40,42,53,13,kl,80.64,0.04000000000000625,0.42369896173477173,0.4849582612514496,1.0652447938919067
40,42,54,14,kl,80.64,0.0,0.622236430644989,0.5537601709365845,1.2195329666137695
40,42,55,15,kl,81.92,1.2800000000000011,0.44999152421951294,0.46352821588516235,0.9986250400543213
40,42,56,16,kl,82.6,0.6799999999999926,0.261077344417572,0.39344391226768494,0.9653104543685913
40,42,57,17,kl,81.92,-0.6799999999999926,0.5386875867843628,0.4760231375694275,1.011374592781067
40,42,58,18,kl,83.38,1.4599999999999937,0.4228598177433014,0.4534207284450531,1.0061930418014526
40,42,59,19,kl,83.16,-0.21999999999999886,0.38336408138275146,0.4369756281375885,0.794304370880127
40,42,60,20,kl,80.9,-2.259999999999991,0.559389591217041,0.5487397313117981,1.051804542541504
40,42,61,21,kl,81.48,0.5799999999999983,0.47468340396881104,0.47751954197883606,0.8552239537239075
40,42,62,22,kl,80.9,-0.5799999999999983,0.6044091582298279,0.5503104329109192,1.2174302339553833
40,42,63,23,kl,80.44,-0.46000000000000796,0.4707435965538025,0.491356760263443,0.8681065440177917
40,42,64,24,kl,81.74,1.2999999999999972,0.529035210609436,0.48332878947257996,0.7803457379341125
40,42,65,25,kl,82.14,0.4000000000000057,0.4234839975833893,0.4817964732646942,0.9886959195137024
40,42,66,26,kl,78.82,-3.3200000000000074,0.6003490686416626,0.5240311026573181,1.3099309206008911
40,42,67,27,kl,82.46,3.6400000000000006,0.41305777430534363,0.46088075637817383,0.923750102519989
40,42,68,28,kl,81.98,-0.47999999999998977,0.48028436303138733,0.43202996253967285,0.8302474021911621
40,42,69,29,kl,79.92,-2.0600000000000023,0.3946964740753174,0.46655336022377014,1.0713344812393188
40,42,70,30,kl,82.06,2.1400000000000006,0.39399492740631104,0.4616309404373169,0.9023921489715576
40,42,71,31,kl,82.06,0.0,0.533128023147583,0.492107093334198,0.9640769958496094
40,42,72,32,kl,81.82,-0.2400000000000091,0.47956013679504395,0.4956696033477783,0.9330761432647705
40,42,73,33,kl,81.68,-0.13999999999998636,0.48385417461395264,0.45941415429115295,0.7925710082054138
40,42,74,34,kl,81.36,-0.3200000000000074,0.6747121810913086,0.5663082003593445,1.0661505460739136
40,42,75,35,kl,81.42,0.060000000000002274,0.5031733512878418,0.514962911605835,0.9215888381004333
40,42,76,36,kl,80.84,-0.5799999999999983,0.5629445314407349,0.5710974931716919,0.9966809153556824
40,42,77,37,kl,81.36,0.519999999999996,0.4742923378944397,0.4860013723373413,0.881732702255249
40,42,78,38,kl,81.04,-0.3199999999999932,0.38705697655677795,0.44261735677719116,1.0051817893981934
40,42,79,39,kl,83.6,2.559999999999988,0.4771712124347687,0.48518842458724976,0.9484818577766418
40,42,80,40,kl,80.88,-2.719999999999999,0.587580680847168,0.5655379891395569,1.1297398805618286
40,42,81,41,kl,82.2,1.3200000000000074,0.6865094900131226,0.5619507431983948,0.9919891953468323
40,42,82,42,ce,80.34,-1.8599999999999994,0.16158322989940643,0.2877769470214844,1.9303373098373413
40,42,83,43,kl,81.56,1.2199999999999989,0.5177452564239502,0.47901082038879395,0.9934045672416687
40,42,84,44,kl,83.02,1.4599999999999937,0.4247877895832062,0.4531676173210144,0.735663115978241
40,42,85,45,kl,81.64,-1.3799999999999955,0.5972586870193481,0.5149791836738586,0.9253771901130676
40,42,86,46,kl,81.98,0.3400000000000034,0.46072787046432495,0.46100568771362305,0.9707412719726562
40,42,87,47,kl,82.46,0.47999999999998977,0.5442861318588257,0.5146346092224121,0.9356783628463745
40,42,88,48,kl,81.18,-1.279999999999987,0.39948534965515137,0.4720463156700134,0.9787634015083313
40,42,89,49,kl,81.16,-0.020000000000010232,0.3630426228046417,0.48956042528152466,0.8805915713310242
40,42,90,50,kl,81.88,0.7199999999999989,0.5221779346466064,0.5075687170028687,0.9937618970870972
40,42,91,51,kl,82.9,1.0200000000000102,0.38134345412254333,0.47009792923927307,0.9286699295043945
40,42,92,52,kl,82.06,-0.8400000000000034,0.2909510135650635,0.44692206382751465,0.8020734786987305
40,42,93,53,kl,82.26,0.20000000000000284,0.4734606146812439,0.4619128108024597,0.8099689483642578
40,42,94,54,kl,82.08,-0.18000000000000682,0.3805861175060272,0.4387691020965576,0.9260028600692749
40,42,95,55,kl,79.82,-2.260000000000005,0.5914537906646729,0.5633716583251953,1.1397875547409058
40,42,96,56,kl,82.52,2.700000000000003,0.4956570863723755,0.4798128008842468,0.8750263452529907
40,42,97,57,kl,81.34,-1.1799999999999926,0.5157577395439148,0.5174285769462585,1.0421003103256226
40,42,98,58,kl,82.12,0.7800000000000011,0.5340487957000732,0.5128369927406311,0.8183875679969788
40,42,99,59,kl,82.14,0.01999999999999602,0.31902140378952026,0.4337741434574127,0.8613479137420654
40,42,100,60,kl,82.44,0.29999999999999716,0.6010165214538574,0.5245575308799744,0.8101430535316467
40,42,101,61,kl,82.32,-0.12000000000000455,0.5604159832000732,0.5069054365158081,0.9265791773796082
40,42,102,62,kl,82.14,-0.1799999999999926,0.3324602544307709,0.45772287249565125,1.082083821296692
40,42,103,63,kl,81.16,-0.980000000000004,0.5391961336135864,0.47884732484817505,1.1040294170379639
40,42,104,64,kl,82.66,1.5,0.5646957159042358,0.525142252445221,0.8796157240867615
40,42,105,65,kl,79.16,-3.5,0.7121230959892273,0.6130232810974121,1.268290638923645
40,42,106,66,kl,82.94,3.780000000000001,0.405398964881897,0.41203686594963074,0.716791033744812
40,42,107,67,kl,80.68,-2.259999999999991,0.5836702585220337,0.5437659621238708,1.0467529296875
40,42,108,68,kl,82.46,1.779999999999987,0.4211762249469757,0.48775067925453186,1.027173399925232
40,42,109,69,kl,80.36,-2.0999999999999943,0.5294574499130249,0.49864280223846436,1.118823528289795
40,42,110,70,kl,81.88,1.519999999999996,0.5113067626953125,0.5318926572799683,0.9425472617149353
40,42,111,71,kl,81.7,-0.1799999999999926,0.6447066068649292,0.5374652743339539,1.0769526958465576
40,42,112,72,kl,82.0,0.29999999999999716,0.6501604914665222,0.5294711589813232,0.9374531507492065
40,42,113,73,kl,79.7,-2.299999999999997,0.577215313911438,0.5515907406806946,1.1052186489105225
40,42,114,74,kl,80.64,0.9399999999999977,0.45510023832321167,0.46172651648521423,0.9259561896324158
40,42,115,75,kl,78.38,-2.260000000000005,0.635644257068634,0.5863623023033142,1.1054848432540894
40,42,116,76,kl,82.24,3.8599999999999994,0.3445224165916443,0.4572804570198059,0.9783491492271423
40,42,117,77,kl,82.8,0.5600000000000023,0.44864124059677124,0.4800278842449188,0.8379579782485962
40,42,118,78,kl,82.76,-0.03999999999999204,0.43855080008506775,0.4874271750450134,0.9228479266166687
40,42,119,79,kl,81.82,-0.9400000000000119,0.584877610206604,0.5302826762199402,0.9646298289299011
40,42,120,80,kl,82.8,0.980000000000004,0.659688413143158,0.524457573890686,0.8519134521484375
40,42,121,81,kl,82.44,-0.35999999999999943,0.5368219614028931,0.4988543689250946,0.9722021222114563
40,42,122,82,kl,80.88,-1.5600000000000023,0.43888059258461,0.4647577404975891,1.1149499416351318
40,42,123,83,ce,82.34,1.460000000000008,0.309110164642334,0.3348849415779114,1.9187155961990356
40,42,124,84,kl,81.5,-0.8400000000000034,0.4703126549720764,0.49776503443717957,0.8126214146614075
40,42,125,85,kl,81.88,0.37999999999999545,0.3564355969429016,0.4712429940700531,1.0023351907730103
40,42,126,86,kl,81.32,-0.5600000000000023,0.4552530348300934,0.5180314183235168,0.9190769195556641
40,42,127,87,kl,81.02,-0.29999999999999716,0.522496223449707,0.5388798713684082,1.150449275970459
40,42,128,88,kl,81.94,0.9200000000000017,0.4075484871864319,0.49126705527305603,0.899596631526947
40,42,129,89,kl,81.62,-0.3199999999999932,0.6613070368766785,0.6105471849441528,1.1707571744918823
40,42,130,90,kl,82.7,1.0799999999999983,0.5641235113143921,0.5035308599472046,0.8350473642349243
40,42,131,91,kl,81.06,-1.6400000000000006,0.4285053014755249,0.48723581433296204,1.015643835067749
40,42,132,92,kl,82.52,1.4599999999999937,0.6132173538208008,0.5102288722991943,1.0395103693008423
40,42,133,93,kl,81.6,-0.9200000000000017,0.381966233253479,0.4550822377204895,0.9812309145927429
40,42,134,94,kl,82.82,1.2199999999999989,0.4608437120914459,0.47681713104248047,0.7669792771339417
40,42,135,95,kl,81.66,-1.1599999999999966,0.5617862343788147,0.5611525774002075,1.0673493146896362
40,42,136,96,kl,81.52,-0.14000000000000057,0.538122296333313,0.5365521311759949,1.0430587530136108
40,42,137,97,kl,81.68,0.1600000000000108,0.373562216758728,0.4726157784461975,0.8255010843276978
40,42,138,98,kl,82.7,1.019999999999996,0.4033071994781494,0.46922066807746887,1.1699928045272827
40,42,139,99,kl,80.06,-2.6400000000000006,0.6694727540016174,0.594139575958252,1.0920270681381226
40,42,140,100,kl,82.32,2.259999999999991,0.3969249725341797,0.4693903625011444,0.9163205623626709
40,42,141,101,kl,82.18,-0.13999999999998636,0.4297889769077301,0.4417586624622345,0.8372253179550171
40,42,142,102,kl,82.08,-0.10000000000000853,0.4007209241390228,0.49556347727775574,0.9697399735450745
40,42,143,103,kl,80.18,-1.8999999999999915,0.6980695128440857,0.65410977602005,1.173303484916687
40,42,144,104,kl,81.54,1.3599999999999994,0.5176931619644165,0.5059340000152588,0.9112268686294556
40,42,145,105,kl,81.98,0.4399999999999977,0.3870423138141632,0.46588683128356934,1.0105717182159424
40,42,146,106,kl,79.18,-2.799999999999997,0.5388185977935791,0.553558886051178,1.4674293994903564
40,42,147,107,kl,82.08,2.8999999999999915,0.5759099721908569,0.49115657806396484,0.8669913411140442
40,42,148,108,kl,83.28,1.2000000000000028,0.5842458009719849,0.4981181025505066,1.0322380065917969
40,42,149,109,kl,82.52,-0.7600000000000051,0.4314304292201996,0.46969449520111084,0.9812992215156555
40,42,150,110,kl,81.86,-0.6599999999999966,0.5496188402175903,0.5178719162940979,0.9683339595794678
40,42,151,111,kl,81.36,-0.5,0.585306704044342,0.5437970757484436,0.969111442565918
40,42,152,112,kl,82.66,1.2999999999999972,0.5483802556991577,0.4894488751888275,0.8284249901771545
40,42,153,113,kl,81.84,-0.8199999999999932,0.5418881177902222,0.4920218586921692,0.9369933009147644
40,42,154,114,kl,82.52,0.6799999999999926,0.5497032999992371,0.5006083846092224,0.8929128646850586
40,42,155,115,kl,82.02,-0.5,0.48534613847732544,0.48771023750305176,0.8598489761352539
40,42,156,116,kl,82.52,0.5,0.5613154172897339,0.5312265157699585,1.0741832256317139
40,42,157,117,kl,82.6,0.0799999999999983,0.46262380480766296,0.48683005571365356,0.8743350505828857
40,42,158,118,kl,81.84,-0.7599999999999909,0.6569518446922302,0.5609816312789917,1.033418893814087
40,42,159,119,kl,79.94,-1.9000000000000057,0.614981472492218,0.5391194224357605,1.2212709188461304
40,42,160,120,kl,81.68,1.740000000000009,0.4993433356285095,0.48320427536964417,0.9152650237083435
40,42,161,121,kl,81.7,0.01999999999999602,0.6880712509155273,0.5551480650901794,0.9201374650001526
40,42,162,122,kl,81.6,-0.10000000000000853,0.5209852457046509,0.49631381034851074,0.9859158992767334
40,42,163,123,kl,82.28,0.6800000000000068,0.6568170785903931,0.5648604035377502,0.9927798509597778
40,42,164,124,ce,83.5,1.2199999999999989,0.19228705763816833,0.3531317412853241,1.7941385507583618
40,42,165,125,kl,82.94,-0.5600000000000023,0.4567177891731262,0.4637244641780853,0.7819875478744507
40,42,166,126,kl,81.24,-1.7000000000000028,0.4277627170085907,0.48806411027908325,0.9144175052642822
40,42,167,127,kl,82.44,1.2000000000000028,0.4768209159374237,0.4973728656768799,0.9415854811668396
40,42,168,128,kl,81.52,-0.9200000000000017,0.4694117307662964,0.4857708811759949,0.9834580421447754
40,42,169,129,kl,80.9,-0.6199999999999903,0.5895673036575317,0.5117117166519165,0.853052020072937
40,42,170,130,kl,82.18,1.2800000000000011,0.5623236894607544,0.4992345869541168,0.8974623084068298
40,42,171,131,kl,81.56,-0.6200000000000045,0.36680713295936584,0.4548931419849396,1.1145174503326416
40,42,172,132,kl,81.58,0.01999999999999602,0.4266844391822815,0.4952109754085541,0.8305779695510864
40,42,173,133,kl,80.64,-0.9399999999999977,0.3417930603027344,0.47402846813201904,1.225366473197937
40,42,174,134,kl,81.34,0.7000000000000028,0.39773082733154297,0.5088603496551514,1.0974723100662231
40,42,175,135,kl,82.0,0.6599999999999966,0.5204051733016968,0.5471731424331665,1.0890161991119385
40,42,176,136,kl,81.58,-0.4200000000000017,0.7038595676422119,0.6127833127975464,1.3937054872512817
40,42,177,137,kl,81.58,0.0,0.5255921483039856,0.5762520432472229,1.2488254308700562
40,42,178,138,kl,80.64,-0.9399999999999977,0.4485703408718109,0.5015608072280884,0.9985294938087463
40,42,179,139,kl,81.88,1.2399999999999949,0.368483304977417,0.45264333486557007,0.8955268859863281
40,42,180,140,kl,81.7,-0.1799999999999926,0.32439443469047546,0.4414697587490082,0.9133564829826355
40,42,181,141,kl,81.66,-0.04000000000000625,0.5971724987030029,0.5132017135620117,0.923342227935791
40,42,182,142,kl,77.22,-4.439999999999998,0.6434984803199768,0.6016031503677368,1.6080999374389648
40,42,183,143,kl,81.74,4.519999999999996,0.5955381393432617,0.552497148513794,1.2028447389602661
40,42,184,144,kl,82.54,0.8000000000000114,0.5185320377349854,0.5088021159172058,0.9774188995361328
40,42,185,145,kl,81.32,-1.220000000000013,0.6030160188674927,0.5378705263137817,0.9617629051208496
40,42,186,146,kl,82.92,1.6000000000000085,0.4768953025341034,0.4825708866119385,0.7655863165855408
40,42,187,147,kl,82.78,-0.14000000000000057,0.598842978477478,0.5456069707870483,1.2066888809204102
40,42,188,148,kl,82.32,-0.46000000000000796,0.5378105640411377,0.5205886363983154,0.9008650779724121
40,42,189,149,kl,82.7,0.38000000000000966,0.407442182302475,0.4670112729072571,0.8494290113449097
40,42,190,150,kl,80.52,-2.180000000000007,0.263017863035202,0.4396425187587738,0.9173791408538818
40,42,191,151,kl,81.46,0.9399999999999977,0.537055492401123,0.5506008863449097,1.0015239715576172
40,42,192,152,kl,83.04,1.5800000000000125,0.48007309436798096,0.4436604678630829,0.774888813495636
40,42,193,153,kl,81.88,-1.1600000000000108,0.464275598526001,0.5066667795181274,1.1047255992889404
40,42,194,154,kl,83.56,1.6800000000000068,0.602939784526825,0.5057063698768616,0.8090924024581909
40,42,195,155,kl,82.88,-0.6800000000000068,0.6214026212692261,0.5197820067405701,0.9034033417701721
40,42,196,156,kl,82.16,-0.7199999999999989,0.40306556224823,0.4159994423389435,0.7902749180793762
40,42,197,157,kl,82.32,0.1599999999999966,0.5592991709709167,0.5016738772392273,0.8443867564201355
40,42,198,158,kl,82.52,0.20000000000000284,0.6595718264579773,0.5469738245010376,1.0493167638778687
40,42,199,159,kl,80.88,-1.6400000000000006,0.6116989850997925,0.558056652545929,1.0519424676895142
40,42,200,160,kl,81.7,0.8200000000000074,0.5738437175750732,0.5037428736686707,0.9040398001670837
40,42,201,161,kl,81.76,0.060000000000002274,0.6528917551040649,0.564841628074646,1.1094352006912231
40,42,202,162,kl,81.04,-0.7199999999999989,0.4809519648551941,0.4951270818710327,0.8867169618606567
40,42,203,163,kl,78.96,-2.0800000000000125,0.6681541204452515,0.6737962961196899,1.6489887237548828
40,42,204,164,kl,81.26,2.3000000000000114,0.4359458088874817,0.4650324583053589,0.8388572931289673
40,42,205,165,ce,82.52,1.259999999999991,0.21049147844314575,0.3300792872905731,1.6587742567062378
40,42,206,166,kl,81.8,-0.7199999999999989,0.5239788889884949,0.49981123208999634,0.8347651958465576
40,42,207,167,kl,82.0,0.20000000000000284,0.4762922525405884,0.49591168761253357,0.9625557065010071
40,42,208,168,kl,82.02,0.01999999999999602,0.6286319494247437,0.5546213984489441,1.0165969133377075
40,42,209,169,kl,82.0,-0.01999999999999602,0.42859312891960144,0.45691344141960144,0.9860960841178894
40,42,210,170,kl,82.5,0.5,0.4952532947063446,0.4932299852371216,0.9496093988418579
40,42,211,171,kl,82.5,0.0,0.3884768784046173,0.47588980197906494,0.9798802137374878
40,42,212,172,kl,82.74,0.23999999999999488,0.34033316373825073,0.46104153990745544,0.9091210961341858
40,42,213,173,kl,82.0,-0.7399999999999949,0.5079658627510071,0.48499736189842224,1.0091252326965332
40,42,214,174,kl,80.3,-1.7000000000000028,0.6676411032676697,0.5908398032188416,1.0947632789611816
40,42,215,175,kl,81.98,1.6800000000000068,0.5713338255882263,0.5163880586624146,0.9666885733604431
40,42,216,176,kl,82.54,0.5600000000000023,0.5920981764793396,0.5002813935279846,0.7950402498245239
40,42,217,177,kl,82.76,0.21999999999999886,0.4314482510089874,0.46166014671325684,0.8899646997451782
40,42,218,178,kl,81.18,-1.5799999999999983,0.526412308216095,0.4945516884326935,0.8836992383003235
40,42,219,179,kl,82.92,1.7399999999999949,0.5223308801651001,0.48277828097343445,0.9669139385223389
40,42,220,180,kl,82.06,-0.8599999999999994,0.5421402454376221,0.5102134346961975,1.077461838722229
40,42,221,181,kl,81.04,-1.019999999999996,0.43048200011253357,0.466668963432312,1.0364073514938354
40,42,222,182,kl,81.84,0.7999999999999972,0.5160983800888062,0.5351680517196655,1.09381902217865
40,42,223,183,kl,81.54,-0.29999999999999716,0.6159423589706421,0.5434140563011169,0.9773271679878235
40,42,224,184,kl,82.08,0.539999999999992,0.5829058885574341,0.5110184550285339,0.9822854995727539
40,42,225,185,kl,82.48,0.4000000000000057,0.45121875405311584,0.4833986461162567,1.0133986473083496
40,42,226,186,kl,83.78,1.2999999999999972,0.5488053560256958,0.47873079776763916,0.7912945747375488
40,42,227,187,kl,82.84,-0.9399999999999977,0.5160069465637207,0.49421897530555725,1.1120917797088623
40,42,228,188,kl,82.76,-0.0799999999999983,0.4891875088214874,0.4944245219230652,0.8496513366699219
40,42,229,189,kl,82.4,-0.35999999999999943,0.3998063802719116,0.4957849383354187,1.0129493474960327
40,42,230,190,kl,80.52,-1.8800000000000097,0.5596354603767395,0.547609269618988,1.0190563201904297
40,42,231,191,kl,82.24,1.7199999999999989,0.554947018623352,0.5113937854766846,0.9545401334762573
40,42,232,192,kl,79.9,-2.339999999999989,0.5686487555503845,0.586920976638794,1.361405849456787
40,42,233,193,kl,82.0,2.0999999999999943,0.4513518214225769,0.4829774796962738,0.8462837338447571
40,42,234,194,kl,81.2,-0.7999999999999972,0.4823078513145447,0.4845770299434662,0.97251296043396
40,42,235,195,kl,83.42,2.219999999999999,0.5555183291435242,0.5236421823501587,1.054754376411438
40,42,236,196,kl,82.44,-0.980000000000004,0.40622371435165405,0.47332051396369934,0.896795928478241
40,42,237,197,kl,80.92,-1.519999999999996,0.6170526742935181,0.5562409162521362,1.086051106452942
40,42,238,198,kl,83.4,2.480000000000004,0.25140106678009033,0.46348342299461365,0.9579547047615051
40,42,239,199,kl,82.34,-1.0600000000000023,0.549556314945221,0.4952881932258606,0.872757077217102
40,42,240,200,kl,81.82,-0.5200000000000102,0.4584354758262634,0.46770671010017395,0.8486307859420776
40,42,241,201,kl,81.84,0.020000000000010232,0.5523645877838135,0.503524899482727,0.8510113954544067
40,42,242,202,kl,81.12,-0.7199999999999989,0.40651726722717285,0.4524877965450287,0.7661595344543457
40,42,243,203,kl,79.02,-2.1000000000000085,0.6153005361557007,0.514962911605835,0.94942307472229
40,42,244,204,kl,82.94,3.9200000000000017,0.42064327001571655,0.4769863784313202,0.8298305869102478
40,42,245,205,kl,82.72,-0.21999999999999886,0.5071154832839966,0.492085725069046,0.9571241140365601
40,42,246,206,ce,80.58,-2.1400000000000006,0.24557778239250183,0.35646459460258484,1.6972185373306274
40,42,247,207,kl,80.4,-0.1799999999999926,0.5559008121490479,0.4932136833667755,0.8794881105422974
40,42,248,208,kl,80.9,0.5,0.537405252456665,0.5051639676094055,0.8578525185585022
40,42,249,209,kl,82.22,1.3199999999999932,0.6042814254760742,0.562425971031189,1.1096315383911133
40,42,250,210,kl,82.76,0.5400000000000063,0.2797333598136902,0.42556998133659363,1.0054854154586792
40,42,251,211,kl,81.9,-0.8599999999999994,0.4369552731513977,0.4618687629699707,0.7691000699996948
40,42,252,212,kl,79.32,-2.5800000000000125,0.5848519206047058,0.5165571570396423,1.0848432779312134
40,42,253,213,kl,81.88,2.5600000000000023,0.5691574811935425,0.5249872803688049,1.0099602937698364
40,42,254,214,kl,81.76,-0.11999999999999034,0.4721807539463043,0.4777687191963196,0.843015193939209
40,42,255,215,kl,82.34,0.5799999999999983,0.6062385439872742,0.5504245758056641,0.9660595059394836
40,42,256,216,kl,82.2,-0.14000000000000057,0.3663935959339142,0.48971879482269287,1.0116589069366455
40,42,257,217,kl,82.84,0.6400000000000006,0.48114079236984253,0.48652368783950806,0.890958309173584
40,42,258,218,kl,81.9,-0.9399999999999977,0.5262563824653625,0.4837054908275604,0.8331621885299683
40,42,259,219,kl,82.48,0.5799999999999983,0.5202056169509888,0.4941054880619049,0.8882187604904175
40,42,260,220,kl,80.74,-1.740000000000009,0.49210256338119507,0.5084751844406128,1.1379280090332031
40,42,261,221,kl,81.3,0.5600000000000023,0.6379231214523315,0.5669281482696533,1.166042685508728
40,42,262,222,kl,82.14,0.8400000000000034,0.4459431767463684,0.47293442487716675,0.8686008453369141
40,42,263,223,kl,83.0,0.8599999999999994,0.5133090019226074,0.4812491536140442,0.9530658721923828
40,42,264,224,kl,83.06,0.060000000000002274,0.4187283515930176,0.462375670671463,0.9758349657058716
40,42,265,225,kl,82.62,-0.4399999999999977,0.46015262603759766,0.4937247633934021,0.7860974669456482
40,42,266,226,kl,79.1,-3.5200000000000102,0.537147581577301,0.5862529873847961,1.335602879524231
40,42,267,227,kl,80.96,1.8599999999999994,0.3670620620250702,0.45048636198043823,0.9196813702583313
40,42,268,228,kl,82.88,1.9200000000000017,0.6059767007827759,0.5252968668937683,0.947509229183197
40,42,269,229,kl,81.26,-1.6199999999999903,0.4680671691894531,0.4900837242603302,1.0971194505691528
40,42,270,230,kl,83.24,1.9799999999999898,0.4259396493434906,0.4624386429786682,0.8424617052078247
40,42,271,231,kl,82.4,-0.8399999999999892,0.46117374300956726,0.5075469613075256,1.1037395000457764
40,42,272,232,kl,82.5,0.09999999999999432,0.5692899227142334,0.5007853507995605,0.9391713738441467
40,42,273,233,kl,83.14,0.6400000000000006,0.5102697610855103,0.48131832480430603,0.8633880615234375
40,42,274,234,kl,82.12,-1.019999999999996,0.3267940282821655,0.45707955956459045,0.90793377161026
40,42,275,235,kl,83.12,1.0,0.3151411712169647,0.429292231798172,0.9782999157905579
40,42,276,236,kl,80.98,-2.1400000000000006,0.4860813319683075,0.48934614658355713,0.9492524266242981
40,42,277,237,kl,81.9,0.9200000000000017,0.5714414715766907,0.5030507445335388,0.9605467319488525
40,42,278,238,kl,81.2,-0.7000000000000028,0.6314610242843628,0.5235980153083801,1.0906175374984741
40,42,279,239,kl,81.98,0.7800000000000011,0.5831409692764282,0.4988655745983124,1.0799214839935303
40,42,280,240,kl,81.94,-0.04000000000000625,0.43547385931015015,0.4587078094482422,0.8312406539916992
40,42,281,241,kl,80.9,-1.039999999999992,0.6080318689346313,0.5560305118560791,1.1334501504898071
40,42,282,242,kl,81.48,0.5799999999999983,0.49324026703834534,0.49877405166625977,0.874382495880127
40,42,283,243,kl,83.24,1.759999999999991,0.3845309615135193,0.42224133014678955,0.8049940466880798
40,42,284,244,kl,82.6,-0.6400000000000006,0.5794331431388855,0.5241518020629883,0.8762595653533936
40,42,285,245,kl,82.52,-0.0799999999999983,0.5463493466377258,0.534953236579895,1.1602476835250854
40,42,286,246,kl,82.54,0.020000000000010232,0.6369830965995789,0.5954556465148926,1.0265148878097534
40,42,287,247,ce,81.54,-1.0,0.30588358640670776,0.39918220043182373,1.9434762001037598
40,42,288,248,kl,81.82,0.2799999999999869,0.39729031920433044,0.459599107503891,0.9222247004508972
40,42,289,249,kl,83.08,1.2600000000000051,0.4251806139945984,0.4659746289253235,0.8823156952857971
40,42,290,250,kl,82.84,-0.23999999999999488,0.5023645758628845,0.5185256004333496,1.0402976274490356
40,42,291,251,kl,83.34,0.5,0.35152024030685425,0.44398459792137146,0.873427152633667
40,42,292,252,kl,80.14,-3.200000000000003,0.48719048500061035,0.5255128145217896,1.1556223630905151
40,42,293,253,kl,81.92,1.7800000000000011,0.4677155911922455,0.49592316150665283,1.065151333808899
40,42,294,254,kl,79.54,-2.3799999999999955,0.695202112197876,0.5996077656745911,1.1082555055618286
40,42,295,255,kl,82.58,3.039999999999992,0.6173646450042725,0.5257883667945862,0.9787285327911377
40,42,296,256,kl,83.08,0.5,0.38412487506866455,0.46745672821998596,0.7620376348495483
40,42,297,257,kl,83.14,0.060000000000002274,0.4906769394874573,0.4608061909675598,0.7402957677841187
40,42,298,258,kl,82.44,-0.7000000000000028,0.40042823553085327,0.4519846737384796,0.8900064826011658
40,42,299,259,kl,82.02,-0.4200000000000017,0.5381515026092529,0.5124812126159668,1.1710855960845947
40,42,300,260,kl,79.0,-3.019999999999996,0.5735749006271362,0.5559872984886169,1.257498860359192
40,42,301,261,kl,82.72,3.719999999999999,0.43670472502708435,0.46063169836997986,0.7832283973693848
40,42,302,262,kl,82.46,-0.2600000000000051,0.6308314800262451,0.5775609016418457,1.103900671005249
40,42,303,263,kl,82.6,0.14000000000000057,0.613619327545166,0.5101802349090576,0.8977804183959961
40,42,304,264,kl,80.82,-1.7800000000000011,0.641059398651123,0.5894877910614014,1.1462115049362183
40,42,305,265,kl,82.38,1.5600000000000023,0.4650834798812866,0.4618077576160431,0.8386619091033936
40,42,306,266,kl,82.52,0.14000000000000057,0.5577788352966309,0.5048674941062927,0.951431930065155
40,42,307,267,kl,82.26,-0.2599999999999909,0.5318433046340942,0.5362393260002136,0.9814939498901367
40,42,308,268,kl,82.12,-0.14000000000000057,0.5755306482315063,0.5135346055030823,1.055385708808899
40,42,309,269,kl,81.84,-0.28000000000000114,0.4953612685203552,0.4909851551055908,0.9019862413406372
40,42,310,270,kl,81.96,0.11999999999999034,0.6600308418273926,0.5528894662857056,1.0302679538726807
40,42,311,271,kl,80.9,-1.059999999999988,0.40151211619377136,0.471549391746521,0.9634687900543213
40,42,312,272,kl,82.84,1.9399999999999977,0.45715898275375366,0.48642489314079285,0.8366685509681702
40,42,313,273,kl,83.46,0.6199999999999903,0.5065178871154785,0.483511745929718,0.8837684988975525
40,42,314,274,kl,82.6,-0.8599999999999994,0.5125459432601929,0.4918939173221588,0.7999462485313416
40,42,315,275,kl,82.34,-0.2599999999999909,0.263705313205719,0.4595171809196472,1.0564939975738525
40,42,316,276,kl,80.06,-2.280000000000001,0.6828532814979553,0.5529159307479858,1.0475972890853882
40,42,317,277,kl,80.94,0.8799999999999955,0.5859230756759644,0.5357100963592529,1.2385846376419067
40,42,318,278,kl,82.6,1.6599999999999966,0.43460994958877563,0.4597884714603424,0.9194187521934509
40,42,319,279,kl,82.24,-0.35999999999999943,0.26852598786354065,0.4170618951320648,0.8779171705245972
40,42,320,280,kl,83.26,1.0200000000000102,0.5948431491851807,0.5036605000495911,0.8066537976264954
40,42,321,281,kl,82.7,-0.5600000000000023,0.2184809446334839,0.4137984812259674,0.8340449333190918
40,42,322,282,kl,81.62,-1.0799999999999983,0.47345393896102905,0.49850717186927795,0.8321133255958557
40,42,323,283,kl,81.92,0.29999999999999716,0.6645188331604004,0.6079591512680054,1.2234351634979248
40,42,324,284,kl,81.5,-0.4200000000000017,0.6614428758621216,0.5374207496643066,0.9674813151359558
40,42,325,285,kl,83.72,2.219999999999999,0.3497157096862793,0.4703688621520996,0.8628990650177002
40,42,326,286,kl,82.78,-0.9399999999999977,0.6272599101066589,0.5427447557449341,0.9780057668685913
40,42,327,287,kl,82.88,0.09999999999999432,0.5229976773262024,0.49475663900375366,0.907579779624939
40,42,328,288,ce,83.1,0.21999999999999886,0.2840738296508789,0.33402219414711,1.9338598251342773
40,42,329,289,kl,81.84,-1.259999999999991,0.5635159611701965,0.5440195202827454,0.9978055953979492
40,42,330,290,kl,81.2,-0.6400000000000006,0.40241876244544983,0.48193812370300293,1.175228476524353
40,42,331,291,kl,78.64,-2.5600000000000023,0.6701194047927856,0.6306309700012207,1.3602181673049927
40,42,332,292,kl,81.22,2.5799999999999983,0.676084578037262,0.586043119430542,1.0377782583236694
40,42,333,293,kl,82.66,1.4399999999999977,0.39180704951286316,0.4879877269268036,0.9687964916229248
40,42,334,294,kl,81.62,-1.039999999999992,0.5739808082580566,0.5339800715446472,1.1148709058761597
40,42,335,295,kl,82.94,1.3199999999999932,0.5569512248039246,0.5175436735153198,0.7812644243240356
40,42,336,296,kl,81.62,-1.3199999999999932,0.5711565017700195,0.5647881627082825,1.03559148311615
40,42,337,297,kl,81.6,-0.020000000000010232,0.5414252281188965,0.5475675463676453,1.0045415163040161
40,42,338,298,kl,82.72,1.1200000000000045,0.46741509437561035,0.47111207246780396,0.769325315952301
40,42,339,299,kl,82.2,-0.519999999999996,0.6616830229759216,0.5696998834609985,1.038230299949646
40,42,340,300,kl,81.84,-0.35999999999999943,0.6459886431694031,0.6090613603591919,1.2357007265090942
40,42,341,301,kl,82.28,0.4399999999999977,0.3562423586845398,0.4583892226219177,0.9749807119369507
40,42,342,302,kl,81.66,-0.6200000000000045,0.3535017967224121,0.4277195930480957,0.9845202565193176
40,42,343,303,kl,81.8,0.14000000000000057,0.48792165517807007,0.5259857773780823,0.9362311959266663
40,42,344,304,kl,79.98,-1.8199999999999932,0.6625314354896545,0.5642310976982117,1.115264892578125
40,42,345,305,kl,81.72,1.7399999999999949,0.5267502069473267,0.4754793047904968,0.9154843688011169
40,42,346,306,kl,82.02,0.29999999999999716,0.47223150730133057,0.4766964316368103,0.8024527430534363
40,42,347,307,kl,83.02,1.0,0.39219897985458374,0.4607577323913574,0.8232797384262085
40,42,348,308,kl,82.32,-0.7000000000000028,0.44795048236846924,0.5260863304138184,1.0912282466888428
40,42,349,309,kl,81.68,-0.6399999999999864,0.45844289660453796,0.4826575219631195,0.911891758441925
40,42,350,310,kl,82.16,0.47999999999998977,0.2739085853099823,0.4742051661014557,0.8568577766418457
40,42,351,311,kl,82.78,0.6200000000000045,0.35750827193260193,0.4718177914619446,0.8917521834373474
40,42,352,312,kl,82.2,-0.5799999999999983,0.6658354997634888,0.5591108798980713,0.9551764130592346
40,42,353,313,kl,83.3,1.0999999999999943,0.4883236885070801,0.479193776845932,0.6558387279510498
40,42,354,314,kl,81.8,-1.5,0.5625661611557007,0.5129504203796387,0.9392702579498291
40,42,355,315,kl,80.44,-1.3599999999999994,0.4358788728713989,0.4871633052825928,1.0892218351364136
40,42,356,316,kl,82.94,2.5,0.40366387367248535,0.4519582986831665,0.8226264715194702
40,42,357,317,kl,83.06,0.12000000000000455,0.5174282789230347,0.48766833543777466,0.881506085395813
40,42,358,318,kl,81.68,-1.3799999999999955,0.5373683571815491,0.4580456614494324,0.7632323503494263
40,42,359,319,kl,81.7,0.01999999999999602,0.36049211025238037,0.45135512948036194,0.8762434720993042
40,42,360,320,kl,82.78,1.0799999999999983,0.5052896738052368,0.5149691700935364,0.9279943108558655
40,42,361,321,kl,82.66,-0.12000000000000455,0.3724919259548187,0.44895339012145996,0.7653762102127075
40,42,362,322,kl,81.74,-0.9200000000000017,0.5555302500724792,0.5330026745796204,1.0142017602920532
40,42,363,323,kl,81.2,-0.539999999999992,0.5272649526596069,0.5296491384506226,1.1221897602081299
40,42,364,324,kl,82.08,0.8799999999999955,0.545879065990448,0.530430018901825,1.114314079284668
40,42,365,325,kl,81.42,-0.6599999999999966,0.39616039395332336,0.49124348163604736,0.9640684723854065
40,42,366,326,kl,81.76,0.3400000000000034,0.5535825490951538,0.5602119565010071,1.123390555381775
40,42,367,327,kl,81.88,0.11999999999999034,0.5239735841751099,0.5269275903701782,0.9976044297218323
40,42,368,328,kl,81.88,0.0,0.5007306337356567,0.5224443078041077,0.8608089685440063
40,42,369,329,ce,81.32,-0.5600000000000023,0.25450024008750916,0.37183183431625366,1.8263955116271973
40,42,370,330,kl,82.1,0.7800000000000011,0.5645385980606079,0.5403510332107544,1.0016133785247803
40,42,371,331,kl,81.04,-1.059999999999988,0.46824806928634644,0.5000550150871277,0.8802288770675659
40,42,372,332,kl,83.36,2.319999999999993,0.32014748454093933,0.4547218382358551,0.7399770617485046
40,42,373,333,kl,81.68,-1.6799999999999926,0.30060648918151855,0.4374869167804718,0.9799061417579651
40,42,374,334,kl,80.84,-0.8400000000000034,0.4524109959602356,0.5133068561553955,0.9973062872886658
40,42,375,335,kl,82.9,2.0600000000000023,0.6841189861297607,0.5654354095458984,1.0815354585647583
40,42,376,336,kl,81.9,-1.0,0.4461979568004608,0.4798150658607483,0.9284807443618774
40,42,377,337,kl,81.22,-0.6800000000000068,0.5182745456695557,0.5274925827980042,0.8209947347640991
40,42,378,338,kl,81.9,0.6800000000000068,0.5706398487091064,0.5474152565002441,1.0733948945999146
40,42,379,339,kl,80.64,-1.2600000000000051,0.5977159142494202,0.5565900802612305,1.00612211227417
40,42,380,340,kl,81.98,1.3400000000000034,0.4013606011867523,0.4689261317253113,0.9263240098953247
40,42,381,341,kl,81.88,-0.10000000000000853,0.39729052782058716,0.5023114681243896,0.9620830416679382
40,42,382,342,kl,82.48,0.6000000000000085,0.38882023096084595,0.48080363869667053,0.8728130459785461
40,42,383,343,kl,82.46,-0.020000000000010232,0.580183207988739,0.5131985545158386,0.9081598520278931
40,42,384,344,kl,82.22,-0.23999999999999488,0.5099101066589355,0.5195212364196777,0.8589445948600769
40,42,385,345,kl,81.3,-0.9200000000000017,0.3482677936553955,0.5047382116317749,0.973479688167572
40,42,386,346,kl,82.24,0.9399999999999977,0.6101997494697571,0.5551996827125549,1.313320517539978
40,42,387,347,kl,81.88,-0.35999999999999943,0.5339086055755615,0.49332162737846375,0.9334062933921814
40,42,388,348,kl,81.94,0.060000000000002274,0.5322475433349609,0.5584021210670471,0.9122759103775024
40,42,389,349,kl,82.04,0.10000000000000853,0.40994417667388916,0.4871661961078644,0.8801839351654053
40,42,390,350,kl,83.34,1.2999999999999972,0.5264549851417542,0.5364739298820496,0.995516836643219
40,42,391,351,kl,82.66,-0.6800000000000068,0.290828138589859,0.4548366367816925,0.9414100646972656
40,42,392,352,kl,82.46,-0.20000000000000284,0.24242496490478516,0.41712328791618347,0.8699975609779358
40,42,393,353,kl,82.72,0.2600000000000051,0.4843522310256958,0.4885638952255249,0.9959592819213867
40,42,394,354,kl,81.62,-1.0999999999999943,0.652782678604126,0.5853477716445923,1.1188591718673706
40,42,395,355,kl,81.96,0.3399999999999892,0.5060441493988037,0.5261220335960388,0.853393018245697
40,42,396,356,kl,81.72,-0.23999999999999488,0.5018934607505798,0.5208603143692017,1.0909483432769775
40,42,397,357,kl,82.04,0.3200000000000074,0.6503696441650391,0.5649862289428711,1.1502331495285034
40,42,398,358,kl,81.64,-0.4000000000000057,0.35823947191238403,0.4713120460510254,0.9845864176750183
40,42,399,359,kl,81.7,0.060000000000002274,0.39655688405036926,0.47432559728622437,0.9338939189910889
40,42,400,360,kl,81.7,0.0,0.5875006914138794,0.536984920501709,0.8836761116981506
40,42,401,361,kl,82.7,1.0,0.549471914768219,0.5161717534065247,0.8847046494483948
40,42,402,362,kl,82.4,-0.29999999999999716,0.6277493238449097,0.5479617118835449,0.851393461227417
40,42,403,363,kl,82.02,-0.38000000000000966,0.5932981967926025,0.5286228060722351,0.9291212558746338
40,42,404,364,kl,82.38,0.35999999999999943,0.44822633266448975,0.48712360858917236,0.8111608028411865
40,42,405,365,kl,82.84,0.46000000000000796,0.36740627884864807,0.4552685618400574,0.8644037842750549
40,42,406,366,kl,81.42,-1.4200000000000017,0.5357246398925781,0.5465224981307983,1.0775772333145142
40,42,407,367,kl,82.38,0.9599999999999937,0.4782036542892456,0.5059233903884888,0.902661144733429
40,42,408,368,kl,81.44,-0.9399999999999977,0.6144271492958069,0.5386512279510498,0.9399139881134033
40,42,409,369,kl,83.76,2.3200000000000074,0.4676821231842041,0.4680701792240143,0.9083513617515564
40,42,410,370,ce,80.7,-3.0600000000000023,0.22247231006622314,0.35038307309150696,1.901386022567749
40,42,411,371,kl,82.6,1.8999999999999915,0.36043667793273926,0.47782769799232483,0.9138098359107971
40,42,412,372,kl,79.64,-2.9599999999999937,0.5509966611862183,0.5415486693382263,1.0460971593856812
40,42,413,373,kl,80.94,1.2999999999999972,0.6998327374458313,0.6444324851036072,1.3068203926086426
40,42,414,374,kl,82.14,1.2000000000000028,0.4167117774486542,0.46815332770347595,0.8819311857223511
40,42,415,375,kl,81.92,-0.21999999999999886,0.5543689131736755,0.5618095993995667,0.9950310587882996
40,42,416,376,kl,81.36,-0.5600000000000023,0.5498835444450378,0.563791811466217,1.1731613874435425
40,42,417,377,kl,81.82,0.45999999999999375,0.47056448459625244,0.4522193968296051,0.8599138855934143
40,42,418,378,kl,81.04,-0.7799999999999869,0.6381710767745972,0.591383159160614,0.9519554972648621
40,42,419,379,kl,77.32,-3.720000000000013,0.7392116785049438,0.6341550350189209,1.4622154235839844
40,42,420,380,kl,81.66,4.340000000000003,0.4872734248638153,0.5485866069793701,0.9741361737251282
40,42,421,381,kl,81.94,0.28000000000000114,0.4936554431915283,0.5018184781074524,1.0524191856384277
40,42,422,382,kl,82.44,0.5,0.3393249213695526,0.4575401544570923,0.9071258306503296
40,42,423,383,kl,82.82,0.37999999999999545,0.3508152961730957,0.460591584444046,0.8282912373542786
40,42,424,384,kl,82.1,-0.7199999999999989,0.6079027652740479,0.5509935617446899,0.953740119934082
40,42,425,385,kl,81.18,-0.9199999999999875,0.45205792784690857,0.4984664022922516,0.9397927522659302
40,42,426,386,kl,81.96,0.7799999999999869,0.5948712825775146,0.49461838603019714,0.7675342559814453
40,42,427,387,kl,81.46,-0.5,0.4060484766960144,0.4639107882976532,0.8707623481750488
40,42,428,388,kl,82.8,1.3400000000000034,0.46152180433273315,0.5193977952003479,0.876286506652832
40,42,429,389,kl,82.82,0.01999999999999602,0.48242098093032837,0.498299777507782,0.970993161201477
40,42,430,390,kl,82.76,-0.05999999999998806,0.2748628854751587,0.4431392550468445,0.9024330973625183
40,42,431,391,kl,82.86,0.09999999999999432,0.5923080444335938,0.5531830191612244,1.0085242986679077
40,42,432,392,kl,79.6,-3.260000000000005,0.4585613012313843,0.5275804996490479,1.0378317832946777
40,42,433,393,kl,83.08,3.480000000000004,0.3483445644378662,0.4534663259983063,0.7803958654403687
40,42,434,394,kl,82.98,-0.09999999999999432,0.3922780156135559,0.4756380617618561,0.80427086353302
40,42,435,395,kl,80.78,-2.200000000000003,0.4248204827308655,0.5035294890403748,0.8181509971618652
40,42,436,396,kl,83.28,2.5,0.4382372796535492,0.4899645745754242,0.9333933591842651
40,42,437,397,kl,81.16,-2.1200000000000045,0.5947966575622559,0.5503808856010437,0.9439133405685425
40,42,438,398,kl,80.72,-0.4399999999999977,0.7039370536804199,0.6582756638526917,1.2755494117736816
40,42,439,399,kl,81.0,0.28000000000000114,0.366121768951416,0.4893305003643036,0.9005723595619202
40,42,440,400,kl,82.34,1.3400000000000034,0.6062784194946289,0.5434069633483887,1.0325002670288086
40,42,441,401,kl,82.08,-0.2600000000000051,0.5540822744369507,0.5327500700950623,0.9459384679794312
40,42,442,402,kl,82.0,-0.0799999999999983,0.4253704845905304,0.4801095128059387,0.9834500551223755
40,42,443,403,kl,82.66,0.6599999999999966,0.5691004395484924,0.5414183735847473,0.9018450379371643
40,42,444,404,kl,82.52,-0.14000000000000057,0.5813336968421936,0.5311515927314758,0.9182829856872559
40,42,445,405,kl,82.42,-0.09999999999999432,0.5434814691543579,0.5055806040763855,0.9328279495239258
40,42,446,406,kl,82.6,0.1799999999999926,0.47057801485061646,0.5287326574325562,1.1899213790893555
40,42,447,407,kl,83.14,0.5400000000000063,0.4879619777202606,0.48172327876091003,0.8708140850067139
40,42,448,408,kl,81.46,-1.6800000000000068,0.536064624786377,0.5758765935897827,1.1474474668502808
40,42,449,409,kl,81.66,0.20000000000000284,0.5416494607925415,0.5376849174499512,1.0072606801986694
40,42,450,410,kl,83.08,1.4200000000000017,0.2749970853328705,0.46125152707099915,0.809158444404602
40,42,451,411,ce,82.6,-0.480000000000004,0.14479339122772217,0.34945517778396606,1.7703803777694702
40,42,452,412,kl,85.54,2.940000000000012,0.35341352224349976,0.4460524618625641,0.6900449991226196
40,42,453,413,kl,85.54,0.0,0.2757980525493622,0.41796550154685974,0.7137671709060669
40,42,454,414,kl,85.7,0.1599999999999966,0.3695327639579773,0.4413696825504303,0.6516880989074707
40,42,455,415,kl,85.62,-0.0799999999999983,0.3415873944759369,0.4368162751197815,0.7038026452064514
40,42,456,416,kl,85.78,0.1599999999999966,0.4202684462070465,0.4546442925930023,0.7330162525177002
40,42,457,417,kl,85.6,-0.18000000000000682,0.39314621686935425,0.45388340950012207,0.7212786078453064
40,42,458,418,kl,86.16,0.5600000000000023,0.32147979736328125,0.4540521800518036,0.7106044292449951
40,42,459,419,kl,85.86,-0.29999999999999716,0.2998371124267578,0.45323988795280457,0.7041804194450378
40,42,460,420,kl,85.92,0.060000000000002274,0.3925211429595947,0.46397846937179565,0.7654942274093628
40,42,461,421,kl,86.12,0.20000000000000284,0.324188768863678,0.46508726477622986,0.6983342170715332
40,42,462,422,kl,86.16,0.03999999999999204,0.32668739557266235,0.4561246931552887,0.6918616890907288
40,42,463,423,kl,85.9,-0.2599999999999909,0.3042774796485901,0.46380510926246643,0.7807861566543579
40,42,464,424,kl,86.08,0.1799999999999926,0.4073352515697479,0.5059167146682739,0.7994537353515625
40,42,465,425,kl,86.12,0.04000000000000625,0.3760908246040344,0.48835834860801697,0.7023226022720337
40,42,466,426,kl,86.02,-0.10000000000000853,0.3329457640647888,0.48762208223342896,0.7025216221809387
40,42,467,427,kl,86.28,0.2600000000000051,0.3466343879699707,0.47980448603630066,0.7491397261619568
40,42,468,428,kl,86.3,0.01999999999999602,0.3031044900417328,0.48784583806991577,0.8020143508911133
40,42,469,429,kl,86.22,-0.0799999999999983,0.3309822678565979,0.4940930902957916,0.8145817518234253
40,42,470,430,kl,86.54,0.3200000000000074,0.38043510913848877,0.5116839408874512,0.7637448906898499
40,42,471,431,kl,86.22,-0.3200000000000074,0.32940760254859924,0.51557856798172,0.8315739631652832
40,42,472,432,kl,86.3,0.0799999999999983,0.3728365898132324,0.5159851908683777,0.850886881351471
40,42,473,433,kl,86.16,-0.14000000000000057,0.370450496673584,0.5371970534324646,0.7720687985420227
40,42,474,434,kl,86.32,0.1599999999999966,0.3476022481918335,0.5144086480140686,0.8217189311981201
40,42,475,435,kl,86.3,-0.01999999999999602,0.46602022647857666,0.576115608215332,0.935291051864624
40,42,476,436,kl,86.14,-0.1599999999999966,0.3835311233997345,0.5410865545272827,0.8571159243583679
40,42,477,437,kl,86.24,0.09999999999999432,0.3198999762535095,0.5303170680999756,0.8586263060569763
40,42,478,438,kl,85.92,-0.3199999999999932,0.3751973807811737,0.5417538285255432,0.8566771745681763
40,42,479,439,kl,86.2,0.28000000000000114,0.4077204465866089,0.5604731440544128,0.8986188173294067
40,42,480,440,kl,86.26,0.060000000000002274,0.35636085271835327,0.5558813810348511,0.909776508808136
40,42,481,441,kl,86.16,-0.10000000000000853,0.3142274022102356,0.5293382406234741,0.847122311592102
40,42,482,442,kl,86.12,-0.03999999999999204,0.40833961963653564,0.5806397795677185,0.9492086172103882
40,42,483,443,kl,86.32,0.19999999999998863,0.3739807605743408,0.5803816318511963,0.9733082056045532
40,42,484,444,kl,86.5,0.18000000000000682,0.41566550731658936,0.5819374322891235,0.9410091042518616
40,42,485,445,kl,86.02,-0.480000000000004,0.37263673543930054,0.5711692571640015,0.8688403367996216
40,42,486,446,kl,86.34,0.3200000000000074,0.443021684885025,0.6127479076385498,1.0164943933486938
40,42,487,447,kl,86.12,-0.21999999999999886,0.4000961482524872,0.5794367790222168,0.8740054965019226
40,42,488,448,kl,86.1,-0.020000000000010232,0.3475489020347595,0.5748674869537354,0.8186377286911011
40,42,489,449,kl,85.92,-0.1799999999999926,0.4592863917350769,0.650442898273468,1.0723754167556763
40,42,490,450,kl,86.18,0.2600000000000051,0.3916980028152466,0.6043604016304016,0.898944616317749
40,42,491,451,kl,86.44,0.2599999999999909,0.33477652072906494,0.5815554261207581,0.9648045897483826
40,42,492,452,ce,86.12,-0.3199999999999932,0.1835244596004486,0.4790601134300232,1.7137466669082642
40,42,493,453,kl,86.14,0.01999999999999602,0.3371615707874298,0.58469557762146,0.9508340358734131
40,42,494,454,kl,86.12,-0.01999999999999602,0.4035717844963074,0.6196854114532471,0.9825829863548279
40,42,495,455,kl,86.2,0.0799999999999983,0.33686864376068115,0.6066818833351135,0.9238570332527161
40,42,496,456,kl,86.1,-0.10000000000000853,0.43052130937576294,0.6623505353927612,1.0165460109710693
40,42,497,457,kl,86.06,-0.03999999999999204,0.3478374183177948,0.6199764013290405,0.8963127136230469
40,42,498,458,kl,86.02,-0.04000000000000625,0.40520358085632324,0.6474477648735046,0.970640242099762
40,42,499,459,kl,86.14,0.12000000000000455,0.37066134810447693,0.6302375197410583,0.9176458120346069
40,42,500,460,kl,86.28,0.14000000000000057,0.41990089416503906,0.6552817225456238,1.0123624801635742
40,42,501,461,kl,85.94,-0.3400000000000034,0.3533054292201996,0.6325796842575073,0.8924633264541626
40,42,502,462,kl,86.04,0.10000000000000853,0.4134722948074341,0.6666739583015442,1.0281343460083008
40,42,503,463,kl,86.04,0.0,0.41528239846229553,0.6807961463928223,1.0344592332839966
40,42,504,464,kl,85.82,-0.22000000000001307,0.4277263581752777,0.6792332530021667,0.9985029697418213
40,42,505,465,kl,85.96,0.14000000000000057,0.33230775594711304,0.6515856385231018,0.9633669257164001
40,42,506,466,kl,85.98,0.020000000000010232,0.5025880932807922,0.7389823198318481,1.140882134437561
40,42,507,467,kl,86.32,0.3399999999999892,0.445156455039978,0.6968629956245422,1.1103790998458862
40,42,508,468,kl,86.18,-0.13999999999998636,0.4512414336204529,0.7094907164573669,1.0909932851791382
40,42,509,469,kl,86.42,0.23999999999999488,0.40590399503707886,0.6962635517120361,1.0250755548477173
40,42,510,470,kl,86.08,-0.3400000000000034,0.37960606813430786,0.6717276573181152,1.0149403810501099
40,42,511,471,kl,86.1,0.01999999999999602,0.29683253169059753,0.6627277135848999,0.9729822874069214
40,42,512,472,kl,86.14,0.04000000000000625,0.4538588225841522,0.7353545427322388,1.107379674911499
40,42,513,473,kl,85.94,-0.20000000000000284,0.3653332591056824,0.7076830863952637,1.0618219375610352
40,42,514,474,kl,85.96,0.01999999999999602,0.39535588026046753,0.6899670362472534,1.025151014328003
40,42,515,475,kl,86.22,0.2600000000000051,0.43217623233795166,0.7280478477478027,1.1282678842544556
40,42,516,476,kl,86.12,-0.09999999999999432,0.3813284635543823,0.727265477180481,1.0576435327529907
40,42,517,477,kl,85.92,-0.20000000000000284,0.32249903678894043,0.711760401725769,1.117754340171814
40,42,518,478,kl,86.22,0.29999999999999716,0.39288872480392456,0.7200576066970825,1.1584248542785645
40,42,519,479,kl,86.06,-0.1599999999999966,0.38210099935531616,0.7166022658348083,1.135153889656067
40,42,520,480,kl,86.22,0.1599999999999966,0.32332077622413635,0.7321155667304993,1.1490089893341064
40,42,521,481,kl,86.2,-0.01999999999999602,0.3533192276954651,0.7232403755187988,1.1442561149597168
40,42,522,482,kl,86.4,0.20000000000000284,0.43288087844848633,0.7662522196769714,1.1422146558761597
40,42,523,483,kl,86.38,-0.020000000000010232,0.3853924870491028,0.7434006929397583,1.1476020812988281
40,42,524,484,kl,86.18,-0.19999999999998863,0.4333018362522125,0.7741884589195251,1.1558715105056763
40,42,525,485,kl,85.96,-0.22000000000001307,0.4651983976364136,0.819487452507019,1.3830894231796265
40,42,526,486,kl,85.92,-0.03999999999999204,0.4326342046260834,0.7810918092727661,1.2004978656768799
40,42,527,487,kl,86.18,0.2600000000000051,0.37794405221939087,0.730307400226593,1.0724492073059082
40,42,528,488,kl,86.04,-0.14000000000000057,0.377274751663208,0.7587961554527283,1.1618560552597046
40,42,529,489,kl,86.0,-0.04000000000000625,0.48227500915527344,0.8090236186981201,1.2559622526168823
40,42,530,490,kl,85.9,-0.09999999999999432,0.3872731328010559,0.7786977887153625,1.1762993335723877
40,42,531,491,kl,86.3,0.3999999999999915,0.4677797853946686,0.8253225684165955,1.2545582056045532
40,42,532,492,kl,85.98,-0.3199999999999932,0.480317622423172,0.8316570520401001,1.230681300163269
40,42,533,493,ce,86.14,0.1599999999999966,0.2783680558204651,0.6442044377326965,2.19142484664917
40,42,534,494,kl,86.68,0.5400000000000063,0.4208221733570099,0.7980033159255981,1.112105131149292
40,42,535,495,kl,86.56,-0.12000000000000455,0.45862269401550293,0.7920194864273071,1.2613437175750732
40,42,536,496,kl,86.44,-0.12000000000000455,0.3513332009315491,0.7736766934394836,1.230668067932129
40,42,537,497,kl,86.34,-0.09999999999999432,0.3306443989276886,0.7688405513763428,1.1820071935653687
40,42,538,498,kl,86.38,0.03999999999999204,0.3395727872848511,0.7936092019081116,1.1773903369903564
40,42,539,499,kl,86.04,-0.3399999999999892,0.3035169243812561,0.7834426164627075,1.1562267541885376
40,42,540,500,kl,86.02,-0.020000000000010232,0.45530983805656433,0.883846640586853,1.3269164562225342
40,42,541,501,kl,86.2,0.18000000000000682,0.5132162570953369,0.8619845509529114,1.222960352897644
40,42,542,502,kl,86.12,-0.0799999999999983,0.3411240577697754,0.8210502862930298,1.244195818901062
40,42,543,503,kl,86.18,0.060000000000002274,0.4628637731075287,0.8688243627548218,1.320214867591858
40,42,544,504,kl,86.06,-0.12000000000000455,0.39098963141441345,0.8329434394836426,1.2237764596939087
40,42,545,505,kl,86.16,0.09999999999999432,0.43618619441986084,0.8621973395347595,1.3581898212432861
40,42,546,506,kl,86.2,0.04000000000000625,0.37262260913848877,0.8253492712974548,1.2341474294662476
40,42,547,507,kl,85.98,-0.21999999999999886,0.4633222818374634,0.9088900685310364,1.4108774662017822
40,42,548,508,kl,86.28,0.29999999999999716,0.37267133593559265,0.8341679573059082,1.3303228616714478
40,42,549,509,kl,86.3,0.01999999999999602,0.4890599846839905,0.8764763474464417,1.334364891052246
40,42,550,510,kl,86.22,-0.0799999999999983,0.5006934404373169,0.9018950462341309,1.380033254623413
40,42,551,511,kl,85.56,-0.6599999999999966,0.47150498628616333,0.8925208449363708,1.683667778968811
40,42,552,512,kl,85.68,0.12000000000000455,0.5389837622642517,0.9812817573547363,1.6219929456710815
40,42,553,513,kl,85.66,-0.020000000000010232,0.41306498646736145,0.8760223984718323,1.2826489210128784
40,42,554,514,kl,85.66,0.0,0.45172804594039917,0.9171653389930725,1.4413396120071411
40,42,555,515,kl,85.9,0.2400000000000091,0.5194655060768127,0.9694864749908447,1.5856302976608276
40,42,556,516,kl,86.0,0.09999999999999432,0.4745754897594452,0.9075681567192078,1.4795763492584229
40,42,557,517,kl,85.6,-0.4000000000000057,0.47845473885536194,0.9388729929924011,1.496320128440857
40,42,558,518,kl,85.78,0.18000000000000682,0.3300709128379822,0.8481772541999817,1.384689450263977
40,42,559,519,kl,86.04,0.2600000000000051,0.4483741819858551,0.9260188937187195,1.3743816614151
40,42,560,520,kl,86.08,0.03999999999999204,0.385028213262558,0.9105902314186096,1.3642586469650269
40,42,561,521,kl,85.84,-0.23999999999999488,0.43634089827537537,0.932546079158783,1.448172926902771
40,42,562,522,kl,85.86,0.01999999999999602,0.47968655824661255,0.9642354846000671,1.4441584348678589
40,42,563,523,kl,85.66,-0.20000000000000284,0.4949239492416382,0.9959849715232849,1.5336869955062866
40,42,564,524,kl,85.66,0.0,0.4015851616859436,0.9113121032714844,1.5295846462249756
40,42,565,525,kl,86.16,0.5,0.352793425321579,0.8931547403335571,1.324295163154602
40,42,566,526,kl,85.9,-0.2599999999999909,0.40215200185775757,0.9233433604240417,1.5286377668380737
40,42,567,527,kl,85.46,-0.44000000000001194,0.4299749433994293,0.9466280341148376,1.6080248355865479
40,42,568,528,kl,85.86,0.4000000000000057,0.4867040514945984,0.9744353890419006,1.5310057401657104
40,42,569,529,kl,85.46,-0.4000000000000057,0.5819612741470337,1.0608853101730347,1.8020858764648438
40,42,570,530,kl,85.98,0.5200000000000102,0.36950334906578064,0.9184973835945129,1.3849819898605347
40,42,571,531,kl,86.32,0.3399999999999892,0.48970359563827515,0.9752410054206848,1.5186798572540283
40,42,572,532,kl,85.6,-0.7199999999999989,0.3403685390949249,0.8858648538589478,1.3609676361083984
40,42,573,533,kl,85.9,0.30000000000001137,0.47874101996421814,0.9748146533966064,1.4842376708984375
40,42,574,534,ce,85.82,-0.0800000000000125,0.29310378432273865,0.7714225649833679,2.537140130996704
40,42,575,535,kl,85.74,-0.0799999999999983,0.4911406636238098,0.9373206496238708,1.5810961723327637
40,42,576,536,kl,85.94,0.20000000000000284,0.3509504497051239,0.9034490585327148,1.2627023458480835
40,42,577,537,kl,86.28,0.3400000000000034,0.46897852420806885,0.9441001415252686,1.5046896934509277
40,42,578,538,kl,85.7,-0.5799999999999983,0.4991582930088043,0.9914344549179077,1.629920244216919
40,42,579,539,kl,85.92,0.21999999999999886,0.43933624029159546,0.9381374716758728,1.5711785554885864
40,42,580,540,kl,85.68,-0.23999999999999488,0.4799780249595642,0.9744023084640503,1.52829110622406
40,42,581,541,kl,85.74,0.05999999999998806,0.5138829946517944,1.0122649669647217,1.618327021598816
40,42,582,542,kl,86.08,0.3400000000000034,0.46993571519851685,0.9746479988098145,1.5034335851669312
40,42,583,543,kl,85.76,-0.3199999999999932,0.31601715087890625,0.914800763130188,1.3485665321350098
40,42,584,544,kl,85.56,-0.20000000000000284,0.43881455063819885,0.9744384288787842,1.5385053157806396
40,42,585,545,kl,85.98,0.4200000000000017,0.4098530113697052,0.9378867149353027,1.3540880680084229
40,42,586,546,kl,85.96,-0.020000000000010232,0.4157117009162903,0.959385335445404,1.5797863006591797
40,42,587,547,kl,86.0,0.04000000000000625,0.5806273818016052,1.071519374847412,1.9329161643981934
40,42,588,548,kl,85.68,-0.3199999999999932,0.4119608402252197,0.9590248465538025,1.5887439250946045
40,42,589,549,kl,85.6,-0.0800000000000125,0.48402637243270874,1.0396153926849365,1.4650448560714722
40,42,590,550,kl,85.78,0.18000000000000682,0.46388566493988037,1.0091514587402344,1.6273884773254395
40,42,591,551,kl,85.7,-0.0799999999999983,0.5084422826766968,1.0232223272323608,1.6694295406341553
40,42,592,552,kl,85.8,0.09999999999999432,0.48337259888648987,1.0078588724136353,1.4733781814575195
40,42,593,553,kl,85.62,-0.1799999999999926,0.4587007761001587,1.0299981832504272,1.5550979375839233
40,42,594,554,kl,85.84,0.21999999999999886,0.3631455600261688,0.9972379803657532,1.3022514581680298
40,42,595,555,kl,85.56,-0.28000000000000114,0.3956630527973175,1.0107477903366089,1.42061448097229
40,42,596,556,kl,85.8,0.23999999999999488,0.4175078272819519,1.023850917816162,1.621234655380249
40,42,597,557,kl,85.68,-0.11999999999999034,0.35646146535873413,0.9607123732566833,1.355035662651062
40,42,598,558,kl,85.98,0.29999999999999716,0.4741424322128296,1.0243667364120483,1.5639270544052124
40,42,599,559,kl,85.28,-0.7000000000000028,0.27507704496383667,0.9213093519210815,1.486495852470398
40,42,600,560,kl,85.8,0.519999999999996,0.3314560055732727,0.9857761859893799,1.3936856985092163
40,42,601,561,kl,86.16,0.35999999999999943,0.40947645902633667,0.9959616661071777,1.4898135662078857
40,42,602,562,kl,85.6,-0.5600000000000023,0.39563050866127014,0.9605258703231812,1.4958680868148804
40,42,603,563,kl,85.6,0.0,0.4851173162460327,1.0334677696228027,1.672514796257019
40,42,604,564,kl,85.64,0.04000000000000625,0.41875752806663513,1.0053209066390991,1.6175146102905273
40,42,605,565,kl,85.88,0.23999999999999488,0.38322871923446655,0.9988889098167419,1.5759583711624146
40,42,606,566,kl,85.86,-0.01999999999999602,0.29786863923072815,0.9302666187286377,1.3957548141479492
40,42,607,567,kl,85.9,0.04000000000000625,0.4997105896472931,1.061417579650879,1.7078111171722412
40,42,608,568,kl,85.38,-0.5200000000000102,0.40907081961631775,0.9976695775985718,1.4583077430725098
40,42,609,569,kl,85.68,0.30000000000001137,0.35173341631889343,0.9746270179748535,1.680838942527771
40,42,610,570,kl,85.44,-0.2400000000000091,0.5010002851486206,1.0326755046844482,1.5641534328460693
40,42,611,571,kl,85.74,0.29999999999999716,0.4239360988140106,0.9915311336517334,1.5283126831054688
40,42,612,572,kl,85.6,-0.14000000000000057,0.4528312385082245,0.9817986488342285,1.7109031677246094
40,42,613,573,kl,85.38,-0.21999999999999886,0.37522780895233154,0.9784878492355347,1.6079938411712646
40,42,614,574,kl,85.78,0.4000000000000057,0.3703908920288086,0.9890111088752747,1.5346266031265259
40,42,615,575,ce,85.14,-0.6400000000000006,0.23497819900512695,0.7646582126617432,2.761406660079956
40,42,616,576,kl,86.06,0.9200000000000017,0.533557653427124,1.0767453908920288,1.9794354438781738
40,42,617,577,kl,85.96,-0.10000000000000853,0.4412427544593811,1.03642737865448,1.483909010887146
40,42,618,578,kl,85.88,-0.0799999999999983,0.4039958715438843,0.9703168869018555,1.49278724193573
40,42,619,579,kl,86.24,0.35999999999999943,0.5027878880500793,1.0441913604736328,1.5386146306991577
40,42,620,580,kl,85.92,-0.3199999999999932,0.4796745181083679,1.048878788948059,1.540417194366455
40,42,621,581,kl,86.02,0.09999999999999432,0.44292834401130676,1.0071769952774048,1.634008765220642
40,42,622,582,kl,85.66,-0.35999999999999943,0.49636122584342957,1.0347213745117188,1.5316662788391113
40,42,623,583,kl,85.92,0.2600000000000051,0.2744556963443756,0.9572755694389343,1.3960227966308594
40,42,624,584,kl,85.56,-0.35999999999999943,0.49001532793045044,1.0677963495254517,1.7453252077102661
40,42,625,585,kl,85.72,0.1599999999999966,0.4738709330558777,1.0750041007995605,1.6661256551742554
40,42,626,586,kl,85.34,-0.37999999999999545,0.5072601437568665,1.1078141927719116,1.6206414699554443
40,42,627,587,kl,86.02,0.6799999999999926,0.42695850133895874,1.0028682947158813,1.4736870527267456
40,42,628,588,kl,86.14,0.12000000000000455,0.4455482065677643,1.0190767049789429,1.4711427688598633
40,42,629,589,kl,85.2,-0.9399999999999977,0.32491233944892883,0.9597318768501282,1.5102201700210571
40,42,630,590,kl,85.88,0.6799999999999926,0.34919869899749756,0.9877209663391113,1.6187169551849365
40,42,631,591,kl,85.46,-0.4200000000000017,0.37173187732696533,1.0444118976593018,1.6291216611862183
40,42,632,592,kl,86.04,0.5800000000000125,0.482698917388916,1.0664904117584229,1.7009285688400269
40,42,633,593,kl,86.04,0.0,0.4798352122306824,1.0711767673492432,1.567453384399414
40,42,634,594,kl,85.62,-0.4200000000000017,0.34823161363601685,0.9508040547370911,1.4220324754714966
40,42,635,595,kl,85.76,0.14000000000000057,0.4465431272983551,1.046443223953247,1.4407906532287598
40,42,636,596,kl,85.52,-0.2400000000000091,0.4696308374404907,1.036399245262146,1.5209016799926758
40,42,637,597,kl,85.3,-0.21999999999999886,0.41229456663131714,1.0088062286376953,1.4529972076416016
40,42,638,598,kl,85.74,0.4399999999999977,0.4196813106536865,1.0331662893295288,1.574136734008789
40,42,639,599,kl,85.66,-0.0799999999999983,0.41795337200164795,1.0002851486206055,1.4962412118911743
40,42,640,600,kl,85.92,0.2600000000000051,0.5006653070449829,1.1239559650421143,1.7578821182250977
40,42,641,601,kl,85.94,0.01999999999999602,0.40333959460258484,1.0264683961868286,1.4890094995498657
40,42,642,602,kl,85.88,-0.060000000000002274,0.4387598931789398,1.047906756401062,1.5922168493270874
40,42,643,603,kl,85.8,-0.0799999999999983,0.486590176820755,1.1130852699279785,1.7811013460159302
40,42,644,604,kl,85.98,0.18000000000000682,0.5027454495429993,1.0896426439285278,1.778509497642517
40,42,645,605,kl,85.9,-0.0799999999999983,0.3775702118873596,1.0022187232971191,1.7428197860717773
40,42,646,606,kl,85.36,-0.5400000000000063,0.4782472252845764,1.0746190547943115,1.7777637243270874
40,42,647,607,kl,85.52,0.1599999999999966,0.41329991817474365,1.011750340461731,1.631081223487854
40,42,648,608,kl,85.74,0.21999999999999886,0.35418373346328735,1.0501902103424072,1.5779064893722534
40,42,649,609,kl,85.62,-0.11999999999999034,0.43240293860435486,1.0553754568099976,1.4372528791427612
40,42,650,610,kl,86.02,0.3999999999999915,0.3729126453399658,0.9865624308586121,1.5892198085784912
40,42,651,611,kl,85.46,-0.5600000000000023,0.30036044120788574,1.0342804193496704,1.3126240968704224
40,42,652,612,kl,85.96,0.5,0.508735179901123,1.1132150888442993,1.8264268636703491
40,42,653,613,kl,85.92,-0.03999999999999204,0.38129571080207825,1.006866216659546,1.5644111633300781
40,42,654,614,kl,85.92,0.0,0.3780457377433777,1.069382667541504,1.5811222791671753
40,42,655,615,kl,86.06,0.14000000000000057,0.45766550302505493,1.113084077835083,1.7184760570526123
40,42,656,616,ce,84.46,-1.6000000000000085,0.33087360858917236,0.8982768654823303,3.0049307346343994
40,42,657,617,kl,86.94,2.480000000000004,0.33531609177589417,0.9949751496315002,1.4710297584533691
40,42,658,618,kl,86.94,0.0,0.36544734239578247,1.0055267810821533,1.5309906005859375
40,42,659,619,kl,86.94,0.0,0.4058932662010193,1.0343992710113525,1.5991406440734863
40,42,660,620,kl,86.8,-0.14000000000000057,0.3377300202846527,0.985599935054779,1.5030826330184937
40,42,661,621,kl,87.0,0.20000000000000284,0.3166663348674774,0.9859938621520996,1.4617197513580322
40,42,662,622,kl,86.72,-0.28000000000000114,0.3648759424686432,1.0178605318069458,1.5245383977890015
40,42,663,623,kl,86.76,0.04000000000000625,0.3586133122444153,1.0094573497772217,1.585799217224121
40,42,664,624,kl,86.92,0.1599999999999966,0.38455814123153687,1.0175166130065918,1.5388975143432617
40,42,665,625,kl,86.76,-0.1599999999999966,0.3547504246234894,1.0044786930084229,1.540953278541565
40,42,666,626,kl,86.78,0.01999999999999602,0.35056933760643005,1.0003881454467773,1.5271466970443726
40,42,667,627,kl,86.76,-0.01999999999999602,0.3403325378894806,1.0025877952575684,1.519081711769104
40,42,668,628,kl,86.76,0.0,0.40214768052101135,1.0341352224349976,1.6123684644699097
40,42,669,629,kl,86.94,0.1799999999999926,0.3780145049095154,1.0238286256790161,1.5639317035675049
40,42,670,630,kl,86.86,-0.0799999999999983,0.3517698049545288,1.0102900266647339,1.5643527507781982
40,42,671,631,kl,86.8,-0.060000000000002274,0.38387757539749146,1.0280951261520386,1.6190215349197388
40,42,672,632,kl,86.76,-0.03999999999999204,0.3710724711418152,1.0307313203811646,1.648884892463684
40,42,673,633,kl,86.56,-0.20000000000000284,0.38257068395614624,1.0342291593551636,1.582165241241455
40,42,674,634,kl,86.7,0.14000000000000057,0.3587249219417572,1.0181721448898315,1.5745235681533813
40,42,675,635,kl,86.58,-0.12000000000000455,0.3729402422904968,1.0390948057174683,1.549720287322998
40,42,676,636,kl,86.76,0.18000000000000682,0.3579345643520355,1.0293515920639038,1.532166838645935
40,42,677,637,kl,86.82,0.05999999999998806,0.35495510697364807,1.0334311723709106,1.554078221321106
40,42,678,638,kl,86.34,-0.47999999999998977,0.37382131814956665,1.0468240976333618,1.6077898740768433
40,42,679,639,kl,86.68,0.3400000000000034,0.3887676000595093,1.0566552877426147,1.6967700719833374
40,42,680,640,kl,86.44,-0.2400000000000091,0.35618066787719727,1.0408598184585571,1.6020563840866089
40,42,681,641,kl,86.8,0.35999999999999943,0.38475048542022705,1.06276273727417,1.580047845840454
40,42,682,642,kl,86.58,-0.21999999999999886,0.3731652498245239,1.0527898073196411,1.5903939008712769
40,42,683,643,kl,86.34,-0.23999999999999488,0.36819353699684143,1.061933159828186,1.6083470582962036
40,42,684,644,kl,86.66,0.3199999999999932,0.35494303703308105,1.0513849258422852,1.603842854499817
40,42,685,645,kl,86.64,-0.01999999999999602,0.3760123550891876,1.0578110218048096,1.605168104171753
40,42,686,646,kl,86.66,0.01999999999999602,0.39387255907058716,1.0632461309432983,1.650215983390808
40,42,687,647,kl,86.34,-0.3199999999999932,0.36665254831314087,1.0581469535827637,1.6195743083953857
40,42,688,648,kl,86.78,0.4399999999999977,0.3706737160682678,1.0569692850112915,1.629560112953186
40,42,689,649,kl,86.7,-0.0799999999999983,0.37648457288742065,1.0663096904754639,1.6122210025787354
40,42,690,650,kl,86.52,-0.18000000000000682,0.3411829471588135,1.0639252662658691,1.531414270401001
40,42,691,651,kl,86.58,0.060000000000002274,0.3897234797477722,1.0845614671707153,1.6657698154449463
40,42,692,652,kl,86.64,0.060000000000002274,0.3819287419319153,1.0820751190185547,1.68073308467865
40,42,693,653,kl,86.48,-0.1599999999999966,0.36906754970550537,1.0721056461334229,1.6196616888046265
40,42,694,654,kl,86.44,-0.04000000000000625,0.38639795780181885,1.0863837003707886,1.6191904544830322
40,42,695,655,kl,86.62,0.18000000000000682,0.3627931475639343,1.067898154258728,1.6327214241027832
40,42,696,656,kl,86.44,-0.18000000000000682,0.38546377420425415,1.0946030616760254,1.667654275894165
40,42,697,657,ce,86.94,0.5,0.14369255304336548,0.8739373087882996,2.620986223220825
40,42,698,658,kl,86.84,-0.09999999999999432,0.40137577056884766,1.1002142429351807,1.7279971837997437
40,42,699,659,kl,86.88,0.03999999999999204,0.36357563734054565,1.080590844154358,1.6614218950271606
40,42,700,660,kl,86.44,-0.4399999999999977,0.40798085927963257,1.1056017875671387,1.7156715393066406
40,42,701,661,kl,86.7,0.2600000000000051,0.36668622493743896,1.0813711881637573,1.5979048013687134
40,42,702,662,kl,86.5,-0.20000000000000284,0.40399742126464844,1.1085925102233887,1.7109453678131104
40,42,703,663,kl,86.88,0.37999999999999545,0.37800222635269165,1.086107611656189,1.6664061546325684
40,42,704,664,kl,86.92,0.04000000000000625,0.40817147493362427,1.1177994012832642,1.6786607503890991
40,42,705,665,kl,86.68,-0.23999999999999488,0.36455774307250977,1.0817269086837769,1.6753982305526733
40,42,706,666,kl,86.62,-0.060000000000002274,0.36195236444473267,1.071404218673706,1.6057664155960083
40,42,707,667,kl,86.8,0.1799999999999926,0.3961504399776459,1.1138616800308228,1.7428148984909058
40,42,708,668,kl,86.7,-0.09999999999999432,0.36613035202026367,1.0941377878189087,1.626196265220642
40,42,709,669,kl,86.6,-0.10000000000000853,0.3920753002166748,1.1109685897827148,1.6830720901489258
40,42,710,670,kl,86.64,0.04000000000000625,0.3701445162296295,1.1067492961883545,1.7079617977142334
40,42,711,671,kl,86.54,-0.09999999999999432,0.3798479437828064,1.1022014617919922,1.6988052129745483
40,42,712,672,kl,86.38,-0.1600000000000108,0.41999828815460205,1.127658724784851,1.7212142944335938
40,42,713,673,kl,86.56,0.18000000000000682,0.36655065417289734,1.0978378057479858,1.7164034843444824
40,42,714,674,kl,86.8,0.23999999999999488,0.41410374641418457,1.1236244440078735,1.6990684270858765
40,42,715,675,kl,86.44,-0.35999999999999943,0.3922175168991089,1.1060543060302734,1.663248896598816
40,42,716,676,kl,86.6,0.1599999999999966,0.3390480875968933,1.0994280576705933,1.6487617492675781
40,42,717,677,kl,86.58,-0.01999999999999602,0.41820111870765686,1.1306437253952026,1.7402429580688477
40,42,718,678,kl,86.4,-0.1799999999999926,0.385786235332489,1.1110188961029053,1.6820077896118164
40,42,719,679,kl,86.74,0.3399999999999892,0.37191206216812134,1.1139631271362305,1.698992371559143
40,42,720,680,kl,86.24,-0.5,0.40764161944389343,1.1459732055664062,1.7269123792648315
40,42,721,681,kl,86.66,0.4200000000000017,0.3730624318122864,1.1114157438278198,1.6569254398345947
40,42,722,682,kl,86.48,-0.1799999999999926,0.3707692623138428,1.1151679754257202,1.6762644052505493
40,42,723,683,kl,86.5,0.01999999999999602,0.37685590982437134,1.1316848993301392,1.6753534078598022
40,42,724,684,kl,86.56,0.060000000000002274,0.41079947352409363,1.1526192426681519,1.7868273258209229
40,42,725,685,kl,86.48,-0.0799999999999983,0.42720645666122437,1.162341594696045,1.811075210571289
40,42,726,686,kl,86.7,0.21999999999999886,0.43369659781455994,1.1652015447616577,1.8210886716842651
40,42,727,687,kl,86.4,-0.29999999999999716,0.4272342324256897,1.1610345840454102,1.809326410293579
40,42,728,688,kl,86.4,0.0,0.3742893934249878,1.1299824714660645,1.6790735721588135
40,42,729,689,kl,86.6,0.19999999999998863,0.3845077157020569,1.147229552268982,1.7276115417480469
40,42,730,690,kl,86.58,-0.01999999999999602,0.4254848062992096,1.1735705137252808,1.8100687265396118
40,42,731,691,kl,86.38,-0.20000000000000284,0.44927656650543213,1.181638479232788,1.9033011198043823
40,42,732,692,kl,86.5,0.12000000000000455,0.40443336963653564,1.1561089754104614,1.8036072254180908
40,42,733,693,kl,86.58,0.0799999999999983,0.41775375604629517,1.1624197959899902,1.7961057424545288
40,42,734,694,kl,86.4,-0.1799999999999926,0.39825236797332764,1.1546258926391602,1.6931121349334717
40,42,735,695,kl,86.6,0.19999999999998863,0.4123679995536804,1.159887433052063,1.8148667812347412
40,42,736,696,kl,86.66,0.060000000000002274,0.3705052435398102,1.150453805923462,1.7803326845169067
40,42,737,697,kl,86.64,-0.01999999999999602,0.3545568883419037,1.1364184617996216,1.7430524826049805
40,42,738,698,ce,86.86,0.21999999999999886,0.1062466949224472,0.9383232593536377,2.94096040725708
40,42,739,699,kl,86.64,-0.21999999999999886,0.3759273290634155,1.1439491510391235,1.802415132522583
40,42,740,700,kl,86.76,0.12000000000000455,0.45138925313949585,1.2118631601333618,1.9281712770462036
40,42,741,701,kl,86.78,0.01999999999999602,0.39143088459968567,1.14585542678833,1.7545270919799805
40,42,742,702,kl,86.48,-0.29999999999999716,0.3631383776664734,1.1475656032562256,1.7022981643676758
40,42,743,703,kl,86.7,0.21999999999999886,0.38744187355041504,1.1720904111862183,1.8363075256347656
40,42,744,704,kl,86.58,-0.12000000000000455,0.40990719199180603,1.1750671863555908,1.8441884517669678
40,42,745,705,kl,86.58,0.0,0.45903387665748596,1.2100239992141724,1.9637492895126343
40,42,746,706,kl,86.68,0.10000000000000853,0.4115760922431946,1.1868937015533447,1.802046298980713
40,42,747,707,kl,86.66,-0.020000000000010232,0.3946883976459503,1.1762818098068237,1.8267450332641602
40,42,748,708,kl,86.52,-0.14000000000000057,0.4067646265029907,1.1766551733016968,1.8613334894180298
40,42,749,709,kl,86.8,0.28000000000000114,0.3938687741756439,1.1692957878112793,1.8270047903060913
40,42,750,710,kl,86.5,-0.29999999999999716,0.43225786089897156,1.1996909379959106,1.9444118738174438
40,42,751,711,kl,86.58,0.0799999999999983,0.41096392273902893,1.1801173686981201,1.89055335521698
40,42,752,712,kl,86.56,-0.01999999999999602,0.3452809453010559,1.1548587083816528,1.7772717475891113
40,42,753,713,kl,86.6,0.03999999999999204,0.39650118350982666,1.1704387664794922,1.8700059652328491
40,42,754,714,kl,86.58,-0.01999999999999602,0.39457768201828003,1.1649583578109741,1.789493203163147
40,42,755,715,kl,86.56,-0.01999999999999602,0.43696653842926025,1.1882890462875366,1.8657195568084717
40,42,756,716,kl,86.78,0.21999999999999886,0.3939131498336792,1.1764378547668457,1.7960240840911865
40,42,757,717,kl,86.64,-0.14000000000000057,0.39965370297431946,1.1932940483093262,1.859169840812683
40,42,758,718,kl,86.84,0.20000000000000284,0.37094610929489136,1.1851798295974731,1.7944424152374268
40,42,759,719,kl,86.64,-0.20000000000000284,0.45351776480674744,1.2210664749145508,1.9436662197113037
40,42,760,720,kl,86.48,-0.1599999999999966,0.42877402901649475,1.2123600244522095,1.8890128135681152
40,42,761,721,kl,86.54,0.060000000000002274,0.37536025047302246,1.1817675828933716,1.8372859954833984
40,42,762,722,kl,86.36,-0.18000000000000682,0.3919364809989929,1.1942170858383179,1.8220535516738892
40,42,763,723,kl,86.42,0.060000000000002274,0.3833416998386383,1.184981107711792,1.8012439012527466
40,42,764,724,kl,86.58,0.1599999999999966,0.41241517663002014,1.2080414295196533,1.9830586910247803
40,42,765,725,kl,86.38,-0.20000000000000284,0.40451580286026,1.2062958478927612,1.9678539037704468
40,42,766,726,kl,86.62,0.2400000000000091,0.39323800802230835,1.2003837823867798,1.8785101175308228
40,42,767,727,kl,86.76,0.14000000000000057,0.36227789521217346,1.2006499767303467,1.8612653017044067
40,42,768,728,kl,86.5,-0.2600000000000051,0.38181090354919434,1.1923460960388184,1.8849802017211914
40,42,769,729,kl,86.4,-0.09999999999999432,0.4141080975532532,1.220574975013733,1.8923656940460205
40,42,770,730,kl,86.3,-0.10000000000000853,0.3859102427959442,1.206426978111267,1.922310471534729
40,42,771,731,kl,86.44,0.14000000000000057,0.41756489872932434,1.229501485824585,1.9674077033996582
40,42,772,732,kl,86.54,0.10000000000000853,0.42216402292251587,1.246519923210144,1.8529200553894043
40,42,773,733,kl,86.48,-0.060000000000002274,0.4629109501838684,1.2763030529022217,2.0741517543792725
40,42,774,734,kl,86.5,0.01999999999999602,0.3658229112625122,1.1961795091629028,1.8917235136032104
40,42,775,735,kl,86.58,0.0799999999999983,0.433748722076416,1.2446446418762207,1.9398304224014282
40,42,776,736,kl,86.56,-0.01999999999999602,0.39571693539619446,1.2231640815734863,1.9083234071731567
40,42,777,737,kl,86.48,-0.0799999999999983,0.433503121137619,1.2598631381988525,2.0052998065948486
40,42,778,738,kl,86.44,-0.04000000000000625,0.4153844118118286,1.244154930114746,2.016946792602539
40,42,779,739,ce,86.62,0.18000000000000682,0.1489240527153015,1.017435908317566,3.0669243335723877
40,42,780,740,kl,87.02,0.3999999999999915,0.40732812881469727,1.2443615198135376,1.9908137321472168
40,42,781,741,kl,86.68,-0.3399999999999892,0.4055706560611725,1.238875389099121,1.9599419832229614
40,42,782,742,kl,86.78,0.09999999999999432,0.3651792109012604,1.200513243675232,1.851650595664978
40,42,783,743,kl,86.84,0.060000000000002274,0.42699167132377625,1.2625837326049805,2.007472515106201
40,42,784,744,kl,86.46,-0.38000000000000966,0.44303467869758606,1.2598130702972412,1.9582279920578003
40,42,785,745,kl,86.52,0.060000000000002274,0.41962048411369324,1.2363648414611816,1.9277607202529907
40,42,786,746,kl,86.72,0.20000000000000284,0.37827205657958984,1.2327282428741455,1.89107346534729
40,42,787,747,kl,86.78,0.060000000000002274,0.4204676151275635,1.2794041633605957,1.956052303314209
40,42,788,748,kl,86.5,-0.28000000000000114,0.41054436564445496,1.2522164583206177,1.9310564994812012
40,42,789,749,kl,86.58,0.0799999999999983,0.4461494982242584,1.2652305364608765,2.012730121612549
40,42,790,750,kl,86.56,-0.01999999999999602,0.3971295952796936,1.2277443408966064,1.9320549964904785
40,42,791,751,kl,86.58,0.01999999999999602,0.40978938341140747,1.2530044317245483,1.9216984510421753
40,42,792,752,kl,86.78,0.20000000000000284,0.3955581784248352,1.2413158416748047,1.8269609212875366
40,42,793,753,kl,86.44,-0.3400000000000034,0.39666804671287537,1.2513563632965088,1.9387589693069458
40,42,794,754,kl,86.62,0.18000000000000682,0.3864007294178009,1.2381086349487305,1.8444623947143555
40,42,795,755,kl,86.7,0.0799999999999983,0.3867502212524414,1.2445311546325684,1.9201258420944214
40,42,796,756,kl,86.74,0.03999999999999204,0.4245288074016571,1.2849856615066528,2.049574851989746
40,42,797,757,kl,86.48,-0.2599999999999909,0.43731799721717834,1.2988498210906982,2.1701157093048096
40,42,798,758,kl,86.52,0.03999999999999204,0.4205942749977112,1.2754610776901245,1.9693830013275146
40,42,799,759,kl,86.68,0.1600000000000108,0.4297647476196289,1.2794936895370483,2.0219531059265137
40,42,800,760,kl,86.56,-0.12000000000000455,0.44126421213150024,1.2987141609191895,2.0712080001831055
40,42,801,761,kl,86.6,0.03999999999999204,0.41146743297576904,1.2898563146591187,2.0376315116882324
40,42,802,762,kl,86.74,0.14000000000000057,0.45120251178741455,1.296380877494812,2.0491530895233154
40,42,803,763,kl,86.62,-0.11999999999999034,0.4528505802154541,1.3107248544692993,2.130497694015503
40,42,804,764,kl,86.5,-0.12000000000000455,0.45276036858558655,1.3198322057724,2.157501459121704
40,42,805,765,kl,86.72,0.21999999999999886,0.3762040138244629,1.2584283351898193,1.957939863204956
40,42,806,766,kl,86.32,-0.4000000000000057,0.44610822200775146,1.3144917488098145,2.0734474658966064
40,42,807,767,kl,86.32,0.0,0.40798985958099365,1.2835713624954224,2.0723767280578613
40,42,808,768,kl,86.44,0.12000000000000455,0.4487189054489136,1.3280408382415771,2.1541128158569336
40,42,809,769,kl,86.36,-0.0799999999999983,0.42131131887435913,1.2913665771484375,2.03071665763855
40,42,810,770,kl,86.32,-0.04000000000000625,0.4196164309978485,1.3062471151351929,2.1317272186279297
40,42,811,771,kl,86.62,0.30000000000001137,0.4087162911891937,1.2803471088409424,2.041579008102417
40,42,812,772,kl,86.76,0.14000000000000057,0.3855278491973877,1.2659938335418701,1.9984945058822632
40,42,813,773,kl,86.68,-0.0799999999999983,0.43842077255249023,1.3092889785766602,2.0670700073242188
40,42,814,774,kl,86.6,-0.0800000000000125,0.46201491355895996,1.347293734550476,2.1155192852020264
40,42,815,775,kl,86.6,0.0,0.4397674798965454,1.3044114112854004,2.0477781295776367
40,42,816,776,kl,86.48,-0.11999999999999034,0.40613654255867004,1.2877355813980103,1.9889501333236694
40,42,817,777,kl,86.44,-0.04000000000000625,0.41709837317466736,1.303200364112854,2.0604331493377686
40,42,818,778,kl,86.52,0.0799999999999983,0.4380248785018921,1.3268197774887085,2.1058731079101562
40,42,819,779,kl,86.42,-0.09999999999999432,0.45289117097854614,1.3481979370117188,2.1275949478149414
40,42,820,780,ce,87.0,0.5799999999999983,0.15643200278282166,1.0581203699111938,3.4624578952789307
40,456,1,-39,kl,38.88,29.200000000000003,0.4824438691139221,0.7156639099121094,1.1819918155670166
40,456,2,-38,kl,45.32,6.439999999999998,0.5967932939529419,0.6747978329658508,1.359810471534729
40,456,3,-37,kl,56.9,11.579999999999998,0.6256009340286255,0.5993338823318481,1.4776279926300049
40,456,4,-36,kl,62.46,5.560000000000002,0.31388479471206665,0.5060144066810608,1.0732671022415161
40,456,5,-35,kl,65.46,2.999999999999993,0.4456299841403961,0.5391985177993774,1.0055537223815918
40,456,6,-34,kl,70.54,5.0800000000000125,0.528087854385376,0.47647449374198914,0.9155904650688171
40,456,7,-33,kl,71.5,0.9599999999999937,0.5111336708068848,0.465453565120697,0.9019299745559692
40,456,8,-32,kl,72.84,1.3400000000000034,0.6070346832275391,0.5137936472892761,0.8038699626922607
40,456,9,-31,kl,71.76,-1.0799999999999983,0.7449295520782471,0.5844437479972839,1.1550607681274414
40,456,10,-30,kl,75.02,3.259999999999991,0.6763960719108582,0.5560247302055359,1.3719947338104248
40,456,11,-29,kl,75.86,0.8400000000000034,0.5518840551376343,0.4657424986362457,0.8857918381690979
40,456,12,-28,kl,77.14,1.2800000000000011,0.648126482963562,0.5245492458343506,1.0686367750167847
40,456,13,-27,kl,77.7,0.5600000000000023,0.6412703990936279,0.48775598406791687,0.9580966830253601
40,456,14,-26,kl,76.86,-0.8400000000000034,0.6909279823303223,0.525417149066925,0.8042179942131042
40,456,15,-25,kl,78.52,1.6599999999999966,0.6404484510421753,0.46198156476020813,0.8876692056655884
40,456,16,-24,kl,78.02,-0.5,0.3786548972129822,0.4381864666938782,1.0232031345367432
40,456,17,-23,kl,78.4,0.38000000000000966,0.5134841203689575,0.44297516345977783,0.8582233786582947
40,456,18,-22,kl,79.02,0.6199999999999903,0.5359205007553101,0.455501914024353,1.0411100387573242
40,456,19,-21,kl,79.02,0.0,0.44509628415107727,0.43795642256736755,0.8925197124481201
40,456,20,-20,kl,78.98,-0.03999999999999204,0.6676456332206726,0.46841174364089966,0.8004286289215088
40,456,21,-19,kl,77.5,-1.480000000000004,0.594193696975708,0.4835563004016876,0.8477672934532166
40,456,22,-18,kl,78.84,1.3400000000000034,0.6663944721221924,0.5153760313987732,0.9221131801605225
40,456,23,-17,kl,79.32,0.47999999999998977,0.559840738773346,0.48354262113571167,0.9718321561813354
40,456,24,-16,kl,80.64,1.3200000000000074,0.5083242058753967,0.46560803055763245,0.8455724716186523
40,456,25,-15,kl,80.4,-0.23999999999999488,0.5027022361755371,0.4267881512641907,0.8211999535560608
40,456,26,-14,kl,81.04,0.6400000000000006,0.45610755681991577,0.43264076113700867,0.8547109961509705
40,456,27,-13,kl,80.14,-0.9000000000000057,0.7141344547271729,0.5353952050209045,0.9667584300041199
40,456,28,-12,kl,80.96,0.8199999999999932,0.28887784481048584,0.3763009011745453,0.8803142309188843
40,456,29,-11,kl,80.5,-0.45999999999999375,0.5385814905166626,0.5043925046920776,0.989780068397522
40,456,30,-10,kl,80.1,-0.4000000000000057,0.4245283305644989,0.4519549608230591,0.8578137755393982
40,456,31,-9,kl,79.76,-0.3399999999999892,0.6878992319107056,0.5044460296630859,0.8551041483879089
40,456,32,-8,kl,79.24,-0.5200000000000102,0.6620985269546509,0.4970923662185669,0.9340884685516357
40,456,33,-7,kl,79.74,0.5,0.6424316167831421,0.5262963771820068,0.9699517488479614
40,456,34,-6,kl,81.0,1.2600000000000051,0.5331596732139587,0.4215013384819031,0.8199750781059265
40,456,35,-5,kl,80.52,-0.480000000000004,0.6052864789962769,0.49312761425971985,0.9762047529220581
40,456,36,-4,kl,80.98,0.46000000000000796,0.686320424079895,0.522665798664093,0.9942888021469116
40,456,37,-3,kl,79.46,-1.5200000000000102,0.6277987957000732,0.5401319265365601,0.998488187789917
40,456,38,-2,kl,80.66,1.2000000000000028,0.3319786787033081,0.42365577816963196,0.8692172169685364
40,456,39,-1,kl,80.06,-0.5999999999999943,0.7399519681930542,0.5702082514762878,1.0900110006332397
40,456,40,0,kl,81.92,1.8599999999999994,0.555805504322052,0.4679200351238251,0.9369504451751709
40,456,41,1,ce,81.08,-0.8400000000000034,0.28324365615844727,0.35963743925094604,1.811618447303772
40,456,42,2,kl,79.12,-1.9599999999999937,0.3667290210723877,0.45594561100006104,0.905409574508667
40,456,43,3,kl,81.0,1.8799999999999955,0.6297646760940552,0.5289969444274902,0.8298163414001465
40,456,44,4,kl,80.86,-0.14000000000000057,0.6422015428543091,0.5162259936332703,0.875584602355957
40,456,45,5,kl,81.08,0.21999999999999886,0.41693827509880066,0.4509502351284027,0.8637271523475647
40,456,46,6,kl,78.94,-2.1400000000000006,0.6670417785644531,0.5644148588180542,1.1290510892868042
40,456,47,7,kl,80.32,1.3799999999999955,0.6039167046546936,0.5261340737342834,1.0509611368179321
40,456,48,8,kl,80.36,0.04000000000000625,0.5623452067375183,0.48293620347976685,0.9305867552757263
40,456,49,9,kl,79.78,-0.5799999999999983,0.6180673837661743,0.5211548209190369,0.9729388356208801
40,456,50,10,kl,79.3,-0.480000000000004,0.439432293176651,0.44380247592926025,0.8262431025505066
40,456,51,11,kl,81.24,1.9399999999999977,0.3638295829296112,0.43460559844970703,0.761820375919342
40,456,52,12,kl,81.4,0.1600000000000108,0.6630362272262573,0.5407065749168396,1.037735939025879
40,456,53,13,kl,75.5,-5.900000000000006,0.7683591246604919,0.7220515012741089,1.5690613985061646
40,456,54,14,kl,81.78,6.280000000000001,0.3609203100204468,0.4100131690502167,0.8632463216781616
40,456,55,15,kl,81.98,0.20000000000000284,0.5488986372947693,0.4462012052536011,0.8219543099403381
40,456,56,16,kl,82.28,0.29999999999999716,0.6227636337280273,0.4667360186576843,0.7511860132217407
40,456,57,17,kl,79.82,-2.460000000000008,0.5925185680389404,0.5125136971473694,0.9042870402336121
40,456,58,18,kl,78.56,-1.259999999999991,0.44227999448776245,0.44347864389419556,0.895359992980957
40,456,59,19,kl,78.88,0.3199999999999932,0.6438072323799133,0.5519632697105408,1.103736162185669
40,456,60,20,kl,80.52,1.6400000000000006,0.5805296897888184,0.49612560868263245,0.8721693158149719
40,456,61,21,kl,79.02,-1.5,0.6980854868888855,0.6264272928237915,1.314673900604248
40,456,62,22,kl,81.04,2.0200000000000102,0.48849961161613464,0.4757121503353119,0.9151743650436401
40,456,63,23,kl,81.86,0.8199999999999932,0.6155475378036499,0.5195780396461487,0.941038966178894
40,456,64,24,kl,81.32,-0.5400000000000063,0.3763829171657562,0.45597535371780396,0.7926313281059265
40,456,65,25,kl,80.66,-0.6599999999999966,0.6163634657859802,0.5271505117416382,0.9255416989326477
40,456,66,26,kl,81.82,1.1599999999999966,0.49144065380096436,0.47821491956710815,0.7995170950889587
40,456,67,27,kl,82.26,0.44000000000001194,0.6458874940872192,0.5217218399047852,0.975605845451355
40,456,68,28,kl,81.24,-1.0200000000000102,0.367886483669281,0.4479663372039795,0.8663977384567261
40,456,69,29,kl,81.06,-0.1799999999999926,0.7167848348617554,0.5963345766067505,1.0458472967147827
40,456,70,30,kl,81.84,0.7800000000000011,0.6361019611358643,0.5236236453056335,0.9577094912528992
40,456,71,31,kl,81.5,-0.3400000000000034,0.5813968181610107,0.4876161813735962,0.8779850602149963
40,456,72,32,kl,81.92,0.4200000000000017,0.4573642313480377,0.4165121912956238,0.8321934342384338
40,456,73,33,kl,81.26,-0.6599999999999966,0.6340467929840088,0.5084092020988464,0.8567231893539429
40,456,74,34,kl,79.14,-2.1200000000000045,0.7505871653556824,0.607133686542511,1.2050493955612183
40,456,75,35,kl,81.16,2.019999999999996,0.6101265549659729,0.49083608388900757,0.9292065501213074
40,456,76,36,kl,81.82,0.6599999999999966,0.40970075130462646,0.4577632248401642,0.9239105582237244
40,456,77,37,kl,80.4,-1.4199999999999875,0.6323148012161255,0.531880259513855,0.994246244430542
40,456,78,38,kl,81.62,1.2199999999999989,0.6279993057250977,0.4977184534072876,0.828345000743866
40,456,79,39,kl,82.46,0.8399999999999892,0.3379289507865906,0.43690812587738037,0.8824379444122314
40,456,80,40,kl,82.74,0.28000000000000114,0.4249313473701477,0.4342297613620758,0.9371172785758972
40,456,81,41,kl,80.98,-1.759999999999991,0.5820915102958679,0.5094574689865112,0.8424824476242065
40,456,82,42,ce,81.58,0.5999999999999943,0.12276211380958557,0.3473924398422241,1.574272632598877
40,456,83,43,kl,81.72,0.14000000000000057,0.6334439516067505,0.4920511245727539,0.7721970677375793
40,456,84,44,kl,77.9,-3.819999999999993,0.6619362831115723,0.5577099323272705,0.932949960231781
40,456,85,45,kl,81.18,3.280000000000001,0.6233806610107422,0.4557301998138428,0.7040404677391052
40,456,86,46,kl,81.34,0.1599999999999966,0.6412655115127563,0.5051016807556152,1.021844506263733
40,456,87,47,kl,80.72,-0.6200000000000045,0.6757953763008118,0.5505807995796204,1.019817590713501
40,456,88,48,kl,81.66,0.9399999999999977,0.657703161239624,0.532107412815094,0.9082140326499939
40,456,89,49,kl,80.24,-1.4200000000000017,0.5466534495353699,0.5100705623626709,0.8999735713005066
40,456,90,50,kl,81.7,1.460000000000008,0.5714150667190552,0.4627915918827057,0.922920823097229
40,456,91,51,kl,81.34,-0.35999999999999943,0.6809999346733093,0.5752646923065186,1.1648852825164795
40,456,92,52,kl,81.38,0.03999999999999204,0.585331916809082,0.5236976146697998,0.9892986416816711
40,456,93,53,kl,81.6,0.21999999999999886,0.5867321491241455,0.5005723834037781,0.8051608204841614
40,456,94,54,kl,81.36,-0.23999999999999488,0.4112309217453003,0.45393139123916626,0.8790374398231506
40,456,95,55,kl,80.3,-1.0600000000000023,0.5237631797790527,0.5200256705284119,1.0196462869644165
40,456,96,56,kl,81.28,0.980000000000004,0.5779552459716797,0.5095990896224976,0.8241354823112488
40,456,97,57,kl,80.34,-0.9399999999999977,0.5928183794021606,0.5146532654762268,0.9036301374435425
40,456,98,58,kl,82.1,1.759999999999991,0.529374897480011,0.4722695052623749,1.0362412929534912
40,456,99,59,kl,81.58,-0.519999999999996,0.5138278007507324,0.4826597273349762,0.9767935872077942
40,456,100,60,kl,79.96,-1.6200000000000045,0.8162428140640259,0.6873316764831543,1.4534780979156494
40,456,101,61,kl,79.42,-0.539999999999992,0.616533100605011,0.5352464318275452,0.9646468162536621
40,456,102,62,kl,80.46,1.039999999999992,0.6929416060447693,0.5457449555397034,1.0736063718795776
40,456,103,63,kl,81.16,0.7000000000000028,0.4994474947452545,0.49298346042633057,1.1000049114227295
40,456,104,64,kl,78.78,-2.3799999999999955,0.6518021821975708,0.6124227643013,1.1458653211593628
40,456,105,65,kl,82.02,3.239999999999995,0.5236718654632568,0.4582361876964569,0.8046383857727051
40,456,106,66,kl,81.32,-0.7000000000000028,0.7170842885971069,0.563586950302124,1.032131552696228
40,456,107,67,kl,82.06,0.7400000000000091,0.35038724541664124,0.43523937463760376,0.759000301361084
40,456,108,68,kl,81.18,-0.8799999999999955,0.3474285304546356,0.42490532994270325,0.8294199109077454
40,456,109,69,kl,82.42,1.2399999999999949,0.4379780888557434,0.44285860657691956,0.8409940600395203
40,456,110,70,kl,82.56,0.14000000000000057,0.5704118013381958,0.48949313163757324,0.7607763409614563
40,456,111,71,kl,82.26,-0.29999999999999716,0.27128487825393677,0.42624491453170776,0.7472467422485352
40,456,112,72,kl,81.7,-0.5600000000000023,0.5151195526123047,0.4793567359447479,0.7660678625106812
40,456,113,73,kl,81.84,0.14000000000000057,0.4384690523147583,0.47733625769615173,0.9466664791107178
40,456,114,74,kl,81.76,-0.0799999999999983,0.5475851893424988,0.506729781627655,1.059950590133667
40,456,115,75,kl,81.84,0.0799999999999983,0.5190612077713013,0.4660642743110657,0.7622519731521606
40,456,116,76,kl,80.12,-1.7199999999999989,0.6654537916183472,0.5470641851425171,1.0013192892074585
40,456,117,77,kl,82.12,2.0,0.5219489336013794,0.43250489234924316,0.8645958304405212
40,456,118,78,kl,80.64,-1.480000000000004,0.5893362760543823,0.507327139377594,0.9181356430053711
40,456,119,79,kl,82.04,1.4000000000000057,0.5274981260299683,0.47546496987342834,0.8687001466751099
40,456,120,80,kl,82.22,0.1799999999999926,0.5691418647766113,0.4749041795730591,0.8428307771682739
40,456,121,81,kl,80.42,-1.7999999999999972,0.5706040859222412,0.4769379496574402,0.7937556505203247
40,456,122,82,kl,80.74,0.3199999999999932,0.47321030497550964,0.4559462070465088,0.8096641898155212
40,456,123,83,ce,81.0,0.2600000000000051,0.24870899319648743,0.3078478276729584,1.7795301675796509
40,456,124,84,kl,80.04,-0.9599999999999937,0.5855699777603149,0.5132118463516235,0.9010192155838013
40,456,125,85,kl,80.96,0.9199999999999875,0.5279380083084106,0.5322498679161072,1.0793137550354004
40,456,126,86,kl,81.96,1.0,0.5025049448013306,0.46307244896888733,0.988487184047699
40,456,127,87,kl,80.58,-1.3799999999999955,0.3962336778640747,0.5238887667655945,1.0014452934265137
40,456,128,88,kl,81.22,0.6400000000000006,0.4133721590042114,0.48021209239959717,0.9426463842391968
40,456,129,89,kl,82.3,1.0799999999999983,0.6085095405578613,0.5131948590278625,1.1167081594467163
40,456,130,90,kl,83.02,0.7199999999999989,0.4171088635921478,0.44349801540374756,0.9657756686210632
40,456,131,91,kl,82.06,-0.9599999999999937,0.3858518600463867,0.4453173279762268,0.795417845249176
40,456,132,92,kl,83.04,0.980000000000004,0.396037220954895,0.42060086131095886,0.7184619307518005
40,456,133,93,kl,80.36,-2.680000000000007,0.5285797119140625,0.4799259603023529,0.8269653916358948
40,456,134,94,kl,80.98,0.6200000000000045,0.6259595155715942,0.5348482131958008,1.001554250717163
40,456,135,95,kl,82.56,1.5799999999999983,0.6944059729576111,0.5349048376083374,1.008739709854126
40,456,136,96,kl,81.82,-0.7400000000000091,0.40642091631889343,0.4374329745769501,0.6816977858543396
40,456,137,97,kl,83.1,1.2800000000000011,0.4914504289627075,0.44654902815818787,0.749527633190155
40,456,138,98,kl,82.34,-0.7599999999999909,0.6036666631698608,0.4936799705028534,0.9081628322601318
40,456,139,99,kl,81.58,-0.7600000000000051,0.6443130970001221,0.5273783802986145,0.9553536176681519
40,456,140,100,kl,82.74,1.1599999999999966,0.6164834499359131,0.5248832106590271,0.9331936836242676
40,456,141,101,kl,80.9,-1.8399999999999892,0.6876507997512817,0.587221086025238,0.9556208848953247
40,456,142,102,kl,81.1,0.19999999999998863,0.5843663215637207,0.543074369430542,1.1868289709091187
40,456,143,103,kl,82.66,1.5600000000000023,0.4038603603839874,0.4485735595226288,0.7307564616203308
40,456,144,104,kl,82.3,-0.35999999999999943,0.26384711265563965,0.38902127742767334,0.7132703065872192
40,456,145,105,kl,81.18,-1.1199999999999903,0.580947995185852,0.4925277829170227,0.9299886226654053
40,456,146,106,kl,76.16,-5.02000000000001,0.709521472454071,0.5871680378913879,1.2533942461013794
40,456,147,107,kl,81.5,5.340000000000003,0.6249455213546753,0.5335102677345276,0.9905127882957458
40,456,148,108,kl,83.32,1.8199999999999932,0.6126627922058105,0.4912276566028595,0.9408125281333923
40,456,149,109,kl,81.84,-1.4799999999999898,0.4619903564453125,0.46999719738960266,0.8579578995704651
40,456,150,110,kl,82.36,0.519999999999996,0.5392533540725708,0.4883764386177063,0.7627427577972412
40,456,151,111,kl,81.14,-1.2199999999999989,0.6093129515647888,0.5276821851730347,0.9803566336631775
40,456,152,112,kl,81.04,-0.09999999999999432,0.5842362642288208,0.5378710627555847,0.90292888879776
40,456,153,113,kl,81.82,0.7799999999999869,0.5170664191246033,0.4888746440410614,0.7101203799247742
40,456,154,114,kl,80.76,-1.059999999999988,0.48265519738197327,0.5089499950408936,1.0262434482574463
40,456,155,115,kl,78.82,-1.940000000000012,0.5852589011192322,0.5382964015007019,0.8876864910125732
40,456,156,116,kl,81.44,2.6200000000000045,0.389673113822937,0.45574066042900085,0.9428541660308838
40,456,157,117,kl,82.02,0.5799999999999983,0.615644633769989,0.4875655174255371,0.9366253614425659
40,456,158,118,kl,82.1,0.0799999999999983,0.4902833104133606,0.4826023280620575,0.9136187434196472
40,456,159,119,kl,81.96,-0.14000000000000057,0.493691623210907,0.49238651990890503,0.8581171631813049
40,456,160,120,kl,82.18,0.22000000000001307,0.5315914154052734,0.48152709007263184,0.7407618165016174
40,456,161,121,kl,81.66,-0.5200000000000102,0.4176655411720276,0.44178763031959534,0.736927330493927
40,456,162,122,kl,81.78,0.12000000000000455,0.5859404802322388,0.48379823565483093,0.7506546378135681
40,456,163,123,kl,82.88,1.0999999999999943,0.4284158945083618,0.4375156760215759,0.9784991145133972
40,456,164,124,ce,82.56,-0.3199999999999932,0.21942588686943054,0.3833446204662323,1.4510116577148438
40,456,165,125,kl,78.22,-4.340000000000003,0.6647199392318726,0.5617548227310181,1.0775365829467773
40,456,166,126,kl,81.14,2.9200000000000017,0.5503049492835999,0.5213029980659485,0.9793434143066406
40,456,167,127,kl,80.18,-0.9599999999999937,0.6368845105171204,0.5390564203262329,0.9399459958076477
40,456,168,128,kl,80.82,0.6399999999999864,0.7115936279296875,0.5888192653656006,1.2317514419555664
40,456,169,129,kl,82.22,1.4000000000000057,0.4354463815689087,0.4576927125453949,0.9232548475265503
40,456,170,130,kl,81.62,-0.5999999999999943,0.4571678638458252,0.46443870663642883,0.7142471671104431
40,456,171,131,kl,81.12,-0.5,0.5048826336860657,0.4968916177749634,0.945841908454895
40,456,172,132,kl,81.32,0.19999999999998863,0.7709907293319702,0.6244085431098938,1.2012940645217896
40,456,173,133,kl,80.38,-0.9399999999999977,0.6270629167556763,0.5435440540313721,1.0937625169754028
40,456,174,134,kl,81.56,1.1800000000000068,0.6315802335739136,0.5519030094146729,1.1029294729232788
40,456,175,135,kl,82.6,1.039999999999992,0.610700249671936,0.5035516619682312,0.9414354562759399
40,456,176,136,kl,81.38,-1.2199999999999989,0.5231407284736633,0.46564245223999023,0.8245734572410583
40,456,177,137,kl,81.08,-0.29999999999999716,0.4355720281600952,0.45762112736701965,0.9351137280464172
40,456,178,138,kl,78.82,-2.260000000000005,0.5702939629554749,0.5208336710929871,0.9589669704437256
40,456,179,139,kl,82.6,3.780000000000001,0.5984898805618286,0.5099818110466003,0.9086106419563293
40,456,180,140,kl,82.0,-0.5999999999999943,0.43005597591400146,0.4329627752304077,0.7970983386039734
40,456,181,141,kl,82.98,0.980000000000004,0.2934127151966095,0.42403629422187805,0.8821646571159363
40,456,182,142,kl,81.08,-1.9000000000000057,0.605782151222229,0.5401787757873535,0.8454494476318359
40,456,183,143,kl,82.12,1.0400000000000063,0.5915893316268921,0.49584412574768066,0.9353771805763245
40,456,184,144,kl,82.16,0.03999999999999204,0.5800464153289795,0.4778512418270111,0.7948446869850159
40,456,185,145,kl,82.44,0.28000000000000114,0.5518543720245361,0.4769957363605499,0.880775511264801
40,456,186,146,kl,81.08,-1.3599999999999994,0.3650652766227722,0.47200751304626465,1.0947526693344116
40,456,187,147,kl,80.04,-1.039999999999992,0.5672955513000488,0.525351345539093,1.0559747219085693
40,456,188,148,kl,81.94,1.8999999999999915,0.6209867000579834,0.5048487782478333,0.9583079814910889
40,456,189,149,kl,81.5,-0.4399999999999977,0.5314481258392334,0.4790075421333313,0.8678374886512756
40,456,190,150,kl,81.24,-0.2600000000000051,0.5231584310531616,0.44934120774269104,0.8976379036903381
40,456,191,151,kl,81.3,0.060000000000002274,0.5828384160995483,0.4720856547355652,0.8229565620422363
40,456,192,152,kl,82.64,1.3400000000000034,0.5720478296279907,0.4516586363315582,0.6921516060829163
40,456,193,153,kl,82.7,0.060000000000002274,0.5288819074630737,0.47095996141433716,0.8559730648994446
40,456,194,154,kl,81.62,-1.0799999999999983,0.590919017791748,0.5526972413063049,0.912567675113678
40,456,195,155,kl,79.9,-1.7199999999999989,0.6091816425323486,0.539455771446228,0.9802765250205994
40,456,196,156,kl,81.26,1.3599999999999994,0.5449792742729187,0.5154058933258057,1.0520069599151611
40,456,197,157,kl,81.54,0.28000000000000114,0.5904062390327454,0.549842357635498,1.130078673362732
40,456,198,158,kl,79.32,-2.220000000000013,0.5091508030891418,0.5017992258071899,0.8397403359413147
40,456,199,159,kl,80.08,0.7600000000000051,0.7295291423797607,0.5883339643478394,1.0310932397842407
40,456,200,160,kl,81.46,1.3799999999999955,0.6285234093666077,0.5115892887115479,0.8926562070846558
40,456,201,161,kl,82.62,1.1600000000000108,0.5100744962692261,0.4911801218986511,0.8561040759086609
40,456,202,162,kl,81.7,-0.9200000000000017,0.5580087900161743,0.49719029664993286,0.9518722891807556
40,456,203,163,kl,82.88,1.1799999999999926,0.5101888179779053,0.4706392288208008,0.8003829121589661
40,456,204,164,kl,81.66,-1.2199999999999989,0.6343554258346558,0.5184480547904968,0.9996104836463928
40,456,205,165,ce,82.08,0.4200000000000017,0.3516324758529663,0.3765944540500641,1.7944875955581665
40,456,206,166,kl,81.74,-0.3400000000000034,0.5435065031051636,0.5325503945350647,1.0275367498397827
40,456,207,167,kl,80.9,-0.8399999999999892,0.5687771439552307,0.5232731103897095,1.012123465538025
40,456,208,168,kl,81.7,0.7999999999999972,0.6000200510025024,0.4914901554584503,0.9079863429069519
40,456,209,169,kl,81.08,-0.6200000000000045,0.5764003992080688,0.5063685774803162,0.9825280904769897
40,456,210,170,kl,82.8,1.7199999999999989,0.30385270714759827,0.4337409734725952,0.8334953188896179
40,456,211,171,kl,82.0,-0.7999999999999972,0.5820629000663757,0.4710555076599121,0.8568577766418457
40,456,212,172,kl,80.88,-1.1200000000000045,0.5890278220176697,0.5178117752075195,0.9603912830352783
40,456,213,173,kl,82.56,1.6800000000000068,0.49028074741363525,0.4895910918712616,0.8378662467002869
40,456,214,174,kl,82.14,-0.4200000000000017,0.47373926639556885,0.4840443730354309,0.8862729072570801
40,456,215,175,kl,82.38,0.23999999999999488,0.6271101832389832,0.5178803205490112,0.8174782395362854
40,456,216,176,kl,81.9,-0.47999999999998977,0.4441972076892853,0.4828518033027649,0.7784746289253235
40,456,217,177,kl,82.14,0.23999999999999488,0.4101293087005615,0.46819978952407837,0.7433711886405945
40,456,218,178,kl,80.62,-1.519999999999996,0.3881402015686035,0.4617704451084137,0.8282986283302307
40,456,219,179,kl,81.56,0.9399999999999977,0.539199948310852,0.5298194289207458,1.0827116966247559
40,456,220,180,kl,81.28,-0.28000000000000114,0.5274780988693237,0.520965576171875,1.091488003730774
40,456,221,181,kl,82.28,1.0,0.3007052540779114,0.43433278799057007,0.7494146227836609
40,456,222,182,kl,81.42,-0.8599999999999994,0.6546822190284729,0.5667752623558044,0.9882968068122864
40,456,223,183,kl,82.36,0.9399999999999977,0.598961353302002,0.5091765522956848,0.976282000541687
40,456,224,184,kl,81.36,-1.0,0.48969244956970215,0.46206969022750854,0.9803712964057922
40,456,225,185,kl,82.6,1.2399999999999949,0.4786873161792755,0.48503488302230835,0.9776463508605957
40,456,226,186,kl,82.94,0.3400000000000034,0.42266660928726196,0.45452824234962463,0.7567738890647888
40,456,227,187,kl,82.32,-0.6200000000000045,0.4452126622200012,0.4904268682003021,0.8725151419639587
40,456,228,188,kl,81.96,-0.35999999999999943,0.42721664905548096,0.458517849445343,0.8939816355705261
40,456,229,189,kl,82.6,0.6400000000000006,0.5559452772140503,0.47976088523864746,0.9372625946998596
40,456,230,190,kl,80.82,-1.7800000000000011,0.5537667870521545,0.5305684804916382,0.8258605599403381
40,456,231,191,kl,81.96,1.1400000000000006,0.5512220859527588,0.5496668815612793,1.026082158088684
40,456,232,192,kl,81.74,-0.21999999999999886,0.4838632345199585,0.46027639508247375,0.8891228437423706
40,456,233,193,kl,81.86,0.12000000000000455,0.44740787148475647,0.48693594336509705,0.8702714443206787
40,456,234,194,kl,82.48,0.6200000000000045,0.5981748700141907,0.505085289478302,0.8765456080436707
40,456,235,195,kl,81.24,-1.240000000000009,0.3755699098110199,0.44895094633102417,0.9288132190704346
40,456,236,196,kl,82.02,0.7800000000000011,0.4081500768661499,0.47201254963874817,0.7948530912399292
40,456,237,197,kl,81.54,-0.47999999999998977,0.504889190196991,0.49712035059928894,0.9131199717521667
40,456,238,198,kl,82.22,0.6799999999999926,0.5782991647720337,0.49687063694000244,0.9743444323539734
40,456,239,199,kl,81.76,-0.45999999999999375,0.5924386978149414,0.49612870812416077,0.8830345869064331
40,456,240,200,kl,80.52,-1.240000000000009,0.609675407409668,0.5076251029968262,0.9374295473098755
40,456,241,201,kl,81.66,1.1400000000000006,0.5381871461868286,0.4974656105041504,0.8482351303100586
40,456,242,202,kl,82.14,0.480000000000004,0.5720807313919067,0.4867900311946869,0.8986442685127258
40,456,243,203,kl,82.66,0.519999999999996,0.5445116758346558,0.48808786273002625,0.7502204775810242
40,456,244,204,kl,81.02,-1.6400000000000006,0.6186325550079346,0.49441224336624146,0.9036105275154114
40,456,245,205,kl,82.22,1.2000000000000028,0.5748448967933655,0.4940337836742401,0.8780362606048584
40,456,246,206,ce,81.62,-0.5999999999999943,0.24676525592803955,0.37240180373191833,1.633867621421814
40,456,247,207,kl,81.7,0.0799999999999983,0.5037600994110107,0.4740030765533447,0.9085807204246521
40,456,248,208,kl,81.68,-0.01999999999999602,0.6740787029266357,0.5303353667259216,0.9153759479522705
40,456,249,209,kl,81.18,-0.5,0.6353433132171631,0.5334110260009766,0.9021557569503784
40,456,250,210,kl,81.9,0.7199999999999989,0.645124077796936,0.5413708686828613,0.9884639978408813
40,456,251,211,kl,81.88,-0.020000000000010232,0.4079866409301758,0.4493063986301422,0.837948739528656
40,456,252,212,kl,80.9,-0.9799999999999898,0.6258503198623657,0.5299935340881348,1.014165997505188
40,456,253,213,kl,81.44,0.539999999999992,0.5598611831665039,0.5299093723297119,0.9168581366539001
40,456,254,214,kl,81.9,0.46000000000000796,0.5803879499435425,0.503789484500885,0.9105355739593506
40,456,255,215,kl,83.06,1.1599999999999966,0.5034648776054382,0.4599681496620178,0.7405601739883423
40,456,256,216,kl,81.0,-2.0600000000000023,0.5496741533279419,0.4752067029476166,0.8704690933227539
40,456,257,217,kl,82.44,1.4399999999999977,0.566495418548584,0.5074712634086609,0.9144427180290222
40,456,258,218,kl,82.42,-0.01999999999999602,0.4982468783855438,0.44886937737464905,0.7276008129119873
40,456,259,219,kl,81.24,-1.1800000000000068,0.5581042766571045,0.46859586238861084,0.8478448987007141
40,456,260,220,kl,80.98,-0.2599999999999909,0.4541994333267212,0.45909616351127625,0.9214436411857605
40,456,261,221,kl,81.44,0.45999999999999375,0.548285186290741,0.4732387661933899,0.8668469190597534
40,456,262,222,kl,81.0,-0.4399999999999977,0.6306674480438232,0.5242968797683716,1.0979852676391602
40,456,263,223,kl,81.96,0.9599999999999937,0.5335497856140137,0.4850735068321228,0.8725101351737976
40,456,264,224,kl,81.44,-0.519999999999996,0.4751684069633484,0.47822219133377075,0.9522364735603333
40,456,265,225,kl,82.46,1.019999999999996,0.5636382102966309,0.5204238295555115,0.934753954410553
40,456,266,226,kl,81.54,-0.9199999999999875,0.6199540495872498,0.525206983089447,0.9153125882148743
40,456,267,227,kl,79.44,-2.1000000000000085,0.7400360107421875,0.6733161211013794,1.306617259979248
40,456,268,228,kl,81.18,1.740000000000009,0.5136332511901855,0.46124687790870667,0.7978559136390686
40,456,269,229,kl,80.54,-0.6400000000000006,0.5087807178497314,0.4610499441623688,0.6872684359550476
40,456,270,230,kl,79.74,-0.8000000000000114,0.5177131295204163,0.47895026206970215,0.9139866232872009
40,456,271,231,kl,82.3,2.5600000000000023,0.4709669351577759,0.4636591672897339,0.9065718650817871
40,456,272,232,kl,82.0,-0.29999999999999716,0.5837979316711426,0.5134883522987366,0.8280656933784485
40,456,273,233,kl,81.82,-0.18000000000000682,0.6649446487426758,0.5583069920539856,0.9902781248092651
40,456,274,234,kl,82.7,0.8800000000000097,0.5242990851402283,0.4674798250198364,0.9185200333595276
40,456,275,235,kl,81.68,-1.019999999999996,0.4954259693622589,0.5074988007545471,0.9319703578948975
40,456,276,236,kl,82.0,0.3199999999999932,0.5845993757247925,0.5119238495826721,0.9582855701446533
40,456,277,237,kl,81.52,-0.480000000000004,0.6825575828552246,0.5787960290908813,1.031243085861206
40,456,278,238,kl,81.94,0.4200000000000017,0.49156343936920166,0.4577818810939789,0.8552602529525757
40,456,279,239,kl,82.44,0.5,0.5035979747772217,0.47078031301498413,0.7821297645568848
40,456,280,240,kl,81.66,-0.7800000000000011,0.4473116993904114,0.5025848746299744,0.9613591432571411
40,456,281,241,kl,83.04,1.3800000000000097,0.42414286732673645,0.4337884485721588,0.7844699025154114
40,456,282,242,kl,80.34,-2.700000000000003,0.6553786993026733,0.5728083252906799,1.0862793922424316
40,456,283,243,kl,81.2,0.8599999999999994,0.6121143102645874,0.5676294565200806,1.2261312007904053
40,456,284,244,kl,81.4,0.20000000000000284,0.5235810875892639,0.5149999856948853,0.8970045447349548
40,456,285,245,kl,81.14,-0.2600000000000051,0.5794962644577026,0.48368749022483826,0.8539135456085205
40,456,286,246,kl,82.46,1.3199999999999932,0.5529828071594238,0.4651240110397339,0.7898957133293152
40,456,287,247,ce,82.64,0.18000000000000682,0.33178797364234924,0.38580024242401123,1.7244948148727417
40,456,288,248,kl,81.46,-1.1800000000000068,0.44589778780937195,0.485615074634552,0.8806195855140686
40,456,289,249,kl,82.02,0.5600000000000023,0.45558905601501465,0.5025984644889832,0.8068217635154724
40,456,290,250,kl,82.38,0.35999999999999943,0.4534079432487488,0.4843582212924957,0.8236432075500488
40,456,291,251,kl,80.64,-1.7399999999999949,0.49662667512893677,0.4972810745239258,1.0109686851501465
40,456,292,252,kl,81.7,1.0600000000000023,0.43588685989379883,0.48291143774986267,0.9568226933479309
40,456,293,253,kl,80.56,-1.1400000000000006,0.5935513377189636,0.5257692337036133,0.9039590358734131
40,456,294,254,kl,82.3,1.7399999999999949,0.46019110083580017,0.43390950560569763,0.7110332250595093
40,456,295,255,kl,79.72,-2.5799999999999983,0.6579004526138306,0.5764022469520569,1.0089874267578125
40,456,296,256,kl,81.56,1.8400000000000034,0.6207022666931152,0.49930131435394287,0.9143079519271851
40,456,297,257,kl,82.26,0.7000000000000028,0.6247071027755737,0.5037826895713806,0.8716109991073608
40,456,298,258,kl,81.68,-0.5799999999999983,0.4904061257839203,0.4910259544849396,0.8543446660041809
40,456,299,259,kl,79.86,-1.8200000000000074,0.602458119392395,0.5660060048103333,1.2313635349273682
40,456,300,260,kl,82.7,2.8400000000000034,0.43154171109199524,0.44192829728126526,0.6887848377227783
40,456,301,261,kl,81.14,-1.5600000000000023,0.5720185041427612,0.493982195854187,0.9095516800880432
40,456,302,262,kl,82.06,0.9200000000000017,0.6513015031814575,0.5163264274597168,0.8301790952682495
40,456,303,263,kl,81.3,-0.7600000000000051,0.4700250029563904,0.49391403794288635,0.994187593460083
40,456,304,264,kl,81.1,-0.20000000000000284,0.4407210350036621,0.46397295594215393,0.9735879898071289
40,456,305,265,kl,81.36,0.2600000000000051,0.4167705774307251,0.4906371831893921,0.9694018959999084
40,456,306,266,kl,81.3,-0.060000000000002274,0.34903261065483093,0.4482332170009613,0.8496530652046204
40,456,307,267,kl,79.6,-1.7000000000000028,0.6029837727546692,0.5375858545303345,1.0651638507843018
40,456,308,268,kl,82.26,2.660000000000011,0.4129531979560852,0.4342852532863617,0.7623587250709534
40,456,309,269,kl,82.76,0.5,0.5265347957611084,0.48082906007766724,0.8287292122840881
40,456,310,270,kl,81.86,-0.9000000000000057,0.5303363800048828,0.47871509194374084,0.7556959390640259
40,456,311,271,kl,83.34,1.480000000000004,0.5168466567993164,0.47473573684692383,0.8538600206375122
40,456,312,272,kl,81.42,-1.9200000000000017,0.5131186246871948,0.49362054467201233,0.9179649949073792
40,456,313,273,kl,82.12,0.7000000000000028,0.4831118583679199,0.43633875250816345,0.8051865696907043
40,456,314,274,kl,81.6,-0.5200000000000102,0.41125068068504333,0.45226994156837463,0.7783119678497314
40,456,315,275,kl,82.36,0.7600000000000051,0.4270166754722595,0.45797282457351685,0.8089171648025513
40,456,316,276,kl,81.72,-0.6400000000000006,0.6003310680389404,0.5039106011390686,0.9101423621177673
40,456,317,277,kl,82.94,1.2199999999999989,0.5792355537414551,0.4865604043006897,0.8307710289955139
40,456,318,278,kl,80.6,-2.3400000000000034,0.6658357977867126,0.5458172559738159,1.001274824142456
40,456,319,279,kl,81.3,0.7000000000000028,0.5383104085922241,0.4973902404308319,0.8296468257904053
40,456,320,280,kl,81.5,0.20000000000000284,0.5407406687736511,0.5327854752540588,0.9970545172691345
40,456,321,281,kl,82.1,0.5999999999999943,0.5652867555618286,0.5048587918281555,0.841245174407959
40,456,322,282,kl,81.0,-1.0999999999999943,0.6661097407341003,0.5262797474861145,1.0407025814056396
40,456,323,283,kl,81.46,0.45999999999999375,0.5779712200164795,0.5038203001022339,0.9261927008628845
40,456,324,284,kl,81.12,-0.3399999999999892,0.5488118529319763,0.5522635579109192,1.1464529037475586
40,456,325,285,kl,80.3,-0.8200000000000074,0.47267231345176697,0.511214554309845,0.9853043556213379
40,456,326,286,kl,79.72,-0.5799999999999983,0.6649781465530396,0.5961028337478638,1.163588523864746
40,456,327,287,kl,82.16,2.4399999999999977,0.5933277010917664,0.5177779793739319,0.8315642476081848
40,456,328,288,ce,81.1,-1.0600000000000023,0.31704026460647583,0.3545507788658142,1.8536056280136108
40,456,329,289,kl,79.78,-1.3199999999999932,0.5777798891067505,0.537285327911377,1.0151464939117432
40,456,330,290,kl,81.92,2.1400000000000006,0.5450679063796997,0.4905223846435547,0.869217038154602
40,456,331,291,kl,81.64,-0.28000000000000114,0.5391752123832703,0.5323606729507446,1.0168191194534302
40,456,332,292,kl,80.8,-0.8400000000000034,0.5584714412689209,0.5728132724761963,0.9851560592651367
40,456,333,293,kl,81.92,1.1200000000000045,0.5368835926055908,0.49864739179611206,0.869656503200531
40,456,334,294,kl,82.22,0.29999999999999716,0.5697370171546936,0.5572315454483032,1.0081191062927246
40,456,335,295,kl,81.6,-0.6200000000000045,0.5847445130348206,0.5199970006942749,0.9163197875022888
40,456,336,296,kl,83.04,1.440000000000012,0.5522589683532715,0.49802741408348083,0.972140371799469
40,456,337,297,kl,82.0,-1.0400000000000063,0.4078742265701294,0.45213061571121216,0.9384220838546753
40,456,338,298,kl,80.94,-1.0600000000000023,0.6504510045051575,0.5332696437835693,0.9946627020835876
40,456,339,299,kl,81.24,0.29999999999999716,0.584263801574707,0.524868369102478,0.9775148034095764
40,456,340,300,kl,81.9,0.6600000000000108,0.561693549156189,0.5124706029891968,0.9894028306007385
40,456,341,301,kl,80.92,-0.980000000000004,0.6286435127258301,0.516386866569519,0.9032736420631409
40,456,342,302,kl,80.3,-0.6200000000000045,0.6910498142242432,0.5748749375343323,1.1446311473846436
40,456,343,303,kl,82.44,2.1400000000000006,0.5909717082977295,0.5205091834068298,0.8882260322570801
40,456,344,304,kl,82.3,-0.14000000000000057,0.6676427125930786,0.536860466003418,0.8312340974807739
40,456,345,305,kl,82.26,-0.03999999999999204,0.5327207446098328,0.4965997636318207,0.8685819506645203
40,456,346,306,kl,82.26,0.0,0.5636579990386963,0.5060800909996033,0.9017235636711121
40,456,347,307,kl,81.56,-0.7000000000000028,0.5678685903549194,0.5351956486701965,0.9332906007766724
40,456,348,308,kl,80.24,-1.3200000000000074,0.6113643646240234,0.5592328906059265,1.0950491428375244
40,456,349,309,kl,81.86,1.6200000000000045,0.4726291000843048,0.48389241099357605,0.8664256930351257
40,456,350,310,kl,81.68,-0.1799999999999926,0.47731825709342957,0.525281548500061,0.9761484265327454
40,456,351,311,kl,82.92,1.2399999999999949,0.5253618359565735,0.4721188247203827,0.7711465358734131
40,456,352,312,kl,81.06,-1.8599999999999994,0.24281162023544312,0.41081956028938293,0.8409003615379333
40,456,353,313,kl,82.54,1.480000000000004,0.5101113319396973,0.4311256408691406,0.8830425143241882
40,456,354,314,kl,82.4,-0.14000000000000057,0.4613214433193207,0.44939985871315,0.7563225030899048
40,456,355,315,kl,82.24,-0.1600000000000108,0.5023206472396851,0.4914669692516327,0.894136369228363
40,456,356,316,kl,81.1,-1.1400000000000006,0.7562656402587891,0.6627999544143677,1.5520614385604858
40,456,357,317,kl,82.4,1.3000000000000114,0.5916851162910461,0.5227096676826477,0.9250802397727966
40,456,358,318,kl,83.02,0.6199999999999903,0.4877132177352905,0.46038302779197693,0.8115621209144592
40,456,359,319,kl,80.56,-2.4599999999999937,0.7384034395217896,0.6103834509849548,1.0914376974105835
40,456,360,320,kl,81.08,0.519999999999996,0.6237980127334595,0.541731595993042,0.9307572841644287
40,456,361,321,kl,81.42,0.3400000000000034,0.645818293094635,0.580032467842102,1.0654444694519043
40,456,362,322,kl,81.9,0.480000000000004,0.6116927862167358,0.5184894800186157,0.9502913355827332
40,456,363,323,kl,81.58,-0.3200000000000074,0.476651668548584,0.5135491490364075,1.011897325515747
40,456,364,324,kl,82.1,0.519999999999996,0.563258171081543,0.4968315660953522,0.8015706539154053
40,456,365,325,kl,80.24,-1.8599999999999994,0.5207735896110535,0.4947342574596405,0.8494063019752502
40,456,366,326,kl,81.3,1.0600000000000023,0.7034409046173096,0.6068233251571655,1.2032583951950073
40,456,367,327,kl,81.28,-0.01999999999999602,0.5286074876785278,0.4808477461338043,0.8438182473182678
40,456,368,328,kl,81.98,0.7000000000000028,0.6551818251609802,0.5550844669342041,0.9619219899177551
40,456,369,329,ce,80.94,-1.0400000000000063,0.2851657271385193,0.3897888958454132,1.6593743562698364
40,456,370,330,kl,82.98,2.0400000000000063,0.44022172689437866,0.4520122706890106,0.8207172155380249
40,456,371,331,kl,81.5,-1.480000000000004,0.47527560591697693,0.4969033896923065,1.0074385404586792
40,456,372,332,kl,79.12,-2.3799999999999955,0.5112109184265137,0.5286046862602234,1.2178914546966553
40,456,373,333,kl,82.34,3.219999999999999,0.3652680218219757,0.43095022439956665,0.7760271430015564
40,456,374,334,kl,82.76,0.4200000000000017,0.5225869417190552,0.44857197999954224,0.81456458568573
40,456,375,335,kl,80.78,-1.980000000000004,0.6346613168716431,0.556606650352478,1.0528066158294678
40,456,376,336,kl,81.08,0.29999999999999716,0.564873218536377,0.5006881952285767,0.7679434418678284
40,456,377,337,kl,82.34,1.2600000000000051,0.5629785060882568,0.49681830406188965,0.8266503810882568
40,456,378,338,kl,81.7,-0.6400000000000006,0.589432954788208,0.5270891189575195,0.8780668377876282
40,456,379,339,kl,80.32,-1.3800000000000097,0.588037371635437,0.5072134137153625,1.0208079814910889
40,456,380,340,kl,81.92,1.6000000000000085,0.5624656677246094,0.47057831287384033,0.710504949092865
40,456,381,341,kl,81.92,0.0,0.4531914293766022,0.4755038917064667,0.755029559135437
40,456,382,342,kl,80.54,-1.3799999999999955,0.5589571595191956,0.5037306547164917,0.7721050977706909
40,456,383,343,kl,81.7,1.1599999999999966,0.4984930753707886,0.5031562447547913,1.036672592163086
40,456,384,344,kl,82.78,1.0799999999999983,0.4639245867729187,0.48464444279670715,0.8757905960083008
40,456,385,345,kl,82.24,-0.5400000000000063,0.5205333232879639,0.480864554643631,0.9189631342887878
40,456,386,346,kl,81.98,-0.2599999999999909,0.4143717885017395,0.44810014963150024,0.8001870512962341
40,456,387,347,kl,81.9,-0.0799999999999983,0.5385874509811401,0.487106055021286,0.8899391889572144
40,456,388,348,kl,81.22,-0.6800000000000068,0.5700548887252808,0.5125851631164551,0.8459895253181458
40,456,389,349,kl,80.9,-0.3199999999999932,0.6822143793106079,0.5649505257606506,1.0561997890472412
40,456,390,350,kl,81.84,0.9399999999999977,0.46970513463020325,0.46723097562789917,0.8104192018508911
40,456,391,351,kl,82.66,0.8199999999999932,0.4692988395690918,0.4935283660888672,0.881331741809845
40,456,392,352,kl,82.08,-0.5799999999999983,0.46586763858795166,0.46470263600349426,0.7754215598106384
40,456,393,353,kl,82.44,0.35999999999999943,0.4632747173309326,0.45648783445358276,0.872721791267395
40,456,394,354,kl,82.38,-0.060000000000002274,0.6999136209487915,0.5962080359458923,1.1758155822753906
40,456,395,355,kl,82.78,0.4000000000000057,0.5516422986984253,0.4916360080242157,0.8524318933486938
40,456,396,356,kl,81.22,-1.5600000000000023,0.6396118402481079,0.5892038345336914,1.0727328062057495
40,456,397,357,kl,81.98,0.7600000000000051,0.5531435012817383,0.47573235630989075,0.8570683598518372
40,456,398,358,kl,82.12,0.14000000000000057,0.6011732816696167,0.5272364616394043,0.7942547798156738
40,456,399,359,kl,81.46,-0.6600000000000108,0.603950560092926,0.5402974486351013,1.007127285003662
40,456,400,360,kl,82.04,0.5800000000000125,0.5977671146392822,0.4973043203353882,0.9178937673568726
40,456,401,361,kl,82.42,0.37999999999999545,0.4221798777580261,0.4588301181793213,0.9936424493789673
40,456,402,362,kl,83.22,0.7999999999999972,0.4835597276687622,0.5022093653678894,0.920920193195343
40,456,403,363,kl,81.96,-1.2600000000000051,0.5022391080856323,0.4699782729148865,0.9070438146591187
40,456,404,364,kl,83.28,1.3200000000000074,0.545240044593811,0.49357399344444275,0.8592413663864136
40,456,405,365,kl,81.18,-2.0999999999999943,0.6357315182685852,0.5536935329437256,0.9801040291786194
40,456,406,366,kl,81.46,0.2799999999999869,0.5125291347503662,0.4934726655483246,1.020403265953064
40,456,407,367,kl,82.26,0.8000000000000114,0.5267260670661926,0.46918824315071106,0.7912941575050354
40,456,408,368,kl,82.34,0.0799999999999983,0.5848067402839661,0.5010840892791748,0.9012079238891602
40,456,409,369,kl,82.08,-0.2600000000000051,0.44993311166763306,0.4808777868747711,0.7861342430114746
40,456,410,370,ce,81.66,-0.4200000000000017,0.22765541076660156,0.3866634666919708,1.8294326066970825
40,456,411,371,kl,81.8,0.14000000000000057,0.5906252861022949,0.5277177095413208,1.1255096197128296
40,456,412,372,kl,77.64,-4.159999999999997,0.8438630104064941,0.8360893130302429,1.882266879081726
40,456,413,373,kl,80.26,2.6200000000000045,0.5981319546699524,0.5270196199417114,0.9072010517120361
40,456,414,374,kl,82.86,2.5999999999999943,0.6458051204681396,0.5186717510223389,0.8311010003089905
40,456,415,375,kl,79.52,-3.3400000000000034,0.5769924521446228,0.5355989933013916,0.8575762510299683
40,456,416,376,kl,81.8,2.280000000000001,0.5429110527038574,0.5151088833808899,0.8528525233268738
40,456,417,377,kl,83.16,1.3599999999999994,0.433041512966156,0.43183350563049316,0.9147759675979614
40,456,418,378,kl,81.8,-1.3599999999999994,0.5200549364089966,0.46763595938682556,0.843864917755127
40,456,419,379,kl,81.88,0.0799999999999983,0.5063632726669312,0.4985150098800659,0.9444689154624939
40,456,420,380,kl,81.66,-0.21999999999999886,0.3293663263320923,0.4487604796886444,0.7710488438606262
40,456,421,381,kl,82.0,0.3400000000000034,0.5882765054702759,0.531894326210022,0.8167513012886047
40,456,422,382,kl,82.06,0.060000000000002274,0.692706823348999,0.561099648475647,1.0354441404342651
40,456,423,383,kl,81.1,-0.960000000000008,0.5715163946151733,0.4797445833683014,0.9935606718063354
40,456,424,384,kl,82.36,1.2600000000000051,0.49501344561576843,0.4298567473888397,0.9025775790214539
40,456,425,385,kl,82.26,-0.09999999999999432,0.5780044794082642,0.4959694445133209,0.810156524181366
40,456,426,386,kl,82.88,0.6199999999999903,0.39917120337486267,0.4657222330570221,0.8671652674674988
40,456,427,387,kl,82.56,-0.3199999999999932,0.4399581849575043,0.4684382379055023,0.7757478952407837
40,456,428,388,kl,81.74,-0.8200000000000074,0.3978755474090576,0.48275962471961975,0.9483904242515564
40,456,429,389,kl,81.98,0.2400000000000091,0.4217827022075653,0.4580567479133606,0.8208842277526855
40,456,430,390,kl,81.58,-0.4000000000000057,0.4270090162754059,0.44913551211357117,0.7791730165481567
40,456,431,391,kl,81.62,0.04000000000000625,0.5464135408401489,0.5138673186302185,0.8910822868347168
40,456,432,392,kl,82.2,0.5799999999999983,0.5369729995727539,0.4961286187171936,0.8549908995628357
40,456,433,393,kl,81.7,-0.5,0.6355732083320618,0.550020158290863,0.8408265709877014
40,456,434,394,kl,82.26,0.5600000000000023,0.4148625135421753,0.4690917432308197,0.8146658539772034
40,456,435,395,kl,81.98,-0.28000000000000114,0.5225104689598083,0.4709649085998535,0.8066239356994629
40,456,436,396,kl,81.8,-0.18000000000000682,0.502816915512085,0.5076318383216858,0.9753600358963013
40,456,437,397,kl,81.32,-0.480000000000004,0.43100690841674805,0.4660843014717102,0.7202191352844238
40,456,438,398,kl,82.14,0.8200000000000074,0.5526566505432129,0.4670519530773163,0.8068360686302185
40,456,439,399,kl,82.34,0.20000000000000284,0.4995940923690796,0.4971286356449127,0.9745069146156311
40,456,440,400,kl,82.48,0.14000000000000057,0.5171530246734619,0.5032320618629456,0.842958390712738
40,456,441,401,kl,82.78,0.29999999999999716,0.5531852841377258,0.5036913752555847,0.8101054430007935
40,456,442,402,kl,81.44,-1.3400000000000034,0.515358567237854,0.528424859046936,1.170859932899475
40,456,443,403,kl,82.78,1.3400000000000034,0.4991055727005005,0.4506269097328186,0.8145877718925476
40,456,444,404,kl,82.02,-0.7600000000000051,0.5104975700378418,0.4930993318557739,0.7339525818824768
40,456,445,405,kl,82.18,0.1600000000000108,0.4847257733345032,0.4769151210784912,0.837653636932373
40,456,446,406,kl,81.12,-1.0600000000000023,0.6208845376968384,0.5292984247207642,1.1134514808654785
40,456,447,407,kl,82.34,1.2199999999999989,0.4753657281398773,0.4484019875526428,0.8204830884933472
40,456,448,408,kl,81.54,-0.7999999999999972,0.4262341260910034,0.4679375886917114,0.941004753112793
40,456,449,409,kl,82.28,0.7399999999999949,0.37444835901260376,0.4622803032398224,0.8226216435432434
40,456,450,410,kl,79.4,-2.8799999999999955,0.5952973365783691,0.5167226195335388,1.0838000774383545
40,456,451,411,ce,82.52,3.1199999999999903,0.2295980155467987,0.35884296894073486,1.664168357849121
40,456,452,412,kl,85.32,2.799999999999997,0.28209155797958374,0.41168245673179626,0.6430354118347168
40,456,453,413,kl,85.28,-0.03999999999999204,0.3450922966003418,0.4278191030025482,0.6347335577011108
40,456,454,414,kl,85.34,0.060000000000002274,0.2746615409851074,0.4172563850879669,0.6015211343765259
40,456,455,415,kl,85.42,0.0799999999999983,0.26438671350479126,0.41125667095184326,0.6299046874046326
40,456,456,416,kl,85.72,0.29999999999999716,0.2886171340942383,0.42126137018203735,0.5587489604949951
40,456,457,417,kl,85.8,0.0799999999999983,0.20078030228614807,0.4117395281791687,0.6035910248756409
40,456,458,418,kl,85.44,-0.35999999999999943,0.230165034532547,0.4173031151294708,0.6080730557441711
40,456,459,419,kl,85.54,0.10000000000000853,0.2983120083808899,0.4367907643318176,0.6150323748588562
40,456,460,420,kl,85.68,0.14000000000000057,0.30078229308128357,0.42668139934539795,0.6987038850784302
40,456,461,421,kl,85.6,-0.0800000000000125,0.33324241638183594,0.45032066106796265,0.6318427920341492
40,456,462,422,kl,85.7,0.10000000000000853,0.29986771941185,0.44187813997268677,0.7019680142402649
40,456,463,423,kl,85.96,0.2599999999999909,0.23974713683128357,0.44003671407699585,0.6396921873092651
40,456,464,424,kl,85.6,-0.35999999999999943,0.2598568797111511,0.4457646310329437,0.6449900269508362
40,456,465,425,kl,85.82,0.21999999999999886,0.2771153450012207,0.44579750299453735,0.6351541876792908
40,456,466,426,kl,85.8,-0.01999999999999602,0.2748541235923767,0.4501573145389557,0.6324129104614258
40,456,467,427,kl,85.52,-0.28000000000000114,0.31081849336624146,0.465993732213974,0.7329279184341431
40,456,468,428,kl,85.56,0.04000000000000625,0.38096892833709717,0.49001002311706543,0.7109149098396301
40,456,469,429,kl,85.8,0.23999999999999488,0.3155282139778137,0.4704054892063141,0.7181267738342285
40,456,470,430,kl,85.6,-0.20000000000000284,0.26927483081817627,0.4763011932373047,0.6996603012084961
40,456,471,431,kl,85.62,0.020000000000010232,0.2645530700683594,0.46899837255477905,0.6898598670959473
40,456,472,432,kl,85.46,-0.1600000000000108,0.3797868490219116,0.5026184916496277,0.7141255736351013
40,456,473,433,kl,85.52,0.060000000000002274,0.24910414218902588,0.4700840711593628,0.6605481505393982
40,456,474,434,kl,85.58,0.060000000000002274,0.26909470558166504,0.47355350852012634,0.6819987297058105
40,456,475,435,kl,85.72,0.14000000000000057,0.3170090913772583,0.49058401584625244,0.7122069001197815
40,456,476,436,kl,85.48,-0.23999999999999488,0.32396140694618225,0.4805213510990143,0.7034119963645935
40,456,477,437,kl,85.36,-0.12000000000000455,0.3177676796913147,0.5000578761100769,0.7209611535072327
40,456,478,438,kl,85.64,0.28000000000000114,0.3327410817146301,0.5215042233467102,0.7690856456756592
40,456,479,439,kl,85.6,-0.04000000000000625,0.33095628023147583,0.5175895094871521,0.7380141615867615
40,456,480,440,kl,85.72,0.12000000000000455,0.32920005917549133,0.5212939381599426,0.7147855162620544
40,456,481,441,kl,85.68,-0.03999999999999204,0.3681488037109375,0.5199849009513855,0.7363895773887634
40,456,482,442,kl,85.46,-0.22000000000001307,0.39678648114204407,0.5420387387275696,0.8275614380836487
40,456,483,443,kl,85.82,0.35999999999999943,0.43179556727409363,0.5540522933006287,0.8060629963874817
40,456,484,444,kl,85.64,-0.1799999999999926,0.29370439052581787,0.5128630995750427,0.8074347972869873
40,456,485,445,kl,85.64,0.0,0.39702603220939636,0.5539366006851196,0.7983387112617493
40,456,486,446,kl,85.56,-0.0799999999999983,0.3743841052055359,0.5400213599205017,0.8330856561660767
40,456,487,447,kl,85.7,0.14000000000000057,0.3212537467479706,0.5385522842407227,0.8175503015518188
40,456,488,448,kl,85.6,-0.10000000000000853,0.32181790471076965,0.5579103231430054,0.812887966632843
40,456,489,449,kl,85.88,0.28000000000000114,0.3748411536216736,0.555683970451355,0.864878237247467
40,456,490,450,kl,85.86,-0.01999999999999602,0.3811243176460266,0.565251886844635,0.8040174841880798
40,456,491,451,kl,85.72,-0.14000000000000057,0.3628345727920532,0.5648952126502991,0.8379740715026855
40,456,492,452,ce,85.6,-0.12000000000000455,0.09794594347476959,0.4569908082485199,1.3663930892944336
40,456,493,453,kl,85.72,0.12000000000000455,0.3008314073085785,0.5439451932907104,0.8120806217193604
40,456,494,454,kl,85.28,-0.4399999999999977,0.3803529143333435,0.5785630345344543,0.8707684874534607
40,456,495,455,kl,85.62,0.3400000000000034,0.3904426693916321,0.581146776676178,0.899559497833252
40,456,496,456,kl,85.6,-0.020000000000010232,0.3672020137310028,0.5873972177505493,0.8643529415130615
40,456,497,457,kl,85.76,0.1600000000000108,0.3588213324546814,0.5825474858283997,0.9783715009689331
40,456,498,458,kl,85.7,-0.060000000000002274,0.4367830455303192,0.6206315159797668,0.953671395778656
40,456,499,459,kl,85.8,0.09999999999999432,0.41181662678718567,0.6090047955513,0.8798762559890747
40,456,500,460,kl,85.88,0.0799999999999983,0.3907146453857422,0.6017014980316162,0.9387345314025879
40,456,501,461,kl,85.48,-0.3999999999999915,0.4386683404445648,0.6312732696533203,0.949241578578949
40,456,502,462,kl,85.84,0.35999999999999943,0.3254416286945343,0.5921691656112671,0.9283162355422974
40,456,503,463,kl,85.72,-0.12000000000000455,0.3958050012588501,0.6250989437103271,0.8623895049095154
40,456,504,464,kl,85.56,-0.1599999999999966,0.36756253242492676,0.6202996969223022,0.8250609636306763
40,456,505,465,kl,85.7,0.14000000000000057,0.4042932391166687,0.6358087062835693,0.9680818319320679
40,456,506,466,kl,85.8,0.09999999999999432,0.4580102562904358,0.6681777238845825,1.0442899465560913
40,456,507,467,kl,85.96,0.1599999999999966,0.3737644851207733,0.6355721950531006,0.9668567180633545
40,456,508,468,kl,85.8,-0.1599999999999966,0.352203369140625,0.6251073479652405,0.9690215587615967
40,456,509,469,kl,85.64,-0.1599999999999966,0.3312028646469116,0.6223862171173096,0.8427733778953552
40,456,510,470,kl,86.0,0.35999999999999943,0.3380447030067444,0.640419602394104,0.9497580528259277
40,456,511,471,kl,85.4,-0.5999999999999943,0.4089679718017578,0.6626251339912415,0.8541612029075623
40,456,512,472,kl,85.62,0.21999999999999886,0.39717674255371094,0.6757728457450867,0.9514150619506836
40,456,513,473,kl,85.5,-0.12000000000000455,0.31380629539489746,0.6303727626800537,0.9525187611579895
40,456,514,474,kl,85.46,-0.04000000000000625,0.4796517491340637,0.6955759525299072,1.119028925895691
40,456,515,475,kl,85.82,0.35999999999999943,0.4267503023147583,0.6774038076400757,1.090163230895996
40,456,516,476,kl,85.74,-0.0799999999999983,0.38554102182388306,0.669768750667572,1.0433601140975952
40,456,517,477,kl,85.72,-0.01999999999999602,0.37736260890960693,0.6745505332946777,1.078556776046753
40,456,518,478,kl,85.42,-0.29999999999999716,0.40354418754577637,0.689915657043457,1.0112385749816895
40,456,519,479,kl,85.42,0.0,0.444115549325943,0.7047284245491028,0.9680335521697998
40,456,520,480,kl,85.42,0.0,0.3679019510746002,0.684520423412323,1.0049880743026733
40,456,521,481,kl,85.24,-0.18000000000000682,0.47904661297798157,0.7280210256576538,1.1326450109481812
40,456,522,482,kl,85.54,0.30000000000001137,0.39504575729370117,0.7002910375595093,1.0694485902786255
40,456,523,483,kl,85.5,-0.04000000000000625,0.44332632422447205,0.7281383872032166,1.0683932304382324
40,456,524,484,kl,85.68,0.18000000000000682,0.34936392307281494,0.699508786201477,0.9189210534095764
40,456,525,485,kl,85.6,-0.0800000000000125,0.399481862783432,0.7000435590744019,1.1240578889846802
40,456,526,486,kl,85.8,0.20000000000000284,0.4476161003112793,0.7262268662452698,1.1488865613937378
40,456,527,487,kl,85.44,-0.35999999999999943,0.47214218974113464,0.7554753422737122,1.1454613208770752
40,456,528,488,kl,85.52,0.0799999999999983,0.47042012214660645,0.7476037740707397,1.1237376928329468
40,456,529,489,kl,85.5,-0.01999999999999602,0.39315131306648254,0.7215628027915955,1.0643678903579712
40,456,530,490,kl,85.46,-0.04000000000000625,0.4154094457626343,0.7345677018165588,1.1079347133636475
40,456,531,491,kl,85.2,-0.2599999999999909,0.4207356870174408,0.7543473839759827,1.1936370134353638
40,456,532,492,kl,85.68,0.480000000000004,0.4325694441795349,0.7740294337272644,1.1273072957992554
40,456,533,493,ce,85.66,-0.020000000000010232,0.20793724060058594,0.6350449323654175,1.7973390817642212
40,456,534,494,kl,85.22,-0.4399999999999977,0.42875805497169495,0.7595765590667725,1.1369386911392212
40,456,535,495,kl,85.66,0.4399999999999977,0.4770248234272003,0.7900288105010986,1.215488076210022
40,456,536,496,kl,85.78,0.12000000000000455,0.4321633577346802,0.7640522122383118,1.0864784717559814
40,456,537,497,kl,85.58,-0.20000000000000284,0.40990012884140015,0.7438333630561829,1.171531319618225
40,456,538,498,kl,85.76,0.18000000000000682,0.39754170179367065,0.7591037154197693,1.1727683544158936
40,456,539,499,kl,85.98,0.21999999999999886,0.505207896232605,0.8110005259513855,1.2835968732833862
40,456,540,500,kl,85.96,-0.020000000000010232,0.4227539300918579,0.7923081517219543,1.197106957435608
40,456,541,501,kl,85.9,-0.05999999999998806,0.4627988040447235,0.7767059206962585,1.2946524620056152
40,456,542,502,kl,85.46,-0.44000000000001194,0.45840585231781006,0.8183897733688354,1.2202092409133911
40,456,543,503,kl,85.48,0.020000000000010232,0.4726773500442505,0.8024305701255798,1.2392951250076294
40,456,544,504,kl,85.88,0.3999999999999915,0.5101355314254761,0.8502810597419739,1.3195395469665527
40,456,545,505,kl,85.62,-0.2599999999999909,0.3742283284664154,0.777899444103241,1.2474287748336792
40,456,546,506,kl,85.92,0.29999999999999716,0.427633136510849,0.8158795833587646,1.380836009979248
40,456,547,507,kl,85.56,-0.35999999999999943,0.4591037333011627,0.8226412534713745,1.2794264554977417
40,456,548,508,kl,85.4,-0.1599999999999966,0.42313241958618164,0.8003684878349304,1.226898193359375
40,456,549,509,kl,85.34,-0.060000000000002274,0.5391994714736938,0.8680885434150696,1.4528311491012573
40,456,550,510,kl,85.94,0.5999999999999943,0.4672674834728241,0.8433908224105835,1.2875168323516846
40,456,551,511,kl,85.18,-0.7599999999999909,0.502714216709137,0.8700101971626282,1.276776909828186
40,456,552,512,kl,85.78,0.5999999999999943,0.41296207904815674,0.8287497758865356,1.2965366840362549
40,456,553,513,kl,85.26,-0.519999999999996,0.4360617697238922,0.829623281955719,1.289952278137207
40,456,554,514,kl,85.46,0.19999999999998863,0.4977729320526123,0.8829841613769531,1.277124047279358
40,456,555,515,kl,85.26,-0.19999999999998863,0.5321166515350342,0.9034157395362854,1.420238971710205
40,456,556,516,kl,85.2,-0.060000000000002274,0.45440372824668884,0.8772701025009155,1.2337452173233032
40,456,557,517,kl,85.28,0.0799999999999983,0.3883610963821411,0.8524796962738037,1.1906805038452148
40,456,558,518,kl,85.74,0.45999999999999375,0.4735487699508667,0.8744885921478271,1.367932677268982
40,456,559,519,kl,85.86,0.12000000000000455,0.43816542625427246,0.8688175678253174,1.431121587753296
40,456,560,520,kl,85.2,-0.6599999999999966,0.4572399854660034,0.8772150278091431,1.2518723011016846
40,456,561,521,kl,85.6,0.3999999999999915,0.5251773595809937,0.9202096462249756,1.3629151582717896
40,456,562,522,kl,85.12,-0.47999999999998977,0.4841284453868866,0.9068423509597778,1.4789729118347168
40,456,563,523,kl,85.52,0.3999999999999915,0.4374716281890869,0.8670133948326111,1.2687824964523315
40,456,564,524,kl,85.6,0.0799999999999983,0.4836408793926239,0.8819057941436768,1.41030752658844
40,456,565,525,kl,85.42,-0.1799999999999926,0.4600718319416046,0.8988734483718872,1.38292396068573
40,456,566,526,kl,85.62,0.20000000000000284,0.4138450026512146,0.8572307229042053,1.2793582677841187
40,456,567,527,kl,85.52,-0.10000000000000853,0.4514314830303192,0.9246126413345337,1.4787886142730713
40,456,568,528,kl,85.12,-0.3999999999999915,0.3985947370529175,0.8891270160675049,1.2952382564544678
40,456,569,529,kl,85.4,0.28000000000000114,0.4575555920600891,0.9367272853851318,1.3867392539978027
40,456,570,530,kl,85.52,0.11999999999999034,0.3312652111053467,0.8462002277374268,1.2518646717071533
40,456,571,531,kl,86.02,0.5,0.42889443039894104,0.8587300181388855,1.3214128017425537
40,456,572,532,kl,85.44,-0.5799999999999983,0.43540844321250916,0.9491370916366577,1.3298479318618774
40,456,573,533,kl,85.28,-0.1599999999999966,0.5742577314376831,1.0504724979400635,1.6276354789733887
40,456,574,534,ce,85.3,0.01999999999999602,0.38273000717163086,0.8560596108436584,2.4456892013549805
40,456,575,535,kl,85.56,0.2600000000000051,0.5474554300308228,0.9533358216285706,1.5672770738601685
40,456,576,536,kl,85.38,-0.18000000000000682,0.375694215297699,0.877496063709259,1.3761587142944336
40,456,577,537,kl,85.56,0.18000000000000682,0.5540220737457275,0.9750331044197083,1.5937947034835815
40,456,578,538,kl,85.52,-0.04000000000000625,0.4850309193134308,0.9307022094726562,1.6114609241485596
40,456,579,539,kl,85.96,0.4399999999999977,0.3975158631801605,0.8842725157737732,1.3616082668304443
40,456,580,540,kl,85.38,-0.5799999999999983,0.532423734664917,0.9984426498413086,1.6271848678588867
40,456,581,541,kl,85.36,-0.01999999999999602,0.48884668946266174,0.9350284934043884,1.4032126665115356
40,456,582,542,kl,85.28,-0.0799999999999983,0.4197191894054413,0.8776974081993103,1.44532310962677
40,456,583,543,kl,85.38,0.09999999999999432,0.5027426481246948,0.9610863924026489,1.4575409889221191
40,456,584,544,kl,84.94,-0.4399999999999977,0.5014374256134033,0.9571691155433655,1.5284467935562134
40,456,585,545,kl,85.4,0.46000000000000796,0.4301310181617737,0.9216788411140442,1.4672273397445679
40,456,586,546,kl,85.22,-0.18000000000000682,0.45691195130348206,0.9457787275314331,1.4749406576156616
40,456,587,547,kl,85.08,-0.14000000000000057,0.4174521267414093,0.9405098557472229,1.3232115507125854
40,456,588,548,kl,85.16,0.0799999999999983,0.4493846297264099,0.9641724228858948,1.3543431758880615
40,456,589,549,kl,85.74,0.5799999999999983,0.393307626247406,0.9294936656951904,1.368675947189331
40,456,590,550,kl,85.1,-0.6400000000000006,0.4489642083644867,0.9275957942008972,1.438273310661316
40,456,591,551,kl,85.18,0.0800000000000125,0.30207377672195435,0.8663080930709839,1.2352648973464966
40,456,592,552,kl,85.5,0.3199999999999932,0.456185519695282,0.9314724206924438,1.363065242767334
40,456,593,553,kl,85.72,0.21999999999999886,0.39631137251853943,0.9122888445854187,1.44818913936615
40,456,594,554,kl,85.02,-0.7000000000000028,0.42979851365089417,0.9576014876365662,1.437406063079834
40,456,595,555,kl,85.44,0.4200000000000017,0.47361287474632263,0.971106767654419,1.5415863990783691
40,456,596,556,kl,85.38,-0.060000000000002274,0.42225363850593567,0.9322049617767334,1.4660563468933105
40,456,597,557,kl,85.5,0.12000000000000455,0.46809864044189453,0.9755216240882874,1.453465223312378
40,456,598,558,kl,85.4,-0.09999999999999432,0.37533703446388245,0.9451655745506287,1.3993984460830688
40,456,599,559,kl,85.3,-0.10000000000000853,0.3832772374153137,0.9202218055725098,1.3226697444915771
40,456,600,560,kl,85.98,0.6800000000000068,0.4310249090194702,0.9203530550003052,1.4420945644378662
40,456,601,561,kl,85.1,-0.8800000000000097,0.48903587460517883,1.0029460191726685,1.4161911010742188
40,456,602,562,kl,85.76,0.6600000000000108,0.45149824023246765,0.9698931574821472,1.4648151397705078
40,456,603,563,kl,85.28,-0.480000000000004,0.5620395541191101,1.0302612781524658,1.689513087272644
40,456,604,564,kl,85.24,-0.04000000000000625,0.4285317063331604,0.9236997365951538,1.4599261283874512
40,456,605,565,kl,85.7,0.46000000000000796,0.45041200518608093,0.9628584384918213,1.45022451877594
40,456,606,566,kl,85.52,-0.18000000000000682,0.5098158121109009,0.9998019933700562,1.6256968975067139
40,456,607,567,kl,85.76,0.2400000000000091,0.4916594624519348,0.971553385257721,1.5347926616668701
40,456,608,568,kl,85.16,-0.6000000000000085,0.5429149866104126,1.0144357681274414,1.6998099088668823
40,456,609,569,kl,85.24,0.0799999999999983,0.36918410658836365,0.9296202063560486,1.4285590648651123
40,456,610,570,kl,85.18,-0.05999999999998806,0.48060011863708496,0.9887752532958984,1.6313042640686035
40,456,611,571,kl,85.74,0.5599999999999881,0.3988656997680664,0.9339135885238647,1.3674659729003906
40,456,612,572,kl,85.16,-0.5799999999999983,0.40915992856025696,0.9740562438964844,1.3559634685516357
40,456,613,573,kl,84.88,-0.28000000000000114,0.3941715955734253,0.9629886746406555,1.3783921003341675
40,456,614,574,kl,84.86,-0.01999999999999602,0.4501655399799347,1.035517692565918,1.6445950269699097
40,456,615,575,ce,85.0,0.14000000000000057,0.2993311882019043,0.8145757913589478,2.6933867931365967
40,456,616,576,kl,84.98,-0.01999999999999602,0.4372844994068146,1.0024405717849731,1.5378607511520386
40,456,617,577,kl,85.76,0.7800000000000011,0.40152156352996826,0.9369584918022156,1.43339204788208
40,456,618,578,kl,85.54,-0.21999999999999886,0.3970720171928406,0.9498264789581299,1.3652507066726685
40,456,619,579,kl,85.44,-0.10000000000000853,0.5133509635925293,1.005997896194458,1.6465224027633667
40,456,620,580,kl,85.28,-0.1599999999999966,0.47494637966156006,1.012189507484436,1.6622214317321777
40,456,621,581,kl,85.34,0.060000000000002274,0.41602474451065063,0.970662534236908,1.4024354219436646
40,456,622,582,kl,84.72,-0.6200000000000045,0.39886218309402466,1.0050411224365234,1.5067222118377686
40,456,623,583,kl,85.1,0.37999999999999545,0.572934627532959,1.1092910766601562,1.7129111289978027
40,456,624,584,kl,85.4,0.30000000000001137,0.4225374460220337,1.0079642534255981,1.523768663406372
40,456,625,585,kl,85.32,-0.0800000000000125,0.47309941053390503,0.9970443248748779,1.6582229137420654
40,456,626,586,kl,85.44,0.12000000000000455,0.47327667474746704,1.0292420387268066,1.6896802186965942
40,456,627,587,kl,85.3,-0.14000000000000057,0.47390127182006836,1.0276850461959839,1.5369770526885986
40,456,628,588,kl,85.54,0.2400000000000091,0.433245450258255,0.9768661856651306,1.5307323932647705
40,456,629,589,kl,85.2,-0.3400000000000034,0.46817582845687866,1.0188167095184326,1.5147199630737305
40,456,630,590,kl,85.14,-0.060000000000002274,0.5346662402153015,1.0717577934265137,1.671663761138916
40,456,631,591,kl,85.74,0.5999999999999943,0.4017897844314575,0.9666911363601685,1.4925965070724487
40,456,632,592,kl,85.06,-0.6799999999999926,0.5170691013336182,1.035249948501587,1.7137418985366821
40,456,633,593,kl,85.32,0.2599999999999909,0.5181347727775574,1.048842430114746,1.6803317070007324
40,456,634,594,kl,85.52,0.20000000000000284,0.3819478750228882,0.9606518745422363,1.3651176691055298
40,456,635,595,kl,85.74,0.21999999999999886,0.38547956943511963,0.9443881511688232,1.5590510368347168
40,456,636,596,kl,85.4,-0.3399999999999892,0.43521803617477417,1.0021374225616455,1.535566806793213
40,456,637,597,kl,85.48,0.0799999999999983,0.5320801734924316,1.0803662538528442,1.7692747116088867
40,456,638,598,kl,85.24,-0.2400000000000091,0.5710300207138062,1.1468843221664429,1.8297699689865112
40,456,639,599,kl,85.22,-0.01999999999999602,0.4728677272796631,1.0439642667770386,1.60930335521698
40,456,640,600,kl,85.52,0.29999999999999716,0.428809255361557,1.0021131038665771,1.5149333477020264
40,456,641,601,kl,85.6,0.0799999999999983,0.35067760944366455,0.9673156142234802,1.4185436964035034
40,456,642,602,kl,85.38,-0.21999999999999886,0.42837223410606384,1.0251597166061401,1.421320915222168
40,456,643,603,kl,85.64,0.2600000000000051,0.44933128356933594,1.055424690246582,1.5682026147842407
40,456,644,604,kl,85.36,-0.28000000000000114,0.4350723624229431,1.023320198059082,1.6291345357894897
40,456,645,605,kl,85.48,0.12000000000000455,0.5114810466766357,1.0540872812271118,1.7113631963729858
40,456,646,606,kl,85.22,-0.2600000000000051,0.5618859529495239,1.1290295124053955,1.9532649517059326
40,456,647,607,kl,85.36,0.14000000000000057,0.5168006420135498,1.0786064863204956,1.6840918064117432
40,456,648,608,kl,85.7,0.3400000000000034,0.3992800712585449,0.9819209575653076,1.498487949371338
40,456,649,609,kl,84.86,-0.8400000000000034,0.5090998411178589,1.0827345848083496,1.6707390546798706
40,456,650,610,kl,85.2,0.3400000000000034,0.49094128608703613,1.0767561197280884,1.5848407745361328
40,456,651,611,kl,85.42,0.21999999999999886,0.442798912525177,1.0623128414154053,1.5970878601074219
40,456,652,612,kl,85.48,0.060000000000002274,0.4779929220676422,1.034521460533142,1.6745538711547852
40,456,653,613,kl,84.74,-0.7400000000000091,0.45884644985198975,1.0875663757324219,1.509575366973877
40,456,654,614,kl,85.3,0.5600000000000023,0.4276987314224243,1.0211948156356812,1.6128002405166626
40,456,655,615,kl,85.52,0.21999999999999886,0.42060914635658264,1.021088719367981,1.4533365964889526
40,456,656,616,ce,85.68,0.1600000000000108,0.31640103459358215,0.9099708795547485,2.739382266998291
40,456,657,617,kl,86.0,0.3199999999999932,0.3986843228340149,0.9681975245475769,1.425022006034851
40,456,658,618,kl,86.24,0.23999999999999488,0.4178289473056793,0.9653857946395874,1.4752100706100464
40,456,659,619,kl,86.1,-0.14000000000000057,0.38340240716934204,0.9643913507461548,1.3767248392105103
40,456,660,620,kl,86.24,0.14000000000000057,0.3856792747974396,0.9618340134620667,1.490100622177124
40,456,661,621,kl,86.32,0.0799999999999983,0.38896697759628296,0.9652920961380005,1.4470301866531372
40,456,662,622,kl,86.3,-0.01999999999999602,0.38292232155799866,0.9659746885299683,1.4380640983581543
40,456,663,623,kl,86.18,-0.11999999999999034,0.41167542338371277,0.9857760667800903,1.4503092765808105
40,456,664,624,kl,86.34,0.1599999999999966,0.4063502252101898,0.97184157371521,1.5104129314422607
40,456,665,625,kl,86.3,-0.04000000000000625,0.3840080499649048,0.9675162434577942,1.4436750411987305
40,456,666,626,kl,86.08,-0.21999999999999886,0.39955273270606995,0.9728112816810608,1.48305082321167
40,456,667,627,kl,85.98,-0.09999999999999432,0.36654525995254517,0.9654170274734497,1.418516755104065
40,456,668,628,kl,85.96,-0.020000000000010232,0.3937510848045349,0.9895027875900269,1.4912093877792358
40,456,669,629,kl,86.24,0.28000000000000114,0.4305872321128845,1.0019066333770752,1.4930837154388428
40,456,670,630,kl,86.36,0.12000000000000455,0.4194079041481018,0.9899091720581055,1.5056400299072266
40,456,671,631,kl,86.26,-0.09999999999999432,0.39571934938430786,0.9820168614387512,1.5000255107879639
40,456,672,632,kl,86.32,0.05999999999998806,0.38044053316116333,0.9863741993904114,1.453521728515625
40,456,673,633,kl,86.04,-0.2799999999999869,0.42579787969589233,1.0206577777862549,1.5567556619644165
40,456,674,634,kl,86.18,0.14000000000000057,0.4476436972618103,1.0173105001449585,1.5527892112731934
40,456,675,635,kl,86.06,-0.12000000000000455,0.4411214590072632,1.0204864740371704,1.6151834726333618
40,456,676,636,kl,86.12,0.060000000000002274,0.4466370642185211,1.0251715183258057,1.5932668447494507
40,456,677,637,kl,85.92,-0.20000000000000284,0.4273134768009186,1.0250964164733887,1.5715432167053223
40,456,678,638,kl,86.04,0.12000000000000455,0.4390547275543213,1.0327916145324707,1.593462586402893
40,456,679,639,kl,86.08,0.03999999999999204,0.43344801664352417,1.0234237909317017,1.5619701147079468
40,456,680,640,kl,85.98,-0.09999999999999432,0.41502222418785095,1.0210025310516357,1.5159322023391724
40,456,681,641,kl,85.98,0.0,0.44201651215553284,1.0337566137313843,1.5626276731491089
40,456,682,642,kl,86.08,0.09999999999999432,0.4700067639350891,1.0559254884719849,1.6171666383743286
40,456,683,643,kl,86.26,0.18000000000000682,0.46326491236686707,1.0602105855941772,1.5585095882415771
40,456,684,644,kl,86.24,-0.020000000000010232,0.4269867539405823,1.0422611236572266,1.5660336017608643
40,456,685,645,kl,86.14,-0.09999999999999432,0.4538012742996216,1.050674557685852,1.60847008228302
40,456,686,646,kl,86.06,-0.0799999999999983,0.4617527723312378,1.064188838005066,1.6290630102157593
40,456,687,647,kl,85.98,-0.0799999999999983,0.4219949245452881,1.0394834280014038,1.5703434944152832
40,456,688,648,kl,86.12,0.14000000000000057,0.44395652413368225,1.0503649711608887,1.610433578491211
40,456,689,649,kl,85.98,-0.14000000000000057,0.4162130355834961,1.0415308475494385,1.54182767868042
40,456,690,650,kl,86.28,0.29999999999999716,0.4186549186706543,1.0490316152572632,1.6022294759750366
40,456,691,651,kl,86.1,-0.18000000000000682,0.45817580819129944,1.0568996667861938,1.6126739978790283
40,456,692,652,kl,86.2,0.10000000000000853,0.4454267919063568,1.0556901693344116,1.6192721128463745
40,456,693,653,kl,85.88,-0.3200000000000074,0.3951849341392517,1.0443757772445679,1.537368893623352
40,456,694,654,kl,86.08,0.20000000000000284,0.4008132815361023,1.0465788841247559,1.5863384008407593
40,456,695,655,kl,86.0,-0.0799999999999983,0.45127934217453003,1.0712189674377441,1.6703211069107056
40,456,696,656,kl,85.96,-0.04000000000000625,0.4387344419956207,1.067320466041565,1.5946828126907349
40,456,697,657,ce,86.56,0.6000000000000085,0.2110990732908249,0.9582837820053101,2.4215805530548096
40,456,698,658,kl,86.1,-0.46000000000000796,0.44243285059928894,1.066703200340271,1.5653666257858276
40,456,699,659,kl,86.08,-0.01999999999999602,0.43596339225769043,1.0586248636245728,1.5929173231124878
40,456,700,660,kl,85.98,-0.09999999999999432,0.4358007609844208,1.071540355682373,1.6253726482391357
40,456,701,661,kl,86.12,0.14000000000000057,0.44637227058410645,1.0776458978652954,1.6158092021942139
40,456,702,662,kl,86.0,-0.12000000000000455,0.45992961525917053,1.0866585969924927,1.665826439857483
40,456,703,663,kl,85.96,-0.04000000000000625,0.43870019912719727,1.0814038515090942,1.5706377029418945
40,456,704,664,kl,86.06,0.10000000000000853,0.4347888231277466,1.073376178741455,1.637557029724121
40,456,705,665,kl,86.22,0.1599999999999966,0.47151005268096924,1.0952792167663574,1.6677093505859375
40,456,706,666,kl,86.0,-0.21999999999999886,0.44303277134895325,1.1037236452102661,1.66376793384552
40,456,707,667,kl,86.0,0.0,0.46921175718307495,1.0986835956573486,1.6969237327575684
40,456,708,668,kl,86.22,0.21999999999999886,0.4449876546859741,1.094870924949646,1.6646000146865845
40,456,709,669,kl,86.08,-0.14000000000000057,0.4898660480976105,1.1181715726852417,1.8053033351898193
40,456,710,670,kl,85.92,-0.1599999999999966,0.4541510343551636,1.1032540798187256,1.671197533607483
40,456,711,671,kl,86.1,0.1799999999999926,0.4697519540786743,1.102845549583435,1.6773157119750977
40,456,712,672,kl,86.2,0.10000000000000853,0.4900926649570465,1.1248481273651123,1.775200605392456
40,456,713,673,kl,86.04,-0.1599999999999966,0.4404636025428772,1.0964044332504272,1.6222118139266968
40,456,714,674,kl,86.02,-0.020000000000010232,0.4483207166194916,1.1164361238479614,1.7128561735153198
40,456,715,675,kl,85.84,-0.1799999999999926,0.46343034505844116,1.107709288597107,1.6590176820755005
40,456,716,676,kl,85.76,-0.0799999999999983,0.4813842177391052,1.121763825416565,1.7472009658813477
40,456,717,677,kl,86.06,0.29999999999999716,0.48105791211128235,1.1257439851760864,1.761002779006958
40,456,718,678,kl,85.74,-0.3200000000000074,0.4728144407272339,1.1215420961380005,1.7404842376708984
40,456,719,679,kl,85.98,0.2400000000000091,0.4744894802570343,1.1179970502853394,1.721487283706665
40,456,720,680,kl,85.98,0.0,0.4493717551231384,1.1096936464309692,1.780617594718933
40,456,721,681,kl,85.9,-0.0799999999999983,0.4730517566204071,1.130218505859375,1.7909092903137207
40,456,722,682,kl,85.94,0.03999999999999204,0.45152997970581055,1.1168016195297241,1.7687751054763794
40,456,723,683,kl,86.02,0.0799999999999983,0.45534878969192505,1.117656946182251,1.8063254356384277
40,456,724,684,kl,85.9,-0.11999999999999034,0.463308721780777,1.1306543350219727,1.6934887170791626
40,456,725,685,kl,86.0,0.09999999999999432,0.47029948234558105,1.1242986917495728,1.8009752035140991
40,456,726,686,kl,86.12,0.12000000000000455,0.44202128052711487,1.1222201585769653,1.711093544960022
40,456,727,687,kl,85.88,-0.2400000000000091,0.46199876070022583,1.1382176876068115,1.7332981824874878
40,456,728,688,kl,86.14,0.2600000000000051,0.45772069692611694,1.1358190774917603,1.7688111066818237
40,456,729,689,kl,86.06,-0.0799999999999983,0.48351597785949707,1.1460767984390259,1.7804011106491089
40,456,730,690,kl,85.64,-0.4200000000000017,0.4519774615764618,1.1209975481033325,1.7535532712936401
40,456,731,691,kl,85.78,0.14000000000000057,0.47700363397598267,1.1410942077636719,1.817155122756958
40,456,732,692,kl,85.96,0.1799999999999926,0.508849024772644,1.1586709022521973,1.8063379526138306
40,456,733,693,kl,85.98,0.020000000000010232,0.43629181385040283,1.1175700426101685,1.7157917022705078
40,456,734,694,kl,85.96,-0.020000000000010232,0.48515164852142334,1.158789873123169,1.8191426992416382
40,456,735,695,kl,86.1,0.14000000000000057,0.48645031452178955,1.1667439937591553,1.8294588327407837
40,456,736,696,kl,85.94,-0.1599999999999966,0.44858160614967346,1.1464594602584839,1.7395206689834595
40,456,737,697,kl,86.02,0.0799999999999983,0.4622616171836853,1.1525769233703613,1.7584006786346436
40,456,738,698,ce,86.16,0.14000000000000057,0.17694391310214996,1.025201439857483,2.624894380569458
40,456,739,699,kl,85.88,-0.28000000000000114,0.46222344040870667,1.1317673921585083,1.7477549314498901
40,456,740,700,kl,85.86,-0.01999999999999602,0.4867756962776184,1.1614614725112915,1.8619093894958496
40,456,741,701,kl,85.74,-0.12000000000000455,0.4649304449558258,1.1510056257247925,1.7137969732284546
40,456,742,702,kl,85.98,0.2400000000000091,0.45821890234947205,1.1360877752304077,1.7314181327819824
40,456,743,703,kl,86.14,0.1599999999999966,0.4599013030529022,1.1376216411590576,1.79964017868042
40,456,744,704,kl,86.1,-0.04000000000000625,0.4820205569267273,1.1622427701950073,1.7848787307739258
40,456,745,705,kl,86.22,0.12000000000000455,0.47163069248199463,1.1665538549423218,1.786980152130127
40,456,746,706,kl,86.08,-0.14000000000000057,0.45477205514907837,1.1496020555496216,1.779844045639038
40,456,747,707,kl,86.08,0.0,0.45991358160972595,1.1587375402450562,1.8140158653259277
40,456,748,708,kl,85.94,-0.14000000000000057,0.4816923439502716,1.171956181526184,1.8203206062316895
40,456,749,709,kl,85.64,-0.29999999999999716,0.45744237303733826,1.1625672578811646,1.7902101278305054
40,456,750,710,kl,85.98,0.3400000000000034,0.4895951747894287,1.1744117736816406,1.8450353145599365
40,456,751,711,kl,86.14,0.1599999999999966,0.5024696588516235,1.2047330141067505,1.964476466178894
40,456,752,712,kl,85.98,-0.1599999999999966,0.4881266951560974,1.1981507539749146,1.8968044519424438
40,456,753,713,kl,86.0,0.01999999999999602,0.4844207167625427,1.1934407949447632,1.8888472318649292
40,456,754,714,kl,86.0,0.0,0.4901798367500305,1.2182397842407227,1.9797922372817993
40,456,755,715,kl,86.06,0.060000000000002274,0.46266013383865356,1.187964677810669,1.899654746055603
40,456,756,716,kl,85.94,-0.12000000000000455,0.49979329109191895,1.2072285413742065,2.0308637619018555
40,456,757,717,kl,86.02,0.0799999999999983,0.48646780848503113,1.1986247301101685,1.9233455657958984
40,456,758,718,kl,86.02,0.0,0.48846322298049927,1.1926056146621704,1.8471927642822266
40,456,759,719,kl,85.6,-0.4200000000000017,0.4998897314071655,1.20512855052948,1.9637516736984253
40,456,760,720,kl,86.0,0.4000000000000057,0.46793073415756226,1.1781721115112305,1.912178635597229
40,456,761,721,kl,86.0,0.0,0.44891664385795593,1.1703088283538818,1.8165397644042969
40,456,762,722,kl,85.76,-0.23999999999999488,0.5154696106910706,1.2162472009658813,1.91245436668396
40,456,763,723,kl,85.84,0.0799999999999983,0.5022811889648438,1.216225504875183,2.0206360816955566
40,456,764,724,kl,86.16,0.3199999999999932,0.4492412209510803,1.1828844547271729,1.8856414556503296
40,456,765,725,kl,86.0,-0.1599999999999966,0.47905296087265015,1.2025271654129028,2.025665760040283
40,456,766,726,kl,85.88,-0.12000000000000455,0.500404417514801,1.2217447757720947,1.9833691120147705
40,456,767,727,kl,85.8,-0.0799999999999983,0.48363620042800903,1.215047001838684,1.9915359020233154
40,456,768,728,kl,85.6,-0.20000000000000284,0.4953905940055847,1.2325845956802368,2.0087618827819824
40,456,769,729,kl,85.88,0.28000000000000114,0.4694288372993469,1.2018604278564453,1.968582034111023
40,456,770,730,kl,85.84,-0.03999999999999204,0.4633459448814392,1.206677794456482,1.9093005657196045
40,456,771,731,kl,85.78,-0.060000000000002274,0.5126233100891113,1.2382866144180298,2.0392894744873047
40,456,772,732,kl,85.96,0.1799999999999926,0.4876723289489746,1.2174283266067505,1.921172022819519
40,456,773,733,kl,85.84,-0.11999999999999034,0.5222623348236084,1.2472957372665405,2.050515651702881
40,456,774,734,kl,85.88,0.03999999999999204,0.49126294255256653,1.241950511932373,1.956787347793579
40,456,775,735,kl,85.98,0.10000000000000853,0.5125694274902344,1.2569090127944946,2.047003984451294
40,456,776,736,kl,85.82,-0.1600000000000108,0.5248842835426331,1.2502952814102173,2.051243305206299
40,456,777,737,kl,85.88,0.060000000000002274,0.5411524772644043,1.2924138307571411,2.1893770694732666
40,456,778,738,kl,86.14,0.2600000000000051,0.5393127202987671,1.2632414102554321,2.0548946857452393
40,456,779,739,ce,86.12,-0.01999999999999602,0.2176416665315628,1.139599084854126,2.780613899230957
40,456,780,740,kl,85.94,-0.18000000000000682,0.48266634345054626,1.2359626293182373,1.9187555313110352
40,456,781,741,kl,86.06,0.12000000000000455,0.5232007503509521,1.2686249017715454,2.094125986099243
40,456,782,742,kl,86.02,-0.04000000000000625,0.5355805158615112,1.286313772201538,2.067589521408081
40,456,783,743,kl,85.86,-0.1599999999999966,0.5035515427589417,1.2606021165847778,1.9648420810699463
40,456,784,744,kl,85.92,0.060000000000002274,0.5127294063568115,1.257879376411438,2.013786792755127
40,456,785,745,kl,85.9,-0.01999999999999602,0.47537320852279663,1.2360326051712036,1.9709422588348389
40,456,786,746,kl,85.82,-0.0800000000000125,0.48084163665771484,1.2273664474487305,1.990390419960022
40,456,787,747,kl,85.86,0.04000000000000625,0.5310699343681335,1.291327953338623,2.1316027641296387
40,456,788,748,kl,85.74,-0.12000000000000455,0.47034788131713867,1.2362022399902344,1.9121829271316528
40,456,789,749,kl,86.08,0.3400000000000034,0.5093138217926025,1.252637267112732,2.0601658821105957
40,456,790,750,kl,85.74,-0.3400000000000034,0.49368351697921753,1.2500531673431396,2.0227439403533936
40,456,791,751,kl,85.98,0.2400000000000091,0.48330509662628174,1.2566947937011719,1.9719232320785522
40,456,792,752,kl,86.06,0.0799999999999983,0.5185976624488831,1.2784174680709839,2.038031578063965
40,456,793,753,kl,85.98,-0.0799999999999983,0.5285681486129761,1.289352297782898,2.109123945236206
40,456,794,754,kl,85.72,-0.2600000000000051,0.5022802948951721,1.253018856048584,2.0366125106811523
40,456,795,755,kl,85.96,0.23999999999999488,0.508575439453125,1.2667325735092163,1.9686343669891357
40,456,796,756,kl,85.82,-0.14000000000000057,0.4867357313632965,1.2503365278244019,2.03424072265625
40,456,797,757,kl,85.88,0.060000000000002274,0.46333956718444824,1.2381868362426758,2.0085227489471436
40,456,798,758,kl,85.96,0.0799999999999983,0.5196337699890137,1.2806531190872192,2.1226296424865723
40,456,799,759,kl,85.84,-0.11999999999999034,0.5349738597869873,1.291349172592163,2.162637233734131
40,456,800,760,kl,85.74,-0.10000000000000853,0.5168575644493103,1.280381202697754,2.094076633453369
40,456,801,761,kl,85.8,0.060000000000002274,0.5113846063613892,1.3004573583602905,2.1380865573883057
40,456,802,762,kl,85.92,0.12000000000000455,0.5319988131523132,1.2978990077972412,2.1584086418151855
40,456,803,763,kl,85.88,-0.04000000000000625,0.49528753757476807,1.270326018333435,2.0679869651794434
40,456,804,764,kl,85.76,-0.11999999999999034,0.5103599429130554,1.3012882471084595,2.084317207336426
40,456,805,765,kl,85.76,0.0,0.5109355449676514,1.302647590637207,2.1458375453948975
40,456,806,766,kl,86.0,0.23999999999999488,0.5252485275268555,1.31582510471344,2.1863226890563965
40,456,807,767,kl,85.86,-0.14000000000000057,0.5451806783676147,1.3313275575637817,2.2627112865448
40,456,808,768,kl,86.0,0.14000000000000057,0.5170271396636963,1.3071030378341675,2.1719062328338623
40,456,809,769,kl,85.82,-0.18000000000000682,0.5186553001403809,1.2993828058242798,2.164257287979126
40,456,810,770,kl,85.68,-0.13999999999998636,0.5043100118637085,1.3132684230804443,2.133770227432251
40,456,811,771,kl,85.84,0.1599999999999966,0.5266688466072083,1.3347368240356445,2.1870474815368652
40,456,812,772,kl,85.88,0.03999999999999204,0.5401619672775269,1.3297606706619263,2.186229944229126
40,456,813,773,kl,85.78,-0.09999999999999432,0.5316357612609863,1.324634075164795,2.2389187812805176
40,456,814,774,kl,85.8,0.01999999999999602,0.5448468923568726,1.366666555404663,2.2702977657318115
40,456,815,775,kl,85.86,0.060000000000002274,0.48920202255249023,1.2962734699249268,2.1002023220062256
40,456,816,776,kl,85.9,0.04000000000000625,0.5465407371520996,1.3496299982070923,2.195763111114502
40,456,817,777,kl,85.8,-0.10000000000000853,0.522946834564209,1.3271660804748535,2.2239930629730225
40,456,818,778,kl,85.74,-0.060000000000002274,0.5241736173629761,1.333075761795044,2.203317165374756
40,456,819,779,kl,85.8,0.060000000000002274,0.4760652780532837,1.2843539714813232,2.05727219581604
40,456,820,780,ce,86.48,0.6800000000000068,0.1512829065322876,1.10689115524292,3.0070834159851074
40,789,1,-39,kl,41.6,32.22,0.7175809144973755,0.8171578645706177,1.7170233726501465
40,789,2,-38,kl,48.6,7.0,0.6583791971206665,0.7332697510719299,1.4635035991668701
40,789,3,-37,kl,62.06,13.46,0.7196786403656006,0.5406827926635742,1.2652630805969238
40,789,4,-36,kl,69.14,7.079999999999998,0.5678180456161499,0.430714875459671,1.0157923698425293
40,789,5,-35,kl,70.56,1.4200000000000017,0.478264719247818,0.44036513566970825,0.9040332436561584
40,789,6,-34,kl,72.36,1.7999999999999972,0.5874995589256287,0.47959333658218384,1.16276216506958
40,789,7,-33,kl,74.68,2.3200000000000074,0.5154933929443359,0.4131320118904114,0.9040573835372925
40,789,8,-32,kl,75.86,1.1799999999999926,0.539086103439331,0.4343920350074768,0.9377961158752441
40,789,9,-31,kl,76.34,0.480000000000004,0.5789918303489685,0.4610656201839447,0.9968844056129456
40,789,10,-30,kl,76.98,0.6400000000000006,0.4773847758769989,0.42861679196357727,0.9105173945426941
40,789,11,-29,kl,76.22,-0.7600000000000051,0.6694203019142151,0.4921480119228363,1.2501521110534668
40,789,12,-28,kl,78.8,2.5799999999999983,0.5853951573371887,0.48775890469551086,1.0156564712524414
40,789,13,-27,kl,78.4,-0.3999999999999915,0.5836464762687683,0.47386059165000916,1.0571093559265137
40,789,14,-26,kl,78.82,0.4199999999999875,0.47900283336639404,0.3968219459056854,0.8547298312187195
40,789,15,-25,kl,78.94,0.12000000000000455,0.36561039090156555,0.40529635548591614,1.0831533670425415
40,789,16,-24,kl,78.66,-0.28000000000000114,0.3937881290912628,0.3981231153011322,1.0316104888916016
40,789,17,-23,kl,79.6,0.9399999999999977,0.5848474502563477,0.5088483095169067,1.1111421585083008
40,789,18,-22,kl,77.68,-1.9199999999999875,0.5490225553512573,0.49694305658340454,1.2756965160369873
40,789,19,-21,kl,78.72,1.039999999999992,0.3906008005142212,0.3924542963504791,0.9996269345283508
40,789,20,-20,kl,79.86,1.1400000000000006,0.6350903511047363,0.5051345825195312,0.8507119417190552
40,789,21,-19,kl,79.12,-0.7399999999999949,0.656815230846405,0.5365950465202332,1.2872971296310425
40,789,22,-18,kl,80.72,1.5999999999999943,0.36810407042503357,0.3807958662509918,0.7829627990722656
40,789,23,-17,kl,78.76,-1.9599999999999937,0.5661972761154175,0.4556286931037903,0.9920439124107361
40,789,24,-16,kl,80.6,1.8399999999999892,0.6041587591171265,0.45062386989593506,0.8488758206367493
40,789,25,-15,kl,81.06,0.46000000000000796,0.3066737949848175,0.3855079114437103,0.8990175724029541
40,789,26,-14,kl,80.92,-0.14000000000000057,0.5751874446868896,0.4646047055721283,0.7785841226577759
40,789,27,-13,kl,81.44,0.519999999999996,0.39445048570632935,0.41662728786468506,0.9410998821258545
40,789,28,-12,kl,79.76,-1.6799999999999926,0.44515663385391235,0.42558780312538147,1.0213500261306763
40,789,29,-11,kl,79.76,0.0,0.4680611491203308,0.4465024471282959,1.051802396774292
40,789,30,-10,kl,80.44,0.6799999999999926,0.5437467098236084,0.46399012207984924,0.9565849900245667
40,789,31,-9,kl,79.64,-0.7999999999999972,0.5055797100067139,0.4824296236038208,1.0230259895324707
40,789,32,-8,kl,80.06,0.4200000000000017,0.5418293476104736,0.44753435254096985,0.9803427457809448
40,789,33,-7,kl,80.08,0.01999999999999602,0.6188664436340332,0.4695929288864136,0.9254462122917175
40,789,34,-6,kl,80.98,0.9000000000000057,0.532501220703125,0.467410683631897,1.1017155647277832
40,789,35,-5,kl,80.36,-0.6200000000000045,0.5537269115447998,0.4358045756816864,0.7737950086593628
40,789,36,-4,kl,81.58,1.2199999999999989,0.2285023331642151,0.3623118996620178,1.0158859491348267
40,789,37,-3,kl,81.0,-0.5799999999999983,0.42849522829055786,0.4089587926864624,0.9020754098892212
40,789,38,-2,kl,81.38,0.37999999999999545,0.26279377937316895,0.3547610938549042,0.7409500479698181
40,789,39,-1,kl,81.36,-0.01999999999999602,0.4960971474647522,0.45950883626937866,0.8349007368087769
40,789,40,0,kl,81.32,-0.04000000000000625,0.2741807699203491,0.3729816675186157,0.841913640499115
40,789,41,1,ce,81.22,-0.09999999999999432,0.24301442503929138,0.31108638644218445,1.7165426015853882
40,789,42,2,kl,79.98,-1.2399999999999949,0.6829717755317688,0.5759663581848145,1.4729238748550415
40,789,43,3,kl,81.06,1.0799999999999983,0.5395316481590271,0.47251513600349426,0.8670905232429504
40,789,44,4,kl,79.78,-1.2800000000000011,0.6140369176864624,0.4824219048023224,1.0468868017196655
40,789,45,5,kl,81.98,2.200000000000003,0.4469476044178009,0.4254317879676819,0.9651349186897278
40,789,46,6,kl,82.38,0.3999999999999915,0.49046117067337036,0.4488723874092102,0.9452739953994751
40,789,47,7,kl,81.52,-0.8599999999999994,0.37678372859954834,0.4296766519546509,1.0881314277648926
40,789,48,8,kl,81.32,-0.20000000000000284,0.5542827844619751,0.4558740556240082,0.9378336668014526
40,789,49,9,kl,81.44,0.12000000000000455,0.538317859172821,0.4458792209625244,0.7625964879989624
40,789,50,10,kl,82.1,0.6599999999999966,0.3554224669933319,0.39299875497817993,0.9571261405944824
40,789,51,11,kl,81.58,-0.519999999999996,0.5387425422668457,0.47537192702293396,1.0549288988113403
40,789,52,12,kl,80.76,-0.8199999999999932,0.40793269872665405,0.4200015962123871,1.0238786935806274
40,789,53,13,kl,81.74,0.9799999999999898,0.5195307731628418,0.45275580883026123,0.917345404624939
40,789,54,14,kl,82.6,0.8599999999999994,0.5561173558235168,0.4475756287574768,0.8997573256492615
40,789,55,15,kl,81.6,-1.0,0.4714365005493164,0.4284677505493164,0.7478458285331726
40,789,56,16,kl,80.98,-0.6199999999999903,0.4245727062225342,0.44525864720344543,0.8439556360244751
40,789,57,17,kl,81.26,0.28000000000000114,0.5731409192085266,0.4959809482097626,0.9563245177268982
40,789,58,18,kl,81.22,-0.04000000000000625,0.45531991124153137,0.3988560140132904,0.8834859728813171
40,789,59,19,kl,80.86,-0.35999999999999943,0.6047504544258118,0.5186365842819214,1.1043246984481812
40,789,60,20,kl,81.66,0.7999999999999972,0.31345096230506897,0.3831520974636078,0.7606886625289917
40,789,61,21,kl,80.5,-1.1599999999999966,0.48406049609184265,0.4399048686027527,1.0168715715408325
40,789,62,22,kl,82.34,1.8400000000000034,0.46870917081832886,0.4854634702205658,1.0007174015045166
40,789,63,23,kl,81.98,-0.35999999999999943,0.3953668773174286,0.4298068583011627,1.0356159210205078
40,789,64,24,kl,81.44,-0.5400000000000063,0.5939021110534668,0.47665926814079285,0.9097353219985962
40,789,65,25,kl,82.06,0.6200000000000045,0.4383920431137085,0.4282091557979584,1.1148250102996826
40,789,66,26,kl,81.72,-0.3400000000000034,0.31097519397735596,0.40573805570602417,1.079017162322998
40,789,67,27,kl,81.18,-0.539999999999992,0.4018628001213074,0.39893031120300293,1.0980857610702515
40,789,68,28,kl,81.24,0.05999999999998806,0.438780814409256,0.43869292736053467,0.8915598392486572
40,789,69,29,kl,82.1,0.8599999999999994,0.521695613861084,0.4836418330669403,0.9318585991859436
40,789,70,30,kl,81.86,-0.23999999999999488,0.4850832521915436,0.4470813274383545,1.0365935564041138
40,789,71,31,kl,81.68,-0.1799999999999926,0.5324695110321045,0.46294739842414856,0.9414664506912231
40,789,72,32,kl,80.2,-1.480000000000004,0.5589320063591003,0.48996901512145996,1.2183575630187988
40,789,73,33,kl,80.74,0.539999999999992,0.6413399577140808,0.5158362984657288,1.1258515119552612
40,789,74,34,kl,81.42,0.6800000000000068,0.48584628105163574,0.4740760922431946,1.1178407669067383
40,789,75,35,kl,80.24,-1.1800000000000068,0.6470863819122314,0.4985947608947754,1.0303022861480713
40,789,76,36,kl,81.6,1.3599999999999994,0.5801286101341248,0.47906479239463806,0.8885069489479065
40,789,77,37,kl,81.64,0.04000000000000625,0.4922236502170563,0.4265558421611786,0.757768988609314
40,789,78,38,kl,81.34,-0.29999999999999716,0.6032316088676453,0.4576701819896698,0.8805441856384277
40,789,79,39,kl,79.66,-1.6800000000000068,0.5780212879180908,0.4828397333621979,1.0707086324691772
40,789,80,40,kl,82.06,2.4000000000000057,0.5079807043075562,0.46618714928627014,0.919923722743988
40,789,81,41,kl,82.36,0.29999999999999716,0.29977166652679443,0.3963523209095001,0.9329171180725098
40,789,82,42,ce,79.84,-2.519999999999996,0.29120343923568726,0.37741225957870483,1.787326693534851
40,789,83,43,kl,81.12,1.2800000000000011,0.47918301820755005,0.4802020788192749,1.191252589225769
40,789,84,44,kl,81.82,0.6999999999999886,0.38647428154945374,0.43000414967536926,1.0149236917495728
40,789,85,45,kl,82.7,0.8800000000000097,0.4119602143764496,0.4521059989929199,0.9737680554389954
40,789,86,46,kl,82.8,0.09999999999999432,0.46429628133773804,0.414765328168869,0.9538233876228333
40,789,87,47,kl,83.44,0.6400000000000006,0.4719974994659424,0.45179420709609985,0.9144203066825867
40,789,88,48,kl,80.92,-2.519999999999996,0.5441447496414185,0.45842108130455017,0.9762555956840515
40,789,89,49,kl,82.54,1.6200000000000045,0.39292559027671814,0.41369614005088806,0.7970430254936218
40,789,90,50,kl,81.42,-1.1200000000000045,0.5236402750015259,0.46015071868896484,0.976719319820404
40,789,91,51,kl,81.9,0.480000000000004,0.5232923030853271,0.4434117078781128,0.8381752371788025
40,789,92,52,kl,81.94,0.03999999999999204,0.37496569752693176,0.4119575619697571,1.0824263095855713
40,789,93,53,kl,82.74,0.7999999999999972,0.5160651803016663,0.4645019471645355,0.9052404761314392
40,789,94,54,kl,80.58,-2.1599999999999966,0.38467922806739807,0.396885484457016,0.9675063490867615
40,789,95,55,kl,82.26,1.6800000000000068,0.5653286576271057,0.47585558891296387,0.9808218479156494
40,789,96,56,kl,81.78,-0.480000000000004,0.46733081340789795,0.46680328249931335,1.098539113998413
40,789,97,57,kl,81.34,-0.4399999999999977,0.4608367681503296,0.43511107563972473,1.0367980003356934
40,789,98,58,kl,81.66,0.3199999999999932,0.4914214015007019,0.4265543222427368,0.8917381763458252
40,789,99,59,kl,79.38,-2.280000000000001,0.5670636892318726,0.48336708545684814,1.1393789052963257
40,789,100,60,kl,82.06,2.680000000000007,0.5163627862930298,0.4602380394935608,1.0451405048370361
40,789,101,61,kl,81.06,-1.0,0.5255880355834961,0.48977333307266235,1.001503348350525
40,789,102,62,kl,81.42,0.35999999999999943,0.44467294216156006,0.4132723808288574,0.8646550178527832
40,789,103,63,kl,81.0,-0.4200000000000017,0.5034607648849487,0.4602739214897156,0.945618748664856
40,789,104,64,kl,81.02,0.01999999999999602,0.45995116233825684,0.44595789909362793,1.0113691091537476
40,789,105,65,kl,82.36,1.3400000000000034,0.4191729724407196,0.41459959745407104,0.845119059085846
40,789,106,66,kl,82.24,-0.12000000000000455,0.45282119512557983,0.426782488822937,0.8650752902030945
40,789,107,67,kl,81.32,-0.9200000000000017,0.5278944969177246,0.44128498435020447,0.9376002550125122
40,789,108,68,kl,82.34,1.0200000000000102,0.45988452434539795,0.4656408727169037,0.8406456112861633
40,789,109,69,kl,80.28,-2.0600000000000023,0.55462646484375,0.4799772799015045,0.9426361322402954
40,789,110,70,kl,82.34,2.0600000000000023,0.5182777047157288,0.47178348898887634,0.952110767364502
40,789,111,71,kl,81.42,-0.9200000000000017,0.5023888349533081,0.4672252833843231,0.8849970102310181
40,789,112,72,kl,81.78,0.35999999999999943,0.4445708990097046,0.4505288898944855,0.8761453628540039
40,789,113,73,kl,81.6,-0.18000000000000682,0.5180985927581787,0.4800861179828644,0.8808189630508423
40,789,114,74,kl,81.96,0.35999999999999943,0.5047014355659485,0.4627159535884857,1.0649288892745972
40,789,115,75,kl,83.64,1.6800000000000068,0.49297401309013367,0.45862582325935364,0.9112403988838196
40,789,116,76,kl,80.56,-3.0799999999999983,0.5181814432144165,0.5166392922401428,1.246679425239563
40,789,117,77,kl,81.88,1.3199999999999932,0.5118898153305054,0.4818679094314575,1.0765489339828491
40,789,118,78,kl,79.92,-1.9599999999999937,0.51828932762146,0.4523068070411682,0.9509167075157166
40,789,119,79,kl,80.02,0.09999999999999432,0.5270089507102966,0.4634433090686798,1.1175050735473633
40,789,120,80,kl,81.8,1.7800000000000011,0.37467697262763977,0.41264551877975464,0.9067263007164001
40,789,121,81,kl,82.1,0.29999999999999716,0.4212912619113922,0.4277031421661377,0.9802485704421997
40,789,122,82,kl,81.42,-0.6799999999999926,0.38067832589149475,0.40697741508483887,0.7853057980537415
40,789,123,83,ce,81.26,-0.1599999999999966,0.2738579511642456,0.34001895785331726,1.7290525436401367
40,789,124,84,kl,80.98,-0.28000000000000114,0.4100964069366455,0.4051569104194641,1.1097561120986938
40,789,125,85,kl,81.56,0.5799999999999983,0.48663944005966187,0.4392164349555969,0.8382046818733215
40,789,126,86,kl,79.62,-1.9399999999999977,0.6150656938552856,0.4884110987186432,1.2348495721817017
40,789,127,87,kl,82.32,2.6999999999999886,0.4969279170036316,0.42410117387771606,0.7923957109451294
40,789,128,88,kl,81.78,-0.539999999999992,0.4194967746734619,0.41398075222969055,0.9256377816200256
40,789,129,89,kl,82.18,0.4000000000000057,0.38097718358039856,0.39216089248657227,0.8597628474235535
40,789,130,90,kl,82.04,-0.14000000000000057,0.5301179885864258,0.49795129895210266,0.9255488514900208
40,789,131,91,kl,81.88,-0.1600000000000108,0.48182058334350586,0.4584251344203949,1.0394632816314697
40,789,132,92,kl,82.2,0.3200000000000074,0.3844529986381531,0.42740362882614136,0.8983598351478577
40,789,133,93,kl,81.7,-0.5,0.5163165926933289,0.482046514749527,1.081167221069336
40,789,134,94,kl,80.44,-1.2600000000000051,0.5196312665939331,0.46799829602241516,1.168947696685791
40,789,135,95,kl,80.94,0.5,0.5584115982055664,0.5211734771728516,1.0393264293670654
40,789,136,96,kl,81.7,0.7600000000000051,0.6019911170005798,0.48561781644821167,1.1040327548980713
40,789,137,97,kl,81.44,-0.2600000000000051,0.3383602499961853,0.4303894639015198,0.980657160282135
40,789,138,98,kl,83.32,1.8799999999999955,0.3930581510066986,0.39889830350875854,0.7778969407081604
40,789,139,99,kl,81.48,-1.8399999999999892,0.6058964729309082,0.49387407302856445,1.1648917198181152
40,789,140,100,kl,81.3,-0.18000000000000682,0.3892847001552582,0.4140211045742035,1.0337514877319336
40,789,141,101,kl,81.44,0.14000000000000057,0.321444571018219,0.4214584231376648,0.922690749168396
40,789,142,102,kl,81.4,-0.03999999999999204,0.404157429933548,0.39778822660446167,0.8711143732070923
40,789,143,103,kl,80.92,-0.480000000000004,0.5790063142776489,0.49540790915489197,1.0873355865478516
40,789,144,104,kl,82.3,1.3799999999999955,0.45282530784606934,0.4363246262073517,1.0207180976867676
40,789,145,105,kl,80.34,-1.9599999999999937,0.6381440758705139,0.5085375308990479,1.0895155668258667
40,789,146,106,kl,81.94,1.5999999999999943,0.5355437994003296,0.4547686278820038,0.828949511051178
40,789,147,107,kl,82.8,0.8599999999999994,0.4767153263092041,0.4594370126724243,0.904968798160553
40,789,148,108,kl,82.6,-0.20000000000000284,0.4012224078178406,0.42365771532058716,0.8758637309074402
40,789,149,109,kl,81.78,-0.8199999999999932,0.5415334105491638,0.5001128315925598,1.0645686388015747
40,789,150,110,kl,81.22,-0.5600000000000023,0.4875863790512085,0.4233909547328949,1.0153778791427612
40,789,151,111,kl,82.84,1.6200000000000045,0.5099939107894897,0.4536423683166504,0.8224578499794006
40,789,152,112,kl,81.32,-1.5200000000000102,0.317392498254776,0.4074576497077942,0.9946521520614624
40,789,153,113,kl,82.42,1.1000000000000085,0.4340774416923523,0.4419800341129303,0.9368085265159607
40,789,154,114,kl,79.96,-2.460000000000008,0.536287784576416,0.4787175953388214,1.249300479888916
40,789,155,115,kl,81.4,1.440000000000012,0.4134591817855835,0.43448904156684875,1.0846353769302368
40,789,156,116,kl,82.28,0.8799999999999955,0.5241527557373047,0.4794999361038208,1.009779691696167
40,789,157,117,kl,81.24,-1.0400000000000063,0.4168618321418762,0.4401838779449463,1.186617136001587
40,789,158,118,kl,82.36,1.1200000000000045,0.3584766387939453,0.3976021707057953,1.0868619680404663
40,789,159,119,kl,82.4,0.04000000000000625,0.2802779972553253,0.3806215822696686,0.8785995244979858
40,789,160,120,kl,81.46,-0.9400000000000119,0.5581890344619751,0.4587872326374054,1.063154935836792
40,789,161,121,kl,82.22,0.7600000000000051,0.3104453682899475,0.41943123936653137,1.0032466650009155
40,789,162,122,kl,82.44,0.21999999999999886,0.4808613657951355,0.44526058435440063,0.9282786250114441
40,789,163,123,kl,82.06,-0.37999999999999545,0.44949835538864136,0.4375259280204773,0.8214221000671387
40,789,164,124,ce,82.92,0.8599999999999994,0.3650674819946289,0.3402387499809265,1.9232524633407593
40,789,165,125,kl,81.94,-0.980000000000004,0.4822307527065277,0.4249679446220398,0.8504970073699951
40,789,166,126,kl,82.32,0.37999999999999545,0.4608515501022339,0.4316883981227875,0.8353998064994812
40,789,167,127,kl,82.62,0.30000000000001137,0.44497150182724,0.4141557514667511,1.0911550521850586
40,789,168,128,kl,82.72,0.09999999999999432,0.37192094326019287,0.4242078363895416,0.8419273495674133
40,789,169,129,kl,81.76,-0.9599999999999937,0.42285242676734924,0.44235220551490784,0.9488604664802551
40,789,170,130,kl,81.96,0.19999999999998863,0.5442739725112915,0.4736296534538269,0.8944265246391296
40,789,171,131,kl,81.38,-0.5799999999999983,0.4191927909851074,0.394635945558548,1.0670349597930908
40,789,172,132,kl,80.6,-0.7800000000000011,0.5296408534049988,0.4749932587146759,1.023189663887024
40,789,173,133,kl,81.72,1.1200000000000045,0.5772500038146973,0.5130714178085327,1.0740989446640015
40,789,174,134,kl,82.44,0.7199999999999989,0.517874002456665,0.4367653727531433,0.9987128376960754
40,789,175,135,kl,81.24,-1.2000000000000028,0.5999094247817993,0.4986027777194977,1.0406948328018188
40,789,176,136,kl,81.36,0.12000000000000455,0.49304237961769104,0.45734280347824097,1.152269959449768
40,789,177,137,kl,80.76,-0.5999999999999943,0.4391322731971741,0.4414159953594208,0.9714350700378418
40,789,178,138,kl,81.78,1.019999999999996,0.4960836172103882,0.45363882184028625,1.037227988243103
40,789,179,139,kl,82.92,1.1400000000000006,0.5198603868484497,0.4608324468135834,0.8682681918144226
40,789,180,140,kl,81.06,-1.8599999999999994,0.5292279720306396,0.4536373019218445,1.0069741010665894
40,789,181,141,kl,80.8,-0.2600000000000051,0.6819288730621338,0.5376659035682678,1.0693387985229492
40,789,182,142,kl,81.86,1.0600000000000023,0.5657031536102295,0.4634343981742859,0.9185501933097839
40,789,183,143,kl,82.04,0.18000000000000682,0.5346266627311707,0.43703246116638184,0.8407269716262817
40,789,184,144,kl,82.62,0.5799999999999983,0.53025221824646,0.4567001461982727,0.8718763589859009
40,789,185,145,kl,81.52,-1.1000000000000085,0.4580996036529541,0.4631968140602112,0.8638346791267395
40,789,186,146,kl,82.52,1.0,0.4528617560863495,0.4684051275253296,0.9648483991622925
40,789,187,147,kl,82.7,0.18000000000000682,0.4764067530632019,0.45908328890800476,0.8422479033470154
40,789,188,148,kl,81.18,-1.519999999999996,0.4754330813884735,0.4364595115184784,1.0059914588928223
40,789,189,149,kl,82.26,1.0799999999999983,0.41446220874786377,0.40127959847450256,0.8027790784835815
40,789,190,150,kl,82.02,-0.2400000000000091,0.3685842454433441,0.3968321681022644,0.9213851690292358
40,789,191,151,kl,82.12,0.10000000000000853,0.563321053981781,0.4700055420398712,0.929807186126709
40,789,192,152,kl,81.06,-1.0600000000000023,0.3631103038787842,0.4392005503177643,1.0631996393203735
40,789,193,153,kl,82.02,0.9599999999999937,0.435940146446228,0.44866347312927246,0.7763342261314392
40,789,194,154,kl,81.52,-0.5,0.4022109806537628,0.42449742555618286,0.9650169014930725
40,789,195,155,kl,80.28,-1.2399999999999949,0.42296385765075684,0.4565984010696411,0.8297351598739624
40,789,196,156,kl,81.76,1.480000000000004,0.28129345178604126,0.40782278776168823,0.9803802371025085
40,789,197,157,kl,80.36,-1.4000000000000057,0.5296317338943481,0.5035550594329834,1.2367520332336426
40,789,198,158,kl,82.1,1.7399999999999949,0.405164510011673,0.4309368431568146,0.909272313117981
40,789,199,159,kl,82.76,0.6600000000000108,0.2823143005371094,0.3758167326450348,0.8021533489227295
40,789,200,160,kl,82.0,-0.7600000000000051,0.6302013397216797,0.5064002275466919,0.9720154404640198
40,789,201,161,kl,81.94,-0.060000000000002274,0.4322696328163147,0.44347864389419556,1.0097373723983765
40,789,202,162,kl,82.44,0.5,0.36254438757896423,0.42541876435279846,0.8899230360984802
40,789,203,163,kl,80.84,-1.5999999999999943,0.543990969657898,0.438079297542572,1.0327855348587036
40,789,204,164,kl,81.38,0.539999999999992,0.45516565442085266,0.4314011335372925,0.862632691860199
40,789,205,165,ce,80.22,-1.1599999999999966,0.38666442036628723,0.3945847153663635,1.8207985162734985
40,789,206,166,kl,81.02,0.7999999999999972,0.3354848325252533,0.3751318156719208,1.1721655130386353
40,789,207,167,kl,82.56,1.5400000000000063,0.36112064123153687,0.386516273021698,0.8325374722480774
40,789,208,168,kl,82.72,0.1599999999999966,0.4681592583656311,0.4225101172924042,0.8350049257278442
40,789,209,169,kl,82.78,0.060000000000002274,0.27945828437805176,0.3810006380081177,0.9873643517494202
40,789,210,170,kl,82.86,0.0799999999999983,0.4513598084449768,0.43888789415359497,0.8444057106971741
40,789,211,171,kl,82.16,-0.7000000000000028,0.6134555339813232,0.49584701657295227,0.891146183013916
40,789,212,172,kl,82.68,0.5200000000000102,0.3892784118652344,0.40755578875541687,0.7785923480987549
40,789,213,173,kl,81.78,-0.9000000000000057,0.3937748074531555,0.42974016070365906,0.9472930431365967
40,789,214,174,kl,81.88,0.09999999999999432,0.4114629030227661,0.4305860102176666,0.9592606425285339
40,789,215,175,kl,82.78,0.9000000000000057,0.5342639088630676,0.4634612500667572,0.8764156103134155
40,789,216,176,kl,81.52,-1.2600000000000051,0.5990043878555298,0.5150484442710876,1.0736860036849976
40,789,217,177,kl,82.86,1.3400000000000034,0.48578742146492004,0.43652087450027466,0.7504426836967468
40,789,218,178,kl,82.44,-0.4200000000000017,0.5258299708366394,0.48130157589912415,0.9932975172996521
40,789,219,179,kl,81.72,-0.7199999999999989,0.5492774248123169,0.4739142656326294,1.0004494190216064
40,789,220,180,kl,80.94,-0.7800000000000011,0.33892208337783813,0.39011287689208984,1.0178697109222412
40,789,221,181,kl,82.1,1.1599999999999966,0.5521422028541565,0.4908069670200348,1.063584804534912
40,789,222,182,kl,81.94,-0.1599999999999966,0.4444226026535034,0.4361984133720398,0.8412904143333435
40,789,223,183,kl,81.62,-0.3199999999999932,0.5213120579719543,0.43697789311408997,0.8945624232292175
40,789,224,184,kl,82.44,0.8199999999999932,0.3985968232154846,0.4385829567909241,0.795082688331604
40,789,225,185,kl,81.14,-1.2999999999999972,0.5096677541732788,0.4670146107673645,1.0422176122665405
40,789,226,186,kl,81.6,0.45999999999999375,0.5562204718589783,0.44604402780532837,0.8808851838111877
40,789,227,187,kl,82.06,0.46000000000000796,0.5412577986717224,0.48853546380996704,0.8330992460250854
40,789,228,188,kl,82.48,0.4200000000000017,0.528794527053833,0.4821893274784088,1.020190715789795
40,789,229,189,kl,80.9,-1.5799999999999983,0.6237310767173767,0.5220111608505249,1.081627368927002
40,789,230,190,kl,80.64,-0.2600000000000051,0.4236687123775482,0.4371022880077362,1.1395326852798462
40,789,231,191,kl,81.74,1.0999999999999943,0.339111328125,0.4220527112483978,0.9572505354881287
40,789,232,192,kl,82.06,0.3200000000000074,0.3886493444442749,0.4262695610523224,1.0226505994796753
40,789,233,193,kl,82.62,0.5600000000000023,0.2543129324913025,0.37584376335144043,0.9767612218856812
40,789,234,194,kl,82.86,0.23999999999999488,0.4110594093799591,0.43822968006134033,0.8563507199287415
40,789,235,195,kl,81.54,-1.3199999999999932,0.5618746280670166,0.5172690153121948,1.0147063732147217
40,789,236,196,kl,81.56,0.01999999999999602,0.3170604705810547,0.42199963331222534,1.0630857944488525
40,789,237,197,kl,82.22,0.6599999999999966,0.5760945677757263,0.5121097564697266,1.1314020156860352
40,789,238,198,kl,81.94,-0.28000000000000114,0.38058698177337646,0.3993268609046936,0.761421263217926
40,789,239,199,kl,81.86,-0.0799999999999983,0.5814840197563171,0.5279163718223572,1.1684807538986206
40,789,240,200,kl,82.64,0.7800000000000011,0.4680051803588867,0.4573274850845337,0.8281460404396057
40,789,241,201,kl,82.62,-0.01999999999999602,0.38125741481781006,0.40726226568222046,1.0566784143447876
40,789,242,202,kl,82.28,-0.3400000000000034,0.4558631479740143,0.43288421630859375,0.8215467929840088
40,789,243,203,kl,81.46,-0.8200000000000074,0.528425395488739,0.49262478947639465,1.187151551246643
40,789,244,204,kl,80.76,-0.6999999999999886,0.6958879232406616,0.5767592191696167,1.2840951681137085
40,789,245,205,kl,80.78,0.01999999999999602,0.5421639680862427,0.4449889659881592,1.0725072622299194
40,789,246,206,ce,81.54,0.7600000000000051,0.33936548233032227,0.37212690711021423,1.8355131149291992
40,789,247,207,kl,82.6,1.059999999999988,0.47841107845306396,0.45903879404067993,0.8041338920593262
40,789,248,208,kl,82.28,-0.3199999999999932,0.3680895268917084,0.43421345949172974,0.7755948901176453
40,789,249,209,kl,81.92,-0.35999999999999943,0.43641355633735657,0.4419962763786316,0.8604483604431152
40,789,250,210,kl,80.88,-1.0400000000000063,0.49913376569747925,0.4895952045917511,1.0000560283660889
40,789,251,211,kl,82.5,1.6200000000000045,0.33723151683807373,0.42723962664604187,1.0005992650985718
40,789,252,212,kl,82.72,0.21999999999999886,0.45484715700149536,0.45043957233428955,0.9055201411247253
40,789,253,213,kl,80.38,-2.3400000000000034,0.471118301153183,0.45933791995048523,0.8957394957542419
40,789,254,214,kl,81.4,1.0200000000000102,0.5770807266235352,0.51865553855896,1.0978087186813354
40,789,255,215,kl,80.62,-0.7800000000000011,0.4566376805305481,0.47498515248298645,1.1249065399169922
40,789,256,216,kl,82.44,1.8199999999999932,0.49772021174430847,0.41851699352264404,0.8883597254753113
40,789,257,217,kl,82.66,0.21999999999999886,0.46453917026519775,0.4596647322177887,0.8610287308692932
40,789,258,218,kl,82.54,-0.11999999999999034,0.3819652795791626,0.4461318850517273,1.0527724027633667
40,789,259,219,kl,81.42,-1.1200000000000045,0.4090449810028076,0.43616294860839844,0.9228352904319763
40,789,260,220,kl,81.86,0.4399999999999977,0.510347843170166,0.476203590631485,0.9609401822090149
40,789,261,221,kl,82.0,0.14000000000000057,0.5634649991989136,0.5111140608787537,1.0147078037261963
40,789,262,222,kl,82.64,0.6400000000000006,0.44563817977905273,0.4285651743412018,0.7601131796836853
40,789,263,223,kl,82.18,-0.45999999999999375,0.5289403796195984,0.487604558467865,0.9593097567558289
40,789,264,224,kl,81.8,-0.38000000000000966,0.4620252847671509,0.459713876247406,1.132149577140808
40,789,265,225,kl,82.48,0.6800000000000068,0.6147334575653076,0.5073508620262146,0.9597772359848022
40,789,266,226,kl,82.7,0.21999999999999886,0.46206021308898926,0.4617956280708313,1.0168036222457886
40,789,267,227,kl,82.26,-0.4399999999999977,0.6234923601150513,0.5015882849693298,1.045172095298767
40,789,268,228,kl,80.04,-2.219999999999999,0.7808237075805664,0.620259702205658,1.6446789503097534
40,789,269,229,kl,81.48,1.4399999999999977,0.5692784190177917,0.4956386983394623,1.0743744373321533
40,789,270,230,kl,81.96,0.47999999999998977,0.4049447774887085,0.4163196384906769,0.9003684520721436
40,789,271,231,kl,81.16,-0.7999999999999972,0.544295072555542,0.47694122791290283,1.0882220268249512
40,789,272,232,kl,81.78,0.6200000000000045,0.37171822786331177,0.43860721588134766,0.8155721426010132
40,789,273,233,kl,80.74,-1.0400000000000063,0.5286415815353394,0.47355589270591736,1.0142837762832642
40,789,274,234,kl,82.42,1.6800000000000068,0.49427515268325806,0.4668070077896118,0.9928674101829529
40,789,275,235,kl,81.62,-0.7999999999999972,0.35116517543792725,0.43435361981391907,1.0258381366729736
40,789,276,236,kl,82.22,0.5999999999999943,0.3331362009048462,0.4094249904155731,0.9803874492645264
40,789,277,237,kl,81.78,-0.4399999999999977,0.5542726516723633,0.4774308502674103,0.9622947573661804
40,789,278,238,kl,82.16,0.37999999999999545,0.5105846524238586,0.4287165105342865,0.9294217824935913
40,789,279,239,kl,82.14,-0.01999999999999602,0.4510493278503418,0.46123388409614563,1.0425575971603394
40,789,280,240,kl,82.96,0.8199999999999932,0.45483458042144775,0.4442587196826935,0.8182797431945801
40,789,281,241,kl,82.16,-0.7999999999999972,0.48324793577194214,0.4660576283931732,0.952339231967926
40,789,282,242,kl,82.2,0.04000000000000625,0.4422844648361206,0.44755393266677856,0.8885414004325867
40,789,283,243,kl,82.02,-0.18000000000000682,0.696855902671814,0.5767484903335571,1.2223191261291504
40,789,284,244,kl,80.8,-1.2199999999999989,0.531627893447876,0.4743967354297638,0.8719181418418884
40,789,285,245,kl,81.08,0.28000000000000114,0.533177375793457,0.4934237003326416,1.0124139785766602
40,789,286,246,kl,82.62,1.5400000000000063,0.5420482158660889,0.48612651228904724,0.9077792167663574
40,789,287,247,ce,80.42,-2.200000000000003,0.3342127203941345,0.3631492555141449,2.147977352142334
40,789,288,248,kl,82.28,1.8599999999999994,0.5461042523384094,0.4679180085659027,0.9042750597000122
40,789,289,249,kl,81.4,-0.8799999999999955,0.5250494480133057,0.4832499325275421,1.023497462272644
40,789,290,250,kl,82.64,1.2399999999999949,0.38893693685531616,0.4462442994117737,0.9396547675132751
40,789,291,251,kl,81.42,-1.2199999999999989,0.3507331311702728,0.4238623380661011,1.1532682180404663
40,789,292,252,kl,82.44,1.019999999999996,0.34465497732162476,0.423686146736145,0.9344139695167542
40,789,293,253,kl,81.86,-0.5799999999999983,0.625259280204773,0.5115182399749756,1.055871605873108
40,789,294,254,kl,79.08,-2.780000000000001,0.4391472041606903,0.46502089500427246,0.9793462157249451
40,789,295,255,kl,82.36,3.280000000000001,0.35344550013542175,0.4275662899017334,0.845064640045166
40,789,296,256,kl,82.14,-0.21999999999999886,0.6058214902877808,0.5170381665229797,0.9442946910858154
40,789,297,257,kl,77.9,-4.239999999999995,0.5994536280632019,0.5575996041297913,1.464033603668213
40,789,298,258,kl,81.7,3.799999999999997,0.5601894855499268,0.4354103207588196,0.7413825988769531
40,789,299,259,kl,82.14,0.4399999999999977,0.5954370498657227,0.4646616280078888,0.8901320099830627
40,789,300,260,kl,82.18,0.04000000000000625,0.481342613697052,0.46861401200294495,1.0116567611694336
40,789,301,261,kl,83.0,0.8199999999999932,0.2425551861524582,0.3848208487033844,1.018701434135437
40,789,302,262,kl,81.94,-1.0600000000000023,0.5788729190826416,0.5259367823600769,0.98709636926651
40,789,303,263,kl,81.3,-0.6400000000000006,0.43159595131874084,0.45021024346351624,0.901673436164856
40,789,304,264,kl,82.0,0.7000000000000028,0.4637683629989624,0.43740060925483704,0.8576557040214539
40,789,305,265,kl,81.12,-0.8799999999999955,0.4232257604598999,0.4589550793170929,1.0257660150527954
40,789,306,266,kl,81.7,0.5799999999999983,0.587233304977417,0.49645674228668213,0.9629810452461243
40,789,307,267,kl,82.3,0.5999999999999943,0.4343506097793579,0.4304744005203247,0.9949321150779724
40,789,308,268,kl,81.34,-0.9599999999999937,0.3738327920436859,0.419666051864624,1.0434634685516357
40,789,309,269,kl,82.22,0.8799999999999955,0.4842334985733032,0.4379293918609619,0.7891892194747925
40,789,310,270,kl,81.06,-1.1599999999999966,0.5520148277282715,0.46822071075439453,1.0731033086776733
40,789,311,271,kl,81.76,0.7000000000000028,0.4990348815917969,0.4687425494194031,1.0174403190612793
40,789,312,272,kl,82.0,0.23999999999999488,0.4032096862792969,0.416366845369339,0.8630173206329346
40,789,313,273,kl,81.6,-0.4000000000000057,0.6863629817962646,0.5490151643753052,1.124991536140442
40,789,314,274,kl,82.52,0.9200000000000017,0.4909207820892334,0.40639549493789673,0.9241176843643188
40,789,315,275,kl,80.98,-1.539999999999992,0.4155370593070984,0.45653146505355835,1.0940513610839844
40,789,316,276,kl,81.96,0.9799999999999898,0.5869085788726807,0.48266926407814026,0.8801770210266113
40,789,317,277,kl,81.6,-0.35999999999999943,0.5176572203636169,0.45605719089508057,0.9916831851005554
40,789,318,278,kl,81.78,0.18000000000000682,0.6165910959243774,0.500005304813385,1.0040677785873413
40,789,319,279,kl,82.44,0.6599999999999966,0.54789799451828,0.49550661444664,0.9338981509208679
40,789,320,280,kl,82.88,0.4399999999999977,0.6370009779930115,0.540504515171051,0.9295372366905212
40,789,321,281,kl,82.36,-0.519999999999996,0.487928569316864,0.459293395280838,0.956910252571106
40,789,322,282,kl,79.06,-3.299999999999997,0.48263412714004517,0.530994176864624,1.1028488874435425
40,789,323,283,kl,82.92,3.8599999999999994,0.5941625833511353,0.4630912244319916,0.8914775848388672
40,789,324,284,kl,82.9,-0.01999999999999602,0.5424784421920776,0.4745650589466095,0.7862668037414551
40,789,325,285,kl,82.38,-0.5200000000000102,0.5032699704170227,0.4846944212913513,0.9815786480903625
40,789,326,286,kl,79.38,-3.0,0.6117220520973206,0.5369378328323364,1.127026915550232
40,789,327,287,kl,82.72,3.3400000000000034,0.5248509645462036,0.46018555760383606,0.8464007377624512
40,789,328,288,ce,81.46,-1.2600000000000051,0.390205442905426,0.415411114692688,1.585727334022522
40,789,329,289,kl,81.62,0.1600000000000108,0.4007699489593506,0.4567236602306366,0.8893634676933289
40,789,330,290,kl,82.42,0.7999999999999972,0.5742547512054443,0.5014871954917908,1.065967321395874
40,789,331,291,kl,82.34,-0.0799999999999983,0.41631242632865906,0.42243966460227966,1.0120993852615356
40,789,332,292,kl,82.82,0.47999999999998977,0.47542259097099304,0.4555434584617615,0.9339842796325684
40,789,333,293,kl,82.14,-0.6799999999999926,0.5184932351112366,0.45284271240234375,0.7442034482955933
40,789,334,294,kl,83.02,0.8799999999999955,0.49049270153045654,0.4454420804977417,0.8496127128601074
40,789,335,295,kl,80.52,-2.5,0.6295928955078125,0.5310775637626648,1.2157819271087646
40,789,336,296,kl,82.48,1.960000000000008,0.6768552660942078,0.5391491651535034,0.9611616134643555
40,789,337,297,kl,82.76,0.28000000000000114,0.4916532635688782,0.46048131585121155,0.9479624032974243
40,789,338,298,kl,80.6,-2.160000000000011,0.6237728595733643,0.5446765422821045,1.1532304286956787
40,789,339,299,kl,81.52,0.9200000000000017,0.6875311136245728,0.556845486164093,1.0794113874435425
40,789,340,300,kl,81.82,0.29999999999999716,0.6239321827888489,0.5066347122192383,1.0277525186538696
40,789,341,301,kl,83.04,1.220000000000013,0.4434780478477478,0.44887256622314453,0.9679524898529053
40,789,342,302,kl,81.4,-1.6400000000000006,0.6053259372711182,0.45933997631073,1.1083781719207764
40,789,343,303,kl,83.06,1.6599999999999966,0.5022356510162354,0.455768883228302,0.9371399283409119
40,789,344,304,kl,82.52,-0.5400000000000063,0.43173786997795105,0.4313759207725525,0.8033849596977234
40,789,345,305,kl,81.02,-1.5,0.5100644826889038,0.4680477976799011,0.9789638519287109
40,789,346,306,kl,80.48,-0.539999999999992,0.66339111328125,0.5564318895339966,1.2780554294586182
40,789,347,307,kl,82.5,2.019999999999996,0.533448338508606,0.4633784592151642,0.9117497801780701
40,789,348,308,kl,82.58,0.0799999999999983,0.4871370196342468,0.44643133878707886,0.9322915077209473
40,789,349,309,kl,81.1,-1.480000000000004,0.38632631301879883,0.42220109701156616,0.9317551255226135
40,789,350,310,kl,82.34,1.240000000000009,0.41232407093048096,0.43483996391296387,0.9471316933631897
40,789,351,311,kl,81.86,-0.480000000000004,0.4530993402004242,0.45946934819221497,1.0330607891082764
40,789,352,312,kl,82.66,0.7999999999999972,0.3317224979400635,0.3904009759426117,0.8662685751914978
40,789,353,313,kl,81.88,-0.7800000000000011,0.5740357637405396,0.4629596173763275,0.8288428783416748
40,789,354,314,kl,82.92,1.0400000000000063,0.3558187484741211,0.41672733426094055,0.9537537693977356
40,789,355,315,kl,81.92,-1.0,0.6516348123550415,0.5480108857154846,1.0994127988815308
40,789,356,316,kl,81.42,-0.5,0.5450208187103271,0.47830212116241455,0.9251039028167725
40,789,357,317,kl,82.76,1.3400000000000034,0.42585521936416626,0.3981305956840515,0.789402186870575
40,789,358,318,kl,81.66,-1.1000000000000085,0.5718199014663696,0.5072211623191833,0.9970938563346863
40,789,359,319,kl,81.0,-0.6599999999999966,0.6910479068756104,0.5524052977561951,1.0817580223083496
40,789,360,320,kl,82.44,1.4399999999999977,0.501714289188385,0.4660852253437042,0.843011200428009
40,789,361,321,kl,80.82,-1.6200000000000045,0.5089974403381348,0.47699785232543945,0.8684348464012146
40,789,362,322,kl,80.36,-0.45999999999999375,0.5762656331062317,0.5198758244514465,1.0595191717147827
40,789,363,323,kl,82.22,1.8599999999999994,0.6017261743545532,0.4980667531490326,1.0425313711166382
40,789,364,324,kl,82.62,0.4000000000000057,0.34534943103790283,0.3974834084510803,0.8654505610466003
40,789,365,325,kl,82.82,0.19999999999998863,0.5515235066413879,0.4452914893627167,0.7045767307281494
40,789,366,326,kl,82.1,-0.7199999999999989,0.4116397500038147,0.4139240086078644,0.8585770130157471
40,789,367,327,kl,81.02,-1.0799999999999983,0.594693124294281,0.5190826058387756,1.0796048641204834
40,789,368,328,kl,83.22,2.200000000000003,0.39425259828567505,0.4432273507118225,0.9707712531089783
40,789,369,329,ce,82.3,-0.9200000000000017,0.44848743081092834,0.40081673860549927,1.8483067750930786
40,789,370,330,kl,81.4,-0.8999999999999915,0.4036928713321686,0.4699033796787262,1.0450421571731567
40,789,371,331,kl,82.66,1.259999999999991,0.47217845916748047,0.46089065074920654,0.963901162147522
40,789,372,332,kl,82.88,0.21999999999999886,0.5124882459640503,0.4622904062271118,0.933092474937439
40,789,373,333,kl,81.62,-1.259999999999991,0.4129180312156677,0.4718136191368103,0.8847187161445618
40,789,374,334,kl,83.38,1.759999999999991,0.33943432569503784,0.3949517011642456,0.7614801526069641
40,789,375,335,kl,82.38,-1.0,0.5596837997436523,0.46209633350372314,0.8478962182998657
40,789,376,336,kl,82.26,-0.11999999999999034,0.5449731945991516,0.4598682224750519,1.0802106857299805
40,789,377,337,kl,82.6,0.3399999999999892,0.32116952538490295,0.40790414810180664,1.041861891746521
40,789,378,338,kl,81.38,-1.2199999999999989,0.4111393988132477,0.43194782733917236,1.0158920288085938
40,789,379,339,kl,80.98,-0.3999999999999915,0.5669331550598145,0.5233838558197021,1.1733559370040894
40,789,380,340,kl,82.66,1.6799999999999926,0.4569522440433502,0.4387025833129883,0.819044291973114
40,789,381,341,kl,82.12,-0.539999999999992,0.6495782136917114,0.5229848027229309,1.0410898923873901
40,789,382,342,kl,82.52,0.3999999999999915,0.31610554456710815,0.3922150731086731,0.8665952682495117
40,789,383,343,kl,82.92,0.4000000000000057,0.5108628869056702,0.4918414056301117,0.999264657497406
40,789,384,344,kl,80.26,-2.6599999999999966,0.6856703162193298,0.5449702739715576,0.9845855832099915
40,789,385,345,kl,80.82,0.5599999999999881,0.35849425196647644,0.4176517128944397,0.9321936964988708
40,789,386,346,kl,81.12,0.30000000000001137,0.6108154058456421,0.49203988909721375,0.9415136575698853
40,789,387,347,kl,82.8,1.6799999999999926,0.46720385551452637,0.42626965045928955,0.9774941205978394
40,789,388,348,kl,82.84,0.04000000000000625,0.571101188659668,0.4623262584209442,0.9209445714950562
40,789,389,349,kl,81.86,-0.980000000000004,0.43999361991882324,0.43186792731285095,0.9728296399116516
40,789,390,350,kl,81.1,-0.7600000000000051,0.6138535737991333,0.5088407397270203,0.887126624584198
40,789,391,351,kl,80.06,-1.039999999999992,0.592055082321167,0.5477498769760132,1.2651108503341675
40,789,392,352,kl,82.94,2.8799999999999955,0.5918453931808472,0.5189352631568909,0.8095715045928955
40,789,393,353,kl,81.76,-1.1799999999999926,0.576162576675415,0.5167302489280701,1.0940114259719849
40,789,394,354,kl,81.58,-0.18000000000000682,0.5619416236877441,0.521579384803772,1.1841317415237427
40,789,395,355,kl,81.2,-0.37999999999999545,0.5152945518493652,0.4734135568141937,0.9150450825691223
40,789,396,356,kl,82.66,1.4599999999999937,0.49952244758605957,0.4717658758163452,1.1191953420639038
40,789,397,357,kl,82.46,-0.20000000000000284,0.6318248510360718,0.5155558586120605,0.9723538756370544
40,789,398,358,kl,82.36,-0.09999999999999432,0.4686073362827301,0.4648021459579468,0.9349219799041748
40,789,399,359,kl,82.02,-0.3400000000000034,0.5354933738708496,0.5112232565879822,1.102380633354187
40,789,400,360,kl,82.44,0.4200000000000017,0.4130494296550751,0.45052629709243774,0.8231220841407776
40,789,401,361,kl,82.2,-0.23999999999999488,0.6032683849334717,0.5489119291305542,1.0375920534133911
40,789,402,362,kl,81.64,-0.5600000000000023,0.5376253724098206,0.45378944277763367,1.0382318496704102
40,789,403,363,kl,81.84,0.20000000000000284,0.504076361656189,0.47005775570869446,0.9509243369102478
40,789,404,364,kl,81.78,-0.060000000000002274,0.5584396123886108,0.4762190580368042,1.0958527326583862
40,789,405,365,kl,80.96,-0.8200000000000074,0.5805214047431946,0.5058733224868774,1.1100579500198364
40,789,406,366,kl,82.02,1.0600000000000023,0.4154273569583893,0.46841248869895935,0.9726848006248474
40,789,407,367,kl,83.04,1.0200000000000102,0.5117096900939941,0.4615083336830139,0.7357935309410095
40,789,408,368,kl,81.98,-1.0600000000000023,0.5574898719787598,0.48060113191604614,0.9558554887771606
40,789,409,369,kl,81.02,-0.960000000000008,0.6162573099136353,0.4977203905582428,1.1470898389816284
40,789,410,370,ce,79.42,-1.5999999999999943,0.2866017818450928,0.3911265730857849,1.8108316659927368
40,789,411,371,kl,79.94,0.519999999999996,0.5931750535964966,0.5235399603843689,1.2288932800292969
40,789,412,372,kl,81.86,1.9200000000000017,0.5269342064857483,0.47210976481437683,0.894988477230072
40,789,413,373,kl,81.78,-0.0799999999999983,0.4530496597290039,0.46258240938186646,0.8040810823440552
40,789,414,374,kl,82.16,0.37999999999999545,0.44486004114151,0.45162433385849,0.846355140209198
40,789,415,375,kl,82.02,-0.14000000000000057,0.41512009501457214,0.4210873544216156,0.9813020825386047
40,789,416,376,kl,82.36,0.3400000000000034,0.48889976739883423,0.4416849613189697,0.8446080684661865
40,789,417,377,kl,81.78,-0.5799999999999983,0.6399559378623962,0.541278064250946,1.0529967546463013
40,789,418,378,kl,82.3,0.519999999999996,0.5303159952163696,0.46183180809020996,1.0601121187210083
40,789,419,379,kl,80.82,-1.480000000000004,0.4469637870788574,0.4527463912963867,1.2037018537521362
40,789,420,380,kl,82.4,1.5800000000000125,0.4892866611480713,0.452624648809433,0.9864851832389832
40,789,421,381,kl,82.18,-0.21999999999999886,0.5029327273368835,0.4450621008872986,0.8437222242355347
40,789,422,382,kl,81.86,-0.3200000000000074,0.6426575183868408,0.5310438275337219,1.2098116874694824
40,789,423,383,kl,82.54,0.6800000000000068,0.6037173271179199,0.477621465921402,0.8808622360229492
40,789,424,384,kl,82.34,-0.20000000000000284,0.6606278419494629,0.5257845520973206,1.1951580047607422
40,789,425,385,kl,81.38,-0.960000000000008,0.49084290862083435,0.4714176058769226,1.0856009721755981
40,789,426,386,kl,80.94,-0.4399999999999977,0.5942583084106445,0.5144736766815186,1.1789957284927368
40,789,427,387,kl,82.72,1.7800000000000011,0.3880283236503601,0.418602854013443,0.8350602984428406
40,789,428,388,kl,82.98,0.2600000000000051,0.43853217363357544,0.4766729474067688,0.9423325657844543
40,789,429,389,kl,82.8,-0.18000000000000682,0.3921639919281006,0.4193921387195587,0.7683383226394653
40,789,430,390,kl,82.54,-0.2599999999999909,0.5204663276672363,0.4768160879611969,1.1114431619644165
40,789,431,391,kl,81.52,-1.0200000000000102,0.320647656917572,0.4514639377593994,0.9293599724769592
40,789,432,392,kl,82.24,0.7199999999999989,0.5370471477508545,0.46531257033348083,0.9557987451553345
40,789,433,393,kl,81.44,-0.7999999999999972,0.5087445974349976,0.4726737439632416,0.8867170810699463
40,789,434,394,kl,82.36,0.9200000000000017,0.368598073720932,0.4505762457847595,0.9826903343200684
40,789,435,395,kl,81.86,-0.5,0.43195581436157227,0.47156262397766113,0.9471224546432495
40,789,436,396,kl,81.46,-0.4000000000000057,0.4868357181549072,0.4727674424648285,1.078290343284607
40,789,437,397,kl,81.94,0.480000000000004,0.5847785472869873,0.5032621026039124,0.980514645576477
40,789,438,398,kl,81.82,-0.12000000000000455,0.5682687759399414,0.5005980134010315,0.9540999531745911
40,789,439,399,kl,82.3,0.480000000000004,0.45673826336860657,0.4369198679924011,0.8457773327827454
40,789,440,400,kl,83.02,0.7199999999999989,0.3802535831928253,0.438240647315979,0.9389351606369019
40,789,441,401,kl,82.3,-0.7199999999999989,0.37181034684181213,0.45549049973487854,0.9222993850708008
40,789,442,402,kl,82.12,-0.1799999999999926,0.5663512945175171,0.48773086071014404,0.8495057225227356
40,789,443,403,kl,81.68,-0.4399999999999977,0.5658172965049744,0.5112035274505615,1.0115083456039429
40,789,444,404,kl,80.46,-1.220000000000013,0.6258493661880493,0.562263011932373,1.2236543893814087
40,789,445,405,kl,80.48,0.020000000000010232,0.487554132938385,0.4470938444137573,1.2981061935424805
40,789,446,406,kl,81.88,1.3999999999999915,0.5699756741523743,0.5056069493293762,0.9520925879478455
40,789,447,407,kl,82.18,0.30000000000001137,0.5409975051879883,0.4841417372226715,1.0316829681396484
40,789,448,408,kl,82.22,0.03999999999999204,0.5831480622291565,0.4859539568424225,0.8700270056724548
40,789,449,409,kl,80.34,-1.8799999999999955,0.5765747427940369,0.5148778557777405,1.049953579902649
40,789,450,410,kl,82.62,2.280000000000001,0.4035991430282593,0.45082756876945496,0.9592384099960327
40,789,451,411,ce,82.26,-0.35999999999999943,0.21181756258010864,0.3548952639102936,1.7187875509262085
40,789,452,412,kl,85.02,2.759999999999991,0.3229590952396393,0.40110957622528076,0.7573030591011047
40,789,453,413,kl,84.94,-0.0799999999999983,0.34893256425857544,0.4017631411552429,0.7243505120277405
40,789,454,414,kl,84.9,-0.03999999999999204,0.38959670066833496,0.42582008242607117,0.8445221185684204
40,789,455,415,kl,85.26,0.35999999999999943,0.36096876859664917,0.41419368982315063,0.7946360111236572
40,789,456,416,kl,85.06,-0.20000000000000284,0.3172708749771118,0.3982318043708801,0.8307559490203857
40,789,457,417,kl,85.18,0.12000000000000455,0.33397746086120605,0.41391730308532715,0.7537800073623657
40,789,458,418,kl,84.84,-0.3400000000000034,0.33084481954574585,0.4230195879936218,0.7518752217292786
40,789,459,419,kl,85.32,0.47999999999998977,0.3491191267967224,0.4373716413974762,0.8402897715568542
40,789,460,420,kl,85.38,0.060000000000002274,0.30788367986679077,0.4422421157360077,0.8305369019508362
40,789,461,421,kl,85.1,-0.28000000000000114,0.34563180804252625,0.44539469480514526,0.8673087954521179
40,789,462,422,kl,84.68,-0.4199999999999875,0.3121230900287628,0.4382285177707672,0.812316358089447
40,789,463,423,kl,85.26,0.5799999999999983,0.34728777408599854,0.45162615180015564,0.853976845741272
40,789,464,424,kl,85.1,-0.1600000000000108,0.3540930151939392,0.4595736265182495,0.8326601982116699
40,789,465,425,kl,84.82,-0.28000000000000114,0.32904332876205444,0.4557759165763855,0.8352113962173462
40,789,466,426,kl,85.14,0.3200000000000074,0.30718517303466797,0.45724719762802124,0.8226803541183472
40,789,467,427,kl,85.14,0.0,0.3480450510978699,0.4719729423522949,0.854096531867981
40,789,468,428,kl,84.9,-0.23999999999999488,0.2721300423145294,0.4588524401187897,0.9095110893249512
40,789,469,429,kl,85.18,0.28000000000000114,0.32324105501174927,0.4686482548713684,0.8763896226882935
40,789,470,430,kl,85.44,0.2599999999999909,0.38059747219085693,0.506321132183075,0.8621978163719177
40,789,471,431,kl,85.48,0.04000000000000625,0.363614022731781,0.48824062943458557,0.8838725090026855
40,789,472,432,kl,85.24,-0.2400000000000091,0.3703647255897522,0.49499520659446716,0.8568063378334045
40,789,473,433,kl,84.96,-0.28000000000000114,0.39904725551605225,0.5142335295677185,0.8900242447853088
40,789,474,434,kl,85.52,0.5600000000000023,0.33099228143692017,0.4861743450164795,0.8447901606559753
40,789,475,435,kl,85.52,0.0,0.33712780475616455,0.49836012721061707,0.9024608731269836
40,789,476,436,kl,85.3,-0.21999999999999886,0.36071181297302246,0.5115619897842407,0.924139142036438
40,789,477,437,kl,85.32,0.01999999999999602,0.3615778982639313,0.5216326713562012,0.9557718634605408
40,789,478,438,kl,84.72,-0.5999999999999943,0.3998681902885437,0.5406380891799927,0.9569162130355835
40,789,479,439,kl,85.1,0.37999999999999545,0.3598085343837738,0.527070939540863,0.9918150305747986
40,789,480,440,kl,85.08,-0.01999999999999602,0.32871899008750916,0.5246679782867432,0.9334474802017212
40,789,481,441,kl,85.04,-0.03999999999999204,0.42827099561691284,0.5672110915184021,1.032801628112793
40,789,482,442,kl,85.64,0.5999999999999943,0.38974153995513916,0.5530292391777039,0.9792670011520386
40,789,483,443,kl,85.22,-0.4200000000000017,0.36961138248443604,0.5473737716674805,0.973119854927063
40,789,484,444,kl,85.36,0.14000000000000057,0.4121137261390686,0.5699242949485779,0.9820994138717651
40,789,485,445,kl,84.98,-0.37999999999999545,0.35822388529777527,0.5538739562034607,1.028512716293335
40,789,486,446,kl,85.04,0.060000000000002274,0.3874185383319855,0.5633484721183777,0.9967452883720398
40,789,487,447,kl,84.92,-0.12000000000000455,0.3677380383014679,0.5701130628585815,0.9686558842658997
40,789,488,448,kl,85.24,0.3199999999999932,0.38165661692619324,0.5857633948326111,1.036618709564209
40,789,489,449,kl,84.88,-0.35999999999999943,0.42710018157958984,0.6069949269294739,1.10629141330719
40,789,490,450,kl,85.22,0.3400000000000034,0.3713377118110657,0.584027886390686,1.0658833980560303
40,789,491,451,kl,84.98,-0.23999999999999488,0.37561947107315063,0.5901536345481873,1.0284616947174072
40,789,492,452,ce,85.26,0.28000000000000114,0.29447585344314575,0.5006607174873352,1.5424269437789917
40,789,493,453,kl,85.6,0.3399999999999892,0.35347259044647217,0.5759744644165039,1.0164960622787476
40,789,494,454,kl,85.26,-0.3399999999999892,0.4372823238372803,0.621851921081543,1.1518975496292114
40,789,495,455,kl,85.2,-0.060000000000002274,0.4069819450378418,0.5963593125343323,1.094172477722168
40,789,496,456,kl,85.44,0.23999999999999488,0.3674278259277344,0.5929794907569885,1.098976731300354
40,789,497,457,kl,85.14,-0.29999999999999716,0.3099674582481384,0.5846822261810303,1.1159535646438599
40,789,498,458,kl,85.22,0.0799999999999983,0.4239045977592468,0.6259624361991882,1.1785069704055786
40,789,499,459,kl,85.22,0.0,0.38438504934310913,0.6126088500022888,1.1030945777893066
40,789,500,460,kl,85.3,0.0799999999999983,0.3817955255508423,0.6175655722618103,1.1223070621490479
40,789,501,461,kl,85.22,-0.0799999999999983,0.3110167980194092,0.5974839329719543,1.061002492904663
40,789,502,462,kl,85.06,-0.1599999999999966,0.41777366399765015,0.6412774920463562,1.1316651105880737
40,789,503,463,kl,85.28,0.21999999999999886,0.3875344395637512,0.6378772854804993,1.2773715257644653
40,789,504,464,kl,84.76,-0.519999999999996,0.39503544569015503,0.632266104221344,1.222509741783142
40,789,505,465,kl,84.9,0.14000000000000057,0.3159973919391632,0.6059841513633728,1.1494861841201782
40,789,506,466,kl,85.2,0.29999999999999716,0.3910403549671173,0.6399441361427307,1.2030935287475586
40,789,507,467,kl,84.98,-0.21999999999999886,0.436232328414917,0.683116614818573,1.139931559562683
40,789,508,468,kl,85.18,0.20000000000000284,0.4066463112831116,0.6698746085166931,1.1426763534545898
40,789,509,469,kl,84.78,-0.4000000000000057,0.35332173109054565,0.6570246815681458,1.1515711545944214
40,789,510,470,kl,85.18,0.4000000000000057,0.3855486512184143,0.6690770983695984,1.141552209854126
40,789,511,471,kl,84.9,-0.28000000000000114,0.4053000807762146,0.666437029838562,1.1909526586532593
40,789,512,472,kl,85.18,0.28000000000000114,0.5214958190917969,0.728243887424469,1.3253568410873413
40,789,513,473,kl,85.28,0.09999999999999432,0.35187336802482605,0.6669332385063171,1.2460697889328003
40,789,514,474,kl,85.16,-0.12000000000000455,0.358906626701355,0.6775537729263306,1.3067891597747803
40,789,515,475,kl,84.92,-0.23999999999999488,0.3855465054512024,0.6726769804954529,1.296832799911499
40,789,516,476,kl,84.9,-0.01999999999999602,0.4289790391921997,0.7082125544548035,1.2835642099380493
40,789,517,477,kl,85.16,0.2599999999999909,0.40766382217407227,0.7134623527526855,1.18770170211792
40,789,518,478,kl,84.94,-0.21999999999999886,0.3828364312648773,0.7017223834991455,1.3209562301635742
40,789,519,479,kl,84.96,0.01999999999999602,0.43993210792541504,0.7355663180351257,1.42620050907135
40,789,520,480,kl,84.96,0.0,0.36632901430130005,0.7145412564277649,1.244551181793213
40,789,521,481,kl,84.94,-0.01999999999999602,0.3401172161102295,0.7121452689170837,1.3121763467788696
40,789,522,482,kl,85.28,0.3400000000000034,0.48542875051498413,0.7863865494728088,1.407731533050537
40,789,523,483,kl,85.3,0.01999999999999602,0.4539502263069153,0.7610470652580261,1.4664853811264038
40,789,524,484,kl,85.0,-0.29999999999999716,0.42636844515800476,0.7429734468460083,1.31741464138031
40,789,525,485,kl,84.98,-0.01999999999999602,0.4684818387031555,0.768873393535614,1.4412493705749512
40,789,526,486,kl,85.06,0.0799999999999983,0.49570193886756897,0.8000606298446655,1.4821842908859253
40,789,527,487,kl,84.94,-0.12000000000000455,0.410561203956604,0.7624012231826782,1.3916043043136597
40,789,528,488,kl,85.06,0.12000000000000455,0.43273547291755676,0.7591151595115662,1.4383232593536377
40,789,529,489,kl,85.14,0.0799999999999983,0.3916400372982025,0.7645065188407898,1.294496774673462
40,789,530,490,kl,84.94,-0.20000000000000284,0.40320372581481934,0.7765704989433289,1.4466865062713623
40,789,531,491,kl,85.1,0.1599999999999966,0.43163156509399414,0.7737435102462769,1.3930367231369019
40,789,532,492,kl,85.38,0.28000000000000114,0.4066087603569031,0.7520674467086792,1.4195022583007812
40,789,533,493,ce,85.26,-0.11999999999999034,0.26519739627838135,0.6274980902671814,1.9167847633361816
40,789,534,494,kl,85.1,-0.1600000000000108,0.4113738536834717,0.764786958694458,1.461946964263916
40,789,535,495,kl,85.2,0.10000000000000853,0.4450792670249939,0.7912103533744812,1.3752849102020264
40,789,536,496,kl,85.1,-0.10000000000000853,0.38720136880874634,0.7604873776435852,1.324154019355774
40,789,537,497,kl,85.18,0.0800000000000125,0.48950210213661194,0.8066323399543762,1.5322903394699097
40,789,538,498,kl,85.34,0.1599999999999966,0.399747759103775,0.7753182649612427,1.5104185342788696
40,789,539,499,kl,85.06,-0.28000000000000114,0.44255945086479187,0.7837231159210205,1.48209547996521
40,789,540,500,kl,85.54,0.480000000000004,0.49349939823150635,0.8472129106521606,1.5145070552825928
40,789,541,501,kl,85.12,-0.4200000000000017,0.48153451085090637,0.8599615097045898,1.5930545330047607
40,789,542,502,kl,85.2,0.0799999999999983,0.45450347661972046,0.8369272947311401,1.6316415071487427
40,789,543,503,kl,84.88,-0.3200000000000074,0.3942006230354309,0.819299578666687,1.3956105709075928
40,789,544,504,kl,84.66,-0.21999999999999886,0.37048017978668213,0.7922754883766174,1.3472568988800049
40,789,545,505,kl,85.16,0.5,0.4730808734893799,0.8401854634284973,1.5197646617889404
40,789,546,506,kl,85.06,-0.09999999999999432,0.4311181902885437,0.8323746919631958,1.525161862373352
40,789,547,507,kl,84.68,-0.37999999999999545,0.478110671043396,0.8587049245834351,1.5820881128311157
40,789,548,508,kl,84.74,0.05999999999998806,0.3965872526168823,0.7970961332321167,1.3675854206085205
40,789,549,509,kl,84.96,0.21999999999999886,0.4455246329307556,0.8551858067512512,1.4217770099639893
40,789,550,510,kl,85.02,0.060000000000002274,0.38794904947280884,0.8199571371078491,1.3674179315567017
40,789,551,511,kl,85.28,0.2600000000000051,0.4672025144100189,0.8536805510520935,1.4101930856704712
40,789,552,512,kl,85.24,-0.04000000000000625,0.44089972972869873,0.8435478806495667,1.5182068347930908
40,789,553,513,kl,85.06,-0.1799999999999926,0.346988320350647,0.7971016764640808,1.365007758140564
40,789,554,514,kl,84.42,-0.6400000000000006,0.5248676538467407,0.9249529838562012,1.6119771003723145
40,789,555,515,kl,85.0,0.5799999999999983,0.44928717613220215,0.8791071772575378,1.4948807954788208
40,789,556,516,kl,85.08,0.0799999999999983,0.5533624887466431,0.946445107460022,1.6743624210357666
40,789,557,517,kl,84.88,-0.20000000000000284,0.4720049798488617,0.8767387270927429,1.6233758926391602
40,789,558,518,kl,84.7,-0.1799999999999926,0.43337738513946533,0.8716244101524353,1.560580849647522
40,789,559,519,kl,84.88,0.1799999999999926,0.46095457673072815,0.894199550151825,1.6842557191848755
40,789,560,520,kl,85.12,0.2400000000000091,0.5369083881378174,0.9497890472412109,1.7074030637741089
40,789,561,521,kl,84.76,-0.35999999999999943,0.37950146198272705,0.869690477848053,1.5097742080688477
40,789,562,522,kl,85.32,0.5599999999999881,0.4343787431716919,0.8749289512634277,1.5276145935058594
40,789,563,523,kl,84.88,-0.4399999999999977,0.3806837797164917,0.8390858173370361,1.3845629692077637
40,789,564,524,kl,84.84,-0.03999999999999204,0.43736663460731506,0.86806720495224,1.4890024662017822
40,789,565,525,kl,85.56,0.7199999999999989,0.5175268054008484,0.9424352049827576,1.5893510580062866
40,789,566,526,kl,84.6,-0.960000000000008,0.42540308833122253,0.8887527585029602,1.6723673343658447
40,789,567,527,kl,85.02,0.4200000000000017,0.40510597825050354,0.8642768859863281,1.547782063484192
40,789,568,528,kl,85.06,0.04000000000000625,0.35127758979797363,0.8475835919380188,1.607322096824646
40,789,569,529,kl,84.58,-0.480000000000004,0.4197525382041931,0.9025288820266724,1.518973469734192
40,789,570,530,kl,85.1,0.519999999999996,0.44781064987182617,0.9032086730003357,1.6910934448242188
40,789,571,531,kl,84.7,-0.3999999999999915,0.4178243577480316,0.88919597864151,1.7020727396011353
40,789,572,532,kl,84.68,-0.01999999999999602,0.48572397232055664,0.9538347721099854,1.720519781112671
40,789,573,533,kl,84.48,-0.20000000000000284,0.44104787707328796,0.9344122409820557,1.702380895614624
40,789,574,534,ce,84.38,-0.10000000000000853,0.38157516717910767,0.7534721493721008,2.46036434173584
40,789,575,535,kl,85.02,0.6400000000000006,0.46028921008110046,0.9050762057304382,1.6104426383972168
40,789,576,536,kl,85.4,0.38000000000000966,0.4787370264530182,0.9309716820716858,1.5813778638839722
40,789,577,537,kl,85.04,-0.35999999999999943,0.5051627159118652,0.9662852883338928,1.7759833335876465
40,789,578,538,kl,84.84,-0.20000000000000284,0.4122147560119629,0.896011471748352,1.43698251247406
40,789,579,539,kl,85.18,0.3400000000000034,0.4058067202568054,0.8638066053390503,1.5912965536117554
40,789,580,540,kl,84.86,-0.3200000000000074,0.44402459263801575,0.9150901436805725,1.6660186052322388
40,789,581,541,kl,84.84,-0.01999999999999602,0.4780925512313843,0.9094756841659546,1.5654668807983398
40,789,582,542,kl,84.58,-0.2600000000000051,0.43808892369270325,0.9477073550224304,1.6939401626586914
40,789,583,543,kl,84.48,-0.09999999999999432,0.5154804587364197,1.0118753910064697,2.0474679470062256
40,789,584,544,kl,84.34,-0.14000000000000057,0.5923105478286743,1.1084952354431152,2.414524555206299
40,789,585,545,kl,84.92,0.5799999999999983,0.4664883613586426,0.950052797794342,1.7239314317703247
40,789,586,546,kl,84.42,-0.5,0.5568573474884033,1.0246137380599976,1.912288784980774
40,789,587,547,kl,84.86,0.4399999999999977,0.36872151494026184,0.8816612362861633,1.5598931312561035
40,789,588,548,kl,84.88,0.01999999999999602,0.4569409489631653,0.9478530883789062,1.839590072631836
40,789,589,549,kl,84.8,-0.0799999999999983,0.43745195865631104,0.9364646077156067,1.744653344154358
40,789,590,550,kl,84.32,-0.480000000000004,0.5183218717575073,1.029624104499817,1.9828916788101196
40,789,591,551,kl,84.5,0.18000000000000682,0.4154541492462158,0.9447304606437683,1.9003264904022217
40,789,592,552,kl,84.88,0.37999999999999545,0.39261388778686523,0.9208576083183289,1.577282190322876
40,789,593,553,kl,84.86,-0.01999999999999602,0.4263349175453186,0.9327948093414307,1.6220159530639648
40,789,594,554,kl,84.62,-0.23999999999999488,0.5405282378196716,1.0306645631790161,2.1635406017303467
40,789,595,555,kl,84.68,0.060000000000002274,0.40034377574920654,0.9369226694107056,1.6900155544281006
40,789,596,556,kl,84.48,-0.20000000000000284,0.3546176552772522,0.9326909780502319,1.550163745880127
40,789,597,557,kl,84.64,0.1599999999999966,0.34060126543045044,0.885215163230896,1.710221290588379
40,789,598,558,kl,84.66,0.01999999999999602,0.5085369348526001,1.012673020362854,1.8312867879867554
40,789,599,559,kl,83.74,-0.9200000000000017,0.4395589232444763,0.9388569593429565,1.6801424026489258
40,789,600,560,kl,84.38,0.6400000000000006,0.43249863386154175,0.95267653465271,1.7595763206481934
40,789,601,561,kl,84.44,0.060000000000002274,0.47830456495285034,1.0199843645095825,1.7110741138458252
40,789,602,562,kl,84.58,0.14000000000000057,0.4800598919391632,1.0064516067504883,1.8227404356002808
40,789,603,563,kl,84.92,0.3400000000000034,0.47382116317749023,0.9848537445068359,1.8379327058792114
40,789,604,564,kl,84.18,-0.7399999999999949,0.4225034713745117,0.967980682849884,1.8281670808792114
40,789,605,565,kl,85.16,0.9799999999999898,0.47978833317756653,0.9671475887298584,1.7736830711364746
40,789,606,566,kl,84.7,-0.45999999999999375,0.4604930281639099,0.9838430881500244,1.5795645713806152
40,789,607,567,kl,83.98,-0.7199999999999989,0.43864402174949646,0.9781091809272766,1.6488358974456787
40,789,608,568,kl,84.78,0.7999999999999972,0.47246870398521423,1.0052423477172852,1.9494441747665405
40,789,609,569,kl,85.38,0.5999999999999943,0.40078675746917725,0.9452987909317017,1.6908233165740967
40,789,610,570,kl,84.3,-1.0799999999999983,0.36681243777275085,0.9461032152175903,1.6920433044433594
40,789,611,571,kl,85.28,0.980000000000004,0.4990159273147583,1.0122579336166382,1.9048463106155396
40,789,612,572,kl,84.96,-0.3200000000000074,0.4866689443588257,1.0087933540344238,1.852933645248413
40,789,613,573,kl,84.5,-0.45999999999999375,0.5010260343551636,1.0311166048049927,1.6373498439788818
40,789,614,574,kl,84.4,-0.09999999999999432,0.5002592206001282,1.0144543647766113,1.9076290130615234
40,789,615,575,ce,84.28,-0.12000000000000455,0.3220260739326477,0.7478718161582947,2.7207834720611572
40,789,616,576,kl,84.62,0.3400000000000034,0.3475390076637268,0.916007936000824,1.570205569267273
40,789,617,577,kl,85.04,0.4200000000000017,0.5165532827377319,1.007544755935669,1.903752326965332
40,789,618,578,kl,84.64,-0.4000000000000057,0.4416138231754303,0.9564037322998047,1.6469265222549438
40,789,619,579,kl,84.98,0.3400000000000034,0.3750782012939453,0.9123412370681763,1.714185118675232
40,789,620,580,kl,84.88,-0.10000000000000853,0.4856882393360138,1.0119400024414062,1.828520655632019
40,789,621,581,kl,84.74,-0.14000000000000057,0.42541074752807617,0.9453057050704956,1.833785891532898
40,789,622,582,kl,84.78,0.04000000000000625,0.4636773467063904,0.9589912295341492,1.6668881177902222
40,789,623,583,kl,84.76,-0.01999999999999602,0.5476233959197998,1.0623174905776978,1.933085560798645
40,789,624,584,kl,84.86,0.09999999999999432,0.41462481021881104,0.9708520770072937,1.785293459892273
40,789,625,585,kl,84.64,-0.21999999999999886,0.478588342666626,1.0743238925933838,1.8090474605560303
40,789,626,586,kl,85.08,0.4399999999999977,0.4270126223564148,0.9798023700714111,1.8107088804244995
40,789,627,587,kl,84.48,-0.5999999999999943,0.4377360939979553,1.0023298263549805,1.7116116285324097
40,789,628,588,kl,85.24,0.7599999999999909,0.33945897221565247,0.9568303227424622,1.6879762411117554
40,789,629,589,kl,84.92,-0.3199999999999932,0.4496549963951111,0.9811720848083496,1.756498098373413
40,789,630,590,kl,85.12,0.20000000000000284,0.434631884098053,0.9928970336914062,1.802474856376648
40,789,631,591,kl,84.42,-0.7000000000000028,0.537743091583252,1.0841503143310547,1.917521595954895
40,789,632,592,kl,84.6,0.1799999999999926,0.36024579405784607,0.9836004972457886,1.835997223854065
40,789,633,593,kl,84.66,0.060000000000002274,0.4783512055873871,1.0326460599899292,2.019073963165283
40,789,634,594,kl,85.12,0.46000000000000796,0.4012607932090759,0.980682909488678,1.6621310710906982
40,789,635,595,kl,84.7,-0.4200000000000017,0.37350547313690186,0.9541279077529907,1.6259387731552124
40,789,636,596,kl,84.86,0.1599999999999966,0.47326236963272095,1.043026089668274,2.0315778255462646
40,789,637,597,kl,84.5,-0.35999999999999943,0.47213655710220337,1.0265586376190186,1.9902842044830322
40,789,638,598,kl,84.86,0.35999999999999943,0.4763457775115967,1.0282644033432007,1.8617092370986938
40,789,639,599,kl,84.78,-0.0799999999999983,0.40025508403778076,0.9533302783966064,1.8217097520828247
40,789,640,600,kl,84.76,-0.01999999999999602,0.4466792941093445,0.9985120296478271,1.790551781654358
40,789,641,601,kl,84.76,0.0,0.482914000749588,1.0662249326705933,1.663922667503357
40,789,642,602,kl,84.1,-0.6600000000000108,0.5200371146202087,1.0652084350585938,1.8407690525054932
40,789,643,603,kl,84.62,0.5200000000000102,0.5431380271911621,1.1009247303009033,2.0273594856262207
40,789,644,604,kl,84.44,-0.18000000000000682,0.41598817706108093,0.991122841835022,1.6957049369812012
40,789,645,605,kl,84.52,0.0799999999999983,0.5044220089912415,1.0515671968460083,1.8547074794769287
40,789,646,606,kl,84.92,0.4000000000000057,0.4576398730278015,1.0252234935760498,1.8821232318878174
40,789,647,607,kl,84.48,-0.4399999999999977,0.463667094707489,1.0431066751480103,1.7116540670394897
40,789,648,608,kl,84.52,0.03999999999999204,0.39746761322021484,0.9977355003356934,1.761617660522461
40,789,649,609,kl,84.58,0.060000000000002274,0.39654314517974854,0.9920269250869751,1.8567955493927002
40,789,650,610,kl,84.54,-0.03999999999999204,0.3553437292575836,0.9767088294029236,1.8261138200759888
40,789,651,611,kl,84.68,0.14000000000000057,0.4687425494194031,1.0461264848709106,1.8682931661605835
40,789,652,612,kl,84.68,0.0,0.4400443434715271,1.0079842805862427,1.7764149904251099
40,789,653,613,kl,84.7,0.01999999999999602,0.5407298803329468,1.1014679670333862,2.0243654251098633
40,789,654,614,kl,84.68,-0.01999999999999602,0.5159244537353516,1.0882174968719482,2.0341310501098633
40,789,655,615,kl,84.78,0.09999999999999432,0.44372251629829407,1.011978268623352,1.7553508281707764
40,789,656,616,ce,83.74,-1.0400000000000063,0.3764476478099823,0.8318824172019958,2.6470444202423096
40,789,657,617,kl,85.74,2.0,0.32996147871017456,0.8985400795936584,1.5655696392059326
40,789,658,618,kl,85.5,-0.23999999999999488,0.33307063579559326,0.9019954204559326,1.6454440355300903
40,789,659,619,kl,85.74,0.23999999999999488,0.37684744596481323,0.9174935221672058,1.6958041191101074
40,789,660,620,kl,85.46,-0.28000000000000114,0.35079023241996765,0.9183042645454407,1.7119505405426025
40,789,661,621,kl,85.34,-0.11999999999999034,0.37700334191322327,0.9221993088722229,1.7562041282653809
40,789,662,622,kl,85.32,-0.020000000000010232,0.3576330542564392,0.9231618046760559,1.6263012886047363
40,789,663,623,kl,85.36,0.04000000000000625,0.3999459743499756,0.9617437124252319,1.7915103435516357
40,789,664,624,kl,85.14,-0.21999999999999886,0.4031411111354828,0.9627475738525391,1.7426245212554932
40,789,665,625,kl,85.24,0.09999999999999432,0.4121040105819702,0.9687877297401428,1.7462772130966187
40,789,666,626,kl,85.12,-0.11999999999999034,0.3810761570930481,0.9540027976036072,1.707579493522644
40,789,667,627,kl,85.2,0.0799999999999983,0.3902800679206848,0.9545082449913025,1.6963529586791992
40,789,668,628,kl,85.02,-0.18000000000000682,0.43945586681365967,1.0042539834976196,1.8071825504302979
40,789,669,629,kl,85.06,0.04000000000000625,0.43284180760383606,1.0109530687332153,1.761125922203064
40,789,670,630,kl,85.48,0.4200000000000017,0.433695524930954,1.0047788619995117,1.8045631647109985
40,789,671,631,kl,85.1,-0.38000000000000966,0.40607142448425293,0.9891625046730042,1.7862579822540283
40,789,672,632,kl,85.1,0.0,0.4245797395706177,1.0117521286010742,1.7822239398956299
40,789,673,633,kl,85.1,0.0,0.3655121624469757,0.9691677093505859,1.7478517293930054
40,789,674,634,kl,85.1,0.0,0.3923236131668091,0.976032555103302,1.7931418418884277
40,789,675,635,kl,85.34,0.2400000000000091,0.408738374710083,1.0014880895614624,1.8429536819458008
40,789,676,636,kl,84.92,-0.4200000000000017,0.4218476414680481,1.0023632049560547,1.8553435802459717
40,789,677,637,kl,84.96,0.03999999999999204,0.4458466172218323,1.0334492921829224,1.8739627599716187
40,789,678,638,kl,84.82,-0.14000000000000057,0.43696150183677673,1.0193767547607422,1.8880125284194946
40,789,679,639,kl,84.86,0.04000000000000625,0.4177822768688202,1.017554759979248,1.8445205688476562
40,789,680,640,kl,84.92,0.060000000000002274,0.4134485721588135,1.0237431526184082,1.832012414932251
40,789,681,641,kl,84.96,0.03999999999999204,0.4525999426841736,1.0602980852127075,1.9295817613601685
40,789,682,642,kl,84.86,-0.09999999999999432,0.4363001883029938,1.0458171367645264,1.9397354125976562
40,789,683,643,kl,85.14,0.28000000000000114,0.4153919219970703,1.0374982357025146,1.8758363723754883
40,789,684,644,kl,84.96,-0.18000000000000682,0.4133128821849823,1.0390843152999878,1.951748013496399
40,789,685,645,kl,84.84,-0.11999999999999034,0.42500266432762146,1.0438331365585327,1.910481333732605
40,789,686,646,kl,84.78,-0.060000000000002274,0.39941108226776123,1.023796796798706,1.947113037109375
40,789,687,647,kl,84.9,0.12000000000000455,0.4437786936759949,1.060214638710022,1.9321602582931519
40,789,688,648,kl,84.88,-0.020000000000010232,0.4235449731349945,1.0501335859298706,1.9387794733047485
40,789,689,649,kl,85.2,0.3200000000000074,0.4485090970993042,1.0572470426559448,1.962841272354126
40,789,690,650,kl,84.86,-0.3400000000000034,0.4429922103881836,1.0593513250350952,1.9587899446487427
40,789,691,651,kl,85.22,0.35999999999999943,0.40763500332832336,1.0416609048843384,1.9114811420440674
40,789,692,652,kl,84.98,-0.23999999999999488,0.43262240290641785,1.0648988485336304,1.9792917966842651
40,789,693,653,kl,85.04,0.060000000000002274,0.39037004113197327,1.0379750728607178,1.876028299331665
40,789,694,654,kl,84.94,-0.10000000000000853,0.4558885097503662,1.0903632640838623,2.1039116382598877
40,789,695,655,kl,84.92,-0.01999999999999602,0.40927964448928833,1.0505985021591187,1.9571279287338257
40,789,696,656,kl,85.02,0.09999999999999432,0.4784466624259949,1.0954431295394897,2.102339029312134
40,789,697,657,ce,85.22,0.20000000000000284,0.3798961043357849,1.0089222192764282,2.7366509437561035
40,789,698,658,kl,84.92,-0.29999999999999716,0.3782070279121399,1.0166984796524048,1.9693490266799927
40,789,699,659,kl,84.78,-0.14000000000000057,0.42580604553222656,1.0574209690093994,2.043056011199951
40,789,700,660,kl,84.76,-0.01999999999999602,0.4631093442440033,1.096564531326294,2.06703519821167
40,789,701,661,kl,84.88,0.11999999999999034,0.4369065761566162,1.0769542455673218,2.0256400108337402
40,789,702,662,kl,84.86,-0.01999999999999602,0.4674060344696045,1.0998210906982422,2.128246784210205
40,789,703,663,kl,85.08,0.21999999999999886,0.4453677833080292,1.0842145681381226,2.061729669570923
40,789,704,664,kl,85.06,-0.01999999999999602,0.4329168200492859,1.0797746181488037,2.0421581268310547
40,789,705,665,kl,85.0,-0.060000000000002274,0.4438747763633728,1.0881998538970947,2.097960948944092
40,789,706,666,kl,85.1,0.09999999999999432,0.451351523399353,1.0950335264205933,2.0483028888702393
40,789,707,667,kl,84.98,-0.11999999999999034,0.43956470489501953,1.0871875286102295,2.038123607635498
40,789,708,668,kl,84.86,-0.12000000000000455,0.43609946966171265,1.0895767211914062,2.07906174659729
40,789,709,669,kl,84.96,0.09999999999999432,0.44535577297210693,1.1078883409500122,2.1107912063598633
40,789,710,670,kl,85.0,0.04000000000000625,0.47794613242149353,1.129905104637146,2.1746392250061035
40,789,711,671,kl,84.66,-0.3400000000000034,0.42706766724586487,1.094038963317871,2.0463192462921143
40,789,712,672,kl,84.94,0.28000000000000114,0.4319564700126648,1.087748646736145,1.9769243001937866
40,789,713,673,kl,85.0,0.060000000000002274,0.4495801329612732,1.1146708726882935,2.111872434616089
40,789,714,674,kl,85.02,0.01999999999999602,0.480571985244751,1.1352792978286743,2.143224000930786
40,789,715,675,kl,84.68,-0.3399999999999892,0.46054354310035706,1.1272944211959839,2.141796588897705
40,789,716,676,kl,84.98,0.29999999999999716,0.442313015460968,1.1182130575180054,2.087963581085205
40,789,717,677,kl,84.86,-0.12000000000000455,0.44408977031707764,1.1172517538070679,2.2399959564208984
40,789,718,678,kl,84.8,-0.060000000000002274,0.4836450219154358,1.150862216949463,2.160245418548584
40,789,719,679,kl,84.86,0.060000000000002274,0.4843207895755768,1.1503232717514038,2.1730175018310547
40,789,720,680,kl,84.84,-0.01999999999999602,0.45136746764183044,1.134889841079712,2.1530392169952393
40,789,721,681,kl,84.74,-0.10000000000000853,0.429588258266449,1.1213494539260864,2.1045005321502686
40,789,722,682,kl,84.78,0.04000000000000625,0.4607996940612793,1.1327496767044067,2.1632649898529053
40,789,723,683,kl,84.86,0.0799999999999983,0.46347591280937195,1.1508406400680542,2.1664817333221436
40,789,724,684,kl,85.04,0.18000000000000682,0.45384302735328674,1.1447166204452515,2.2004926204681396
40,789,725,685,kl,84.96,-0.0800000000000125,0.48681995272636414,1.172069787979126,2.280898094177246
40,789,726,686,kl,84.74,-0.21999999999999886,0.4649895131587982,1.1595430374145508,2.1633381843566895
40,789,727,687,kl,85.08,0.3400000000000034,0.4818291962146759,1.176964521408081,2.249051332473755
40,789,728,688,kl,85.06,-0.01999999999999602,0.4494178295135498,1.1622436046600342,2.2154831886291504
40,789,729,689,kl,84.96,-0.10000000000000853,0.45891764760017395,1.1705403327941895,2.2602927684783936
40,789,730,690,kl,84.88,-0.0799999999999983,0.4869253635406494,1.1827023029327393,2.2569735050201416
40,789,731,691,kl,84.72,-0.1599999999999966,0.47228872776031494,1.186843752861023,2.286386489868164
40,789,732,692,kl,84.88,0.1599999999999966,0.4708316922187805,1.1790302991867065,2.23850679397583
40,789,733,693,kl,84.88,0.0,0.44510960578918457,1.1550825834274292,2.2093451023101807
40,789,734,694,kl,84.8,-0.0799999999999983,0.43694204092025757,1.1591169834136963,2.184619665145874
40,789,735,695,kl,84.82,0.01999999999999602,0.48095816373825073,1.18960440158844,2.293506622314453
40,789,736,696,kl,84.64,-0.1799999999999926,0.46167004108428955,1.1812657117843628,2.302063465118408
40,789,737,697,kl,84.64,0.0,0.45456016063690186,1.1649799346923828,2.2640976905822754
40,789,738,698,ce,85.08,0.4399999999999977,0.3138560652732849,1.0616263151168823,2.9092328548431396
40,789,739,699,kl,85.04,-0.03999999999999204,0.4303688704967499,1.1505537033081055,2.243539333343506
40,789,740,700,kl,85.0,-0.04000000000000625,0.4703094959259033,1.188747763633728,2.356071949005127
40,789,741,701,kl,85.02,0.01999999999999602,0.4476746618747711,1.1764518022537231,2.2914416790008545
40,789,742,702,kl,85.08,0.060000000000002274,0.4515670835971832,1.1803542375564575,2.321370840072632
40,789,743,703,kl,84.8,-0.28000000000000114,0.459389865398407,1.1815763711929321,2.3370609283447266
40,789,744,704,kl,85.06,0.2600000000000051,0.4650917649269104,1.1927189826965332,2.3342466354370117
40,789,745,705,kl,84.88,-0.18000000000000682,0.4896276891231537,1.2111384868621826,2.3746187686920166
40,789,746,706,kl,84.96,0.0799999999999983,0.45180439949035645,1.1671022176742554,2.2220053672790527
40,789,747,707,kl,85.14,0.18000000000000682,0.467207670211792,1.1885998249053955,2.3644046783447266
40,789,748,708,kl,84.8,-0.3400000000000034,0.4929250180721283,1.2341185808181763,2.392029047012329
40,789,749,709,kl,85.06,0.2600000000000051,0.4745364189147949,1.2150436639785767,2.373727560043335
40,789,750,710,kl,84.86,-0.20000000000000284,0.4824867248535156,1.209631323814392,2.3863515853881836
40,789,751,711,kl,84.94,0.0799999999999983,0.4937014877796173,1.2115484476089478,2.3110787868499756
40,789,752,712,kl,84.88,-0.060000000000002274,0.48631447553634644,1.2233083248138428,2.3482167720794678
40,789,753,713,kl,84.98,0.10000000000000853,0.4747883081436157,1.20172119140625,2.304450511932373
40,789,754,714,kl,84.9,-0.0799999999999983,0.4721919596195221,1.213356852531433,2.3205366134643555
40,789,755,715,kl,85.08,0.1799999999999926,0.47864097356796265,1.227417230606079,2.4143755435943604
40,789,756,716,kl,84.8,-0.28000000000000114,0.4574183225631714,1.1946929693222046,2.3934128284454346
40,789,757,717,kl,84.84,0.04000000000000625,0.4550491273403168,1.2145657539367676,2.396143674850464
40,789,758,718,kl,84.98,0.14000000000000057,0.4822869598865509,1.2251791954040527,2.4645817279815674
40,789,759,719,kl,84.94,-0.04000000000000625,0.487057089805603,1.2293481826782227,2.414961338043213
40,789,760,720,kl,84.84,-0.09999999999999432,0.48296695947647095,1.2303951978683472,2.429643392562866
40,789,761,721,kl,84.82,-0.020000000000010232,0.49078139662742615,1.2337796688079834,2.3978991508483887
40,789,762,722,kl,84.84,0.020000000000010232,0.47533535957336426,1.229386806488037,2.4049901962280273
40,789,763,723,kl,85.04,0.20000000000000284,0.4812548756599426,1.24202561378479,2.4258298873901367
40,789,764,724,kl,84.74,-0.30000000000001137,0.44710391759872437,1.1928648948669434,2.3233962059020996
40,789,765,725,kl,84.9,0.1600000000000108,0.46247589588165283,1.2333649396896362,2.4116997718811035
40,789,766,726,kl,85.0,0.09999999999999432,0.4717482626438141,1.233034372329712,2.3981704711914062
40,789,767,727,kl,84.8,-0.20000000000000284,0.45285603404045105,1.2256498336791992,2.429908275604248
40,789,768,728,kl,85.1,0.29999999999999716,0.4746817648410797,1.2336297035217285,2.383261203765869
40,789,769,729,kl,84.92,-0.1799999999999926,0.4581963121891022,1.2251900434494019,2.4047842025756836
40,789,770,730,kl,84.74,-0.18000000000000682,0.43034762144088745,1.19376802444458,2.355915069580078
40,789,771,731,kl,84.9,0.1600000000000108,0.48728370666503906,1.2585991621017456,2.4781970977783203
40,789,772,732,kl,84.64,-0.2600000000000051,0.476493775844574,1.2515509128570557,2.4835543632507324
40,789,773,733,kl,84.94,0.29999999999999716,0.4952591061592102,1.2552865743637085,2.4946234226226807
40,789,774,734,kl,84.7,-0.23999999999999488,0.48328468203544617,1.2546108961105347,2.479806900024414
40,789,775,735,kl,85.04,0.3400000000000034,0.49491822719573975,1.256907343864441,2.5141713619232178
40,789,776,736,kl,85.18,0.14000000000000057,0.46817147731781006,1.237765908241272,2.4582300186157227
40,789,777,737,kl,84.9,-0.28000000000000114,0.49370765686035156,1.2714803218841553,2.5095596313476562
40,789,778,738,kl,84.96,0.05999999999998806,0.49456915259361267,1.258579134941101,2.4375507831573486
40,789,779,739,ce,85.12,0.1600000000000108,0.36203721165657043,1.1651577949523926,3.2634828090667725
40,789,780,740,kl,84.92,-0.20000000000000284,0.44749748706817627,1.2114230394363403,2.32883882522583
40,789,781,741,kl,85.04,0.12000000000000455,0.4804139733314514,1.2542332410812378,2.5517611503601074
40,789,782,742,kl,84.96,-0.0800000000000125,0.46171990036964417,1.241708517074585,2.5059292316436768
40,789,783,743,kl,85.08,0.12000000000000455,0.4538203775882721,1.2352126836776733,2.4979286193847656
40,789,784,744,kl,85.04,-0.03999999999999204,0.4712427258491516,1.2687909603118896,2.538409471511841
40,789,785,745,kl,85.1,0.05999999999998806,0.4721738398075104,1.2734668254852295,2.6157283782958984
40,789,786,746,kl,85.02,-0.0799999999999983,0.48047104477882385,1.2709927558898926,2.4757649898529053
40,789,787,747,kl,84.92,-0.09999999999999432,0.4669872522354126,1.2464666366577148,2.4166038036346436
40,789,788,748,kl,84.94,0.01999999999999602,0.4465864300727844,1.234656572341919,2.4962620735168457
40,789,789,749,kl,84.92,-0.01999999999999602,0.44279810786247253,1.2274904251098633,2.397568464279175
40,789,790,750,kl,84.74,-0.18000000000000682,0.5233277082443237,1.3201870918273926,2.6329078674316406
40,789,791,751,kl,85.22,0.480000000000004,0.506526529788971,1.312276840209961,2.662928819656372
40,789,792,752,kl,85.16,-0.060000000000002274,0.48292478919029236,1.2962758541107178,2.62988018989563
40,789,793,753,kl,84.84,-0.3199999999999932,0.4191339612007141,1.2332875728607178,2.422478675842285
40,789,794,754,kl,84.9,0.060000000000002274,0.49329450726509094,1.2973428964614868,2.601083517074585
40,789,795,755,kl,84.74,-0.1600000000000108,0.48436713218688965,1.2840684652328491,2.6070897579193115
40,789,796,756,kl,84.74,0.0,0.4647344946861267,1.2721805572509766,2.6137685775756836
40,789,797,757,kl,84.8,0.060000000000002274,0.4377420246601105,1.256754994392395,2.502108097076416
40,789,798,758,kl,84.82,0.01999999999999602,0.4788343012332916,1.2941195964813232,2.5869524478912354
40,789,799,759,kl,84.74,-0.0799999999999983,0.46951285004615784,1.2848185300827026,2.6589996814727783
40,789,800,760,kl,84.74,0.0,0.47062116861343384,1.2844129800796509,2.5616016387939453
40,789,801,761,kl,85.04,0.30000000000001137,0.453411340713501,1.2736393213272095,2.5254342555999756
40,789,802,762,kl,84.82,-0.22000000000001307,0.49867138266563416,1.329162359237671,2.7211899757385254
40,789,803,763,kl,84.6,-0.21999999999999886,0.4809218645095825,1.3103312253952026,2.657639503479004
40,789,804,764,kl,84.76,0.1600000000000108,0.4916233420372009,1.3193951845169067,2.5422868728637695
40,789,805,765,kl,84.98,0.21999999999999886,0.49248629808425903,1.3225425481796265,2.666179895401001
40,789,806,766,kl,84.84,-0.14000000000000057,0.4372110962867737,1.269180178642273,2.515059232711792
40,789,807,767,kl,85.0,0.1599999999999966,0.4241587519645691,1.281692385673523,2.565093517303467
40,789,808,768,kl,84.94,-0.060000000000002274,0.4905492961406708,1.3441671133041382,2.6117067337036133
40,789,809,769,kl,84.72,-0.21999999999999886,0.4608114957809448,1.3121161460876465,2.5762691497802734
40,789,810,770,kl,84.84,0.12000000000000455,0.48357540369033813,1.3039724826812744,2.5721514225006104
40,789,811,771,kl,84.8,-0.04000000000000625,0.45999228954315186,1.2920430898666382,2.558579921722412
40,789,812,772,kl,84.84,0.04000000000000625,0.44638916850090027,1.2998132705688477,2.552112340927124
40,789,813,773,kl,84.76,-0.0799999999999983,0.4867938756942749,1.340908408164978,2.7268669605255127
40,789,814,774,kl,84.72,-0.04000000000000625,0.47903579473495483,1.320451021194458,2.6216530799865723
40,789,815,775,kl,84.82,0.09999999999999432,0.5169588923454285,1.3675509691238403,2.799656867980957
40,789,816,776,kl,84.86,0.04000000000000625,0.48364415764808655,1.3352577686309814,2.5452349185943604
40,789,817,777,kl,84.92,0.060000000000002274,0.4866718053817749,1.3509513139724731,2.7332308292388916
40,789,818,778,kl,85.04,0.12000000000000455,0.5008391737937927,1.3604613542556763,2.6692118644714355
40,789,819,779,kl,84.8,-0.2400000000000091,0.5064560770988464,1.3739114999771118,2.7636029720306396
40,789,820,780,ce,85.12,0.3200000000000074,0.4258529543876648,1.2799962759017944,3.6411941051483154
