group,seed,round_index,relative_round,phase,val_acc,delta_acc,cos_ce_kl,g_ce_norm,g_kl_norm
20,123,1,-19,kl,30.44,20.94,0.2853794991970062,0.5632303953170776,1.082793116569519
20,123,2,-18,kl,41.48,11.039999999999996,0.5365458130836487,0.6883959770202637,1.3657740354537964
20,123,3,-17,kl,53.38,11.900000000000006,0.4385550320148468,0.6551014184951782,1.3831180334091187
20,123,4,-16,kl,58.16,4.779999999999994,0.5667855143547058,0.6004102230072021,1.3063868284225464
20,123,5,-15,kl,63.34,5.180000000000007,0.3777540326118469,0.5024493932723999,1.2334623336791992
20,123,6,-14,kl,67.28,3.9399999999999977,0.5605376958847046,0.5169528126716614,1.116544485092163
20,123,7,-13,kl,68.9,1.6200000000000045,0.7275588512420654,0.5705661773681641,1.275957465171814
20,123,8,-12,kl,70.68,1.7800000000000011,0.5776810050010681,0.5245885252952576,1.1385056972503662
20,123,9,-11,kl,71.2,0.519999999999996,0.6439302563667297,0.5209982991218567,1.1903290748596191
20,123,10,-10,kl,72.02,0.8199999999999932,0.49199002981185913,0.501044750213623,0.9451547861099243
20,123,11,-9,kl,73.74,1.7199999999999989,0.5649978518486023,0.5303810834884644,1.1705328226089478
20,123,12,-8,kl,75.7,1.960000000000008,0.2816030979156494,0.43136486411094666,1.0021775960922241
20,123,13,-7,kl,76.4,0.7000000000000028,0.5786566734313965,0.4683995246887207,0.8041548132896423
20,123,14,-6,kl,76.44,0.03999999999999204,0.6769999265670776,0.49995505809783936,1.036407709121704
20,123,15,-5,kl,78.08,1.6400000000000006,0.5820820331573486,0.4716890752315521,0.8791968822479248
20,123,16,-4,kl,76.58,-1.5,0.43850183486938477,0.45564284920692444,0.9501215815544128
20,123,17,-3,kl,74.68,-1.8999999999999915,0.5561013221740723,0.5111647844314575,1.0775115489959717
20,123,18,-2,kl,77.22,2.539999999999992,0.5571420192718506,0.4727632999420166,0.970312774181366
20,123,19,-1,kl,78.74,1.519999999999996,0.5905290842056274,0.49814265966415405,1.0673913955688477
20,123,20,0,kl,78.08,-0.6599999999999966,0.561354398727417,0.5116739869117737,0.9770574569702148
20,123,21,1,ce,79.88,1.7999999999999972,0.03275776654481888,0.26521947979927063,1.9270386695861816
20,123,22,2,kl,79.0,-0.8799999999999955,0.32651618123054504,0.4455099105834961,0.8947314023971558
20,123,23,3,kl,78.24,-0.7600000000000051,0.6005169153213501,0.5074595212936401,1.0713355541229248
20,123,24,4,kl,77.46,-0.7800000000000011,0.6728373765945435,0.538764476776123,0.9324361681938171
20,123,25,5,kl,78.86,1.4000000000000057,0.4437190890312195,0.4744715690612793,0.9569107890129089
20,123,26,6,kl,79.46,0.5999999999999943,0.46591314673423767,0.4392918050289154,0.8498564958572388
20,123,27,7,kl,79.5,0.04000000000000625,0.5877282023429871,0.4831039309501648,0.9484413862228394
20,123,28,8,kl,77.84,-1.6599999999999966,0.5029048323631287,0.4909069538116455,0.945127010345459
20,123,29,9,kl,77.32,-0.5200000000000102,0.5279446840286255,0.48214149475097656,0.7961458563804626
20,123,30,10,kl,79.28,1.960000000000008,0.5738675594329834,0.5008023977279663,0.8471424579620361
20,123,31,11,kl,78.62,-0.6599999999999966,0.6115971803665161,0.5725129246711731,1.1332837343215942
20,123,32,12,kl,79.52,0.8999999999999915,0.2759367823600769,0.4424230754375458,0.9025626182556152
20,123,33,13,kl,79.72,0.20000000000000284,0.5331356525421143,0.5182105898857117,0.98353511095047
20,123,34,14,kl,79.0,-0.7199999999999989,0.6090917587280273,0.5183029770851135,1.077986717224121
20,123,35,15,kl,79.94,0.9399999999999977,0.5196982622146606,0.472440630197525,0.9059329032897949
20,123,36,16,kl,79.08,-0.8599999999999994,0.5368956327438354,0.5073747634887695,0.8884326219558716
20,123,37,17,kl,79.78,0.7000000000000028,0.5269530415534973,0.49273204803466797,1.0138146877288818
20,123,38,18,kl,80.14,0.35999999999999943,0.42363548278808594,0.46488556265830994,0.8909004926681519
20,123,39,19,kl,79.36,-0.7800000000000011,0.5250048041343689,0.4948880672454834,1.0484143495559692
20,123,40,20,kl,80.14,0.7800000000000011,0.6009634733200073,0.49568241834640503,1.0118608474731445
20,123,41,21,kl,80.66,0.519999999999996,0.5576342940330505,0.5149043798446655,0.8899132609367371
20,123,42,22,ce,82.0,1.3400000000000034,0.12447941303253174,0.31167563796043396,2.0971570014953613
20,123,43,23,kl,79.28,-2.719999999999999,0.7247791290283203,0.5726163387298584,0.9656280279159546
20,123,44,24,kl,80.3,1.019999999999996,0.5234317779541016,0.49403923749923706,1.0345357656478882
20,123,45,25,kl,80.02,-0.28000000000000114,0.546089768409729,0.5332855582237244,1.0435932874679565
20,123,46,26,kl,80.06,0.04000000000000625,0.5518679618835449,0.4819786548614502,0.800696849822998
20,123,47,27,kl,80.4,0.3400000000000034,0.39453941583633423,0.44922468066215515,0.8124094605445862
20,123,48,28,kl,79.66,-0.7400000000000091,0.5328962802886963,0.4705583155155182,0.9148768782615662
20,123,49,29,kl,79.38,-0.28000000000000114,0.49547600746154785,0.4567841589450836,0.9134389162063599
20,123,50,30,kl,79.18,-0.19999999999998863,0.5521759390830994,0.5211403965950012,1.076325535774231
20,123,51,31,kl,79.38,0.19999999999998863,0.6429722905158997,0.5430057644844055,1.1046807765960693
20,123,52,32,kl,81.44,2.0600000000000023,0.3613516390323639,0.45677685737609863,0.827390193939209
20,123,53,33,kl,80.18,-1.259999999999991,0.5541700720787048,0.5068967342376709,0.9777871370315552
20,123,54,34,kl,79.64,-0.5400000000000063,0.43520769476890564,0.48658084869384766,1.0237147808074951
20,123,55,35,kl,81.4,1.7600000000000051,0.48888298869132996,0.4567703604698181,0.853987455368042
20,123,56,36,kl,81.14,-0.2600000000000051,0.40496885776519775,0.43146124482154846,0.8172932863235474
20,123,57,37,kl,80.96,-0.18000000000000682,0.5058771967887878,0.5006193518638611,0.9145486354827881
20,123,58,38,kl,79.08,-1.8799999999999955,0.6317597031593323,0.5239616632461548,0.955809473991394
20,123,59,39,kl,79.5,0.4200000000000017,0.5616903305053711,0.5605503916740417,1.0926759243011475
20,123,60,40,kl,81.1,1.5999999999999943,0.4254431426525116,0.4791877865791321,0.9858712553977966
20,123,61,41,kl,80.74,-0.35999999999999943,0.5064489841461182,0.45246922969818115,0.95063716173172
20,123,62,42,kl,80.4,-0.3399999999999892,0.27702128887176514,0.445518434047699,0.9398796558380127
20,123,63,43,ce,80.26,-0.14000000000000057,0.3515086770057678,0.31015318632125854,2.1674981117248535
20,123,64,44,kl,77.82,-2.440000000000012,0.6519898176193237,0.5533435940742493,1.0079426765441895
20,123,65,45,kl,80.46,2.6400000000000006,0.4645316004753113,0.46652334928512573,0.8426204323768616
20,123,66,46,kl,79.82,-0.6400000000000006,0.622775137424469,0.5106449127197266,0.8166747093200684
20,123,67,47,kl,80.72,0.9000000000000057,0.38975897431373596,0.48496749997138977,1.015453577041626
20,123,68,48,kl,81.44,0.7199999999999989,0.5860702991485596,0.5342528223991394,1.1179111003875732
20,123,69,49,kl,81.46,0.01999999999999602,0.589069664478302,0.49226292967796326,0.9961991310119629
20,123,70,50,kl,80.38,-1.0799999999999983,0.5668880343437195,0.4702715277671814,0.8274123668670654
20,123,71,51,kl,79.9,-0.47999999999998977,0.5603917241096497,0.48203179240226746,0.965668261051178
20,123,72,52,kl,81.42,1.519999999999996,0.32541176676750183,0.4483872652053833,1.0259263515472412
20,123,73,53,kl,81.56,0.14000000000000057,0.4747069478034973,0.4808402955532074,0.8975710868835449
20,123,74,54,kl,81.38,-0.18000000000000682,0.5031343698501587,0.5061051249504089,1.01524019241333
20,123,75,55,kl,79.16,-2.219999999999999,0.45187830924987793,0.517448365688324,1.2024255990982056
20,123,76,56,kl,81.24,2.0799999999999983,0.39065271615982056,0.44762682914733887,0.9965871572494507
20,123,77,57,kl,79.72,-1.519999999999996,0.4268950819969177,0.5112178325653076,1.1053420305252075
20,123,78,58,kl,81.72,2.0,0.586240828037262,0.5233370065689087,0.9248728156089783
20,123,79,59,kl,82.16,0.4399999999999977,0.4931391477584839,0.46356695890426636,0.9119447469711304
20,123,80,60,kl,81.38,-0.7800000000000011,0.45930635929107666,0.47189861536026,0.9432357549667358
20,123,81,61,kl,81.5,0.12000000000000455,0.39065712690353394,0.4643672704696655,0.8585451245307922
20,123,82,62,kl,82.6,1.0999999999999943,0.591628909111023,0.5098891854286194,0.9688816666603088
20,123,83,63,kl,79.08,-3.519999999999996,0.5843748450279236,0.5283640623092651,1.165693998336792
20,123,84,64,ce,81.84,2.760000000000005,0.2947855591773987,0.3509533405303955,2.1134889125823975
20,123,85,65,kl,81.16,-0.6800000000000068,0.6149330139160156,0.5234209299087524,1.0061066150665283
20,123,86,66,kl,80.06,-1.0999999999999943,0.523493766784668,0.533216655254364,1.3880316019058228
20,123,87,67,kl,80.52,0.45999999999999375,0.6499761343002319,0.5583706498146057,1.0696054697036743
20,123,88,68,kl,80.74,0.21999999999999886,0.30087918043136597,0.4311307966709137,0.8852269649505615
20,123,89,69,kl,80.46,-0.28000000000000114,0.46710821986198425,0.46477988362312317,0.8298967480659485
20,123,90,70,kl,82.0,1.5400000000000063,0.22104167938232422,0.4181782901287079,0.925388514995575
20,123,91,71,kl,81.5,-0.5,0.6082664132118225,0.4967394769191742,0.9174358248710632
20,123,92,72,kl,79.86,-1.6400000000000006,0.7023601531982422,0.6100268959999084,1.2980974912643433
20,123,93,73,kl,81.84,1.980000000000004,0.46647876501083374,0.4616203308105469,0.8546915650367737
20,123,94,74,kl,80.88,-0.960000000000008,0.505399227142334,0.47929272055625916,1.0015069246292114
20,123,95,75,kl,81.32,0.4399999999999977,0.5123345851898193,0.49571728706359863,0.7933871150016785
20,123,96,76,kl,81.76,0.44000000000001194,0.41890838742256165,0.4466235935688019,1.0917507410049438
20,123,97,77,kl,79.88,-1.8800000000000097,0.40109866857528687,0.4443643093109131,0.9954269528388977
20,123,98,78,kl,80.64,0.7600000000000051,0.4559246301651001,0.4790264070034027,0.920005202293396
20,123,99,79,kl,82.4,1.7600000000000051,0.49438029527664185,0.48690927028656006,0.9854738116264343
20,123,100,80,kl,81.0,-1.4000000000000057,0.4156523048877716,0.4489503800868988,0.9498414397239685
20,123,101,81,kl,81.8,0.7999999999999972,0.5464261174201965,0.5343960523605347,1.0978646278381348
20,123,102,82,kl,82.56,0.7600000000000051,0.6207858324050903,0.5521310567855835,0.8738515377044678
20,123,103,83,kl,81.76,-0.7999999999999972,0.43071627616882324,0.45329949259757996,0.9463865160942078
20,123,104,84,kl,78.9,-2.8599999999999994,0.5418147444725037,0.5098559856414795,0.9345220923423767
20,123,105,85,ce,81.54,2.6400000000000006,0.24970337748527527,0.3959614038467407,2.0779051780700684
20,123,106,86,kl,81.82,0.2799999999999869,0.6112061738967896,0.5182154774665833,0.9949658513069153
20,123,107,87,kl,78.9,-2.9199999999999875,0.6577751636505127,0.5725853443145752,1.1913602352142334
20,123,108,88,kl,81.88,2.9799999999999898,0.5069273710250854,0.5157826542854309,1.1528916358947754
20,123,109,89,kl,81.62,-0.2599999999999909,0.5765402317047119,0.47360366582870483,0.9010403156280518
20,123,110,90,kl,80.52,-1.1000000000000085,0.6272023320198059,0.5596182346343994,1.0058103799819946
20,123,111,91,kl,80.82,0.29999999999999716,0.6859069466590881,0.5577391386032104,1.1276113986968994
20,123,112,92,kl,82.84,2.0200000000000102,0.5399843454360962,0.4619990587234497,0.9161801338195801
20,123,113,93,kl,81.48,-1.3599999999999994,0.40459975600242615,0.48121944069862366,0.9362944960594177
20,123,114,94,kl,79.84,-1.6400000000000006,0.557379961013794,0.5415142178535461,1.196876883506775
20,123,115,95,kl,81.96,2.1199999999999903,0.4747072458267212,0.4745037853717804,0.7678446769714355
20,123,116,96,kl,81.28,-0.6799999999999926,0.4330766201019287,0.4692858159542084,0.9314496517181396
20,123,117,97,kl,81.52,0.23999999999999488,0.4702337086200714,0.4848089814186096,1.0026065111160278
20,123,118,98,kl,81.72,0.20000000000000284,0.5748957395553589,0.5229219794273376,0.952506422996521
20,123,119,99,kl,82.9,1.1800000000000068,0.609563410282135,0.4966767728328705,0.844576895236969
20,123,120,100,kl,82.48,-0.4200000000000017,0.4209214746952057,0.4727008640766144,0.7094378471374512
20,123,121,101,kl,80.76,-1.7199999999999989,0.7284225225448608,0.6931827664375305,1.5426087379455566
20,123,122,102,kl,81.78,1.019999999999996,0.4666495621204376,0.4590355455875397,0.761853814125061
20,123,123,103,kl,81.64,-0.14000000000000057,0.551669180393219,0.4979773163795471,0.9267755746841431
20,123,124,104,kl,80.7,-0.9399999999999977,0.4879530370235443,0.5133006572723389,0.9922875165939331
20,123,125,105,kl,80.76,0.060000000000002274,0.6021592020988464,0.5482887625694275,1.1266746520996094
20,123,126,106,ce,81.94,1.1799999999999926,0.2268414944410324,0.3440327048301697,1.9818443059921265
20,123,127,107,kl,81.72,-0.21999999999999886,0.44597166776657104,0.5051665902137756,1.0749900341033936
20,123,128,108,kl,81.16,-0.5600000000000023,0.6906214952468872,0.5552228093147278,1.1425484418869019
20,123,129,109,kl,82.92,1.7600000000000051,0.3472440838813782,0.4853499233722687,1.312272071838379
20,123,130,110,kl,81.42,-1.5,0.6111745834350586,0.5265315175056458,1.0039488077163696
20,123,131,111,kl,81.86,0.4399999999999977,0.5599616765975952,0.5082550048828125,1.0129634141921997
20,123,132,112,kl,81.46,-0.4000000000000057,0.38045018911361694,0.4695514440536499,0.9364521503448486
20,123,133,113,kl,80.82,-0.6400000000000006,0.5257080793380737,0.4730032980442047,0.8940298557281494
20,123,134,114,kl,81.14,0.3200000000000074,0.3828366994857788,0.4488458037376404,0.9726805090904236
20,123,135,115,kl,80.1,-1.0400000000000063,0.6336698532104492,0.5780085921287537,1.3109114170074463
20,123,136,116,kl,82.14,2.0400000000000063,0.5261598825454712,0.5269208550453186,0.953050434589386
20,123,137,117,kl,82.52,0.37999999999999545,0.43396204710006714,0.47446781396865845,0.9424764513969421
20,123,138,118,kl,81.72,-0.7999999999999972,0.42364752292633057,0.4764423668384552,0.9021015763282776
20,123,139,119,kl,81.88,0.1599999999999966,0.2450588494539261,0.426845520734787,0.9509721994400024
20,123,140,120,kl,79.48,-2.3999999999999915,0.4001769423484802,0.48891592025756836,1.0480695962905884
20,123,141,121,kl,82.6,3.1199999999999903,0.5796481370925903,0.5347649455070496,0.9187096953392029
20,123,142,122,kl,80.68,-1.9199999999999875,0.5069311261177063,0.48870232701301575,1.0841622352600098
20,123,143,123,kl,80.06,-0.6200000000000045,0.6371842622756958,0.5541753172874451,1.0774811506271362
20,123,144,124,kl,82.18,2.1200000000000045,0.5465472936630249,0.5376439690589905,0.9224716424942017
20,123,145,125,kl,81.36,-0.8200000000000074,0.5135080218315125,0.4780287444591522,0.9281134009361267
20,123,146,126,kl,81.76,0.4000000000000057,0.35050076246261597,0.4958460330963135,0.912970781326294
20,123,147,127,ce,82.2,0.4399999999999977,0.14130139350891113,0.3284929692745209,2.076219320297241
20,123,148,128,kl,80.88,-1.3200000000000074,0.3269369602203369,0.4659321904182434,1.1096118688583374
20,123,149,129,kl,82.08,1.2000000000000028,0.5481605529785156,0.5086336731910706,1.0452293157577515
20,123,150,130,kl,80.24,-1.8400000000000034,0.554444432258606,0.5600516200065613,1.0573312044143677
20,123,151,131,kl,81.38,1.1400000000000006,0.41076141595840454,0.48069217801094055,0.9197470545768738
20,123,152,132,kl,80.6,-0.7800000000000011,0.5773296356201172,0.5240320563316345,0.9441180229187012
20,123,153,133,kl,81.3,0.7000000000000028,0.46307432651519775,0.4736112654209137,0.7382228970527649
20,123,154,134,kl,81.26,-0.03999999999999204,0.7195159792900085,0.5637055039405823,0.9300596714019775
20,123,155,135,kl,81.82,0.5599999999999881,0.5784107446670532,0.501373291015625,0.902529239654541
20,123,156,136,kl,81.0,-0.8199999999999932,0.4944073557853699,0.5277310013771057,1.1046147346496582
20,123,157,137,kl,81.76,0.7600000000000051,0.5236777067184448,0.5025323629379272,1.033300518989563
20,123,158,138,kl,81.26,-0.5,0.3898625373840332,0.4854728579521179,1.1713812351226807
20,123,159,139,kl,81.98,0.7199999999999989,0.6182228326797485,0.5200979113578796,1.0105632543563843
20,123,160,140,kl,80.7,-1.2800000000000011,0.3817032277584076,0.47836270928382874,0.9328168630599976
20,123,161,141,kl,81.26,0.5600000000000023,0.6698614954948425,0.5546028017997742,1.0301642417907715
20,123,162,142,kl,81.56,0.29999999999999716,0.46751976013183594,0.49455079436302185,0.9586603045463562
20,123,163,143,kl,82.06,0.5,0.41841480135917664,0.45113661885261536,0.8521395325660706
20,123,164,144,kl,81.0,-1.0600000000000023,0.48210811614990234,0.5070330500602722,1.1513210535049438
20,123,165,145,kl,80.08,-0.9200000000000017,0.5397553443908691,0.5152023434638977,1.1550846099853516
20,123,166,146,kl,81.94,1.8599999999999994,0.3538738489151001,0.4512825012207031,0.9311860799789429
20,123,167,147,kl,82.2,0.2600000000000051,0.23417723178863525,0.39900678396224976,0.7715674638748169
20,123,168,148,ce,81.0,-1.2000000000000028,0.2033820003271103,0.349641889333725,2.142629623413086
20,123,169,149,kl,81.52,0.519999999999996,0.3819407820701599,0.4594784379005432,0.8053320050239563
20,123,170,150,kl,81.18,-0.3399999999999892,0.6259965896606445,0.5675989389419556,1.0438016653060913
20,123,171,151,kl,81.92,0.7399999999999949,0.12202800810337067,0.42340201139450073,0.9014050960540771
20,123,172,152,kl,82.68,0.7600000000000051,0.25637274980545044,0.44992032647132874,1.028829574584961
20,123,173,153,kl,81.52,-1.1600000000000108,0.5437946319580078,0.5392555594444275,1.054593801498413
20,123,174,154,kl,82.86,1.3400000000000034,0.6007747650146484,0.5413654446601868,0.9625203013420105
20,123,175,155,kl,81.1,-1.7600000000000051,0.46429622173309326,0.4962802231311798,0.841575562953949
20,123,176,156,kl,82.4,1.3000000000000114,0.4429837167263031,0.48074567317962646,1.010421633720398
20,123,177,157,kl,81.24,-1.1600000000000108,0.6007055044174194,0.5599178671836853,1.1913816928863525
20,123,178,158,kl,82.4,1.1600000000000108,0.35929882526397705,0.45831361413002014,0.9021841883659363
20,123,179,159,kl,80.56,-1.8400000000000034,0.4950156807899475,0.5341789722442627,1.097487211227417
20,123,180,160,kl,82.16,1.5999999999999943,0.6428452730178833,0.5503882169723511,1.0080835819244385
20,123,181,161,kl,82.78,0.6200000000000045,0.46251094341278076,0.5106423497200012,1.0255593061447144
20,123,182,162,kl,82.38,-0.4000000000000057,0.2295069694519043,0.4138024151325226,0.8327078223228455
20,123,183,163,kl,80.64,-1.7399999999999949,0.66790771484375,0.5851438641548157,1.1932462453842163
20,123,184,164,kl,80.58,-0.060000000000002274,0.5480085611343384,0.5375232100486755,0.9720664024353027
20,123,185,165,kl,81.4,0.8200000000000074,0.48092591762542725,0.5127140283584595,1.0387886762619019
20,123,186,166,kl,82.46,1.059999999999988,0.5526939034461975,0.5277783274650574,0.9415972828865051
20,123,187,167,kl,83.06,0.6000000000000085,0.39212819933891296,0.4736868143081665,0.8966967463493347
20,123,188,168,kl,81.56,-1.5,0.23716381192207336,0.4832225441932678,1.1691484451293945
20,123,189,169,ce,82.14,0.5799999999999983,0.16175656020641327,0.3504585325717926,2.008924722671509
20,123,190,170,kl,81.56,-0.5799999999999983,0.6487265229225159,0.6021166443824768,1.2484917640686035
20,123,191,171,kl,81.84,0.28000000000000114,0.5695981383323669,0.5332161784172058,1.1051145792007446
20,123,192,172,kl,78.38,-3.460000000000008,0.7036323547363281,0.6558414101600647,1.515555739402771
20,123,193,173,kl,82.56,4.180000000000007,0.5877689719200134,0.5303603410720825,0.9010583162307739
20,123,194,174,kl,82.0,-0.5600000000000023,0.6042796969413757,0.551962673664093,1.078896164894104
20,123,195,175,kl,82.26,0.2600000000000051,0.518756091594696,0.47912710905075073,0.8690654039382935
20,123,196,176,kl,81.54,-0.7199999999999989,0.5422858595848083,0.5271275043487549,1.0523070096969604
20,123,197,177,kl,81.2,-0.3400000000000034,0.41633081436157227,0.46773678064346313,0.8877466320991516
20,123,198,178,kl,81.82,0.6199999999999903,0.4747433662414551,0.4911404550075531,0.9450708627700806
20,123,199,179,kl,81.62,-0.19999999999998863,0.3918112516403198,0.4704422652721405,0.8165011405944824
20,123,200,180,kl,79.44,-2.180000000000007,0.6916549801826477,0.593911349773407,1.222623586654663
20,123,201,181,kl,80.68,1.240000000000009,0.3707832098007202,0.5135090351104736,1.230718970298767
20,123,202,182,kl,82.12,1.4399999999999977,0.39139142632484436,0.4582505226135254,0.9068281650543213
20,123,203,183,kl,80.86,-1.2600000000000051,0.524039089679718,0.4884496033191681,0.9309415221214294
20,123,204,184,kl,82.2,1.3400000000000034,0.5211496353149414,0.49159249663352966,0.9968755841255188
20,123,205,185,kl,82.26,0.060000000000002274,0.3592565059661865,0.4523310959339142,0.8706976771354675
20,123,206,186,kl,80.5,-1.7600000000000051,0.4901350438594818,0.5081031918525696,1.2709379196166992
20,123,207,187,kl,82.4,1.9000000000000057,0.5030829906463623,0.5346578359603882,0.987869381904602
20,123,208,188,kl,80.94,-1.460000000000008,0.5321571230888367,0.5740466713905334,1.120658278465271
20,123,209,189,kl,80.9,-0.03999999999999204,0.6334769129753113,0.5684702396392822,0.9597450494766235
20,123,210,190,ce,82.24,1.3399999999999892,0.21179333329200745,0.40415099263191223,1.9064658880233765
20,123,211,191,kl,80.5,-1.7399999999999949,0.5642454624176025,0.5422670841217041,1.128013014793396
20,123,212,192,kl,82.0,1.5,0.4596180319786072,0.49125802516937256,0.9000160694122314
20,123,213,193,kl,80.76,-1.2399999999999949,0.36061251163482666,0.4794594943523407,0.911888062953949
20,123,214,194,kl,81.52,0.7599999999999909,0.5575730204582214,0.5320242047309875,0.8694844245910645
20,123,215,195,kl,81.2,-0.3199999999999932,0.6486351490020752,0.5761654376983643,1.147969126701355
20,123,216,196,kl,82.88,1.6799999999999926,0.48894548416137695,0.48972681164741516,0.8090296387672424
20,123,217,197,kl,81.68,-1.1999999999999886,0.6483150124549866,0.5436204075813293,0.9231179356575012
20,123,218,198,kl,82.66,0.9799999999999898,0.5326114892959595,0.5089243054389954,0.9368535876274109
20,123,219,199,kl,80.6,-2.0600000000000023,0.7181708812713623,0.6349766850471497,1.1652098894119263
20,123,220,200,kl,82.46,1.8599999999999994,0.3954770565032959,0.49042147397994995,1.0250345468521118
20,123,221,201,kl,80.32,-2.1400000000000006,0.5325018763542175,0.5491350889205933,1.1083922386169434
20,123,222,202,kl,80.94,0.6200000000000045,0.5704103708267212,0.4839283227920532,0.7878336906433105
20,123,223,203,kl,82.16,1.2199999999999989,0.444637268781662,0.5037971138954163,0.8451201319694519
20,123,224,204,kl,81.84,-0.3199999999999932,0.5209320783615112,0.5046566128730774,0.9838929772377014
20,123,225,205,kl,81.66,-0.18000000000000682,0.6086037755012512,0.5413013100624084,1.1056623458862305
20,123,226,206,kl,80.5,-1.1599999999999966,0.22607864439487457,0.44124969840049744,1.0119808912277222
20,123,227,207,kl,79.78,-0.7199999999999989,0.5428710579872131,0.5527471899986267,1.1674375534057617
20,123,228,208,kl,81.64,1.8599999999999994,0.5782606601715088,0.5389360785484314,0.9537127614021301
20,123,229,209,kl,80.76,-0.8799999999999955,0.6498234272003174,0.5561738610267639,0.9363444447517395
20,123,230,210,kl,79.72,-1.0400000000000063,0.6382099390029907,0.5869470238685608,1.3363322019577026
20,123,231,211,ce,82.68,2.960000000000008,0.13642194867134094,0.32133230566978455,1.9032784700393677
20,123,232,212,kl,80.2,-2.480000000000004,0.612409234046936,0.569953978061676,1.114366888999939
20,123,233,213,kl,82.7,2.5,0.5505515336990356,0.5150423645973206,1.0012918710708618
20,123,234,214,kl,78.74,-3.960000000000008,0.6380089521408081,0.5883614420890808,1.0970556735992432
20,123,235,215,kl,82.64,3.9000000000000057,0.5217910408973694,0.5210646986961365,0.8655053973197937
20,123,236,216,kl,80.4,-2.239999999999995,0.6784510016441345,0.5986618399620056,1.205920696258545
20,123,237,217,kl,82.7,2.299999999999997,0.6144444346427917,0.5796769857406616,1.1572587490081787
20,123,238,218,kl,80.88,-1.8200000000000074,0.4596360921859741,0.4935350716114044,0.9722651839256287
20,123,239,219,kl,80.9,0.020000000000010232,0.40529170632362366,0.48190829157829285,0.7985177040100098
20,123,240,220,kl,81.32,0.4199999999999875,0.42845097184181213,0.4545670747756958,0.8023702502250671
20,123,241,221,kl,82.02,0.7000000000000028,0.4952149987220764,0.5034278035163879,0.9611788392066956
20,123,242,222,kl,81.12,-0.8999999999999915,0.6253998279571533,0.5363971590995789,0.9644594192504883
20,123,243,223,kl,81.02,-0.10000000000000853,0.45069754123687744,0.48960375785827637,0.9456982016563416
20,123,244,224,kl,81.6,0.5799999999999983,0.5317739248275757,0.5320233106613159,1.036433458328247
20,123,245,225,kl,81.66,0.060000000000002274,0.6350565552711487,0.5645163059234619,1.1738711595535278
20,123,246,226,kl,82.02,0.35999999999999943,0.5805732011795044,0.49780547618865967,0.870087742805481
20,123,247,227,kl,79.94,-2.0799999999999983,0.672118067741394,0.5823468565940857,1.1855134963989258
20,123,248,228,kl,82.0,2.0600000000000023,0.5190444588661194,0.5038686990737915,1.149645447731018
20,123,249,229,kl,82.84,0.8400000000000034,0.453029990196228,0.46611151099205017,0.9582578539848328
20,123,250,230,kl,79.86,-2.980000000000004,0.3728055953979492,0.45688706636428833,1.1218267679214478
20,123,251,231,kl,80.86,1.0,0.5114363431930542,0.5149890184402466,1.0239571332931519
20,123,252,232,ce,81.9,1.0400000000000063,0.21552105247974396,0.3278610408306122,2.007267951965332
20,123,253,233,kl,80.9,-1.0,0.5923388004302979,0.5753239989280701,1.232010006904602
20,123,254,234,kl,81.48,0.5799999999999983,0.35673609375953674,0.4500848352909088,0.915244996547699
20,123,255,235,kl,80.96,-0.5200000000000102,0.3515333831310272,0.45679545402526855,1.0338757038116455
20,123,256,236,kl,81.08,0.12000000000000455,0.6009674072265625,0.5380733013153076,0.958084762096405
20,123,257,237,kl,80.8,-0.28000000000000114,0.5025135278701782,0.5493687391281128,1.0552524328231812
20,123,258,238,kl,81.24,0.4399999999999977,0.44767510890960693,0.5434699654579163,1.1601248979568481
20,123,259,239,kl,82.98,1.740000000000009,0.5508520603179932,0.5208488702774048,0.8881555795669556
20,123,260,240,kl,82.06,-0.9200000000000017,0.5483219623565674,0.4916205108165741,0.9504235982894897
20,123,261,241,kl,79.86,-2.200000000000003,0.41501933336257935,0.46221715211868286,0.8960320949554443
20,123,262,242,kl,79.46,-0.4000000000000057,0.6812371015548706,0.6159552335739136,1.3131240606307983
20,123,263,243,kl,82.62,3.160000000000011,0.4319252073764801,0.4625941812992096,0.8987876772880554
20,123,264,244,kl,82.36,-0.2600000000000051,0.5231881141662598,0.4631027281284332,0.887557864189148
20,123,265,245,kl,81.54,-0.8199999999999932,0.4759962856769562,0.46293458342552185,1.0138567686080933
20,123,266,246,kl,81.14,-0.4000000000000057,0.6167377233505249,0.5495524406433105,0.9513897895812988
20,123,267,247,kl,81.2,0.060000000000002274,0.6377816200256348,0.5709007382392883,1.0481512546539307
20,123,268,248,kl,80.92,-0.28000000000000114,0.39374083280563354,0.532110869884491,1.2372695207595825
20,123,269,249,kl,81.54,0.6200000000000045,0.49429255723953247,0.528397262096405,0.9878478646278381
20,123,270,250,kl,81.8,0.2599999999999909,0.520000696182251,0.48553237318992615,1.0571973323822021
20,123,271,251,kl,82.24,0.4399999999999977,0.41943520307540894,0.44363418221473694,0.8459925055503845
20,123,272,252,kl,81.2,-1.039999999999992,0.5237115025520325,0.4976843297481537,1.1085854768753052
20,123,273,253,ce,82.48,1.2800000000000011,0.21015259623527527,0.30355894565582275,2.013061761856079
20,123,274,254,kl,81.0,-1.480000000000004,0.6758517026901245,0.5949720740318298,1.1364778280258179
20,123,275,255,kl,79.18,-1.8199999999999932,0.6085782647132874,0.5854676961898804,1.238368272781372
20,123,276,256,kl,82.22,3.039999999999992,0.5867701172828674,0.5213431119918823,0.8115207552909851
20,123,277,257,kl,81.22,-1.0,0.5589075088500977,0.5246227979660034,1.031490683555603
20,123,278,258,kl,79.96,-1.2600000000000051,0.7502902746200562,0.6892116069793701,1.4973349571228027
20,123,279,259,kl,81.62,1.6600000000000108,0.6034374237060547,0.5501753687858582,0.9575841426849365
20,123,280,260,kl,80.76,-0.8599999999999994,0.5617240071296692,0.5157639980316162,1.0699920654296875
20,123,281,261,kl,81.38,0.6199999999999903,0.5655391216278076,0.5194550156593323,0.929461658000946
20,123,282,262,kl,82.72,1.3400000000000034,0.5146855115890503,0.5313745737075806,0.9759379625320435
20,123,283,263,kl,81.56,-1.1599999999999966,0.4674745500087738,0.5262868404388428,1.0630635023117065
20,123,284,264,kl,81.8,0.23999999999999488,0.5102302432060242,0.5199460387229919,0.9264686703681946
20,123,285,265,kl,81.4,-0.3999999999999915,0.4352673888206482,0.483506441116333,0.916978657245636
20,123,286,266,kl,81.34,-0.060000000000002274,0.5396894812583923,0.5218106508255005,0.8400572538375854
20,123,287,267,kl,81.98,0.6400000000000006,0.5201191902160645,0.48631054162979126,0.8080601096153259
20,123,288,268,kl,80.98,-1.0,0.5187442302703857,0.4871741235256195,0.9316627383232117
20,123,289,269,kl,81.36,0.37999999999999545,0.48221638798713684,0.49597087502479553,0.9627842903137207
20,123,290,270,kl,81.56,0.20000000000000284,0.5398173332214355,0.5123543739318848,1.0039634704589844
20,123,291,271,kl,81.22,-0.3400000000000034,0.5932947993278503,0.5137147903442383,0.9061154723167419
20,123,292,272,kl,81.12,-0.09999999999999432,0.6320057511329651,0.5817322731018066,1.1528912782669067
20,123,293,273,kl,82.6,1.4799999999999898,0.46207189559936523,0.4785366654396057,0.9256492257118225
20,123,294,274,ce,82.96,0.35999999999999943,0.20702746510505676,0.3735790252685547,1.8167345523834229
20,123,295,275,kl,82.48,-0.47999999999998977,0.5642333030700684,0.5234470963478088,0.9858105182647705
20,123,296,276,kl,81.5,-0.980000000000004,0.4246453046798706,0.4645184278488159,0.9846223592758179
20,123,297,277,kl,79.52,-1.980000000000004,0.5927668809890747,0.529083788394928,1.085411787033081
20,123,298,278,kl,81.14,1.6200000000000045,0.5019396543502808,0.5098991990089417,1.059646487236023
20,123,299,279,kl,82.44,1.2999999999999972,0.4503934383392334,0.4907519817352295,0.7819961905479431
20,123,300,280,kl,82.06,-0.37999999999999545,0.535751461982727,0.5392725467681885,1.130935788154602
20,123,301,281,kl,73.12,-8.939999999999998,0.7696100473403931,0.7668635249137878,1.8192991018295288
20,123,302,282,kl,81.78,8.659999999999997,0.5119596719741821,0.47363871335983276,0.903270423412323
20,123,303,283,kl,82.08,0.29999999999999716,0.43308764696121216,0.4528590142726898,0.771515429019928
20,123,304,284,kl,82.48,0.4000000000000057,0.46550577878952026,0.45624956488609314,0.8290840983390808
20,123,305,285,kl,80.46,-2.0200000000000102,0.46573102474212646,0.5017621517181396,1.020361304283142
20,123,306,286,kl,81.74,1.2800000000000011,0.5271251201629639,0.49887946248054504,1.0495504140853882
20,123,307,287,kl,82.12,0.38000000000000966,0.6010104417800903,0.4914526343345642,0.9802837371826172
20,123,308,288,kl,82.36,0.23999999999999488,0.48078301548957825,0.4582550525665283,0.7529413104057312
20,123,309,289,kl,81.86,-0.5,0.6034226417541504,0.569722592830658,1.081931233406067
20,123,310,290,kl,82.32,0.45999999999999375,0.38335052132606506,0.4315263330936432,0.7265581488609314
20,123,311,291,kl,82.58,0.2600000000000051,0.36719098687171936,0.4417652189731598,0.7865796685218811
20,123,312,292,kl,82.46,-0.12000000000000455,0.5910099148750305,0.505795419216156,0.968707799911499
20,123,313,293,kl,82.36,-0.09999999999999432,0.39829838275909424,0.46101462841033936,0.9440474510192871
20,123,314,294,kl,82.48,0.12000000000000455,0.477535605430603,0.47255638241767883,0.8194639682769775
20,123,315,295,ce,83.24,0.7599999999999909,0.18992644548416138,0.3014237582683563,2.0232808589935303
20,123,316,296,kl,81.7,-1.539999999999992,0.6318410634994507,0.5742691159248352,1.2372000217437744
20,123,317,297,kl,82.56,0.8599999999999994,0.6710124611854553,0.5889285206794739,1.1371772289276123
20,123,318,298,kl,81.26,-1.2999999999999972,0.3555976152420044,0.4319800138473511,0.801490068435669
20,123,319,299,kl,81.0,-0.2600000000000051,0.4947221577167511,0.4933592975139618,1.0962910652160645
20,123,320,300,kl,81.32,0.3199999999999932,0.6542588472366333,0.5763733983039856,1.0831670761108398
20,123,321,301,kl,82.64,1.3200000000000074,0.48024922609329224,0.4841829538345337,0.8296833038330078
20,123,322,302,kl,81.98,-0.6599999999999966,0.45801812410354614,0.5322587490081787,1.152338981628418
20,123,323,303,kl,82.36,0.37999999999999545,0.32711493968963623,0.4126445949077606,0.886664092540741
20,123,324,304,kl,79.76,-2.5999999999999943,0.7218450307846069,0.6517804265022278,1.4643698930740356
20,123,325,305,kl,81.66,1.8999999999999915,0.4214625954627991,0.48299118876457214,1.095584511756897
20,123,326,306,kl,80.62,-1.039999999999992,0.6222015023231506,0.49282729625701904,1.0223721265792847
20,123,327,307,kl,81.92,1.2999999999999972,0.5453423857688904,0.4940212666988373,0.7532663941383362
20,123,328,308,kl,81.32,-0.6000000000000085,0.6148868203163147,0.5281559228897095,1.0423991680145264
20,123,329,309,kl,81.28,-0.03999999999999204,0.6469477415084839,0.5526140332221985,1.1185272932052612
20,123,330,310,kl,82.4,1.1200000000000045,0.38888776302337646,0.42936936020851135,0.7689651250839233
20,123,331,311,kl,81.76,-0.6400000000000006,0.5573054552078247,0.5139592289924622,0.807551920413971
20,123,332,312,kl,81.3,-0.46000000000000796,0.42017316818237305,0.5062493681907654,1.1612575054168701
20,123,333,313,kl,81.88,0.5799999999999983,0.47529494762420654,0.48606178164482117,0.9168556928634644
20,123,334,314,kl,81.18,-0.6999999999999886,0.5186012983322144,0.5137894749641418,1.0322054624557495
20,123,335,315,kl,80.36,-0.8200000000000074,0.4816242456436157,0.5084649324417114,0.9532341957092285
20,123,336,316,ce,83.9,3.5400000000000063,0.17086192965507507,0.27902889251708984,1.9935784339904785
20,123,337,317,kl,81.04,-2.8599999999999994,0.6246710419654846,0.5495547652244568,1.2120264768600464
20,123,338,318,kl,81.48,0.4399999999999977,0.3039010167121887,0.45388227701187134,0.9116149544715881
20,123,339,319,kl,81.38,-0.10000000000000853,0.6272439956665039,0.5570265054702759,0.924670934677124
20,123,340,320,kl,80.96,-0.4200000000000017,0.5807458162307739,0.5876963138580322,1.28085196018219
20,123,341,321,kl,82.66,1.7000000000000028,0.44324201345443726,0.4448552131652832,1.0612938404083252
20,123,342,322,kl,81.16,-1.5,0.5287909507751465,0.48841941356658936,1.058075189590454
20,123,343,323,kl,82.88,1.7199999999999989,0.3746728003025055,0.4623623192310333,0.832744836807251
20,123,344,324,kl,83.3,0.4200000000000017,0.49196481704711914,0.44863763451576233,0.7659486532211304
20,123,345,325,kl,81.34,-1.9599999999999937,0.3245096802711487,0.4728337228298187,0.8666841983795166
20,123,346,326,kl,81.88,0.539999999999992,0.40272605419158936,0.4754621386528015,1.0338819026947021
20,123,347,327,kl,80.42,-1.4599999999999937,0.5911121964454651,0.5678408145904541,1.0228657722473145
20,123,348,328,kl,80.88,0.45999999999999375,0.5432614088058472,0.5316591858863831,1.0919445753097534
20,123,349,329,kl,82.4,1.5200000000000102,0.4439416527748108,0.5248910784721375,0.8916745185852051
20,123,350,330,kl,82.3,-0.10000000000000853,0.5863335132598877,0.47637975215911865,0.930508017539978
20,123,351,331,kl,80.38,-1.9200000000000017,0.5131857395172119,0.5036830306053162,1.101798176765442
20,123,352,332,kl,82.2,1.8200000000000074,0.4152107834815979,0.46645835041999817,0.9289522767066956
20,123,353,333,kl,82.36,0.1599999999999966,0.45639073848724365,0.4258336126804352,0.729826807975769
20,123,354,334,kl,82.24,-0.12000000000000455,0.5490724444389343,0.5094660520553589,0.8989761471748352
20,123,355,335,kl,81.4,-0.8399999999999892,0.595919132232666,0.501850426197052,0.9039827585220337
20,123,356,336,kl,82.22,0.8199999999999932,0.27809128165245056,0.4646818935871124,1.0284043550491333
20,123,357,337,ce,82.4,0.18000000000000682,0.1433703750371933,0.3453969657421112,1.9380319118499756
20,123,358,338,kl,80.0,-2.4000000000000057,0.6258673071861267,0.5157763957977295,0.9518120884895325
20,123,359,339,kl,81.28,1.2800000000000011,0.6665001511573792,0.5674670338630676,0.9298953413963318
20,123,360,340,kl,81.96,0.6799999999999926,0.6113157868385315,0.564987063407898,1.174513339996338
20,123,361,341,kl,80.54,-1.4199999999999875,0.6839486360549927,0.6054199934005737,1.1987736225128174
20,123,362,342,kl,82.66,2.1199999999999903,0.6324354410171509,0.5031090378761292,0.94056636095047
20,123,363,343,kl,81.88,-0.7800000000000011,0.5381235480308533,0.5181673765182495,1.072892189025879
20,123,364,344,kl,80.66,-1.2199999999999989,0.5198860764503479,0.53702312707901,1.074687123298645
20,123,365,345,kl,81.7,1.0400000000000063,0.30656421184539795,0.4539063274860382,0.9503893852233887
20,123,366,346,kl,81.3,-0.4000000000000057,0.5248705148696899,0.5036895275115967,0.9510873556137085
20,123,367,347,kl,81.8,0.5,0.5692683458328247,0.5171942114830017,0.9698942303657532
20,123,368,348,kl,81.54,-0.2599999999999909,0.3102627396583557,0.433349072933197,0.9749855995178223
20,123,369,349,kl,82.16,0.6199999999999903,0.3352656662464142,0.48191142082214355,0.9102045297622681
20,123,370,350,kl,81.14,-1.019999999999996,0.3618398606777191,0.4697183668613434,0.977303683757782
20,123,371,351,kl,82.3,1.1599999999999966,0.3035281300544739,0.43240082263946533,1.026371717453003
20,123,372,352,kl,82.14,-0.1599999999999966,0.4617956280708313,0.5110716819763184,0.8150023818016052
20,123,373,353,kl,81.8,-0.3400000000000034,0.6028026342391968,0.5442116260528564,0.9742503762245178
20,123,374,354,kl,80.72,-1.0799999999999983,0.43006330728530884,0.48408442735671997,1.0120285749435425
20,123,375,355,kl,82.5,1.7800000000000011,0.6051744818687439,0.5278298854827881,1.0498870611190796
20,123,376,356,kl,82.0,-0.5,0.27246618270874023,0.47409766912460327,0.9655037522315979
20,123,377,357,kl,81.2,-0.7999999999999972,0.5470370650291443,0.5286833643913269,1.0813863277435303
20,123,378,358,ce,83.02,1.8199999999999932,0.13579896092414856,0.3707874119281769,1.8332226276397705
20,123,379,359,kl,82.22,-0.7999999999999972,0.4730331003665924,0.5072008371353149,0.879353404045105
20,123,380,360,kl,81.4,-0.8199999999999932,0.39240771532058716,0.5142406225204468,1.153099536895752
20,123,381,361,kl,80.72,-0.6800000000000068,0.596621572971344,0.5666387677192688,1.0227572917938232
20,123,382,362,kl,81.92,1.2000000000000028,0.4582785665988922,0.5061334371566772,1.122374415397644
20,123,383,363,kl,81.86,-0.060000000000002274,0.5220737457275391,0.4917653501033783,0.8877599835395813
20,123,384,364,kl,82.68,0.8200000000000074,0.4398079812526703,0.48267146944999695,0.894219696521759
20,123,385,365,kl,82.76,0.0799999999999983,0.6800873279571533,0.59026700258255,1.0694851875305176
20,123,386,366,kl,83.5,0.7399999999999949,0.45888516306877136,0.4675235450267792,0.8838405609130859
20,123,387,367,kl,82.26,-1.2399999999999949,0.6061363220214844,0.5666527152061462,1.1189295053482056
20,123,388,368,kl,81.24,-1.0200000000000102,0.5674655437469482,0.5280434489250183,1.085836410522461
20,123,389,369,kl,81.04,-0.19999999999998863,0.6433331370353699,0.5919169187545776,1.3842636346817017
20,123,390,370,kl,83.84,2.799999999999997,0.3927111029624939,0.45409655570983887,0.8442188501358032
20,123,391,371,kl,80.7,-3.1400000000000006,0.37547704577445984,0.5052810311317444,1.1227854490280151
20,123,392,372,kl,82.48,1.7800000000000011,0.6051133871078491,0.5479711294174194,1.0391072034835815
20,123,393,373,kl,81.38,-1.1000000000000085,0.36265283823013306,0.43750032782554626,0.7747842073440552
20,123,394,374,kl,83.38,2.0,0.48241353034973145,0.46598127484321594,0.8212476968765259
20,123,395,375,kl,81.9,-1.4799999999999898,0.46547091007232666,0.4888414442539215,0.9232776761054993
20,123,396,376,kl,82.72,0.8199999999999932,0.35811761021614075,0.4480263888835907,1.014734148979187
20,123,397,377,kl,82.48,-0.23999999999999488,0.34443020820617676,0.4423629343509674,0.9647558927536011
20,123,398,378,kl,82.66,0.1799999999999926,0.330716997385025,0.4687264561653137,0.895832359790802
20,123,399,379,ce,83.48,0.8200000000000074,0.11303261667490005,0.32736936211586,1.8944475650787354
20,123,400,380,kl,82.34,-1.1400000000000006,0.424038290977478,0.5047211647033691,0.9888285398483276
20,123,401,381,kl,82.06,-0.28000000000000114,0.46803373098373413,0.4813499450683594,0.9242678880691528
20,123,402,382,kl,82.1,0.03999999999999204,0.44865918159484863,0.47230762243270874,0.8572397828102112
20,123,403,383,kl,80.02,-2.0799999999999983,0.6699404120445251,0.6685372591018677,1.3980451822280884
20,123,404,384,kl,81.4,1.3800000000000097,0.40991103649139404,0.46987178921699524,1.027285099029541
20,123,405,385,kl,82.18,0.7800000000000011,0.5795615911483765,0.5065235495567322,0.8610167503356934
20,123,406,386,kl,82.22,0.03999999999999204,0.6002668142318726,0.5046498775482178,0.9259759187698364
20,123,407,387,kl,79.18,-3.039999999999992,0.44207197427749634,0.501835286617279,1.2178537845611572
20,123,408,388,kl,81.54,2.3599999999999994,0.5747140049934387,0.4959508180618286,1.0723192691802979
20,123,409,389,kl,82.66,1.1199999999999903,0.5221452713012695,0.49429458379745483,0.8891772627830505
20,123,410,390,kl,82.92,0.2600000000000051,0.45161721110343933,0.45872658491134644,0.8004876971244812
20,123,411,391,kl,81.16,-1.7600000000000051,0.5701775550842285,0.5168381929397583,1.0287253856658936
20,123,412,392,kl,81.64,0.480000000000004,0.31279456615448,0.4524097144603729,1.1059510707855225
20,123,413,393,kl,82.3,0.6599999999999966,0.5863500833511353,0.5291950106620789,1.1274585723876953
20,123,414,394,kl,82.84,0.5400000000000063,0.4487609267234802,0.4936405122280121,0.822340190410614
20,123,415,395,kl,82.32,-0.5200000000000102,0.4517807364463806,0.47084689140319824,0.9490272402763367
20,123,416,396,kl,83.02,0.7000000000000028,0.429038941860199,0.44331249594688416,0.8078354597091675
20,123,417,397,kl,82.04,-0.9799999999999898,0.5483319759368896,0.5264149904251099,1.2311222553253174
20,123,418,398,kl,82.02,-0.020000000000010232,0.31531426310539246,0.45993632078170776,0.7298550605773926
20,123,419,399,kl,82.28,0.2600000000000051,0.4856816232204437,0.4925353229045868,0.8271071314811707
20,123,420,400,ce,82.5,0.21999999999999886,0.2445894479751587,0.3189699649810791,1.9397857189178467
20,1337,1,-19,kl,38.44,26.18,0.6013810634613037,0.8859690427780151,1.7146016359329224
20,1337,2,-18,kl,39.42,0.980000000000004,0.6647586226463318,0.7434794902801514,1.5618988275527954
20,1337,3,-17,kl,51.56,12.14,0.7542405724525452,0.6774372458457947,1.113840937614441
20,1337,4,-16,kl,57.84,6.280000000000001,0.1974642276763916,0.42873114347457886,1.1108444929122925
20,1337,5,-15,kl,63.42,5.579999999999998,0.676089882850647,0.5730279684066772,1.1695556640625
20,1337,6,-14,kl,66.9,3.480000000000004,0.613823413848877,0.5238170623779297,1.2330608367919922
20,1337,7,-13,kl,68.0,1.0999999999999943,0.6333506107330322,0.5705429315567017,1.054236888885498
20,1337,8,-12,kl,69.1,1.0999999999999943,0.5099510550498962,0.46750056743621826,1.043505072593689
20,1337,9,-11,kl,71.12,2.0200000000000102,0.7106564044952393,0.5349465012550354,1.074499249458313
20,1337,10,-10,kl,72.78,1.6599999999999966,0.5236558318138123,0.44898664951324463,1.0471246242523193
20,1337,11,-9,kl,73.94,1.1599999999999966,0.7344667315483093,0.5193326473236084,1.3522255420684814
20,1337,12,-8,kl,74.58,0.6400000000000006,0.4844832122325897,0.4429725706577301,1.1438088417053223
20,1337,13,-7,kl,76.2,1.6200000000000045,0.6336498260498047,0.48262232542037964,0.924252986907959
20,1337,14,-6,kl,77.36,1.1599999999999966,0.6456642150878906,0.4977847933769226,0.9424973130226135
20,1337,15,-5,kl,75.78,-1.5799999999999983,0.4147564172744751,0.46408137679100037,0.8568658232688904
20,1337,16,-4,kl,76.7,0.9200000000000017,0.4141191244125366,0.41316288709640503,0.7666465640068054
20,1337,17,-3,kl,76.32,-0.38000000000000966,0.5249732732772827,0.4272023141384125,0.8877374529838562
20,1337,18,-2,kl,78.16,1.8400000000000034,0.42193129658699036,0.4356510639190674,0.9246511459350586
20,1337,19,-1,kl,76.9,-1.259999999999991,0.42930683493614197,0.4128398895263672,0.8267772197723389
20,1337,20,0,kl,77.94,1.039999999999992,0.4092668294906616,0.41084375977516174,0.9256710410118103
20,1337,21,1,ce,79.24,1.2999999999999972,0.12823253870010376,0.28848332166671753,1.927419900894165
20,1337,22,2,kl,78.4,-0.8399999999999892,0.5338036417961121,0.47956401109695435,0.8966550230979919
20,1337,23,3,kl,79.72,1.3199999999999932,0.4139065146446228,0.4319706857204437,0.8323620557785034
20,1337,24,4,kl,79.02,-0.7000000000000028,0.3702356219291687,0.42371609807014465,0.8845826983451843
20,1337,25,5,kl,78.82,-0.20000000000000284,0.5529836416244507,0.45784425735473633,0.9521987438201904
20,1337,26,6,kl,79.52,0.7000000000000028,0.3803250789642334,0.43746376037597656,0.8603472709655762
20,1337,27,7,kl,80.4,0.8800000000000097,0.508370041847229,0.46914586424827576,0.9155839681625366
20,1337,28,8,kl,79.02,-1.3800000000000097,0.37359365820884705,0.4290640652179718,0.8481742143630981
20,1337,29,9,kl,80.06,1.0400000000000063,0.4920623302459717,0.4737030863761902,0.9465365409851074
20,1337,30,10,kl,80.2,0.14000000000000057,0.3601086139678955,0.42231467366218567,0.8449750542640686
20,1337,31,11,kl,78.86,-1.3400000000000034,0.5563396215438843,0.48550477623939514,0.8752736449241638
20,1337,32,12,kl,80.98,2.1200000000000045,0.4657192528247833,0.4460386633872986,1.06480872631073
20,1337,33,13,kl,80.88,-0.10000000000000853,0.44511500000953674,0.448909193277359,0.7574130892753601
20,1337,34,14,kl,80.5,-0.37999999999999545,0.4294140338897705,0.4279569685459137,0.8129467368125916
20,1337,35,15,kl,78.66,-1.8400000000000034,0.5915854573249817,0.5261121392250061,0.9535062313079834
20,1337,36,16,kl,78.72,0.060000000000002274,0.6575291752815247,0.5697161555290222,1.2937747240066528
20,1337,37,17,kl,80.36,1.6400000000000006,0.4285687804222107,0.4553695321083069,0.8011372089385986
20,1337,38,18,kl,78.34,-2.019999999999996,0.5659082531929016,0.5317010879516602,0.9638835191726685
20,1337,39,19,kl,79.82,1.4799999999999898,0.4726479947566986,0.4120628237724304,0.9983674883842468
20,1337,40,20,kl,79.04,-0.7799999999999869,0.582058846950531,0.5074073672294617,0.9839062690734863
20,1337,41,21,kl,81.04,2.0,0.5359712243080139,0.46594011783599854,0.9342346787452698
20,1337,42,22,ce,78.9,-2.1400000000000006,0.31697988510131836,0.4201808273792267,1.8672659397125244
20,1337,43,23,kl,80.06,1.1599999999999966,0.6298431158065796,0.562576413154602,0.9747613072395325
20,1337,44,24,kl,81.06,1.0,0.3453577756881714,0.4396539628505707,0.6713050603866577
20,1337,45,25,kl,79.7,-1.3599999999999994,0.6016956567764282,0.5294943451881409,1.0290236473083496
20,1337,46,26,kl,79.78,0.0799999999999983,0.5743472576141357,0.4981933534145355,0.8763180375099182
20,1337,47,27,kl,79.1,-0.6800000000000068,0.5424596667289734,0.5020059943199158,1.1570266485214233
20,1337,48,28,kl,81.0,1.9000000000000057,0.4310967028141022,0.4373864233493805,0.8796296715736389
20,1337,49,29,kl,82.4,1.4000000000000057,0.6726352572441101,0.5554145574569702,1.0331003665924072
20,1337,50,30,kl,80.12,-2.280000000000001,0.5385733246803284,0.48365285992622375,0.9678325057029724
20,1337,51,31,kl,79.32,-0.8000000000000114,0.6388892531394958,0.5106700658798218,0.8664965033531189
20,1337,52,32,kl,81.22,1.9000000000000057,0.6024781465530396,0.49675270915031433,1.0331746339797974
20,1337,53,33,kl,80.94,-0.28000000000000114,0.479489266872406,0.44314146041870117,0.9649547934532166
20,1337,54,34,kl,81.1,0.1599999999999966,0.5734761357307434,0.4812129735946655,1.035229206085205
20,1337,55,35,kl,80.44,-0.6599999999999966,0.40145131945610046,0.4578568637371063,0.7252416610717773
20,1337,56,36,kl,81.92,1.480000000000004,0.39661842584609985,0.4587855339050293,0.9375805258750916
20,1337,57,37,kl,81.12,-0.7999999999999972,0.5219747424125671,0.5015506744384766,0.9987309575080872
20,1337,58,38,kl,80.98,-0.14000000000000057,0.4832814633846283,0.494996577501297,1.0404068231582642
20,1337,59,39,kl,80.44,-0.5400000000000063,0.4671790897846222,0.46204859018325806,0.9510242342948914
20,1337,60,40,kl,79.62,-0.8199999999999932,0.5015173554420471,0.4863886535167694,0.8801776170730591
20,1337,61,41,kl,80.62,1.0,0.4635984003543854,0.4651325047016144,0.8178792595863342
20,1337,62,42,kl,81.28,0.6599999999999966,0.44298380613327026,0.4847594201564789,1.1653305292129517
20,1337,63,43,ce,79.94,-1.3400000000000034,0.2218160629272461,0.37801361083984375,1.628954529762268
20,1337,64,44,kl,80.56,0.6200000000000045,0.46555018424987793,0.4883562922477722,0.7651659250259399
20,1337,65,45,kl,80.98,0.4200000000000017,0.4585363268852234,0.4400475323200226,0.7817374467849731
20,1337,66,46,kl,80.78,-0.20000000000000284,0.5480137467384338,0.5348605513572693,1.13687002658844
20,1337,67,47,kl,79.34,-1.4399999999999977,0.6295754909515381,0.5629375576972961,1.07523512840271
20,1337,68,48,kl,80.7,1.3599999999999994,0.5392435789108276,0.4992055594921112,1.1172610521316528
20,1337,69,49,kl,80.64,-0.060000000000002274,0.5704649090766907,0.5079748034477234,0.998140811920166
20,1337,70,50,kl,81.24,0.5999999999999943,0.5766000747680664,0.5316828489303589,0.9586160182952881
20,1337,71,51,kl,80.58,-0.6599999999999966,0.6460508704185486,0.532772421836853,0.861993670463562
20,1337,72,52,kl,82.26,1.6800000000000068,0.293706476688385,0.38606956601142883,0.8355806469917297
20,1337,73,53,kl,81.52,-0.7400000000000091,0.5405269265174866,0.5296808481216431,0.9920417070388794
20,1337,74,54,kl,81.58,0.060000000000002274,0.4779932498931885,0.47978702187538147,0.8740646243095398
20,1337,75,55,kl,81.92,0.3400000000000034,0.34222084283828735,0.45867154002189636,0.8780330419540405
20,1337,76,56,kl,80.48,-1.4399999999999977,0.6110308170318604,0.5156621932983398,1.2031291723251343
20,1337,77,57,kl,79.74,-0.7400000000000091,0.5895019769668579,0.6194131970405579,1.224452018737793
20,1337,78,58,kl,81.76,2.0200000000000102,0.471220463514328,0.4609828293323517,0.8009163737297058
20,1337,79,59,kl,81.48,-0.28000000000000114,0.5472204685211182,0.5330746173858643,1.0940173864364624
20,1337,80,60,kl,81.38,-0.10000000000000853,0.4416041374206543,0.5070955157279968,1.0035672187805176
20,1337,81,61,kl,80.7,-0.6799999999999926,0.48594146966934204,0.5172120928764343,1.2604937553405762
20,1337,82,62,kl,81.12,0.4200000000000017,0.508852481842041,0.482947438955307,0.6939243078231812
20,1337,83,63,kl,80.78,-0.3400000000000034,0.5312175750732422,0.5036864280700684,0.9582912921905518
20,1337,84,64,ce,82.12,1.3400000000000034,0.3674158453941345,0.3639828562736511,1.8928085565567017
20,1337,85,65,kl,81.72,-0.4000000000000057,0.43196702003479004,0.47826096415519714,0.7644143104553223
20,1337,86,66,kl,81.68,-0.03999999999999204,0.3339429199695587,0.43814119696617126,0.9344902634620667
20,1337,87,67,kl,81.92,0.23999999999999488,0.4294472336769104,0.431819885969162,1.0481929779052734
20,1337,88,68,kl,81.72,-0.20000000000000284,0.4160432815551758,0.46348056197166443,0.8132058382034302
20,1337,89,69,kl,81.3,-0.4200000000000017,0.49619704484939575,0.4666467607021332,0.7704076170921326
20,1337,90,70,kl,81.46,0.1599999999999966,0.4866308271884918,0.4715406894683838,0.7997053861618042
20,1337,91,71,kl,80.72,-0.7399999999999949,0.5228907465934753,0.4795795679092407,0.8567046523094177
20,1337,92,72,kl,81.98,1.2600000000000051,0.4811645448207855,0.47810977697372437,1.1292510032653809
20,1337,93,73,kl,81.56,-0.4200000000000017,0.47338223457336426,0.4225772023200989,0.8601906299591064
20,1337,94,74,kl,82.5,0.9399999999999977,0.4581221342086792,0.46449267864227295,0.8145309686660767
20,1337,95,75,kl,82.22,-0.28000000000000114,0.43246105313301086,0.4840456545352936,1.0271824598312378
20,1337,96,76,kl,81.9,-0.3199999999999932,0.3143647313117981,0.3943726718425751,0.814330518245697
20,1337,97,77,kl,82.3,0.3999999999999915,0.42660844326019287,0.45252177119255066,0.8050484657287598
20,1337,98,78,kl,81.86,-0.4399999999999977,0.49391549825668335,0.49239110946655273,0.896298885345459
20,1337,99,79,kl,82.3,0.4399999999999977,0.5425402522087097,0.5360110402107239,0.9778509736061096
20,1337,100,80,kl,81.94,-0.35999999999999943,0.3956677317619324,0.4601198732852936,0.827409029006958
20,1337,101,81,kl,79.98,-1.9599999999999937,0.3452094495296478,0.4560706913471222,0.7730187177658081
20,1337,102,82,kl,65.78,-14.200000000000003,0.8116334080696106,0.8426723480224609,1.8129812479019165
20,1337,103,83,kl,80.52,14.739999999999995,0.42992058396339417,0.450385183095932,0.6974357962608337
20,1337,104,84,kl,80.34,-0.1799999999999926,0.5476592183113098,0.4982350170612335,0.8136904835700989
20,1337,105,85,ce,80.38,0.03999999999999204,0.3026581406593323,0.40507620573043823,1.8902384042739868
20,1337,106,86,kl,81.14,0.7600000000000051,0.5991347432136536,0.5458375811576843,1.0251760482788086
20,1337,107,87,kl,81.88,0.7399999999999949,0.46766266226768494,0.48297855257987976,0.9281440377235413
20,1337,108,88,kl,81.3,-0.5799999999999983,0.3344114422798157,0.4435153007507324,1.0102962255477905
20,1337,109,89,kl,81.2,-0.09999999999999432,0.33120447397232056,0.46682342886924744,0.9222376942634583
20,1337,110,90,kl,82.82,1.6199999999999903,0.5377721190452576,0.47392022609710693,1.000120997428894
20,1337,111,91,kl,79.64,-3.1799999999999926,0.2951028347015381,0.4359077215194702,0.8767996430397034
20,1337,112,92,kl,80.7,1.0600000000000023,0.42231467366218567,0.43082118034362793,0.9044762849807739
20,1337,113,93,kl,82.08,1.3799999999999955,0.4299691617488861,0.4470617473125458,0.8101094365119934
20,1337,114,94,kl,81.46,-0.6200000000000045,0.47928404808044434,0.496458500623703,1.1722866296768188
20,1337,115,95,kl,81.92,0.46000000000000796,0.4656117856502533,0.4835936725139618,1.10274338722229
20,1337,116,96,kl,82.22,0.29999999999999716,0.5113247632980347,0.45281070470809937,0.9167210459709167
20,1337,117,97,kl,81.5,-0.7199999999999989,0.20641763508319855,0.3943940997123718,0.8228467106819153
20,1337,118,98,kl,80.46,-1.0400000000000063,0.3421918749809265,0.44392919540405273,1.1500914096832275
20,1337,119,99,kl,80.94,0.480000000000004,0.5494692325592041,0.5080990791320801,0.981539249420166
20,1337,120,100,kl,81.26,0.3200000000000074,0.37350577116012573,0.43756699562072754,0.9231975078582764
20,1337,121,101,kl,81.48,0.21999999999999886,0.5435321927070618,0.5364853143692017,1.155747652053833
20,1337,122,102,kl,81.8,0.3199999999999932,0.5199794769287109,0.4840838611125946,0.8798550963401794
20,1337,123,103,kl,81.46,-0.3400000000000034,0.5858078002929688,0.5051324367523193,0.9872362613677979
20,1337,124,104,kl,81.02,-0.4399999999999977,0.525469183921814,0.5315101742744446,1.0977498292922974
20,1337,125,105,kl,82.76,1.740000000000009,0.44771671295166016,0.437247097492218,0.7007885575294495
20,1337,126,106,ce,80.58,-2.180000000000007,0.37433695793151855,0.39517998695373535,1.898112416267395
20,1337,127,107,kl,79.58,-1.0,0.5962358713150024,0.5906758308410645,1.0785027742385864
20,1337,128,108,kl,80.74,1.1599999999999966,0.6140238046646118,0.5902898907661438,1.2248376607894897
20,1337,129,109,kl,81.66,0.9200000000000017,0.42688196897506714,0.4853825867176056,0.957180917263031
20,1337,130,110,kl,82.82,1.1599999999999966,0.6669454574584961,0.5217610001564026,0.9074028134346008
20,1337,131,111,kl,81.34,-1.4799999999999898,0.34192442893981934,0.4399331212043762,0.8149021863937378
20,1337,132,112,kl,80.94,-0.4000000000000057,0.4064244031906128,0.44491636753082275,0.7359456419944763
20,1337,133,113,kl,80.06,-0.8799999999999955,0.5945163369178772,0.5519328713417053,1.2854628562927246
20,1337,134,114,kl,81.08,1.019999999999996,0.4477692246437073,0.49265632033348083,1.0322552919387817
20,1337,135,115,kl,82.28,1.2000000000000028,0.5531792640686035,0.50721675157547,0.8728631138801575
20,1337,136,116,kl,81.76,-0.519999999999996,0.5853418111801147,0.5121529698371887,1.0302067995071411
20,1337,137,117,kl,81.9,0.14000000000000057,0.40506044030189514,0.4805258810520172,0.8372078537940979
20,1337,138,118,kl,82.04,0.14000000000000057,0.43070298433303833,0.47445225715637207,1.0244382619857788
20,1337,139,119,kl,81.62,-0.4200000000000017,0.3109724521636963,0.4311320185661316,0.7779119610786438
20,1337,140,120,kl,81.48,-0.14000000000000057,0.299354612827301,0.43271973729133606,0.8364270329475403
20,1337,141,121,kl,81.76,0.28000000000000114,0.6152389049530029,0.5362172722816467,0.948179304599762
20,1337,142,122,kl,82.12,0.35999999999999943,0.34302806854248047,0.43686002492904663,0.8161404132843018
20,1337,143,123,kl,82.04,-0.0799999999999983,0.5228819847106934,0.5042862892150879,0.9263778924942017
20,1337,144,124,kl,82.58,0.539999999999992,0.46974465250968933,0.4551147222518921,1.0534071922302246
20,1337,145,125,kl,82.04,-0.539999999999992,0.3662976026535034,0.4609929323196411,0.746528148651123
20,1337,146,126,kl,81.68,-0.35999999999999943,0.42042434215545654,0.45017802715301514,0.7999652028083801
20,1337,147,127,ce,82.24,0.5599999999999881,0.2596188485622406,0.3189365267753601,1.799328088760376
20,1337,148,128,kl,79.06,-3.1799999999999926,0.3368564248085022,0.4809090495109558,0.8109793066978455
20,1337,149,129,kl,80.46,1.3999999999999915,0.41173332929611206,0.43522173166275024,0.6813029646873474
20,1337,150,130,kl,80.58,0.12000000000000455,0.5027076005935669,0.48153138160705566,1.012831687927246
20,1337,151,131,kl,82.16,1.5799999999999983,0.4527215361595154,0.48583516478538513,0.9586279988288879
20,1337,152,132,kl,82.12,-0.03999999999999204,0.40130746364593506,0.4858976900577545,0.8933789730072021
20,1337,153,133,kl,82.06,-0.060000000000002274,0.6217905879020691,0.5917506217956543,1.2097173929214478
20,1337,154,134,kl,81.54,-0.519999999999996,0.43613380193710327,0.4384349584579468,0.9244375824928284
20,1337,155,135,kl,81.38,-0.1600000000000108,0.4940764904022217,0.4966807961463928,0.9336231350898743
20,1337,156,136,kl,81.44,0.060000000000002274,0.3093973994255066,0.43708574771881104,0.8782458305358887
20,1337,157,137,kl,81.76,0.3200000000000074,0.5491836071014404,0.5041617155075073,0.9347050786018372
20,1337,158,138,kl,81.54,-0.21999999999999886,0.4325110912322998,0.4729377031326294,0.8654595613479614
20,1337,159,139,kl,82.76,1.2199999999999989,0.46761053800582886,0.44392508268356323,0.8049488067626953
20,1337,160,140,kl,83.0,0.23999999999999488,0.5319042801856995,0.5252136588096619,0.9220682382583618
20,1337,161,141,kl,81.88,-1.1200000000000045,0.5185533761978149,0.49810799956321716,0.9154983758926392
20,1337,162,142,kl,81.34,-0.539999999999992,0.5223897695541382,0.5686751008033752,0.8619356751441956
20,1337,163,143,kl,81.12,-0.21999999999999886,0.503458559513092,0.5146156549453735,0.8613581657409668
20,1337,164,144,kl,82.3,1.1799999999999926,0.5883820652961731,0.5369046926498413,0.956449031829834
20,1337,165,145,kl,81.94,-0.35999999999999943,0.33209583163261414,0.40525129437446594,0.7586150765419006
20,1337,166,146,kl,82.26,0.3200000000000074,0.3739011883735657,0.4694504141807556,0.8179781436920166
20,1337,167,147,kl,82.06,-0.20000000000000284,0.5158848762512207,0.4508413076400757,0.8933956623077393
20,1337,168,148,ce,81.94,-0.12000000000000455,0.27436408400535583,0.34598085284233093,1.9865976572036743
20,1337,169,149,kl,81.68,-0.2599999999999909,0.37774333357810974,0.4855499863624573,0.988506019115448
20,1337,170,150,kl,79.96,-1.720000000000013,0.6129253506660461,0.5549488067626953,0.9720054268836975
20,1337,171,151,kl,81.4,1.440000000000012,0.5431550741195679,0.5186297297477722,0.9677944183349609
20,1337,172,152,kl,81.12,-0.28000000000000114,0.582385241985321,0.5132505893707275,0.9345706105232239
20,1337,173,153,kl,79.44,-1.6800000000000068,0.6186382174491882,0.5883083939552307,1.1123709678649902
20,1337,174,154,kl,82.12,2.680000000000007,0.5973708629608154,0.5241613984107971,1.0499058961868286
20,1337,175,155,kl,80.44,-1.6800000000000068,0.4206288456916809,0.5001825094223022,0.8773838877677917
20,1337,176,156,kl,81.16,0.7199999999999989,0.6784260869026184,0.5721131563186646,1.176609754562378
20,1337,177,157,kl,81.68,0.5200000000000102,0.38657423853874207,0.47059687972068787,0.799512505531311
20,1337,178,158,kl,81.2,-0.480000000000004,0.533306896686554,0.5184617042541504,0.8516511917114258
20,1337,179,159,kl,80.94,-0.2600000000000051,0.5070446729660034,0.4398919641971588,0.876969039440155
20,1337,180,160,kl,82.26,1.3200000000000074,0.47739583253860474,0.4617040455341339,0.903674840927124
20,1337,181,161,kl,81.86,-0.4000000000000057,0.4779321253299713,0.4995993375778198,0.8260560631752014
20,1337,182,162,kl,81.96,0.09999999999999432,0.5350033044815063,0.5277886390686035,0.9215151071548462
20,1337,183,163,kl,81.32,-0.6400000000000006,0.3878174126148224,0.44709479808807373,0.9254239797592163
20,1337,184,164,kl,81.36,0.04000000000000625,0.6184945106506348,0.5704548358917236,0.9973249435424805
20,1337,185,165,kl,82.9,1.5400000000000063,0.27439984679222107,0.40683823823928833,0.7057698965072632
20,1337,186,166,kl,82.72,-0.18000000000000682,0.43457356095314026,0.4708268642425537,0.8610169291496277
20,1337,187,167,kl,81.66,-1.0600000000000023,0.5698456764221191,0.50900799036026,0.9976065754890442
20,1337,188,168,kl,81.92,0.2600000000000051,0.34815657138824463,0.43078869581222534,0.7936066389083862
20,1337,189,169,ce,80.96,-0.960000000000008,0.4311148226261139,0.5104273557662964,1.7401589155197144
20,1337,190,170,kl,81.88,0.9200000000000017,0.5071018934249878,0.49521148204803467,1.0565826892852783
20,1337,191,171,kl,80.94,-0.9399999999999977,0.6319581866264343,0.5382523536682129,1.0447558164596558
20,1337,192,172,kl,79.94,-1.0,0.6073027849197388,0.5847203135490417,1.1843341588974
20,1337,193,173,kl,81.46,1.519999999999996,0.5604117512702942,0.4977506697177887,1.0037157535552979
20,1337,194,174,kl,81.74,0.28000000000000114,0.5472774505615234,0.5031993985176086,1.1669429540634155
20,1337,195,175,kl,83.06,1.3200000000000074,0.617569088935852,0.5344447493553162,1.0587944984436035
20,1337,196,176,kl,82.4,-0.6599999999999966,0.37140047550201416,0.45652881264686584,0.8407198786735535
20,1337,197,177,kl,80.96,-1.440000000000012,0.5027052760124207,0.49627891182899475,0.8382307887077332
20,1337,198,178,kl,81.32,0.35999999999999943,0.5570744276046753,0.4856623709201813,1.006010890007019
20,1337,199,179,kl,79.96,-1.3599999999999994,0.3238604962825775,0.4503527283668518,0.7484320998191833
20,1337,200,180,kl,82.02,2.0600000000000023,0.5358745455741882,0.48465657234191895,0.9833930730819702
20,1337,201,181,kl,81.98,-0.03999999999999204,0.5794230699539185,0.5060521960258484,0.8091269731521606
20,1337,202,182,kl,80.32,-1.6600000000000108,0.512269914150238,0.48703742027282715,0.8259928822517395
20,1337,203,183,kl,80.52,0.20000000000000284,0.3150402307510376,0.43364107608795166,0.7204056978225708
20,1337,204,184,kl,82.52,2.0,0.4148332476615906,0.49747857451438904,0.8127743005752563
20,1337,205,185,kl,82.54,0.020000000000010232,0.30576324462890625,0.4348931908607483,0.9098090529441833
20,1337,206,186,kl,82.0,-0.5400000000000063,0.4520910978317261,0.4908604919910431,0.9409000277519226
20,1337,207,187,kl,79.66,-2.3400000000000034,0.6593602895736694,0.5726843476295471,1.0755317211151123
20,1337,208,188,kl,81.6,1.9399999999999977,0.5192148685455322,0.4997689723968506,0.8553051948547363
20,1337,209,189,kl,81.62,0.020000000000010232,0.47149068117141724,0.5010122060775757,0.8683142066001892
20,1337,210,190,ce,81.34,-0.28000000000000114,0.3155936598777771,0.3913917541503906,1.796377420425415
20,1337,211,191,kl,80.52,-0.8200000000000074,0.5249824523925781,0.5379576683044434,1.1457648277282715
20,1337,212,192,kl,81.54,1.0200000000000102,0.41609692573547363,0.4378041923046112,1.0107120275497437
20,1337,213,193,kl,81.94,0.3999999999999915,0.4394076466560364,0.48503220081329346,0.8362523913383484
20,1337,214,194,kl,81.6,-0.3400000000000034,0.5830036401748657,0.49778541922569275,0.9382254481315613
20,1337,215,195,kl,81.36,-0.23999999999999488,0.593090295791626,0.5551217794418335,1.006279468536377
20,1337,216,196,kl,80.32,-1.0400000000000063,0.5099132657051086,0.49118974804878235,1.1399784088134766
20,1337,217,197,kl,80.84,0.5200000000000102,0.2904738187789917,0.3821759819984436,0.8104968070983887
20,1337,218,198,kl,80.3,-0.5400000000000063,0.5685169696807861,0.5106107592582703,0.9460122585296631
20,1337,219,199,kl,79.92,-0.37999999999999545,0.47815239429473877,0.4846348762512207,0.8529822826385498
20,1337,220,200,kl,78.52,-1.4000000000000057,0.46868896484375,0.5161176323890686,0.8653448820114136
20,1337,221,201,kl,81.74,3.219999999999999,0.4637259840965271,0.4898443818092346,1.0634937286376953
20,1337,222,202,kl,82.24,0.5,0.5103455781936646,0.5033860206604004,0.7656154036521912
20,1337,223,203,kl,80.8,-1.4399999999999977,0.4987991452217102,0.5127564668655396,1.0462535619735718
20,1337,224,204,kl,80.62,-0.1799999999999926,0.6242086887359619,0.5592973232269287,1.110700011253357
20,1337,225,205,kl,82.1,1.4799999999999898,0.6113408803939819,0.5274499654769897,0.7131335735321045
20,1337,226,206,kl,81.66,-0.4399999999999977,0.42954033613204956,0.4656953513622284,0.9611769914627075
20,1337,227,207,kl,82.26,0.6000000000000085,0.5803036689758301,0.5016850233078003,0.9620909094810486
20,1337,228,208,kl,82.08,-0.18000000000000682,0.5607549548149109,0.5306772589683533,0.9549087285995483
20,1337,229,209,kl,82.0,-0.0799999999999983,0.46778106689453125,0.48496997356414795,0.7888321280479431
20,1337,230,210,kl,82.08,0.0799999999999983,0.6058392524719238,0.525039792060852,0.7592172622680664
20,1337,231,211,ce,80.96,-1.1200000000000045,0.38183099031448364,0.47611910104751587,1.748152494430542
20,1337,232,212,kl,80.92,-0.03999999999999204,0.6482354402542114,0.586612343788147,0.9982454180717468
20,1337,233,213,kl,82.42,1.5,0.5346159934997559,0.5221112966537476,0.913209080696106
20,1337,234,214,kl,83.22,0.7999999999999972,0.5549501180648804,0.5264408588409424,0.9060951471328735
20,1337,235,215,kl,78.82,-4.400000000000006,0.6343163847923279,0.552771270275116,0.9732187390327454
20,1337,236,216,kl,80.92,2.1000000000000085,0.4867660403251648,0.4859071373939514,0.9999313354492188
20,1337,237,217,kl,81.64,0.7199999999999989,0.6525154709815979,0.5246299505233765,0.7370414733886719
20,1337,238,218,kl,81.24,-0.4000000000000057,0.5272400975227356,0.47705042362213135,0.7981277704238892
20,1337,239,219,kl,82.72,1.480000000000004,0.5052142143249512,0.464263916015625,0.8267271518707275
20,1337,240,220,kl,75.6,-7.1200000000000045,0.7848888635635376,0.8210048079490662,1.8948942422866821
20,1337,241,221,kl,79.02,3.4200000000000017,0.44817861914634705,0.541071891784668,1.0784703493118286
20,1337,242,222,kl,82.88,3.8599999999999994,0.48127204179763794,0.48979321122169495,0.8680912256240845
20,1337,243,223,kl,82.5,-0.37999999999999545,0.4449036121368408,0.4396497309207916,0.7838796377182007
20,1337,244,224,kl,80.86,-1.6400000000000006,0.5011907815933228,0.5193111300468445,0.9005094170570374
20,1337,245,225,kl,82.16,1.2999999999999972,0.3853406608104706,0.4387916028499603,0.8345893621444702
20,1337,246,226,kl,82.08,-0.0799999999999983,0.4449647068977356,0.48002225160598755,0.8290103673934937
20,1337,247,227,kl,82.32,0.23999999999999488,0.5888869762420654,0.5578570365905762,0.9327434301376343
20,1337,248,228,kl,82.06,-0.2599999999999909,0.31020843982696533,0.4050796329975128,0.8890077471733093
20,1337,249,229,kl,81.94,-0.12000000000000455,0.5165396928787231,0.5379641652107239,0.8140901327133179
20,1337,250,230,kl,80.96,-0.980000000000004,0.5713788866996765,0.5868140459060669,1.4125630855560303
20,1337,251,231,kl,82.02,1.0600000000000023,0.5809372663497925,0.5256783962249756,1.0557676553726196
20,1337,252,232,ce,82.44,0.4200000000000017,0.2218206226825714,0.342293918132782,1.6245769262313843
20,1337,253,233,kl,81.86,-0.5799999999999983,0.5324434638023376,0.4983437657356262,0.9224256873130798
20,1337,254,234,kl,81.76,-0.09999999999999432,0.5652792453765869,0.49144014716148376,1.005649447441101
20,1337,255,235,kl,81.04,-0.7199999999999989,0.5122976303100586,0.4980598986148834,0.7938492298126221
20,1337,256,236,kl,81.12,0.0799999999999983,0.5551615357398987,0.5383903384208679,1.023582935333252
20,1337,257,237,kl,80.62,-0.5,0.6767932176589966,0.6004526019096375,1.2918580770492554
20,1337,258,238,kl,82.06,1.4399999999999977,0.5427677035331726,0.5217482447624207,1.0051299333572388
20,1337,259,239,kl,81.66,-0.4000000000000057,0.4670402407646179,0.5040451884269714,1.0300124883651733
20,1337,260,240,kl,82.04,0.38000000000000966,0.5606206655502319,0.49105289578437805,0.9441424608230591
20,1337,261,241,kl,81.92,-0.12000000000000455,0.4490342140197754,0.49901580810546875,0.8253211379051208
20,1337,262,242,kl,79.64,-2.280000000000001,0.637495219707489,0.6127987504005432,0.9057918190956116
20,1337,263,243,kl,80.68,1.0400000000000063,0.4701732397079468,0.4684225618839264,0.8881248235702515
20,1337,264,244,kl,80.96,0.2799999999999869,0.6335439085960388,0.6070377826690674,1.1298418045043945
20,1337,265,245,kl,82.26,1.3000000000000114,0.41189876198768616,0.45261916518211365,0.7031694054603577
20,1337,266,246,kl,82.7,0.4399999999999977,0.19369377195835114,0.40334242582321167,0.9893035888671875
20,1337,267,247,kl,81.58,-1.1200000000000045,0.4402995705604553,0.481551855802536,0.8692140579223633
20,1337,268,248,kl,81.7,0.12000000000000455,0.47452622652053833,0.47674423456192017,0.9563799500465393
20,1337,269,249,kl,82.1,0.3999999999999915,0.491521954536438,0.4468071758747101,1.0491927862167358
20,1337,270,250,kl,81.84,-0.2599999999999909,0.46326541900634766,0.47407975792884827,0.8705421090126038
20,1337,271,251,kl,81.26,-0.5799999999999983,0.43348848819732666,0.47556373476982117,0.9274309277534485
20,1337,272,252,kl,80.6,-0.6600000000000108,0.5492119193077087,0.5108907222747803,0.8981038331985474
20,1337,273,253,ce,82.1,1.5,0.27396440505981445,0.3396674394607544,1.7410881519317627
20,1337,274,254,kl,80.1,-2.0,0.6739290952682495,0.5900698900222778,1.130428433418274
20,1337,275,255,kl,81.94,1.8400000000000034,0.5120365619659424,0.4987078309059143,1.0288971662521362
20,1337,276,256,kl,81.28,-0.6599999999999966,0.5546519756317139,0.522365927696228,0.969886839389801
20,1337,277,257,kl,82.38,1.0999999999999943,0.44420289993286133,0.4937998056411743,0.9382518529891968
20,1337,278,258,kl,82.42,0.04000000000000625,0.4226187765598297,0.49778327345848083,0.9392486214637756
20,1337,279,259,kl,82.5,0.0799999999999983,0.26323047280311584,0.4196900427341461,0.951428234577179
20,1337,280,260,kl,80.58,-1.9200000000000017,0.4023556709289551,0.46541082859039307,1.1302355527877808
20,1337,281,261,kl,81.5,0.9200000000000017,0.5368598699569702,0.4905964136123657,1.1125887632369995
20,1337,282,262,kl,83.06,1.5600000000000023,0.16336368024349213,0.39375534653663635,0.8033232688903809
20,1337,283,263,kl,81.6,-1.460000000000008,0.24416203796863556,0.4171793460845947,0.9080603718757629
20,1337,284,264,kl,82.86,1.2600000000000051,0.5077158808708191,0.4917202293872833,0.8594897985458374
20,1337,285,265,kl,81.18,-1.6799999999999926,0.5509673357009888,0.5423666834831238,0.9799385666847229
20,1337,286,266,kl,80.14,-1.0400000000000063,0.4713078737258911,0.49610084295272827,0.9502834677696228
20,1337,287,267,kl,82.44,2.299999999999997,0.5314146876335144,0.49659404158592224,0.8396214842796326
20,1337,288,268,kl,82.06,-0.37999999999999545,0.36742374300956726,0.45851650834083557,0.8780051469802856
20,1337,289,269,kl,81.5,-0.5600000000000023,0.5234888792037964,0.48906630277633667,0.8180996179580688
20,1337,290,270,kl,81.64,0.14000000000000057,0.3537972867488861,0.43084555864334106,0.784008800983429
20,1337,291,271,kl,82.7,1.0600000000000023,0.4436666965484619,0.44443726539611816,0.7420123219490051
20,1337,292,272,kl,82.22,-0.480000000000004,0.41739019751548767,0.4535090923309326,0.8021196126937866
20,1337,293,273,kl,81.56,-0.6599999999999966,0.1909264624118805,0.40559858083724976,0.8508215546607971
20,1337,294,274,ce,81.12,-0.4399999999999977,0.29025739431381226,0.39820343255996704,1.8351339101791382
20,1337,295,275,kl,82.06,0.9399999999999977,0.4801540970802307,0.5129228234291077,1.206397533416748
20,1337,296,276,kl,81.66,-0.4000000000000057,0.35273218154907227,0.44677191972732544,1.079087257385254
20,1337,297,277,kl,80.82,-0.8400000000000034,0.5499595403671265,0.486470490694046,0.8256385326385498
20,1337,298,278,kl,82.1,1.2800000000000011,0.501414954662323,0.48758161067962646,0.7659632563591003
20,1337,299,279,kl,79.3,-2.799999999999997,0.35835888981819153,0.45035600662231445,0.7528148293495178
20,1337,300,280,kl,80.14,0.8400000000000034,0.3713298439979553,0.4490099847316742,0.7924114465713501
20,1337,301,281,kl,79.78,-0.35999999999999943,0.5039705634117126,0.5135621428489685,0.9099927544593811
20,1337,302,282,kl,79.0,-0.7800000000000011,0.5573433637619019,0.5428041815757751,1.0707294940948486
20,1337,303,283,kl,80.58,1.5799999999999983,0.43276068568229675,0.41333040595054626,0.7445574998855591
20,1337,304,284,kl,81.34,0.7600000000000051,0.4949847459793091,0.5176933407783508,0.9472589492797852
20,1337,305,285,kl,80.64,-0.7000000000000028,0.5575348138809204,0.5114781260490417,0.9510780572891235
20,1337,306,286,kl,79.12,-1.519999999999996,0.705555260181427,0.6068490147590637,1.2482881546020508
20,1337,307,287,kl,81.52,2.3999999999999915,0.43705934286117554,0.44394224882125854,1.004135251045227
20,1337,308,288,kl,82.54,1.0200000000000102,0.2964150309562683,0.4109635651111603,0.8865033388137817
20,1337,309,289,kl,81.88,-0.6600000000000108,0.7077488899230957,0.619649350643158,1.0063155889511108
20,1337,310,290,kl,82.58,0.7000000000000028,0.5859711170196533,0.5514989495277405,1.0262868404388428
20,1337,311,291,kl,80.92,-1.6599999999999966,0.5586711168289185,0.5149388909339905,1.1335458755493164
20,1337,312,292,kl,81.92,1.0,0.47159358859062195,0.44769904017448425,0.8420370817184448
20,1337,313,293,kl,82.3,0.37999999999999545,0.46996474266052246,0.4969453811645508,0.8983008861541748
20,1337,314,294,kl,82.44,0.14000000000000057,0.3572937250137329,0.4123419523239136,0.7687311172485352
20,1337,315,295,ce,82.38,-0.060000000000002274,0.20458224415779114,0.3183595538139343,1.685328483581543
20,1337,316,296,kl,82.48,0.10000000000000853,0.38511988520622253,0.42666077613830566,0.7779197096824646
20,1337,317,297,kl,82.44,-0.04000000000000625,0.3202638030052185,0.4031164050102234,0.7633131742477417
20,1337,318,298,kl,81.72,-0.7199999999999989,0.4131373465061188,0.4402269124984741,0.9300994873046875
20,1337,319,299,kl,81.08,-0.6400000000000006,0.4134092926979065,0.504522442817688,0.8860601186752319
20,1337,320,300,kl,83.06,1.980000000000004,0.39087697863578796,0.44512397050857544,0.89222651720047
20,1337,321,301,kl,82.12,-0.9399999999999977,0.36854761838912964,0.4251946806907654,0.7854537963867188
20,1337,322,302,kl,81.88,-0.2400000000000091,0.4711794853210449,0.4770282208919525,0.9245233535766602
20,1337,323,303,kl,82.18,0.30000000000001137,0.40703877806663513,0.45524704456329346,0.7933153510093689
20,1337,324,304,kl,81.2,-0.980000000000004,0.6451302170753479,0.5147162079811096,0.9723823070526123
20,1337,325,305,kl,82.36,1.1599999999999966,0.453244149684906,0.4774686396121979,0.9062032699584961
20,1337,326,306,kl,83.0,0.6400000000000006,0.5719846487045288,0.4812827706336975,0.9548006653785706
20,1337,327,307,kl,81.38,-1.6200000000000045,0.44027194380760193,0.48652589321136475,0.8225033283233643
20,1337,328,308,kl,80.92,-0.45999999999999375,0.547305166721344,0.495033323764801,0.8566489815711975
20,1337,329,309,kl,81.42,0.5,0.275728702545166,0.44980496168136597,0.943073034286499
20,1337,330,310,kl,82.64,1.2199999999999989,0.4239164888858795,0.4610498547554016,0.9140053391456604
20,1337,331,311,kl,81.72,-0.9200000000000017,0.6015785932540894,0.5254141092300415,1.0138013362884521
20,1337,332,312,kl,83.14,1.4200000000000017,0.3970091938972473,0.4527697265148163,0.975027859210968
20,1337,333,313,kl,81.4,-1.7399999999999949,0.514535129070282,0.48423099517822266,1.0083235502243042
20,1337,334,314,kl,83.28,1.8799999999999955,0.4867873787879944,0.5309797525405884,0.9843418002128601
20,1337,335,315,kl,80.74,-2.5400000000000063,0.6618509292602539,0.5908559560775757,1.3536417484283447
20,1337,336,316,ce,80.92,0.18000000000000682,0.28777846693992615,0.37728792428970337,1.6218457221984863
20,1337,337,317,kl,80.0,-0.9200000000000017,0.3283316493034363,0.4228082299232483,0.8868665099143982
20,1337,338,318,kl,80.56,0.5600000000000023,0.5775553584098816,0.5135846138000488,0.8291395902633667
20,1337,339,319,kl,81.44,0.8799999999999955,0.4948156476020813,0.46278825402259827,0.9425733089447021
20,1337,340,320,kl,78.76,-2.6799999999999926,0.6075534820556641,0.6090016961097717,1.3307726383209229
20,1337,341,321,kl,81.74,2.9799999999999898,0.38332006335258484,0.45828986167907715,0.6794059872627258
20,1337,342,322,kl,82.48,0.7400000000000091,0.5107314586639404,0.489854097366333,0.696371853351593
20,1337,343,323,kl,82.42,-0.060000000000002274,0.22443868219852448,0.425848126411438,1.0326833724975586
20,1337,344,324,kl,81.84,-0.5799999999999983,0.24821242690086365,0.4310856759548187,0.7827902436256409
20,1337,345,325,kl,80.04,-1.7999999999999972,0.4628381133079529,0.49309420585632324,0.9498973488807678
20,1337,346,326,kl,81.66,1.6199999999999903,0.3287155330181122,0.4557017982006073,0.8399245738983154
20,1337,347,327,kl,79.96,-1.7000000000000028,0.3688301146030426,0.4622326195240021,0.8241906762123108
20,1337,348,328,kl,81.84,1.8800000000000097,0.44428780674934387,0.4600417912006378,0.7587459683418274
20,1337,349,329,kl,81.38,-0.46000000000000796,0.3289058804512024,0.46245744824409485,0.83250492811203
20,1337,350,330,kl,82.0,0.6200000000000045,0.45468178391456604,0.4770660698413849,0.803081750869751
20,1337,351,331,kl,81.16,-0.8400000000000034,0.5985534191131592,0.5446761250495911,0.8644356727600098
20,1337,352,332,kl,81.64,0.480000000000004,0.4495789408683777,0.4822455644607544,1.0107109546661377
20,1337,353,333,kl,81.12,-0.519999999999996,0.5665561556816101,0.5121663808822632,0.8131008148193359
20,1337,354,334,kl,81.44,0.3199999999999932,0.5371723175048828,0.47078242897987366,1.007851243019104
20,1337,355,335,kl,83.04,1.6000000000000085,0.49601301550865173,0.5168983936309814,1.0169732570648193
20,1337,356,336,kl,81.28,-1.7600000000000051,0.5190123319625854,0.5216754078865051,1.038468837738037
20,1337,357,337,ce,81.22,-0.060000000000002274,0.37940576672554016,0.40001165866851807,1.820691466331482
20,1337,358,338,kl,82.2,0.980000000000004,0.21438750624656677,0.41397997736930847,0.9244759678840637
20,1337,359,339,kl,81.42,-0.7800000000000011,0.5430423021316528,0.5071629881858826,0.9047966599464417
20,1337,360,340,kl,81.58,0.1599999999999966,0.5304175615310669,0.4917171001434326,0.8825260996818542
20,1337,361,341,kl,82.76,1.1800000000000068,0.20850957930088043,0.43344491720199585,0.7720758318901062
20,1337,362,342,kl,80.8,-1.960000000000008,0.579738438129425,0.5140878558158875,1.0710002183914185
20,1337,363,343,kl,80.26,-0.539999999999992,0.5715929865837097,0.5069162845611572,1.1066081523895264
20,1337,364,344,kl,81.5,1.2399999999999949,0.42900794744491577,0.46157798171043396,0.8568310737609863
20,1337,365,345,kl,79.78,-1.7199999999999989,0.5313897728919983,0.5105729103088379,0.7831017971038818
20,1337,366,346,kl,81.3,1.519999999999996,0.4834214746952057,0.47615522146224976,0.7424467206001282
20,1337,367,347,kl,81.7,0.4000000000000057,0.5128830671310425,0.49376994371414185,0.7675617337226868
20,1337,368,348,kl,82.36,0.6599999999999966,0.4047626852989197,0.4212918281555176,0.9114794731140137
20,1337,369,349,kl,81.84,-0.519999999999996,0.46192196011543274,0.47344255447387695,0.8200262188911438
20,1337,370,350,kl,81.78,-0.060000000000002274,0.5915755033493042,0.507900059223175,1.0630466938018799
20,1337,371,351,kl,81.86,0.0799999999999983,0.4810328483581543,0.43633249402046204,1.0228917598724365
20,1337,372,352,kl,81.4,-0.45999999999999375,0.4855712056159973,0.5085355639457703,0.88971346616745
20,1337,373,353,kl,82.56,1.1599999999999966,0.4256265163421631,0.5012701153755188,0.80373615026474
20,1337,374,354,kl,81.4,-1.1599999999999966,0.37742292881011963,0.4724471867084503,0.8350276947021484
20,1337,375,355,kl,81.54,0.14000000000000057,0.3776454031467438,0.47744831442832947,0.7816876173019409
20,1337,376,356,kl,79.68,-1.8599999999999994,0.6800773739814758,0.5786341428756714,1.1260353326797485
20,1337,377,357,kl,80.98,1.2999999999999972,0.39716410636901855,0.4627339839935303,0.8885633945465088
20,1337,378,358,ce,81.62,0.6400000000000006,0.23096632957458496,0.3386274576187134,1.7619588375091553
20,1337,379,359,kl,81.04,-0.5799999999999983,0.5497227907180786,0.5428892970085144,0.9442117214202881
20,1337,380,360,kl,80.72,-0.3200000000000074,0.4951748847961426,0.5016838908195496,0.7610507607460022
20,1337,381,361,kl,81.48,0.7600000000000051,0.5980328321456909,0.5590950846672058,1.0480092763900757
20,1337,382,362,kl,82.3,0.8199999999999932,0.5321326851844788,0.5316556692123413,0.9910480976104736
20,1337,383,363,kl,82.04,-0.2599999999999909,0.49468809366226196,0.5098193287849426,0.778682291507721
20,1337,384,364,kl,80.7,-1.3400000000000034,0.5351471304893494,0.5546934604644775,1.061730146408081
20,1337,385,365,kl,81.0,0.29999999999999716,0.6441477537155151,0.5258896350860596,1.1142568588256836
20,1337,386,366,kl,78.1,-2.9000000000000057,0.6530673503875732,0.6093643307685852,1.1813076734542847
20,1337,387,367,kl,81.82,3.719999999999999,0.3361763060092926,0.4793487787246704,0.871347188949585
20,1337,388,368,kl,82.2,0.38000000000000966,0.30509665608406067,0.4356752932071686,0.8600446581840515
20,1337,389,369,kl,81.62,-0.5799999999999983,0.4469014108181,0.4615950584411621,0.7588009238243103
20,1337,390,370,kl,81.74,0.11999999999999034,0.373060017824173,0.42981627583503723,0.8582601547241211
20,1337,391,371,kl,81.4,-0.3399999999999892,0.32001426815986633,0.4573576748371124,1.0805976390838623
20,1337,392,372,kl,81.84,0.4399999999999977,0.5267858505249023,0.5313688516616821,0.8951469659805298
20,1337,393,373,kl,82.24,0.3999999999999915,0.4924336075782776,0.5139772295951843,0.8391685485839844
20,1337,394,374,kl,82.36,0.12000000000000455,0.17594283819198608,0.38570597767829895,0.8090664148330688
20,1337,395,375,kl,81.18,-1.1799999999999926,0.4606022536754608,0.4660012722015381,0.7973388433456421
20,1337,396,376,kl,81.02,-0.1600000000000108,0.23087164759635925,0.4260503351688385,0.7493430972099304
20,1337,397,377,kl,82.22,1.2000000000000028,0.4501873254776001,0.47379666566848755,0.8792700171470642
20,1337,398,378,kl,81.9,-0.3199999999999932,0.4264891743659973,0.4611036777496338,0.8554774522781372
20,1337,399,379,ce,80.66,-1.240000000000009,0.28466176986694336,0.3559972941875458,1.758629322052002
20,1337,400,380,kl,80.08,-0.5799999999999983,0.46273890137672424,0.4668172299861908,0.8733726143836975
20,1337,401,381,kl,81.28,1.2000000000000028,0.5423488020896912,0.5219728350639343,0.9355529546737671
20,1337,402,382,kl,81.9,0.6200000000000045,0.5636443495750427,0.5027000904083252,1.056945562362671
20,1337,403,383,kl,82.16,0.2599999999999909,0.5317705273628235,0.5475239753723145,0.9706330299377441
20,1337,404,384,kl,81.1,-1.0600000000000023,0.518784761428833,0.5057110786437988,0.9472806453704834
20,1337,405,385,kl,81.12,0.020000000000010232,0.39888131618499756,0.4605230391025543,0.8652211427688599
20,1337,406,386,kl,81.26,0.14000000000000057,0.45991700887680054,0.47451725602149963,0.7972860336303711
20,1337,407,387,kl,81.1,-0.1600000000000108,0.5563589930534363,0.5099644660949707,0.8113856315612793
20,1337,408,388,kl,82.28,1.1800000000000068,0.4483835697174072,0.4756702780723572,0.8805271983146667
20,1337,409,389,kl,80.76,-1.519999999999996,0.5959110260009766,0.5322623252868652,1.1989290714263916
20,1337,410,390,kl,81.78,1.019999999999996,0.4756621718406677,0.48395153880119324,1.0177479982376099
20,1337,411,391,kl,81.68,-0.09999999999999432,0.44505926966667175,0.4511765241622925,1.0369040966033936
20,1337,412,392,kl,81.54,-0.14000000000000057,0.3711802661418915,0.4627499282360077,0.7406699657440186
20,1337,413,393,kl,81.18,-0.35999999999999943,0.4343431890010834,0.4734897315502167,0.9005224108695984
20,1337,414,394,kl,81.8,0.6199999999999903,0.44549626111984253,0.46502187848091125,0.9705899357795715
20,1337,415,395,kl,81.42,-0.37999999999999545,0.5567907691001892,0.5518694519996643,1.0070613622665405
20,1337,416,396,kl,80.34,-1.0799999999999983,0.4161011278629303,0.4889604151248932,0.9766018390655518
20,1337,417,397,kl,80.16,-0.18000000000000682,0.502607524394989,0.5755292177200317,1.1003944873809814
20,1337,418,398,kl,82.22,2.0600000000000023,0.6463793516159058,0.5808649063110352,0.9723665118217468
20,1337,419,399,kl,81.64,-0.5799999999999983,0.4603117108345032,0.4959203898906708,0.9428907036781311
20,1337,420,400,ce,81.48,-0.1599999999999966,0.28752434253692627,0.3106549084186554,1.8242218494415283
20,42,1,-19,kl,43.5,34.08,0.6269708871841431,0.7429771423339844,1.2030327320098877
20,42,2,-18,kl,33.52,-9.979999999999997,0.6290801763534546,0.8716670870780945,1.5339449644088745
20,42,3,-17,kl,52.82,19.299999999999997,0.25318416953086853,0.6078771352767944,1.1851812601089478
20,42,4,-16,kl,59.16,6.339999999999996,0.6288257837295532,0.5454210042953491,1.171220064163208
20,42,5,-15,kl,62.86,3.700000000000003,0.7581608295440674,0.6463959217071533,1.2434204816818237
20,42,6,-14,kl,67.14,4.280000000000001,0.7387126684188843,0.5542881488800049,1.0463496446609497
20,42,7,-13,kl,70.0,2.8599999999999994,0.7401790618896484,0.5867581963539124,1.1294453144073486
20,42,8,-12,kl,71.92,1.9200000000000017,0.4164375364780426,0.4573795199394226,0.9464383125305176
20,42,9,-11,kl,73.52,1.5999999999999943,0.5601896047592163,0.46109309792518616,0.9981301426887512
20,42,10,-10,kl,73.3,-0.21999999999999886,0.6642154455184937,0.4956231415271759,0.9828646183013916
20,42,11,-9,kl,74.52,1.2199999999999989,0.4733160138130188,0.4406000077724457,0.7914561629295349
20,42,12,-8,kl,76.28,1.7600000000000051,0.38831788301467896,0.44446519017219543,1.0283273458480835
20,42,13,-7,kl,76.98,0.7000000000000028,0.6288384795188904,0.4908536374568939,1.1402713060379028
20,42,14,-6,kl,77.26,0.28000000000000114,0.4825590252876282,0.4396551847457886,0.7545279860496521
20,42,15,-5,kl,77.7,0.4399999999999977,0.5494099259376526,0.4642707109451294,0.8745477795600891
20,42,16,-4,kl,78.18,0.480000000000004,0.25628775358200073,0.40072137117385864,0.9296436309814453
20,42,17,-3,kl,77.78,-0.4000000000000057,0.4483617842197418,0.48453637957572937,0.9588741660118103
20,42,18,-2,kl,79.38,1.5999999999999943,0.5301644802093506,0.43819764256477356,0.9065181016921997
20,42,19,-1,kl,78.82,-0.5600000000000023,0.37821143865585327,0.4266936779022217,0.9157605171203613
20,42,20,0,kl,78.88,0.060000000000002274,0.478067010641098,0.44977784156799316,0.9826866984367371
20,42,21,1,ce,80.5,1.6200000000000045,0.2753203511238098,0.3321755826473236,1.9191501140594482
20,42,22,2,kl,79.58,-0.9200000000000017,0.5784528851509094,0.49807456135749817,0.9294953942298889
20,42,23,3,kl,76.8,-2.780000000000001,0.5508678555488586,0.45490583777427673,0.959510862827301
20,42,24,4,kl,78.18,1.3800000000000097,0.5214204788208008,0.45250698924064636,1.1972029209136963
20,42,25,5,kl,77.7,-0.480000000000004,0.5741677284240723,0.4821353852748871,1.1144152879714966
20,42,26,6,kl,76.38,-1.3200000000000074,0.6096947193145752,0.546231210231781,1.1490120887756348
20,42,27,7,kl,81.6,5.219999999999999,0.27975326776504517,0.4394317865371704,0.7898374795913696
20,42,28,8,kl,79.48,-2.1199999999999903,0.28360792994499207,0.4196983277797699,0.9110727310180664
20,42,29,9,kl,80.88,1.3999999999999915,0.5254068374633789,0.5026248097419739,0.8449933528900146
20,42,30,10,kl,80.4,-0.47999999999998977,0.5956931114196777,0.5031824707984924,0.9341082572937012
20,42,31,11,kl,80.2,-0.20000000000000284,0.41642051935195923,0.45130276679992676,1.0202301740646362
20,42,32,12,kl,79.0,-1.2000000000000028,0.576332688331604,0.4967261850833893,0.9017672538757324
20,42,33,13,kl,80.1,1.0999999999999943,0.6245626211166382,0.5484029054641724,1.1079018115997314
20,42,34,14,kl,80.72,0.6200000000000045,0.3098161220550537,0.4199962615966797,1.0243877172470093
20,42,35,15,kl,79.68,-1.039999999999992,0.397716224193573,0.4651343524456024,0.7942805290222168
20,42,36,16,kl,81.28,1.5999999999999943,0.38744136691093445,0.42963168025016785,0.9228630065917969
20,42,37,17,kl,81.52,0.23999999999999488,0.4194088280200958,0.44722646474838257,0.9428024291992188
20,42,38,18,kl,81.42,-0.09999999999999432,0.4503732919692993,0.4626041054725647,1.009536623954773
20,42,39,19,kl,80.5,-0.9200000000000017,0.6262713074684143,0.5014078617095947,1.066595196723938
20,42,40,20,kl,78.58,-1.9200000000000017,0.5407215356826782,0.5115119218826294,1.0460890531539917
20,42,41,21,kl,80.88,2.299999999999997,0.5376263856887817,0.49197259545326233,0.9281985759735107
20,42,42,22,ce,82.06,1.1800000000000068,0.24623171985149384,0.3233441710472107,1.8426368236541748
20,42,43,23,kl,80.9,-1.1599999999999966,0.5704507827758789,0.495585560798645,1.0042535066604614
20,42,44,24,kl,79.76,-1.1400000000000006,0.602725625038147,0.5403928160667419,0.8709642887115479
20,42,45,25,kl,79.82,0.05999999999998806,0.7255805730819702,0.6170570850372314,1.2001276016235352
20,42,46,26,kl,80.64,0.8200000000000074,0.5985866785049438,0.5221803188323975,0.9775166511535645
20,42,47,27,kl,80.68,0.04000000000000625,0.5216800570487976,0.47775954008102417,0.8225831389427185
20,42,48,28,kl,79.96,-0.7200000000000131,0.5557230710983276,0.5008882284164429,0.8841918706893921
20,42,49,29,kl,79.22,-0.7399999999999949,0.5847300291061401,0.49461230635643005,1.089461088180542
20,42,50,30,kl,81.92,2.700000000000003,0.4310816824436188,0.4786052107810974,0.9135662317276001
20,42,51,31,kl,79.68,-2.239999999999995,0.38672617077827454,0.4759565591812134,1.0963529348373413
20,42,52,32,kl,81.26,1.5799999999999983,0.4453766345977783,0.48560869693756104,1.1295756101608276
20,42,53,33,kl,80.46,-0.8000000000000114,0.5203869342803955,0.49792221188545227,1.0031987428665161
20,42,54,34,kl,82.2,1.740000000000009,0.28111711144447327,0.41526785492897034,1.011028528213501
20,42,55,35,kl,81.92,-0.28000000000000114,0.6268332004547119,0.5443788170814514,1.1047650575637817
20,42,56,36,kl,81.82,-0.10000000000000853,0.4826809763908386,0.5115377902984619,1.0230499505996704
20,42,57,37,kl,81.9,0.0800000000000125,0.4355090260505676,0.528721809387207,0.9404595494270325
20,42,58,38,kl,80.36,-1.5400000000000063,0.6538263559341431,0.5860028266906738,1.1505839824676514
20,42,59,39,kl,81.24,0.8799999999999955,0.4301619231700897,0.45018133521080017,0.7584874629974365
20,42,60,40,kl,80.88,-0.35999999999999943,0.49562180042266846,0.4984000325202942,1.10504150390625
20,42,61,41,kl,81.14,0.2600000000000051,0.41856250166893005,0.44835278391838074,0.7517167329788208
20,42,62,42,kl,81.84,0.7000000000000028,0.5554275512695312,0.49948829412460327,0.7024604082107544
20,42,63,43,ce,81.86,0.01999999999999602,0.18872013688087463,0.3505502939224243,1.7288479804992676
20,42,64,44,kl,80.04,-1.8199999999999932,0.48258334398269653,0.47086429595947266,0.9068334102630615
20,42,65,45,kl,80.58,0.539999999999992,0.2747137248516083,0.42345818877220154,0.9929551482200623
20,42,66,46,kl,81.84,1.2600000000000051,0.45731252431869507,0.4649491608142853,0.9639613628387451
20,42,67,47,kl,82.28,0.4399999999999977,0.6034884452819824,0.5199323296546936,0.9112899303436279
20,42,68,48,kl,81.72,-0.5600000000000023,0.5142495632171631,0.5236867070198059,1.0061042308807373
20,42,69,49,kl,82.52,0.7999999999999972,0.4991343021392822,0.45927608013153076,0.8745027184486389
20,42,70,50,kl,81.94,-0.5799999999999983,0.631658673286438,0.5253050327301025,0.9209283590316772
20,42,71,51,kl,81.38,-0.5600000000000023,0.4806208610534668,0.5014508962631226,0.9354517459869385
20,42,72,52,kl,81.84,0.46000000000000796,0.5251502990722656,0.5338538289070129,0.9711361527442932
20,42,73,53,kl,81.84,0.0,0.27275922894477844,0.4288748800754547,0.9734983444213867
20,42,74,54,kl,81.84,0.0,0.5705338716506958,0.5148225426673889,1.0492268800735474
20,42,75,55,kl,83.14,1.2999999999999972,0.4756452739238739,0.47391828894615173,0.9811694622039795
20,42,76,56,kl,82.48,-0.6599999999999966,0.40153515338897705,0.48531341552734375,0.9195565581321716
20,42,77,57,kl,83.04,0.5600000000000023,0.5765352249145508,0.5012784600257874,0.9700154662132263
20,42,78,58,kl,82.18,-0.8599999999999994,0.42267581820487976,0.4731321334838867,0.9349943995475769
20,42,79,59,kl,81.98,-0.20000000000000284,0.5048445463180542,0.5270076394081116,1.0510820150375366
20,42,80,60,kl,82.16,0.1799999999999926,0.3731275796890259,0.48060527443885803,1.1595423221588135
20,42,81,61,kl,82.96,0.7999999999999972,0.36346033215522766,0.4353424310684204,0.8481855988502502
20,42,82,62,kl,82.16,-0.7999999999999972,0.44229578971862793,0.47115999460220337,0.8114781379699707
20,42,83,63,kl,82.08,-0.0799999999999983,0.5512279272079468,0.47789329290390015,0.8807579874992371
20,42,84,64,ce,81.32,-0.7600000000000051,0.21755464375019073,0.3970233201980591,1.7295293807983398
20,42,85,65,kl,81.96,0.6400000000000006,0.46529513597488403,0.48696887493133545,0.9027019739151001
20,42,86,66,kl,79.68,-2.279999999999987,0.49565351009368896,0.4736878275871277,0.9585253000259399
20,42,87,67,kl,81.66,1.9799999999999898,0.4336174726486206,0.4802666902542114,0.8918097615242004
20,42,88,68,kl,80.98,-0.6799999999999926,0.399567186832428,0.45767271518707275,0.8794180750846863
20,42,89,69,kl,82.02,1.039999999999992,0.5867629647254944,0.5161870718002319,0.9353861212730408
20,42,90,70,kl,82.22,0.20000000000000284,0.5346482992172241,0.47543543577194214,0.9611552953720093
20,42,91,71,kl,82.32,0.09999999999999432,0.4994703531265259,0.4790494441986084,1.0473909378051758
20,42,92,72,kl,83.06,0.7400000000000091,0.529283881187439,0.4906441569328308,0.9450007677078247
20,42,93,73,kl,80.88,-2.180000000000007,0.6644248962402344,0.6007028222084045,1.082448959350586
20,42,94,74,kl,82.44,1.5600000000000023,0.5115783214569092,0.4859139919281006,0.7884923815727234
20,42,95,75,kl,81.7,-0.7399999999999949,0.4178609549999237,0.4456058740615845,1.0136624574661255
20,42,96,76,kl,82.72,1.019999999999996,0.5625691413879395,0.4807151257991791,0.8774959444999695
20,42,97,77,kl,81.14,-1.5799999999999983,0.4737657904624939,0.49459129571914673,0.8534413576126099
20,42,98,78,kl,82.62,1.480000000000004,0.4256402850151062,0.47437378764152527,0.9628430008888245
20,42,99,79,kl,81.74,-0.8800000000000097,0.6081480979919434,0.5201367139816284,1.0988738536834717
20,42,100,80,kl,81.74,0.0,0.6394565105438232,0.5447026491165161,0.9695422649383545
20,42,101,81,kl,81.42,-0.3199999999999932,0.6559305191040039,0.5630531311035156,1.0835424661636353
20,42,102,82,kl,83.24,1.8199999999999932,0.4273854196071625,0.45579904317855835,0.788138747215271
20,42,103,83,kl,82.66,-0.5799999999999983,0.5103693604469299,0.48753198981285095,0.9687343835830688
20,42,104,84,kl,82.06,-0.5999999999999943,0.4640306830406189,0.5070119500160217,0.9516101479530334
20,42,105,85,ce,80.58,-1.480000000000004,0.2298787236213684,0.3638027608394623,2.0269548892974854
20,42,106,86,kl,80.74,0.1599999999999966,0.6452791690826416,0.5119056105613708,0.8762766718864441
20,42,107,87,kl,78.82,-1.9200000000000017,0.6985553503036499,0.6752501130104065,1.4421961307525635
20,42,108,88,kl,82.88,4.060000000000002,0.6158135533332825,0.513532280921936,1.2504526376724243
20,42,109,89,kl,82.32,-0.5600000000000023,0.5687280297279358,0.5461450815200806,0.9373524188995361
20,42,110,90,kl,82.56,0.2400000000000091,0.30964356660842896,0.4292263686656952,0.9217576384544373
20,42,111,91,kl,81.32,-1.240000000000009,0.40634745359420776,0.4566488564014435,0.7582256197929382
20,42,112,92,kl,80.68,-0.6399999999999864,0.513536810874939,0.5419630408287048,1.0482499599456787
20,42,113,93,kl,82.3,1.6199999999999903,0.5993019342422485,0.5473790168762207,1.1099278926849365
20,42,114,94,kl,83.38,1.0799999999999983,0.6369853615760803,0.5263383984565735,0.8533419370651245
20,42,115,95,kl,80.32,-3.0600000000000023,0.5893762707710266,0.574023425579071,1.1943426132202148
20,42,116,96,kl,82.98,2.660000000000011,0.4356793165206909,0.4447877109050751,0.8642429709434509
20,42,117,97,kl,81.66,-1.3200000000000074,0.5711535811424255,0.5130065083503723,0.8361507654190063
20,42,118,98,kl,82.86,1.2000000000000028,0.384438157081604,0.42991572618484497,0.8111041784286499
20,42,119,99,kl,81.74,-1.1200000000000045,0.6394817233085632,0.5911009311676025,1.1353211402893066
20,42,120,100,kl,82.04,0.30000000000001137,0.4849206209182739,0.45252856612205505,0.8527243137359619
20,42,121,101,kl,82.22,0.1799999999999926,0.49632957577705383,0.4979530870914459,0.8711521029472351
20,42,122,102,kl,82.58,0.35999999999999943,0.5301558375358582,0.5197686553001404,0.8976758718490601
20,42,123,103,kl,83.22,0.6400000000000006,0.4403826594352722,0.48239678144454956,0.9546778202056885
20,42,124,104,kl,82.24,-0.980000000000004,0.35488611459732056,0.44493016600608826,0.8542373776435852
20,42,125,105,kl,82.54,0.30000000000001137,0.6560509204864502,0.5697138905525208,0.9415277242660522
20,42,126,106,ce,83.42,0.8799999999999955,0.3468686044216156,0.36706048250198364,1.7558903694152832
20,42,127,107,kl,81.78,-1.6400000000000006,0.36324542760849,0.47669896483421326,1.0385477542877197
20,42,128,108,kl,82.26,0.480000000000004,0.5950751900672913,0.5137836337089539,0.8002539873123169
20,42,129,109,kl,81.42,-0.8400000000000034,0.5527495741844177,0.5465273261070251,1.0484802722930908
20,42,130,110,kl,81.82,0.3999999999999915,0.4699959456920624,0.48864588141441345,1.0150659084320068
20,42,131,111,kl,82.1,0.28000000000000114,0.4895819425582886,0.4734669625759125,0.7914223670959473
20,42,132,112,kl,82.04,-0.05999999999998806,0.5063977837562561,0.49398547410964966,1.0182561874389648
20,42,133,113,kl,81.12,-0.9200000000000017,0.5631014108657837,0.5318837761878967,1.0457979440689087
20,42,134,114,kl,82.82,1.6999999999999886,0.4611450135707855,0.4737611711025238,0.9553159475326538
20,42,135,115,kl,82.52,-0.29999999999999716,0.5143508911132812,0.46508240699768066,0.8909682631492615
20,42,136,116,kl,82.74,0.21999999999999886,0.3539212942123413,0.4414471685886383,0.9546711444854736
20,42,137,117,kl,81.48,-1.259999999999991,0.5541521906852722,0.5293228626251221,1.070480227470398
20,42,138,118,kl,82.88,1.3999999999999915,0.6117540597915649,0.5700972676277161,1.1161129474639893
20,42,139,119,kl,82.52,-0.35999999999999943,0.4358876347541809,0.46850621700286865,1.074737787246704
20,42,140,120,kl,78.32,-4.200000000000003,0.6889747977256775,0.6501871347427368,1.7206965684890747
20,42,141,121,kl,81.76,3.440000000000012,0.5444928407669067,0.48797887563705444,1.0055044889450073
20,42,142,122,kl,83.42,1.6599999999999966,0.5248123407363892,0.4881415069103241,0.9352668523788452
20,42,143,123,kl,82.94,-0.480000000000004,0.43914908170700073,0.4865966737270355,0.9244941473007202
20,42,144,124,kl,81.78,-1.1599999999999966,0.3931734561920166,0.4736253023147583,0.8523536920547485
20,42,145,125,kl,82.14,0.35999999999999943,0.6326671838760376,0.5659787058830261,0.9651678204536438
20,42,146,126,kl,81.96,-0.18000000000000682,0.5134615302085876,0.4759289622306824,0.7115285992622375
20,42,147,127,ce,82.66,0.7000000000000028,0.26789507269859314,0.3778855502605438,1.4780009984970093
20,42,148,128,kl,80.94,-1.7199999999999989,0.6160054206848145,0.5624616146087646,1.216538429260254
20,42,149,129,kl,81.32,0.37999999999999545,0.5230038166046143,0.5217973589897156,1.1752341985702515
20,42,150,130,kl,80.26,-1.059999999999988,0.7719635963439941,0.6871707439422607,1.3167520761489868
20,42,151,131,kl,81.02,0.7599999999999909,0.5512641072273254,0.47632351517677307,1.0976818799972534
20,42,152,132,kl,82.2,1.1800000000000068,0.4284236431121826,0.44844144582748413,0.9770722985267639
20,42,153,133,kl,82.78,0.5799999999999983,0.6292554140090942,0.5368702411651611,1.0397076606750488
20,42,154,134,kl,81.72,-1.0600000000000023,0.4876555800437927,0.46660250425338745,0.9698036909103394
20,42,155,135,kl,82.64,0.9200000000000017,0.5976621508598328,0.523747444152832,0.9462037682533264
20,42,156,136,kl,82.72,0.0799999999999983,0.46254947781562805,0.4423666298389435,0.8485336303710938
20,42,157,137,kl,83.32,0.5999999999999943,0.5637883543968201,0.49153783917427063,0.8605877757072449
20,42,158,138,kl,83.44,0.12000000000000455,0.4559028744697571,0.4619413912296295,0.8467419147491455
20,42,159,139,kl,81.2,-2.239999999999995,0.6884196996688843,0.5519537925720215,1.0290048122406006
20,42,160,140,kl,80.9,-0.29999999999999716,0.5418106317520142,0.5007994174957275,0.9379093647003174
20,42,161,141,kl,82.7,1.7999999999999972,0.5055080056190491,0.48061370849609375,0.9702718257904053
20,42,162,142,kl,82.52,-0.18000000000000682,0.22727692127227783,0.4308681786060333,0.8974404335021973
20,42,163,143,kl,81.74,-0.7800000000000011,0.5594066381454468,0.5215590596199036,0.8066635131835938
20,42,164,144,kl,81.64,-0.09999999999999432,0.4799158573150635,0.4301513135433197,0.8759159445762634
20,42,165,145,kl,80.86,-0.7800000000000011,0.35684099793434143,0.47151291370391846,1.1444902420043945
20,42,166,146,kl,82.2,1.3400000000000034,0.45845267176628113,0.4606229066848755,0.7753549814224243
20,42,167,147,kl,80.2,-2.0,0.47307413816452026,0.5027505159378052,1.2693912982940674
20,42,168,148,ce,82.16,1.9599999999999937,0.2450444996356964,0.38183873891830444,1.9644006490707397
20,42,169,149,kl,81.8,-0.35999999999999943,0.4541628956794739,0.5634885430335999,1.2660270929336548
20,42,170,150,kl,79.62,-2.1799999999999926,0.34806573390960693,0.4403916299343109,0.9922502040863037
20,42,171,151,kl,80.64,1.019999999999996,0.6157063245773315,0.5700944662094116,1.0187387466430664
20,42,172,152,kl,82.24,1.5999999999999943,0.4295206069946289,0.48325759172439575,0.9045878648757935
20,42,173,153,kl,82.26,0.020000000000010232,0.6072553992271423,0.5430252552032471,0.8898865580558777
20,42,174,154,kl,80.46,-1.8000000000000114,0.632233738899231,0.5897001624107361,1.4828675985336304
20,42,175,155,kl,83.2,2.740000000000009,0.516255795955658,0.4875616431236267,1.0586111545562744
20,42,176,156,kl,83.46,0.2599999999999909,0.5280556678771973,0.4790037274360657,0.9032363891601562
20,42,177,157,kl,80.76,-2.6999999999999886,0.5327816009521484,0.5100206732749939,1.0214037895202637
20,42,178,158,kl,81.98,1.2199999999999989,0.5515251159667969,0.5008807182312012,0.945805549621582
20,42,179,159,kl,82.2,0.21999999999999886,0.5693422555923462,0.540550947189331,1.0700832605361938
20,42,180,160,kl,82.2,0.0,0.5532068014144897,0.5221353769302368,0.9497865438461304
20,42,181,161,kl,82.38,0.1799999999999926,0.5657813549041748,0.5484747886657715,1.1471573114395142
20,42,182,162,kl,80.82,-1.5600000000000023,0.32566818594932556,0.4608055055141449,0.9510654211044312
20,42,183,163,kl,81.56,0.7400000000000091,0.49453800916671753,0.5345823168754578,0.9930490255355835
20,42,184,164,kl,81.66,0.09999999999999432,0.4520781338214874,0.4498193562030792,0.8694982528686523
20,42,185,165,kl,82.02,0.35999999999999943,0.5598500370979309,0.5297533273696899,0.9975445866584778
20,42,186,166,kl,83.74,1.7199999999999989,0.600750207901001,0.5211090445518494,1.0219160318374634
20,42,187,167,kl,82.36,-1.3799999999999955,0.6151304244995117,0.516715943813324,0.9762080311775208
20,42,188,168,kl,82.08,-0.28000000000000114,0.5377753376960754,0.49925076961517334,1.0180796384811401
20,42,189,169,ce,83.64,1.5600000000000023,0.24876278638839722,0.3266311287879944,1.9685574769973755
20,42,190,170,kl,81.38,-2.260000000000005,0.36428776383399963,0.4265109598636627,0.7715162038803101
20,42,191,171,kl,81.68,0.30000000000001137,0.6823471784591675,0.5794815421104431,1.2867926359176636
20,42,192,172,kl,81.94,0.2599999999999909,0.4564702808856964,0.4677165746688843,0.8626438975334167
20,42,193,173,kl,81.24,-0.7000000000000028,0.5632628202438354,0.5766181349754333,1.2158255577087402
20,42,194,174,kl,82.3,1.0600000000000023,0.4916154742240906,0.5040488839149475,0.742843747138977
20,42,195,175,kl,80.72,-1.5799999999999983,0.5908766984939575,0.5186713933944702,1.0454658269882202
20,42,196,176,kl,82.3,1.5799999999999983,0.5052120685577393,0.46645599603652954,0.7839221358299255
20,42,197,177,kl,82.26,-0.03999999999999204,0.4746829569339752,0.5161015391349792,0.9050341844558716
20,42,198,178,kl,82.82,0.5599999999999881,0.4416736364364624,0.4603036046028137,0.7646796703338623
20,42,199,179,kl,82.12,-0.6999999999999886,0.5467080473899841,0.5733639597892761,1.0261952877044678
20,42,200,180,kl,80.86,-1.2600000000000051,0.6135331392288208,0.5334518551826477,1.0478801727294922
20,42,201,181,kl,82.06,1.2000000000000028,0.4605942368507385,0.5251649618148804,1.0346945524215698
20,42,202,182,kl,83.36,1.2999999999999972,0.49091285467147827,0.4800053536891937,0.8057203888893127
20,42,203,183,kl,82.5,-0.8599999999999994,0.49078553915023804,0.5038195848464966,0.9644806385040283
20,42,204,184,kl,83.54,1.0400000000000063,0.4251699447631836,0.49183639883995056,0.8705428838729858
20,42,205,185,kl,82.86,-0.6800000000000068,0.43122023344039917,0.4720878005027771,0.8627009987831116
20,42,206,186,kl,82.24,-0.6200000000000045,0.5786265730857849,0.5599254965782166,0.9993592500686646
20,42,207,187,kl,82.82,0.5799999999999983,0.5143716335296631,0.5004428625106812,0.8295535445213318
20,42,208,188,kl,82.24,-0.5799999999999983,0.48869848251342773,0.4827522337436676,0.9070490598678589
20,42,209,189,kl,83.26,1.0200000000000102,0.4506506323814392,0.4871727526187897,0.9993415474891663
20,42,210,190,ce,81.98,-1.2800000000000011,0.22080619633197784,0.3470067083835602,1.9112231731414795
20,42,211,191,kl,80.9,-1.0799999999999983,0.46809250116348267,0.5032676458358765,1.0970839262008667
20,42,212,192,kl,82.0,1.0999999999999943,0.4653036594390869,0.48764291405677795,0.9302282333374023
20,42,213,193,kl,81.98,-0.01999999999999602,0.5996041297912598,0.5659255385398865,0.9338967204093933
20,42,214,194,kl,81.68,-0.29999999999999716,0.574416995048523,0.5141952037811279,1.0454143285751343
20,42,215,195,kl,82.66,0.9799999999999898,0.46417036652565,0.5084684491157532,0.9245218634605408
20,42,216,196,kl,82.56,-0.09999999999999432,0.6944711804389954,0.578671395778656,1.0042375326156616
20,42,217,197,kl,82.0,-0.5600000000000023,0.5977566838264465,0.5540392398834229,1.1625864505767822
20,42,218,198,kl,82.72,0.7199999999999989,0.44140785932540894,0.44691264629364014,0.8475721478462219
20,42,219,199,kl,82.08,-0.6400000000000006,0.4026613235473633,0.5083138346672058,0.9273423552513123
20,42,220,200,kl,81.72,-0.35999999999999943,0.39407315850257874,0.47618183493614197,1.009196400642395
20,42,221,201,kl,81.48,-0.23999999999999488,0.5676775574684143,0.5208914279937744,0.9841460585594177
20,42,222,202,kl,82.68,1.2000000000000028,0.4614100158214569,0.49678462743759155,1.0117383003234863
20,42,223,203,kl,81.34,-1.3400000000000034,0.4447292685508728,0.46179646253585815,1.0415079593658447
20,42,224,204,kl,81.94,0.5999999999999943,0.4606003165245056,0.4491650462150574,0.951194703578949
20,42,225,205,kl,82.56,0.6200000000000045,0.45673274993896484,0.4768533706665039,0.9585474133491516
20,42,226,206,kl,82.32,-0.2400000000000091,0.3631914556026459,0.48318034410476685,1.0259273052215576
20,42,227,207,kl,78.2,-4.11999999999999,0.7570247650146484,0.6912474036216736,1.5182437896728516
20,42,228,208,kl,83.32,5.11999999999999,0.2914915978908539,0.46850457787513733,1.0471713542938232
20,42,229,209,kl,81.96,-1.3599999999999994,0.5400122404098511,0.5039275884628296,0.9185389876365662
20,42,230,210,kl,81.52,-0.4399999999999977,0.47762709856033325,0.49080169200897217,0.9808477163314819
20,42,231,211,ce,81.96,0.4399999999999977,0.1539125144481659,0.3417373597621918,1.727378010749817
20,42,232,212,kl,82.02,0.060000000000002274,0.47968804836273193,0.4974687993526459,0.983465850353241
20,42,233,213,kl,82.64,0.6200000000000045,0.43534916639328003,0.4933871924877167,1.1153268814086914
20,42,234,214,kl,81.88,-0.7600000000000051,0.5246145725250244,0.5252969861030579,0.923274576663971
20,42,235,215,kl,83.24,1.3599999999999994,0.5196780562400818,0.48634374141693115,0.9602059721946716
20,42,236,216,kl,80.54,-2.6999999999999886,0.5300487875938416,0.5515041947364807,1.2866582870483398
20,42,237,217,kl,81.98,1.4399999999999977,0.4449077546596527,0.4589484930038452,0.8349784016609192
20,42,238,218,kl,81.42,-0.5600000000000023,0.486357182264328,0.4510497748851776,0.7457677125930786
20,42,239,219,kl,82.52,1.0999999999999943,0.4513408839702606,0.4860992431640625,0.916703462600708
20,42,240,220,kl,82.32,-0.20000000000000284,0.45559006929397583,0.48327359557151794,0.9824467897415161
20,42,241,221,kl,81.76,-0.5599999999999881,0.5429670810699463,0.5039808750152588,0.9041156768798828
20,42,242,222,kl,79.88,-1.8800000000000097,0.6994988918304443,0.6154857277870178,1.334618330001831
20,42,243,223,kl,83.76,3.8800000000000097,0.46075811982154846,0.46813663840293884,0.8111543655395508
20,42,244,224,kl,82.96,-0.8000000000000114,0.4140053987503052,0.46604403853416443,0.8144663572311401
20,42,245,225,kl,81.42,-1.539999999999992,0.6409805417060852,0.5609313249588013,1.0321943759918213
20,42,246,226,kl,82.76,1.3400000000000034,0.23370710015296936,0.4124068021774292,0.8766528367996216
20,42,247,227,kl,83.0,0.23999999999999488,0.5141778588294983,0.5154869556427002,0.9977582097053528
20,42,248,228,kl,81.28,-1.7199999999999989,0.5475727915763855,0.5208908319473267,0.9399803876876831
20,42,249,229,kl,83.26,1.980000000000004,0.4430217444896698,0.4639659821987152,0.827251672744751
20,42,250,230,kl,80.66,-2.6000000000000085,0.3964216709136963,0.48662832379341125,1.073404312133789
20,42,251,231,kl,81.7,1.0400000000000063,0.6051384210586548,0.5420010089874268,0.9643613696098328
20,42,252,232,ce,82.92,1.2199999999999989,0.2002091109752655,0.35567641258239746,1.7765942811965942
20,42,253,233,kl,81.86,-1.0600000000000023,0.5750729441642761,0.5277112126350403,1.0045466423034668
20,42,254,234,kl,80.58,-1.2800000000000011,0.45871701836586,0.48892834782600403,0.9674543142318726
20,42,255,235,kl,80.12,-0.45999999999999375,0.372040331363678,0.49647361040115356,1.1197751760482788
20,42,256,236,kl,82.66,2.539999999999992,0.6619429588317871,0.6017441153526306,1.177329421043396
20,42,257,237,kl,80.2,-2.4599999999999937,0.6149497032165527,0.5637217164039612,1.1809625625610352
20,42,258,238,kl,82.78,2.5799999999999983,0.5129871368408203,0.4838145971298218,0.8801310658454895
20,42,259,239,kl,82.6,-0.18000000000000682,0.45493316650390625,0.48827221989631653,1.0042400360107422
20,42,260,240,kl,82.02,-0.5799999999999983,0.5953341722488403,0.5360909104347229,1.0142083168029785
20,42,261,241,kl,83.36,1.3400000000000034,0.48714059591293335,0.4533981382846832,0.9136287569999695
20,42,262,242,kl,83.58,0.21999999999999886,0.2701754570007324,0.4306623935699463,0.8768464922904968
20,42,263,243,kl,83.24,-0.3400000000000034,0.323050856590271,0.41587865352630615,0.916059136390686
20,42,264,244,kl,81.24,-2.0,0.4479988217353821,0.4751955270767212,1.0232892036437988
20,42,265,245,kl,82.06,0.8200000000000074,0.6003710031509399,0.48443368077278137,1.0663946866989136
20,42,266,246,kl,81.88,-0.18000000000000682,0.5952290892601013,0.5071689486503601,1.1359471082687378
20,42,267,247,kl,82.04,0.1600000000000108,0.5082319974899292,0.4724583923816681,1.0332653522491455
20,42,268,248,kl,83.54,1.5,0.49270039796829224,0.4552935063838959,0.7574451565742493
20,42,269,249,kl,81.46,-2.0800000000000125,0.38985323905944824,0.47017285227775574,1.1159971952438354
20,42,270,250,kl,82.26,0.8000000000000114,0.43852293491363525,0.49624234437942505,0.8819488883018494
20,42,271,251,kl,83.66,1.3999999999999915,0.4210747182369232,0.44017934799194336,0.9188107848167419
20,42,272,252,kl,81.3,-2.3599999999999994,0.5880153179168701,0.5407047271728516,1.1098906993865967
20,42,273,253,ce,82.88,1.5799999999999983,0.13818901777267456,0.3328406512737274,1.6988521814346313
20,42,274,254,kl,81.3,-1.5799999999999983,0.5631358027458191,0.5382811427116394,1.3369600772857666
20,42,275,255,kl,82.64,1.3400000000000034,0.5940278768539429,0.505759596824646,0.9661140441894531
20,42,276,256,kl,82.02,-0.6200000000000045,0.44170209765434265,0.4666634798049927,0.9242732524871826
20,42,277,257,kl,83.52,1.5,0.44143128395080566,0.45051977038383484,0.8214226365089417
20,42,278,258,kl,83.08,-0.4399999999999977,0.493914932012558,0.4935455322265625,0.8613694906234741
20,42,279,259,kl,81.92,-1.1599999999999966,0.5690529346466064,0.5552833080291748,1.043358325958252
20,42,280,260,kl,80.64,-1.2800000000000011,0.5024951696395874,0.4870065152645111,1.0818777084350586
20,42,281,261,kl,80.88,0.23999999999999488,0.4287371337413788,0.4742037057876587,0.9799247980117798
20,42,282,262,kl,81.64,0.7600000000000051,0.5137830376625061,0.5045033097267151,0.8776936531066895
20,42,283,263,kl,82.2,0.5600000000000023,0.6060024499893188,0.5318164825439453,1.0195986032485962
20,42,284,264,kl,82.36,0.1599999999999966,0.31056728959083557,0.4564874470233917,0.7157697677612305
20,42,285,265,kl,81.38,-0.980000000000004,0.5698080658912659,0.5160516500473022,0.8884249329566956
20,42,286,266,kl,82.24,0.8599999999999994,0.3715388774871826,0.4590948820114136,0.8667336106300354
20,42,287,267,kl,80.24,-2.0,0.41957107186317444,0.49293944239616394,1.1611424684524536
20,42,288,268,kl,82.64,2.4000000000000057,0.3772803246974945,0.4346437454223633,0.8821114301681519
20,42,289,269,kl,81.3,-1.3400000000000034,0.46432819962501526,0.5060834288597107,1.0080463886260986
20,42,290,270,kl,82.88,1.5799999999999983,0.4423389136791229,0.47372719645500183,0.9267048835754395
20,42,291,271,kl,83.0,0.12000000000000455,0.6040173768997192,0.5172908902168274,0.9251312613487244
20,42,292,272,kl,81.32,-1.6800000000000068,0.4484148621559143,0.5066578388214111,0.9880317449569702
20,42,293,273,kl,83.98,2.660000000000011,0.49431490898132324,0.4598090648651123,0.8345358967781067
20,42,294,274,ce,80.42,-3.5600000000000023,0.27193811535835266,0.3121664226055145,1.80690336227417
20,42,295,275,kl,82.46,2.039999999999992,0.4512825012207031,0.4586910307407379,1.0051764249801636
20,42,296,276,kl,82.04,-0.4199999999999875,0.6471617221832275,0.5585719347000122,1.088472604751587
20,42,297,277,kl,80.34,-1.7000000000000028,0.38106366991996765,0.48036134243011475,1.010372281074524
20,42,298,278,kl,83.0,2.6599999999999966,0.558570384979248,0.5162963271141052,0.9624413847923279
20,42,299,279,kl,82.26,-0.7399999999999949,0.5812920331954956,0.5081993937492371,0.9460566639900208
20,42,300,280,kl,83.7,1.4399999999999977,0.3796369135379791,0.47050419449806213,0.7961002588272095
20,42,301,281,kl,82.64,-1.0600000000000023,0.22592338919639587,0.42319735884666443,1.042511224746704
20,42,302,282,kl,82.88,0.23999999999999488,0.6021259427070618,0.5185389518737793,1.0491565465927124
20,42,303,283,kl,80.48,-2.3999999999999915,0.6001513600349426,0.5384271144866943,1.1699515581130981
20,42,304,284,kl,82.84,2.3599999999999994,0.5523276329040527,0.48208755254745483,1.0179023742675781
20,42,305,285,kl,81.26,-1.5799999999999983,0.31684383749961853,0.4607888460159302,1.0190452337265015
20,42,306,286,kl,82.54,1.2800000000000011,0.5474519729614258,0.5061572194099426,0.8262839913368225
20,42,307,287,kl,82.16,-0.38000000000000966,0.5087146759033203,0.5125277638435364,1.1137839555740356
20,42,308,288,kl,82.48,0.3200000000000074,0.5366588830947876,0.5154159665107727,0.9062954783439636
20,42,309,289,kl,81.5,-0.980000000000004,0.5462809801101685,0.5256649255752563,1.1892330646514893
20,42,310,290,kl,82.44,0.9399999999999977,0.5178229808807373,0.4901998043060303,0.8579549193382263
20,42,311,291,kl,83.22,0.7800000000000011,0.386740118265152,0.49761560559272766,0.9207236170768738
20,42,312,292,kl,82.62,-0.5999999999999943,0.5398061275482178,0.5116676688194275,0.9328064918518066
20,42,313,293,kl,82.44,-0.18000000000000682,0.594469428062439,0.5559779405593872,1.0420784950256348
20,42,314,294,kl,82.88,0.4399999999999977,0.5465081930160522,0.5175139307975769,0.7916052341461182
20,42,315,295,ce,82.34,-0.539999999999992,0.2217564880847931,0.31854507327079773,1.7464818954467773
20,42,316,296,kl,81.68,-0.6599999999999966,0.4677865505218506,0.5179055333137512,1.1359543800354004
20,42,317,297,kl,81.68,0.0,0.596909761428833,0.5432575345039368,1.1706430912017822
20,42,318,298,kl,83.0,1.3199999999999932,0.6574362516403198,0.5988972783088684,1.0710985660552979
20,42,319,299,kl,82.38,-0.6200000000000045,0.44018232822418213,0.4809808135032654,0.9938961863517761
20,42,320,300,kl,82.5,0.12000000000000455,0.3948677182197571,0.45511549711227417,1.007327914237976
20,42,321,301,kl,83.5,1.0,0.5720474720001221,0.5066270232200623,0.9643010497093201
20,42,322,302,kl,80.94,-2.5600000000000023,0.6322424411773682,0.5775793194770813,1.2102406024932861
20,42,323,303,kl,82.16,1.2199999999999989,0.5252733826637268,0.5297499895095825,0.9858468770980835
20,42,324,304,kl,82.62,0.46000000000000796,0.4111395478248596,0.4665703773498535,0.8357757925987244
20,42,325,305,kl,82.68,0.060000000000002274,0.6108964681625366,0.545091450214386,0.9967030882835388
20,42,326,306,kl,83.12,0.4399999999999977,0.6741042733192444,0.6386920213699341,1.255370855331421
20,42,327,307,kl,83.1,-0.020000000000010232,0.30816227197647095,0.4330873489379883,0.994614839553833
20,42,328,308,kl,82.4,-0.6999999999999886,0.38701289892196655,0.4666686952114105,1.007260799407959
20,42,329,309,kl,82.98,0.5799999999999983,0.43089574575424194,0.487277626991272,0.9214082956314087
20,42,330,310,kl,82.88,-0.10000000000000853,0.6061040163040161,0.5331006646156311,0.96148282289505
20,42,331,311,kl,82.94,0.060000000000002274,0.590634822845459,0.5307693481445312,1.0140371322631836
20,42,332,312,kl,81.82,-1.1200000000000045,0.5708366632461548,0.5430436730384827,1.01766037940979
20,42,333,313,kl,82.74,0.9200000000000017,0.45728474855422974,0.4854779541492462,0.9136900901794434
20,42,334,314,kl,82.1,-0.6400000000000006,0.3464166820049286,0.4608696401119232,0.9068254828453064
20,42,335,315,kl,81.2,-0.8999999999999915,0.26982590556144714,0.4299429655075073,0.785287618637085
20,42,336,316,ce,82.44,1.2399999999999949,0.2085484117269516,0.37699878215789795,1.770865797996521
20,42,337,317,kl,82.02,-0.4200000000000017,0.500789225101471,0.5213534235954285,0.9946173429489136
20,42,338,318,kl,81.96,-0.060000000000002274,0.5313516855239868,0.5252613425254822,0.8987390995025635
20,42,339,319,kl,83.24,1.2800000000000011,0.5385869145393372,0.5542402267456055,1.0985498428344727
20,42,340,320,kl,81.06,-2.1799999999999926,0.4732624590396881,0.5062992572784424,0.9669853448867798
20,42,341,321,kl,83.58,2.519999999999996,0.4595906734466553,0.4359588623046875,0.8404574990272522
20,42,342,322,kl,83.06,-0.519999999999996,0.552232563495636,0.4891698956489563,0.7921379208564758
20,42,343,323,kl,82.52,-0.5400000000000063,0.37435391545295715,0.4757290482521057,0.988966166973114
20,42,344,324,kl,83.46,0.9399999999999977,0.5649447441101074,0.5397734045982361,0.9846027493476868
20,42,345,325,kl,82.28,-1.1799999999999926,0.47940385341644287,0.49067196249961853,0.9455273151397705
20,42,346,326,kl,83.1,0.8199999999999932,0.49240222573280334,0.4943024516105652,0.9697478413581848
20,42,347,327,kl,82.06,-1.039999999999992,0.405620276927948,0.473302960395813,0.9857460260391235
20,42,348,328,kl,82.76,0.7000000000000028,0.6082687377929688,0.5425803065299988,1.207241177558899
20,42,349,329,kl,82.54,-0.21999999999999886,0.4208763837814331,0.48200857639312744,0.9116889834403992
20,42,350,330,kl,80.04,-2.5,0.5726993083953857,0.5615717768669128,1.2121816873550415
20,42,351,331,kl,82.32,2.279999999999987,0.4736654758453369,0.44950345158576965,0.9222243428230286
20,42,352,332,kl,82.4,0.0800000000000125,0.519985020160675,0.5117445588111877,0.9174517393112183
20,42,353,333,kl,82.94,0.539999999999992,0.6206552982330322,0.5649721622467041,0.9239977598190308
20,42,354,334,kl,83.06,0.12000000000000455,0.5191439390182495,0.5156877040863037,0.8413242697715759
20,42,355,335,kl,82.24,-0.8200000000000074,0.5420303344726562,0.503844141960144,0.879112184047699
20,42,356,336,kl,82.82,0.5799999999999983,0.5605300068855286,0.527396023273468,0.8724533915519714
20,42,357,337,ce,81.42,-1.3999999999999915,0.3183181881904602,0.4276866018772125,1.6332433223724365
20,42,358,338,kl,81.74,0.3199999999999932,0.4872681200504303,0.49047645926475525,1.1519746780395508
20,42,359,339,kl,83.02,1.2800000000000011,0.5691840052604675,0.502790093421936,0.8722079396247864
20,42,360,340,kl,82.8,-0.21999999999999886,0.48084789514541626,0.47015443444252014,0.8842509388923645
20,42,361,341,kl,82.78,-0.01999999999999602,0.49904459714889526,0.4855029582977295,0.7501564621925354
20,42,362,342,kl,82.42,-0.35999999999999943,0.5407347083091736,0.518661379814148,0.9871248602867126
20,42,363,343,kl,82.88,0.45999999999999375,0.4107993543148041,0.46576419472694397,0.8203749060630798
20,42,364,344,kl,82.3,-0.5799999999999983,0.4252300262451172,0.4834595024585724,0.9405887126922607
20,42,365,345,kl,82.68,0.38000000000000966,0.4192538857460022,0.4800126552581787,0.9475589394569397
20,42,366,346,kl,83.46,0.7799999999999869,0.3442501425743103,0.45656049251556396,0.8116393089294434
20,42,367,347,kl,80.96,-2.5,0.5694001317024231,0.4958585202693939,0.8237801790237427
20,42,368,348,kl,82.58,1.6200000000000045,0.6046848297119141,0.5663657784461975,0.9940760731697083
20,42,369,349,kl,82.56,-0.01999999999999602,0.269665002822876,0.4619930386543274,0.8867034316062927
20,42,370,350,kl,81.06,-1.5,0.6181252598762512,0.554129421710968,1.2463140487670898
20,42,371,351,kl,81.38,0.3199999999999932,0.4683590531349182,0.46324068307876587,0.840223491191864
20,42,372,352,kl,82.54,1.1600000000000108,0.5541943311691284,0.533504068851471,0.8884902000427246
20,42,373,353,kl,82.92,0.37999999999999545,0.4788329005241394,0.4885706603527069,0.7859110832214355
20,42,374,354,kl,82.34,-0.5799999999999983,0.5760837197303772,0.5439571738243103,1.1498268842697144
20,42,375,355,kl,80.6,-1.740000000000009,0.40288397669792175,0.49217918515205383,1.1454312801361084
20,42,376,356,kl,83.54,2.940000000000012,0.23591257631778717,0.4156971871852875,0.8174467086791992
20,42,377,357,kl,82.22,-1.3200000000000074,0.5194897055625916,0.4841543734073639,0.8459108471870422
20,42,378,358,ce,82.58,0.35999999999999943,0.19028736650943756,0.36778968572616577,1.6830118894577026
20,42,379,359,kl,82.26,-0.3199999999999932,0.6333314180374146,0.5649051666259766,1.1028939485549927
20,42,380,360,kl,82.34,0.0799999999999983,0.4270087480545044,0.48830446600914,0.9953540563583374
20,42,381,361,kl,82.78,0.4399999999999977,0.2004891335964203,0.4103486239910126,0.9818965792655945
20,42,382,362,kl,81.98,-0.7999999999999972,0.6114888191223145,0.5177726149559021,0.9103783369064331
20,42,383,363,kl,82.82,0.8399999999999892,0.579048216342926,0.5321928858757019,0.9073024988174438
20,42,384,364,kl,82.0,-0.8199999999999932,0.6481467485427856,0.564501941204071,0.9327808022499084
20,42,385,365,kl,81.42,-0.5799999999999983,0.4679664671421051,0.45583680272102356,0.8095372319221497
20,42,386,366,kl,81.94,0.519999999999996,0.5364547967910767,0.4801950454711914,0.8533754348754883
20,42,387,367,kl,82.64,0.7000000000000028,0.31817111372947693,0.44080454111099243,0.8567013740539551
20,42,388,368,kl,80.62,-2.019999999999996,0.43397217988967896,0.5212327241897583,1.2301839590072632
20,42,389,369,kl,81.28,0.6599999999999966,0.5569380521774292,0.5231404304504395,0.8293007612228394
20,42,390,370,kl,82.02,0.7399999999999949,0.6493205428123474,0.530398428440094,0.8637698292732239
20,42,391,371,kl,82.74,0.7199999999999989,0.4369027614593506,0.4537140130996704,0.6921613216400146
20,42,392,372,kl,81.98,-0.7599999999999909,0.6317225098609924,0.5529688596725464,1.0631206035614014
20,42,393,373,kl,80.12,-1.8599999999999994,0.4784291386604309,0.4592799246311188,0.9682038426399231
20,42,394,374,kl,82.0,1.8799999999999955,0.5438069701194763,0.5266887545585632,0.9142603278160095
20,42,395,375,kl,80.76,-1.2399999999999949,0.5281628370285034,0.5714658498764038,1.061366319656372
20,42,396,376,kl,82.56,1.7999999999999972,0.4356333613395691,0.46856215596199036,0.9038749933242798
20,42,397,377,kl,82.78,0.21999999999999886,0.665616512298584,0.6218299269676208,1.1877676248550415
20,42,398,378,kl,81.86,-0.9200000000000017,0.4757072627544403,0.48940107226371765,1.0417958498001099
20,42,399,379,ce,79.72,-2.1400000000000006,0.30583930015563965,0.3824881315231323,2.088599681854248
20,42,400,380,kl,82.32,2.5999999999999943,0.606896162033081,0.5777332186698914,1.0659499168395996
20,42,401,381,kl,75.26,-7.059999999999988,0.6708300113677979,0.6357067227363586,1.4710243940353394
20,42,402,382,kl,81.9,6.640000000000001,0.5054699182510376,0.5322644710540771,1.0493764877319336
20,42,403,383,kl,82.04,0.14000000000000057,0.6290829181671143,0.5646761059761047,1.1542679071426392
20,42,404,384,kl,82.86,0.8199999999999932,0.38401830196380615,0.47709861397743225,1.0064165592193604
20,42,405,385,kl,82.42,-0.4399999999999977,0.5654113292694092,0.5034505128860474,0.991874635219574
20,42,406,386,kl,82.26,-0.1599999999999966,0.5255064964294434,0.49398374557495117,0.8617093563079834
20,42,407,387,kl,82.8,0.539999999999992,0.3707197606563568,0.48422279953956604,1.0205246210098267
20,42,408,388,kl,82.18,-0.6199999999999903,0.5480325222015381,0.5010440945625305,0.7918469905853271
20,42,409,389,kl,83.08,0.8999999999999915,0.398675799369812,0.4468093812465668,0.9312721490859985
20,42,410,390,kl,83.94,0.8599999999999994,0.49241548776626587,0.4596705734729767,0.8765369653701782
20,42,411,391,kl,82.44,-1.5,0.4638250470161438,0.4956706464290619,1.0445618629455566
20,42,412,392,kl,82.32,-0.12000000000000455,0.3918038010597229,0.47401607036590576,1.1157108545303345
20,42,413,393,kl,82.6,0.28000000000000114,0.551106333732605,0.5088907480239868,1.0405699014663696
20,42,414,394,kl,81.24,-1.3599999999999994,0.4693150520324707,0.505489706993103,1.0485892295837402
20,42,415,395,kl,82.76,1.5200000000000102,0.6393108367919922,0.5785697102546692,1.0185927152633667
20,42,416,396,kl,82.72,-0.04000000000000625,0.5349224805831909,0.5254356265068054,0.9715680480003357
20,42,417,397,kl,82.34,-0.37999999999999545,0.5199084281921387,0.5164861679077148,0.9383195638656616
20,42,418,398,kl,82.78,0.4399999999999977,0.4573017954826355,0.480523943901062,0.8322781920433044
20,42,419,399,kl,81.98,-0.7999999999999972,0.6411845684051514,0.5376933813095093,0.9926887154579163
20,42,420,400,ce,82.4,0.4200000000000017,0.28530997037887573,0.4157654345035553,1.7005388736724854
20,456,1,-19,kl,38.88,29.200000000000003,0.4824438691139221,0.7156639099121094,1.1819918155670166
20,456,2,-18,kl,45.32,6.439999999999998,0.5967932939529419,0.6747978329658508,1.359810471534729
20,456,3,-17,kl,56.9,11.579999999999998,0.6256009340286255,0.5993338823318481,1.4776279926300049
20,456,4,-16,kl,62.46,5.560000000000002,0.31388479471206665,0.5060144066810608,1.0732671022415161
20,456,5,-15,kl,65.46,2.999999999999993,0.4456299841403961,0.5391985177993774,1.0055537223815918
20,456,6,-14,kl,70.54,5.0800000000000125,0.528087854385376,0.47647449374198914,0.9155904650688171
20,456,7,-13,kl,71.5,0.9599999999999937,0.5111336708068848,0.465453565120697,0.9019299745559692
20,456,8,-12,kl,72.84,1.3400000000000034,0.6070346832275391,0.5137936472892761,0.8038699626922607
20,456,9,-11,kl,71.76,-1.0799999999999983,0.7449295520782471,0.5844437479972839,1.1550607681274414
20,456,10,-10,kl,75.02,3.259999999999991,0.6763960719108582,0.5560247302055359,1.3719947338104248
20,456,11,-9,kl,75.86,0.8400000000000034,0.5518840551376343,0.4657424986362457,0.8857918381690979
20,456,12,-8,kl,77.14,1.2800000000000011,0.648126482963562,0.5245492458343506,1.0686367750167847
20,456,13,-7,kl,77.7,0.5600000000000023,0.6412703990936279,0.48775598406791687,0.9580966830253601
20,456,14,-6,kl,76.86,-0.8400000000000034,0.6909279823303223,0.525417149066925,0.8042179942131042
20,456,15,-5,kl,78.52,1.6599999999999966,0.6404484510421753,0.46198156476020813,0.8876692056655884
20,456,16,-4,kl,78.02,-0.5,0.3786548972129822,0.4381864666938782,1.0232031345367432
20,456,17,-3,kl,78.4,0.38000000000000966,0.5134841203689575,0.44297516345977783,0.8582233786582947
20,456,18,-2,kl,79.02,0.6199999999999903,0.5359205007553101,0.455501914024353,1.0411100387573242
20,456,19,-1,kl,79.02,0.0,0.44509628415107727,0.43795642256736755,0.8925197124481201
20,456,20,0,kl,78.98,-0.03999999999999204,0.6676456332206726,0.46841174364089966,0.8004286289215088
20,456,21,1,ce,80.44,1.4599999999999937,0.23500773310661316,0.2796490788459778,1.8813053369522095
20,456,22,2,kl,77.66,-2.780000000000001,0.5350906848907471,0.4846351146697998,0.9015529155731201
20,456,23,3,kl,79.84,2.180000000000007,0.4970821738243103,0.4077491760253906,0.7899454236030579
20,456,24,4,kl,80.02,0.1799999999999926,0.47647416591644287,0.45927971601486206,0.9111323952674866
20,456,25,5,kl,78.64,-1.3799999999999955,0.676243782043457,0.49721699953079224,0.9900348782539368
20,456,26,6,kl,79.76,1.1200000000000045,0.43146538734436035,0.4445050060749054,0.9507866501808167
20,456,27,7,kl,79.58,-0.18000000000000682,0.5786364674568176,0.5118460059165955,1.0206236839294434
20,456,28,8,kl,80.38,0.7999999999999972,0.46214401721954346,0.455423504114151,0.9245101809501648
20,456,29,9,kl,80.42,0.04000000000000625,0.5555303692817688,0.45300936698913574,0.6818315386772156
20,456,30,10,kl,79.18,-1.2399999999999949,0.5771498084068298,0.4820530116558075,0.8911297917366028
20,456,31,11,kl,80.62,1.4399999999999977,0.6491024494171143,0.5392661094665527,0.9463649392127991
20,456,32,12,kl,80.68,0.060000000000002274,0.5615975856781006,0.46225595474243164,0.7547909617424011
20,456,33,13,kl,80.58,-0.10000000000000853,0.6510629653930664,0.5008370280265808,1.0763179063796997
20,456,34,14,kl,81.3,0.7199999999999989,0.681468665599823,0.5397801399230957,1.0826228857040405
20,456,35,15,kl,80.88,-0.4200000000000017,0.5948647260665894,0.4885842502117157,0.8429235219955444
20,456,36,16,kl,80.42,-0.45999999999999375,0.42875295877456665,0.4767707884311676,0.8109619617462158
20,456,37,17,kl,80.52,0.09999999999999432,0.6591465473175049,0.5124784708023071,0.9488149881362915
20,456,38,18,kl,82.5,1.980000000000004,0.5273294448852539,0.46374842524528503,0.8543798923492432
20,456,39,19,kl,78.26,-4.239999999999995,0.6289987564086914,0.48517289757728577,1.0261290073394775
20,456,40,20,kl,80.1,1.8399999999999892,0.6538517475128174,0.5247166156768799,0.9970132112503052
20,456,41,21,kl,80.54,0.44000000000001194,0.6138479709625244,0.4777246415615082,0.883759617805481
20,456,42,22,ce,81.46,0.9199999999999875,0.2777233123779297,0.29814180731773376,1.9045813083648682
20,456,43,23,kl,80.8,-0.6599999999999966,0.5346623063087463,0.4989736080169678,0.9541934132575989
20,456,44,24,kl,79.88,-0.9200000000000017,0.6172290444374084,0.5206049084663391,1.066536545753479
20,456,45,25,kl,80.38,0.5,0.6408600211143494,0.5547733306884766,1.0884116888046265
20,456,46,26,kl,78.18,-2.1999999999999886,0.6809723377227783,0.5661996006965637,1.161041259765625
20,456,47,27,kl,79.74,1.559999999999988,0.5707724690437317,0.49495384097099304,0.8588054776191711
20,456,48,28,kl,80.14,0.4000000000000057,0.42979705333709717,0.4492650032043457,0.7977709174156189
20,456,49,29,kl,81.26,1.1200000000000045,0.4375726580619812,0.4762415587902069,0.9251834154129028
20,456,50,30,kl,79.76,-1.5,0.663848876953125,0.5082894563674927,0.8062503337860107
20,456,51,31,kl,76.46,-3.3000000000000114,0.8189440369606018,0.8219003677368164,1.6332767009735107
20,456,52,32,kl,81.76,5.300000000000011,0.424352765083313,0.4447844624519348,0.8645297288894653
20,456,53,33,kl,82.1,0.3399999999999892,0.4885227382183075,0.43543553352355957,0.7580320835113525
20,456,54,34,kl,81.68,-0.4199999999999875,0.6941694021224976,0.5351055860519409,0.9587996602058411
20,456,55,35,kl,80.46,-1.220000000000013,0.5218064785003662,0.4898083806037903,0.8837135434150696
20,456,56,36,kl,79.86,-0.5999999999999943,0.48155272006988525,0.4704986810684204,1.0499591827392578
20,456,57,37,kl,80.4,0.5400000000000063,0.6587973237037659,0.5497561693191528,1.0709755420684814
20,456,58,38,kl,81.14,0.7399999999999949,0.6676583886146545,0.5534878969192505,0.9070305824279785
20,456,59,39,kl,78.46,-2.680000000000007,0.7012817859649658,0.6504579186439514,1.3424838781356812
20,456,60,40,kl,80.46,2.0,0.501783013343811,0.487686425447464,0.8157633543014526
20,456,61,41,kl,80.4,-0.05999999999998806,0.6175997853279114,0.4846184253692627,0.7525168657302856
20,456,62,42,kl,82.14,1.7399999999999949,0.3947986960411072,0.4317365884780884,0.8877280354499817
20,456,63,43,ce,81.2,-0.9399999999999977,0.2664912939071655,0.372769832611084,1.7407128810882568
20,456,64,44,kl,81.34,0.14000000000000057,0.5174635052680969,0.5018758773803711,0.8752487301826477
20,456,65,45,kl,80.96,-0.38000000000000966,0.7096017599105835,0.5845193862915039,1.0695183277130127
20,456,66,46,kl,81.92,0.960000000000008,0.6059862375259399,0.5085586309432983,1.0067347288131714
20,456,67,47,kl,81.74,-0.18000000000000682,0.613192081451416,0.4844253361225128,0.879313051700592
20,456,68,48,kl,81.66,-0.0799999999999983,0.5188498497009277,0.4483509659767151,0.9153434634208679
20,456,69,49,kl,81.2,-0.45999999999999375,0.5946653485298157,0.4986056983470917,0.7990063428878784
20,456,70,50,kl,79.42,-1.7800000000000011,0.7389001846313477,0.6275726556777954,1.2548604011535645
20,456,71,51,kl,80.42,1.0,0.6424404978752136,0.5011225938796997,0.8178203701972961
20,456,72,52,kl,81.32,0.8999999999999915,0.32276982069015503,0.4512613117694855,0.9820756316184998
20,456,73,53,kl,81.16,-0.1599999999999966,0.621719241142273,0.5292470455169678,0.9256377816200256
20,456,74,54,kl,80.26,-0.8999999999999915,0.7045540809631348,0.5398992896080017,0.9552536606788635
20,456,75,55,kl,82.14,1.8799999999999955,0.48923349380493164,0.45531317591667175,0.8218672871589661
20,456,76,56,kl,81.64,-0.5,0.4626105725765228,0.44528695940971375,0.9253230690956116
20,456,77,57,kl,81.22,-0.4200000000000017,0.4881003499031067,0.4705852270126343,0.8282832503318787
20,456,78,58,kl,81.8,0.5799999999999983,0.5785777568817139,0.4985028803348541,0.996340811252594
20,456,79,59,kl,82.24,0.4399999999999977,0.5889497995376587,0.48084089159965515,0.8819390535354614
20,456,80,60,kl,82.94,0.7000000000000028,0.5581007599830627,0.4647046625614166,0.8660479187965393
20,456,81,61,kl,81.74,-1.2000000000000028,0.6370588541030884,0.510325014591217,0.8725832104682922
20,456,82,62,kl,78.78,-2.9599999999999937,0.662074089050293,0.5353904962539673,0.904308021068573
20,456,83,63,kl,81.52,2.739999999999995,0.6322135329246521,0.5155336260795593,0.8115333318710327
20,456,84,64,ce,82.32,0.7999999999999972,0.35975849628448486,0.3732956051826477,1.868665337562561
20,456,85,65,kl,80.76,-1.559999999999988,0.6415764093399048,0.5522245168685913,0.9423483610153198
20,456,86,66,kl,81.12,0.35999999999999943,0.6411453485488892,0.5159347057342529,0.9673341512680054
20,456,87,67,kl,81.06,-0.060000000000002274,0.6454848647117615,0.5195650458335876,1.1070071458816528
20,456,88,68,kl,80.54,-0.519999999999996,0.7141891717910767,0.6410973072052002,1.2068246603012085
20,456,89,69,kl,81.16,0.6199999999999903,0.6301014423370361,0.4855245053768158,0.8189973831176758
20,456,90,70,kl,81.88,0.7199999999999989,0.46639132499694824,0.4553934931755066,0.8494176268577576
20,456,91,71,kl,81.74,-0.14000000000000057,0.32647210359573364,0.430851548910141,0.8661924004554749
20,456,92,72,kl,80.88,-0.8599999999999994,0.6036282181739807,0.5095919370651245,0.914758563041687
20,456,93,73,kl,82.34,1.460000000000008,0.5188312530517578,0.4956663250923157,0.8245920538902283
20,456,94,74,kl,81.96,-0.38000000000000966,0.5556093454360962,0.5300430059432983,1.0679352283477783
20,456,95,75,kl,81.54,-0.4199999999999875,0.5575298070907593,0.5224727392196655,0.9838261008262634
20,456,96,76,kl,82.62,1.0799999999999983,0.617171049118042,0.47316622734069824,0.837221086025238
20,456,97,77,kl,80.38,-2.240000000000009,0.6729546785354614,0.5539423823356628,0.9083031415939331
20,456,98,78,kl,81.42,1.0400000000000063,0.6412490606307983,0.5184491872787476,0.9368808269500732
20,456,99,79,kl,80.2,-1.2199999999999989,0.503365159034729,0.5187059640884399,1.1565649509429932
20,456,100,80,kl,80.26,0.060000000000002274,0.6248469352722168,0.5699453353881836,1.0900920629501343
20,456,101,81,kl,81.74,1.4799999999999898,0.5938854217529297,0.4952755868434906,0.991489827632904
20,456,102,82,kl,81.92,0.18000000000000682,0.7002885341644287,0.5570484399795532,1.0760101079940796
20,456,103,83,kl,81.68,-0.23999999999999488,0.45437514781951904,0.47210365533828735,0.7893284559249878
20,456,104,84,kl,80.12,-1.5600000000000023,0.4521332085132599,0.44049984216690063,0.6923569440841675
20,456,105,85,ce,81.04,0.9200000000000017,0.2996569573879242,0.4101543128490448,1.4858415126800537
20,456,106,86,kl,81.44,0.3999999999999915,0.6212377548217773,0.5286024212837219,0.9304046630859375
20,456,107,87,kl,80.3,-1.1400000000000006,0.5683333873748779,0.5013700127601624,0.9825534224510193
20,456,108,88,kl,82.02,1.7199999999999989,0.6102468371391296,0.5681071877479553,1.0784058570861816
20,456,109,89,kl,81.84,-0.1799999999999926,0.5077356100082397,0.4573337435722351,0.741109311580658
20,456,110,90,kl,81.48,-0.35999999999999943,0.5137573480606079,0.4922909438610077,0.8314788341522217
20,456,111,91,kl,82.68,1.2000000000000028,0.4219170808792114,0.426045686006546,0.7362213134765625
20,456,112,92,kl,81.1,-1.5800000000000125,0.5473356246948242,0.48994192481040955,1.0034725666046143
20,456,113,93,kl,81.66,0.5600000000000023,0.5012163519859314,0.45060473680496216,0.8028249740600586
20,456,114,94,kl,80.34,-1.3199999999999932,0.6583412289619446,0.5493596792221069,0.9945961833000183
20,456,115,95,kl,81.74,1.3999999999999915,0.5129308700561523,0.45837336778640747,0.6902348399162292
20,456,116,96,kl,81.62,-0.11999999999999034,0.42769306898117065,0.4478876292705536,0.7903361916542053
20,456,117,97,kl,82.98,1.3599999999999994,0.43520432710647583,0.4609386622905731,0.7938613295555115
20,456,118,98,kl,81.94,-1.0400000000000063,0.6401185393333435,0.49966561794281006,0.8396424055099487
20,456,119,99,kl,82.3,0.35999999999999943,0.5119979977607727,0.48325595259666443,0.9185571074485779
20,456,120,100,kl,80.44,-1.8599999999999994,0.6920433044433594,0.580501139163971,1.0349451303482056
20,456,121,101,kl,78.44,-2.0,0.5518953800201416,0.5484473705291748,1.1930043697357178
20,456,122,102,kl,81.88,3.4399999999999977,0.6564542055130005,0.5335049629211426,1.1390117406845093
20,456,123,103,kl,80.1,-1.7800000000000011,0.6208256483078003,0.5987568497657776,1.1195238828659058
20,456,124,104,kl,80.68,0.5800000000000125,0.4596715569496155,0.5188672542572021,0.9704340696334839
20,456,125,105,kl,81.32,0.6399999999999864,0.4420379102230072,0.45639437437057495,0.9673032164573669
20,456,126,106,ce,81.2,-0.11999999999999034,0.2938999831676483,0.36266541481018066,1.9063596725463867
20,456,127,107,kl,80.0,-1.2000000000000028,0.45366084575653076,0.49400341510772705,0.8702049255371094
20,456,128,108,kl,82.02,2.019999999999996,0.6039990186691284,0.49737533926963806,0.842506468296051
20,456,129,109,kl,81.6,-0.4200000000000017,0.6858928203582764,0.5323891639709473,0.9944566488265991
20,456,130,110,kl,81.48,-0.11999999999999034,0.49641895294189453,0.46386390924453735,0.8114528059959412
20,456,131,111,kl,83.88,2.3999999999999915,0.5227717757225037,0.4811202883720398,0.9311744570732117
20,456,132,112,kl,82.32,-1.5600000000000023,0.7030212879180908,0.5421468615531921,0.8918849229812622
20,456,133,113,kl,82.16,-0.1599999999999966,0.7215074300765991,0.5682935118675232,0.9446682929992676
20,456,134,114,kl,81.3,-0.8599999999999994,0.6331653594970703,0.5249492526054382,0.8872489333152771
20,456,135,115,kl,80.66,-0.6400000000000006,0.5936539173126221,0.5497801899909973,1.0471341609954834
20,456,136,116,kl,81.6,0.9399999999999977,0.5352697372436523,0.5142112970352173,1.0169987678527832
20,456,137,117,kl,81.0,-0.5999999999999943,0.5119016766548157,0.4639252722263336,0.8995683789253235
20,456,138,118,kl,82.22,1.2199999999999989,0.47370195388793945,0.4602576792240143,0.886968731880188
20,456,139,119,kl,82.2,-0.01999999999999602,0.5639119148254395,0.4862750172615051,0.9342684149742126
20,456,140,120,kl,82.52,0.3199999999999932,0.49885374307632446,0.44674718379974365,0.697478175163269
20,456,141,121,kl,82.4,-0.11999999999999034,0.609709620475769,0.49363309144973755,0.9503854513168335
20,456,142,122,kl,82.12,-0.28000000000000114,0.6845840215682983,0.5859966278076172,1.0985844135284424
20,456,143,123,kl,82.66,0.539999999999992,0.5160617828369141,0.5112108588218689,0.7728657126426697
20,456,144,124,kl,82.9,0.2400000000000091,0.5247362852096558,0.47335657477378845,0.6812295317649841
20,456,145,125,kl,79.16,-3.740000000000009,0.5903204083442688,0.5283640623092651,0.8946924805641174
20,456,146,126,kl,81.36,2.200000000000003,0.5438936352729797,0.5030999779701233,0.8201990723609924
20,456,147,127,ce,81.68,0.3200000000000074,0.204031303524971,0.35740745067596436,1.745833396911621
20,456,148,128,kl,82.14,0.45999999999999375,0.44502103328704834,0.47349637746810913,0.9633901715278625
20,456,149,129,kl,81.24,-0.9000000000000057,0.6491597890853882,0.5265274047851562,0.964262843132019
20,456,150,130,kl,80.94,-0.29999999999999716,0.6418845057487488,0.5364423394203186,1.1512210369110107
20,456,151,131,kl,81.32,0.37999999999999545,0.5212337374687195,0.5041665434837341,0.9068748950958252
20,456,152,132,kl,80.76,-0.5599999999999881,0.6635079383850098,0.5577187538146973,1.0181604623794556
20,456,153,133,kl,81.56,0.7999999999999972,0.5693836808204651,0.509162187576294,0.8604745268821716
20,456,154,134,kl,82.84,1.2800000000000011,0.49958160519599915,0.45586323738098145,0.7159023880958557
20,456,155,135,kl,82.3,-0.5400000000000063,0.4725513160228729,0.44760599732398987,1.00906503200531
20,456,156,136,kl,80.68,-1.6199999999999903,0.49263495206832886,0.45685696601867676,0.7839995622634888
20,456,157,137,kl,82.04,1.3599999999999994,0.5564003586769104,0.48572811484336853,0.8201457262039185
20,456,158,138,kl,82.22,0.1799999999999926,0.5947967171669006,0.5188801288604736,0.8302520513534546
20,456,159,139,kl,80.44,-1.7800000000000011,0.30711719393730164,0.4351527988910675,0.8949623703956604
20,456,160,140,kl,81.38,0.9399999999999977,0.4693682789802551,0.4748842716217041,0.8870646357536316
20,456,161,141,kl,82.2,0.8200000000000074,0.5324870347976685,0.506618857383728,0.9087711572647095
20,456,162,142,kl,81.2,-1.0,0.7749321460723877,0.6369480490684509,1.259922742843628
20,456,163,143,kl,82.36,1.1599999999999966,0.4015793800354004,0.4647584855556488,0.9767080545425415
20,456,164,144,kl,81.34,-1.019999999999996,0.5406467318534851,0.49196019768714905,0.7540993690490723
20,456,165,145,kl,82.3,0.9599999999999937,0.5067639350891113,0.4725247621536255,0.8909853100776672
20,456,166,146,kl,82.12,-0.1799999999999926,0.6399040818214417,0.5261459946632385,0.9590123891830444
20,456,167,147,kl,80.96,-1.1600000000000108,0.5162183046340942,0.513677716255188,0.9967054724693298
20,456,168,148,ce,79.96,-1.0,0.37817347049713135,0.41984742879867554,1.9569578170776367
20,456,169,149,kl,81.84,1.8800000000000097,0.4723804295063019,0.48479539155960083,1.053619384765625
20,456,170,150,kl,80.56,-1.2800000000000011,0.3879251480102539,0.43703582882881165,0.6947471499443054
20,456,171,151,kl,82.48,1.9200000000000017,0.5827387571334839,0.4960876405239105,0.8578504920005798
20,456,172,152,kl,81.62,-0.8599999999999994,0.4302016496658325,0.4435987174510956,0.8275818824768066
20,456,173,153,kl,82.06,0.4399999999999977,0.5042351484298706,0.5147176384925842,1.0166836977005005
20,456,174,154,kl,81.7,-0.35999999999999943,0.6562923192977905,0.5680666565895081,1.0038328170776367
20,456,175,155,kl,80.9,-0.7999999999999972,0.6702209115028381,0.5240480303764343,1.1273467540740967
20,456,176,156,kl,82.16,1.259999999999991,0.5888259410858154,0.49610477685928345,0.8429053425788879
20,456,177,157,kl,82.22,0.060000000000002274,0.616470217704773,0.5025517344474792,0.7857396006584167
20,456,178,158,kl,81.84,-0.37999999999999545,0.3672580122947693,0.46883419156074524,1.087375283241272
20,456,179,159,kl,80.54,-1.2999999999999972,0.5255529284477234,0.4478805661201477,0.998594343662262
20,456,180,160,kl,82.32,1.779999999999987,0.5930675268173218,0.5052991509437561,0.9211367964744568
20,456,181,161,kl,81.34,-0.9799999999999898,0.5405677556991577,0.4987242817878723,0.7751349210739136
20,456,182,162,kl,82.98,1.6400000000000006,0.5010318756103516,0.4429747760295868,0.6683948636054993
20,456,183,163,kl,80.78,-2.200000000000003,0.5638735294342041,0.5065459609031677,0.9953503012657166
20,456,184,164,kl,82.58,1.7999999999999972,0.5726035237312317,0.4480133056640625,0.7519025206565857
20,456,185,165,kl,81.9,-0.6799999999999926,0.5103448033332825,0.47952884435653687,0.8372412919998169
20,456,186,166,kl,81.26,-0.6400000000000006,0.5931941866874695,0.5511732697486877,0.9123330116271973
20,456,187,167,kl,82.28,1.019999999999996,0.5379985570907593,0.4781135618686676,0.8151634931564331
20,456,188,168,kl,79.04,-3.239999999999995,0.6575312614440918,0.5807738900184631,1.1770659685134888
20,456,189,169,ce,82.12,3.0799999999999983,0.24038539826869965,0.3509412109851837,1.6233521699905396
20,456,190,170,kl,81.0,-1.1200000000000045,0.5830239057540894,0.5009875893592834,0.9960417151451111
20,456,191,171,kl,82.38,1.3799999999999955,0.5220847129821777,0.48330968618392944,0.8863722085952759
20,456,192,172,kl,81.46,-0.9200000000000017,0.5751340389251709,0.5081668496131897,0.8930507898330688
20,456,193,173,kl,80.06,-1.3999999999999915,0.5033211708068848,0.4773406386375427,0.8982396721839905
20,456,194,174,kl,81.22,1.1599999999999966,0.584989070892334,0.5004827380180359,1.0312607288360596
20,456,195,175,kl,83.58,2.3599999999999994,0.6464999914169312,0.5190631151199341,0.849548876285553
20,456,196,176,kl,82.3,-1.2800000000000011,0.4776547849178314,0.4736064374446869,0.8746669292449951
20,456,197,177,kl,82.72,0.4200000000000017,0.6459282636642456,0.5452581644058228,1.0186991691589355
20,456,198,178,kl,81.96,-0.7600000000000051,0.5072251558303833,0.4742567539215088,0.962520956993103
20,456,199,179,kl,80.56,-1.3999999999999915,0.5582276582717896,0.5265188813209534,1.1017041206359863
20,456,200,180,kl,81.8,1.2399999999999949,0.5317102670669556,0.47912052273750305,0.8593856692314148
20,456,201,181,kl,81.04,-0.7599999999999909,0.5634522438049316,0.5012985467910767,0.9248111844062805
20,456,202,182,kl,82.74,1.6999999999999886,0.5206683874130249,0.4638816714286804,0.7824409008026123
20,456,203,183,kl,82.86,0.12000000000000455,0.5793225765228271,0.5079489350318909,0.8954518437385559
20,456,204,184,kl,82.12,-0.7399999999999949,0.6237450242042542,0.5125295519828796,0.8867871165275574
20,456,205,185,kl,82.94,0.8199999999999932,0.39671605825424194,0.4414367377758026,0.792737603187561
20,456,206,186,kl,81.86,-1.0799999999999983,0.3423309326171875,0.4492521286010742,0.8588840365409851
20,456,207,187,kl,81.96,0.09999999999999432,0.7090153694152832,0.5457910895347595,0.9741710424423218
20,456,208,188,kl,80.14,-1.8199999999999932,0.4283999502658844,0.4617900848388672,0.7943777441978455
20,456,209,189,kl,81.54,1.4000000000000057,0.6182102560997009,0.5268847942352295,0.8505464196205139
20,456,210,190,ce,80.36,-1.1800000000000068,0.3016701340675354,0.4058839976787567,1.653965950012207
20,456,211,191,kl,82.9,2.5400000000000063,0.48495152592658997,0.462138295173645,0.7463788390159607
20,456,212,192,kl,79.5,-3.4000000000000057,0.7317441701889038,0.6506977677345276,1.1265456676483154
20,456,213,193,kl,81.74,2.239999999999995,0.61370450258255,0.5203347206115723,1.0552525520324707
20,456,214,194,kl,81.68,-0.05999999999998806,0.49791041016578674,0.4953451454639435,1.066676139831543
20,456,215,195,kl,82.14,0.45999999999999375,0.6110488772392273,0.5295789837837219,1.0127155780792236
20,456,216,196,kl,82.34,0.20000000000000284,0.4535961151123047,0.4194714426994324,0.6989448070526123
20,456,217,197,kl,82.86,0.519999999999996,0.5199873447418213,0.46942365169525146,0.9756311178207397
20,456,218,198,kl,81.86,-1.0,0.5051024556159973,0.4759613275527954,0.8472974896430969
20,456,219,199,kl,82.26,0.4000000000000057,0.5088425874710083,0.4495294988155365,0.815550684928894
20,456,220,200,kl,81.66,-0.6000000000000085,0.5534974336624146,0.5061501264572144,0.7193254828453064
20,456,221,201,kl,81.1,-0.5600000000000023,0.3900042772293091,0.4814421534538269,0.9170361161231995
20,456,222,202,kl,82.3,1.2000000000000028,0.43344104290008545,0.44593533873558044,0.8365042805671692
20,456,223,203,kl,82.72,0.4200000000000017,0.49699437618255615,0.5248266458511353,0.9337194561958313
20,456,224,204,kl,82.72,0.0,0.5325777530670166,0.4632095694541931,0.7457662224769592
20,456,225,205,kl,81.22,-1.5,0.5244686603546143,0.5071900486946106,1.01425302028656
20,456,226,206,kl,82.58,1.3599999999999994,0.49714434146881104,0.4702588617801666,0.8161816000938416
20,456,227,207,kl,82.78,0.20000000000000284,0.4448259770870209,0.48571908473968506,0.8945844769477844
20,456,228,208,kl,81.86,-0.9200000000000017,0.4801744520664215,0.46150991320610046,0.7874463796615601
20,456,229,209,kl,81.86,0.0,0.6368115544319153,0.528182327747345,0.9245784282684326
20,456,230,210,kl,80.06,-1.7999999999999972,0.7302510738372803,0.6289892196655273,1.1328465938568115
20,456,231,211,ce,82.4,2.3400000000000034,0.20360705256462097,0.3027440309524536,1.714607834815979
20,456,232,212,kl,79.76,-2.6400000000000006,0.7096951007843018,0.6139656901359558,1.0666394233703613
20,456,233,213,kl,82.44,2.6799999999999926,0.6993606090545654,0.5715667605400085,1.049780011177063
20,456,234,214,kl,80.9,-1.539999999999992,0.648943305015564,0.5671801567077637,1.0308815240859985
20,456,235,215,kl,80.26,-0.6400000000000006,0.5599539279937744,0.5309919118881226,0.9292165637016296
20,456,236,216,kl,80.46,0.19999999999998863,0.6409324407577515,0.553419828414917,1.0861190557479858
20,456,237,217,kl,80.74,0.28000000000000114,0.6674280762672424,0.5550276637077332,1.0537339448928833
20,456,238,218,kl,81.7,0.960000000000008,0.7455171346664429,0.5909087061882019,1.0573692321777344
20,456,239,219,kl,80.66,-1.0400000000000063,0.537153422832489,0.4914097785949707,0.8528383374214172
20,456,240,220,kl,82.92,2.260000000000005,0.5207990407943726,0.4506976902484894,0.8048098087310791
20,456,241,221,kl,81.08,-1.8400000000000034,0.5455919504165649,0.5015502572059631,0.9943528771400452
20,456,242,222,kl,80.28,-0.7999999999999972,0.6667699813842773,0.5269845724105835,1.0075780153274536
20,456,243,223,kl,80.74,0.45999999999999375,0.5990318059921265,0.5460236072540283,1.007732629776001
20,456,244,224,kl,82.72,1.980000000000004,0.5533398389816284,0.4824957251548767,0.8681619763374329
20,456,245,225,kl,81.52,-1.2000000000000028,0.5792165994644165,0.4934312701225281,0.8738340139389038
20,456,246,226,kl,81.68,0.1600000000000108,0.591020941734314,0.48230835795402527,0.9190953969955444
20,456,247,227,kl,82.08,0.3999999999999915,0.6611063480377197,0.5603129863739014,1.0037659406661987
20,456,248,228,kl,81.24,-0.8400000000000034,0.6030336022377014,0.5316398739814758,0.9921363592147827
20,456,249,229,kl,81.6,0.35999999999999943,0.6395012140274048,0.48023784160614014,0.96133953332901
20,456,250,230,kl,81.36,-0.23999999999999488,0.29243236780166626,0.41857001185417175,0.76423579454422
20,456,251,231,kl,80.06,-1.2999999999999972,0.5471093058586121,0.49949169158935547,0.902414083480835
20,456,252,232,ce,82.08,2.019999999999996,0.25678449869155884,0.2988797128200531,1.776913046836853
20,456,253,233,kl,82.06,-0.01999999999999602,0.5672227740287781,0.4743829667568207,0.8492435812950134
20,456,254,234,kl,81.9,-0.1599999999999966,0.5013763308525085,0.4953209161758423,0.8662294745445251
20,456,255,235,kl,81.58,-0.3200000000000074,0.5952892303466797,0.517072319984436,0.8788633346557617
20,456,256,236,kl,82.68,1.1000000000000085,0.4371703267097473,0.41732385754585266,0.7651987671852112
20,456,257,237,kl,80.44,-2.240000000000009,0.5685950517654419,0.5164633989334106,0.8566741943359375
20,456,258,238,kl,81.6,1.1599999999999966,0.47239431738853455,0.4501447379589081,0.8541006445884705
20,456,259,239,kl,81.4,-0.19999999999998863,0.48588746786117554,0.45021772384643555,0.8536964654922485
20,456,260,240,kl,82.7,1.2999999999999972,0.6615313291549683,0.5392998456954956,0.8969258666038513
20,456,261,241,kl,82.8,0.09999999999999432,0.6159569025039673,0.49448052048683167,0.8428518176078796
20,456,262,242,kl,83.44,0.6400000000000006,0.5282210111618042,0.46779096126556396,0.8662866950035095
20,456,263,243,kl,82.34,-1.0999999999999943,0.4895470440387726,0.4823935627937317,0.9414625763893127
20,456,264,244,kl,80.22,-2.1200000000000045,0.7338947653770447,0.6333074569702148,1.191567301750183
20,456,265,245,kl,81.66,1.4399999999999977,0.6284842491149902,0.5225528478622437,0.9023035764694214
20,456,266,246,kl,82.26,0.6000000000000085,0.4774458408355713,0.4544081389904022,0.7842841148376465
20,456,267,247,kl,83.06,0.7999999999999972,0.550268828868866,0.4824495017528534,0.8064559698104858
20,456,268,248,kl,81.74,-1.3200000000000074,0.3809340298175812,0.4554097056388855,0.8908982276916504
20,456,269,249,kl,82.4,0.6600000000000108,0.3660736680030823,0.44074547290802,0.6809408068656921
20,456,270,250,kl,80.54,-1.8599999999999994,0.6246113181114197,0.5265830755233765,0.9071582555770874
20,456,271,251,kl,80.62,0.0799999999999983,0.5957820415496826,0.5281208753585815,1.082322359085083
20,456,272,252,kl,81.74,1.1199999999999903,0.5852834582328796,0.5183281302452087,0.9985349774360657
20,456,273,253,ce,81.94,0.20000000000000284,0.27881520986557007,0.3485751450061798,1.6686345338821411
20,456,274,254,kl,80.82,-1.1200000000000045,0.6471936702728271,0.5134009122848511,1.0954809188842773
20,456,275,255,kl,79.12,-1.6999999999999886,0.732953667640686,0.649590015411377,1.548372507095337
20,456,276,256,kl,81.14,2.019999999999996,0.5283341407775879,0.47019192576408386,0.938376784324646
20,456,277,257,kl,80.96,-0.18000000000000682,0.42560410499572754,0.4348750710487366,0.7197625637054443
20,456,278,258,kl,82.56,1.6000000000000085,0.34060919284820557,0.4329714775085449,0.8309373259544373
20,456,279,259,kl,80.94,-1.6200000000000045,0.566235363483429,0.524453341960907,1.0429537296295166
20,456,280,260,kl,83.3,2.3599999999999994,0.359946072101593,0.42454540729522705,0.8406562805175781
20,456,281,261,kl,81.04,-2.259999999999991,0.6402889490127563,0.551651656627655,1.0821592807769775
20,456,282,262,kl,82.4,1.3599999999999994,0.5849366188049316,0.48450472950935364,0.8065822124481201
20,456,283,263,kl,80.98,-1.4200000000000017,0.6623103618621826,0.5440270304679871,1.029676914215088
20,456,284,264,kl,82.84,1.8599999999999994,0.533012330532074,0.48909929394721985,0.9267507195472717
20,456,285,265,kl,81.76,-1.0799999999999983,0.6149449348449707,0.5229677557945251,0.8904918432235718
20,456,286,266,kl,82.5,0.7399999999999949,0.45817992091178894,0.47930651903152466,0.9457987546920776
20,456,287,267,kl,81.68,-0.8199999999999932,0.5649372339248657,0.5390798449516296,1.0767872333526611
20,456,288,268,kl,82.02,0.3399999999999892,0.41945385932922363,0.444336861371994,0.6545809507369995
20,456,289,269,kl,80.92,-1.0999999999999943,0.578791618347168,0.5190080404281616,0.8387491703033447
20,456,290,270,kl,82.44,1.519999999999996,0.5875228643417358,0.5123854875564575,0.8177407383918762
20,456,291,271,kl,81.52,-0.9200000000000017,0.5205856561660767,0.5286927819252014,1.021925687789917
20,456,292,272,kl,81.74,0.21999999999999886,0.475294828414917,0.4707064628601074,0.9312210083007812
20,456,293,273,kl,81.32,-0.4200000000000017,0.423839807510376,0.4772822856903076,0.9902372360229492
20,456,294,274,ce,82.38,1.0600000000000023,0.18497319519519806,0.3252321779727936,1.5806313753128052
20,456,295,275,kl,81.9,-0.47999999999998977,0.6163683533668518,0.5127102732658386,0.9142152070999146
20,456,296,276,kl,82.28,0.37999999999999545,0.5207162499427795,0.4632987976074219,0.8119611144065857
20,456,297,277,kl,82.64,0.35999999999999943,0.555805504322052,0.48998990654945374,0.9826754927635193
20,456,298,278,kl,79.38,-3.260000000000005,0.5987488031387329,0.5099570751190186,1.0282092094421387
20,456,299,279,kl,82.4,3.0200000000000102,0.511316180229187,0.4613857567310333,0.8458816409111023
20,456,300,280,kl,81.38,-1.0200000000000102,0.4525245130062103,0.45190736651420593,0.8340483903884888
20,456,301,281,kl,81.0,-0.37999999999999545,0.6841117143630981,0.5561034679412842,0.9339216351509094
20,456,302,282,kl,80.86,-0.14000000000000057,0.6545925736427307,0.5372960567474365,0.907284677028656
20,456,303,283,kl,82.04,1.1800000000000068,0.6113215684890747,0.5109835863113403,0.82301265001297
20,456,304,284,kl,79.8,-2.240000000000009,0.6783483028411865,0.5770045518875122,1.168576955795288
20,456,305,285,kl,81.3,1.5,0.6065048575401306,0.5344706773757935,0.9155917763710022
20,456,306,286,kl,79.98,-1.3199999999999932,0.6007968187332153,0.5582619309425354,1.0665909051895142
20,456,307,287,kl,82.62,2.6400000000000006,0.5208472013473511,0.4802040457725525,0.7491562962532043
20,456,308,288,kl,82.62,0.0,0.6185085773468018,0.5488573908805847,0.9199954271316528
20,456,309,289,kl,80.18,-2.4399999999999977,0.636732280254364,0.5029579997062683,0.9278931021690369
20,456,310,290,kl,81.78,1.5999999999999943,0.61555415391922,0.5279697775840759,1.0615663528442383
20,456,311,291,kl,80.82,-0.960000000000008,0.3146710693836212,0.42927688360214233,0.9704453349113464
20,456,312,292,kl,81.14,0.3200000000000074,0.51017165184021,0.47303444147109985,0.7961437106132507
20,456,313,293,kl,82.9,1.7600000000000051,0.48911023139953613,0.4557816684246063,0.7644327282905579
20,456,314,294,kl,81.44,-1.460000000000008,0.5082128047943115,0.44704145193099976,0.8403603434562683
20,456,315,295,ce,82.9,1.460000000000008,0.34813860058784485,0.3790225088596344,1.7226468324661255
20,456,316,296,kl,80.8,-2.1000000000000085,0.7100683450698853,0.6036709547042847,1.1975984573364258
20,456,317,297,kl,81.6,0.7999999999999972,0.5683948993682861,0.48161035776138306,1.016756296157837
20,456,318,298,kl,80.86,-0.7399999999999949,0.6973379254341125,0.6404580473899841,1.1696044206619263
20,456,319,299,kl,82.94,2.0799999999999983,0.5790996551513672,0.4894595742225647,0.9272875785827637
20,456,320,300,kl,82.42,-0.519999999999996,0.35909533500671387,0.44232726097106934,0.8526000380516052
20,456,321,301,kl,82.34,-0.0799999999999983,0.4973059892654419,0.44860127568244934,0.8111497759819031
20,456,322,302,kl,82.18,-0.1599999999999966,0.6355489492416382,0.529933512210846,1.0110957622528076
20,456,323,303,kl,81.44,-0.7400000000000091,0.4877123236656189,0.48139604926109314,0.9804601073265076
20,456,324,304,kl,82.64,1.2000000000000028,0.5471487641334534,0.467404842376709,0.7889490127563477
20,456,325,305,kl,82.26,-0.37999999999999545,0.561516523361206,0.47810253500938416,0.7640029788017273
20,456,326,306,kl,81.48,-0.7800000000000011,0.510023832321167,0.5130635499954224,0.8984240293502808
20,456,327,307,kl,83.0,1.519999999999996,0.6197682619094849,0.5179316401481628,0.8243016600608826
20,456,328,308,kl,81.84,-1.1599999999999966,0.6053045988082886,0.4999440610408783,0.9737547636032104
20,456,329,309,kl,82.34,0.5,0.6225395798683167,0.5370280742645264,0.9912987351417542
20,456,330,310,kl,82.24,-0.10000000000000853,0.6240867376327515,0.49960049986839294,0.8376840949058533
20,456,331,311,kl,80.9,-1.3399999999999892,0.642324686050415,0.5807176232337952,1.102993130683899
20,456,332,312,kl,81.44,0.539999999999992,0.593814492225647,0.5451542735099792,1.0588654279708862
20,456,333,313,kl,81.34,-0.09999999999999432,0.6443489789962769,0.5396100878715515,0.9230051636695862
20,456,334,314,kl,80.98,-0.35999999999999943,0.6426551342010498,0.5677308440208435,0.9826899766921997
20,456,335,315,kl,82.26,1.2800000000000011,0.5239232778549194,0.46746549010276794,0.7639757990837097
20,456,336,316,ce,80.68,-1.5799999999999983,0.4184952974319458,0.46177688241004944,1.744728446006775
20,456,337,317,kl,79.22,-1.460000000000008,0.6312287449836731,0.4909892976284027,1.0912446975708008
20,456,338,318,kl,81.48,2.260000000000005,0.4567722678184509,0.4730544984340668,0.8036830425262451
20,456,339,319,kl,79.56,-1.9200000000000017,0.4536479115486145,0.5163981914520264,0.9476311802864075
20,456,340,320,kl,81.14,1.5799999999999983,0.7494862079620361,0.6277132630348206,1.236279010772705
20,456,341,321,kl,82.82,1.6799999999999926,0.5472026467323303,0.48757296800613403,0.8289281725883484
20,456,342,322,kl,83.08,0.2600000000000051,0.4781467318534851,0.4321694076061249,0.8734460473060608
20,456,343,323,kl,81.92,-1.1599999999999966,0.479375422000885,0.4437325596809387,0.6984466910362244
20,456,344,324,kl,79.6,-2.3200000000000074,0.5934921503067017,0.5235428810119629,0.9567845463752747
20,456,345,325,kl,82.08,2.480000000000004,0.6181938052177429,0.5302596688270569,0.9343131184577942
20,456,346,326,kl,82.22,0.14000000000000057,0.5434912443161011,0.5427702069282532,1.0570093393325806
20,456,347,327,kl,83.04,0.8200000000000074,0.26654091477394104,0.4363253116607666,0.8674618005752563
20,456,348,328,kl,82.66,-0.38000000000000966,0.5034590363502502,0.4782823324203491,0.7529463768005371
20,456,349,329,kl,82.48,-0.1799999999999926,0.5584898591041565,0.5293495059013367,0.881527304649353
20,456,350,330,kl,81.74,-0.7400000000000091,0.531349778175354,0.4956452548503876,0.9035786390304565
20,456,351,331,kl,80.4,-1.3399999999999892,0.5164656639099121,0.4795815348625183,0.8911612629890442
20,456,352,332,kl,81.94,1.539999999999992,0.607154130935669,0.5254588723182678,0.9298046827316284
20,456,353,333,kl,82.16,0.21999999999999886,0.6134421825408936,0.5372322201728821,1.1984227895736694
20,456,354,334,kl,81.32,-0.8400000000000034,0.5966736078262329,0.5200567841529846,0.9614434838294983
20,456,355,335,kl,81.72,0.4000000000000057,0.6947270631790161,0.6065930128097534,1.0380752086639404
20,456,356,336,kl,82.8,1.0799999999999983,0.42440903186798096,0.45031699538230896,0.8966280221939087
20,456,357,337,ce,82.64,-0.1599999999999966,0.2511857748031616,0.34528833627700806,1.6676350831985474
20,456,358,338,kl,81.7,-0.9399999999999977,0.5802667140960693,0.5092226266860962,1.0275195837020874
20,456,359,339,kl,80.5,-1.2000000000000028,0.6407451033592224,0.5382884740829468,0.9791149497032166
20,456,360,340,kl,80.62,0.12000000000000455,0.613060712814331,0.5477827191352844,0.8260977268218994
20,456,361,341,kl,80.18,-0.4399999999999977,0.6968222856521606,0.6137582063674927,1.1208617687225342
20,456,362,342,kl,81.44,1.259999999999991,0.5181137919425964,0.46166783571243286,0.8289175629615784
20,456,363,343,kl,82.46,1.019999999999996,0.43489474058151245,0.46232870221138,0.9859623908996582
20,456,364,344,kl,83.04,0.5800000000000125,0.5306034684181213,0.4552648365497589,0.7173041701316833
20,456,365,345,kl,82.04,-1.0,0.493762344121933,0.4623517692089081,0.7647445201873779
20,456,366,346,kl,81.68,-0.35999999999999943,0.553914487361908,0.46994730830192566,0.7559475898742676
20,456,367,347,kl,81.34,-0.3400000000000034,0.3867034912109375,0.4542447328567505,0.9003604650497437
20,456,368,348,kl,81.98,0.6400000000000006,0.3815608620643616,0.47087281942367554,0.9696211814880371
20,456,369,349,kl,82.12,0.14000000000000057,0.6189024448394775,0.4831608533859253,0.9547715783119202
20,456,370,350,kl,81.36,-0.7600000000000051,0.4977850914001465,0.4794325828552246,0.9806610345840454
20,456,371,351,kl,81.3,-0.060000000000002274,0.6013569831848145,0.5119670629501343,1.157647967338562
20,456,372,352,kl,81.92,0.6200000000000045,0.5456066131591797,0.48393869400024414,0.7468563914299011
20,456,373,353,kl,78.3,-3.6200000000000045,0.7348718047142029,0.5759540796279907,1.2366628646850586
20,456,374,354,kl,81.68,3.3800000000000097,0.49988144636154175,0.46265357732772827,0.8785969614982605
20,456,375,355,kl,81.96,0.2799999999999869,0.5414251685142517,0.49452683329582214,0.7772729992866516
20,456,376,356,kl,81.58,-0.37999999999999545,0.4831734597682953,0.4791526794433594,0.9420231580734253
20,456,377,357,kl,82.98,1.4000000000000057,0.4712059795856476,0.45498499274253845,0.8655497431755066
20,456,378,358,ce,81.5,-1.480000000000004,0.3364572525024414,0.4104812741279602,1.6445286273956299
20,456,379,359,kl,82.98,1.480000000000004,0.5101402997970581,0.4537789523601532,0.8544059991836548
20,456,380,360,kl,82.88,-0.10000000000000853,0.5222160220146179,0.5065503120422363,0.9120113253593445
20,456,381,361,kl,80.18,-2.6999999999999886,0.6216393709182739,0.5454789400100708,1.044846773147583
20,456,382,362,kl,82.72,2.539999999999992,0.5278854966163635,0.4597894549369812,0.9061866998672485
20,456,383,363,kl,82.36,-0.35999999999999943,0.38275477290153503,0.45646151900291443,0.9114376902580261
20,456,384,364,kl,81.96,-0.4000000000000057,0.46072521805763245,0.476248174905777,0.9819685816764832
20,456,385,365,kl,81.6,-0.35999999999999943,0.5746417045593262,0.4853447675704956,0.9500951170921326
20,456,386,366,kl,82.78,1.1800000000000068,0.5049232840538025,0.5089845657348633,0.8664267659187317
20,456,387,367,kl,81.64,-1.1400000000000006,0.6573454737663269,0.5546493530273438,0.9035840630531311
20,456,388,368,kl,81.84,0.20000000000000284,0.538882851600647,0.5077950954437256,0.9413520097732544
20,456,389,369,kl,81.68,-0.1599999999999966,0.6485441327095032,0.5324855446815491,0.8486655354499817
20,456,390,370,kl,82.74,1.059999999999988,0.5292459726333618,0.47015056014060974,0.8290517926216125
20,456,391,371,kl,82.18,-0.5599999999999881,0.42468711733818054,0.4495568573474884,0.7951854467391968
20,456,392,372,kl,81.86,-0.3200000000000074,0.6225268244743347,0.5296816229820251,0.9481351375579834
20,456,393,373,kl,82.62,0.7600000000000051,0.6581202745437622,0.5445535778999329,0.9822958707809448
20,456,394,374,kl,81.98,-0.6400000000000006,0.5851168632507324,0.5112147927284241,0.8052427172660828
20,456,395,375,kl,82.14,0.1599999999999966,0.5521760582923889,0.4973674714565277,1.0779415369033813
20,456,396,376,kl,81.88,-0.2600000000000051,0.7165155410766602,0.6049008369445801,1.1748543977737427
20,456,397,377,kl,81.94,0.060000000000002274,0.6416360139846802,0.5358204245567322,0.9700143337249756
20,456,398,378,kl,83.38,1.4399999999999977,0.598875880241394,0.47915220260620117,0.7401852011680603
20,456,399,379,ce,81.82,-1.5600000000000023,0.24300433695316315,0.3808445930480957,1.615968942642212
20,456,400,380,kl,80.76,-1.059999999999988,0.5937557220458984,0.5329429507255554,0.927240252494812
20,456,401,381,kl,82.2,1.4399999999999977,0.6016703844070435,0.4970964193344116,0.8289248943328857
20,456,402,382,kl,80.86,-1.3400000000000034,0.46558815240859985,0.5214041471481323,0.9425399303436279
20,456,403,383,kl,82.48,1.6200000000000045,0.5535731911659241,0.5062577724456787,0.6914611458778381
20,456,404,384,kl,81.88,-0.6000000000000085,0.6535669565200806,0.5553090572357178,1.1647303104400635
20,456,405,385,kl,82.86,0.980000000000004,0.458352267742157,0.4538535475730896,0.8109991550445557
20,456,406,386,kl,83.06,0.20000000000000284,0.437338650226593,0.43300050497055054,0.8472498655319214
20,456,407,387,kl,82.34,-0.7199999999999989,0.5785645842552185,0.4808637201786041,0.8375405073165894
20,456,408,388,kl,82.64,0.29999999999999716,0.47711214423179626,0.4595082104206085,0.7765156030654907
20,456,409,389,kl,81.78,-0.8599999999999994,0.5196868181228638,0.483359694480896,0.7920976877212524
20,456,410,390,kl,81.68,-0.09999999999999432,0.4670877754688263,0.49907931685447693,0.9496720433235168
20,456,411,391,kl,82.86,1.1799999999999926,0.33479660749435425,0.4487915337085724,0.756303071975708
20,456,412,392,kl,82.64,-0.21999999999999886,0.5160665512084961,0.5040472745895386,0.7392467856407166
20,456,413,393,kl,80.78,-1.8599999999999994,0.6040633320808411,0.523332417011261,0.8652483820915222
20,456,414,394,kl,83.2,2.4200000000000017,0.5074712038040161,0.42748865485191345,0.708096444606781
20,456,415,395,kl,80.52,-2.680000000000007,0.6391102075576782,0.5121793746948242,0.8249843716621399
20,456,416,396,kl,82.6,2.0799999999999983,0.4573839604854584,0.4507933259010315,0.755416214466095
20,456,417,397,kl,82.22,-0.37999999999999545,0.5067291259765625,0.4551304578781128,0.6929517388343811
20,456,418,398,kl,82.18,-0.03999999999999204,0.5258005857467651,0.5008383989334106,1.0381145477294922
20,456,419,399,kl,81.9,-0.28000000000000114,0.6358221173286438,0.5658705830574036,0.9848976731300354
20,456,420,400,ce,82.1,0.19999999999998863,0.24271391332149506,0.340093195438385,1.7780287265777588
20,789,1,-19,kl,41.6,32.22,0.7175809144973755,0.8171578645706177,1.7170233726501465
20,789,2,-18,kl,48.6,7.0,0.6583791971206665,0.7332697510719299,1.4635035991668701
20,789,3,-17,kl,62.06,13.46,0.7196786403656006,0.5406827926635742,1.2652630805969238
20,789,4,-16,kl,69.14,7.079999999999998,0.5678180456161499,0.430714875459671,1.0157923698425293
20,789,5,-15,kl,70.56,1.4200000000000017,0.478264719247818,0.44036513566970825,0.9040332436561584
20,789,6,-14,kl,72.36,1.7999999999999972,0.5874995589256287,0.47959333658218384,1.16276216506958
20,789,7,-13,kl,74.68,2.3200000000000074,0.5154933929443359,0.4131320118904114,0.9040573835372925
20,789,8,-12,kl,75.86,1.1799999999999926,0.539086103439331,0.4343920350074768,0.9377961158752441
20,789,9,-11,kl,76.34,0.480000000000004,0.5789918303489685,0.4610656201839447,0.9968844056129456
20,789,10,-10,kl,76.98,0.6400000000000006,0.4773847758769989,0.42861679196357727,0.9105173945426941
20,789,11,-9,kl,76.22,-0.7600000000000051,0.6694203019142151,0.4921480119228363,1.2501521110534668
20,789,12,-8,kl,78.8,2.5799999999999983,0.5853951573371887,0.48775890469551086,1.0156564712524414
20,789,13,-7,kl,78.4,-0.3999999999999915,0.5836464762687683,0.47386059165000916,1.0571093559265137
20,789,14,-6,kl,78.82,0.4199999999999875,0.47900283336639404,0.3968219459056854,0.8547298312187195
20,789,15,-5,kl,78.94,0.12000000000000455,0.36561039090156555,0.40529635548591614,1.0831533670425415
20,789,16,-4,kl,78.66,-0.28000000000000114,0.3937881290912628,0.3981231153011322,1.0316104888916016
20,789,17,-3,kl,79.6,0.9399999999999977,0.5848474502563477,0.5088483095169067,1.1111421585083008
20,789,18,-2,kl,77.68,-1.9199999999999875,0.5490225553512573,0.49694305658340454,1.2756965160369873
20,789,19,-1,kl,78.72,1.039999999999992,0.3906008005142212,0.3924542963504791,0.9996269345283508
20,789,20,0,kl,79.86,1.1400000000000006,0.6350903511047363,0.5051345825195312,0.8507119417190552
20,789,21,1,ce,79.84,-0.01999999999999602,0.29171812534332275,0.3089499771595001,1.868458867073059
20,789,22,2,kl,79.92,0.0799999999999983,0.6468974947929382,0.48177245259284973,0.825476884841919
20,789,23,3,kl,81.32,1.3999999999999915,0.3567808270454407,0.4056011736392975,0.9259132146835327
20,789,24,4,kl,79.46,-1.8599999999999994,0.5501856803894043,0.4740510582923889,0.9379774332046509
20,789,25,5,kl,80.66,1.2000000000000028,0.5305424928665161,0.45945581793785095,1.1240144968032837
20,789,26,6,kl,79.36,-1.2999999999999972,0.4828993082046509,0.43926385045051575,1.0419425964355469
20,789,27,7,kl,78.88,-0.480000000000004,0.5252034664154053,0.4761142432689667,1.2137393951416016
20,789,28,8,kl,79.28,0.4000000000000057,0.5815197229385376,0.4921337962150574,1.1229673624038696
20,789,29,9,kl,79.94,0.6599999999999966,0.5535063147544861,0.5089756846427917,1.0782208442687988
20,789,30,10,kl,79.08,-0.8599999999999994,0.6492112874984741,0.4946938157081604,1.1454685926437378
20,789,31,11,kl,80.98,1.9000000000000057,0.4935765862464905,0.44504502415657043,0.8226279020309448
20,789,32,12,kl,81.36,0.37999999999999545,0.4909854233264923,0.46138468384742737,1.0186725854873657
20,789,33,13,kl,80.7,-0.6599999999999966,0.5111528635025024,0.4164399206638336,0.7388967275619507
20,789,34,14,kl,81.72,1.019999999999996,0.22385750710964203,0.3694553077220917,0.9430729150772095
20,789,35,15,kl,79.66,-2.0600000000000023,0.489829957485199,0.41829654574394226,1.006061315536499
20,789,36,16,kl,80.3,0.6400000000000006,0.4581288695335388,0.42587944865226746,0.8224297761917114
20,789,37,17,kl,81.22,0.9200000000000017,0.5807540416717529,0.4670102298259735,1.1011420488357544
20,789,38,18,kl,81.1,-0.12000000000000455,0.40911436080932617,0.4067140519618988,0.9448503255844116
20,789,39,19,kl,81.0,-0.09999999999999432,0.522645115852356,0.4372080862522125,0.9675630331039429
20,789,40,20,kl,81.74,0.7399999999999949,0.5661256909370422,0.46001094579696655,0.885881245136261
20,789,41,21,kl,81.1,-0.6400000000000006,0.6378083229064941,0.4995432198047638,1.1045374870300293
20,789,42,22,ce,79.94,-1.1599999999999966,0.35815560817718506,0.34740856289863586,2.05118989944458
20,789,43,23,kl,79.9,-0.03999999999999204,0.5947260856628418,0.4957464933395386,1.2664180994033813
20,789,44,24,kl,80.84,0.9399999999999977,0.48537784814834595,0.42757919430732727,0.9261081218719482
20,789,45,25,kl,80.76,-0.0799999999999983,0.43153369426727295,0.4011235535144806,1.005103349685669
20,789,46,26,kl,82.1,1.3399999999999892,0.38489681482315063,0.39823371171951294,0.7891155481338501
20,789,47,27,kl,81.22,-0.8799999999999955,0.47830092906951904,0.4192321002483368,0.7929273843765259
20,789,48,28,kl,82.74,1.519999999999996,0.285595178604126,0.3559682369232178,0.9028282165527344
20,789,49,29,kl,80.9,-1.8399999999999892,0.5511817336082458,0.48824262619018555,1.028023600578308
20,789,50,30,kl,80.28,-0.6200000000000045,0.4757517874240875,0.43157801032066345,1.0033597946166992
20,789,51,31,kl,81.66,1.3799999999999955,0.5689101219177246,0.45281362533569336,0.903480052947998
20,789,52,32,kl,82.76,1.1000000000000085,0.5017087459564209,0.421904057264328,0.8204715847969055
20,789,53,33,kl,80.4,-2.3599999999999994,0.4971081018447876,0.43002256751060486,0.8434090614318848
20,789,54,34,kl,81.98,1.5799999999999983,0.4478287398815155,0.4264017641544342,0.8304256796836853
20,789,55,35,kl,81.76,-0.21999999999999886,0.5523484945297241,0.47492823004722595,0.9903593063354492
20,789,56,36,kl,80.54,-1.2199999999999989,0.43038803339004517,0.4171396791934967,0.8692271709442139
20,789,57,37,kl,81.14,0.5999999999999943,0.5499003529548645,0.489086776971817,1.0508677959442139
20,789,58,38,kl,82.06,0.9200000000000017,0.3326515555381775,0.4127853810787201,0.8050649762153625
20,789,59,39,kl,81.78,-0.28000000000000114,0.4187593460083008,0.42020100355148315,1.007934331893921
20,789,60,40,kl,82.04,0.2600000000000051,0.4913289546966553,0.4602064788341522,0.9228816628456116
20,789,61,41,kl,83.0,0.9599999999999937,0.34509971737861633,0.401989609003067,1.0197968482971191
20,789,62,42,kl,81.08,-1.9200000000000017,0.5092804431915283,0.4616662561893463,0.8442143797874451
20,789,63,43,ce,81.3,0.21999999999999886,0.2986771762371063,0.3498654067516327,1.9570481777191162
20,789,64,44,kl,81.0,-0.29999999999999716,0.4796634912490845,0.44281235337257385,1.0051910877227783
20,789,65,45,kl,82.52,1.519999999999996,0.484336793422699,0.4536712169647217,0.8161923289299011
20,789,66,46,kl,80.76,-1.759999999999991,0.5830676555633545,0.5049061179161072,1.2147506475448608
20,789,67,47,kl,82.76,2.0,0.41979920864105225,0.4183109700679779,0.7631664872169495
20,789,68,48,kl,81.8,-0.960000000000008,0.46080896258354187,0.442053884267807,0.9992611408233643
20,789,69,49,kl,81.94,0.14000000000000057,0.5572593808174133,0.4759289026260376,0.9479324817657471
20,789,70,50,kl,81.28,-0.6599999999999966,0.5897998213768005,0.5041974186897278,1.2271521091461182
20,789,71,51,kl,82.2,0.9200000000000017,0.5483057498931885,0.44401007890701294,0.8870981931686401
20,789,72,52,kl,81.66,-0.5400000000000063,0.5390145182609558,0.4473779499530792,0.8381744623184204
20,789,73,53,kl,81.58,-0.0799999999999983,0.5064086318016052,0.430602103471756,0.8121351599693298
20,789,74,54,kl,82.04,0.46000000000000796,0.5093125700950623,0.43891704082489014,0.9499149918556213
20,789,75,55,kl,80.5,-1.5400000000000063,0.6367772817611694,0.5620323419570923,1.1520774364471436
20,789,76,56,kl,80.42,-0.0799999999999983,0.4330783784389496,0.44412752985954285,0.9399504661560059
20,789,77,57,kl,81.6,1.1799999999999926,0.3867502212524414,0.40790948271751404,1.0793737173080444
20,789,78,58,kl,82.46,0.8599999999999994,0.4300166368484497,0.42615509033203125,0.8980578184127808
20,789,79,59,kl,83.16,0.7000000000000028,0.4254049062728882,0.4113250970840454,0.8021984100341797
20,789,80,60,kl,81.1,-2.0600000000000023,0.5032512545585632,0.44628772139549255,0.9190124869346619
20,789,81,61,kl,81.54,0.44000000000001194,0.5320309400558472,0.49169594049453735,1.0969263315200806
20,789,82,62,kl,80.88,-0.6600000000000108,0.5146540403366089,0.4457918107509613,1.0921788215637207
20,789,83,63,kl,81.58,0.7000000000000028,0.620132565498352,0.5193153619766235,1.1365938186645508
20,789,84,64,ce,79.8,-1.7800000000000011,0.3478589653968811,0.35820654034614563,1.8214918375015259
20,789,85,65,kl,81.74,1.9399999999999977,0.47478145360946655,0.43309733271598816,0.900447428226471
20,789,86,66,kl,81.7,-0.03999999999999204,0.5329177379608154,0.45659565925598145,0.9525303840637207
20,789,87,67,kl,81.72,0.01999999999999602,0.5729786157608032,0.4727795124053955,0.8627365827560425
20,789,88,68,kl,82.22,0.5,0.34594041109085083,0.4050274193286896,0.9905851483345032
20,789,89,69,kl,82.12,-0.09999999999999432,0.48218822479248047,0.4456082582473755,0.900077760219574
20,789,90,70,kl,80.84,-1.2800000000000011,0.46549472212791443,0.42882660031318665,1.017635464668274
20,789,91,71,kl,82.12,1.2800000000000011,0.6395679116249084,0.5001497864723206,0.9260408878326416
20,789,92,72,kl,82.02,-0.10000000000000853,0.4349185526371002,0.4542345106601715,1.181545376777649
20,789,93,73,kl,82.34,0.3200000000000074,0.42059436440467834,0.41978681087493896,0.967471718788147
20,789,94,74,kl,81.0,-1.3400000000000034,0.5387879610061646,0.43024030327796936,0.9946298003196716
20,789,95,75,kl,79.96,-1.0400000000000063,0.5171584486961365,0.428030401468277,1.050094723701477
20,789,96,76,kl,80.72,0.7600000000000051,0.6369204521179199,0.5216482281684875,1.08145010471344
20,789,97,77,kl,80.12,-0.5999999999999943,0.4811594486236572,0.44161173701286316,0.9426732659339905
20,789,98,78,kl,82.22,2.0999999999999943,0.6105806231498718,0.4777070879936218,0.9481783509254456
20,789,99,79,kl,81.02,-1.2000000000000028,0.43208640813827515,0.42895856499671936,0.8125243782997131
20,789,100,80,kl,81.84,0.8200000000000074,0.5567528009414673,0.4871886670589447,1.1775215864181519
20,789,101,81,kl,81.7,-0.14000000000000057,0.48454537987709045,0.4372900724411011,0.953583836555481
20,789,102,82,kl,81.5,-0.20000000000000284,0.5289137363433838,0.42845234274864197,0.944659948348999
20,789,103,83,kl,81.54,0.04000000000000625,0.43497031927108765,0.410599946975708,0.856706440448761
20,789,104,84,kl,82.04,0.5,0.5018883347511292,0.44432830810546875,0.747518002986908
20,789,105,85,ce,80.08,-1.960000000000008,0.2496291846036911,0.3440232574939728,1.740251898765564
20,789,106,86,kl,81.84,1.7600000000000051,0.37217196822166443,0.42837628722190857,0.9237318634986877
20,789,107,87,kl,82.3,0.45999999999999375,0.49948644638061523,0.4545513391494751,0.8918904066085815
20,789,108,88,kl,81.54,-0.7599999999999909,0.5361819267272949,0.501076340675354,1.1415362358093262
20,789,109,89,kl,81.4,-0.14000000000000057,0.6048076748847961,0.5409958362579346,1.1110618114471436
20,789,110,90,kl,81.26,-0.14000000000000057,0.494867205619812,0.49476897716522217,1.222213864326477
20,789,111,91,kl,81.7,0.4399999999999977,0.4920055866241455,0.44811198115348816,0.984626054763794
20,789,112,92,kl,81.54,-0.1599999999999966,0.44232335686683655,0.4088548719882965,0.7986765503883362
20,789,113,93,kl,80.0,-1.5400000000000063,0.5968183279037476,0.499429315328598,1.243563175201416
20,789,114,94,kl,82.62,2.6200000000000045,0.3836861848831177,0.40351182222366333,0.807628870010376
20,789,115,95,kl,82.32,-0.30000000000001137,0.47458353638648987,0.4298079013824463,0.932942807674408
20,789,116,96,kl,81.46,-0.8599999999999994,0.5746358633041382,0.45776161551475525,0.9512057900428772
20,789,117,97,kl,81.46,0.0,0.6151130199432373,0.46370646357536316,0.8141613602638245
20,789,118,98,kl,81.72,0.2600000000000051,0.5236638188362122,0.4559487998485565,0.9281123876571655
20,789,119,99,kl,81.32,-0.4000000000000057,0.5733206272125244,0.4783255457878113,0.88068687915802
20,789,120,100,kl,83.02,1.7000000000000028,0.41605663299560547,0.4223453998565674,1.0840502977371216
20,789,121,101,kl,81.94,-1.0799999999999983,0.4808467924594879,0.4381464421749115,0.8395687341690063
20,789,122,102,kl,80.88,-1.0600000000000023,0.57390958070755,0.5046452283859253,1.1448017358779907
20,789,123,103,kl,82.24,1.3599999999999994,0.6162161231040955,0.4608656167984009,0.886150062084198
20,789,124,104,kl,82.06,-0.1799999999999926,0.41909167170524597,0.40425965189933777,0.8247174620628357
20,789,125,105,kl,82.0,-0.060000000000002274,0.42408937215805054,0.42561453580856323,0.8937348127365112
20,789,126,106,ce,80.26,-1.7399999999999949,0.39609208703041077,0.4154024124145508,1.790493369102478
20,789,127,107,kl,81.48,1.2199999999999989,0.5479863882064819,0.49226492643356323,1.1062431335449219
20,789,128,108,kl,81.06,-0.4200000000000017,0.5587793588638306,0.47709012031555176,1.1498329639434814
20,789,129,109,kl,81.22,0.1599999999999966,0.5660672187805176,0.5067731142044067,1.0772995948791504
20,789,130,110,kl,82.24,1.019999999999996,0.5285085439682007,0.447245329618454,0.8407314419746399
20,789,131,111,kl,81.32,-0.9200000000000017,0.41489243507385254,0.42984965443611145,1.0323268175125122
20,789,132,112,kl,82.78,1.460000000000008,0.33607566356658936,0.37964969873428345,0.7918049097061157
20,789,133,113,kl,81.44,-1.3400000000000034,0.57701176404953,0.4899296760559082,1.1679224967956543
20,789,134,114,kl,81.64,0.20000000000000284,0.42981088161468506,0.44218865036964417,0.888999342918396
20,789,135,115,kl,82.54,0.9000000000000057,0.3634723126888275,0.41621553897857666,0.9276928901672363
20,789,136,116,kl,82.62,0.0799999999999983,0.4237739145755768,0.4045622944831848,0.8167984485626221
20,789,137,117,kl,79.88,-2.740000000000009,0.616005539894104,0.4989505112171173,1.2139774560928345
20,789,138,118,kl,82.4,2.5200000000000102,0.4690839350223541,0.43919289112091064,0.9274410605430603
20,789,139,119,kl,82.1,-0.30000000000001137,0.5057332515716553,0.43796998262405396,0.8828122019767761
20,789,140,120,kl,81.42,-0.6799999999999926,0.5521312355995178,0.46381956338882446,0.909168004989624
20,789,141,121,kl,82.26,0.8400000000000034,0.5430066585540771,0.48221176862716675,1.101572036743164
20,789,142,122,kl,81.86,-0.4000000000000057,0.45209991931915283,0.4409124553203583,0.9450008273124695
20,789,143,123,kl,79.74,-2.1200000000000045,0.6633575558662415,0.5578702688217163,1.2590293884277344
20,789,144,124,kl,81.06,1.3200000000000074,0.5796687602996826,0.4945271611213684,1.1764229536056519
20,789,145,125,kl,82.0,0.9399999999999977,0.44873282313346863,0.4452818036079407,0.8152258992195129
20,789,146,126,kl,81.58,-0.4200000000000017,0.35877302289009094,0.43106046319007874,1.0961283445358276
20,789,147,127,ce,79.76,-1.8199999999999932,0.3915557265281677,0.36253929138183594,1.9345874786376953
20,789,148,128,kl,81.0,1.2399999999999949,0.6388177871704102,0.5612834095954895,1.064850091934204
20,789,149,129,kl,81.78,0.7800000000000011,0.3975132703781128,0.4668070673942566,1.1442540884017944
20,789,150,130,kl,79.68,-2.0999999999999943,0.41516560316085815,0.4573267102241516,1.1734832525253296
20,789,151,131,kl,80.14,0.45999999999999375,0.44870150089263916,0.4576781988143921,0.9956379532814026
20,789,152,132,kl,82.24,2.0999999999999943,0.5345798134803772,0.4593362510204315,0.9684516191482544
20,789,153,133,kl,82.58,0.3400000000000034,0.28208351135253906,0.3916178345680237,0.9475398063659668
20,789,154,134,kl,82.0,-0.5799999999999983,0.40414959192276,0.40683960914611816,0.8888010382652283
20,789,155,135,kl,82.0,0.0,0.45934242010116577,0.4147997498512268,0.7655521035194397
20,789,156,136,kl,83.12,1.1200000000000045,0.4619653522968292,0.4079892933368683,0.7708278298377991
20,789,157,137,kl,83.32,0.19999999999998863,0.5368950366973877,0.4566778242588043,0.8079330325126648
20,789,158,138,kl,82.3,-1.019999999999996,0.2882058024406433,0.3746638894081116,0.9200473427772522
20,789,159,139,kl,83.08,0.7800000000000011,0.42069679498672485,0.420759379863739,0.7248936891555786
20,789,160,140,kl,82.24,-0.8400000000000034,0.508425235748291,0.4192604720592499,0.940487265586853
20,789,161,141,kl,80.26,-1.9799999999999898,0.564445972442627,0.4926811158657074,1.199159026145935
20,789,162,142,kl,82.08,1.8199999999999932,0.4428142011165619,0.42421549558639526,0.8756018877029419
20,789,163,143,kl,82.96,0.8799999999999955,0.5137423276901245,0.45191603899002075,0.9576002359390259
20,789,164,144,kl,81.88,-1.0799999999999983,0.5975043773651123,0.508007824420929,0.9866395592689514
20,789,165,145,kl,81.9,0.020000000000010232,0.43518728017807007,0.41242077946662903,1.0482559204101562
20,789,166,146,kl,81.14,-0.7600000000000051,0.4807552099227905,0.4494575262069702,0.9020208716392517
20,789,167,147,kl,80.08,-1.0600000000000023,0.6484021544456482,0.5624852776527405,1.2604334354400635
20,789,168,148,ce,81.8,1.7199999999999989,0.41259825229644775,0.3796819746494293,1.904248833656311
20,789,169,149,kl,81.56,-0.23999999999999488,0.5819301605224609,0.4990388751029968,1.0479393005371094
20,789,170,150,kl,82.32,0.7599999999999909,0.4093751311302185,0.42749831080436707,0.9162464737892151
20,789,171,151,kl,82.2,-0.11999999999999034,0.57342928647995,0.4723418951034546,1.0002387762069702
20,789,172,152,kl,80.84,-1.3599999999999994,0.5765063166618347,0.48746344447135925,1.041467547416687
20,789,173,153,kl,79.66,-1.1800000000000068,0.6803665161132812,0.5589872002601624,1.1269935369491577
20,789,174,154,kl,81.3,1.6400000000000006,0.5818308591842651,0.4786859154701233,1.0599849224090576
20,789,175,155,kl,82.1,0.7999999999999972,0.5312020182609558,0.4321087598800659,0.8607473969459534
20,789,176,156,kl,82.44,0.3400000000000034,0.5921452641487122,0.4809688925743103,0.8711915016174316
20,789,177,157,kl,83.02,0.5799999999999983,0.37186479568481445,0.39644381403923035,0.8197925686836243
20,789,178,158,kl,82.46,-0.5600000000000023,0.5711277723312378,0.46757444739341736,1.0252113342285156
20,789,179,159,kl,80.88,-1.5799999999999983,0.5190930366516113,0.4748208522796631,1.0556809902191162
20,789,180,160,kl,81.72,0.8400000000000034,0.4060342311859131,0.42125189304351807,0.9440716505050659
20,789,181,161,kl,81.56,-0.1599999999999966,0.4939025640487671,0.43748921155929565,0.9652721285820007
20,789,182,162,kl,82.0,0.4399999999999977,0.34755271673202515,0.401826947927475,0.9367135167121887
20,789,183,163,kl,82.02,0.01999999999999602,0.5332134366035461,0.4459105432033539,0.8229101896286011
20,789,184,164,kl,81.46,-0.5600000000000023,0.4315282106399536,0.4657416343688965,1.119428277015686
20,789,185,165,kl,83.62,2.160000000000011,0.5129059553146362,0.46308252215385437,0.7986372113227844
20,789,186,166,kl,82.16,-1.460000000000008,0.35098540782928467,0.41604363918304443,0.8037096858024597
20,789,187,167,kl,80.8,-1.3599999999999994,0.5058996677398682,0.4526093900203705,0.9408969879150391
20,789,188,168,kl,82.82,2.019999999999996,0.4215954542160034,0.42993611097335815,0.8838637471199036
20,789,189,169,ce,81.34,-1.4799999999999898,0.3254251182079315,0.35992276668548584,1.7786774635314941
20,789,190,170,kl,79.9,-1.4399999999999977,0.6688989400863647,0.5174272656440735,1.0126745700836182
20,789,191,171,kl,81.3,1.3999999999999915,0.45434123277664185,0.43593207001686096,0.9857556223869324
20,789,192,172,kl,82.34,1.0400000000000063,0.4153037667274475,0.43851807713508606,0.9548019170761108
20,789,193,173,kl,80.66,-1.6800000000000068,0.6390910148620605,0.5121569633483887,1.1083552837371826
20,789,194,174,kl,81.68,1.0200000000000102,0.5246496200561523,0.45285236835479736,0.8671312928199768
20,789,195,175,kl,82.16,0.47999999999998977,0.49623483419418335,0.4810400605201721,1.059715986251831
20,789,196,176,kl,82.4,0.2400000000000091,0.520625650882721,0.4499604403972626,0.7987267374992371
20,789,197,177,kl,82.9,0.5,0.5701602101325989,0.4676074981689453,0.9764317274093628
20,789,198,178,kl,81.16,-1.740000000000009,0.22375471889972687,0.37569698691368103,0.9824205040931702
20,789,199,179,kl,82.82,1.6599999999999966,0.5105936527252197,0.45285770297050476,1.0727721452713013
20,789,200,180,kl,83.26,0.44000000000001194,0.4530436396598816,0.4305679202079773,0.9002571105957031
20,789,201,181,kl,81.88,-1.3800000000000097,0.3242647647857666,0.41228431463241577,1.0355536937713623
20,789,202,182,kl,80.64,-1.2399999999999949,0.5314878225326538,0.45392072200775146,0.9911750555038452
20,789,203,183,kl,80.68,0.04000000000000625,0.7379744052886963,0.5975971817970276,1.0938105583190918
20,789,204,184,kl,82.36,1.6799999999999926,0.5644031763076782,0.467486709356308,0.8645762205123901
20,789,205,185,kl,82.12,-0.23999999999999488,0.463559091091156,0.44528287649154663,0.9508438110351562
20,789,206,186,kl,82.8,0.6799999999999926,0.390097439289093,0.43440988659858704,0.9906166195869446
20,789,207,187,kl,81.64,-1.1599999999999966,0.5026426315307617,0.45754697918891907,0.9438048601150513
20,789,208,188,kl,81.52,-0.12000000000000455,0.5401142835617065,0.4739461839199066,0.883198618888855
20,789,209,189,kl,82.66,1.1400000000000006,0.4917072057723999,0.45025911927223206,0.8008413314819336
20,789,210,190,ce,78.78,-3.8799999999999955,0.4086265563964844,0.3549862205982208,2.0912070274353027
20,789,211,191,kl,82.94,4.159999999999997,0.5218010544776917,0.458024263381958,0.8851004242897034
20,789,212,192,kl,81.18,-1.759999999999991,0.45702823996543884,0.4641381800174713,0.912519097328186
20,789,213,193,kl,81.16,-0.020000000000010232,0.5434321761131287,0.45311439037323,0.882509708404541
20,789,214,194,kl,83.32,2.1599999999999966,0.2792056202888489,0.38599950075149536,0.8498603701591492
20,789,215,195,kl,81.96,-1.3599999999999994,0.5092414021492004,0.4601374566555023,0.9361810684204102
20,789,216,196,kl,81.36,-0.5999999999999943,0.5341285467147827,0.4805609881877899,0.8697446584701538
20,789,217,197,kl,81.14,-0.21999999999999886,0.5623306035995483,0.46535512804985046,0.885962188243866
20,789,218,198,kl,82.16,1.019999999999996,0.480698823928833,0.4571074843406677,0.9265853762626648
20,789,219,199,kl,82.82,0.6599999999999966,0.5848841667175293,0.48525726795196533,0.9773034453392029
20,789,220,200,kl,82.14,-0.6799999999999926,0.35159510374069214,0.4514601230621338,0.9797877669334412
20,789,221,201,kl,81.78,-0.35999999999999943,0.37672239542007446,0.42358192801475525,0.9354846477508545
20,789,222,202,kl,82.0,0.21999999999999886,0.3059152364730835,0.39770379662513733,0.898540198802948
20,789,223,203,kl,82.62,0.6200000000000045,0.23140370845794678,0.38622990250587463,1.0953336954116821
20,789,224,204,kl,82.12,-0.5,0.3996172547340393,0.43712157011032104,0.9371253252029419
20,789,225,205,kl,81.54,-0.5799999999999983,0.5064516663551331,0.4694403409957886,0.9100666046142578
20,789,226,206,kl,82.66,1.1199999999999903,0.23939859867095947,0.3933633267879486,0.921230137348175
20,789,227,207,kl,81.94,-0.7199999999999989,0.5376754999160767,0.4735069274902344,1.024836540222168
20,789,228,208,kl,82.3,0.35999999999999943,0.4458034932613373,0.39896777272224426,0.7962236404418945
20,789,229,209,kl,81.38,-0.9200000000000017,0.5975648760795593,0.5489203929901123,1.1406043767929077
20,789,230,210,kl,81.78,0.4000000000000057,0.5132836103439331,0.4884893298149109,0.8668688535690308
20,789,231,211,ce,80.32,-1.460000000000008,0.367459774017334,0.36486509442329407,1.697200894355774
20,789,232,212,kl,79.66,-0.6599999999999966,0.6717163920402527,0.5619972944259644,1.28257417678833
20,789,233,213,kl,81.28,1.6200000000000045,0.450330913066864,0.42295604944229126,0.931743860244751
20,789,234,214,kl,82.54,1.2600000000000051,0.5165840983390808,0.4672258794307709,1.0195692777633667
20,789,235,215,kl,82.9,0.35999999999999943,0.39181846380233765,0.4437650740146637,0.8987217545509338
20,789,236,216,kl,83.0,0.09999999999999432,0.5428033471107483,0.45663419365882874,1.1224735975265503
20,789,237,217,kl,83.14,0.14000000000000057,0.6024141907691956,0.4866046607494354,0.8963056802749634
20,789,238,218,kl,82.32,-0.8200000000000074,0.48351991176605225,0.4659762680530548,0.8236402273178101
20,789,239,219,kl,82.02,-0.29999999999999716,0.5365148782730103,0.4820038080215454,0.9457437992095947
20,789,240,220,kl,80.64,-1.3799999999999955,0.5047246217727661,0.4829394221305847,1.1639097929000854
20,789,241,221,kl,82.8,2.1599999999999966,0.3453763723373413,0.4049380421638489,1.0423470735549927
20,789,242,222,kl,82.74,-0.060000000000002274,0.42444950342178345,0.42794397473335266,0.9674395322799683
20,789,243,223,kl,82.32,-0.4200000000000017,0.46836531162261963,0.4481223523616791,0.8227423429489136
20,789,244,224,kl,81.6,-0.7199999999999989,0.5420496463775635,0.5166700482368469,1.1517201662063599
20,789,245,225,kl,81.54,-0.05999999999998806,0.591383695602417,0.546441912651062,1.1671135425567627
20,789,246,226,kl,82.76,1.2199999999999989,0.5169429183006287,0.43959730863571167,0.9129050374031067
20,789,247,227,kl,81.72,-1.0400000000000063,0.3950721323490143,0.4193374216556549,0.821894109249115
20,789,248,228,kl,81.78,0.060000000000002274,0.5741269588470459,0.5381880402565002,1.2899967432022095
20,789,249,229,kl,82.0,0.21999999999999886,0.5153234004974365,0.4705997109413147,0.9787376523017883
20,789,250,230,kl,81.24,-0.7600000000000051,0.5461850166320801,0.44724172353744507,0.876530647277832
20,789,251,231,kl,81.28,0.04000000000000625,0.45112237334251404,0.4704730808734894,1.1000157594680786
20,789,252,232,ce,79.36,-1.9200000000000017,0.5527821183204651,0.5335721969604492,2.013960599899292
20,789,253,233,kl,82.38,3.019999999999996,0.5226383805274963,0.47507616877555847,0.7828007936477661
20,789,254,234,kl,82.92,0.5400000000000063,0.5673854947090149,0.4857945740222931,1.1178154945373535
20,789,255,235,kl,82.06,-0.8599999999999994,0.6461279392242432,0.5120565295219421,1.0776516199111938
20,789,256,236,kl,81.38,-0.6800000000000068,0.7043262720108032,0.5351787209510803,1.245924711227417
20,789,257,237,kl,82.12,0.7400000000000091,0.5217136144638062,0.45236220955848694,0.9816615581512451
20,789,258,238,kl,82.28,0.1599999999999966,0.5121587514877319,0.43111786246299744,0.973585844039917
20,789,259,239,kl,81.48,-0.7999999999999972,0.4560021758079529,0.43741586804389954,1.0116640329360962
20,789,260,240,kl,80.6,-0.8800000000000097,0.48454970121383667,0.45203813910484314,0.7402949333190918
20,789,261,241,kl,80.82,0.21999999999999886,0.534469723701477,0.4746359884738922,0.9178972840309143
20,789,262,242,kl,81.4,0.5800000000000125,0.5906533002853394,0.5115088224411011,1.0913876295089722
20,789,263,243,kl,81.6,0.19999999999998863,0.4095141887664795,0.43355536460876465,1.118517279624939
20,789,264,244,kl,82.32,0.7199999999999989,0.3625135123729706,0.39101001620292664,0.9304153919219971
20,789,265,245,kl,82.54,0.22000000000001307,0.5011218190193176,0.44628262519836426,0.9210600852966309
20,789,266,246,kl,82.36,-0.18000000000000682,0.47959083318710327,0.42135557532310486,0.8570352792739868
20,789,267,247,kl,80.88,-1.480000000000004,0.46280771493911743,0.44970208406448364,1.1186729669570923
20,789,268,248,kl,82.16,1.2800000000000011,0.5426413416862488,0.4726126194000244,0.9947757720947266
20,789,269,249,kl,82.06,-0.09999999999999432,0.5582675933837891,0.46289360523223877,0.9689391851425171
20,789,270,250,kl,82.16,0.09999999999999432,0.4643443524837494,0.45672914385795593,0.9127572178840637
20,789,271,251,kl,82.86,0.7000000000000028,0.53318190574646,0.44487282633781433,0.9018049240112305
20,789,272,252,kl,80.84,-2.019999999999996,0.5178784728050232,0.48197516798973083,1.0607243776321411
20,789,273,253,ce,82.24,1.3999999999999915,0.20959126949310303,0.3119491934776306,1.7115228176116943
20,789,274,254,kl,81.02,-1.2199999999999989,0.5404644012451172,0.4601096212863922,1.152038335800171
20,789,275,255,kl,81.68,0.6600000000000108,0.5429141521453857,0.4653460681438446,1.0173193216323853
20,789,276,256,kl,82.46,0.7799999999999869,0.6054494976997375,0.5060355067253113,0.9005054235458374
20,789,277,257,kl,81.16,-1.2999999999999972,0.6534706354141235,0.533771276473999,1.1265592575073242
20,789,278,258,kl,81.78,0.6200000000000045,0.34222882986068726,0.39498111605644226,0.9235759973526001
20,789,279,259,kl,82.32,0.539999999999992,0.4940277338027954,0.44273272156715393,1.1872544288635254
20,789,280,260,kl,81.76,-0.5599999999999881,0.44249439239501953,0.44712376594543457,0.9851123094558716
20,789,281,261,kl,82.36,0.5999999999999943,0.4078965187072754,0.4278359115123749,0.8222652673721313
20,789,282,262,kl,79.54,-2.819999999999993,0.49456316232681274,0.4653443396091461,1.0265235900878906
20,789,283,263,kl,82.64,3.0999999999999943,0.43275755643844604,0.41780710220336914,0.9455478191375732
20,789,284,264,kl,81.36,-1.2800000000000011,0.5741442441940308,0.5028744339942932,0.8983532786369324
20,789,285,265,kl,80.04,-1.3199999999999932,0.5563271045684814,0.5306518077850342,1.2665263414382935
20,789,286,266,kl,81.08,1.039999999999992,0.5128726363182068,0.4352395832538605,0.8090031147003174
20,789,287,267,kl,81.0,-0.0799999999999983,0.5998972654342651,0.48008638620376587,0.984880268573761
20,789,288,268,kl,81.84,0.8400000000000034,0.4493618309497833,0.45394232869148254,1.0964939594268799
20,789,289,269,kl,82.14,0.29999999999999716,0.31402263045310974,0.3793565034866333,1.013106346130371
20,789,290,270,kl,82.12,-0.01999999999999602,0.524651288986206,0.46185579895973206,0.8418899774551392
20,789,291,271,kl,80.76,-1.3599999999999994,0.5391899347305298,0.4956236481666565,1.1419223546981812
20,789,292,272,kl,81.84,1.0799999999999983,0.479937344789505,0.4517579674720764,0.9423626661300659
20,789,293,273,kl,81.5,-0.3400000000000034,0.4331356883049011,0.42254000902175903,1.01694917678833
20,789,294,274,ce,79.92,-1.5799999999999983,0.4469819664955139,0.4359918236732483,1.9341955184936523
20,789,295,275,kl,83.06,3.1400000000000006,0.5570428967475891,0.49749991297721863,0.9763670563697815
20,789,296,276,kl,81.66,-1.4000000000000057,0.5797034502029419,0.5017611384391785,1.0132476091384888
20,789,297,277,kl,82.98,1.3200000000000074,0.4496206045150757,0.42985209822654724,0.9188469648361206
20,789,298,278,kl,82.32,-0.6600000000000108,0.3960356116294861,0.38775166869163513,0.8304298520088196
20,789,299,279,kl,83.22,0.9000000000000057,0.6142549514770508,0.4690829813480377,1.0576766729354858
20,789,300,280,kl,81.3,-1.9200000000000017,0.5920018553733826,0.47248244285583496,0.9387611746788025
20,789,301,281,kl,80.86,-0.4399999999999977,0.40580809116363525,0.432840496301651,1.0478216409683228
20,789,302,282,kl,82.68,1.8200000000000074,0.6375821232795715,0.48858097195625305,0.8427321910858154
20,789,303,283,kl,82.12,-0.5600000000000023,0.48167097568511963,0.4528842270374298,0.9647248387336731
20,789,304,284,kl,82.54,0.4200000000000017,0.48119592666625977,0.4748486876487732,0.7831777930259705
20,789,305,285,kl,82.42,-0.12000000000000455,0.5445871949195862,0.468249648809433,0.888746440410614
20,789,306,286,kl,82.58,0.1599999999999966,0.5739045143127441,0.4810452461242676,0.949095606803894
20,789,307,287,kl,82.22,-0.35999999999999943,0.4902775287628174,0.4560322165489197,0.8700262308120728
20,789,308,288,kl,80.44,-1.7800000000000011,0.5076383352279663,0.5327982306480408,1.0701147317886353
20,789,309,289,kl,82.2,1.7600000000000051,0.5629079937934875,0.4386310577392578,0.8447887301445007
20,789,310,290,kl,83.08,0.8799999999999955,0.5628410577774048,0.49591222405433655,0.921507716178894
20,789,311,291,kl,82.66,-0.4200000000000017,0.36948883533477783,0.4255002737045288,1.0318716764450073
20,789,312,292,kl,81.42,-1.2399999999999949,0.43513211607933044,0.45981860160827637,0.9434614181518555
20,789,313,293,kl,81.9,0.480000000000004,0.5701452493667603,0.5200614929199219,1.0256201028823853
20,789,314,294,kl,82.56,0.6599999999999966,0.5520014762878418,0.5049842000007629,1.0175834894180298
20,789,315,295,ce,79.28,-3.280000000000001,0.4442305564880371,0.44812020659446716,1.800489068031311
20,789,316,296,kl,82.88,3.5999999999999943,0.6314355134963989,0.5167919397354126,1.0437002182006836
20,789,317,297,kl,83.18,0.30000000000001137,0.5518360733985901,0.4547857642173767,0.9931731224060059
20,789,318,298,kl,81.92,-1.2600000000000051,0.6490281224250793,0.5467067360877991,1.112623929977417
20,789,319,299,kl,81.62,-0.29999999999999716,0.5342375636100769,0.4786257743835449,0.7952821850776672
20,789,320,300,kl,83.16,1.539999999999992,0.5144039988517761,0.44870680570602417,0.8529589176177979
20,789,321,301,kl,81.76,-1.3999999999999915,0.522110104560852,0.47995883226394653,0.9963353872299194
20,789,322,302,kl,82.3,0.539999999999992,0.5943670868873596,0.4770561456680298,0.9113011956214905
20,789,323,303,kl,82.48,0.18000000000000682,0.5241167545318604,0.4670000672340393,0.9676840305328369
20,789,324,304,kl,81.24,-1.240000000000009,0.6409457921981812,0.5123195648193359,1.128043293952942
20,789,325,305,kl,81.86,0.6200000000000045,0.5996118187904358,0.5020535588264465,1.020967721939087
20,789,326,306,kl,81.08,-0.7800000000000011,0.6424531936645508,0.5464270710945129,1.0485658645629883
20,789,327,307,kl,82.36,1.2800000000000011,0.39296072721481323,0.43529826402664185,1.0107648372650146
20,789,328,308,kl,82.54,0.18000000000000682,0.5118584632873535,0.4392009973526001,0.9365596771240234
20,789,329,309,kl,82.2,-0.3400000000000034,0.588721513748169,0.4850142002105713,0.947532594203949
20,789,330,310,kl,82.66,0.45999999999999375,0.5244052410125732,0.44900962710380554,0.766705334186554
20,789,331,311,kl,82.5,-0.1599999999999966,0.5117095708847046,0.4391588866710663,1.013442873954773
20,789,332,312,kl,81.72,-0.7800000000000011,0.6290991306304932,0.5201916098594666,1.041623830795288
20,789,333,313,kl,82.34,0.6200000000000045,0.5591152310371399,0.4746639132499695,0.8968076109886169
20,789,334,314,kl,82.7,0.35999999999999943,0.4885903000831604,0.43534401059150696,0.8113271594047546
20,789,335,315,kl,82.42,-0.28000000000000114,0.3783954381942749,0.4261208772659302,0.9171500205993652
20,789,336,316,ce,80.84,-1.5799999999999983,0.3243708610534668,0.4083710312843323,1.739329218864441
20,789,337,317,kl,81.7,0.8599999999999994,0.6005403399467468,0.5021096467971802,0.9619120955467224
20,789,338,318,kl,82.76,1.0600000000000023,0.3764597177505493,0.4411652386188507,0.9317433834075928
20,789,339,319,kl,81.6,-1.1600000000000108,0.5883475542068481,0.5209046602249146,1.1262638568878174
20,789,340,320,kl,83.1,1.5,0.48000624775886536,0.44323110580444336,0.9135273694992065
20,789,341,321,kl,82.84,-0.2599999999999909,0.5253176093101501,0.4702560007572174,0.8531405925750732
20,789,342,322,kl,81.46,-1.3800000000000097,0.6158315539360046,0.5547693371772766,1.0598986148834229
20,789,343,323,kl,82.22,0.7600000000000051,0.6547250151634216,0.5130723118782043,0.9712508320808411
20,789,344,324,kl,82.86,0.6400000000000006,0.4170572757720947,0.4130532443523407,0.81344074010849
20,789,345,325,kl,82.06,-0.7999999999999972,0.44686996936798096,0.42299237847328186,0.8681337237358093
20,789,346,326,kl,82.32,0.2599999999999909,0.5075039863586426,0.47159141302108765,1.0217540264129639
20,789,347,327,kl,82.36,0.04000000000000625,0.6100163459777832,0.5107454657554626,1.0458779335021973
20,789,348,328,kl,82.88,0.519999999999996,0.39567145705223083,0.4493851661682129,0.8547098636627197
20,789,349,329,kl,81.78,-1.0999999999999943,0.5766500234603882,0.44335779547691345,0.8070905208587646
20,789,350,330,kl,81.56,-0.21999999999999886,0.41255587339401245,0.41615045070648193,0.8618875741958618
20,789,351,331,kl,82.02,0.45999999999999375,0.6208258271217346,0.5125823020935059,1.0526424646377563
20,789,352,332,kl,82.82,0.7999999999999972,0.4608280658721924,0.472347229719162,0.9790028929710388
20,789,353,333,kl,82.64,-0.1799999999999926,0.5169649124145508,0.47027403116226196,0.9979825615882874
20,789,354,334,kl,82.34,-0.29999999999999716,0.38152503967285156,0.43440696597099304,0.8427382111549377
20,789,355,335,kl,81.7,-0.6400000000000006,0.37725889682769775,0.44248706102371216,0.8181089758872986
20,789,356,336,kl,82.24,0.539999999999992,0.36315563321113586,0.45191654562950134,0.9399779438972473
20,789,357,337,ce,79.42,-2.819999999999993,0.4212106466293335,0.45473313331604004,1.8777475357055664
20,789,358,338,kl,83.08,3.6599999999999966,0.3664723038673401,0.40541940927505493,0.8214710354804993
20,789,359,339,kl,82.24,-0.8400000000000034,0.47743937373161316,0.444261372089386,0.8879161477088928
20,789,360,340,kl,80.74,-1.5,0.643245279788971,0.5256039500236511,1.2293727397918701
20,789,361,341,kl,82.54,1.8000000000000114,0.3547897934913635,0.4101945459842682,1.016006588935852
20,789,362,342,kl,82.1,-0.44000000000001194,0.43602949380874634,0.43234652280807495,0.9278889894485474
20,789,363,343,kl,82.42,0.3200000000000074,0.5137815475463867,0.4980619251728058,1.0387005805969238
20,789,364,344,kl,82.12,-0.29999999999999716,0.6701640486717224,0.5318225622177124,1.0169650316238403
20,789,365,345,kl,82.04,-0.0799999999999983,0.6237310171127319,0.526354193687439,1.025029182434082
20,789,366,346,kl,83.1,1.059999999999988,0.32066673040390015,0.39849796891212463,0.9511110186576843
20,789,367,347,kl,82.82,-0.28000000000000114,0.522737979888916,0.470669150352478,0.9455345273017883
20,789,368,348,kl,80.66,-2.1599999999999966,0.6190342903137207,0.5194476842880249,1.01262366771698
20,789,369,349,kl,81.36,0.7000000000000028,0.46015024185180664,0.46099546551704407,1.0025213956832886
20,789,370,350,kl,81.14,-0.21999999999999886,0.6432643532752991,0.49771133065223694,0.9764273166656494
20,789,371,351,kl,82.08,0.9399999999999977,0.6076330542564392,0.4782616198062897,1.0165883302688599
20,789,372,352,kl,82.36,0.28000000000000114,0.5896596312522888,0.47197937965393066,0.8742133975028992
20,789,373,353,kl,82.24,-0.12000000000000455,0.32110995054244995,0.42433232069015503,0.9428117871284485
20,789,374,354,kl,83.1,0.8599999999999994,0.6439525485038757,0.5091179609298706,0.8654974699020386
20,789,375,355,kl,82.16,-0.9399999999999977,0.4871271550655365,0.48757192492485046,1.1423847675323486
20,789,376,356,kl,82.44,0.28000000000000114,0.5588138103485107,0.4681048095226288,0.7371558547019958
20,789,377,357,kl,82.46,0.01999999999999602,0.4941134750843048,0.44218048453330994,0.91813725233078
20,789,378,358,ce,80.12,-2.339999999999989,0.40416407585144043,0.3667464852333069,1.9850331544876099
20,789,379,359,kl,81.28,1.1599999999999966,0.6786489486694336,0.5638304948806763,1.0668971538543701
20,789,380,360,kl,82.04,0.7600000000000051,0.4628421366214752,0.4607394337654114,0.9421914219856262
20,789,381,361,kl,82.34,0.29999999999999716,0.4447754919528961,0.45035189390182495,0.9807424545288086
20,789,382,362,kl,81.32,-1.0200000000000102,0.5235329866409302,0.4562632739543915,0.8147878646850586
20,789,383,363,kl,81.96,0.6400000000000006,0.6002137660980225,0.5151659846305847,1.0387123823165894
20,789,384,364,kl,81.08,-0.8799999999999955,0.5249954462051392,0.4872123599052429,1.044154167175293
20,789,385,365,kl,80.76,-0.3199999999999932,0.556733250617981,0.5124273896217346,0.9968671202659607
20,789,386,366,kl,81.48,0.7199999999999989,0.6300058364868164,0.4945608973503113,1.1114270687103271
20,789,387,367,kl,82.52,1.039999999999992,0.5678808689117432,0.48388800024986267,0.9720312356948853
20,789,388,368,kl,81.76,-0.7599999999999909,0.3774527609348297,0.45416921377182007,0.935231626033783
20,789,389,369,kl,81.1,-0.6600000000000108,0.5228052735328674,0.4481925666332245,0.7611361742019653
20,789,390,370,kl,82.38,1.2800000000000011,0.5505069494247437,0.49681970477104187,0.9820513725280762
20,789,391,371,kl,81.64,-0.7399999999999949,0.5024170875549316,0.4418871998786926,0.9662773013114929
20,789,392,372,kl,81.06,-0.5799999999999983,0.5739275813102722,0.5104662179946899,1.0687648057937622
20,789,393,373,kl,82.66,1.5999999999999943,0.4251033663749695,0.4434439539909363,0.8452510237693787
20,789,394,374,kl,78.76,-3.8999999999999915,0.5294632911682129,0.4887709319591522,1.1548388004302979
20,789,395,375,kl,80.9,2.1400000000000006,0.544568657875061,0.4730255603790283,1.0304092168807983
20,789,396,376,kl,82.86,1.9599999999999937,0.5050663948059082,0.42330849170684814,0.8008725047111511
20,789,397,377,kl,82.1,-0.7600000000000051,0.3979792594909668,0.4295739233493805,0.9608297348022461
20,789,398,378,kl,82.52,0.4200000000000017,0.5056772232055664,0.43855124711990356,0.9417842626571655
20,789,399,379,ce,81.26,-1.259999999999991,0.3401661515235901,0.3578355014324188,1.6806070804595947
20,789,400,380,kl,82.52,1.259999999999991,0.5150343179702759,0.45884016156196594,0.9964240193367004
20,789,401,381,kl,80.18,-2.339999999999989,0.43620043992996216,0.4596894383430481,1.1843090057373047
20,789,402,382,kl,81.38,1.1999999999999886,0.5667619705200195,0.5002264976501465,0.9475740790367126
20,789,403,383,kl,81.04,-0.3399999999999892,0.5111907720565796,0.4301305115222931,0.8432849645614624
20,789,404,384,kl,80.88,-0.1600000000000108,0.7084450721740723,0.5940841436386108,1.3134610652923584
20,789,405,385,kl,82.42,1.5400000000000063,0.6184945106506348,0.48578768968582153,0.8536877036094666
20,789,406,386,kl,80.72,-1.7000000000000028,0.6599595546722412,0.5409054756164551,1.3536475896835327
20,789,407,387,kl,80.46,-0.2600000000000051,0.5183587670326233,0.47778230905532837,1.1239418983459473
20,789,408,388,kl,82.16,1.7000000000000028,0.5216016173362732,0.4658792316913605,1.2214434146881104
20,789,409,389,kl,81.42,-0.7399999999999949,0.5548462867736816,0.4682491421699524,1.0153356790542603
20,789,410,390,kl,82.02,0.5999999999999943,0.5276105999946594,0.4872662127017975,1.0770119428634644
20,789,411,391,kl,82.28,0.2600000000000051,0.487601101398468,0.42753171920776367,0.8333006501197815
20,789,412,392,kl,82.26,-0.01999999999999602,0.5022004842758179,0.46087777614593506,1.0347903966903687
20,789,413,393,kl,82.04,-0.21999999999999886,0.3818855881690979,0.4417244493961334,0.9941001534461975
20,789,414,394,kl,82.8,0.7599999999999909,0.5713719129562378,0.45874539017677307,0.9815971851348877
20,789,415,395,kl,80.4,-2.3999999999999915,0.6595022678375244,0.5357612371444702,1.080779790878296
20,789,416,396,kl,82.02,1.6199999999999903,0.354465514421463,0.43648526072502136,0.999741792678833
20,789,417,397,kl,81.16,-0.8599999999999994,0.5096800923347473,0.510577380657196,1.0214293003082275
20,789,418,398,kl,81.54,0.38000000000000966,0.4418098032474518,0.47931021451950073,0.932042121887207
20,789,419,399,kl,80.12,-1.4200000000000017,0.5875105857849121,0.47025516629219055,0.9101976752281189
20,789,420,400,ce,80.0,-0.12000000000000455,0.3332594037055969,0.35652875900268555,1.7487273216247559
40,123,1,-39,kl,30.44,20.94,0.2853794991970062,0.5632303953170776,1.082793116569519
40,123,2,-38,kl,41.48,11.039999999999996,0.5365458130836487,0.6883959770202637,1.3657740354537964
40,123,3,-37,kl,53.38,11.900000000000006,0.4385550320148468,0.6551014184951782,1.3831180334091187
40,123,4,-36,kl,58.16,4.779999999999994,0.5667855143547058,0.6004102230072021,1.3063868284225464
40,123,5,-35,kl,63.34,5.180000000000007,0.3777540326118469,0.5024493932723999,1.2334623336791992
40,123,6,-34,kl,67.28,3.9399999999999977,0.5605376958847046,0.5169528126716614,1.116544485092163
40,123,7,-33,kl,68.9,1.6200000000000045,0.7275588512420654,0.5705661773681641,1.275957465171814
40,123,8,-32,kl,70.68,1.7800000000000011,0.5776810050010681,0.5245885252952576,1.1385056972503662
40,123,9,-31,kl,71.2,0.519999999999996,0.6439302563667297,0.5209982991218567,1.1903290748596191
40,123,10,-30,kl,72.02,0.8199999999999932,0.49199002981185913,0.501044750213623,0.9451547861099243
40,123,11,-29,kl,73.74,1.7199999999999989,0.5649978518486023,0.5303810834884644,1.1705328226089478
40,123,12,-28,kl,75.7,1.960000000000008,0.2816030979156494,0.43136486411094666,1.0021775960922241
40,123,13,-27,kl,76.4,0.7000000000000028,0.5786566734313965,0.4683995246887207,0.8041548132896423
40,123,14,-26,kl,76.44,0.03999999999999204,0.6769999265670776,0.49995505809783936,1.036407709121704
40,123,15,-25,kl,78.08,1.6400000000000006,0.5820820331573486,0.4716890752315521,0.8791968822479248
40,123,16,-24,kl,76.58,-1.5,0.43850183486938477,0.45564284920692444,0.9501215815544128
40,123,17,-23,kl,74.68,-1.8999999999999915,0.5561013221740723,0.5111647844314575,1.0775115489959717
40,123,18,-22,kl,77.22,2.539999999999992,0.5571420192718506,0.4727632999420166,0.970312774181366
40,123,19,-21,kl,78.74,1.519999999999996,0.5905290842056274,0.49814265966415405,1.0673913955688477
40,123,20,-20,kl,78.08,-0.6599999999999966,0.561354398727417,0.5116739869117737,0.9770574569702148
40,123,21,-19,kl,76.24,-1.8400000000000034,0.6371164917945862,0.4907929599285126,0.9633139371871948
40,123,22,-18,kl,78.56,2.3200000000000074,0.6132529973983765,0.47066354751586914,0.9100416898727417
40,123,23,-17,kl,79.02,0.45999999999999375,0.5974319577217102,0.5439484119415283,1.1191926002502441
40,123,24,-16,kl,79.78,0.7600000000000051,0.37357285618782043,0.4424741268157959,0.8273664116859436
40,123,25,-15,kl,79.7,-0.0799999999999983,0.5784767270088196,0.4732501208782196,0.8337385654449463
40,123,26,-14,kl,79.62,-0.0799999999999983,0.5392749309539795,0.48983249068260193,0.8928719162940979
40,123,27,-13,kl,79.4,-0.21999999999999886,0.401176393032074,0.4057413935661316,0.8106890320777893
40,123,28,-12,kl,79.46,0.05999999999998806,0.332374632358551,0.4387776851654053,0.911224901676178
40,123,29,-11,kl,79.48,0.020000000000010232,0.5940603613853455,0.46888428926467896,0.8664212822914124
40,123,30,-10,kl,79.22,-0.2600000000000051,0.5604652166366577,0.4957297742366791,0.9401021599769592
40,123,31,-9,kl,79.94,0.7199999999999989,0.5703176259994507,0.4503791034221649,0.9294141530990601
40,123,32,-8,kl,81.02,1.0799999999999983,0.43092167377471924,0.43418222665786743,0.8067742586135864
40,123,33,-7,kl,78.92,-2.0999999999999943,0.5350420475006104,0.5260756015777588,0.9550173282623291
40,123,34,-6,kl,79.94,1.019999999999996,0.3788268268108368,0.4628235101699829,0.9485979080200195
40,123,35,-5,kl,79.2,-0.7399999999999949,0.6458532810211182,0.5258177518844604,1.0375542640686035
40,123,36,-4,kl,79.98,0.7800000000000011,0.5568091869354248,0.5077229738235474,0.8813451528549194
40,123,37,-3,kl,79.86,-0.12000000000000455,0.527573823928833,0.4802105128765106,1.0008856058120728
40,123,38,-2,kl,80.72,0.8599999999999994,0.4940316081047058,0.4393084943294525,0.7200253009796143
40,123,39,-1,kl,81.14,0.4200000000000017,0.5208849906921387,0.46791163086891174,1.11336088180542
40,123,40,0,kl,80.5,-0.6400000000000006,0.5174897909164429,0.45267874002456665,0.8899754881858826
40,123,41,1,ce,82.4,1.9000000000000057,0.15202350914478302,0.29531270265579224,2.0182018280029297
40,123,42,2,kl,79.56,-2.8400000000000034,0.5865331292152405,0.5420064330101013,1.0465545654296875
40,123,43,3,kl,79.42,-0.14000000000000057,0.6696194410324097,0.5232428908348083,0.880707323551178
40,123,44,4,kl,79.36,-0.060000000000002274,0.43484383821487427,0.4573599696159363,0.9325352907180786
40,123,45,5,kl,79.86,0.5,0.6463479399681091,0.5089593529701233,0.8215686678886414
40,123,46,6,kl,80.14,0.28000000000000114,0.5759983062744141,0.5084284543991089,0.9950246810913086
40,123,47,7,kl,80.46,0.3199999999999932,0.4826046824455261,0.493766188621521,0.9798458218574524
40,123,48,8,kl,80.7,0.2400000000000091,0.6126030683517456,0.509055495262146,0.8759480118751526
40,123,49,9,kl,81.02,0.3199999999999932,0.4080562889575958,0.47002989053726196,0.7265323996543884
40,123,50,10,kl,79.78,-1.2399999999999949,0.4137718975543976,0.4638575315475464,0.9805176258087158
40,123,51,11,kl,78.8,-0.980000000000004,0.6098003387451172,0.5262752175331116,1.0686882734298706
40,123,52,12,kl,77.24,-1.5600000000000023,0.4978821873664856,0.49702051281929016,1.1284672021865845
40,123,53,13,kl,79.66,2.4200000000000017,0.495458722114563,0.4855524003505707,0.9055015444755554
40,123,54,14,kl,81.02,1.3599999999999994,0.5363961458206177,0.5007143616676331,0.7947450280189514
40,123,55,15,kl,80.92,-0.09999999999999432,0.5716059803962708,0.5152621865272522,0.8989329934120178
40,123,56,16,kl,80.04,-0.8799999999999955,0.4846342206001282,0.4957329034805298,1.0441592931747437
40,123,57,17,kl,80.06,0.01999999999999602,0.554471492767334,0.5239229798316956,1.0201811790466309
40,123,58,18,kl,81.9,1.8400000000000034,0.466194212436676,0.455698162317276,0.9297848343849182
40,123,59,19,kl,81.48,-0.4200000000000017,0.4733859598636627,0.503939151763916,0.9218996167182922
40,123,60,20,kl,79.02,-2.460000000000008,0.6277121901512146,0.5278483033180237,0.9770379066467285
40,123,61,21,kl,81.36,2.3400000000000034,0.5705341100692749,0.5105847120285034,1.1008785963058472
40,123,62,22,kl,81.16,-0.20000000000000284,0.4373752474784851,0.499878853559494,1.0162626504898071
40,123,63,23,kl,80.68,-0.47999999999998977,0.5457199811935425,0.5007177591323853,0.9569583535194397
40,123,64,24,kl,80.36,-0.3200000000000074,0.4165019989013672,0.5030596852302551,0.9222444295883179
40,123,65,25,kl,80.24,-0.12000000000000455,0.5476588606834412,0.562832772731781,1.3173773288726807
40,123,66,26,kl,81.66,1.4200000000000017,0.27556222677230835,0.42845696210861206,0.7812685966491699
40,123,67,27,kl,81.12,-0.539999999999992,0.4582132399082184,0.5153364539146423,1.035495400428772
40,123,68,28,kl,79.54,-1.5799999999999983,0.6789132952690125,0.5712105631828308,1.026170253753662
40,123,69,29,kl,81.44,1.8999999999999915,0.3208954930305481,0.4680875837802887,0.8559646010398865
40,123,70,30,kl,80.26,-1.1799999999999926,0.6034079790115356,0.4915514290332794,0.996103048324585
40,123,71,31,kl,80.42,0.1599999999999966,0.4179362952709198,0.5255723595619202,1.0046523809432983
40,123,72,32,kl,81.3,0.8799999999999955,0.571520984172821,0.5783804059028625,1.1083890199661255
40,123,73,33,kl,81.42,0.12000000000000455,0.5539302229881287,0.5348160266876221,0.9802682995796204
40,123,74,34,kl,81.66,0.23999999999999488,0.515882134437561,0.49063634872436523,0.7918932437896729
40,123,75,35,kl,81.5,-0.1599999999999966,0.5117092728614807,0.4860649108886719,0.8587439656257629
40,123,76,36,kl,81.2,-0.29999999999999716,0.3618446886539459,0.4875663220882416,0.9206860065460205
40,123,77,37,kl,81.6,0.3999999999999915,0.5641776919364929,0.4959569573402405,1.0264475345611572
40,123,78,38,kl,81.44,-0.1599999999999966,0.45775651931762695,0.5060775876045227,0.9594268798828125
40,123,79,39,kl,81.34,-0.09999999999999432,0.3543798327445984,0.4783695340156555,1.0271822214126587
40,123,80,40,kl,79.54,-1.7999999999999972,0.6177659034729004,0.5699318051338196,1.0725555419921875
40,123,81,41,kl,81.86,2.319999999999993,0.4633978009223938,0.4712255299091339,0.8966559767723083
40,123,82,42,ce,81.44,-0.4200000000000017,0.2506118416786194,0.33621689677238464,2.2176835536956787
40,123,83,43,kl,78.82,-2.6200000000000045,0.6486161351203918,0.5837409496307373,1.2335350513458252
40,123,84,44,kl,77.02,-1.7999999999999972,0.6996428966522217,0.6121605634689331,1.6170352697372437
40,123,85,45,kl,80.66,3.6400000000000006,0.5090014934539795,0.4806901514530182,1.0499540567398071
40,123,86,46,kl,80.8,0.14000000000000057,0.494409441947937,0.5006306767463684,1.0212219953536987
40,123,87,47,kl,81.38,0.5799999999999983,0.579736590385437,0.48918235301971436,0.8641093969345093
40,123,88,48,kl,82.76,1.3800000000000097,0.32505667209625244,0.4052077531814575,0.8329715132713318
40,123,89,49,kl,81.68,-1.0799999999999983,0.5644536018371582,0.47711271047592163,0.854134738445282
40,123,90,50,kl,79.84,-1.8400000000000034,0.6649060249328613,0.5888261795043945,1.2848111391067505
40,123,91,51,kl,82.7,2.8599999999999994,0.5581565499305725,0.5129109025001526,0.9696621298789978
40,123,92,52,kl,80.54,-2.1599999999999966,0.3472040891647339,0.41062018275260925,0.8893917202949524
40,123,93,53,kl,80.26,-0.28000000000000114,0.5844390988349915,0.5308620929718018,0.8977811932563782
40,123,94,54,kl,81.96,1.6999999999999886,0.3147083818912506,0.42600345611572266,0.9945333003997803
40,123,95,55,kl,78.3,-3.6599999999999966,0.6975576281547546,0.6139243841171265,1.227137804031372
40,123,96,56,kl,80.02,1.7199999999999989,0.7064053416252136,0.6062127947807312,1.1780837774276733
40,123,97,57,kl,82.12,2.1000000000000085,0.3343653976917267,0.4253036677837372,0.7276581525802612
40,123,98,58,kl,81.14,-0.980000000000004,0.598196268081665,0.46803516149520874,0.9356436729431152
40,123,99,59,kl,80.84,-0.29999999999999716,0.5879437327384949,0.5232394337654114,1.0388329029083252
40,123,100,60,kl,82.28,1.4399999999999977,0.46170949935913086,0.46494433283805847,0.9763539433479309
40,123,101,61,kl,81.92,-0.35999999999999943,0.5435274243354797,0.48896655440330505,0.9698787927627563
40,123,102,62,kl,80.34,-1.5799999999999983,0.5166093707084656,0.4899943768978119,1.1335233449935913
40,123,103,63,kl,81.84,1.5,0.4320884048938751,0.4496723413467407,0.9134425520896912
40,123,104,64,kl,78.32,-3.5200000000000102,0.5066127777099609,0.5324222445487976,1.1041855812072754
40,123,105,65,kl,81.26,2.940000000000012,0.5292282104492188,0.5062071681022644,1.0791678428649902
40,123,106,66,kl,82.52,1.259999999999991,0.5296105146408081,0.45520350337028503,0.731680154800415
40,123,107,67,kl,81.28,-1.2399999999999949,0.5047252774238586,0.4859292805194855,0.9913054704666138
40,123,108,68,kl,81.32,0.03999999999999204,0.5986995697021484,0.5142315030097961,0.8938786387443542
40,123,109,69,kl,80.44,-0.8799999999999955,0.40915000438690186,0.4797511696815491,0.9412099719047546
40,123,110,70,kl,80.52,0.0799999999999983,0.5922484397888184,0.5658396482467651,1.1011786460876465
40,123,111,71,kl,81.7,1.1800000000000068,0.6096839904785156,0.5392176508903503,1.2447471618652344
40,123,112,72,kl,81.66,-0.04000000000000625,0.6336583495140076,0.5223154425621033,1.0157008171081543
40,123,113,73,kl,81.0,-0.6599999999999966,0.5951021909713745,0.5279685258865356,0.9017590284347534
40,123,114,74,kl,81.5,0.5,0.5562745928764343,0.5234454870223999,1.1935043334960938
40,123,115,75,kl,81.32,-0.18000000000000682,0.5337421894073486,0.49141794443130493,0.8705992102622986
40,123,116,76,kl,80.46,-0.8599999999999994,0.5329391956329346,0.5027013421058655,0.9643182158470154
40,123,117,77,kl,81.54,1.0800000000000125,0.5952597260475159,0.535087525844574,1.084132432937622
40,123,118,78,kl,81.54,0.0,0.6005184054374695,0.49621811509132385,1.000805377960205
40,123,119,79,kl,81.84,0.29999999999999716,0.36997494101524353,0.44398656487464905,1.0252705812454224
40,123,120,80,kl,80.38,-1.460000000000008,0.5006225109100342,0.5051995515823364,1.1971170902252197
40,123,121,81,kl,80.2,-0.1799999999999926,0.6437168717384338,0.5577460527420044,1.144052505493164
40,123,122,82,kl,81.64,1.4399999999999977,0.5655121803283691,0.5165017247200012,1.0653483867645264
40,123,123,83,ce,80.88,-0.7600000000000051,0.23904438316822052,0.3809484839439392,2.1449027061462402
40,123,124,84,kl,79.52,-1.3599999999999994,0.5969688296318054,0.5066004395484924,0.8189415335655212
40,123,125,85,kl,80.62,1.1000000000000085,0.49319222569465637,0.4887349009513855,1.0690193176269531
40,123,126,86,kl,82.08,1.4599999999999937,0.48013603687286377,0.4569547772407532,0.862282931804657
40,123,127,87,kl,82.08,0.0,0.5138633847236633,0.4854956865310669,0.9501425623893738
40,123,128,88,kl,81.24,-0.8400000000000034,0.36438751220703125,0.46806636452674866,0.8895561695098877
40,123,129,89,kl,81.68,0.44000000000001194,0.5328915119171143,0.5149957537651062,1.013274073600769
40,123,130,90,kl,81.84,0.1599999999999966,0.3092557191848755,0.45310723781585693,0.9362794160842896
40,123,131,91,kl,81.94,0.09999999999999432,0.3227553963661194,0.45233646035194397,0.8669357895851135
40,123,132,92,kl,80.5,-1.4399999999999977,0.6346458196640015,0.567218005657196,0.9071890711784363
40,123,133,93,kl,82.08,1.5799999999999983,0.4552450180053711,0.48335978388786316,0.78570157289505
40,123,134,94,kl,81.3,-0.7800000000000011,0.5183932781219482,0.5113340616226196,1.0414029359817505
40,123,135,95,kl,82.48,1.1800000000000068,0.33034130930900574,0.4682938754558563,1.1649281978607178
40,123,136,96,kl,82.84,0.35999999999999943,0.5427340269088745,0.47614026069641113,0.9281996488571167
40,123,137,97,kl,81.32,-1.5200000000000102,0.6018272638320923,0.5085482597351074,1.1448051929473877
40,123,138,98,kl,79.04,-2.279999999999987,0.5933787822723389,0.5634872913360596,1.3788594007492065
40,123,139,99,kl,81.16,2.1199999999999903,0.43730083107948303,0.47997647523880005,0.8592808842658997
40,123,140,100,kl,82.18,1.0200000000000102,0.5437660813331604,0.5134392976760864,1.1033855676651
40,123,141,101,kl,81.96,-0.22000000000001307,0.4794941544532776,0.4609866440296173,0.910697877407074
40,123,142,102,kl,82.02,0.060000000000002274,0.5734373331069946,0.5682491660118103,1.0291483402252197
40,123,143,103,kl,82.36,0.3400000000000034,0.28104063868522644,0.43632566928863525,0.8568563461303711
40,123,144,104,kl,82.94,0.5799999999999983,0.41643452644348145,0.45701873302459717,0.9362984895706177
40,123,145,105,kl,82.32,-0.6200000000000045,0.2585707902908325,0.4472254812717438,0.9329820871353149
40,123,146,106,kl,80.76,-1.559999999999988,0.49288803339004517,0.5614401698112488,1.125219464302063
40,123,147,107,kl,82.36,1.5999999999999943,0.504006564617157,0.5113646388053894,1.037286639213562
40,123,148,108,kl,81.12,-1.2399999999999949,0.47357702255249023,0.48424482345581055,0.9391255378723145
40,123,149,109,kl,80.36,-0.7600000000000051,0.6790161728858948,0.550480306148529,1.100868821144104
40,123,150,110,kl,81.0,0.6400000000000006,0.5675398111343384,0.5303872227668762,0.9562197923660278
40,123,151,111,kl,81.98,0.980000000000004,0.506382942199707,0.45483648777008057,0.7778564095497131
40,123,152,112,kl,81.98,0.0,0.3928229808807373,0.4672064483165741,0.877354085445404
40,123,153,113,kl,81.62,-0.35999999999999943,0.5456413626670837,0.47831958532333374,0.9421707987785339
40,123,154,114,kl,82.82,1.1999999999999886,0.4428637623786926,0.4587695598602295,0.9357783198356628
40,123,155,115,kl,82.3,-0.519999999999996,0.33996522426605225,0.4647562503814697,0.9415161609649658
40,123,156,116,kl,81.8,-0.5,0.545074462890625,0.4908110499382019,1.0920182466506958
40,123,157,117,kl,81.6,-0.20000000000000284,0.6400520205497742,0.5594211220741272,1.0230931043624878
40,123,158,118,kl,81.46,-0.14000000000000057,0.5525766015052795,0.506971001625061,1.005171775817871
40,123,159,119,kl,81.16,-0.29999999999999716,0.52591872215271,0.5163651704788208,0.9142342209815979
40,123,160,120,kl,80.42,-0.7399999999999949,0.6241191625595093,0.5506373643875122,1.0078868865966797
40,123,161,121,kl,82.04,1.6200000000000045,0.559072732925415,0.5010510683059692,0.899800717830658
40,123,162,122,kl,80.32,-1.720000000000013,0.6415811777114868,0.543669581413269,0.9464113116264343
40,123,163,123,kl,80.5,0.18000000000000682,0.6076246500015259,0.5015749335289001,0.9857463836669922
40,123,164,124,ce,82.06,1.5600000000000023,0.287010133266449,0.33385080099105835,2.1041183471679688
40,123,165,125,kl,81.22,-0.8400000000000034,0.4614924192428589,0.5052134990692139,0.8388437628746033
40,123,166,126,kl,81.44,0.21999999999999886,0.30077993869781494,0.45513877272605896,0.8688239455223083
40,123,167,127,kl,81.64,0.20000000000000284,0.6238353252410889,0.5256885886192322,1.0321975946426392
40,123,168,128,kl,82.28,0.6400000000000006,0.4789709448814392,0.5014724731445312,0.9247957468032837
40,123,169,129,kl,82.4,0.12000000000000455,0.3515711724758148,0.45277515053749084,0.8479923605918884
40,123,170,130,kl,81.04,-1.3599999999999994,0.5770819187164307,0.5216637849807739,1.2756315469741821
40,123,171,131,kl,81.14,0.09999999999999432,0.3498852849006653,0.4672633409500122,1.0299932956695557
40,123,172,132,kl,82.92,1.7800000000000011,0.3193655014038086,0.4438185393810272,0.8999812006950378
40,123,173,133,kl,81.96,-0.960000000000008,0.3449487090110779,0.4521046578884125,0.8391215801239014
40,123,174,134,kl,82.52,0.5600000000000023,0.23280006647109985,0.39105990529060364,0.8299657702445984
40,123,175,135,kl,82.0,-0.519999999999996,0.4418339133262634,0.513005793094635,0.9688904881477356
40,123,176,136,kl,81.78,-0.21999999999999886,0.47986558079719543,0.48190605640411377,0.8840969204902649
40,123,177,137,kl,82.26,0.480000000000004,0.5175043940544128,0.4753970503807068,1.058435320854187
40,123,178,138,kl,82.3,0.03999999999999204,0.502601683139801,0.5094023942947388,1.012320876121521
40,123,179,139,kl,81.54,-0.7599999999999909,0.48620641231536865,0.5176920294761658,0.9083441495895386
40,123,180,140,kl,81.56,0.01999999999999602,0.4313812255859375,0.4867061674594879,1.03203547000885
40,123,181,141,kl,80.42,-1.1400000000000006,0.35123786330223083,0.46209293603897095,0.93388831615448
40,123,182,142,kl,82.62,2.200000000000003,0.5779796838760376,0.5026838779449463,0.8659605979919434
40,123,183,143,kl,81.58,-1.0400000000000063,0.3580043315887451,0.4891760051250458,0.8589130640029907
40,123,184,144,kl,81.44,-0.14000000000000057,0.5219508409500122,0.510908305644989,1.192833662033081
40,123,185,145,kl,82.44,1.0,0.39265573024749756,0.47403964400291443,1.0014747381210327
40,123,186,146,kl,80.3,-2.1400000000000006,0.4425090253353119,0.4874453544616699,1.1339443922042847
40,123,187,147,kl,81.44,1.1400000000000006,0.5542881488800049,0.5265383720397949,1.0656065940856934
40,123,188,148,kl,81.94,0.5,0.6207422018051147,0.4940532147884369,1.0161975622177124
40,123,189,149,kl,81.56,-0.37999999999999545,0.5125072002410889,0.4696527123451233,0.9746995568275452
40,123,190,150,kl,82.98,1.4200000000000017,0.4215471148490906,0.44057977199554443,0.7527628540992737
40,123,191,151,kl,81.84,-1.1400000000000006,0.6627582311630249,0.5422560572624207,1.0996001958847046
40,123,192,152,kl,81.16,-0.6800000000000068,0.7037718296051025,0.6207189559936523,1.21194589138031
40,123,193,153,kl,82.06,0.9000000000000057,0.46297359466552734,0.45708465576171875,0.8328017592430115
40,123,194,154,kl,82.16,0.09999999999999432,0.5302053689956665,0.4993990361690521,0.9326162934303284
40,123,195,155,kl,81.96,-0.20000000000000284,0.5411365032196045,0.5372100472450256,1.0765608549118042
40,123,196,156,kl,79.98,-1.9799999999999898,0.5173997282981873,0.5496254563331604,1.1397627592086792
40,123,197,157,kl,81.7,1.7199999999999989,0.454634428024292,0.4924602508544922,1.0755589008331299
40,123,198,158,kl,80.58,-1.1200000000000045,0.5486271381378174,0.55929034948349,1.2126522064208984
40,123,199,159,kl,83.14,2.5600000000000023,0.47157180309295654,0.5154961943626404,0.9783143401145935
40,123,200,160,kl,81.48,-1.6599999999999966,0.369209885597229,0.48127424716949463,0.9866172075271606
40,123,201,161,kl,81.72,0.23999999999999488,0.5517871379852295,0.5443331003189087,1.1871020793914795
40,123,202,162,kl,81.26,-0.45999999999999375,0.49235212802886963,0.509006917476654,1.1522440910339355
40,123,203,163,kl,81.86,0.5999999999999943,0.5283827185630798,0.5418562889099121,0.8953627943992615
40,123,204,164,kl,81.88,0.01999999999999602,0.5433613061904907,0.5150777697563171,0.8928119540214539
40,123,205,165,ce,81.58,-0.29999999999999716,0.19341431558132172,0.3518489599227905,2.0235702991485596
40,123,206,166,kl,81.64,0.060000000000002274,0.4909006357192993,0.5119026899337769,0.9992863535881042
40,123,207,167,kl,80.94,-0.7000000000000028,0.40442541241645813,0.4649909734725952,0.7232710719108582
40,123,208,168,kl,82.38,1.4399999999999977,0.6664284467697144,0.5889682173728943,1.2455379962921143
40,123,209,169,kl,80.82,-1.5600000000000023,0.28803399205207825,0.47572067379951477,1.2882072925567627
40,123,210,170,kl,82.4,1.5800000000000125,0.25055330991744995,0.4364304542541504,0.9833530187606812
40,123,211,171,kl,80.62,-1.7800000000000011,0.4406033158302307,0.46998631954193115,0.9072157144546509
40,123,212,172,kl,81.32,0.6999999999999886,0.5825731158256531,0.5372678637504578,1.061832070350647
40,123,213,173,kl,82.54,1.220000000000013,0.4631430506706238,0.45486822724342346,0.9461467862129211
40,123,214,174,kl,81.88,-0.6600000000000108,0.42139095067977905,0.475390762090683,1.193446397781372
40,123,215,175,kl,82.1,0.21999999999999886,0.5645338296890259,0.49741512537002563,0.8812176585197449
40,123,216,176,kl,81.24,-0.8599999999999994,0.5710081458091736,0.5057071447372437,0.9675719141960144
40,123,217,177,kl,81.7,0.46000000000000796,0.6912426352500916,0.580978512763977,1.0926462411880493
40,123,218,178,kl,82.64,0.9399999999999977,0.34309065341949463,0.41832029819488525,0.7062575221061707
40,123,219,179,kl,81.98,-0.6599999999999966,0.6021986603736877,0.5068715214729309,0.8227559924125671
40,123,220,180,kl,80.86,-1.1200000000000045,0.5687862634658813,0.5271468758583069,1.030984878540039
40,123,221,181,kl,80.12,-0.7399999999999949,0.5184215307235718,0.5148538947105408,1.1024123430252075
40,123,222,182,kl,82.28,2.1599999999999966,0.5125249624252319,0.4847507178783417,0.9142851233482361
40,123,223,183,kl,81.88,-0.4000000000000057,0.35836175084114075,0.46229425072669983,1.0087177753448486
40,123,224,184,kl,82.44,0.5600000000000023,0.6277854442596436,0.5491586327552795,0.9761847853660583
40,123,225,185,kl,81.0,-1.4399999999999977,0.6065455675125122,0.5446539521217346,1.1043661832809448
40,123,226,186,kl,82.0,1.0,0.3146421015262604,0.4710650146007538,0.9350385069847107
40,123,227,187,kl,81.46,-0.5400000000000063,0.6430109739303589,0.5290014147758484,0.8962630033493042
40,123,228,188,kl,82.16,0.7000000000000028,0.6387829780578613,0.557761013507843,1.2741302251815796
40,123,229,189,kl,81.56,-0.5999999999999943,0.5366789102554321,0.5245952606201172,0.9663920998573303
40,123,230,190,kl,81.34,-0.21999999999999886,0.39581018686294556,0.47262313961982727,0.8211742639541626
40,123,231,191,kl,82.92,1.5799999999999983,0.5711574554443359,0.5111389756202698,0.9567011594772339
40,123,232,192,kl,80.56,-2.3599999999999994,0.5433015823364258,0.4956514239311218,0.7926397323608398
40,123,233,193,kl,81.62,1.0600000000000023,0.4565024971961975,0.5107892751693726,0.958551824092865
40,123,234,194,kl,82.3,0.6799999999999926,0.39718735218048096,0.4804002344608307,0.9997749924659729
40,123,235,195,kl,82.56,0.2600000000000051,0.2734581530094147,0.44137024879455566,0.9130250811576843
40,123,236,196,kl,81.54,-1.019999999999996,0.4537753760814667,0.46770814061164856,1.0359399318695068
40,123,237,197,kl,81.7,0.1599999999999966,0.3162285089492798,0.4281379282474518,0.9753507971763611
40,123,238,198,kl,82.52,0.8199999999999932,0.5239997506141663,0.4939473569393158,1.020301103591919
40,123,239,199,kl,81.42,-1.0999999999999943,0.48259246349334717,0.505116879940033,0.9741243720054626
40,123,240,200,kl,81.12,-0.29999999999999716,0.6385778188705444,0.5886570811271667,1.2259851694107056
40,123,241,201,kl,81.58,0.45999999999999375,0.6239708662033081,0.5627183318138123,1.0232752561569214
40,123,242,202,kl,80.48,-1.0999999999999943,0.6464763879776001,0.5403326749801636,1.061679720878601
40,123,243,203,kl,82.12,1.6400000000000006,0.626258373260498,0.5966729521751404,1.173682689666748
40,123,244,204,kl,81.28,-0.8400000000000034,0.6043345928192139,0.5374568104743958,0.8375732898712158
40,123,245,205,kl,81.6,0.3199999999999932,0.4829256534576416,0.504477322101593,1.0979291200637817
40,123,246,206,ce,82.86,1.2600000000000051,0.2073773443698883,0.3249671161174774,2.0989603996276855
40,123,247,207,kl,81.0,-1.8599999999999994,0.6966211795806885,0.6144582629203796,1.3763830661773682
40,123,248,208,kl,80.08,-0.9200000000000017,0.5718100070953369,0.5219641327857971,0.8810694813728333
40,123,249,209,kl,81.64,1.5600000000000023,0.23513764142990112,0.4358866214752197,0.6934444308280945
40,123,250,210,kl,81.9,0.2600000000000051,0.5570482015609741,0.5066455602645874,1.023746371269226
40,123,251,211,kl,80.28,-1.6200000000000045,0.5463340878486633,0.5120893120765686,1.0961182117462158
40,123,252,212,kl,81.84,1.5600000000000023,0.526422381401062,0.5082265138626099,0.8152157068252563
40,123,253,213,kl,80.26,-1.5799999999999983,0.6361530423164368,0.5915281176567078,1.0669171810150146
40,123,254,214,kl,81.38,1.1199999999999903,0.5309796929359436,0.5015380382537842,0.880031406879425
40,123,255,215,kl,81.34,-0.03999999999999204,0.6700204610824585,0.5735743045806885,1.0326647758483887
40,123,256,216,kl,80.0,-1.3400000000000034,0.6328682899475098,0.512385904788971,0.9930508136749268
40,123,257,217,kl,81.94,1.9399999999999977,0.6413676738739014,0.5420348048210144,0.9728025794029236
40,123,258,218,kl,81.62,-0.3199999999999932,0.4351944029331207,0.4686896502971649,1.150087833404541
40,123,259,219,kl,82.44,0.8199999999999932,0.45632368326187134,0.48642078042030334,0.891194224357605
40,123,260,220,kl,78.36,-4.079999999999998,0.5629703998565674,0.5323617458343506,1.2997477054595947
40,123,261,221,kl,82.04,3.680000000000007,0.5155743360519409,0.5276381373405457,1.0157740116119385
40,123,262,222,kl,82.38,0.3399999999999892,0.41207489371299744,0.46920159459114075,0.9257063269615173
40,123,263,223,kl,82.28,-0.09999999999999432,0.35390806198120117,0.42740562558174133,0.7530250549316406
40,123,264,224,kl,82.14,-0.14000000000000057,0.4950673580169678,0.4750416874885559,1.0319260358810425
40,123,265,225,kl,81.94,-0.20000000000000284,0.6150446534156799,0.5708979964256287,1.0815012454986572
40,123,266,226,kl,81.9,-0.03999999999999204,0.5154261589050293,0.5223473310470581,1.0349284410476685
40,123,267,227,kl,81.6,-0.30000000000001137,0.30837345123291016,0.45149821043014526,0.8955990672111511
40,123,268,228,kl,81.9,0.30000000000001137,0.6031001806259155,0.532528281211853,0.9399511814117432
40,123,269,229,kl,81.3,-0.6000000000000085,0.4631447196006775,0.5271560549736023,0.9739651083946228
40,123,270,230,kl,79.88,-1.4200000000000017,0.4977624714374542,0.5615135431289673,1.4258891344070435
40,123,271,231,kl,81.82,1.9399999999999977,0.5742228627204895,0.5729572772979736,1.0331352949142456
40,123,272,232,kl,81.92,0.10000000000000853,0.4563661813735962,0.4757572114467621,0.9601828455924988
40,123,273,233,kl,81.04,-0.8799999999999955,0.4652329683303833,0.5014844536781311,1.0067944526672363
40,123,274,234,kl,82.14,1.0999999999999943,0.6186174750328064,0.562911331653595,1.1203033924102783
40,123,275,235,kl,81.52,-0.6200000000000045,0.6056019067764282,0.5331183671951294,0.9502221941947937
40,123,276,236,kl,82.64,1.1200000000000045,0.5016571283340454,0.4608910083770752,0.8625050783157349
40,123,277,237,kl,81.52,-1.1200000000000045,0.4590885639190674,0.47660285234451294,0.9708631038665771
40,123,278,238,kl,81.62,0.10000000000000853,0.5486722588539124,0.5267918705940247,0.9166533350944519
40,123,279,239,kl,81.24,-0.38000000000000966,0.47891783714294434,0.49147316813468933,0.9604622721672058
40,123,280,240,kl,79.02,-2.219999999999999,0.49578142166137695,0.5585281848907471,1.1534675359725952
40,123,281,241,kl,82.36,3.3400000000000034,0.2222660332918167,0.42186981439590454,0.9219319820404053
40,123,282,242,kl,82.7,0.3400000000000034,0.5090547204017639,0.5299557447433472,1.0191940069198608
40,123,283,243,kl,81.66,-1.0400000000000063,0.5478245615959167,0.543980598449707,1.0500322580337524
40,123,284,244,kl,81.84,0.18000000000000682,0.6124990582466125,0.5571328997612,1.1273000240325928
40,123,285,245,kl,81.34,-0.5,0.6280887126922607,0.5446763634681702,1.1733723878860474
40,123,286,246,kl,82.08,0.7399999999999949,0.4825252890586853,0.5001452565193176,0.8504714369773865
40,123,287,247,ce,81.9,-0.1799999999999926,0.2208612859249115,0.33708739280700684,1.9330564737319946
40,123,288,248,kl,82.46,0.5599999999999881,0.6332277655601501,0.5885554552078247,1.199317455291748
40,123,289,249,kl,81.46,-1.0,0.6063908934593201,0.5659377574920654,1.2049193382263184
40,123,290,250,kl,78.16,-3.299999999999997,0.8183543086051941,0.8067007064819336,1.7464971542358398
40,123,291,251,kl,81.64,3.480000000000004,0.5851000547409058,0.551311194896698,1.0080896615982056
40,123,292,252,kl,82.14,0.5,0.5173611044883728,0.4812263250350952,0.9527397155761719
40,123,293,253,kl,82.18,0.04000000000000625,0.5212650299072266,0.4813571572303772,0.8198192119598389
40,123,294,254,kl,82.8,0.6199999999999903,0.39182716608047485,0.4657531678676605,1.085491418838501
40,123,295,255,kl,82.16,-0.6400000000000006,0.47867435216903687,0.5082610845565796,1.0935447216033936
40,123,296,256,kl,83.02,0.8599999999999994,0.49429669976234436,0.4947872757911682,0.7953165769577026
40,123,297,257,kl,81.66,-1.3599999999999994,0.43353769183158875,0.48523977398872375,0.9640603065490723
40,123,298,258,kl,81.08,-0.5799999999999983,0.690373957157135,0.5994395613670349,1.1107956171035767
40,123,299,259,kl,82.22,1.1400000000000006,0.569125771522522,0.5199569463729858,1.0683932304382324
40,123,300,260,kl,81.9,-0.3199999999999932,0.47967809438705444,0.4810706377029419,0.9169902801513672
40,123,301,261,kl,82.58,0.6799999999999926,0.4374958276748657,0.4821968078613281,0.9326343536376953
40,123,302,262,kl,82.52,-0.060000000000002274,0.47091954946517944,0.45018818974494934,0.8208338022232056
40,123,303,263,kl,81.84,-0.6799999999999926,0.5575243234634399,0.4898533225059509,0.9180841445922852
40,123,304,264,kl,80.14,-1.7000000000000028,0.6655195951461792,0.5785267949104309,1.2583822011947632
40,123,305,265,kl,82.14,2.0,0.4740760326385498,0.5103316903114319,0.9194096326828003
40,123,306,266,kl,82.64,0.5,0.44526392221450806,0.46518081426620483,0.7981805801391602
40,123,307,267,kl,81.2,-1.4399999999999977,0.28687089681625366,0.4816094636917114,1.0148628950119019
40,123,308,268,kl,82.6,1.3999999999999915,0.3643786311149597,0.4707552194595337,0.8870351910591125
40,123,309,269,kl,81.42,-1.1799999999999926,0.5738510489463806,0.5402765870094299,0.9005345702171326
40,123,310,270,kl,81.78,0.35999999999999943,0.345407634973526,0.4525947868824005,0.9158952236175537
40,123,311,271,kl,82.08,0.29999999999999716,0.5783764719963074,0.5349808931350708,0.946184515953064
40,123,312,272,kl,81.76,-0.3199999999999932,0.5292455554008484,0.5305870175361633,0.9840155839920044
40,123,313,273,kl,81.62,-0.14000000000000057,0.4549342393875122,0.4357483983039856,0.8268641233444214
40,123,314,274,kl,81.36,-0.2600000000000051,0.39579200744628906,0.495834618806839,1.169956922531128
40,123,315,275,kl,76.5,-4.859999999999999,0.7297068238258362,0.7000001072883606,1.6286053657531738
40,123,316,276,kl,81.68,5.180000000000007,0.5246878862380981,0.495419442653656,0.8519365787506104
40,123,317,277,kl,81.22,-0.46000000000000796,0.6451014280319214,0.5691640973091125,1.01521635055542
40,123,318,278,kl,83.22,2.0,0.3927910327911377,0.47741246223449707,0.7979003190994263
40,123,319,279,kl,82.94,-0.28000000000000114,0.4558626413345337,0.5266467928886414,1.027933955192566
40,123,320,280,kl,82.28,-0.6599999999999966,0.4988635182380676,0.4823594391345978,1.0982252359390259
40,123,321,281,kl,80.74,-1.5400000000000063,0.6386259198188782,0.5364912748336792,1.1536245346069336
40,123,322,282,kl,82.52,1.7800000000000011,0.30321964621543884,0.46296435594558716,0.9228829741477966
40,123,323,283,kl,80.98,-1.539999999999992,0.5679206848144531,0.5256412029266357,0.9289072155952454
40,123,324,284,kl,81.92,0.9399999999999977,0.5568201541900635,0.5190903544425964,0.8954257965087891
40,123,325,285,kl,81.48,-0.4399999999999977,0.3699154555797577,0.4438929259777069,0.9317162036895752
40,123,326,286,kl,82.92,1.4399999999999977,0.5770394802093506,0.5193897485733032,0.9084569811820984
40,123,327,287,kl,81.92,-1.0,0.5593540668487549,0.5257304310798645,0.9840883612632751
40,123,328,288,ce,81.96,0.03999999999999204,0.11507544666528702,0.3444652855396271,1.9190864562988281
40,123,329,289,kl,80.76,-1.1999999999999886,0.576469361782074,0.5504341125488281,1.2312688827514648
40,123,330,290,kl,80.96,0.19999999999998863,0.6436495780944824,0.5714666843414307,1.2915724515914917
40,123,331,291,kl,81.6,0.6400000000000006,0.6186360120773315,0.5213623642921448,0.8079571723937988
40,123,332,292,kl,81.34,-0.2599999999999909,0.5182406902313232,0.5171366930007935,1.1208865642547607
40,123,333,293,kl,81.76,0.4200000000000017,0.4302264451980591,0.4757751226425171,1.1021283864974976
40,123,334,294,kl,81.56,-0.20000000000000284,0.5940085649490356,0.4884255826473236,0.9227538108825684
40,123,335,295,kl,80.34,-1.2199999999999989,0.6188738346099854,0.5716384053230286,1.0815948247909546
40,123,336,296,kl,82.36,2.019999999999996,0.5167806148529053,0.5216344594955444,1.0738571882247925
40,123,337,297,kl,81.7,-0.6599999999999966,0.5065107345581055,0.4965303838253021,0.9568307995796204
40,123,338,298,kl,80.22,-1.480000000000004,0.607601523399353,0.591606080532074,1.1816071271896362
40,123,339,299,kl,81.56,1.3400000000000034,0.45834875106811523,0.49303576350212097,0.9961063265800476
40,123,340,300,kl,82.02,0.45999999999999375,0.4185417890548706,0.44091275334358215,0.7492689490318298
40,123,341,301,kl,81.62,-0.3999999999999915,0.4399096965789795,0.4343542456626892,0.7636168599128723
40,123,342,302,kl,80.92,-0.7000000000000028,0.6052952408790588,0.5139903426170349,1.0600627660751343
40,123,343,303,kl,81.94,1.019999999999996,0.5520740747451782,0.49342644214630127,0.9565910696983337
40,123,344,304,kl,82.86,0.9200000000000017,0.4936201274394989,0.4942149519920349,1.0094022750854492
40,123,345,305,kl,82.16,-0.7000000000000028,0.4803010821342468,0.5012686252593994,0.8713537454605103
40,123,346,306,kl,79.58,-2.5799999999999983,0.5248913168907166,0.5207375884056091,1.1301497220993042
40,123,347,307,kl,81.98,2.4000000000000057,0.4470876455307007,0.483912855386734,0.9213494658470154
40,123,348,308,kl,81.32,-0.6600000000000108,0.5833679437637329,0.526256799697876,1.114007830619812
40,123,349,309,kl,81.1,-0.21999999999999886,0.5365734696388245,0.5485016703605652,1.143721580505371
40,123,350,310,kl,81.6,0.5,0.5189056396484375,0.505755603313446,0.8837813138961792
40,123,351,311,kl,83.14,1.5400000000000063,0.16950750350952148,0.38002511858940125,0.7583233118057251
40,123,352,312,kl,80.98,-2.1599999999999966,0.6298806667327881,0.5812177658081055,1.197832703590393
40,123,353,313,kl,82.94,1.9599999999999937,0.41215717792510986,0.44680795073509216,0.8416757583618164
40,123,354,314,kl,81.86,-1.0799999999999983,0.41597309708595276,0.5086901187896729,0.9118190407752991
40,123,355,315,kl,81.3,-0.5600000000000023,0.6740881204605103,0.5721135139465332,0.9884600639343262
40,123,356,316,kl,80.28,-1.019999999999996,0.6040659546852112,0.6022729873657227,1.3316181898117065
40,123,357,317,kl,82.18,1.9000000000000057,0.5279426574707031,0.4958614408969879,1.0037097930908203
40,123,358,318,kl,81.36,-0.8200000000000074,0.6271457672119141,0.5257264375686646,1.017706274986267
40,123,359,319,kl,81.96,0.5999999999999943,0.5701280832290649,0.5474267601966858,1.0342494249343872
40,123,360,320,kl,81.56,-0.3999999999999915,0.4855925440788269,0.4582526981830597,0.8010426163673401
40,123,361,321,kl,82.1,0.539999999999992,0.5128932595252991,0.4992843568325043,0.9423129558563232
40,123,362,322,kl,82.06,-0.03999999999999204,0.3311426043510437,0.4597240388393402,0.9032459855079651
40,123,363,323,kl,80.44,-1.6200000000000045,0.5083702802658081,0.4905392825603485,0.9436452984809875
40,123,364,324,kl,83.08,2.6400000000000006,0.38462525606155396,0.45864561200141907,0.9218049645423889
40,123,365,325,kl,81.88,-1.2000000000000028,0.565606415271759,0.5368393659591675,1.1011420488357544
40,123,366,326,kl,81.82,-0.060000000000002274,0.6160718202590942,0.5102074146270752,1.027774691581726
40,123,367,327,kl,81.1,-0.7199999999999989,0.5266510248184204,0.5089904069900513,1.0726182460784912
40,123,368,328,kl,81.88,0.7800000000000011,0.4621376395225525,0.4841938316822052,0.9475383758544922
40,123,369,329,ce,81.64,-0.23999999999999488,0.1546885073184967,0.2990263104438782,1.9386152029037476
40,123,370,330,kl,80.98,-0.6599999999999966,0.41183486580848694,0.49741414189338684,1.1546075344085693
40,123,371,331,kl,80.44,-0.5400000000000063,0.6184101104736328,0.5602487921714783,1.100756287574768
40,123,372,332,kl,80.22,-0.21999999999999886,0.5508990287780762,0.5095395445823669,0.9214593768119812
40,123,373,333,kl,83.1,2.8799999999999955,0.3687214255332947,0.43894243240356445,0.8467920422554016
40,123,374,334,kl,81.28,-1.8199999999999932,0.5155000686645508,0.5177543759346008,0.9615200757980347
40,123,375,335,kl,81.12,-0.1599999999999966,0.5362634062767029,0.5068762898445129,0.8509101271629333
40,123,376,336,kl,81.78,0.6599999999999966,0.5893533229827881,0.5815910696983337,1.1604785919189453
40,123,377,337,kl,81.68,-0.09999999999999432,0.6050661206245422,0.5509098172187805,1.0489943027496338
40,123,378,338,kl,82.48,0.7999999999999972,0.5071527361869812,0.4789353311061859,0.8275463581085205
40,123,379,339,kl,82.28,-0.20000000000000284,0.443419486284256,0.4931589365005493,1.0142751932144165
40,123,380,340,kl,81.36,-0.9200000000000017,0.44413065910339355,0.4833620488643646,1.0657790899276733
40,123,381,341,kl,80.72,-0.6400000000000006,0.4988883137702942,0.5131946802139282,1.0346616506576538
40,123,382,342,kl,82.04,1.3200000000000074,0.5918480157852173,0.5164568424224854,0.9011838436126709
40,123,383,343,kl,81.16,-0.8800000000000097,0.655346691608429,0.541475772857666,1.0403199195861816
40,123,384,344,kl,82.94,1.7800000000000011,0.45415836572647095,0.483938992023468,1.0746755599975586
40,123,385,345,kl,81.04,-1.8999999999999915,0.41820499300956726,0.46678757667541504,0.8938935995101929
40,123,386,346,kl,81.96,0.9199999999999875,0.5066605806350708,0.5362564921379089,1.1214486360549927
40,123,387,347,kl,81.68,-0.2799999999999869,0.5690551996231079,0.5406824946403503,1.072719931602478
40,123,388,348,kl,82.76,1.0799999999999983,0.3514338731765747,0.45547956228256226,0.80278480052948
40,123,389,349,kl,81.36,-1.4000000000000057,0.5383158326148987,0.5044381022453308,1.0324506759643555
40,123,390,350,kl,82.26,0.9000000000000057,0.3905390202999115,0.5048810839653015,0.8955649733543396
40,123,391,351,kl,82.18,-0.0799999999999983,0.4965939521789551,0.48295408487319946,0.9641369581222534
40,123,392,352,kl,81.58,-0.6000000000000085,0.4418637454509735,0.48352307081222534,0.9385872483253479
40,123,393,353,kl,81.3,-0.28000000000000114,0.6028728485107422,0.5451569557189941,1.1399773359298706
40,123,394,354,kl,80.96,-0.3400000000000034,0.5082381963729858,0.5257009267807007,0.9940028786659241
40,123,395,355,kl,83.3,2.3400000000000034,0.5383201241493225,0.5015082955360413,0.7732792496681213
40,123,396,356,kl,82.72,-0.5799999999999983,0.5083229541778564,0.48569756746292114,0.8060704469680786
40,123,397,357,kl,82.06,-0.6599999999999966,0.4590222239494324,0.4890337586402893,0.7230365872383118
40,123,398,358,kl,82.46,0.3999999999999915,0.37013334035873413,0.4884815812110901,1.0550594329833984
40,123,399,359,kl,81.64,-0.8199999999999932,0.5247440934181213,0.5037274360656738,0.9184466600418091
40,123,400,360,kl,82.18,0.5400000000000063,0.44784626364707947,0.5161462426185608,1.0879091024398804
40,123,401,361,kl,82.36,0.1799999999999926,0.4600192904472351,0.4967845380306244,0.961006760597229
40,123,402,362,kl,80.42,-1.9399999999999977,0.5309412479400635,0.5689082145690918,1.047440528869629
40,123,403,363,kl,82.56,2.1400000000000006,0.6753866076469421,0.5537987947463989,1.0141961574554443
40,123,404,364,kl,82.08,-0.480000000000004,0.4479871094226837,0.46903344988822937,0.9660566449165344
40,123,405,365,kl,81.64,-0.4399999999999977,0.6579208374023438,0.5905158519744873,1.1590678691864014
40,123,406,366,kl,80.92,-0.7199999999999989,0.5536742210388184,0.5210874676704407,1.0041413307189941
40,123,407,367,kl,82.26,1.3400000000000034,0.7021129131317139,0.5927204489707947,1.181389570236206
40,123,408,368,kl,82.46,0.19999999999998863,0.4314303696155548,0.49606215953826904,1.0778987407684326
40,123,409,369,kl,81.18,-1.279999999999987,0.24831649661064148,0.4488656520843506,1.069696307182312
40,123,410,370,ce,83.02,1.8399999999999892,0.20036043226718903,0.3250705301761627,1.8198237419128418
40,123,411,371,kl,79.86,-3.1599999999999966,0.4389031231403351,0.5074009895324707,0.9939925074577332
40,123,412,372,kl,80.74,0.8799999999999955,0.50641930103302,0.5270466208457947,1.2068885564804077
40,123,413,373,kl,81.86,1.1200000000000045,0.5045157670974731,0.5635515451431274,1.2399343252182007
40,123,414,374,kl,82.24,0.37999999999999545,0.2359844595193863,0.41641634702682495,0.8134951591491699
40,123,415,375,kl,80.66,-1.5799999999999983,0.4584360718727112,0.4777301251888275,1.0522688627243042
40,123,416,376,kl,80.18,-0.47999999999998977,0.4756115674972534,0.541530430316925,1.1475619077682495
40,123,417,377,kl,82.74,2.559999999999988,0.2734915018081665,0.46472489833831787,1.007299780845642
40,123,418,378,kl,82.34,-0.3999999999999915,0.4773290157318115,0.5372897982597351,1.1173371076583862
40,123,419,379,kl,81.46,-0.8800000000000097,0.6323572397232056,0.5561887621879578,0.9735996723175049
40,123,420,380,kl,81.14,-0.3199999999999932,0.5993309020996094,0.5649898052215576,1.0261181592941284
40,123,421,381,kl,80.3,-0.8400000000000034,0.5527530908584595,0.5228354334831238,1.0752325057983398
40,123,422,382,kl,80.98,0.6800000000000068,0.5308580994606018,0.5265794396400452,1.2087798118591309
40,123,423,383,kl,82.1,1.1199999999999903,0.5075539350509644,0.500179648399353,0.9324432015419006
40,123,424,384,kl,81.38,-0.7199999999999989,0.6521362066268921,0.5067040324211121,0.9292567372322083
40,123,425,385,kl,80.76,-0.6199999999999903,0.4036012887954712,0.4833003580570221,1.338452696800232
40,123,426,386,kl,83.06,2.299999999999997,0.4693750739097595,0.4649324417114258,0.8881743550300598
40,123,427,387,kl,81.82,-1.240000000000009,0.5124720335006714,0.5012847185134888,0.9787099361419678
40,123,428,388,kl,82.56,0.7400000000000091,0.5622925758361816,0.5236294269561768,0.9051057696342468
40,123,429,389,kl,78.5,-4.060000000000002,0.5061032772064209,0.5196231007575989,1.3253856897354126
40,123,430,390,kl,79.32,0.8199999999999932,0.33691591024398804,0.4861466884613037,1.2451825141906738
40,123,431,391,kl,82.58,3.260000000000005,0.5130800604820251,0.46537724137306213,1.0342313051223755
40,123,432,392,kl,81.38,-1.2000000000000028,0.5232667326927185,0.5387621521949768,0.9919918775558472
40,123,433,393,kl,83.3,1.9200000000000017,0.20951025187969208,0.4153269827365875,0.8440731167793274
40,123,434,394,kl,82.62,-0.6799999999999926,0.507441520690918,0.49759405851364136,1.0343917608261108
40,123,435,395,kl,82.22,-0.4000000000000057,0.5438467860221863,0.5031252503395081,1.002606749534607
40,123,436,396,kl,82.98,0.7600000000000051,0.45572328567504883,0.4629169702529907,0.761867344379425
40,123,437,397,kl,82.44,-0.5400000000000063,0.5140618085861206,0.4884254038333893,0.8802496194839478
40,123,438,398,kl,82.3,-0.14000000000000057,0.4152029752731323,0.4863618016242981,0.9311540722846985
40,123,439,399,kl,81.54,-0.7599999999999909,0.519443929195404,0.5284281969070435,0.9969072937965393
40,123,440,400,kl,79.04,-2.5,0.6827445030212402,0.6191205382347107,1.2691985368728638
40,123,441,401,kl,82.48,3.4399999999999977,0.5030947923660278,0.441571444272995,0.737321674823761
40,123,442,402,kl,80.5,-1.980000000000004,0.4713551700115204,0.5036274790763855,0.9587669968605042
40,123,443,403,kl,81.24,0.7399999999999949,0.4977300763130188,0.5559385418891907,1.1023837327957153
40,123,444,404,kl,82.04,0.8000000000000114,0.6015140414237976,0.49618658423423767,0.9345996379852295
40,123,445,405,kl,81.62,-0.4200000000000017,0.4227753281593323,0.5120086073875427,1.050757884979248
40,123,446,406,kl,81.84,0.21999999999999886,0.575786828994751,0.5356457233428955,1.0282584428787231
40,123,447,407,kl,82.16,0.3199999999999932,0.34313249588012695,0.47282692790031433,0.9709001779556274
40,123,448,408,kl,79.62,-2.539999999999992,0.6140794157981873,0.65988689661026,1.290912389755249
40,123,449,409,kl,82.26,2.6400000000000006,0.39841729402542114,0.46583226323127747,0.9799538850784302
40,123,450,410,kl,81.56,-0.7000000000000028,0.5655964612960815,0.4875117242336273,0.9282176494598389
40,123,451,411,ce,83.28,1.7199999999999989,0.17517609894275665,0.32714951038360596,1.8837157487869263
40,123,452,412,kl,80.72,-2.5600000000000023,0.5573177337646484,0.5136426687240601,0.8896075487136841
40,123,453,413,kl,80.64,-0.0799999999999983,0.7211388349533081,0.5983713865280151,1.1366437673568726
40,123,454,414,kl,81.48,0.8400000000000034,0.5464587807655334,0.5024832487106323,0.950363278388977
40,123,455,415,kl,82.24,0.7599999999999909,0.5387551188468933,0.4829610288143158,0.7781737446784973
40,123,456,416,kl,81.68,-0.5599999999999881,0.5516817569732666,0.48960158228874207,0.8808950185775757
40,123,457,417,kl,81.68,0.0,0.5772402882575989,0.514393150806427,0.8110540509223938
40,123,458,418,kl,79.38,-2.3000000000000114,0.7206909656524658,0.6776551604270935,1.4581416845321655
40,123,459,419,kl,82.5,3.1200000000000045,0.39787840843200684,0.4496050775051117,0.905074954032898
40,123,460,420,kl,82.44,-0.060000000000002274,0.34380072355270386,0.4527609646320343,0.8794970512390137
40,123,461,421,kl,81.44,-1.0,0.3577098250389099,0.45005229115486145,0.7908409237861633
40,123,462,422,kl,82.26,0.8200000000000074,0.5989394187927246,0.541878342628479,1.0565475225448608
40,123,463,423,kl,82.0,-0.2600000000000051,0.44778919219970703,0.4765329957008362,0.9473937153816223
40,123,464,424,kl,81.84,-0.1599999999999966,0.47689682245254517,0.5073086619377136,0.9183789491653442
40,123,465,425,kl,82.08,0.23999999999999488,0.5876002907752991,0.500526487827301,0.8158953189849854
40,123,466,426,kl,82.12,0.04000000000000625,0.4544740915298462,0.4953550100326538,0.8018235564231873
40,123,467,427,kl,82.48,0.35999999999999943,0.6557718515396118,0.5589706897735596,0.9846847653388977
40,123,468,428,kl,82.06,-0.4200000000000017,0.5392926931381226,0.5338253378868103,0.9990395903587341
40,123,469,429,kl,81.4,-0.6599999999999966,0.636094868183136,0.5372723340988159,1.0296062231063843
40,123,470,430,kl,81.26,-0.14000000000000057,0.6271541118621826,0.6148470640182495,1.1524667739868164
40,123,471,431,kl,82.06,0.7999999999999972,0.4492606222629547,0.4684397876262665,0.9760048389434814
40,123,472,432,kl,82.2,0.14000000000000057,0.434493750333786,0.48735007643699646,0.9298992156982422
40,123,473,433,kl,81.96,-0.2400000000000091,0.5669465065002441,0.5214802026748657,0.8084728717803955
40,123,474,434,kl,82.68,0.7200000000000131,0.5277719497680664,0.5246849656105042,1.0447206497192383
40,123,475,435,kl,81.28,-1.4000000000000057,0.47060221433639526,0.5419076085090637,1.2105077505111694
40,123,476,436,kl,82.3,1.019999999999996,0.42134392261505127,0.4895522892475128,0.9200998544692993
40,123,477,437,kl,82.52,0.21999999999999886,0.5233051180839539,0.5191341042518616,0.9691482782363892
40,123,478,438,kl,82.12,-0.3999999999999915,0.4193272590637207,0.49927470088005066,0.9737679958343506
40,123,479,439,kl,81.04,-1.0799999999999983,0.6583019495010376,0.5802364945411682,1.1013495922088623
40,123,480,440,kl,82.4,1.3599999999999994,0.3561418056488037,0.4413921535015106,0.8411175608634949
40,123,481,441,kl,82.52,0.11999999999999034,0.5434607267379761,0.4814647436141968,0.8929230570793152
40,123,482,442,kl,82.22,-0.29999999999999716,0.5851451754570007,0.5199992060661316,0.9545561075210571
40,123,483,443,kl,81.26,-0.9599999999999937,0.5670501589775085,0.5200201272964478,1.1487548351287842
40,123,484,444,kl,82.12,0.8599999999999994,0.6081348657608032,0.5376195311546326,0.9406498074531555
40,123,485,445,kl,81.96,-0.1600000000000108,0.3937188684940338,0.4872324764728546,1.0373986959457397
40,123,486,446,kl,81.68,-0.2799999999999869,0.597886323928833,0.5599749088287354,1.1203584671020508
40,123,487,447,kl,80.64,-1.0400000000000063,0.5560558438301086,0.5741127133369446,1.343664526939392
40,123,488,448,kl,82.12,1.480000000000004,0.6333431005477905,0.5964748859405518,1.038098692893982
40,123,489,449,kl,81.98,-0.14000000000000057,0.3939225673675537,0.4621887803077698,0.8550058007240295
40,123,490,450,kl,81.52,-0.46000000000000796,0.31394660472869873,0.4409481883049011,0.9615461230278015
40,123,491,451,kl,82.24,0.7199999999999989,0.583699107170105,0.482194721698761,1.1412701606750488
40,123,492,452,ce,82.64,0.4000000000000057,0.22318151593208313,0.33324018120765686,1.902034878730774
40,123,493,453,kl,80.86,-1.7800000000000011,0.48895934224128723,0.5160998702049255,1.1335225105285645
40,123,494,454,kl,80.66,-0.20000000000000284,0.48586368560791016,0.522752046585083,0.9233362674713135
40,123,495,455,kl,81.22,0.5600000000000023,0.6675617098808289,0.5441959500312805,1.0301333665847778
40,123,496,456,kl,83.1,1.8799999999999955,0.5169473886489868,0.4765654504299164,0.9730426073074341
40,123,497,457,kl,81.36,-1.7399999999999949,0.5866012573242188,0.5435565710067749,1.0777113437652588
40,123,498,458,kl,80.14,-1.2199999999999989,0.5133965015411377,0.5397494435310364,1.1700104475021362
40,123,499,459,kl,82.74,2.5999999999999943,0.6280127763748169,0.4977714419364929,0.9137173891067505
40,123,500,460,kl,81.06,-1.6799999999999926,0.31165552139282227,0.4608365297317505,1.011749267578125
40,123,501,461,kl,82.72,1.6599999999999966,0.26265132427215576,0.46543312072753906,0.921625018119812
40,123,502,462,kl,81.8,-0.9200000000000017,0.44514474272727966,0.4940890073776245,1.0487624406814575
40,123,503,463,kl,83.08,1.2800000000000011,0.481349378824234,0.4847365915775299,0.9313212037086487
40,123,504,464,kl,82.28,-0.7999999999999972,0.5841617584228516,0.4893510043621063,0.8265905976295471
40,123,505,465,kl,81.7,-0.5799999999999983,0.5932754278182983,0.4990949332714081,0.827441930770874
40,123,506,466,kl,81.6,-0.10000000000000853,0.46878355741500854,0.46259474754333496,0.8625262379646301
40,123,507,467,kl,83.0,1.4000000000000057,0.4647133946418762,0.4601045846939087,0.81423020362854
40,123,508,468,kl,81.34,-1.6599999999999966,0.45056915283203125,0.487883061170578,0.9822701215744019
40,123,509,469,kl,82.64,1.2999999999999972,0.5309757590293884,0.4906509518623352,0.8630849123001099
40,123,510,470,kl,82.26,-0.37999999999999545,0.25592756271362305,0.4251784086227417,0.9441503882408142
40,123,511,471,kl,82.96,0.6999999999999886,0.4217507541179657,0.47715193033218384,0.9278294444084167
40,123,512,472,kl,81.18,-1.779999999999987,0.5111028552055359,0.4778958559036255,1.1136906147003174
40,123,513,473,kl,81.26,0.0799999999999983,0.6531156301498413,0.5858076810836792,1.2469820976257324
40,123,514,474,kl,81.44,0.1799999999999926,0.5283671617507935,0.5025559663772583,0.985917329788208
40,123,515,475,kl,82.2,0.7600000000000051,0.6239795088768005,0.5729928612709045,1.2443362474441528
40,123,516,476,kl,81.84,-0.35999999999999943,0.6412567496299744,0.5601928234100342,1.0616896152496338
40,123,517,477,kl,80.76,-1.0799999999999983,0.5625340342521667,0.512671172618866,0.9268794655799866
40,123,518,478,kl,81.44,0.6799999999999926,0.6323823928833008,0.5723198652267456,1.1628546714782715
40,123,519,479,kl,82.0,0.5600000000000023,0.4049907922744751,0.47436484694480896,1.1072380542755127
40,123,520,480,kl,81.28,-0.7199999999999989,0.4103325605392456,0.4649883210659027,0.939899206161499
40,123,521,481,kl,82.32,1.039999999999992,0.38057947158813477,0.4384307265281677,0.9498646259307861
40,123,522,482,kl,81.98,-0.3399999999999892,0.5004206895828247,0.5330515503883362,0.9507696032524109
40,123,523,483,kl,80.78,-1.2000000000000028,0.6110219359397888,0.563413143157959,1.1169146299362183
40,123,524,484,kl,82.14,1.3599999999999994,0.4444168508052826,0.5061535835266113,1.1251177787780762
40,123,525,485,kl,80.22,-1.9200000000000017,0.45460593700408936,0.5249649286270142,0.957679033279419
40,123,526,486,kl,80.86,0.6400000000000006,0.5289444923400879,0.5527163147926331,1.2067667245864868
40,123,527,487,kl,81.12,0.2600000000000051,0.4798089265823364,0.476328581571579,0.9482728242874146
40,123,528,488,kl,82.08,0.9599999999999937,0.28854069113731384,0.41858744621276855,0.8193742036819458
40,123,529,489,kl,82.76,0.6800000000000068,0.5226943492889404,0.5123563408851624,0.978775680065155
40,123,530,490,kl,78.6,-4.160000000000011,0.6410890817642212,0.6579515337944031,1.3739964962005615
40,123,531,491,kl,82.3,3.700000000000003,0.34556955099105835,0.4448104798793793,0.8122671246528625
40,123,532,492,kl,81.44,-0.8599999999999994,0.4617515802383423,0.46574699878692627,0.9804507493972778
40,123,533,493,ce,81.84,0.4000000000000057,0.21000830829143524,0.3848040699958801,2.105297803878784
40,123,534,494,kl,80.84,-1.0,0.6707577705383301,0.5475993156433105,1.144364595413208
40,123,535,495,kl,81.68,0.8400000000000034,0.49842390418052673,0.488677978515625,0.915878176689148
40,123,536,496,kl,82.5,0.8199999999999932,0.4161311388015747,0.47144874930381775,0.9457412362098694
40,123,537,497,kl,82.26,-0.23999999999999488,0.6080737113952637,0.6260644197463989,1.2773816585540771
40,123,538,498,kl,82.0,-0.2600000000000051,0.5211175680160522,0.5310056805610657,0.9690109491348267
40,123,539,499,kl,81.42,-0.5799999999999983,0.5836999416351318,0.5340806841850281,0.8969714045524597
40,123,540,500,kl,81.8,0.37999999999999545,0.3561696410179138,0.4806353449821472,1.0142186880111694
40,123,541,501,kl,81.58,-0.21999999999999886,0.48697590827941895,0.5358670353889465,0.9504271149635315
40,123,542,502,kl,80.28,-1.2999999999999972,0.5107537508010864,0.5024558901786804,1.089885950088501
40,123,543,503,kl,82.56,2.280000000000001,0.3489380478858948,0.4413180351257324,0.8776917457580566
40,123,544,504,kl,82.2,-0.35999999999999943,0.5896613597869873,0.5270556211471558,1.0371310710906982
40,123,545,505,kl,82.14,-0.060000000000002274,0.4698998034000397,0.4992046058177948,0.9940310716629028
40,123,546,506,kl,83.28,1.1400000000000006,0.49889838695526123,0.4874536991119385,0.8456466197967529
40,123,547,507,kl,81.88,-1.4000000000000057,0.5170234441757202,0.5120212435722351,1.0916770696640015
40,123,548,508,kl,80.88,-1.0,0.5367941856384277,0.5387492775917053,0.9960451722145081
40,123,549,509,kl,81.28,0.4000000000000057,0.23895896971225739,0.41915038228034973,1.054564356803894
40,123,550,510,kl,81.1,-0.18000000000000682,0.5912559032440186,0.5157738924026489,0.9407292008399963
40,123,551,511,kl,81.24,0.14000000000000057,0.5652906894683838,0.5483480095863342,0.9867954254150391
40,123,552,512,kl,81.66,0.4200000000000017,0.5477555990219116,0.5004311203956604,0.8320004343986511
40,123,553,513,kl,80.98,-0.6799999999999926,0.5869003534317017,0.4750313460826874,0.9685441255569458
40,123,554,514,kl,81.02,0.03999999999999204,0.4973846971988678,0.5327703952789307,1.278515338897705
40,123,555,515,kl,82.24,1.2199999999999989,0.27412304282188416,0.43921348452568054,0.8193405866622925
40,123,556,516,kl,81.92,-0.3199999999999932,0.5021119713783264,0.5107675194740295,1.2398996353149414
40,123,557,517,kl,81.0,-0.9200000000000017,0.5273352861404419,0.4872218370437622,0.9715269207954407
40,123,558,518,kl,81.48,0.480000000000004,0.43651413917541504,0.46976569294929504,0.8490777015686035
40,123,559,519,kl,81.18,-0.29999999999999716,0.27013346552848816,0.5001439452171326,1.0980172157287598
40,123,560,520,kl,82.3,1.1199999999999903,0.3152654767036438,0.44329050183296204,1.2931922674179077
40,123,561,521,kl,82.6,0.29999999999999716,0.4349541962146759,0.47922924160957336,0.8828546404838562
40,123,562,522,kl,81.82,-0.7800000000000011,0.5222735404968262,0.5133322477340698,0.9668111801147461
40,123,563,523,kl,82.84,1.0200000000000102,0.4759244918823242,0.4765929877758026,0.7913538813591003
40,123,564,524,kl,81.86,-0.980000000000004,0.5521371364593506,0.530884325504303,1.0942217111587524
40,123,565,525,kl,81.66,-0.20000000000000284,0.5466299057006836,0.5179373025894165,0.9283933639526367
40,123,566,526,kl,82.14,0.480000000000004,0.339035302400589,0.49515339732170105,1.052038311958313
40,123,567,527,kl,82.14,0.0,0.3774750530719757,0.5056861042976379,1.1754192113876343
40,123,568,528,kl,81.84,-0.29999999999999716,0.44732746481895447,0.4832918643951416,0.920559287071228
40,123,569,529,kl,82.3,0.45999999999999375,0.40226060152053833,0.48506593704223633,1.064927101135254
40,123,570,530,kl,80.66,-1.6400000000000006,0.37523579597473145,0.48415642976760864,0.8659191727638245
40,123,571,531,kl,79.42,-1.2399999999999949,0.6615723967552185,0.5522589087486267,1.0985182523727417
40,123,572,532,kl,81.64,2.219999999999999,0.42922496795654297,0.48347651958465576,0.8888335227966309
40,123,573,533,kl,82.68,1.0400000000000063,0.30572009086608887,0.4766392707824707,0.9479614496231079
40,123,574,534,ce,82.08,-0.6000000000000085,0.1631271243095398,0.3374174237251282,1.9755091667175293
40,123,575,535,kl,79.44,-2.6400000000000006,0.7688214778900146,0.6993213891983032,1.3989559412002563
40,123,576,536,kl,80.7,1.2600000000000051,0.5735915899276733,0.6050223112106323,1.2299418449401855
40,123,577,537,kl,79.64,-1.0600000000000023,0.5976825952529907,0.5509929060935974,1.1071465015411377
40,123,578,538,kl,80.22,0.5799999999999983,0.5364072322845459,0.5069420337677002,1.013829231262207
40,123,579,539,kl,82.64,2.4200000000000017,0.446704238653183,0.4792965352535248,0.9072702527046204
40,123,580,540,kl,82.72,0.0799999999999983,0.5958209037780762,0.5091738700866699,0.9147462248802185
40,123,581,541,kl,81.26,-1.4599999999999937,0.6413508653640747,0.584938108921051,1.2245302200317383
40,123,582,542,kl,81.94,0.6799999999999926,0.5276917219161987,0.49687084555625916,0.999577522277832
40,123,583,543,kl,81.08,-0.8599999999999994,0.3874845802783966,0.4498935341835022,0.978392481803894
40,123,584,544,kl,81.3,0.21999999999999886,0.46834272146224976,0.5166943669319153,1.1795175075531006
40,123,585,545,kl,82.2,0.9000000000000057,0.3260250389575958,0.460798442363739,0.8223341703414917
40,123,586,546,kl,81.38,-0.8200000000000074,0.5850708484649658,0.5202338099479675,1.0033215284347534
40,123,587,547,kl,81.76,0.38000000000000966,0.6422916650772095,0.5509944558143616,1.1008738279342651
40,123,588,548,kl,82.08,0.3199999999999932,0.4253696799278259,0.473966509103775,0.8770723342895508
40,123,589,549,kl,81.7,-0.37999999999999545,0.5355685949325562,0.4987039864063263,1.0212599039077759
40,123,590,550,kl,79.52,-2.180000000000007,0.695245623588562,0.6202394962310791,1.4220411777496338
40,123,591,551,kl,81.66,2.1400000000000006,0.6327586770057678,0.5378327965736389,1.0359151363372803
40,123,592,552,kl,82.32,0.6599999999999966,0.6123729348182678,0.470041960477829,0.937711775302887
40,123,593,553,kl,82.9,0.5800000000000125,0.4696393609046936,0.4720161557197571,0.9896343350410461
40,123,594,554,kl,81.84,-1.0600000000000023,0.5331405997276306,0.5260793566703796,1.0779547691345215
40,123,595,555,kl,80.52,-1.3200000000000074,0.5739370584487915,0.5296676754951477,1.1163026094436646
40,123,596,556,kl,81.96,1.4399999999999977,0.5604504942893982,0.5038661956787109,1.0340853929519653
40,123,597,557,kl,81.48,-0.47999999999998977,0.4000468850135803,0.48914384841918945,0.9848806262016296
40,123,598,558,kl,82.52,1.039999999999992,0.5565596222877502,0.4980984032154083,0.8790045976638794
40,123,599,559,kl,81.78,-0.7399999999999949,0.4634832441806793,0.4912211000919342,0.8486269116401672
40,123,600,560,kl,81.0,-0.7800000000000011,0.4712514281272888,0.5149739384651184,0.9681265354156494
40,123,601,561,kl,82.0,1.0,0.24837526679039001,0.446506530046463,0.9848175048828125
40,123,602,562,kl,82.42,0.4200000000000017,0.550539493560791,0.5003899335861206,0.8726845979690552
40,123,603,563,kl,80.46,-1.960000000000008,0.3861136734485626,0.4870189130306244,1.2023650407791138
40,123,604,564,kl,81.5,1.0400000000000063,0.729710578918457,0.6654704213142395,1.3662296533584595
40,123,605,565,kl,82.78,1.2800000000000011,0.46154454350471497,0.46284663677215576,0.960615873336792
40,123,606,566,kl,81.86,-0.9200000000000017,0.3802488446235657,0.4378018379211426,0.9911383390426636
40,123,607,567,kl,81.82,-0.04000000000000625,0.39045295119285583,0.4361001253128052,0.8760910630226135
40,123,608,568,kl,81.4,-0.4199999999999875,0.6790854334831238,0.5682030916213989,1.0644358396530151
40,123,609,569,kl,80.92,-0.480000000000004,0.4332078695297241,0.5100094676017761,1.1089158058166504
40,123,610,570,kl,81.84,0.9200000000000017,0.4463214874267578,0.4864709675312042,1.078017234802246
40,123,611,571,kl,82.94,1.0999999999999943,0.3003818988800049,0.44058963656425476,0.8911311030387878
40,123,612,572,kl,82.4,-0.539999999999992,0.5654862523078918,0.49794548749923706,0.9130246639251709
40,123,613,573,kl,80.22,-2.180000000000007,0.49395471811294556,0.48014822602272034,0.9012412428855896
40,123,614,574,kl,82.34,2.1200000000000045,0.3644777536392212,0.4521675109863281,0.8133574724197388
40,123,615,575,ce,82.72,0.37999999999999545,0.18473485112190247,0.3516108989715576,1.865299105644226
40,123,616,576,kl,81.88,-0.8400000000000034,0.5795286893844604,0.5424546003341675,1.0336215496063232
40,123,617,577,kl,81.52,-0.35999999999999943,0.5715134739875793,0.5507968664169312,1.0968010425567627
40,123,618,578,kl,80.74,-0.7800000000000011,0.48704931139945984,0.5208362340927124,0.9354805946350098
40,123,619,579,kl,82.24,1.5,0.41864365339279175,0.43433478474617004,1.008386254310608
40,123,620,580,kl,80.24,-2.0,0.40904009342193604,0.47220906615257263,1.0788642168045044
40,123,621,581,kl,82.82,2.5799999999999983,0.6328434944152832,0.5111426115036011,1.0700591802597046
40,123,622,582,kl,80.1,-2.719999999999999,0.36324334144592285,0.4797493815422058,1.0841319561004639
40,123,623,583,kl,83.32,3.219999999999999,0.6475721001625061,0.5405220985412598,0.8198953866958618
40,123,624,584,kl,82.74,-0.5799999999999983,0.48262327909469604,0.4957196116447449,0.9033600687980652
40,123,625,585,kl,82.16,-0.5799999999999983,0.5073678493499756,0.5169785022735596,1.1148651838302612
40,123,626,586,kl,82.72,0.5600000000000023,0.3341052830219269,0.49958303570747375,0.9599313139915466
40,123,627,587,kl,81.78,-0.9399999999999977,0.5560843348503113,0.5243502855300903,0.9011554718017578
40,123,628,588,kl,83.26,1.480000000000004,0.3626870810985565,0.4516010582447052,0.8331167697906494
40,123,629,589,kl,81.48,-1.7800000000000011,0.4387859106063843,0.4544200599193573,0.7890914082527161
40,123,630,590,kl,81.38,-0.10000000000000853,0.5639698505401611,0.5511042475700378,1.2888842821121216
40,123,631,591,kl,81.84,0.46000000000000796,0.5387898683547974,0.5107332468032837,0.909553050994873
40,123,632,592,kl,82.2,0.35999999999999943,0.4276641607284546,0.44914746284484863,1.0027377605438232
40,123,633,593,kl,82.26,0.060000000000002274,0.4244150221347809,0.47328048944473267,0.8546403050422668
40,123,634,594,kl,81.28,-0.980000000000004,0.46212857961654663,0.5097467303276062,0.9735490083694458
40,123,635,595,kl,82.1,0.8199999999999932,0.545725405216217,0.4848744869232178,0.8796229958534241
40,123,636,596,kl,83.08,0.980000000000004,0.5399526357650757,0.4943884015083313,0.9261364936828613
40,123,637,597,kl,81.66,-1.4200000000000017,0.5712000131607056,0.5003954172134399,1.1104727983474731
40,123,638,598,kl,81.18,-0.47999999999998977,0.5155315399169922,0.5101484656333923,1.154491662979126
40,123,639,599,kl,82.66,1.4799999999999898,0.4165428578853607,0.5056130886077881,0.9779981970787048
40,123,640,600,kl,82.16,-0.5,0.5163363814353943,0.5103980898857117,0.9573264122009277
40,123,641,601,kl,82.56,0.4000000000000057,0.6301981806755066,0.5370568633079529,0.9622915983200073
40,123,642,602,kl,80.52,-2.0400000000000063,0.5155848264694214,0.4600358307361603,0.8201005458831787
40,123,643,603,kl,82.96,2.4399999999999977,0.41961202025413513,0.49376752972602844,0.9809679388999939
40,123,644,604,kl,82.8,-0.1599999999999966,0.4961491525173187,0.48295557498931885,0.8053128123283386
40,123,645,605,kl,80.34,-2.4599999999999937,0.6862003803253174,0.6118084788322449,1.2227113246917725
40,123,646,606,kl,81.86,1.519999999999996,0.6006211042404175,0.559590220451355,0.9084942936897278
40,123,647,607,kl,82.02,0.1599999999999966,0.3934869170188904,0.48872363567352295,0.9521793723106384
40,123,648,608,kl,81.62,-0.3999999999999915,0.425728976726532,0.4908784329891205,1.000640630722046
40,123,649,609,kl,82.2,0.5799999999999983,0.5529139637947083,0.5214616060256958,0.9700573086738586
40,123,650,610,kl,81.6,-0.6000000000000085,0.5128406286239624,0.49442335963249207,0.7954046130180359
40,123,651,611,kl,82.2,0.6000000000000085,0.6311855316162109,0.5319711565971375,1.0123440027236938
40,123,652,612,kl,82.52,0.3199999999999932,0.33398860692977905,0.4621627628803253,0.8891681432723999
40,123,653,613,kl,83.54,1.0200000000000102,0.27566635608673096,0.4438968300819397,0.9152750372886658
40,123,654,614,kl,82.68,-0.8599999999999994,0.2905951738357544,0.432588130235672,0.8889384865760803
40,123,655,615,kl,81.94,-0.7400000000000091,0.5586450099945068,0.5188301205635071,0.9755309820175171
40,123,656,616,ce,82.48,0.5400000000000063,0.13027235865592957,0.30841395258903503,1.6933376789093018
40,123,657,617,kl,81.1,-1.3800000000000097,0.5569090843200684,0.5269491076469421,1.028334617614746
40,123,658,618,kl,81.2,0.10000000000000853,0.42533618211746216,0.4917179048061371,1.1133038997650146
40,123,659,619,kl,82.3,1.0999999999999943,0.4287094473838806,0.4917287826538086,0.8925261497497559
40,123,660,620,kl,80.86,-1.4399999999999977,0.3471275269985199,0.44972947239875793,0.9964591860771179
40,123,661,621,kl,82.42,1.5600000000000023,0.5273714065551758,0.48364195227622986,0.8109712600708008
40,123,662,622,kl,82.14,-0.28000000000000114,0.347739040851593,0.48582395911216736,0.9374447464942932
40,123,663,623,kl,81.06,-1.0799999999999983,0.5826543569564819,0.526964545249939,0.8947111964225769
40,123,664,624,kl,82.34,1.2800000000000011,0.6607760190963745,0.5597034692764282,0.971211314201355
40,123,665,625,kl,81.0,-1.3400000000000034,0.6129390001296997,0.5261111259460449,0.8526778221130371
40,123,666,626,kl,81.76,0.7600000000000051,0.5214361548423767,0.4873247742652893,0.7657221555709839
40,123,667,627,kl,82.58,0.8199999999999932,0.33948075771331787,0.42754366993904114,0.8784715533256531
40,123,668,628,kl,82.3,-0.28000000000000114,0.6273126602172852,0.566621720790863,0.9410940408706665
40,123,669,629,kl,82.68,0.38000000000000966,0.5923742055892944,0.5381313562393188,0.9688219428062439
40,123,670,630,kl,82.06,-0.6200000000000045,0.5111187100410461,0.5490097403526306,1.0685703754425049
40,123,671,631,kl,81.02,-1.0400000000000063,0.6009336709976196,0.5416797399520874,0.8786976337432861
40,123,672,632,kl,81.96,0.9399999999999977,0.37869250774383545,0.48607155680656433,1.1639484167099
40,123,673,633,kl,80.96,-1.0,0.43624842166900635,0.5278117656707764,1.089930534362793
40,123,674,634,kl,81.44,0.480000000000004,0.5434138774871826,0.5308558940887451,1.008876085281372
40,123,675,635,kl,83.12,1.6800000000000068,0.5702080726623535,0.4976837635040283,0.8489627242088318
40,123,676,636,kl,81.96,-1.1600000000000108,0.6059226989746094,0.5571163892745972,1.0856484174728394
40,123,677,637,kl,82.72,0.7600000000000051,0.31185346841812134,0.45766809582710266,1.0650739669799805
40,123,678,638,kl,82.18,-0.539999999999992,0.5487281084060669,0.4931519329547882,0.9334776997566223
40,123,679,639,kl,82.44,0.2599999999999909,0.3353392779827118,0.4341834485530853,0.8383682370185852
40,123,680,640,kl,82.18,-0.2599999999999909,0.5291215181350708,0.5302867293357849,0.9764845967292786
40,123,681,641,kl,81.8,-0.38000000000000966,0.4486953318119049,0.4955924451351166,0.9962507486343384
40,123,682,642,kl,82.36,0.5600000000000023,0.2577075958251953,0.45007872581481934,0.9448139071464539
40,123,683,643,kl,82.28,-0.0799999999999983,0.6049470901489258,0.5506046414375305,0.9683724641799927
40,123,684,644,kl,81.72,-0.5600000000000023,0.35858455300331116,0.47449368238449097,1.1144912242889404
40,123,685,645,kl,81.78,0.060000000000002274,0.5659606456756592,0.5407071113586426,0.9341270327568054
40,123,686,646,kl,82.42,0.6400000000000006,0.6476702690124512,0.5597493052482605,1.064324975013733
40,123,687,647,kl,81.92,-0.5,0.4639551639556885,0.5126783847808838,0.9582556486129761
40,123,688,648,kl,83.14,1.2199999999999989,0.4198637902736664,0.4604358673095703,0.8716247081756592
40,123,689,649,kl,81.62,-1.519999999999996,0.6233277916908264,0.5471765995025635,1.0046662092208862
40,123,690,650,kl,83.88,2.259999999999991,0.2681984305381775,0.45815399289131165,0.8745836615562439
40,123,691,651,kl,80.88,-3.0,0.5937814712524414,0.5423073172569275,1.060595989227295
40,123,692,652,kl,82.86,1.980000000000004,0.5614810585975647,0.5446414947509766,1.0962095260620117
40,123,693,653,kl,81.9,-0.9599999999999937,0.5630815029144287,0.48891782760620117,1.1445425748825073
40,123,694,654,kl,80.44,-1.460000000000008,0.6624400615692139,0.5572209358215332,1.092315435409546
40,123,695,655,kl,81.58,1.1400000000000006,0.5082297325134277,0.4731762111186981,0.913512110710144
40,123,696,656,kl,82.78,1.2000000000000028,0.4666220247745514,0.49935489892959595,0.7818337678909302
40,123,697,657,ce,83.0,0.21999999999999886,0.13985733687877655,0.32227030396461487,2.0699594020843506
40,123,698,658,kl,81.96,-1.0400000000000063,0.3744034767150879,0.48772871494293213,0.9705236554145813
40,123,699,659,kl,83.1,1.1400000000000006,0.5969939231872559,0.5118440985679626,0.9610571265220642
40,123,700,660,kl,82.02,-1.0799999999999983,0.4948688745498657,0.4596785604953766,0.8858223557472229
40,123,701,661,kl,82.4,0.38000000000000966,0.4939535856246948,0.49131491780281067,0.9225919246673584
40,123,702,662,kl,81.38,-1.0200000000000102,0.1927829086780548,0.4396376609802246,0.9166104793548584
40,123,703,663,kl,82.52,1.1400000000000006,0.5254286527633667,0.5069727897644043,0.8577587008476257
40,123,704,664,kl,83.18,0.6600000000000108,0.617236852645874,0.514442503452301,0.8432519435882568
40,123,705,665,kl,82.38,-0.8000000000000114,0.4082428812980652,0.47668322920799255,0.9415505528450012
40,123,706,666,kl,80.32,-2.0600000000000023,0.68817538022995,0.6012041568756104,1.242794394493103
40,123,707,667,kl,81.9,1.5800000000000125,0.466288298368454,0.5003988742828369,0.9717110991477966
40,123,708,668,kl,82.62,0.7199999999999989,0.42836734652519226,0.4865226447582245,0.8029269576072693
40,123,709,669,kl,82.38,-0.2400000000000091,0.509860634803772,0.5306622385978699,0.9918480515480042
40,123,710,670,kl,81.24,-1.1400000000000006,0.7429813146591187,0.6234354972839355,1.2357350587844849
40,123,711,671,kl,82.36,1.1200000000000045,0.5470583438873291,0.4914356470108032,0.9582583904266357
40,123,712,672,kl,82.66,0.29999999999999716,0.13385991752147675,0.4274314343929291,0.9490435123443604
40,123,713,673,kl,81.6,-1.0600000000000023,0.47383788228034973,0.5268609523773193,0.9505258798599243
40,123,714,674,kl,82.62,1.0200000000000102,0.40457215905189514,0.4464605152606964,0.8467599153518677
40,123,715,675,kl,81.08,-1.5400000000000063,0.5751317739486694,0.5179181694984436,0.9281851649284363
40,123,716,676,kl,83.2,2.1200000000000045,0.45169636607170105,0.4434632360935211,0.9578855037689209
40,123,717,677,kl,82.44,-0.7600000000000051,0.35622912645339966,0.4640955328941345,0.9135996103286743
40,123,718,678,kl,82.62,0.18000000000000682,0.5209095478057861,0.5090416669845581,0.8769451975822449
40,123,719,679,kl,83.02,0.3999999999999915,0.5869607925415039,0.5323971509933472,1.060882568359375
40,123,720,680,kl,82.02,-1.0,0.39770445227622986,0.4658290445804596,0.9248452186584473
40,123,721,681,kl,82.6,0.5799999999999983,0.36045026779174805,0.46264851093292236,0.8945332765579224
40,123,722,682,kl,81.72,-0.8799999999999955,0.6145211458206177,0.568071722984314,1.0322469472885132
40,123,723,683,kl,82.26,0.5400000000000063,0.5705243349075317,0.5079885721206665,0.9274066686630249
40,123,724,684,kl,80.98,-1.2800000000000011,0.46646207571029663,0.4962084889411926,0.9191027879714966
40,123,725,685,kl,81.28,0.29999999999999716,0.48115479946136475,0.5132303833961487,1.0403212308883667
40,123,726,686,kl,81.18,-0.09999999999999432,0.6232115626335144,0.5609150528907776,1.1115587949752808
40,123,727,687,kl,81.68,0.5,0.5705251693725586,0.5168061256408691,0.9711476564407349
40,123,728,688,kl,81.28,-0.4000000000000057,0.572021484375,0.5233426690101624,1.015788197517395
40,123,729,689,kl,81.88,0.5999999999999943,0.43200990557670593,0.48965388536453247,1.0125969648361206
40,123,730,690,kl,83.14,1.2600000000000051,0.4935184717178345,0.453756719827652,0.6649042367935181
40,123,731,691,kl,81.84,-1.2999999999999972,0.26680609583854675,0.4374074637889862,1.0367457866668701
40,123,732,692,kl,80.94,-0.9000000000000057,0.5008615255355835,0.47281938791275024,0.8992382287979126
40,123,733,693,kl,82.26,1.3200000000000074,0.2564767301082611,0.42080143094062805,0.8652114272117615
40,123,734,694,kl,83.16,0.8999999999999915,0.43625974655151367,0.48330017924308777,1.0180407762527466
40,123,735,695,kl,82.12,-1.039999999999992,0.5366926193237305,0.5195536613464355,0.8917238116264343
40,123,736,696,kl,80.92,-1.2000000000000028,0.6538510322570801,0.5471290946006775,0.9244349002838135
40,123,737,697,kl,82.16,1.2399999999999949,0.41411611437797546,0.4789087474346161,0.9866051077842712
40,123,738,698,ce,82.28,0.12000000000000455,0.2555539011955261,0.33839359879493713,2.1198155879974365
40,123,739,699,kl,79.8,-2.480000000000004,0.4149167835712433,0.4878966510295868,1.0112756490707397
40,123,740,700,kl,81.76,1.960000000000008,0.5074964761734009,0.5369139909744263,0.9853819012641907
40,123,741,701,kl,81.96,0.19999999999998863,0.6032941341400146,0.5261852741241455,1.031104564666748
40,123,742,702,kl,80.84,-1.1199999999999903,0.4690057337284088,0.5026477575302124,0.8278763890266418
40,123,743,703,kl,81.84,1.0,0.31296226382255554,0.4377002716064453,0.9425492286682129
40,123,744,704,kl,80.02,-1.8200000000000074,0.6309399604797363,0.5898292064666748,1.3040364980697632
40,123,745,705,kl,81.62,1.6000000000000085,0.5978173017501831,0.5396615266799927,1.120140552520752
40,123,746,706,kl,77.82,-3.8000000000000114,0.6668427586555481,0.5886196494102478,1.3974528312683105
40,123,747,707,kl,82.28,4.460000000000008,0.25421541929244995,0.4301578402519226,0.8425441384315491
40,123,748,708,kl,81.72,-0.5600000000000023,0.5712406635284424,0.5118772983551025,0.9828844666481018
40,123,749,709,kl,81.28,-0.4399999999999977,0.3862168490886688,0.4555712342262268,0.9527349472045898
40,123,750,710,kl,81.44,0.1599999999999966,0.4760980010032654,0.46532195806503296,0.9902100563049316
40,123,751,711,kl,81.72,0.28000000000000114,0.5982598066329956,0.5760721564292908,1.1207724809646606
40,123,752,712,kl,81.86,0.14000000000000057,0.4591980576515198,0.48364004492759705,1.1185765266418457
40,123,753,713,kl,83.08,1.2199999999999989,0.3690510392189026,0.4536159336566925,1.0230716466903687
40,123,754,714,kl,81.26,-1.8199999999999932,0.38985082507133484,0.48968034982681274,0.8920599222183228
40,123,755,715,kl,83.0,1.7399999999999949,0.448120653629303,0.4488295912742615,0.8426221609115601
40,123,756,716,kl,79.74,-3.260000000000005,0.5505019426345825,0.5455136299133301,1.208738923072815
40,123,757,717,kl,81.9,2.160000000000011,0.5519013404846191,0.5133383870124817,0.8640031218528748
40,123,758,718,kl,82.18,0.28000000000000114,0.4621815085411072,0.5167236328125,0.9977843165397644
40,123,759,719,kl,82.72,0.539999999999992,0.5150681734085083,0.48665857315063477,0.9196048974990845
40,123,760,720,kl,82.5,-0.21999999999999886,0.4672803282737732,0.477159321308136,0.7944860458374023
40,123,761,721,kl,82.08,-0.4200000000000017,0.4548589587211609,0.5205299854278564,1.1354180574417114
40,123,762,722,kl,82.52,0.4399999999999977,0.5760623216629028,0.5216181874275208,1.0888957977294922
40,123,763,723,kl,81.16,-1.3599999999999994,0.6034018993377686,0.5552842020988464,1.0911316871643066
40,123,764,724,kl,81.62,0.46000000000000796,0.49549388885498047,0.4971906840801239,0.9366939067840576
40,123,765,725,kl,83.12,1.5,0.4499027729034424,0.45913052558898926,0.8219841122627258
40,123,766,726,kl,82.82,-0.30000000000001137,0.4164819121360779,0.47759315371513367,0.7971664071083069
40,123,767,727,kl,81.18,-1.6399999999999864,0.5423641204833984,0.539530873298645,1.083404302597046
40,123,768,728,kl,81.66,0.47999999999998977,0.5397800207138062,0.5153589844703674,1.2615641355514526
40,123,769,729,kl,82.54,0.8800000000000097,0.2663390040397644,0.43717899918556213,0.9379842877388
40,123,770,730,kl,82.24,-0.30000000000001137,0.46799343824386597,0.47422388195991516,0.8874513506889343
40,123,771,731,kl,80.98,-1.259999999999991,0.4480588138103485,0.4446982443332672,0.9934777617454529
40,123,772,732,kl,82.48,1.5,0.3927708864212036,0.4744917154312134,0.8490262627601624
40,123,773,733,kl,81.64,-0.8400000000000034,0.446566641330719,0.5000969171524048,1.084854245185852
40,123,774,734,kl,81.86,0.21999999999999886,0.5598183870315552,0.5176060199737549,1.1891788244247437
40,123,775,735,kl,81.6,-0.2600000000000051,0.6068433523178101,0.5177909135818481,0.9582100510597229
40,123,776,736,kl,82.26,0.6600000000000108,0.4108862280845642,0.46042296290397644,1.042754054069519
40,123,777,737,kl,82.98,0.7199999999999989,0.6242371797561646,0.54146409034729,0.9691435098648071
40,123,778,738,kl,82.98,0.0,0.5850231647491455,0.5186893343925476,0.7699467539787292
40,123,779,739,ce,82.26,-0.7199999999999989,0.1385991871356964,0.31683340668678284,2.0054492950439453
40,123,780,740,kl,79.74,-2.5200000000000102,0.7101574540138245,0.6294586658477783,1.4118921756744385
40,123,781,741,kl,81.4,1.6600000000000108,0.3458330035209656,0.3980136513710022,0.9305931329727173
40,123,782,742,kl,82.84,1.4399999999999977,0.34292101860046387,0.4594001770019531,1.0033142566680908
40,123,783,743,kl,81.22,-1.6200000000000045,0.6844659447669983,0.5903202891349792,1.0895957946777344
40,123,784,744,kl,82.0,0.7800000000000011,0.5425505638122559,0.4834052324295044,0.8362444639205933
40,123,785,745,kl,82.6,0.5999999999999943,0.5405081510543823,0.4970655143260956,0.9007619023323059
40,123,786,746,kl,80.98,-1.6199999999999903,0.5263882279396057,0.48912084102630615,0.9304391145706177
40,123,787,747,kl,82.0,1.019999999999996,0.5627131462097168,0.5152847766876221,1.0102951526641846
40,123,788,748,kl,81.32,-0.6800000000000068,0.6128267645835876,0.5169277787208557,0.9273693561553955
40,123,789,749,kl,82.68,1.3600000000000136,0.5781162977218628,0.495714396238327,0.9259025454521179
40,123,790,750,kl,79.46,-3.220000000000013,0.7059916257858276,0.6671059131622314,1.661690354347229
40,123,791,751,kl,82.5,3.0400000000000063,0.6251731514930725,0.5387709736824036,0.955542266368866
40,123,792,752,kl,80.4,-2.0999999999999943,0.6439322233200073,0.5740389227867126,1.2160073518753052
40,123,793,753,kl,82.38,1.9799999999999898,0.6410446763038635,0.5179645419120789,0.9871121644973755
40,123,794,754,kl,81.34,-1.039999999999992,0.6974292993545532,0.5963762402534485,1.115143895149231
40,123,795,755,kl,82.46,1.1199999999999903,0.4471493065357208,0.5085793137550354,0.9263330698013306
40,123,796,756,kl,81.3,-1.1599999999999966,0.4345935881137848,0.5005142092704773,1.4627602100372314
40,123,797,757,kl,81.86,0.5600000000000023,0.5530002117156982,0.4915272295475006,0.8476361632347107
40,123,798,758,kl,82.04,0.18000000000000682,0.5846215486526489,0.5057200193405151,0.8973006010055542
40,123,799,759,kl,82.2,0.1599999999999966,0.5402146577835083,0.49559929966926575,0.9526188969612122
40,123,800,760,kl,81.12,-1.0799999999999983,0.6411399245262146,0.5757796764373779,1.1039456129074097
40,123,801,761,kl,81.16,0.03999999999999204,0.6662683486938477,0.569296658039093,1.0334880352020264
40,123,802,762,kl,80.92,-0.23999999999999488,0.5676817893981934,0.5238529443740845,1.0972862243652344
40,123,803,763,kl,82.4,1.480000000000004,0.39123690128326416,0.48445653915405273,1.0005743503570557
40,123,804,764,kl,82.5,0.09999999999999432,0.3571997284889221,0.45620712637901306,0.9352864027023315
40,123,805,765,kl,81.52,-0.980000000000004,0.3840848207473755,0.4799768030643463,0.972263514995575
40,123,806,766,kl,82.6,1.0799999999999983,0.47674620151519775,0.49995478987693787,0.8372901678085327
40,123,807,767,kl,81.08,-1.519999999999996,0.7015442848205566,0.6388843655586243,1.256365180015564
40,123,808,768,kl,81.8,0.7199999999999989,0.5317715406417847,0.5212949514389038,0.8731045126914978
40,123,809,769,kl,81.62,-0.1799999999999926,0.6728552579879761,0.5647610425949097,1.0753331184387207
40,123,810,770,kl,82.64,1.019999999999996,0.4459789991378784,0.47539156675338745,0.8619848489761353
40,123,811,771,kl,80.14,-2.5,0.5317463874816895,0.5093991160392761,0.9965654015541077
40,123,812,772,kl,80.74,0.5999999999999943,0.644421398639679,0.5911945104598999,1.235167145729065
40,123,813,773,kl,82.24,1.5,0.5006821155548096,0.48384571075439453,0.88087397813797
40,123,814,774,kl,81.18,-1.059999999999988,0.32483190298080444,0.49570098519325256,1.1211230754852295
40,123,815,775,kl,81.88,0.6999999999999886,0.5436581969261169,0.495027631521225,0.9586774110794067
40,123,816,776,kl,81.92,0.04000000000000625,0.48599809408187866,0.4859585762023926,0.9685227274894714
40,123,817,777,kl,82.42,0.5,0.6558505296707153,0.5439237356185913,1.0250722169876099
40,123,818,778,kl,82.54,0.12000000000000455,0.5026177763938904,0.4699748158454895,0.814752995967865
40,123,819,779,kl,82.82,0.2799999999999869,0.4931946396827698,0.42837125062942505,0.7975202202796936
40,123,820,780,ce,82.42,-0.3999999999999915,0.17598386108875275,0.3245062232017517,1.8966087102890015
40,1337,1,-39,kl,38.44,26.18,0.6013810634613037,0.8859690427780151,1.7146016359329224
40,1337,2,-38,kl,39.42,0.980000000000004,0.6647586226463318,0.7434794902801514,1.5618988275527954
40,1337,3,-37,kl,51.56,12.14,0.7542405724525452,0.6774372458457947,1.113840937614441
40,1337,4,-36,kl,57.84,6.280000000000001,0.1974642276763916,0.42873114347457886,1.1108444929122925
40,1337,5,-35,kl,63.42,5.579999999999998,0.676089882850647,0.5730279684066772,1.1695556640625
40,1337,6,-34,kl,66.9,3.480000000000004,0.613823413848877,0.5238170623779297,1.2330608367919922
40,1337,7,-33,kl,68.0,1.0999999999999943,0.6333506107330322,0.5705429315567017,1.054236888885498
40,1337,8,-32,kl,69.1,1.0999999999999943,0.5099510550498962,0.46750056743621826,1.043505072593689
40,1337,9,-31,kl,71.12,2.0200000000000102,0.7106564044952393,0.5349465012550354,1.074499249458313
40,1337,10,-30,kl,72.78,1.6599999999999966,0.5236558318138123,0.44898664951324463,1.0471246242523193
40,1337,11,-29,kl,73.94,1.1599999999999966,0.7344667315483093,0.5193326473236084,1.3522255420684814
40,1337,12,-28,kl,74.58,0.6400000000000006,0.4844832122325897,0.4429725706577301,1.1438088417053223
40,1337,13,-27,kl,76.2,1.6200000000000045,0.6336498260498047,0.48262232542037964,0.924252986907959
40,1337,14,-26,kl,77.36,1.1599999999999966,0.6456642150878906,0.4977847933769226,0.9424973130226135
40,1337,15,-25,kl,75.78,-1.5799999999999983,0.4147564172744751,0.46408137679100037,0.8568658232688904
40,1337,16,-24,kl,76.7,0.9200000000000017,0.4141191244125366,0.41316288709640503,0.7666465640068054
40,1337,17,-23,kl,76.32,-0.38000000000000966,0.5249732732772827,0.4272023141384125,0.8877374529838562
40,1337,18,-22,kl,78.16,1.8400000000000034,0.42193129658699036,0.4356510639190674,0.9246511459350586
40,1337,19,-21,kl,76.9,-1.259999999999991,0.42930683493614197,0.4128398895263672,0.8267772197723389
40,1337,20,-20,kl,77.94,1.039999999999992,0.4092668294906616,0.41084375977516174,0.9256710410118103
40,1337,21,-19,kl,79.2,1.2600000000000051,0.4929443299770355,0.4837303161621094,0.8971866965293884
40,1337,22,-18,kl,78.52,-0.6800000000000068,0.5141844749450684,0.4862777888774872,0.8156920075416565
40,1337,23,-17,kl,77.4,-1.1199999999999903,0.5864832401275635,0.5063161253929138,1.0007951259613037
40,1337,24,-16,kl,78.2,0.7999999999999972,0.633082389831543,0.5064004063606262,0.9416325688362122
40,1337,25,-15,kl,80.04,1.8400000000000034,0.4392101466655731,0.4276738464832306,0.8147811889648438
40,1337,26,-14,kl,80.04,0.0,0.4904292821884155,0.4504508376121521,0.8801974058151245
40,1337,27,-13,kl,79.32,-0.7200000000000131,0.45636337995529175,0.43478643894195557,0.9699360728263855
40,1337,28,-12,kl,77.76,-1.559999999999988,0.6141172647476196,0.5515000224113464,1.1269019842147827
40,1337,29,-11,kl,80.58,2.819999999999993,0.4238216280937195,0.43664491176605225,0.7908167243003845
40,1337,30,-10,kl,79.08,-1.5,0.5240468382835388,0.4884377717971802,0.8512578010559082
40,1337,31,-9,kl,80.26,1.1800000000000068,0.5597951412200928,0.49709755182266235,0.960138201713562
40,1337,32,-8,kl,78.72,-1.5400000000000063,0.30332088470458984,0.4452374279499054,0.866518497467041
40,1337,33,-7,kl,76.74,-1.980000000000004,0.6647961139678955,0.5457801818847656,1.086884617805481
40,1337,34,-6,kl,81.08,4.340000000000003,0.5017625689506531,0.45455050468444824,1.0215654373168945
40,1337,35,-5,kl,80.92,-0.1599999999999966,0.527122974395752,0.47899100184440613,0.9136353135108948
40,1337,36,-4,kl,78.82,-2.1000000000000085,0.34587934613227844,0.42166340351104736,0.8630509972572327
40,1337,37,-3,kl,79.78,0.960000000000008,0.5745583772659302,0.5456469655036926,1.1125423908233643
40,1337,38,-2,kl,80.02,0.23999999999999488,0.5676867365837097,0.5354645252227783,1.1857688426971436
40,1337,39,-1,kl,80.12,0.10000000000000853,0.45205527544021606,0.46785441040992737,0.8439188003540039
40,1337,40,0,kl,79.82,-0.30000000000001137,0.6483868360519409,0.5501430034637451,0.9109307527542114
40,1337,41,1,ce,80.34,0.5200000000000102,0.26463815569877625,0.3647547662258148,1.6388790607452393
40,1337,42,2,kl,80.74,0.3999999999999915,0.3080865740776062,0.42913785576820374,0.827829897403717
40,1337,43,3,kl,79.94,-0.7999999999999972,0.5400621891021729,0.535882830619812,1.0317378044128418
40,1337,44,4,kl,80.94,1.0,0.5730510950088501,0.4934915006160736,0.876179575920105
40,1337,45,5,kl,80.2,-0.7399999999999949,0.5025080442428589,0.4503263235092163,0.9482441544532776
40,1337,46,6,kl,80.32,0.11999999999999034,0.5913388729095459,0.4895789921283722,0.8394973874092102
40,1337,47,7,kl,77.46,-2.8599999999999994,0.6521406769752502,0.5316705703735352,1.0480256080627441
40,1337,48,8,kl,80.52,3.0600000000000023,0.42696523666381836,0.44836875796318054,0.8565267324447632
40,1337,49,9,kl,80.92,0.4000000000000057,0.5220142602920532,0.46790680289268494,1.0068203210830688
40,1337,50,10,kl,80.56,-0.35999999999999943,0.31967851519584656,0.4160413146018982,0.8475158214569092
40,1337,51,11,kl,81.26,0.7000000000000028,0.705665111541748,0.5781911611557007,1.2050049304962158
40,1337,52,12,kl,81.76,0.5,0.5495612621307373,0.5066632032394409,1.0062224864959717
40,1337,53,13,kl,81.14,-0.6200000000000045,0.5272776484489441,0.4652969241142273,0.8010255694389343
40,1337,54,14,kl,80.66,-0.480000000000004,0.5738181471824646,0.47374144196510315,1.0385011434555054
40,1337,55,15,kl,79.98,-0.6799999999999926,0.5209334492683411,0.47422751784324646,0.9164305925369263
40,1337,56,16,kl,81.16,1.1799999999999926,0.5599728226661682,0.4780225455760956,0.9212294220924377
40,1337,57,17,kl,80.08,-1.0799999999999983,0.5513486862182617,0.5092906951904297,0.9518304467201233
40,1337,58,18,kl,81.92,1.8400000000000034,0.27329039573669434,0.4135088324546814,0.8222559690475464
40,1337,59,19,kl,80.72,-1.2000000000000028,0.5847557187080383,0.5288017392158508,0.9765797853469849
40,1337,60,20,kl,81.12,0.4000000000000057,0.4646838307380676,0.4817163944244385,0.9878819584846497
40,1337,61,21,kl,80.64,-0.480000000000004,0.45524418354034424,0.45259734988212585,0.880424439907074
40,1337,62,22,kl,78.02,-2.6200000000000045,0.5565432906150818,0.5620536208152771,1.0038318634033203
40,1337,63,23,kl,81.04,3.0200000000000102,0.5526376962661743,0.5140406489372253,0.8601309657096863
40,1337,64,24,kl,79.26,-1.7800000000000011,0.465975821018219,0.4749111533164978,1.0159043073654175
40,1337,65,25,kl,80.7,1.4399999999999977,0.5298071503639221,0.5067455768585205,1.0900503396987915
40,1337,66,26,kl,81.68,0.980000000000004,0.5554032921791077,0.5194178223609924,1.1491409540176392
40,1337,67,27,kl,81.22,-0.46000000000000796,0.5308879613876343,0.4925694465637207,0.7233975529670715
40,1337,68,28,kl,81.3,0.0799999999999983,0.49052274227142334,0.4944734275341034,0.9019447565078735
40,1337,69,29,kl,81.82,0.519999999999996,0.613923192024231,0.5540288090705872,1.0981260538101196
40,1337,70,30,kl,80.6,-1.2199999999999989,0.5687901973724365,0.5533826351165771,1.1444734334945679
40,1337,71,31,kl,81.76,1.1600000000000108,0.5104033946990967,0.44852161407470703,1.0481916666030884
40,1337,72,32,kl,78.36,-3.4000000000000057,0.580559253692627,0.5267990827560425,1.118158221244812
40,1337,73,33,kl,79.9,1.5400000000000063,0.5383163690567017,0.5384068489074707,0.90266352891922
40,1337,74,34,kl,81.94,2.039999999999992,0.4187777042388916,0.45653876662254333,0.8544394969940186
40,1337,75,35,kl,80.24,-1.7000000000000028,0.6634545922279358,0.5670209527015686,0.9985182881355286
40,1337,76,36,kl,81.78,1.5400000000000063,0.32649657130241394,0.4140215516090393,0.9042655825614929
40,1337,77,37,kl,80.18,-1.5999999999999943,0.4872579574584961,0.5228825211524963,1.0138828754425049
40,1337,78,38,kl,81.14,0.9599999999999937,0.5239521265029907,0.4965224862098694,0.9783216118812561
40,1337,79,39,kl,80.26,-0.8799999999999955,0.5760860443115234,0.539579451084137,1.001792311668396
40,1337,80,40,kl,81.84,1.5799999999999983,0.6120157241821289,0.546388566493988,1.1402066946029663
40,1337,81,41,kl,79.62,-2.219999999999999,0.5187844038009644,0.5517370700836182,1.232039213180542
40,1337,82,42,ce,81.48,1.8599999999999994,0.30070406198501587,0.3615932762622833,1.6579322814941406
40,1337,83,43,kl,78.56,-2.9200000000000017,0.6577982902526855,0.6533709764480591,1.6439228057861328
40,1337,84,44,kl,80.92,2.3599999999999994,0.4851464629173279,0.46066921949386597,0.7037283778190613
40,1337,85,45,kl,79.76,-1.1599999999999966,0.4364834129810333,0.46245506405830383,0.8653045296669006
40,1337,86,46,kl,81.62,1.8599999999999994,0.2930411100387573,0.44318079948425293,0.9459516406059265
40,1337,87,47,kl,80.32,-1.3000000000000114,0.5649152994155884,0.5168258547782898,1.0451198816299438
40,1337,88,48,kl,81.78,1.460000000000008,0.41845113039016724,0.4652901589870453,0.7946235537528992
40,1337,89,49,kl,80.46,-1.3200000000000074,0.44497373700141907,0.48773518204689026,0.806727945804596
40,1337,90,50,kl,80.84,0.38000000000000966,0.45504245162010193,0.48160848021507263,1.083061695098877
40,1337,91,51,kl,81.54,0.7000000000000028,0.4714597761631012,0.46695539355278015,1.0317565202713013
40,1337,92,52,kl,82.0,0.45999999999999375,0.2537105083465576,0.40526363253593445,0.8131453990936279
40,1337,93,53,kl,79.98,-2.019999999999996,0.40507593750953674,0.44390907883644104,0.8244379758834839
40,1337,94,54,kl,80.58,0.5999999999999943,0.4774252772331238,0.4747432768344879,0.7994873523712158
40,1337,95,55,kl,81.94,1.3599999999999994,0.4723719358444214,0.45582497119903564,0.708975076675415
40,1337,96,56,kl,82.14,0.20000000000000284,0.46012231707572937,0.4717947542667389,1.233920693397522
40,1337,97,57,kl,80.5,-1.6400000000000006,0.41423067450523376,0.4478340148925781,0.909864604473114
40,1337,98,58,kl,82.62,2.1200000000000045,0.44945240020751953,0.4535013437271118,0.7223553657531738
40,1337,99,59,kl,81.88,-0.7400000000000091,0.3851804733276367,0.4390833079814911,0.9263326525688171
40,1337,100,60,kl,80.82,-1.0600000000000023,0.30173924565315247,0.42077702283859253,0.881676197052002
40,1337,101,61,kl,81.14,0.3200000000000074,0.5497127771377563,0.4722326695919037,0.7859360575675964
40,1337,102,62,kl,81.8,0.6599999999999966,0.47344398498535156,0.48098066449165344,0.8292185068130493
40,1337,103,63,kl,81.4,-0.3999999999999915,0.4957785904407501,0.4698775112628937,0.932547390460968
40,1337,104,64,kl,80.88,-0.5200000000000102,0.5244962573051453,0.5204227566719055,1.0331918001174927
40,1337,105,65,kl,82.14,1.2600000000000051,0.39873749017715454,0.45861807465553284,0.8657686710357666
40,1337,106,66,kl,74.48,-7.659999999999997,0.7399539947509766,0.6321719884872437,1.443482756614685
40,1337,107,67,kl,80.76,6.280000000000001,0.5687198042869568,0.5006664395332336,0.861791729927063
40,1337,108,68,kl,81.28,0.519999999999996,0.6263635158538818,0.5170402526855469,0.8169546723365784
40,1337,109,69,kl,81.02,-0.2600000000000051,0.45718860626220703,0.43823620676994324,0.8392785787582397
40,1337,110,70,kl,81.78,0.7600000000000051,0.3787199556827545,0.46407783031463623,0.7081038951873779
40,1337,111,71,kl,82.72,0.9399999999999977,0.48256582021713257,0.4688193202018738,1.0077853202819824
40,1337,112,72,kl,80.76,-1.9599999999999937,0.5178945064544678,0.5145134329795837,1.0408416986465454
40,1337,113,73,kl,81.86,1.0999999999999943,0.532257080078125,0.48193347454071045,0.9078927040100098
40,1337,114,74,kl,82.26,0.4000000000000057,0.39959174394607544,0.4408680498600006,0.9623913168907166
40,1337,115,75,kl,81.56,-0.7000000000000028,0.4031463861465454,0.47363391518592834,0.8881834149360657
40,1337,116,76,kl,82.12,0.5600000000000023,0.4864463210105896,0.4841881990432739,0.9212250709533691
40,1337,117,77,kl,80.36,-1.7600000000000051,0.42597833275794983,0.4274255633354187,0.9004568457603455
40,1337,118,78,kl,80.52,0.1599999999999966,0.49836891889572144,0.47471824288368225,0.9683084487915039
40,1337,119,79,kl,81.68,1.1600000000000108,0.48309072852134705,0.48736104369163513,1.0266156196594238
40,1337,120,80,kl,79.92,-1.7600000000000051,0.4442150592803955,0.5015604496002197,1.0660933256149292
40,1337,121,81,kl,81.88,1.9599999999999937,0.5156202912330627,0.5052798986434937,1.1217578649520874
40,1337,122,82,kl,81.36,-0.519999999999996,0.43915581703186035,0.4305618107318878,0.9551001191139221
40,1337,123,83,ce,79.94,-1.4200000000000017,0.39189738035202026,0.3929564654827118,1.7882928848266602
40,1337,124,84,kl,81.42,1.480000000000004,0.2708025574684143,0.43982815742492676,0.9507351517677307
40,1337,125,85,kl,80.46,-0.960000000000008,0.5112773776054382,0.5081105828285217,1.0950137376785278
40,1337,126,86,kl,81.14,0.6800000000000068,0.45922937989234924,0.46970945596694946,0.9110398292541504
40,1337,127,87,kl,80.94,-0.20000000000000284,0.5810109376907349,0.4875439405441284,0.929482102394104
40,1337,128,88,kl,80.68,-0.2599999999999909,0.5428306460380554,0.5561164021492004,1.0754384994506836
40,1337,129,89,kl,81.6,0.9199999999999875,0.40795421600341797,0.4431118965148926,0.7660074830055237
40,1337,130,90,kl,82.16,0.5600000000000023,0.40867623686790466,0.41854724287986755,0.8787145018577576
40,1337,131,91,kl,80.84,-1.3199999999999932,0.5737112760543823,0.4723776578903198,0.9654825329780579
40,1337,132,92,kl,81.74,0.8999999999999915,0.4743167459964752,0.48188287019729614,0.8523542881011963
40,1337,133,93,kl,77.98,-3.759999999999991,0.5280792713165283,0.5485737323760986,0.9564341902732849
40,1337,134,94,kl,76.6,-1.3800000000000097,0.7230490446090698,0.6440281271934509,1.2912129163742065
40,1337,135,95,kl,79.96,3.3599999999999994,0.46944713592529297,0.5063636302947998,1.0250895023345947
40,1337,136,96,kl,80.52,0.5600000000000023,0.643994152545929,0.5214483141899109,0.8886272311210632
40,1337,137,97,kl,81.9,1.3800000000000097,0.44918426871299744,0.47198814153671265,0.8620766401290894
40,1337,138,98,kl,81.96,0.05999999999998806,0.48485153913497925,0.4732389450073242,0.8576667904853821
40,1337,139,99,kl,80.74,-1.2199999999999989,0.704398512840271,0.5834425091743469,1.2794325351715088
40,1337,140,100,kl,82.26,1.5200000000000102,0.41112807393074036,0.47770100831985474,0.9613810777664185
40,1337,141,101,kl,80.72,-1.5400000000000063,0.5264697670936584,0.4861895442008972,0.8877450823783875
40,1337,142,102,kl,79.66,-1.0600000000000023,0.6274594664573669,0.530919075012207,1.157520055770874
40,1337,143,103,kl,82.28,2.6200000000000045,0.5024577379226685,0.5283748507499695,0.8730794191360474
40,1337,144,104,kl,81.2,-1.0799999999999983,0.5012009739875793,0.5071662068367004,1.0363610982894897
40,1337,145,105,kl,82.0,0.7999999999999972,0.3185071349143982,0.4472740590572357,0.6900185346603394
40,1337,146,106,kl,81.12,-0.8799999999999955,0.32565173506736755,0.4041958153247833,0.9336007237434387
40,1337,147,107,kl,80.8,-0.3200000000000074,0.6668925285339355,0.5891205072402954,1.042214274406433
40,1337,148,108,kl,80.76,-0.03999999999999204,0.6205183863639832,0.5335538387298584,0.971929669380188
40,1337,149,109,kl,82.12,1.3599999999999994,0.5780442953109741,0.5174199938774109,0.8326478004455566
40,1337,150,110,kl,81.36,-0.7600000000000051,0.6000217199325562,0.5245808362960815,1.0505900382995605
40,1337,151,111,kl,81.82,0.45999999999999375,0.3915790319442749,0.42243245244026184,0.8060564398765564
40,1337,152,112,kl,81.96,0.14000000000000057,0.40685003995895386,0.4398084580898285,0.8039632439613342
40,1337,153,113,kl,82.44,0.480000000000004,0.4252086579799652,0.4300490617752075,0.8065780401229858
40,1337,154,114,kl,80.42,-2.019999999999996,0.3861103057861328,0.44884344935417175,0.9607016444206238
40,1337,155,115,kl,81.76,1.3400000000000034,0.5086082220077515,0.4935295283794403,0.8191030621528625
40,1337,156,116,kl,81.04,-0.7199999999999989,0.3974851965904236,0.4693625569343567,0.8523120284080505
40,1337,157,117,kl,81.6,0.5599999999999881,0.47678321599960327,0.4556328356266022,0.7527300715446472
40,1337,158,118,kl,80.42,-1.1799999999999926,0.5268146991729736,0.5024195909500122,0.8475934267044067
40,1337,159,119,kl,81.86,1.4399999999999977,0.38503992557525635,0.46097490191459656,0.8897498846054077
40,1337,160,120,kl,81.6,-0.2600000000000051,0.3269347548484802,0.42146289348602295,0.7629806399345398
40,1337,161,121,kl,82.1,0.5,0.5579704642295837,0.5141242742538452,1.0681520700454712
40,1337,162,122,kl,81.06,-1.039999999999992,0.5478225946426392,0.5098419189453125,0.9543408751487732
40,1337,163,123,kl,81.3,0.23999999999999488,0.49889352917671204,0.4942914545536041,0.9037858843803406
40,1337,164,124,ce,81.96,0.6599999999999966,0.26775217056274414,0.36616989970207214,1.6556494235992432
40,1337,165,125,kl,82.0,0.04000000000000625,0.57682865858078,0.49953004717826843,0.872025191783905
40,1337,166,126,kl,80.92,-1.0799999999999983,0.6596899628639221,0.5664383172988892,1.073979377746582
40,1337,167,127,kl,80.12,-0.7999999999999972,0.4703870713710785,0.46811652183532715,0.8783068060874939
40,1337,168,128,kl,81.56,1.4399999999999977,0.44799548387527466,0.490186870098114,1.0223362445831299
40,1337,169,129,kl,81.72,0.1599999999999966,0.5150456428527832,0.5084461569786072,0.8851243257522583
40,1337,170,130,kl,81.62,-0.09999999999999432,0.6385459899902344,0.5331256985664368,1.0782264471054077
40,1337,171,131,kl,80.32,-1.3000000000000114,0.5687571167945862,0.4624212980270386,0.8002779483795166
40,1337,172,132,kl,80.24,-0.0799999999999983,0.45780783891677856,0.47309184074401855,0.8681346774101257
40,1337,173,133,kl,82.52,2.280000000000001,0.4175995886325836,0.4244594871997833,0.739712655544281
40,1337,174,134,kl,82.04,-0.47999999999998977,0.5793575048446655,0.5145525932312012,0.94158935546875
40,1337,175,135,kl,81.08,-0.960000000000008,0.5685450434684753,0.5454719066619873,1.1618326902389526
40,1337,176,136,kl,81.66,0.5799999999999983,0.47716134786605835,0.48186972737312317,0.9228349924087524
40,1337,177,137,kl,82.28,0.6200000000000045,0.35138261318206787,0.43778708577156067,0.9697341918945312
40,1337,178,138,kl,81.5,-0.7800000000000011,0.49456119537353516,0.5047537088394165,0.8904097676277161
40,1337,179,139,kl,80.12,-1.3799999999999955,0.5144436359405518,0.5235703587532043,1.0622905492782593
40,1337,180,140,kl,81.8,1.6799999999999926,0.5559973120689392,0.5031318068504333,1.025680422782898
40,1337,181,141,kl,80.8,-1.0,0.5688058137893677,0.5201074481010437,0.8723210692405701
40,1337,182,142,kl,81.34,0.5400000000000063,0.617660641670227,0.5607184767723083,1.1236226558685303
40,1337,183,143,kl,80.02,-1.3200000000000074,0.46449899673461914,0.5119929909706116,0.8740817308425903
40,1337,184,144,kl,81.06,1.0400000000000063,0.6158574223518372,0.569266676902771,1.0087478160858154
40,1337,185,145,kl,81.22,0.1599999999999966,0.4085283875465393,0.4738331139087677,0.8398972153663635
40,1337,186,146,kl,81.34,0.12000000000000455,0.4807306230068207,0.5066463947296143,0.9923822283744812
40,1337,187,147,kl,82.16,0.8199999999999932,0.5012975931167603,0.4948683977127075,0.841299295425415
40,1337,188,148,kl,82.38,0.21999999999999886,0.45484253764152527,0.469668447971344,0.8260930180549622
40,1337,189,149,kl,81.2,-1.1799999999999926,0.4290315806865692,0.4723723530769348,0.7484999895095825
40,1337,190,150,kl,81.72,0.519999999999996,0.5522451996803284,0.5047720074653625,1.0411432981491089
40,1337,191,151,kl,78.5,-3.219999999999999,0.6646007299423218,0.6344032287597656,1.2592458724975586
40,1337,192,152,kl,80.96,2.4599999999999937,0.5249232649803162,0.5085711479187012,0.8820773959159851
40,1337,193,153,kl,82.12,1.1600000000000108,0.5042435526847839,0.5158225297927856,0.963816225528717
40,1337,194,154,kl,81.94,-0.18000000000000682,0.4494227468967438,0.4664882719516754,0.9268112182617188
40,1337,195,155,kl,81.82,-0.12000000000000455,0.37679046392440796,0.4211798906326294,0.758857250213623
40,1337,196,156,kl,81.76,-0.05999999999998806,0.48214706778526306,0.513465404510498,0.8530849814414978
40,1337,197,157,kl,81.48,-0.28000000000000114,0.3209236264228821,0.45314061641693115,0.6396369338035583
40,1337,198,158,kl,81.42,-0.060000000000002274,0.5043659210205078,0.4986097514629364,0.9817981123924255
40,1337,199,159,kl,80.5,-0.9200000000000017,0.5394501686096191,0.5007134079933167,0.9950765371322632
40,1337,200,160,kl,81.6,1.0999999999999943,0.47422927618026733,0.48112085461616516,0.9429476857185364
40,1337,201,161,kl,79.8,-1.7999999999999972,0.6669093370437622,0.6289814710617065,1.1615879535675049
40,1337,202,162,kl,80.72,0.9200000000000017,0.49144691228866577,0.5114638805389404,0.9848745465278625
40,1337,203,163,kl,80.82,0.09999999999999432,0.5314780473709106,0.5264536142349243,0.992768406867981
40,1337,204,164,kl,82.28,1.460000000000008,0.47636547684669495,0.46264129877090454,0.9878951907157898
40,1337,205,165,ce,81.62,-0.6599999999999966,0.3393781781196594,0.41706523299217224,1.776504635810852
40,1337,206,166,kl,80.86,-0.7600000000000051,0.5090572834014893,0.5124207735061646,0.9922506213188171
40,1337,207,167,kl,81.02,0.1599999999999966,0.34213507175445557,0.4350597858428955,0.7951185703277588
40,1337,208,168,kl,81.44,0.4200000000000017,0.5306509733200073,0.48393166065216064,0.8796053528785706
40,1337,209,169,kl,81.58,0.14000000000000057,0.4517093300819397,0.4820248484611511,0.7854087948799133
40,1337,210,170,kl,80.94,-0.6400000000000006,0.5643397569656372,0.5147778391838074,0.9364259839057922
40,1337,211,171,kl,81.38,0.4399999999999977,0.34029608964920044,0.4440867602825165,0.7375585436820984
40,1337,212,172,kl,82.32,0.9399999999999977,0.37780582904815674,0.47631075978279114,0.7630264163017273
40,1337,213,173,kl,81.24,-1.0799999999999983,0.4181399345397949,0.5057889819145203,1.091065764427185
40,1337,214,174,kl,82.06,0.8200000000000074,0.4445430040359497,0.4595212936401367,0.9650081992149353
40,1337,215,175,kl,80.7,-1.3599999999999994,0.613801121711731,0.5249282121658325,0.9279513955116272
40,1337,216,176,kl,81.5,0.7999999999999972,0.5494719743728638,0.4954328238964081,0.880176305770874
40,1337,217,177,kl,81.74,0.23999999999999488,0.43491131067276,0.4881082773208618,0.932765781879425
40,1337,218,178,kl,82.22,0.480000000000004,0.4908832609653473,0.4980629086494446,1.0325677394866943
40,1337,219,179,kl,80.82,-1.4000000000000057,0.5221191644668579,0.5166791677474976,0.9915457963943481
40,1337,220,180,kl,81.98,1.1600000000000108,0.48042282462120056,0.4978337585926056,1.0644252300262451
40,1337,221,181,kl,81.26,-0.7199999999999989,0.44496485590934753,0.5019397735595703,1.1460529565811157
40,1337,222,182,kl,82.14,0.8799999999999955,0.2583591341972351,0.40743717551231384,0.8255923986434937
40,1337,223,183,kl,80.84,-1.2999999999999972,0.5304698944091797,0.534989058971405,0.8997440934181213
40,1337,224,184,kl,81.0,0.1599999999999966,0.49485325813293457,0.48503345251083374,0.866950273513794
40,1337,225,185,kl,81.26,0.2600000000000051,0.42680150270462036,0.4882456064224243,0.7106971144676208
40,1337,226,186,kl,81.44,0.1799999999999926,0.6064713001251221,0.60166996717453,1.1575433015823364
40,1337,227,187,kl,79.64,-1.7999999999999972,0.27600231766700745,0.4257715046405792,0.7900550365447998
40,1337,228,188,kl,79.64,0.0,0.5392177700996399,0.4893783926963806,0.9244605302810669
40,1337,229,189,kl,81.46,1.8199999999999932,0.5369048118591309,0.5140997171401978,0.8783628344535828
40,1337,230,190,kl,80.84,-0.6199999999999903,0.4560856223106384,0.4900170862674713,0.9574240446090698
40,1337,231,191,kl,80.18,-0.6599999999999966,0.6222475171089172,0.5733739137649536,1.0161476135253906
40,1337,232,192,kl,81.74,1.559999999999988,0.4750058650970459,0.5189580321311951,0.8982628583908081
40,1337,233,193,kl,82.32,0.5799999999999983,0.41257208585739136,0.48487240076065063,0.9142657518386841
40,1337,234,194,kl,81.06,-1.259999999999991,0.6080146431922913,0.525238573551178,0.948824405670166
40,1337,235,195,kl,82.76,1.7000000000000028,0.46110767126083374,0.4596724212169647,0.6703107953071594
40,1337,236,196,kl,82.34,-0.4200000000000017,0.388119637966156,0.4737119674682617,0.9607930779457092
40,1337,237,197,kl,81.6,-0.7400000000000091,0.5307158827781677,0.4991939663887024,0.8979865312576294
40,1337,238,198,kl,82.34,0.7400000000000091,0.6047872304916382,0.5432838797569275,0.9027562141418457
40,1337,239,199,kl,80.92,-1.4200000000000017,0.4515363574028015,0.5120706558227539,0.937155544757843
40,1337,240,200,kl,81.5,0.5799999999999983,0.6380630731582642,0.5703191757202148,0.8089520931243896
40,1337,241,201,kl,82.72,1.2199999999999989,0.5158175826072693,0.523215115070343,0.8012499213218689
40,1337,242,202,kl,81.52,-1.2000000000000028,0.5147193670272827,0.5222486853599548,1.0411806106567383
40,1337,243,203,kl,80.56,-0.9599999999999937,0.510881781578064,0.5084463357925415,0.946068525314331
40,1337,244,204,kl,81.26,0.7000000000000028,0.5166260600090027,0.5495404005050659,1.054416537284851
40,1337,245,205,kl,79.36,-1.9000000000000057,0.5831451416015625,0.5337516069412231,0.9872713685035706
40,1337,246,206,ce,80.88,1.519999999999996,0.35330930352211,0.43677565455436707,1.5797518491744995
40,1337,247,207,kl,80.6,-0.28000000000000114,0.6115102171897888,0.5450303554534912,0.9929056763648987
40,1337,248,208,kl,81.08,0.480000000000004,0.6235659122467041,0.546790361404419,1.036854863166809
40,1337,249,209,kl,82.04,0.960000000000008,0.4500809907913208,0.46441328525543213,0.8736040592193604
40,1337,250,210,kl,81.52,-0.5200000000000102,0.5646306276321411,0.539444088935852,1.1438708305358887
40,1337,251,211,kl,81.16,-0.35999999999999943,0.3912554979324341,0.47234049439430237,0.9258016347885132
40,1337,252,212,kl,82.52,1.3599999999999994,0.4286549687385559,0.46521633863449097,0.8659582138061523
40,1337,253,213,kl,82.32,-0.20000000000000284,0.5011632442474365,0.47644853591918945,0.9237726330757141
40,1337,254,214,kl,81.44,-0.8799999999999955,0.575849175453186,0.5195229053497314,0.8645917177200317
40,1337,255,215,kl,81.8,0.35999999999999943,0.37936630845069885,0.45088139176368713,0.8894840478897095
40,1337,256,216,kl,81.8,0.0,0.4767785370349884,0.4839209318161011,0.9984747171401978
40,1337,257,217,kl,82.78,0.980000000000004,0.5047260522842407,0.5491742491722107,1.0022509098052979
40,1337,258,218,kl,79.78,-3.0,0.4281826913356781,0.4799670875072479,1.0159040689468384
40,1337,259,219,kl,80.96,1.1799999999999926,0.5849252343177795,0.5331395864486694,0.9716607928276062
40,1337,260,220,kl,79.34,-1.6199999999999903,0.6285170316696167,0.5685948133468628,1.2639626264572144
40,1337,261,221,kl,81.56,2.219999999999999,0.5345038771629333,0.47667205333709717,0.9296821355819702
40,1337,262,222,kl,81.44,-0.12000000000000455,0.5514539480209351,0.5383227467536926,0.9165829420089722
40,1337,263,223,kl,82.14,0.7000000000000028,0.46307677030563354,0.4428432583808899,0.9391651153564453
40,1337,264,224,kl,80.74,-1.4000000000000057,0.3210955858230591,0.4519576132297516,0.9885847568511963
40,1337,265,225,kl,82.18,1.440000000000012,0.35571953654289246,0.4401690363883972,0.8810963034629822
40,1337,266,226,kl,82.24,0.05999999999998806,0.61375892162323,0.5271543860435486,1.0337398052215576
40,1337,267,227,kl,81.62,-0.6199999999999903,0.2195524126291275,0.45101815462112427,0.8659763932228088
40,1337,268,228,kl,81.38,-0.2400000000000091,0.5361683368682861,0.5318517088890076,1.2122809886932373
40,1337,269,229,kl,81.4,0.020000000000010232,0.5388596057891846,0.4733026623725891,0.9714969992637634
40,1337,270,230,kl,82.86,1.4599999999999937,0.3936491012573242,0.45298394560813904,0.860713005065918
40,1337,271,231,kl,81.32,-1.5400000000000063,0.4169362783432007,0.5044377446174622,0.9359497427940369
40,1337,272,232,kl,81.02,-0.29999999999999716,0.5755409598350525,0.5025408864021301,0.906619668006897
40,1337,273,233,kl,80.98,-0.03999999999999204,0.4538629651069641,0.49020707607269287,0.8844701051712036
40,1337,274,234,kl,80.8,-0.18000000000000682,0.5439295172691345,0.5404064059257507,0.7473418116569519
40,1337,275,235,kl,79.02,-1.7800000000000011,0.6758344173431396,0.6146814823150635,1.3730356693267822
40,1337,276,236,kl,80.76,1.740000000000009,0.7122613191604614,0.669542133808136,1.3221122026443481
40,1337,277,237,kl,81.98,1.2199999999999989,0.5180169343948364,0.4968233108520508,0.7918764352798462
40,1337,278,238,kl,82.08,0.09999999999999432,0.32245177030563354,0.43492063879966736,1.0045543909072876
40,1337,279,239,kl,81.7,-0.37999999999999545,0.5101513266563416,0.4747684895992279,0.9013015627861023
40,1337,280,240,kl,81.64,-0.060000000000002274,0.5643522143363953,0.5360044240951538,1.0682309865951538
40,1337,281,241,kl,82.22,0.5799999999999983,0.6252644062042236,0.5181037187576294,1.1552964448928833
40,1337,282,242,kl,81.56,-0.6599999999999966,0.44996315240859985,0.471730500459671,0.9275964498519897
40,1337,283,243,kl,82.22,0.6599999999999966,0.3188965320587158,0.43623968958854675,0.8509197235107422
40,1337,284,244,kl,81.96,-0.2600000000000051,0.4548720419406891,0.4752679765224457,0.9055278897285461
40,1337,285,245,kl,80.54,-1.4199999999999875,0.6455057263374329,0.5539050698280334,0.8702499866485596
40,1337,286,246,kl,80.48,-0.060000000000002274,0.4874540865421295,0.5261644721031189,0.9588351249694824
40,1337,287,247,ce,80.66,0.1799999999999926,0.3356805145740509,0.39823636412620544,1.8915127515792847
40,1337,288,248,kl,80.86,0.20000000000000284,0.5755240321159363,0.541451096534729,0.9882146716117859
40,1337,289,249,kl,80.98,0.12000000000000455,0.5816465616226196,0.544987142086029,1.0743420124053955
40,1337,290,250,kl,81.48,0.5,0.38207346200942993,0.4628640115261078,0.9191796779632568
40,1337,291,251,kl,82.4,0.9200000000000017,0.26873427629470825,0.3964043855667114,1.0432907342910767
40,1337,292,252,kl,79.64,-2.760000000000005,0.3267073631286621,0.4433285892009735,0.9808040261268616
40,1337,293,253,kl,81.42,1.7800000000000011,0.4416309595108032,0.44018876552581787,0.9615581631660461
40,1337,294,254,kl,80.62,-0.7999999999999972,0.3258676826953888,0.4379308819770813,0.8398705124855042
40,1337,295,255,kl,81.46,0.8399999999999892,0.30488312244415283,0.4095849096775055,0.9068132042884827
40,1337,296,256,kl,80.7,-0.7599999999999909,0.4073689579963684,0.44479504227638245,0.7393532991409302
40,1337,297,257,kl,81.98,1.2800000000000011,0.45348942279815674,0.4907863438129425,0.8565586805343628
40,1337,298,258,kl,80.9,-1.0799999999999983,0.5209609270095825,0.5106015205383301,0.9581732153892517
40,1337,299,259,kl,79.64,-1.2600000000000051,0.6663854122161865,0.586706280708313,1.23280930519104
40,1337,300,260,kl,81.26,1.6200000000000045,0.39438000321388245,0.5073665380477905,0.8948478698730469
40,1337,301,261,kl,81.76,0.5,0.5428460836410522,0.5143141746520996,0.8406118154525757
40,1337,302,262,kl,80.74,-1.0200000000000102,0.5778045058250427,0.5281746983528137,0.8826659321784973
40,1337,303,263,kl,82.88,2.1400000000000006,0.44391512870788574,0.46053624153137207,0.802068829536438
40,1337,304,264,kl,82.34,-0.539999999999992,0.3679220974445343,0.43919607996940613,0.6955442428588867
40,1337,305,265,kl,80.6,-1.740000000000009,0.3945287764072418,0.4739387333393097,0.9550233483314514
40,1337,306,266,kl,81.92,1.3200000000000074,0.3490772247314453,0.4475964903831482,0.8570863008499146
40,1337,307,267,kl,81.68,-0.23999999999999488,0.5795910954475403,0.5275790095329285,0.824849545955658
40,1337,308,268,kl,80.58,-1.1000000000000085,0.3446950614452362,0.43255239725112915,0.786579430103302
40,1337,309,269,kl,82.74,2.1599999999999966,0.30945199728012085,0.4264804720878601,0.994722306728363
40,1337,310,270,kl,81.24,-1.5,0.3453153669834137,0.4574105441570282,1.0954127311706543
40,1337,311,271,kl,80.14,-1.0999999999999943,0.616796612739563,0.5234847068786621,0.8344579935073853
40,1337,312,272,kl,82.34,2.200000000000003,0.46449553966522217,0.4614553451538086,0.8548263311386108
40,1337,313,273,kl,80.06,-2.280000000000001,0.37007614970207214,0.4629286229610443,0.9953542351722717
40,1337,314,274,kl,80.88,0.8199999999999932,0.3447107672691345,0.4528582692146301,0.8788049817085266
40,1337,315,275,kl,82.16,1.2800000000000011,0.49348506331443787,0.49680352210998535,0.8525095582008362
40,1337,316,276,kl,80.7,-1.4599999999999937,0.6389849185943604,0.5888438820838928,1.0989210605621338
40,1337,317,277,kl,81.76,1.0600000000000023,0.4569694995880127,0.4574021100997925,0.7541105151176453
40,1337,318,278,kl,81.0,-0.7600000000000051,0.40141811966896057,0.4667210578918457,0.8403007388114929
40,1337,319,279,kl,81.66,0.6599999999999966,0.5123710036277771,0.5244856476783752,1.008095145225525
40,1337,320,280,kl,79.24,-2.4200000000000017,0.6806089282035828,0.5935863256454468,1.0818225145339966
40,1337,321,281,kl,82.16,2.9200000000000017,0.4669378399848938,0.45253461599349976,1.0702694654464722
40,1337,322,282,kl,80.44,-1.7199999999999989,0.4436207115650177,0.4900311827659607,1.120086908340454
40,1337,323,283,kl,81.72,1.2800000000000011,0.5015610456466675,0.5060808658599854,0.9109307527542114
40,1337,324,284,kl,82.46,0.7399999999999949,0.5842362642288208,0.5636918544769287,1.0751793384552002
40,1337,325,285,kl,81.56,-0.8999999999999915,0.6404412984848022,0.5398720502853394,1.1854134798049927
40,1337,326,286,kl,81.64,0.0799999999999983,0.4489738345146179,0.4683159291744232,0.8669117093086243
40,1337,327,287,kl,80.54,-1.0999999999999943,0.5055491924285889,0.5248922109603882,0.9590511322021484
40,1337,328,288,ce,81.46,0.9199999999999875,0.396485835313797,0.3818921744823456,1.8515167236328125
40,1337,329,289,kl,82.06,0.6000000000000085,0.442383348941803,0.47166708111763,0.7215038537979126
40,1337,330,290,kl,83.16,1.0999999999999943,0.38543152809143066,0.4332634210586548,0.7329844236373901
40,1337,331,291,kl,81.24,-1.9200000000000017,0.5412702560424805,0.4916194677352905,0.899319589138031
40,1337,332,292,kl,81.44,0.20000000000000284,0.3496687114238739,0.39287233352661133,0.8402163982391357
40,1337,333,293,kl,82.64,1.2000000000000028,0.24395029246807098,0.4404352009296417,0.9022815823554993
40,1337,334,294,kl,83.2,0.5600000000000023,0.36176586151123047,0.4389089345932007,0.9091874957084656
40,1337,335,295,kl,82.38,-0.8200000000000074,0.4198160469532013,0.4667782783508301,0.954364001750946
40,1337,336,296,kl,81.76,-0.6199999999999903,0.44997844099998474,0.45257091522216797,0.8462305665016174
40,1337,337,297,kl,81.5,-0.2600000000000051,0.311795175075531,0.4410119652748108,0.8124172687530518
40,1337,338,298,kl,80.9,-0.5999999999999943,0.6360783576965332,0.5643526911735535,1.1179935932159424
40,1337,339,299,kl,81.08,0.1799999999999926,0.3782052993774414,0.45653676986694336,0.877677857875824
40,1337,340,300,kl,81.82,0.7399999999999949,0.5922995209693909,0.5324798822402954,1.061110258102417
40,1337,341,301,kl,81.78,-0.03999999999999204,0.3665602207183838,0.47161200642585754,0.7551824450492859
40,1337,342,302,kl,81.38,-0.4000000000000057,0.5648877024650574,0.5267348289489746,0.8328763842582703
40,1337,343,303,kl,82.26,0.8800000000000097,0.2703773081302643,0.417849600315094,0.9218508005142212
40,1337,344,304,kl,81.26,-1.0,0.5468761920928955,0.5205813050270081,0.9561141729354858
40,1337,345,305,kl,82.04,0.7800000000000011,0.555931031703949,0.505272388458252,1.0042389631271362
40,1337,346,306,kl,81.84,-0.20000000000000284,0.3747936487197876,0.44484221935272217,0.9167162179946899
40,1337,347,307,kl,80.82,-1.0200000000000102,0.5941430330276489,0.5308389663696289,1.1578257083892822
40,1337,348,308,kl,82.36,1.5400000000000063,0.3695458471775055,0.4548957347869873,0.8547794222831726
40,1337,349,309,kl,82.26,-0.09999999999999432,0.6110618114471436,0.5345665216445923,1.1017965078353882
40,1337,350,310,kl,81.58,-0.6800000000000068,0.43078532814979553,0.4612927734851837,0.7516846656799316
40,1337,351,311,kl,81.14,-0.4399999999999977,0.4874778687953949,0.5021622180938721,0.9713405966758728
40,1337,352,312,kl,81.84,0.7000000000000028,0.4447488784790039,0.49386823177337646,0.7539758086204529
40,1337,353,313,kl,80.86,-0.980000000000004,0.3198429346084595,0.41364482045173645,0.9365145564079285
40,1337,354,314,kl,81.54,0.6800000000000068,0.6165304183959961,0.5376005172729492,0.820513904094696
40,1337,355,315,kl,81.88,0.3399999999999892,0.4659760296344757,0.47834500670433044,1.0115039348602295
40,1337,356,316,kl,76.54,-5.339999999999989,0.6517382860183716,0.6675503253936768,1.2514978647232056
40,1337,357,317,kl,82.4,5.859999999999999,0.41696426272392273,0.4653281271457672,0.7378474473953247
40,1337,358,318,kl,81.66,-0.7400000000000091,0.42919111251831055,0.4807020127773285,0.7485878467559814
40,1337,359,319,kl,80.94,-0.7199999999999989,0.4236080050468445,0.4796927273273468,1.0302027463912964
40,1337,360,320,kl,82.12,1.1800000000000068,0.3057705760002136,0.4448004961013794,0.8681270480155945
40,1337,361,321,kl,80.58,-1.5400000000000063,0.46236270666122437,0.4660564064979553,0.8567361831665039
40,1337,362,322,kl,81.2,0.6200000000000045,0.3812944293022156,0.4865564703941345,0.8410236835479736
40,1337,363,323,kl,81.4,0.20000000000000284,0.34927845001220703,0.4398933947086334,0.8393391966819763
40,1337,364,324,kl,80.42,-0.980000000000004,0.44962891936302185,0.5229944586753845,0.7481697797775269
40,1337,365,325,kl,81.94,1.519999999999996,0.4817087948322296,0.5023053884506226,1.051415205001831
40,1337,366,326,kl,80.12,-1.8199999999999932,0.5540207624435425,0.5171482563018799,0.7706286907196045
40,1337,367,327,kl,81.88,1.759999999999991,0.49195408821105957,0.4850151836872101,0.7361409664154053
40,1337,368,328,kl,81.5,-0.37999999999999545,0.48050040006637573,0.5301861763000488,1.015113353729248
40,1337,369,329,ce,80.14,-1.3599999999999994,0.33030152320861816,0.420407235622406,1.6786080598831177
40,1337,370,330,kl,81.52,1.3799999999999955,0.4284510314464569,0.49112167954444885,0.8825151920318604
40,1337,371,331,kl,79.86,-1.6599999999999966,0.44282394647598267,0.523775577545166,0.9941098690032959
40,1337,372,332,kl,80.78,0.9200000000000017,0.5653672218322754,0.5417184233665466,1.0293614864349365
40,1337,373,333,kl,82.54,1.7600000000000051,0.5018917918205261,0.4751100242137909,0.910751461982727
40,1337,374,334,kl,81.94,-0.6000000000000085,0.31546854972839355,0.4425599277019501,1.0718623399734497
40,1337,375,335,kl,80.82,-1.1200000000000045,0.5223600268363953,0.4980839490890503,0.8462266325950623
40,1337,376,336,kl,81.58,0.7600000000000051,0.5542227625846863,0.5547398924827576,0.9121128916740417
40,1337,377,337,kl,82.84,1.2600000000000051,0.39955461025238037,0.4939710795879364,0.98504239320755
40,1337,378,338,kl,82.44,-0.4000000000000057,0.5281124114990234,0.5242621302604675,1.0690460205078125
40,1337,379,339,kl,82.76,0.3200000000000074,0.36384814977645874,0.43951764702796936,0.6902854442596436
40,1337,380,340,kl,81.26,-1.5,0.3560284972190857,0.4543655514717102,0.9889354705810547
40,1337,381,341,kl,81.98,0.7199999999999989,0.5201719999313354,0.5008669495582581,0.8180984854698181
40,1337,382,342,kl,79.6,-2.3800000000000097,0.5297211408615112,0.5360240340232849,0.8495303392410278
40,1337,383,343,kl,81.9,2.3000000000000114,0.4323536157608032,0.48419132828712463,0.7220495343208313
40,1337,384,344,kl,81.0,-0.9000000000000057,0.4214462637901306,0.45201677083969116,1.1771290302276611
40,1337,385,345,kl,81.7,0.7000000000000028,0.4561256170272827,0.47654062509536743,0.808414876461029
40,1337,386,346,kl,81.7,0.0,0.620058000087738,0.5766453146934509,1.0817009210586548
40,1337,387,347,kl,81.96,0.2599999999999909,0.535362720489502,0.5123959183692932,1.0221501588821411
40,1337,388,348,kl,82.2,0.2400000000000091,0.6354050040245056,0.575069785118103,1.0313204526901245
40,1337,389,349,kl,83.12,0.9200000000000017,0.4636796712875366,0.5329654812812805,0.8551530241966248
40,1337,390,350,kl,81.12,-2.0,0.4609256982803345,0.5081589818000793,1.0127077102661133
40,1337,391,351,kl,80.82,-0.30000000000001137,0.6437011361122131,0.5842252969741821,0.9230660796165466
40,1337,392,352,kl,80.62,-0.19999999999998863,0.49321413040161133,0.50221848487854,1.0036922693252563
40,1337,393,353,kl,81.06,0.4399999999999977,0.5451963543891907,0.5228778123855591,1.0451395511627197
40,1337,394,354,kl,81.14,0.0799999999999983,0.45979878306388855,0.47821298241615295,0.8526340126991272
40,1337,395,355,kl,82.64,1.5,0.3780346214771271,0.45465782284736633,0.7924340963363647
40,1337,396,356,kl,81.44,-1.2000000000000028,0.5815746188163757,0.5404760241508484,0.9742485880851746
40,1337,397,357,kl,81.72,0.28000000000000114,0.5893792510032654,0.565492570400238,1.0420798063278198
40,1337,398,358,kl,81.88,0.1599999999999966,0.5841900110244751,0.5254451036453247,0.8926280736923218
40,1337,399,359,kl,81.52,-0.35999999999999943,0.5623677968978882,0.5238088965415955,0.9609134197235107
40,1337,400,360,kl,82.3,0.7800000000000011,0.5410372018814087,0.48926007747650146,0.9857549071311951
40,1337,401,361,kl,81.56,-0.7399999999999949,0.45836806297302246,0.45292234420776367,0.8079228401184082
40,1337,402,362,kl,79.12,-2.4399999999999977,0.6306806206703186,0.5745202898979187,1.1320029497146606
40,1337,403,363,kl,81.92,2.799999999999997,0.45221877098083496,0.45946013927459717,0.910247802734375
40,1337,404,364,kl,80.92,-1.0,0.45543789863586426,0.5169761180877686,0.891460657119751
40,1337,405,365,kl,82.3,1.3799999999999955,0.3711960017681122,0.4936027228832245,0.9207557439804077
40,1337,406,366,kl,81.48,-0.8199999999999932,0.5030116438865662,0.5166090130805969,0.9855908751487732
40,1337,407,367,kl,82.14,0.6599999999999966,0.4441375732421875,0.4706273376941681,0.8481951951980591
40,1337,408,368,kl,81.08,-1.0600000000000023,0.5005321502685547,0.5085772275924683,0.9513778686523438
40,1337,409,369,kl,83.12,2.0400000000000063,0.20616097748279572,0.417927086353302,0.9207865595817566
40,1337,410,370,ce,80.04,-3.0799999999999983,0.2952350974082947,0.454465389251709,1.7323627471923828
40,1337,411,371,kl,81.28,1.2399999999999949,0.4185134172439575,0.4716868996620178,0.9559606313705444
40,1337,412,372,kl,80.58,-0.7000000000000028,0.4511491358280182,0.4822258949279785,0.9429875612258911
40,1337,413,373,kl,82.0,1.4200000000000017,0.4633685350418091,0.4886671006679535,0.9459376335144043
40,1337,414,374,kl,82.3,0.29999999999999716,0.5231397151947021,0.4885702431201935,0.9467662572860718
40,1337,415,375,kl,82.38,0.0799999999999983,0.5231163501739502,0.5011085271835327,0.8776984214782715
40,1337,416,376,kl,82.64,0.2600000000000051,0.4788561463356018,0.47716251015663147,1.04225754737854
40,1337,417,377,kl,82.52,-0.12000000000000455,0.43710488080978394,0.46066662669181824,1.0979894399642944
40,1337,418,378,kl,81.74,-0.7800000000000011,0.3411572575569153,0.433408260345459,0.8662614226341248
40,1337,419,379,kl,80.4,-1.3399999999999892,0.3933994770050049,0.4562033712863922,0.9549546241760254
40,1337,420,380,kl,82.4,2.0,0.4545847773551941,0.4720911979675293,1.0678620338439941
40,1337,421,381,kl,80.18,-2.219999999999999,0.6011711359024048,0.5261907577514648,1.0230717658996582
40,1337,422,382,kl,81.7,1.519999999999996,0.5634540319442749,0.5694171786308289,0.7619608044624329
40,1337,423,383,kl,81.14,-0.5600000000000023,0.5149960517883301,0.5177493691444397,1.0272763967514038
40,1337,424,384,kl,81.64,0.5,0.5335797071456909,0.5292215347290039,0.9440918564796448
40,1337,425,385,kl,81.86,0.21999999999999886,0.5108397603034973,0.49005892872810364,0.802725613117218
40,1337,426,386,kl,82.78,0.9200000000000017,0.5004472136497498,0.4997634291648865,0.8882744312286377
40,1337,427,387,kl,81.12,-1.6599999999999966,0.43791091442108154,0.4563129246234894,0.9464488625526428
40,1337,428,388,kl,82.32,1.1999999999999886,0.3746550977230072,0.44138646125793457,0.9484140276908875
40,1337,429,389,kl,82.22,-0.09999999999999432,0.4592919647693634,0.4714142680168152,1.0906686782836914
40,1337,430,390,kl,81.56,-0.6599999999999966,0.4362824559211731,0.46567776799201965,0.946575403213501
40,1337,431,391,kl,82.48,0.9200000000000017,0.393513023853302,0.4394087493419647,0.8805177211761475
40,1337,432,392,kl,80.34,-2.1400000000000006,0.5948876142501831,0.5479297041893005,1.0503935813903809
40,1337,433,393,kl,81.94,1.5999999999999943,0.5263642072677612,0.5306086540222168,1.0049699544906616
40,1337,434,394,kl,82.12,0.18000000000000682,0.3579942286014557,0.44762760400772095,0.9537107944488525
40,1337,435,395,kl,80.68,-1.4399999999999977,0.4007532298564911,0.49716517329216003,1.021531343460083
40,1337,436,396,kl,81.9,1.2199999999999989,0.6066577434539795,0.5770954489707947,0.981539785861969
40,1337,437,397,kl,82.3,0.3999999999999915,0.5288093090057373,0.5077798962593079,0.9529643058776855
40,1337,438,398,kl,81.48,-0.8199999999999932,0.5754678845405579,0.5756292939186096,1.168936848640442
40,1337,439,399,kl,81.7,0.21999999999999886,0.34454545378685,0.47005003690719604,0.844370424747467
40,1337,440,400,kl,81.1,-0.6000000000000085,0.43135374784469604,0.44588473439216614,1.0847331285476685
40,1337,441,401,kl,80.06,-1.039999999999992,0.39853334426879883,0.47487449645996094,0.7119417190551758
40,1337,442,402,kl,81.0,0.9399999999999977,0.49682343006134033,0.5243637561798096,0.8736798167228699
40,1337,443,403,kl,83.32,2.319999999999993,0.4477965235710144,0.4626063406467438,0.8476563692092896
40,1337,444,404,kl,81.14,-2.1799999999999926,0.2756078839302063,0.3994508385658264,0.9131664037704468
40,1337,445,405,kl,82.28,1.1400000000000006,0.5082353353500366,0.4674175977706909,1.1168853044509888
40,1337,446,406,kl,81.48,-0.7999999999999972,0.534152090549469,0.5075997710227966,0.7327221035957336
40,1337,447,407,kl,82.58,1.0999999999999943,0.47562023997306824,0.4630770683288574,0.7436671853065491
40,1337,448,408,kl,81.92,-0.6599999999999966,0.4881832003593445,0.4602045714855194,0.7841543555259705
40,1337,449,409,kl,81.56,-0.35999999999999943,0.6117905378341675,0.5598228573799133,1.1865266561508179
40,1337,450,410,kl,82.14,0.5799999999999983,0.3257670998573303,0.4349159002304077,0.8795721530914307
40,1337,451,411,ce,80.46,-1.6800000000000068,0.37098798155784607,0.45110613107681274,1.7059714794158936
40,1337,452,412,kl,79.64,-0.8199999999999932,0.5097942352294922,0.4757086932659149,1.2237433195114136
40,1337,453,413,kl,81.98,2.3400000000000034,0.4860733449459076,0.47370749711990356,0.866503894329071
40,1337,454,414,kl,81.36,-0.6200000000000045,0.5942586064338684,0.5302460193634033,0.9434358477592468
40,1337,455,415,kl,82.76,1.4000000000000057,0.32362285256385803,0.39467132091522217,0.8451314568519592
40,1337,456,416,kl,81.9,-0.8599999999999994,0.13992446660995483,0.40390169620513916,0.9421753883361816
40,1337,457,417,kl,81.16,-0.7400000000000091,0.40421023964881897,0.5106320381164551,0.847044050693512
40,1337,458,418,kl,81.28,0.12000000000000455,0.4457330107688904,0.46032705903053284,1.0327513217926025
40,1337,459,419,kl,81.42,0.14000000000000057,0.34596824645996094,0.4288555979728699,0.7251719832420349
40,1337,460,420,kl,80.84,-0.5799999999999983,0.5388203859329224,0.5278865098953247,0.8716821670532227
40,1337,461,421,kl,81.34,0.5,0.6055407524108887,0.5425483584403992,0.9336664080619812
40,1337,462,422,kl,81.06,-0.28000000000000114,0.5388094186782837,0.5338078737258911,0.7671383619308472
40,1337,463,423,kl,81.82,0.7599999999999909,0.3407139182090759,0.4710814654827118,0.9755329489707947
40,1337,464,424,kl,78.26,-3.559999999999988,0.6331030130386353,0.5663660764694214,1.377293586730957
40,1337,465,425,kl,82.2,3.9399999999999977,0.49222972989082336,0.49605920910835266,0.6935176849365234
40,1337,466,426,kl,81.56,-0.6400000000000006,0.6562018394470215,0.5976603627204895,1.1060599088668823
40,1337,467,427,kl,82.22,0.6599999999999966,0.4377437233924866,0.4610236883163452,1.149285912513733
40,1337,468,428,kl,80.84,-1.3799999999999955,0.44907310605049133,0.5148167014122009,0.8315147161483765
40,1337,469,429,kl,81.4,0.5600000000000023,0.41969066858291626,0.48593711853027344,1.0126792192459106
40,1337,470,430,kl,81.16,-0.2400000000000091,0.19106054306030273,0.43838223814964294,0.9300507307052612
40,1337,471,431,kl,81.26,0.10000000000000853,0.5682308077812195,0.5052018761634827,1.148689866065979
40,1337,472,432,kl,81.86,0.5999999999999943,0.5953683853149414,0.5792550444602966,0.9514944553375244
40,1337,473,433,kl,80.22,-1.6400000000000006,0.4114150404930115,0.48150360584259033,0.9768478274345398
40,1337,474,434,kl,82.22,2.0,0.38381561636924744,0.44686761498451233,0.8547800779342651
40,1337,475,435,kl,82.64,0.4200000000000017,0.4218195378780365,0.43859216570854187,0.9049139618873596
40,1337,476,436,kl,81.54,-1.0999999999999943,0.5503273010253906,0.507732629776001,0.9343530535697937
40,1337,477,437,kl,81.14,-0.4000000000000057,0.6087232828140259,0.5655303001403809,1.0997713804244995
40,1337,478,438,kl,81.88,0.7399999999999949,0.3925160765647888,0.502924382686615,1.0405452251434326
40,1337,479,439,kl,81.28,-0.5999999999999943,0.5091569423675537,0.5058074593544006,1.0041836500167847
40,1337,480,440,kl,80.22,-1.0600000000000023,0.5304554104804993,0.491610050201416,0.9682486653327942
40,1337,481,441,kl,82.04,1.8200000000000074,0.3519272804260254,0.4344172179698944,0.781850278377533
40,1337,482,442,kl,81.76,-0.28000000000000114,0.42919406294822693,0.5004531145095825,0.8971119523048401
40,1337,483,443,kl,81.14,-0.6200000000000045,0.3644254207611084,0.45342540740966797,0.7485995888710022
40,1337,484,444,kl,82.08,0.9399999999999977,0.3590811491012573,0.46720755100250244,0.8964555859565735
40,1337,485,445,kl,81.08,-1.0,0.3572502136230469,0.48061177134513855,0.8906972408294678
40,1337,486,446,kl,82.4,1.3200000000000074,0.39294523000717163,0.44531166553497314,0.6199257373809814
40,1337,487,447,kl,80.46,-1.940000000000012,0.47285330295562744,0.48346248269081116,0.7609480619430542
40,1337,488,448,kl,82.24,1.7800000000000011,0.4431571364402771,0.47881338000297546,0.8387749791145325
40,1337,489,449,kl,81.72,-0.519999999999996,0.3957764506340027,0.48535391688346863,0.8961064219474792
40,1337,490,450,kl,81.58,-0.14000000000000057,0.5471787452697754,0.4779442548751831,0.8676357269287109
40,1337,491,451,kl,80.4,-1.1799999999999926,0.5850765705108643,0.525466799736023,0.7659028768539429
40,1337,492,452,ce,80.54,0.14000000000000057,0.33229950070381165,0.41310128569602966,1.9024217128753662
40,1337,493,453,kl,80.64,0.09999999999999432,0.4667775630950928,0.49681559205055237,0.8403335809707642
40,1337,494,454,kl,81.0,0.35999999999999943,0.5688791275024414,0.5790396332740784,0.8912031054496765
40,1337,495,455,kl,80.42,-0.5799999999999983,0.7135083675384521,0.6255182027816772,1.117913007736206
40,1337,496,456,kl,81.04,0.6200000000000045,0.45987221598625183,0.5044190883636475,0.8116338849067688
40,1337,497,457,kl,81.76,0.7199999999999989,0.5167510509490967,0.5511051416397095,0.9608518481254578
40,1337,498,458,kl,82.56,0.7999999999999972,0.45584702491760254,0.45887520909309387,0.8884211778640747
40,1337,499,459,kl,81.78,-0.7800000000000011,0.45687830448150635,0.4849327802658081,0.9629823565483093
40,1337,500,460,kl,82.38,0.5999999999999943,0.5412263870239258,0.5142756104469299,1.0078935623168945
40,1337,501,461,kl,80.82,-1.5600000000000023,0.6303675770759583,0.5401446223258972,1.008591890335083
40,1337,502,462,kl,81.78,0.960000000000008,0.3474586009979248,0.42699047923088074,0.8422942161560059
40,1337,503,463,kl,82.08,0.29999999999999716,0.5566717386245728,0.48311886191368103,0.9468280673027039
40,1337,504,464,kl,83.82,1.7399999999999949,0.46839192509651184,0.4925122559070587,1.0393340587615967
40,1337,505,465,kl,83.24,-0.5799999999999983,0.5549365282058716,0.5209085941314697,1.074676752090454
40,1337,506,466,kl,82.22,-1.019999999999996,0.29484719038009644,0.49547675251960754,1.0384019613265991
40,1337,507,467,kl,82.76,0.5400000000000063,0.35567623376846313,0.4437520205974579,0.8650315999984741
40,1337,508,468,kl,80.76,-2.0,0.4027981162071228,0.45366737246513367,1.0525333881378174
40,1337,509,469,kl,82.22,1.4599999999999937,0.37917372584342957,0.47346195578575134,0.9977826476097107
40,1337,510,470,kl,81.3,-0.9200000000000017,0.33972224593162537,0.497798889875412,0.8844228982925415
40,1337,511,471,kl,81.96,0.6599999999999966,0.41729551553726196,0.4657471776008606,1.150794506072998
40,1337,512,472,kl,79.64,-2.319999999999993,0.469681978225708,0.5105975866317749,0.9643076062202454
40,1337,513,473,kl,83.12,3.480000000000004,0.4868549108505249,0.4898834824562073,1.0276950597763062
40,1337,514,474,kl,80.78,-2.3400000000000034,0.5574955940246582,0.5590109825134277,0.8995411992073059
40,1337,515,475,kl,83.34,2.5600000000000023,0.2552805244922638,0.4222879409790039,0.6821555495262146
40,1337,516,476,kl,80.58,-2.760000000000005,0.6664943099021912,0.6072509288787842,0.9700946807861328
40,1337,517,477,kl,82.46,1.8799999999999955,0.4253334403038025,0.4770512878894806,0.9235324263572693
40,1337,518,478,kl,82.4,-0.05999999999998806,0.4098703861236572,0.4899555444717407,0.9462072253227234
40,1337,519,479,kl,82.36,-0.04000000000000625,0.23876065015792847,0.4307364821434021,0.90431809425354
40,1337,520,480,kl,82.1,-0.2600000000000051,0.3623644709587097,0.46570518612861633,0.6875460147857666
40,1337,521,481,kl,80.72,-1.3799999999999955,0.5584337711334229,0.5786607265472412,1.0546859502792358
40,1337,522,482,kl,81.06,0.3400000000000034,0.6033272743225098,0.533551037311554,0.8595510721206665
40,1337,523,483,kl,81.7,0.6400000000000006,0.5414096713066101,0.5444614291191101,1.370289921760559
40,1337,524,484,kl,80.32,-1.3800000000000097,0.4203542172908783,0.44206586480140686,0.9809846878051758
40,1337,525,485,kl,82.26,1.940000000000012,0.33927255868911743,0.44783875346183777,0.6771937012672424
40,1337,526,486,kl,81.28,-0.980000000000004,0.4277358651161194,0.5063329339027405,0.9794262647628784
40,1337,527,487,kl,80.7,-0.5799999999999983,0.6440889239311218,0.5905616879463196,1.0831166505813599
40,1337,528,488,kl,81.7,1.0,0.4918631911277771,0.5035514235496521,0.9943856596946716
40,1337,529,489,kl,81.28,-0.4200000000000017,0.560870885848999,0.5307772159576416,1.022060751914978
40,1337,530,490,kl,81.62,0.3400000000000034,0.5814430117607117,0.5221957564353943,0.9556480050086975
40,1337,531,491,kl,81.86,0.23999999999999488,0.4572608470916748,0.5100393891334534,0.9594626426696777
40,1337,532,492,kl,80.0,-1.8599999999999994,0.43816259503364563,0.4552813470363617,1.0854336023330688
40,1337,533,493,ce,82.2,2.200000000000003,0.28990551829338074,0.39652305841445923,1.8037092685699463
40,1337,534,494,kl,79.24,-2.960000000000008,0.3062073290348053,0.4355615973472595,1.0336145162582397
40,1337,535,495,kl,80.86,1.6200000000000045,0.5806525945663452,0.5616006255149841,1.044568657875061
40,1337,536,496,kl,82.36,1.5,0.2852274477481842,0.4491833448410034,0.805046021938324
40,1337,537,497,kl,83.28,0.9200000000000017,0.33519652485847473,0.43614667654037476,0.8824342489242554
40,1337,538,498,kl,81.18,-2.0999999999999943,0.5960725545883179,0.5526964664459229,1.0630824565887451
40,1337,539,499,kl,83.28,2.0999999999999943,0.41881269216537476,0.46613162755966187,0.835702121257782
40,1337,540,500,kl,82.38,-0.9000000000000057,0.24400901794433594,0.429325670003891,0.8796746730804443
40,1337,541,501,kl,82.9,0.5200000000000102,0.4289422631263733,0.4687836170196533,0.8962590098381042
40,1337,542,502,kl,81.9,-1.0,0.3405151963233948,0.4639829397201538,0.8961155414581299
40,1337,543,503,kl,81.28,-0.6200000000000045,0.477739155292511,0.499977171421051,1.0142602920532227
40,1337,544,504,kl,80.78,-0.5,0.7033118009567261,0.5847243666648865,1.3917386531829834
40,1337,545,505,kl,81.2,0.4200000000000017,0.3809944689273834,0.45978373289108276,0.7607772946357727
40,1337,546,506,kl,82.82,1.6199999999999903,0.6464458107948303,0.5709168314933777,1.1425862312316895
40,1337,547,507,kl,82.1,-0.7199999999999989,0.28612303733825684,0.3931867182254791,0.9946104884147644
40,1337,548,508,kl,81.48,-0.6199999999999903,0.440195769071579,0.4539177417755127,0.8409337401390076
40,1337,549,509,kl,80.34,-1.1400000000000006,0.4633944034576416,0.51859050989151,1.1709545850753784
40,1337,550,510,kl,81.16,0.8199999999999932,0.45444777607917786,0.4555657207965851,0.9119970202445984
40,1337,551,511,kl,82.52,1.3599999999999994,0.37162500619888306,0.4737504720687866,0.8208138346672058
40,1337,552,512,kl,82.26,-0.2599999999999909,0.4431992173194885,0.47425544261932373,0.73593670129776
40,1337,553,513,kl,80.76,-1.5,0.47550684213638306,0.5245692729949951,1.0726293325424194
40,1337,554,514,kl,81.66,0.8999999999999915,0.5198745727539062,0.5021267533302307,0.908719003200531
40,1337,555,515,kl,81.96,0.29999999999999716,0.6517767906188965,0.6020031571388245,1.1139657497406006
40,1337,556,516,kl,82.26,0.30000000000001137,0.266417920589447,0.4114944040775299,0.8597995042800903
40,1337,557,517,kl,82.62,0.35999999999999943,0.4316999912261963,0.4462657868862152,0.8700637817382812
40,1337,558,518,kl,81.66,-0.960000000000008,0.44502773880958557,0.4838271141052246,0.8754048347473145
40,1337,559,519,kl,82.7,1.0400000000000063,0.4122604727745056,0.46444597840309143,0.8668689131736755
40,1337,560,520,kl,81.98,-0.7199999999999989,0.3755874037742615,0.4679361879825592,0.8861087560653687
40,1337,561,521,kl,81.54,-0.4399999999999977,0.4792417585849762,0.5082982778549194,0.9701098799705505
40,1337,562,522,kl,82.22,0.6799999999999926,0.5361394286155701,0.5189012289047241,0.958035409450531
40,1337,563,523,kl,81.86,-0.35999999999999943,0.34184205532073975,0.4376503527164459,0.9706208109855652
40,1337,564,524,kl,79.88,-1.980000000000004,0.5945218801498413,0.5615540742874146,0.8986629843711853
40,1337,565,525,kl,81.16,1.2800000000000011,0.3591848611831665,0.45673424005508423,0.7829043865203857
40,1337,566,526,kl,81.0,-0.1599999999999966,0.34919655323028564,0.5085859298706055,0.8579834699630737
40,1337,567,527,kl,79.58,-1.4200000000000017,0.43789494037628174,0.5240634679794312,1.1600981950759888
40,1337,568,528,kl,82.28,2.700000000000003,0.4894433319568634,0.4996683597564697,0.7606298923492432
40,1337,569,529,kl,80.98,-1.2999999999999972,0.4416951537132263,0.49137067794799805,0.9723711013793945
40,1337,570,530,kl,81.72,0.7399999999999949,0.46650010347366333,0.4878356456756592,0.8475108742713928
40,1337,571,531,kl,80.66,-1.0600000000000023,0.5632401704788208,0.5143535137176514,0.9567707180976868
40,1337,572,532,kl,82.02,1.3599999999999994,0.5848745703697205,0.5296890735626221,0.920889139175415
40,1337,573,533,kl,80.2,-1.8199999999999932,0.5602107644081116,0.5100392699241638,1.288474202156067
40,1337,574,534,ce,80.86,0.6599999999999966,0.3160916566848755,0.3603813052177429,1.7249934673309326
40,1337,575,535,kl,81.8,0.9399999999999977,0.47695255279541016,0.5123668313026428,1.0578694343566895
40,1337,576,536,kl,82.0,0.20000000000000284,0.5049185156822205,0.5205977559089661,0.9709217548370361
40,1337,577,537,kl,80.08,-1.9200000000000017,0.6958732604980469,0.5725600123405457,0.9761341214179993
40,1337,578,538,kl,81.38,1.2999999999999972,0.38710784912109375,0.49497684836387634,0.9353609681129456
40,1337,579,539,kl,82.46,1.0799999999999983,0.3125002682209015,0.47337231040000916,1.0157238245010376
40,1337,580,540,kl,81.32,-1.1400000000000006,0.4018191695213318,0.4481588900089264,0.8949884176254272
40,1337,581,541,kl,82.28,0.960000000000008,0.41184860467910767,0.4453272223472595,0.7505297660827637
40,1337,582,542,kl,82.72,0.4399999999999977,0.44192564487457275,0.46748512983322144,1.0319852828979492
40,1337,583,543,kl,82.04,-0.6799999999999926,0.4128263592720032,0.46122586727142334,0.8532667756080627
40,1337,584,544,kl,81.64,-0.4000000000000057,0.3876519203186035,0.4464113116264343,0.9371193647384644
40,1337,585,545,kl,82.04,0.4000000000000057,0.41527241468429565,0.4760040044784546,0.8008115291595459
40,1337,586,546,kl,81.54,-0.5,0.602276086807251,0.5562853813171387,1.1372326612472534
40,1337,587,547,kl,81.44,-0.10000000000000853,0.43853238224983215,0.49413803219795227,1.0646817684173584
40,1337,588,548,kl,82.46,1.019999999999996,0.4747081995010376,0.4865918457508087,1.0622215270996094
40,1337,589,549,kl,82.26,-0.19999999999998863,0.5622913837432861,0.5435056686401367,1.0180790424346924
40,1337,590,550,kl,80.64,-1.6200000000000045,0.31557416915893555,0.42804184556007385,0.8880946040153503
40,1337,591,551,kl,82.8,2.1599999999999966,0.4790787696838379,0.4826202392578125,0.9006810188293457
40,1337,592,552,kl,80.18,-2.6199999999999903,0.5170212984085083,0.5140666961669922,0.9947274327278137
40,1337,593,553,kl,81.82,1.6399999999999864,0.4993830621242523,0.49439746141433716,1.1291340589523315
40,1337,594,554,kl,82.76,0.9400000000000119,0.429337739944458,0.44308021664619446,1.1083786487579346
40,1337,595,555,kl,78.88,-3.8800000000000097,0.6807014346122742,0.597679853439331,1.5588818788528442
40,1337,596,556,kl,80.9,2.0200000000000102,0.5230116844177246,0.4901517927646637,0.73501056432724
40,1337,597,557,kl,80.54,-0.35999999999999943,0.4205392599105835,0.46402740478515625,1.0324615240097046
40,1337,598,558,kl,81.88,1.3399999999999892,0.37807101011276245,0.456723690032959,0.9344800114631653
40,1337,599,559,kl,81.16,-0.7199999999999989,0.4061286151409149,0.4443243741989136,0.7613282799720764
40,1337,600,560,kl,81.36,0.20000000000000284,0.34563320875167847,0.4680096507072449,1.0326590538024902
40,1337,601,561,kl,82.68,1.3200000000000074,0.46266433596611023,0.525848925113678,0.9315930604934692
40,1337,602,562,kl,82.5,-0.18000000000000682,0.5827901363372803,0.5118553042411804,0.9437546730041504
40,1337,603,563,kl,81.66,-0.8400000000000034,0.5138775706291199,0.5338756442070007,0.8644896745681763
40,1337,604,564,kl,82.56,0.9000000000000057,0.41458845138549805,0.4886930584907532,0.9094706177711487
40,1337,605,565,kl,81.9,-0.6599999999999966,0.42155933380126953,0.5037117600440979,1.0352874994277954
40,1337,606,566,kl,81.18,-0.7199999999999989,0.43586185574531555,0.5192010998725891,1.0005909204483032
40,1337,607,567,kl,81.72,0.539999999999992,0.5353901386260986,0.5659675002098083,1.0138434171676636
40,1337,608,568,kl,81.38,-0.3400000000000034,0.43788111209869385,0.44933778047561646,0.7630696296691895
40,1337,609,569,kl,82.28,0.9000000000000057,0.49560046195983887,0.47985774278640747,1.0520612001419067
40,1337,610,570,kl,79.36,-2.9200000000000017,0.6048867702484131,0.5289015173912048,0.8846483826637268
40,1337,611,571,kl,81.22,1.8599999999999994,0.35994377732276917,0.4893716871738434,1.0092215538024902
40,1337,612,572,kl,81.66,0.4399999999999977,0.5297521352767944,0.47701576352119446,0.9582371711730957
40,1337,613,573,kl,79.22,-2.4399999999999977,0.45407208800315857,0.5026111006736755,0.9872797131538391
40,1337,614,574,kl,81.62,2.4000000000000057,0.45250025391578674,0.4992750287055969,0.9719861745834351
40,1337,615,575,ce,82.72,1.0999999999999943,0.29308709502220154,0.3432430922985077,1.801611304283142
40,1337,616,576,kl,79.88,-2.8400000000000034,0.6596614718437195,0.6141121983528137,1.1209505796432495
40,1337,617,577,kl,82.12,2.240000000000009,0.4396522343158722,0.5008921027183533,0.819075882434845
40,1337,618,578,kl,82.12,0.0,0.3825642466545105,0.4580453038215637,0.9662542343139648
40,1337,619,579,kl,82.62,0.5,0.4582679867744446,0.5013282299041748,0.8386083841323853
40,1337,620,580,kl,81.6,-1.0200000000000102,0.21481269598007202,0.43356767296791077,0.9775574207305908
40,1337,621,581,kl,82.6,1.0,0.28633978962898254,0.4735414385795593,0.9637895226478577
40,1337,622,582,kl,82.26,-0.3399999999999892,0.3699639141559601,0.46164146065711975,0.8561496734619141
40,1337,623,583,kl,82.28,0.01999999999999602,0.5977543592453003,0.5486075282096863,0.9954999685287476
40,1337,624,584,kl,79.2,-3.0799999999999983,0.5100461840629578,0.5362707376480103,0.9993237853050232
40,1337,625,585,kl,82.26,3.0600000000000023,0.4737524390220642,0.48831677436828613,0.9045972228050232
40,1337,626,586,kl,82.22,-0.04000000000000625,0.6064543128013611,0.5180701613426208,1.3386460542678833
40,1337,627,587,kl,80.2,-2.019999999999996,0.5262857675552368,0.5623412728309631,0.9857310652732849
40,1337,628,588,kl,82.04,1.8400000000000034,0.37572285532951355,0.466673344373703,0.7991041541099548
40,1337,629,589,kl,81.24,-0.8000000000000114,0.5011951327323914,0.47060078382492065,1.0023969411849976
40,1337,630,590,kl,82.2,0.960000000000008,0.48955273628234863,0.5146030187606812,0.8454799056053162
40,1337,631,591,kl,82.16,-0.04000000000000625,0.3884110152721405,0.4576764702796936,0.8234631419181824
40,1337,632,592,kl,82.06,-0.09999999999999432,0.4141835570335388,0.487712025642395,1.0409351587295532
40,1337,633,593,kl,81.02,-1.0400000000000063,0.35631173849105835,0.45644229650497437,0.8473249077796936
40,1337,634,594,kl,83.02,2.0,0.4619535207748413,0.48985928297042847,0.8475720882415771
40,1337,635,595,kl,81.78,-1.2399999999999949,0.3336426317691803,0.45775681734085083,0.990763247013092
40,1337,636,596,kl,81.98,0.20000000000000284,0.42165297269821167,0.48929938673973083,0.8743600845336914
40,1337,637,597,kl,82.02,0.03999999999999204,0.38205504417419434,0.44320860505104065,0.7930540442466736
40,1337,638,598,kl,81.12,-0.8999999999999915,0.4422374665737152,0.4682488441467285,0.7863885760307312
40,1337,639,599,kl,81.2,0.0799999999999983,0.4854361414909363,0.5054008364677429,1.1326544284820557
40,1337,640,600,kl,81.24,0.03999999999999204,0.48068732023239136,0.4535506069660187,0.9174439311027527
40,1337,641,601,kl,81.54,0.30000000000001137,0.41795843839645386,0.47107821702957153,0.8617244958877563
40,1337,642,602,kl,81.8,0.2599999999999909,0.36826422810554504,0.45455318689346313,0.7965129613876343
40,1337,643,603,kl,80.14,-1.6599999999999966,0.6562609672546387,0.6432700753211975,1.3522002696990967
40,1337,644,604,kl,81.68,1.5400000000000063,0.6023467779159546,0.5727168917655945,1.0724315643310547
40,1337,645,605,kl,83.46,1.779999999999987,0.5163525342941284,0.5122436881065369,0.8224821090698242
40,1337,646,606,kl,81.36,-2.0999999999999943,0.565252959728241,0.4965347647666931,0.9954278469085693
40,1337,647,607,kl,81.32,-0.04000000000000625,0.4705873429775238,0.49388739466667175,0.7321486473083496
40,1337,648,608,kl,83.0,1.6800000000000068,0.260601669549942,0.4452476501464844,0.9066323041915894
40,1337,649,609,kl,80.48,-2.519999999999996,0.542936384677887,0.4928570091724396,1.0624217987060547
40,1337,650,610,kl,81.28,0.7999999999999972,0.3109530806541443,0.45223522186279297,0.7296253442764282
40,1337,651,611,kl,80.4,-0.8799999999999955,0.3610999882221222,0.4539751708507538,1.163453221321106
40,1337,652,612,kl,80.32,-0.0800000000000125,0.41297847032546997,0.524938702583313,0.8228223919868469
40,1337,653,613,kl,81.68,1.3600000000000136,0.5873657464981079,0.5553651452064514,0.8928264379501343
40,1337,654,614,kl,81.78,0.09999999999999432,0.5139186978340149,0.5011168122291565,0.7707685232162476
40,1337,655,615,kl,82.8,1.019999999999996,0.43428078293800354,0.4787350296974182,0.886375367641449
40,1337,656,616,ce,81.88,-0.9200000000000017,0.16730506718158722,0.35578998923301697,1.720165491104126
40,1337,657,617,kl,81.02,-0.8599999999999994,0.5041052103042603,0.4963166415691376,0.9298921227455139
40,1337,658,618,kl,82.2,1.1800000000000068,0.48509544134140015,0.4810931384563446,0.9123734831809998
40,1337,659,619,kl,80.34,-1.8599999999999994,0.4433950185775757,0.5055347681045532,0.8402069807052612
40,1337,660,620,kl,81.34,1.0,0.5147843360900879,0.47524571418762207,0.9252200722694397
40,1337,661,621,kl,82.16,0.8199999999999932,0.5009210705757141,0.5103634595870972,0.9374878406524658
40,1337,662,622,kl,81.86,-0.29999999999999716,0.3772847652435303,0.4559418559074402,0.9693900346755981
40,1337,663,623,kl,81.34,-0.519999999999996,0.4075661897659302,0.49126434326171875,0.9304497838020325
40,1337,664,624,kl,81.22,-0.12000000000000455,0.5344521999359131,0.5150659084320068,0.7658535838127136
40,1337,665,625,kl,82.38,1.1599999999999966,0.3193504512310028,0.4578580856323242,0.760377049446106
40,1337,666,626,kl,81.38,-1.0,0.43120771646499634,0.4722135663032532,0.8762013912200928
40,1337,667,627,kl,82.08,0.7000000000000028,0.5757144689559937,0.5027310252189636,0.7644447088241577
40,1337,668,628,kl,81.28,-0.7999999999999972,0.3637390732765198,0.4734424352645874,0.950741171836853
40,1337,669,629,kl,80.66,-0.6200000000000045,0.1934199035167694,0.4298156499862671,0.8346208333969116
40,1337,670,630,kl,80.96,0.29999999999999716,0.4659612774848938,0.5253172516822815,0.8802285194396973
40,1337,671,631,kl,81.66,0.7000000000000028,0.6269365549087524,0.5217130780220032,0.9855602979660034
40,1337,672,632,kl,80.6,-1.0600000000000023,0.4053434133529663,0.49011844396591187,0.9602025747299194
40,1337,673,633,kl,82.02,1.4200000000000017,0.43205079436302185,0.48038098216056824,0.8864733576774597
40,1337,674,634,kl,81.04,-0.9799999999999898,0.5122394561767578,0.5370913743972778,1.0094424486160278
40,1337,675,635,kl,81.14,0.09999999999999432,0.5945839881896973,0.5121943354606628,0.8652324676513672
40,1337,676,636,kl,80.66,-0.480000000000004,0.5062422752380371,0.5179110765457153,1.1011534929275513
40,1337,677,637,kl,81.84,1.1800000000000068,0.5747010707855225,0.5205094218254089,0.9359816908836365
40,1337,678,638,kl,81.5,-0.3400000000000034,0.4404309391975403,0.49598532915115356,1.151308536529541
40,1337,679,639,kl,82.08,0.5799999999999983,0.5560088157653809,0.5106073021888733,1.0689388513565063
40,1337,680,640,kl,80.94,-1.1400000000000006,0.5299429893493652,0.5055468082427979,0.9440948963165283
40,1337,681,641,kl,81.58,0.6400000000000006,0.5871710777282715,0.5428221821784973,1.1234034299850464
40,1337,682,642,kl,82.32,0.7399999999999949,0.4632911682128906,0.44707396626472473,0.9321889877319336
40,1337,683,643,kl,81.0,-1.3199999999999932,0.46163249015808105,0.44400161504745483,1.018813133239746
40,1337,684,644,kl,82.62,1.6200000000000045,0.5257883071899414,0.49050092697143555,0.8292465209960938
40,1337,685,645,kl,82.0,-0.6200000000000045,0.5543229579925537,0.5358790755271912,1.1355072259902954
40,1337,686,646,kl,82.7,0.7000000000000028,0.309839129447937,0.4230283498764038,0.7987584471702576
40,1337,687,647,kl,81.06,-1.6400000000000006,0.34727951884269714,0.43061235547065735,0.8304321765899658
40,1337,688,648,kl,79.44,-1.6200000000000045,0.40529176592826843,0.4724605977535248,1.14939284324646
40,1337,689,649,kl,81.24,1.7999999999999972,0.47512757778167725,0.4610591232776642,0.9629872441291809
40,1337,690,650,kl,80.36,-0.8799999999999955,0.6137821674346924,0.5525027513504028,1.0070407390594482
40,1337,691,651,kl,82.56,2.200000000000003,0.3706097900867462,0.4449768662452698,0.918323278427124
40,1337,692,652,kl,81.7,-0.8599999999999994,0.4781659245491028,0.4500926733016968,0.7712619304656982
40,1337,693,653,kl,81.94,0.23999999999999488,0.24720776081085205,0.436612993478775,0.9026626944541931
40,1337,694,654,kl,81.22,-0.7199999999999989,0.5592055320739746,0.509486198425293,0.957774817943573
40,1337,695,655,kl,79.48,-1.7399999999999949,0.6237853765487671,0.520586371421814,0.8963962197303772
40,1337,696,656,kl,80.38,0.8999999999999915,0.39952176809310913,0.45026904344558716,0.9652138948440552
40,1337,697,657,ce,81.08,0.7000000000000028,0.39636221528053284,0.39484113454818726,1.8498543500900269
40,1337,698,658,kl,81.12,0.04000000000000625,0.6345276832580566,0.5714156031608582,0.9245548248291016
40,1337,699,659,kl,78.0,-3.1200000000000045,0.5847262144088745,0.5436388850212097,0.9458131194114685
40,1337,700,660,kl,81.82,3.819999999999993,0.601533055305481,0.533170223236084,1.0723639726638794
40,1337,701,661,kl,82.98,1.1600000000000108,0.41176968812942505,0.46200263500213623,0.814228355884552
40,1337,702,662,kl,81.5,-1.480000000000004,0.42573052644729614,0.5023094415664673,1.0483448505401611
40,1337,703,663,kl,82.34,0.8400000000000034,0.30030232667922974,0.4661703407764435,1.076608419418335
40,1337,704,664,kl,82.48,0.14000000000000057,0.4074288308620453,0.49035054445266724,0.7884345054626465
40,1337,705,665,kl,81.36,-1.1200000000000045,0.35692012310028076,0.46479731798171997,0.84393310546875
40,1337,706,666,kl,82.74,1.3799999999999955,0.30203771591186523,0.44294998049736023,0.9054298996925354
40,1337,707,667,kl,81.68,-1.059999999999988,0.4266480803489685,0.5051915645599365,0.8094059228897095
40,1337,708,668,kl,81.12,-0.5600000000000023,0.5847663283348083,0.5368356108665466,1.0134145021438599
40,1337,709,669,kl,81.66,0.539999999999992,0.423845499753952,0.5238165259361267,0.824683666229248
40,1337,710,670,kl,82.7,1.0400000000000063,0.4757786989212036,0.4942258298397064,0.8807982802391052
40,1337,711,671,kl,82.66,-0.04000000000000625,0.42000812292099,0.4912261962890625,0.957131028175354
40,1337,712,672,kl,82.18,-0.47999999999998977,0.523298442363739,0.4885931611061096,1.0045346021652222
40,1337,713,673,kl,79.62,-2.5600000000000023,0.6115019917488098,0.6120538711547852,1.1544269323349
40,1337,714,674,kl,81.16,1.539999999999992,0.5207650065422058,0.5590119957923889,0.9956996440887451
40,1337,715,675,kl,81.58,0.4200000000000017,0.3851461708545685,0.44624248147010803,0.8753705024719238
40,1337,716,676,kl,81.08,-0.5,0.5394836664199829,0.5100908875465393,0.8890078663825989
40,1337,717,677,kl,81.4,0.3200000000000074,0.48208504915237427,0.5065902471542358,0.9860156774520874
40,1337,718,678,kl,81.38,-0.020000000000010232,0.6039356589317322,0.5866394639015198,1.0229755640029907
40,1337,719,679,kl,78.78,-2.5999999999999943,0.6435063481330872,0.5789014101028442,1.1593893766403198
40,1337,720,680,kl,82.28,3.5,0.3594065308570862,0.4555718004703522,0.900216281414032
40,1337,721,681,kl,82.82,0.539999999999992,0.43266570568084717,0.4558638036251068,0.9790370464324951
40,1337,722,682,kl,82.06,-0.7599999999999909,0.44001322984695435,0.48301172256469727,0.9052520990371704
40,1337,723,683,kl,81.04,-1.019999999999996,0.5960667729377747,0.4986199736595154,0.7987889647483826
40,1337,724,684,kl,82.22,1.1799999999999926,0.25769782066345215,0.4067959189414978,0.7377989888191223
40,1337,725,685,kl,81.3,-0.9200000000000017,0.46033868193626404,0.5091078877449036,0.8643551468849182
40,1337,726,686,kl,82.5,1.2000000000000028,0.5413146615028381,0.49596861004829407,0.9375585913658142
40,1337,727,687,kl,82.5,0.0,0.5054519176483154,0.4565328359603882,0.9510878920555115
40,1337,728,688,kl,80.18,-2.319999999999993,0.6310710906982422,0.5163530707359314,0.9793731570243835
40,1337,729,689,kl,82.14,1.9599999999999937,0.4185165464878082,0.4927319288253784,0.8879014849662781
40,1337,730,690,kl,82.62,0.480000000000004,0.5941340327262878,0.5503475069999695,0.9381677508354187
40,1337,731,691,kl,81.44,-1.1800000000000068,0.4389305114746094,0.4950041174888611,0.8928555250167847
40,1337,732,692,kl,81.82,0.37999999999999545,0.48097357153892517,0.5332520604133606,1.1727442741394043
40,1337,733,693,kl,82.4,0.5800000000000125,0.38372358679771423,0.4493795931339264,0.7312455773353577
40,1337,734,694,kl,80.96,-1.440000000000012,0.4496184289455414,0.43973425030708313,0.8711095452308655
40,1337,735,695,kl,81.5,0.5400000000000063,0.6082134246826172,0.5441114902496338,0.906806230545044
40,1337,736,696,kl,81.26,-0.23999999999999488,0.590507984161377,0.5900998115539551,1.0969339609146118
40,1337,737,697,kl,81.2,-0.060000000000002274,0.38656410574913025,0.45170658826828003,1.0723134279251099
40,1337,738,698,ce,81.9,0.7000000000000028,0.2792620062828064,0.40118440985679626,1.6690794229507446
40,1337,739,699,kl,81.24,-0.6600000000000108,0.3488326668739319,0.4677083492279053,0.8944172263145447
40,1337,740,700,kl,80.04,-1.1999999999999886,0.5509976148605347,0.5495892763137817,0.8881552219390869
40,1337,741,701,kl,82.34,2.299999999999997,0.3475128412246704,0.43072617053985596,0.7749063968658447
40,1337,742,702,kl,81.38,-0.960000000000008,0.4248131811618805,0.47521665692329407,1.0547984838485718
40,1337,743,703,kl,81.84,0.46000000000000796,0.4182233512401581,0.5204166173934937,0.8873662352561951
40,1337,744,704,kl,80.78,-1.0600000000000023,0.4008520841598511,0.4712996184825897,1.0576732158660889
40,1337,745,705,kl,82.56,1.7800000000000011,0.47150373458862305,0.48059436678886414,0.818271815776825
40,1337,746,706,kl,80.24,-2.3200000000000074,0.6368736624717712,0.5605592131614685,1.0541839599609375
40,1337,747,707,kl,81.62,1.3800000000000097,0.503097653388977,0.47267207503318787,0.8097140789031982
40,1337,748,708,kl,80.28,-1.3400000000000034,0.5491894483566284,0.5588950514793396,1.0927666425704956
40,1337,749,709,kl,81.36,1.0799999999999983,0.7052751779556274,0.6074740290641785,0.9320447444915771
40,1337,750,710,kl,81.42,0.060000000000002274,0.4436647295951843,0.47311779856681824,0.899088442325592
40,1337,751,711,kl,82.78,1.3599999999999994,0.4756523668766022,0.47816285490989685,0.8452979326248169
40,1337,752,712,kl,80.78,-2.0,0.5581107139587402,0.5697548389434814,0.9817361831665039
40,1337,753,713,kl,82.44,1.6599999999999966,0.4629846513271332,0.4613671898841858,0.8867586255073547
40,1337,754,714,kl,82.24,-0.20000000000000284,0.6231845021247864,0.586156964302063,1.0913151502609253
40,1337,755,715,kl,81.28,-0.9599999999999937,0.5470566749572754,0.5148460865020752,0.8925572633743286
40,1337,756,716,kl,82.46,1.1799999999999926,0.4882892966270447,0.5526901483535767,1.0848989486694336
40,1337,757,717,kl,80.78,-1.6799999999999926,0.6452407836914062,0.5769943594932556,1.1446806192398071
40,1337,758,718,kl,82.54,1.7600000000000051,0.4777213931083679,0.46987712383270264,0.8460110425949097
40,1337,759,719,kl,82.46,-0.0800000000000125,0.3536800742149353,0.4728362262248993,0.7827301025390625
40,1337,760,720,kl,81.48,-0.9799999999999898,0.35783666372299194,0.5070430040359497,0.9913098812103271
40,1337,761,721,kl,81.82,0.3399999999999892,0.5523808598518372,0.5063164234161377,0.9882183074951172
40,1337,762,722,kl,83.2,1.3800000000000097,0.3066588044166565,0.42943915724754333,0.9125393629074097
40,1337,763,723,kl,81.64,-1.5600000000000023,0.5012884140014648,0.5164692997932434,0.856944739818573
40,1337,764,724,kl,81.62,-0.01999999999999602,0.5350286960601807,0.4925489127635956,0.9893708825111389
40,1337,765,725,kl,81.42,-0.20000000000000284,0.6343977451324463,0.5481389760971069,1.2929073572158813
40,1337,766,726,kl,81.92,0.5,0.5391080379486084,0.513362467288971,0.9965854287147522
40,1337,767,727,kl,82.06,0.14000000000000057,0.4964532256126404,0.4842115342617035,0.8455474376678467
40,1337,768,728,kl,82.5,0.4399999999999977,0.5639111995697021,0.5244313478469849,1.1224861145019531
40,1337,769,729,kl,81.28,-1.2199999999999989,0.43318772315979004,0.5213063955307007,1.0265734195709229
40,1337,770,730,kl,82.18,0.9000000000000057,0.24375008046627045,0.43087729811668396,0.7100111246109009
40,1337,771,731,kl,81.14,-1.0400000000000063,0.4107818305492401,0.4553627073764801,1.0006942749023438
40,1337,772,732,kl,82.16,1.019999999999996,0.30098050832748413,0.4080449342727661,0.8277022242546082
40,1337,773,733,kl,82.04,-0.11999999999999034,0.3096146583557129,0.44893595576286316,0.8713741302490234
40,1337,774,734,kl,82.8,0.7599999999999909,0.36910009384155273,0.5020351409912109,0.805752158164978
40,1337,775,735,kl,81.44,-1.3599999999999994,0.5184793472290039,0.5313441753387451,0.8693287968635559
40,1337,776,736,kl,81.7,0.2600000000000051,0.2997822165489197,0.43833598494529724,0.9434488415718079
40,1337,777,737,kl,82.12,0.4200000000000017,0.49858108162879944,0.5111753344535828,0.7953404188156128
40,1337,778,738,kl,82.34,0.21999999999999886,0.46736401319503784,0.4770040214061737,0.7044596672058105
40,1337,779,739,ce,80.52,-1.8200000000000074,0.2794594466686249,0.39134564995765686,1.7861449718475342
40,1337,780,740,kl,81.76,1.240000000000009,0.4557734429836273,0.4694727957248688,0.9743201732635498
40,1337,781,741,kl,82.4,0.6400000000000006,0.5219764113426208,0.5123558640480042,1.1884623765945435
40,1337,782,742,kl,81.92,-0.480000000000004,0.5027197003364563,0.5030457377433777,1.0695725679397583
40,1337,783,743,kl,82.3,0.37999999999999545,0.5077410936355591,0.47681567072868347,1.0064681768417358
40,1337,784,744,kl,80.38,-1.9200000000000017,0.4432545304298401,0.4905235767364502,0.9290406703948975
40,1337,785,745,kl,80.9,0.5200000000000102,0.47734934091567993,0.4670705795288086,0.8995144367218018
40,1337,786,746,kl,82.72,1.8199999999999932,0.5206648707389832,0.5005328059196472,0.9715617895126343
40,1337,787,747,kl,81.7,-1.019999999999996,0.4984729290008545,0.5524523854255676,0.9995622038841248
40,1337,788,748,kl,81.66,-0.04000000000000625,0.47726190090179443,0.4913487732410431,1.059780478477478
40,1337,789,749,kl,81.5,-0.1599999999999966,0.25974181294441223,0.45292821526527405,0.8495817184448242
40,1337,790,750,kl,81.7,0.20000000000000284,0.43928205966949463,0.4499875009059906,0.7741409540176392
40,1337,791,751,kl,80.34,-1.3599999999999994,0.5847504138946533,0.5245484113693237,0.9139929413795471
40,1337,792,752,kl,80.72,0.37999999999999545,0.657543957233429,0.5768991112709045,1.1894687414169312
40,1337,793,753,kl,82.0,1.2800000000000011,0.5982047915458679,0.5511721968650818,1.0109269618988037
40,1337,794,754,kl,81.64,-0.35999999999999943,0.5786789059638977,0.5416760444641113,1.1670091152191162
40,1337,795,755,kl,82.68,1.0400000000000063,0.33145958185195923,0.4690534770488739,1.0175813436508179
40,1337,796,756,kl,80.38,-2.3000000000000114,0.5669831037521362,0.5751565098762512,1.4554613828659058
40,1337,797,757,kl,83.04,2.660000000000011,0.43534767627716064,0.43842434883117676,0.7586290836334229
40,1337,798,758,kl,82.68,-0.35999999999999943,0.2698550820350647,0.39762458205223083,0.9137892723083496
40,1337,799,759,kl,82.48,-0.20000000000000284,0.47746244072914124,0.4412272274494171,0.8271392583847046
40,1337,800,760,kl,81.56,-0.9200000000000017,0.49329501390457153,0.5065012574195862,0.6659063100814819
40,1337,801,761,kl,81.8,0.23999999999999488,0.4284639358520508,0.4751562476158142,0.8245378136634827
40,1337,802,762,kl,82.14,0.3400000000000034,0.41491684317588806,0.4417857229709625,0.7058094143867493
40,1337,803,763,kl,82.74,0.5999999999999943,0.44874483346939087,0.4951215982437134,0.7904485464096069
40,1337,804,764,kl,80.1,-2.6400000000000006,0.6438024044036865,0.6235305070877075,0.9089208245277405
40,1337,805,765,kl,81.26,1.1600000000000108,0.5897985696792603,0.5009958744049072,1.0272866487503052
40,1337,806,766,kl,81.78,0.519999999999996,0.4476471543312073,0.5010684132575989,0.8163278102874756
40,1337,807,767,kl,80.76,-1.019999999999996,0.45922040939331055,0.489082008600235,0.8553991913795471
40,1337,808,768,kl,81.44,0.6799999999999926,0.38291603326797485,0.42365068197250366,1.0054813623428345
40,1337,809,769,kl,82.14,0.7000000000000028,0.3969091475009918,0.45956769585609436,0.8367591500282288
40,1337,810,770,kl,82.08,-0.060000000000002274,0.5875486731529236,0.5250579714775085,0.8696651458740234
40,1337,811,771,kl,83.18,1.1000000000000085,0.43528831005096436,0.4848100244998932,0.9621442556381226
40,1337,812,772,kl,80.92,-2.260000000000005,0.38103771209716797,0.44950488209724426,0.8165589570999146
40,1337,813,773,kl,80.1,-0.8200000000000074,0.5778226256370544,0.551408588886261,0.9704149961471558
40,1337,814,774,kl,81.74,1.6400000000000006,0.5991957187652588,0.5110522508621216,1.087453007698059
40,1337,815,775,kl,83.04,1.3000000000000114,0.3853282928466797,0.43554550409317017,0.7780418395996094
40,1337,816,776,kl,81.32,-1.720000000000013,0.4104345738887787,0.473598837852478,0.7187110781669617
40,1337,817,777,kl,80.26,-1.059999999999988,0.5925244092941284,0.5577844381332397,0.9847665429115295
40,1337,818,778,kl,81.22,0.9599999999999937,0.29992085695266724,0.4586944580078125,0.9102831482887268
40,1337,819,779,kl,82.0,0.7800000000000011,0.24668855965137482,0.43491464853286743,0.8443514704704285
40,1337,820,780,ce,79.78,-2.219999999999999,0.2057645618915558,0.35650554299354553,1.8058946132659912
40,42,1,-39,kl,43.5,34.08,0.6269708871841431,0.7429771423339844,1.2030327320098877
40,42,2,-38,kl,33.52,-9.979999999999997,0.6290801763534546,0.8716670870780945,1.5339449644088745
40,42,3,-37,kl,52.82,19.299999999999997,0.25318416953086853,0.6078771352767944,1.1851812601089478
40,42,4,-36,kl,59.16,6.339999999999996,0.6288257837295532,0.5454210042953491,1.171220064163208
40,42,5,-35,kl,62.86,3.700000000000003,0.7581608295440674,0.6463959217071533,1.2434204816818237
40,42,6,-34,kl,67.14,4.280000000000001,0.7387126684188843,0.5542881488800049,1.0463496446609497
40,42,7,-33,kl,70.0,2.8599999999999994,0.7401790618896484,0.5867581963539124,1.1294453144073486
40,42,8,-32,kl,71.92,1.9200000000000017,0.4164375364780426,0.4573795199394226,0.9464383125305176
40,42,9,-31,kl,73.52,1.5999999999999943,0.5601896047592163,0.46109309792518616,0.9981301426887512
40,42,10,-30,kl,73.3,-0.21999999999999886,0.6642154455184937,0.4956231415271759,0.9828646183013916
40,42,11,-29,kl,74.52,1.2199999999999989,0.4733160138130188,0.4406000077724457,0.7914561629295349
40,42,12,-28,kl,76.28,1.7600000000000051,0.38831788301467896,0.44446519017219543,1.0283273458480835
40,42,13,-27,kl,76.98,0.7000000000000028,0.6288384795188904,0.4908536374568939,1.1402713060379028
40,42,14,-26,kl,77.26,0.28000000000000114,0.4825590252876282,0.4396551847457886,0.7545279860496521
40,42,15,-25,kl,77.7,0.4399999999999977,0.5494099259376526,0.4642707109451294,0.8745477795600891
40,42,16,-24,kl,78.18,0.480000000000004,0.25628775358200073,0.40072137117385864,0.9296436309814453
40,42,17,-23,kl,77.78,-0.4000000000000057,0.4483617842197418,0.48453637957572937,0.9588741660118103
40,42,18,-22,kl,79.38,1.5999999999999943,0.5301644802093506,0.43819764256477356,0.9065181016921997
40,42,19,-21,kl,78.82,-0.5600000000000023,0.37821143865585327,0.4266936779022217,0.9157605171203613
40,42,20,-20,kl,78.88,0.060000000000002274,0.478067010641098,0.44977784156799316,0.9826866984367371
40,42,21,-19,kl,78.14,-0.7399999999999949,0.35405921936035156,0.4348258376121521,0.8065884709358215
40,42,22,-18,kl,79.24,1.0999999999999943,0.24099141359329224,0.449929416179657,1.023332953453064
40,42,23,-17,kl,79.38,0.14000000000000057,0.48181024193763733,0.45171353220939636,0.8322110176086426
40,42,24,-16,kl,79.74,0.35999999999999943,0.5883952379226685,0.476470947265625,0.933108925819397
40,42,25,-15,kl,80.6,0.8599999999999994,0.44547995924949646,0.4137360155582428,0.806225061416626
40,42,26,-14,kl,79.88,-0.7199999999999989,0.2988132834434509,0.41396278142929077,0.9471650719642639
40,42,27,-13,kl,80.06,0.18000000000000682,0.48185229301452637,0.4362233579158783,1.1135247945785522
40,42,28,-12,kl,76.14,-3.9200000000000017,0.7097896337509155,0.5847698450088501,1.3287599086761475
40,42,29,-11,kl,81.56,5.420000000000002,0.43484067916870117,0.4236578643321991,0.9466854333877563
40,42,30,-10,kl,78.84,-2.719999999999999,0.4639679491519928,0.4789406657218933,0.9371928572654724
40,42,31,-9,kl,79.04,0.20000000000000284,0.7159972190856934,0.5648214817047119,1.0221027135849
40,42,32,-8,kl,79.48,0.4399999999999977,0.5061789751052856,0.4532095789909363,0.80930495262146
40,42,33,-7,kl,81.12,1.6400000000000006,0.3749709129333496,0.4135203957557678,0.9794568419456482
40,42,34,-6,kl,81.6,0.47999999999998977,0.5212932825088501,0.45573607087135315,0.7965907454490662
40,42,35,-5,kl,80.22,-1.3799999999999955,0.6803355813026428,0.5553305745124817,1.1496347188949585
40,42,36,-4,kl,81.06,0.8400000000000034,0.3179837465286255,0.46559280157089233,1.098519206047058
40,42,37,-3,kl,80.72,-0.3400000000000034,0.3589200973510742,0.4361688196659088,0.8694251179695129
40,42,38,-2,kl,81.44,0.7199999999999989,0.35648733377456665,0.4209873378276825,0.9466348886489868
40,42,39,-1,kl,82.04,0.6000000000000085,0.42229413986206055,0.4546107053756714,0.9258723258972168
40,42,40,0,kl,80.46,-1.5800000000000125,0.39737239480018616,0.4339209794998169,1.0383371114730835
40,42,41,1,ce,79.1,-1.3599999999999994,0.2769739031791687,0.3699738681316376,1.9309523105621338
40,42,42,2,kl,79.82,0.7199999999999989,0.5564825534820557,0.49266836047172546,1.0586981773376465
40,42,43,3,kl,80.9,1.0800000000000125,0.5391726493835449,0.4952374994754791,1.0013428926467896
40,42,44,4,kl,79.62,-1.2800000000000011,0.5499150156974792,0.5199755430221558,0.9782013297080994
40,42,45,5,kl,81.1,1.4799999999999898,0.4758143424987793,0.455329567193985,0.8059099316596985
40,42,46,6,kl,80.32,-0.7800000000000011,0.536771297454834,0.4879247546195984,0.7798328399658203
40,42,47,7,kl,80.14,-0.1799999999999926,0.6695142388343811,0.5516488552093506,1.0719304084777832
40,42,48,8,kl,80.58,0.4399999999999977,0.4829341471195221,0.48510438203811646,0.928905725479126
40,42,49,9,kl,81.68,1.1000000000000085,0.5029256939888,0.4815247654914856,0.8408504128456116
40,42,50,10,kl,80.4,-1.2800000000000011,0.5510180592536926,0.49688148498535156,1.017804503440857
40,42,51,11,kl,81.68,1.2800000000000011,0.5053554177284241,0.4643668532371521,0.9706834554672241
40,42,52,12,kl,80.6,-1.0800000000000125,0.47173160314559937,0.45338359475135803,0.9366545081138611
40,42,53,13,kl,80.64,0.04000000000000625,0.42369896173477173,0.4849582612514496,1.0652447938919067
40,42,54,14,kl,80.64,0.0,0.622236430644989,0.5537601709365845,1.2195329666137695
40,42,55,15,kl,81.92,1.2800000000000011,0.44999152421951294,0.46352821588516235,0.9986250400543213
40,42,56,16,kl,82.6,0.6799999999999926,0.261077344417572,0.39344391226768494,0.9653104543685913
40,42,57,17,kl,81.92,-0.6799999999999926,0.5386875867843628,0.4760231375694275,1.011374592781067
40,42,58,18,kl,83.38,1.4599999999999937,0.4228598177433014,0.4534207284450531,1.0061930418014526
40,42,59,19,kl,83.16,-0.21999999999999886,0.38336408138275146,0.4369756281375885,0.794304370880127
40,42,60,20,kl,80.9,-2.259999999999991,0.559389591217041,0.5487397313117981,1.051804542541504
40,42,61,21,kl,81.48,0.5799999999999983,0.47468340396881104,0.47751954197883606,0.8552239537239075
40,42,62,22,kl,80.9,-0.5799999999999983,0.6044091582298279,0.5503104329109192,1.2174302339553833
40,42,63,23,kl,80.44,-0.46000000000000796,0.4707435965538025,0.491356760263443,0.8681065440177917
40,42,64,24,kl,81.74,1.2999999999999972,0.529035210609436,0.48332878947257996,0.7803457379341125
40,42,65,25,kl,82.14,0.4000000000000057,0.4234839975833893,0.4817964732646942,0.9886959195137024
40,42,66,26,kl,78.82,-3.3200000000000074,0.6003490686416626,0.5240311026573181,1.3099309206008911
40,42,67,27,kl,82.46,3.6400000000000006,0.41305777430534363,0.46088075637817383,0.923750102519989
40,42,68,28,kl,81.98,-0.47999999999998977,0.48028436303138733,0.43202996253967285,0.8302474021911621
40,42,69,29,kl,79.92,-2.0600000000000023,0.3946964740753174,0.46655336022377014,1.0713344812393188
40,42,70,30,kl,82.06,2.1400000000000006,0.39399492740631104,0.4616309404373169,0.9023921489715576
40,42,71,31,kl,82.06,0.0,0.533128023147583,0.492107093334198,0.9640769958496094
40,42,72,32,kl,81.82,-0.2400000000000091,0.47956013679504395,0.4956696033477783,0.9330761432647705
40,42,73,33,kl,81.68,-0.13999999999998636,0.48385417461395264,0.45941415429115295,0.7925710082054138
40,42,74,34,kl,81.36,-0.3200000000000074,0.6747121810913086,0.5663082003593445,1.0661505460739136
40,42,75,35,kl,81.42,0.060000000000002274,0.5031733512878418,0.514962911605835,0.9215888381004333
40,42,76,36,kl,80.84,-0.5799999999999983,0.5629445314407349,0.5710974931716919,0.9966809153556824
40,42,77,37,kl,81.36,0.519999999999996,0.4742923378944397,0.4860013723373413,0.881732702255249
40,42,78,38,kl,81.04,-0.3199999999999932,0.38705697655677795,0.44261735677719116,1.0051817893981934
40,42,79,39,kl,83.6,2.559999999999988,0.4771712124347687,0.48518842458724976,0.9484818577766418
40,42,80,40,kl,80.88,-2.719999999999999,0.587580680847168,0.5655379891395569,1.1297398805618286
40,42,81,41,kl,82.2,1.3200000000000074,0.6865094900131226,0.5619507431983948,0.9919891953468323
40,42,82,42,ce,80.34,-1.8599999999999994,0.16158322989940643,0.2877769470214844,1.9303373098373413
40,42,83,43,kl,81.56,1.2199999999999989,0.5177452564239502,0.47901082038879395,0.9934045672416687
40,42,84,44,kl,83.02,1.4599999999999937,0.4247877895832062,0.4531676173210144,0.735663115978241
40,42,85,45,kl,81.64,-1.3799999999999955,0.5972586870193481,0.5149791836738586,0.9253771901130676
40,42,86,46,kl,81.98,0.3400000000000034,0.46072787046432495,0.46100568771362305,0.9707412719726562
40,42,87,47,kl,82.46,0.47999999999998977,0.5442861318588257,0.5146346092224121,0.9356783628463745
40,42,88,48,kl,81.18,-1.279999999999987,0.39948534965515137,0.4720463156700134,0.9787634015083313
40,42,89,49,kl,81.16,-0.020000000000010232,0.3630426228046417,0.48956042528152466,0.8805915713310242
40,42,90,50,kl,81.88,0.7199999999999989,0.5221779346466064,0.5075687170028687,0.9937618970870972
40,42,91,51,kl,82.9,1.0200000000000102,0.38134345412254333,0.47009792923927307,0.9286699295043945
40,42,92,52,kl,82.06,-0.8400000000000034,0.2909510135650635,0.44692206382751465,0.8020734786987305
40,42,93,53,kl,82.26,0.20000000000000284,0.4734606146812439,0.4619128108024597,0.8099689483642578
40,42,94,54,kl,82.08,-0.18000000000000682,0.3805861175060272,0.4387691020965576,0.9260028600692749
40,42,95,55,kl,79.82,-2.260000000000005,0.5914537906646729,0.5633716583251953,1.1397875547409058
40,42,96,56,kl,82.52,2.700000000000003,0.4956570863723755,0.4798128008842468,0.8750263452529907
40,42,97,57,kl,81.34,-1.1799999999999926,0.5157577395439148,0.5174285769462585,1.0421003103256226
40,42,98,58,kl,82.12,0.7800000000000011,0.5340487957000732,0.5128369927406311,0.8183875679969788
40,42,99,59,kl,82.14,0.01999999999999602,0.31902140378952026,0.4337741434574127,0.8613479137420654
40,42,100,60,kl,82.44,0.29999999999999716,0.6010165214538574,0.5245575308799744,0.8101430535316467
40,42,101,61,kl,82.32,-0.12000000000000455,0.5604159832000732,0.5069054365158081,0.9265791773796082
40,42,102,62,kl,82.14,-0.1799999999999926,0.3324602544307709,0.45772287249565125,1.082083821296692
40,42,103,63,kl,81.16,-0.980000000000004,0.5391961336135864,0.47884732484817505,1.1040294170379639
40,42,104,64,kl,82.66,1.5,0.5646957159042358,0.525142252445221,0.8796157240867615
40,42,105,65,kl,79.16,-3.5,0.7121230959892273,0.6130232810974121,1.268290638923645
40,42,106,66,kl,82.94,3.780000000000001,0.405398964881897,0.41203686594963074,0.716791033744812
40,42,107,67,kl,80.68,-2.259999999999991,0.5836702585220337,0.5437659621238708,1.0467529296875
40,42,108,68,kl,82.46,1.779999999999987,0.4211762249469757,0.48775067925453186,1.027173399925232
40,42,109,69,kl,80.36,-2.0999999999999943,0.5294574499130249,0.49864280223846436,1.118823528289795
40,42,110,70,kl,81.88,1.519999999999996,0.5113067626953125,0.5318926572799683,0.9425472617149353
40,42,111,71,kl,81.7,-0.1799999999999926,0.6447066068649292,0.5374652743339539,1.0769526958465576
40,42,112,72,kl,82.0,0.29999999999999716,0.6501604914665222,0.5294711589813232,0.9374531507492065
40,42,113,73,kl,79.7,-2.299999999999997,0.577215313911438,0.5515907406806946,1.1052186489105225
40,42,114,74,kl,80.64,0.9399999999999977,0.45510023832321167,0.46172651648521423,0.9259561896324158
40,42,115,75,kl,78.38,-2.260000000000005,0.635644257068634,0.5863623023033142,1.1054848432540894
40,42,116,76,kl,82.24,3.8599999999999994,0.3445224165916443,0.4572804570198059,0.9783491492271423
40,42,117,77,kl,82.8,0.5600000000000023,0.44864124059677124,0.4800278842449188,0.8379579782485962
40,42,118,78,kl,82.76,-0.03999999999999204,0.43855080008506775,0.4874271750450134,0.9228479266166687
40,42,119,79,kl,81.82,-0.9400000000000119,0.584877610206604,0.5302826762199402,0.9646298289299011
40,42,120,80,kl,82.8,0.980000000000004,0.659688413143158,0.524457573890686,0.8519134521484375
40,42,121,81,kl,82.44,-0.35999999999999943,0.5368219614028931,0.4988543689250946,0.9722021222114563
40,42,122,82,kl,80.88,-1.5600000000000023,0.43888059258461,0.4647577404975891,1.1149499416351318
40,42,123,83,ce,82.34,1.460000000000008,0.309110164642334,0.3348849415779114,1.9187155961990356
40,42,124,84,kl,81.5,-0.8400000000000034,0.4703126549720764,0.49776503443717957,0.8126214146614075
40,42,125,85,kl,81.88,0.37999999999999545,0.3564355969429016,0.4712429940700531,1.0023351907730103
40,42,126,86,kl,81.32,-0.5600000000000023,0.4552530348300934,0.5180314183235168,0.9190769195556641
40,42,127,87,kl,81.02,-0.29999999999999716,0.522496223449707,0.5388798713684082,1.150449275970459
40,42,128,88,kl,81.94,0.9200000000000017,0.4075484871864319,0.49126705527305603,0.899596631526947
40,42,129,89,kl,81.62,-0.3199999999999932,0.6613070368766785,0.6105471849441528,1.1707571744918823
40,42,130,90,kl,82.7,1.0799999999999983,0.5641235113143921,0.5035308599472046,0.8350473642349243
40,42,131,91,kl,81.06,-1.6400000000000006,0.4285053014755249,0.48723581433296204,1.015643835067749
40,42,132,92,kl,82.52,1.4599999999999937,0.6132173538208008,0.5102288722991943,1.0395103693008423
40,42,133,93,kl,81.6,-0.9200000000000017,0.381966233253479,0.4550822377204895,0.9812309145927429
40,42,134,94,kl,82.82,1.2199999999999989,0.4608437120914459,0.47681713104248047,0.7669792771339417
40,42,135,95,kl,81.66,-1.1599999999999966,0.5617862343788147,0.5611525774002075,1.0673493146896362
40,42,136,96,kl,81.52,-0.14000000000000057,0.538122296333313,0.5365521311759949,1.0430587530136108
40,42,137,97,kl,81.68,0.1600000000000108,0.373562216758728,0.4726157784461975,0.8255010843276978
40,42,138,98,kl,82.7,1.019999999999996,0.4033071994781494,0.46922066807746887,1.1699928045272827
40,42,139,99,kl,80.06,-2.6400000000000006,0.6694727540016174,0.594139575958252,1.0920270681381226
40,42,140,100,kl,82.32,2.259999999999991,0.3969249725341797,0.4693903625011444,0.9163205623626709
40,42,141,101,kl,82.18,-0.13999999999998636,0.4297889769077301,0.4417586624622345,0.8372253179550171
40,42,142,102,kl,82.08,-0.10000000000000853,0.4007209241390228,0.49556347727775574,0.9697399735450745
40,42,143,103,kl,80.18,-1.8999999999999915,0.6980695128440857,0.65410977602005,1.173303484916687
40,42,144,104,kl,81.54,1.3599999999999994,0.5176931619644165,0.5059340000152588,0.9112268686294556
40,42,145,105,kl,81.98,0.4399999999999977,0.3870423138141632,0.46588683128356934,1.0105717182159424
40,42,146,106,kl,79.18,-2.799999999999997,0.5388185977935791,0.553558886051178,1.4674293994903564
40,42,147,107,kl,82.08,2.8999999999999915,0.5759099721908569,0.49115657806396484,0.8669913411140442
40,42,148,108,kl,83.28,1.2000000000000028,0.5842458009719849,0.4981181025505066,1.0322380065917969
40,42,149,109,kl,82.52,-0.7600000000000051,0.4314304292201996,0.46969449520111084,0.9812992215156555
40,42,150,110,kl,81.86,-0.6599999999999966,0.5496188402175903,0.5178719162940979,0.9683339595794678
40,42,151,111,kl,81.36,-0.5,0.585306704044342,0.5437970757484436,0.969111442565918
40,42,152,112,kl,82.66,1.2999999999999972,0.5483802556991577,0.4894488751888275,0.8284249901771545
40,42,153,113,kl,81.84,-0.8199999999999932,0.5418881177902222,0.4920218586921692,0.9369933009147644
40,42,154,114,kl,82.52,0.6799999999999926,0.5497032999992371,0.5006083846092224,0.8929128646850586
40,42,155,115,kl,82.02,-0.5,0.48534613847732544,0.48771023750305176,0.8598489761352539
40,42,156,116,kl,82.52,0.5,0.5613154172897339,0.5312265157699585,1.0741832256317139
40,42,157,117,kl,82.6,0.0799999999999983,0.46262380480766296,0.48683005571365356,0.8743350505828857
40,42,158,118,kl,81.84,-0.7599999999999909,0.6569518446922302,0.5609816312789917,1.033418893814087
40,42,159,119,kl,79.94,-1.9000000000000057,0.614981472492218,0.5391194224357605,1.2212709188461304
40,42,160,120,kl,81.68,1.740000000000009,0.4993433356285095,0.48320427536964417,0.9152650237083435
40,42,161,121,kl,81.7,0.01999999999999602,0.6880712509155273,0.5551480650901794,0.9201374650001526
40,42,162,122,kl,81.6,-0.10000000000000853,0.5209852457046509,0.49631381034851074,0.9859158992767334
40,42,163,123,kl,82.28,0.6800000000000068,0.6568170785903931,0.5648604035377502,0.9927798509597778
40,42,164,124,ce,83.5,1.2199999999999989,0.19228705763816833,0.3531317412853241,1.7941385507583618
40,42,165,125,kl,82.94,-0.5600000000000023,0.4567177891731262,0.4637244641780853,0.7819875478744507
40,42,166,126,kl,81.24,-1.7000000000000028,0.4277627170085907,0.48806411027908325,0.9144175052642822
40,42,167,127,kl,82.44,1.2000000000000028,0.4768209159374237,0.4973728656768799,0.9415854811668396
40,42,168,128,kl,81.52,-0.9200000000000017,0.4694117307662964,0.4857708811759949,0.9834580421447754
40,42,169,129,kl,80.9,-0.6199999999999903,0.5895673036575317,0.5117117166519165,0.853052020072937
40,42,170,130,kl,82.18,1.2800000000000011,0.5623236894607544,0.4992345869541168,0.8974623084068298
40,42,171,131,kl,81.56,-0.6200000000000045,0.36680713295936584,0.4548931419849396,1.1145174503326416
40,42,172,132,kl,81.58,0.01999999999999602,0.4266844391822815,0.4952109754085541,0.8305779695510864
40,42,173,133,kl,80.64,-0.9399999999999977,0.3417930603027344,0.47402846813201904,1.225366473197937
40,42,174,134,kl,81.34,0.7000000000000028,0.39773082733154297,0.5088603496551514,1.0974723100662231
40,42,175,135,kl,82.0,0.6599999999999966,0.5204051733016968,0.5471731424331665,1.0890161991119385
40,42,176,136,kl,81.58,-0.4200000000000017,0.7038595676422119,0.6127833127975464,1.3937054872512817
40,42,177,137,kl,81.58,0.0,0.5255921483039856,0.5762520432472229,1.2488254308700562
40,42,178,138,kl,80.64,-0.9399999999999977,0.4485703408718109,0.5015608072280884,0.9985294938087463
40,42,179,139,kl,81.88,1.2399999999999949,0.368483304977417,0.45264333486557007,0.8955268859863281
40,42,180,140,kl,81.7,-0.1799999999999926,0.32439443469047546,0.4414697587490082,0.9133564829826355
40,42,181,141,kl,81.66,-0.04000000000000625,0.5971724987030029,0.5132017135620117,0.923342227935791
40,42,182,142,kl,77.22,-4.439999999999998,0.6434984803199768,0.6016031503677368,1.6080999374389648
40,42,183,143,kl,81.74,4.519999999999996,0.5955381393432617,0.552497148513794,1.2028447389602661
40,42,184,144,kl,82.54,0.8000000000000114,0.5185320377349854,0.5088021159172058,0.9774188995361328
40,42,185,145,kl,81.32,-1.220000000000013,0.6030160188674927,0.5378705263137817,0.9617629051208496
40,42,186,146,kl,82.92,1.6000000000000085,0.4768953025341034,0.4825708866119385,0.7655863165855408
40,42,187,147,kl,82.78,-0.14000000000000057,0.598842978477478,0.5456069707870483,1.2066888809204102
40,42,188,148,kl,82.32,-0.46000000000000796,0.5378105640411377,0.5205886363983154,0.9008650779724121
40,42,189,149,kl,82.7,0.38000000000000966,0.407442182302475,0.4670112729072571,0.8494290113449097
40,42,190,150,kl,80.52,-2.180000000000007,0.263017863035202,0.4396425187587738,0.9173791408538818
40,42,191,151,kl,81.46,0.9399999999999977,0.537055492401123,0.5506008863449097,1.0015239715576172
40,42,192,152,kl,83.04,1.5800000000000125,0.48007309436798096,0.4436604678630829,0.774888813495636
40,42,193,153,kl,81.88,-1.1600000000000108,0.464275598526001,0.5066667795181274,1.1047255992889404
40,42,194,154,kl,83.56,1.6800000000000068,0.602939784526825,0.5057063698768616,0.8090924024581909
40,42,195,155,kl,82.88,-0.6800000000000068,0.6214026212692261,0.5197820067405701,0.9034033417701721
40,42,196,156,kl,82.16,-0.7199999999999989,0.40306556224823,0.4159994423389435,0.7902749180793762
40,42,197,157,kl,82.32,0.1599999999999966,0.5592991709709167,0.5016738772392273,0.8443867564201355
40,42,198,158,kl,82.52,0.20000000000000284,0.6595718264579773,0.5469738245010376,1.0493167638778687
40,42,199,159,kl,80.88,-1.6400000000000006,0.6116989850997925,0.558056652545929,1.0519424676895142
40,42,200,160,kl,81.7,0.8200000000000074,0.5738437175750732,0.5037428736686707,0.9040398001670837
40,42,201,161,kl,81.76,0.060000000000002274,0.6528917551040649,0.564841628074646,1.1094352006912231
40,42,202,162,kl,81.04,-0.7199999999999989,0.4809519648551941,0.4951270818710327,0.8867169618606567
40,42,203,163,kl,78.96,-2.0800000000000125,0.6681541204452515,0.6737962961196899,1.6489887237548828
40,42,204,164,kl,81.26,2.3000000000000114,0.4359458088874817,0.4650324583053589,0.8388572931289673
40,42,205,165,ce,82.52,1.259999999999991,0.21049147844314575,0.3300792872905731,1.6587742567062378
40,42,206,166,kl,81.8,-0.7199999999999989,0.5239788889884949,0.49981123208999634,0.8347651958465576
40,42,207,167,kl,82.0,0.20000000000000284,0.4762922525405884,0.49591168761253357,0.9625557065010071
40,42,208,168,kl,82.02,0.01999999999999602,0.6286319494247437,0.5546213984489441,1.0165969133377075
40,42,209,169,kl,82.0,-0.01999999999999602,0.42859312891960144,0.45691344141960144,0.9860960841178894
40,42,210,170,kl,82.5,0.5,0.4952532947063446,0.4932299852371216,0.9496093988418579
40,42,211,171,kl,82.5,0.0,0.3884768784046173,0.47588980197906494,0.9798802137374878
40,42,212,172,kl,82.74,0.23999999999999488,0.34033316373825073,0.46104153990745544,0.9091210961341858
40,42,213,173,kl,82.0,-0.7399999999999949,0.5079658627510071,0.48499736189842224,1.0091252326965332
40,42,214,174,kl,80.3,-1.7000000000000028,0.6676411032676697,0.5908398032188416,1.0947632789611816
40,42,215,175,kl,81.98,1.6800000000000068,0.5713338255882263,0.5163880586624146,0.9666885733604431
40,42,216,176,kl,82.54,0.5600000000000023,0.5920981764793396,0.5002813935279846,0.7950402498245239
40,42,217,177,kl,82.76,0.21999999999999886,0.4314482510089874,0.46166014671325684,0.8899646997451782
40,42,218,178,kl,81.18,-1.5799999999999983,0.526412308216095,0.4945516884326935,0.8836992383003235
40,42,219,179,kl,82.92,1.7399999999999949,0.5223308801651001,0.48277828097343445,0.9669139385223389
40,42,220,180,kl,82.06,-0.8599999999999994,0.5421402454376221,0.5102134346961975,1.077461838722229
40,42,221,181,kl,81.04,-1.019999999999996,0.43048200011253357,0.466668963432312,1.0364073514938354
40,42,222,182,kl,81.84,0.7999999999999972,0.5160983800888062,0.5351680517196655,1.09381902217865
40,42,223,183,kl,81.54,-0.29999999999999716,0.6159423589706421,0.5434140563011169,0.9773271679878235
40,42,224,184,kl,82.08,0.539999999999992,0.5829058885574341,0.5110184550285339,0.9822854995727539
40,42,225,185,kl,82.48,0.4000000000000057,0.45121875405311584,0.4833986461162567,1.0133986473083496
40,42,226,186,kl,83.78,1.2999999999999972,0.5488053560256958,0.47873079776763916,0.7912945747375488
40,42,227,187,kl,82.84,-0.9399999999999977,0.5160069465637207,0.49421897530555725,1.1120917797088623
40,42,228,188,kl,82.76,-0.0799999999999983,0.4891875088214874,0.4944245219230652,0.8496513366699219
40,42,229,189,kl,82.4,-0.35999999999999943,0.3998063802719116,0.4957849383354187,1.0129493474960327
40,42,230,190,kl,80.52,-1.8800000000000097,0.5596354603767395,0.547609269618988,1.0190563201904297
40,42,231,191,kl,82.24,1.7199999999999989,0.554947018623352,0.5113937854766846,0.9545401334762573
40,42,232,192,kl,79.9,-2.339999999999989,0.5686487555503845,0.586920976638794,1.361405849456787
40,42,233,193,kl,82.0,2.0999999999999943,0.4513518214225769,0.4829774796962738,0.8462837338447571
40,42,234,194,kl,81.2,-0.7999999999999972,0.4823078513145447,0.4845770299434662,0.97251296043396
40,42,235,195,kl,83.42,2.219999999999999,0.5555183291435242,0.5236421823501587,1.054754376411438
40,42,236,196,kl,82.44,-0.980000000000004,0.40622371435165405,0.47332051396369934,0.896795928478241
40,42,237,197,kl,80.92,-1.519999999999996,0.6170526742935181,0.5562409162521362,1.086051106452942
40,42,238,198,kl,83.4,2.480000000000004,0.25140106678009033,0.46348342299461365,0.9579547047615051
40,42,239,199,kl,82.34,-1.0600000000000023,0.549556314945221,0.4952881932258606,0.872757077217102
40,42,240,200,kl,81.82,-0.5200000000000102,0.4584354758262634,0.46770671010017395,0.8486307859420776
40,42,241,201,kl,81.84,0.020000000000010232,0.5523645877838135,0.503524899482727,0.8510113954544067
40,42,242,202,kl,81.12,-0.7199999999999989,0.40651726722717285,0.4524877965450287,0.7661595344543457
40,42,243,203,kl,79.02,-2.1000000000000085,0.6153005361557007,0.514962911605835,0.94942307472229
40,42,244,204,kl,82.94,3.9200000000000017,0.42064327001571655,0.4769863784313202,0.8298305869102478
40,42,245,205,kl,82.72,-0.21999999999999886,0.5071154832839966,0.492085725069046,0.9571241140365601
40,42,246,206,ce,80.58,-2.1400000000000006,0.24557778239250183,0.35646459460258484,1.6972185373306274
40,42,247,207,kl,80.4,-0.1799999999999926,0.5559008121490479,0.4932136833667755,0.8794881105422974
40,42,248,208,kl,80.9,0.5,0.537405252456665,0.5051639676094055,0.8578525185585022
40,42,249,209,kl,82.22,1.3199999999999932,0.6042814254760742,0.562425971031189,1.1096315383911133
40,42,250,210,kl,82.76,0.5400000000000063,0.2797333598136902,0.42556998133659363,1.0054854154586792
40,42,251,211,kl,81.9,-0.8599999999999994,0.4369552731513977,0.4618687629699707,0.7691000699996948
40,42,252,212,kl,79.32,-2.5800000000000125,0.5848519206047058,0.5165571570396423,1.0848432779312134
40,42,253,213,kl,81.88,2.5600000000000023,0.5691574811935425,0.5249872803688049,1.0099602937698364
40,42,254,214,kl,81.76,-0.11999999999999034,0.4721807539463043,0.4777687191963196,0.843015193939209
40,42,255,215,kl,82.34,0.5799999999999983,0.6062385439872742,0.5504245758056641,0.9660595059394836
40,42,256,216,kl,82.2,-0.14000000000000057,0.3663935959339142,0.48971879482269287,1.0116589069366455
40,42,257,217,kl,82.84,0.6400000000000006,0.48114079236984253,0.48652368783950806,0.890958309173584
40,42,258,218,kl,81.9,-0.9399999999999977,0.5262563824653625,0.4837054908275604,0.8331621885299683
40,42,259,219,kl,82.48,0.5799999999999983,0.5202056169509888,0.4941054880619049,0.8882187604904175
40,42,260,220,kl,80.74,-1.740000000000009,0.49210256338119507,0.5084751844406128,1.1379280090332031
40,42,261,221,kl,81.3,0.5600000000000023,0.6379231214523315,0.5669281482696533,1.166042685508728
40,42,262,222,kl,82.14,0.8400000000000034,0.4459431767463684,0.47293442487716675,0.8686008453369141
40,42,263,223,kl,83.0,0.8599999999999994,0.5133090019226074,0.4812491536140442,0.9530658721923828
40,42,264,224,kl,83.06,0.060000000000002274,0.4187283515930176,0.462375670671463,0.9758349657058716
40,42,265,225,kl,82.62,-0.4399999999999977,0.46015262603759766,0.4937247633934021,0.7860974669456482
40,42,266,226,kl,79.1,-3.5200000000000102,0.537147581577301,0.5862529873847961,1.335602879524231
40,42,267,227,kl,80.96,1.8599999999999994,0.3670620620250702,0.45048636198043823,0.9196813702583313
40,42,268,228,kl,82.88,1.9200000000000017,0.6059767007827759,0.5252968668937683,0.947509229183197
40,42,269,229,kl,81.26,-1.6199999999999903,0.4680671691894531,0.4900837242603302,1.0971194505691528
40,42,270,230,kl,83.24,1.9799999999999898,0.4259396493434906,0.4624386429786682,0.8424617052078247
40,42,271,231,kl,82.4,-0.8399999999999892,0.46117374300956726,0.5075469613075256,1.1037395000457764
40,42,272,232,kl,82.5,0.09999999999999432,0.5692899227142334,0.5007853507995605,0.9391713738441467
40,42,273,233,kl,83.14,0.6400000000000006,0.5102697610855103,0.48131832480430603,0.8633880615234375
40,42,274,234,kl,82.12,-1.019999999999996,0.3267940282821655,0.45707955956459045,0.90793377161026
40,42,275,235,kl,83.12,1.0,0.3151411712169647,0.429292231798172,0.9782999157905579
40,42,276,236,kl,80.98,-2.1400000000000006,0.4860813319683075,0.48934614658355713,0.9492524266242981
40,42,277,237,kl,81.9,0.9200000000000017,0.5714414715766907,0.5030507445335388,0.9605467319488525
40,42,278,238,kl,81.2,-0.7000000000000028,0.6314610242843628,0.5235980153083801,1.0906175374984741
40,42,279,239,kl,81.98,0.7800000000000011,0.5831409692764282,0.4988655745983124,1.0799214839935303
40,42,280,240,kl,81.94,-0.04000000000000625,0.43547385931015015,0.4587078094482422,0.8312406539916992
40,42,281,241,kl,80.9,-1.039999999999992,0.6080318689346313,0.5560305118560791,1.1334501504898071
40,42,282,242,kl,81.48,0.5799999999999983,0.49324026703834534,0.49877405166625977,0.874382495880127
40,42,283,243,kl,83.24,1.759999999999991,0.3845309615135193,0.42224133014678955,0.8049940466880798
40,42,284,244,kl,82.6,-0.6400000000000006,0.5794331431388855,0.5241518020629883,0.8762595653533936
40,42,285,245,kl,82.52,-0.0799999999999983,0.5463493466377258,0.534953236579895,1.1602476835250854
40,42,286,246,kl,82.54,0.020000000000010232,0.6369830965995789,0.5954556465148926,1.0265148878097534
40,42,287,247,ce,81.54,-1.0,0.30588358640670776,0.39918220043182373,1.9434762001037598
40,42,288,248,kl,81.82,0.2799999999999869,0.39729031920433044,0.459599107503891,0.9222247004508972
40,42,289,249,kl,83.08,1.2600000000000051,0.4251806139945984,0.4659746289253235,0.8823156952857971
40,42,290,250,kl,82.84,-0.23999999999999488,0.5023645758628845,0.5185256004333496,1.0402976274490356
40,42,291,251,kl,83.34,0.5,0.35152024030685425,0.44398459792137146,0.873427152633667
40,42,292,252,kl,80.14,-3.200000000000003,0.48719048500061035,0.5255128145217896,1.1556223630905151
40,42,293,253,kl,81.92,1.7800000000000011,0.4677155911922455,0.49592316150665283,1.065151333808899
40,42,294,254,kl,79.54,-2.3799999999999955,0.695202112197876,0.5996077656745911,1.1082555055618286
40,42,295,255,kl,82.58,3.039999999999992,0.6173646450042725,0.5257883667945862,0.9787285327911377
40,42,296,256,kl,83.08,0.5,0.38412487506866455,0.46745672821998596,0.7620376348495483
40,42,297,257,kl,83.14,0.060000000000002274,0.4906769394874573,0.4608061909675598,0.7402957677841187
40,42,298,258,kl,82.44,-0.7000000000000028,0.40042823553085327,0.4519846737384796,0.8900064826011658
40,42,299,259,kl,82.02,-0.4200000000000017,0.5381515026092529,0.5124812126159668,1.1710855960845947
40,42,300,260,kl,79.0,-3.019999999999996,0.5735749006271362,0.5559872984886169,1.257498860359192
40,42,301,261,kl,82.72,3.719999999999999,0.43670472502708435,0.46063169836997986,0.7832283973693848
40,42,302,262,kl,82.46,-0.2600000000000051,0.6308314800262451,0.5775609016418457,1.103900671005249
40,42,303,263,kl,82.6,0.14000000000000057,0.613619327545166,0.5101802349090576,0.8977804183959961
40,42,304,264,kl,80.82,-1.7800000000000011,0.641059398651123,0.5894877910614014,1.1462115049362183
40,42,305,265,kl,82.38,1.5600000000000023,0.4650834798812866,0.4618077576160431,0.8386619091033936
40,42,306,266,kl,82.52,0.14000000000000057,0.5577788352966309,0.5048674941062927,0.951431930065155
40,42,307,267,kl,82.26,-0.2599999999999909,0.5318433046340942,0.5362393260002136,0.9814939498901367
40,42,308,268,kl,82.12,-0.14000000000000057,0.5755306482315063,0.5135346055030823,1.055385708808899
40,42,309,269,kl,81.84,-0.28000000000000114,0.4953612685203552,0.4909851551055908,0.9019862413406372
40,42,310,270,kl,81.96,0.11999999999999034,0.6600308418273926,0.5528894662857056,1.0302679538726807
40,42,311,271,kl,80.9,-1.059999999999988,0.40151211619377136,0.471549391746521,0.9634687900543213
40,42,312,272,kl,82.84,1.9399999999999977,0.45715898275375366,0.48642489314079285,0.8366685509681702
40,42,313,273,kl,83.46,0.6199999999999903,0.5065178871154785,0.483511745929718,0.8837684988975525
40,42,314,274,kl,82.6,-0.8599999999999994,0.5125459432601929,0.4918939173221588,0.7999462485313416
40,42,315,275,kl,82.34,-0.2599999999999909,0.263705313205719,0.4595171809196472,1.0564939975738525
40,42,316,276,kl,80.06,-2.280000000000001,0.6828532814979553,0.5529159307479858,1.0475972890853882
40,42,317,277,kl,80.94,0.8799999999999955,0.5859230756759644,0.5357100963592529,1.2385846376419067
40,42,318,278,kl,82.6,1.6599999999999966,0.43460994958877563,0.4597884714603424,0.9194187521934509
40,42,319,279,kl,82.24,-0.35999999999999943,0.26852598786354065,0.4170618951320648,0.8779171705245972
40,42,320,280,kl,83.26,1.0200000000000102,0.5948431491851807,0.5036605000495911,0.8066537976264954
40,42,321,281,kl,82.7,-0.5600000000000023,0.2184809446334839,0.4137984812259674,0.8340449333190918
40,42,322,282,kl,81.62,-1.0799999999999983,0.47345393896102905,0.49850717186927795,0.8321133255958557
40,42,323,283,kl,81.92,0.29999999999999716,0.6645188331604004,0.6079591512680054,1.2234351634979248
40,42,324,284,kl,81.5,-0.4200000000000017,0.6614428758621216,0.5374207496643066,0.9674813151359558
40,42,325,285,kl,83.72,2.219999999999999,0.3497157096862793,0.4703688621520996,0.8628990650177002
40,42,326,286,kl,82.78,-0.9399999999999977,0.6272599101066589,0.5427447557449341,0.9780057668685913
40,42,327,287,kl,82.88,0.09999999999999432,0.5229976773262024,0.49475663900375366,0.907579779624939
40,42,328,288,ce,83.1,0.21999999999999886,0.2840738296508789,0.33402219414711,1.9338598251342773
40,42,329,289,kl,81.84,-1.259999999999991,0.5635159611701965,0.5440195202827454,0.9978055953979492
40,42,330,290,kl,81.2,-0.6400000000000006,0.40241876244544983,0.48193812370300293,1.175228476524353
40,42,331,291,kl,78.64,-2.5600000000000023,0.6701194047927856,0.6306309700012207,1.3602181673049927
40,42,332,292,kl,81.22,2.5799999999999983,0.676084578037262,0.586043119430542,1.0377782583236694
40,42,333,293,kl,82.66,1.4399999999999977,0.39180704951286316,0.4879877269268036,0.9687964916229248
40,42,334,294,kl,81.62,-1.039999999999992,0.5739808082580566,0.5339800715446472,1.1148709058761597
40,42,335,295,kl,82.94,1.3199999999999932,0.5569512248039246,0.5175436735153198,0.7812644243240356
40,42,336,296,kl,81.62,-1.3199999999999932,0.5711565017700195,0.5647881627082825,1.03559148311615
40,42,337,297,kl,81.6,-0.020000000000010232,0.5414252281188965,0.5475675463676453,1.0045415163040161
40,42,338,298,kl,82.72,1.1200000000000045,0.46741509437561035,0.47111207246780396,0.769325315952301
40,42,339,299,kl,82.2,-0.519999999999996,0.6616830229759216,0.5696998834609985,1.038230299949646
40,42,340,300,kl,81.84,-0.35999999999999943,0.6459886431694031,0.6090613603591919,1.2357007265090942
40,42,341,301,kl,82.28,0.4399999999999977,0.3562423586845398,0.4583892226219177,0.9749807119369507
40,42,342,302,kl,81.66,-0.6200000000000045,0.3535017967224121,0.4277195930480957,0.9845202565193176
40,42,343,303,kl,81.8,0.14000000000000057,0.48792165517807007,0.5259857773780823,0.9362311959266663
40,42,344,304,kl,79.98,-1.8199999999999932,0.6625314354896545,0.5642310976982117,1.115264892578125
40,42,345,305,kl,81.72,1.7399999999999949,0.5267502069473267,0.4754793047904968,0.9154843688011169
40,42,346,306,kl,82.02,0.29999999999999716,0.47223150730133057,0.4766964316368103,0.8024527430534363
40,42,347,307,kl,83.02,1.0,0.39219897985458374,0.4607577323913574,0.8232797384262085
40,42,348,308,kl,82.32,-0.7000000000000028,0.44795048236846924,0.5260863304138184,1.0912282466888428
40,42,349,309,kl,81.68,-0.6399999999999864,0.45844289660453796,0.4826575219631195,0.911891758441925
40,42,350,310,kl,82.16,0.47999999999998977,0.2739085853099823,0.4742051661014557,0.8568577766418457
40,42,351,311,kl,82.78,0.6200000000000045,0.35750827193260193,0.4718177914619446,0.8917521834373474
40,42,352,312,kl,82.2,-0.5799999999999983,0.6658354997634888,0.5591108798980713,0.9551764130592346
40,42,353,313,kl,83.3,1.0999999999999943,0.4883236885070801,0.479193776845932,0.6558387279510498
40,42,354,314,kl,81.8,-1.5,0.5625661611557007,0.5129504203796387,0.9392702579498291
40,42,355,315,kl,80.44,-1.3599999999999994,0.4358788728713989,0.4871633052825928,1.0892218351364136
40,42,356,316,kl,82.94,2.5,0.40366387367248535,0.4519582986831665,0.8226264715194702
40,42,357,317,kl,83.06,0.12000000000000455,0.5174282789230347,0.48766833543777466,0.881506085395813
40,42,358,318,kl,81.68,-1.3799999999999955,0.5373683571815491,0.4580456614494324,0.7632323503494263
40,42,359,319,kl,81.7,0.01999999999999602,0.36049211025238037,0.45135512948036194,0.8762434720993042
40,42,360,320,kl,82.78,1.0799999999999983,0.5052896738052368,0.5149691700935364,0.9279943108558655
40,42,361,321,kl,82.66,-0.12000000000000455,0.3724919259548187,0.44895339012145996,0.7653762102127075
40,42,362,322,kl,81.74,-0.9200000000000017,0.5555302500724792,0.5330026745796204,1.0142017602920532
40,42,363,323,kl,81.2,-0.539999999999992,0.5272649526596069,0.5296491384506226,1.1221897602081299
40,42,364,324,kl,82.08,0.8799999999999955,0.545879065990448,0.530430018901825,1.114314079284668
40,42,365,325,kl,81.42,-0.6599999999999966,0.39616039395332336,0.49124348163604736,0.9640684723854065
40,42,366,326,kl,81.76,0.3400000000000034,0.5535825490951538,0.5602119565010071,1.123390555381775
40,42,367,327,kl,81.88,0.11999999999999034,0.5239735841751099,0.5269275903701782,0.9976044297218323
40,42,368,328,kl,81.88,0.0,0.5007306337356567,0.5224443078041077,0.8608089685440063
40,42,369,329,ce,81.32,-0.5600000000000023,0.25450024008750916,0.37183183431625366,1.8263955116271973
40,42,370,330,kl,82.1,0.7800000000000011,0.5645385980606079,0.5403510332107544,1.0016133785247803
40,42,371,331,kl,81.04,-1.059999999999988,0.46824806928634644,0.5000550150871277,0.8802288770675659
40,42,372,332,kl,83.36,2.319999999999993,0.32014748454093933,0.4547218382358551,0.7399770617485046
40,42,373,333,kl,81.68,-1.6799999999999926,0.30060648918151855,0.4374869167804718,0.9799061417579651
40,42,374,334,kl,80.84,-0.8400000000000034,0.4524109959602356,0.5133068561553955,0.9973062872886658
40,42,375,335,kl,82.9,2.0600000000000023,0.6841189861297607,0.5654354095458984,1.0815354585647583
40,42,376,336,kl,81.9,-1.0,0.4461979568004608,0.4798150658607483,0.9284807443618774
40,42,377,337,kl,81.22,-0.6800000000000068,0.5182745456695557,0.5274925827980042,0.8209947347640991
40,42,378,338,kl,81.9,0.6800000000000068,0.5706398487091064,0.5474152565002441,1.0733948945999146
40,42,379,339,kl,80.64,-1.2600000000000051,0.5977159142494202,0.5565900802612305,1.00612211227417
40,42,380,340,kl,81.98,1.3400000000000034,0.4013606011867523,0.4689261317253113,0.9263240098953247
40,42,381,341,kl,81.88,-0.10000000000000853,0.39729052782058716,0.5023114681243896,0.9620830416679382
40,42,382,342,kl,82.48,0.6000000000000085,0.38882023096084595,0.48080363869667053,0.8728130459785461
40,42,383,343,kl,82.46,-0.020000000000010232,0.580183207988739,0.5131985545158386,0.9081598520278931
40,42,384,344,kl,82.22,-0.23999999999999488,0.5099101066589355,0.5195212364196777,0.8589445948600769
40,42,385,345,kl,81.3,-0.9200000000000017,0.3482677936553955,0.5047382116317749,0.973479688167572
40,42,386,346,kl,82.24,0.9399999999999977,0.6101997494697571,0.5551996827125549,1.313320517539978
40,42,387,347,kl,81.88,-0.35999999999999943,0.5339086055755615,0.49332162737846375,0.9334062933921814
40,42,388,348,kl,81.94,0.060000000000002274,0.5322475433349609,0.5584021210670471,0.9122759103775024
40,42,389,349,kl,82.04,0.10000000000000853,0.40994417667388916,0.4871661961078644,0.8801839351654053
40,42,390,350,kl,83.34,1.2999999999999972,0.5264549851417542,0.5364739298820496,0.995516836643219
40,42,391,351,kl,82.66,-0.6800000000000068,0.290828138589859,0.4548366367816925,0.9414100646972656
40,42,392,352,kl,82.46,-0.20000000000000284,0.24242496490478516,0.41712328791618347,0.8699975609779358
40,42,393,353,kl,82.72,0.2600000000000051,0.4843522310256958,0.4885638952255249,0.9959592819213867
40,42,394,354,kl,81.62,-1.0999999999999943,0.652782678604126,0.5853477716445923,1.1188591718673706
40,42,395,355,kl,81.96,0.3399999999999892,0.5060441493988037,0.5261220335960388,0.853393018245697
40,42,396,356,kl,81.72,-0.23999999999999488,0.5018934607505798,0.5208603143692017,1.0909483432769775
40,42,397,357,kl,82.04,0.3200000000000074,0.6503696441650391,0.5649862289428711,1.1502331495285034
40,42,398,358,kl,81.64,-0.4000000000000057,0.35823947191238403,0.4713120460510254,0.9845864176750183
40,42,399,359,kl,81.7,0.060000000000002274,0.39655688405036926,0.47432559728622437,0.9338939189910889
40,42,400,360,kl,81.7,0.0,0.5875006914138794,0.536984920501709,0.8836761116981506
40,42,401,361,kl,82.7,1.0,0.549471914768219,0.5161717534065247,0.8847046494483948
40,42,402,362,kl,82.4,-0.29999999999999716,0.6277493238449097,0.5479617118835449,0.851393461227417
40,42,403,363,kl,82.02,-0.38000000000000966,0.5932981967926025,0.5286228060722351,0.9291212558746338
40,42,404,364,kl,82.38,0.35999999999999943,0.44822633266448975,0.48712360858917236,0.8111608028411865
40,42,405,365,kl,82.84,0.46000000000000796,0.36740627884864807,0.4552685618400574,0.8644037842750549
40,42,406,366,kl,81.42,-1.4200000000000017,0.5357246398925781,0.5465224981307983,1.0775772333145142
40,42,407,367,kl,82.38,0.9599999999999937,0.4782036542892456,0.5059233903884888,0.902661144733429
40,42,408,368,kl,81.44,-0.9399999999999977,0.6144271492958069,0.5386512279510498,0.9399139881134033
40,42,409,369,kl,83.76,2.3200000000000074,0.4676821231842041,0.4680701792240143,0.9083513617515564
40,42,410,370,ce,80.7,-3.0600000000000023,0.22247231006622314,0.35038307309150696,1.901386022567749
40,42,411,371,kl,82.6,1.8999999999999915,0.36043667793273926,0.47782769799232483,0.9138098359107971
40,42,412,372,kl,79.64,-2.9599999999999937,0.5509966611862183,0.5415486693382263,1.0460971593856812
40,42,413,373,kl,80.94,1.2999999999999972,0.6998327374458313,0.6444324851036072,1.3068203926086426
40,42,414,374,kl,82.14,1.2000000000000028,0.4167117774486542,0.46815332770347595,0.8819311857223511
40,42,415,375,kl,81.92,-0.21999999999999886,0.5543689131736755,0.5618095993995667,0.9950310587882996
40,42,416,376,kl,81.36,-0.5600000000000023,0.5498835444450378,0.563791811466217,1.1731613874435425
40,42,417,377,kl,81.82,0.45999999999999375,0.47056448459625244,0.4522193968296051,0.8599138855934143
40,42,418,378,kl,81.04,-0.7799999999999869,0.6381710767745972,0.591383159160614,0.9519554972648621
40,42,419,379,kl,77.32,-3.720000000000013,0.7392116785049438,0.6341550350189209,1.4622154235839844
40,42,420,380,kl,81.66,4.340000000000003,0.4872734248638153,0.5485866069793701,0.9741361737251282
40,42,421,381,kl,81.94,0.28000000000000114,0.4936554431915283,0.5018184781074524,1.0524191856384277
40,42,422,382,kl,82.44,0.5,0.3393249213695526,0.4575401544570923,0.9071258306503296
40,42,423,383,kl,82.82,0.37999999999999545,0.3508152961730957,0.460591584444046,0.8282912373542786
40,42,424,384,kl,82.1,-0.7199999999999989,0.6079027652740479,0.5509935617446899,0.953740119934082
40,42,425,385,kl,81.18,-0.9199999999999875,0.45205792784690857,0.4984664022922516,0.9397927522659302
40,42,426,386,kl,81.96,0.7799999999999869,0.5948712825775146,0.49461838603019714,0.7675342559814453
40,42,427,387,kl,81.46,-0.5,0.4060484766960144,0.4639107882976532,0.8707623481750488
40,42,428,388,kl,82.8,1.3400000000000034,0.46152180433273315,0.5193977952003479,0.876286506652832
40,42,429,389,kl,82.82,0.01999999999999602,0.48242098093032837,0.498299777507782,0.970993161201477
40,42,430,390,kl,82.76,-0.05999999999998806,0.2748628854751587,0.4431392550468445,0.9024330973625183
40,42,431,391,kl,82.86,0.09999999999999432,0.5923080444335938,0.5531830191612244,1.0085242986679077
40,42,432,392,kl,79.6,-3.260000000000005,0.4585613012313843,0.5275804996490479,1.0378317832946777
40,42,433,393,kl,83.08,3.480000000000004,0.3483445644378662,0.4534663259983063,0.7803958654403687
40,42,434,394,kl,82.98,-0.09999999999999432,0.3922780156135559,0.4756380617618561,0.80427086353302
40,42,435,395,kl,80.78,-2.200000000000003,0.4248204827308655,0.5035294890403748,0.8181509971618652
40,42,436,396,kl,83.28,2.5,0.4382372796535492,0.4899645745754242,0.9333933591842651
40,42,437,397,kl,81.16,-2.1200000000000045,0.5947966575622559,0.5503808856010437,0.9439133405685425
40,42,438,398,kl,80.72,-0.4399999999999977,0.7039370536804199,0.6582756638526917,1.2755494117736816
40,42,439,399,kl,81.0,0.28000000000000114,0.366121768951416,0.4893305003643036,0.9005723595619202
40,42,440,400,kl,82.34,1.3400000000000034,0.6062784194946289,0.5434069633483887,1.0325002670288086
40,42,441,401,kl,82.08,-0.2600000000000051,0.5540822744369507,0.5327500700950623,0.9459384679794312
40,42,442,402,kl,82.0,-0.0799999999999983,0.4253704845905304,0.4801095128059387,0.9834500551223755
40,42,443,403,kl,82.66,0.6599999999999966,0.5691004395484924,0.5414183735847473,0.9018450379371643
40,42,444,404,kl,82.52,-0.14000000000000057,0.5813336968421936,0.5311515927314758,0.9182829856872559
40,42,445,405,kl,82.42,-0.09999999999999432,0.5434814691543579,0.5055806040763855,0.9328279495239258
40,42,446,406,kl,82.6,0.1799999999999926,0.47057801485061646,0.5287326574325562,1.1899213790893555
40,42,447,407,kl,83.14,0.5400000000000063,0.4879619777202606,0.48172327876091003,0.8708140850067139
40,42,448,408,kl,81.46,-1.6800000000000068,0.536064624786377,0.5758765935897827,1.1474474668502808
40,42,449,409,kl,81.66,0.20000000000000284,0.5416494607925415,0.5376849174499512,1.0072606801986694
40,42,450,410,kl,83.08,1.4200000000000017,0.2749970853328705,0.46125152707099915,0.809158444404602
40,42,451,411,ce,82.6,-0.480000000000004,0.14479339122772217,0.34945517778396606,1.7703803777694702
40,42,452,412,kl,81.46,-1.1400000000000006,0.5378811359405518,0.5925039052963257,1.3335450887680054
40,42,453,413,kl,80.36,-1.0999999999999943,0.44170621037483215,0.4888787269592285,0.9935594201087952
40,42,454,414,kl,82.66,2.299999999999997,0.6651828289031982,0.5899073481559753,1.0552585124969482
40,42,455,415,kl,82.88,0.21999999999999886,0.4146975874900818,0.45793774724006653,0.9086359143257141
40,42,456,416,kl,82.86,-0.01999999999999602,0.604418933391571,0.5461497902870178,0.9744313955307007
40,42,457,417,kl,82.62,-0.23999999999999488,0.5478428602218628,0.484426349401474,0.8329553604125977
40,42,458,418,kl,82.72,0.09999999999999432,0.5309643149375916,0.4844124913215637,0.9363154768943787
40,42,459,419,kl,79.76,-2.9599999999999937,0.5550471544265747,0.5551016926765442,1.0209487676620483
40,42,460,420,kl,82.02,2.259999999999991,0.6040513515472412,0.523078203201294,0.7792310118675232
40,42,461,421,kl,80.8,-1.2199999999999989,0.4296303987503052,0.4889126420021057,1.0713186264038086
40,42,462,422,kl,82.24,1.4399999999999977,0.3842889964580536,0.5015829801559448,0.8597560524940491
40,42,463,423,kl,82.2,-0.03999999999999204,0.4226304888725281,0.48823732137680054,0.8531816005706787
40,42,464,424,kl,79.34,-2.8599999999999994,0.43700477480888367,0.4689219892024994,0.9538888931274414
40,42,465,425,kl,82.68,3.3400000000000034,0.4861968755722046,0.4897526800632477,0.9835394024848938
40,42,466,426,kl,83.06,0.37999999999999545,0.4803680181503296,0.4735572636127472,0.7550676465034485
40,42,467,427,kl,82.7,-0.35999999999999943,0.3353172540664673,0.4329237937927246,0.69309401512146
40,42,468,428,kl,81.78,-0.9200000000000017,0.33878543972969055,0.4877147972583771,0.9660873413085938
40,42,469,429,kl,83.3,1.519999999999996,0.5618127584457397,0.5204688906669617,0.961639940738678
40,42,470,430,kl,81.98,-1.3199999999999932,0.4751588702201843,0.5012825727462769,0.9037203192710876
40,42,471,431,kl,82.82,0.8399999999999892,0.489385724067688,0.522345781326294,0.9519640803337097
40,42,472,432,kl,82.6,-0.21999999999999886,0.3454364240169525,0.47272053360939026,0.9501315951347351
40,42,473,433,kl,82.34,-0.2599999999999909,0.5637452602386475,0.5553845763206482,1.148016333580017
40,42,474,434,kl,82.84,0.5,0.6421915292739868,0.5264539122581482,0.9331271648406982
40,42,475,435,kl,81.68,-1.1599999999999966,0.33366549015045166,0.4549124836921692,1.0380399227142334
40,42,476,436,kl,81.1,-0.5800000000000125,0.47078457474708557,0.4854526221752167,0.9142887592315674
40,42,477,437,kl,82.54,1.440000000000012,0.3528587222099304,0.43401044607162476,0.739335298538208
40,42,478,438,kl,82.44,-0.10000000000000853,0.38334861397743225,0.46046897768974304,0.8166589736938477
40,42,479,439,kl,83.0,0.5600000000000023,0.4429681599140167,0.48507729172706604,0.8559467792510986
40,42,480,440,kl,79.98,-3.019999999999996,0.2403445541858673,0.4408412575721741,1.1226263046264648
40,42,481,441,kl,82.24,2.259999999999991,0.39769822359085083,0.5091176629066467,0.9764192700386047
40,42,482,442,kl,81.76,-0.47999999999998977,0.5358158349990845,0.5495256781578064,1.0630930662155151
40,42,483,443,kl,82.7,0.9399999999999977,0.557161808013916,0.5358908772468567,0.9388734698295593
40,42,484,444,kl,82.56,-0.14000000000000057,0.43036308884620667,0.47670379281044006,0.8434275984764099
40,42,485,445,kl,81.08,-1.480000000000004,0.5859398245811462,0.4972023069858551,0.8489395380020142
40,42,486,446,kl,82.28,1.2000000000000028,0.4797447919845581,0.5084296464920044,0.9891474843025208
40,42,487,447,kl,80.8,-1.480000000000004,0.45014286041259766,0.5265153050422668,1.0541939735412598
40,42,488,448,kl,82.2,1.4000000000000057,0.2938437759876251,0.44309455156326294,0.8361247777938843
40,42,489,449,kl,81.3,-0.9000000000000057,0.5935801863670349,0.5561918020248413,1.0258402824401855
40,42,490,450,kl,82.4,1.1000000000000085,0.5420066118240356,0.5162478685379028,1.0366871356964111
40,42,491,451,kl,83.12,0.7199999999999989,0.3743146061897278,0.4535626769065857,0.9560648202896118
40,42,492,452,ce,82.6,-0.5200000000000102,0.3301910161972046,0.4185697138309479,1.7677236795425415
40,42,493,453,kl,82.48,-0.11999999999999034,0.622719407081604,0.5089098215103149,0.9461566209793091
40,42,494,454,kl,83.14,0.6599999999999966,0.4835664629936218,0.4781615734100342,0.9178417921066284
40,42,495,455,kl,81.06,-2.0799999999999983,0.5097575187683105,0.5105302333831787,0.9580932259559631
40,42,496,456,kl,82.48,1.4200000000000017,0.47908321022987366,0.479918509721756,0.7867911458015442
40,42,497,457,kl,80.8,-1.6800000000000068,0.35995668172836304,0.4625326693058014,0.8003047108650208
40,42,498,458,kl,82.16,1.3599999999999994,0.6025732159614563,0.5547106266021729,1.1780136823654175
40,42,499,459,kl,81.42,-0.7399999999999949,0.5903834104537964,0.5704352855682373,1.2446374893188477
40,42,500,460,kl,82.66,1.2399999999999949,0.49569380283355713,0.4943969249725342,0.9348701238632202
40,42,501,461,kl,84.22,1.5600000000000023,0.48990803956985474,0.47791093587875366,0.8071959614753723
40,42,502,462,kl,81.16,-3.0600000000000023,0.5983453989028931,0.5469301342964172,0.8694083094596863
40,42,503,463,kl,81.62,0.46000000000000796,0.4367292821407318,0.46796900033950806,0.949095606803894
40,42,504,464,kl,81.8,0.1799999999999926,0.6068816184997559,0.5673041939735413,0.9160230159759521
40,42,505,465,kl,82.68,0.8800000000000097,0.5230821371078491,0.4878728687763214,0.810892641544342
40,42,506,466,kl,81.88,-0.8000000000000114,0.6106850504875183,0.5692765116691589,0.9550830721855164
40,42,507,467,kl,82.82,0.9399999999999977,0.339394211769104,0.44155311584472656,0.9009445905685425
40,42,508,468,kl,82.54,-0.2799999999999869,0.44630715250968933,0.48937103152275085,0.8895231485366821
40,42,509,469,kl,81.96,-0.5800000000000125,0.39145487546920776,0.5116947293281555,1.130560278892517
40,42,510,470,kl,81.86,-0.09999999999999432,0.4113454520702362,0.47038862109184265,0.8669960498809814
40,42,511,471,kl,82.54,0.6800000000000068,0.5541340112686157,0.5257810354232788,0.9484984874725342
40,42,512,472,kl,82.44,-0.10000000000000853,0.6112182140350342,0.5603905320167542,0.9849703311920166
40,42,513,473,kl,82.5,0.060000000000002274,0.5627279281616211,0.525668740272522,0.8654615879058838
40,42,514,474,kl,81.86,-0.6400000000000006,0.4878581762313843,0.4940072298049927,0.8131698966026306
40,42,515,475,kl,81.88,0.01999999999999602,0.3995387852191925,0.46621131896972656,0.8330705165863037
40,42,516,476,kl,82.26,0.38000000000000966,0.4458006024360657,0.47401097416877747,0.790041983127594
40,42,517,477,kl,82.48,0.21999999999999886,0.4989224374294281,0.5134181976318359,0.9252745509147644
40,42,518,478,kl,81.92,-0.5600000000000023,0.5259486436843872,0.4995034635066986,1.0552929639816284
40,42,519,479,kl,82.7,0.7800000000000011,0.5576074123382568,0.48779815435409546,0.8439376354217529
40,42,520,480,kl,83.44,0.7399999999999949,0.40713104605674744,0.5042397379875183,0.8853301405906677
40,42,521,481,kl,83.54,0.10000000000000853,0.4213247299194336,0.4596976935863495,0.832172155380249
40,42,522,482,kl,82.44,-1.1000000000000085,0.651809811592102,0.5467523336410522,0.9243260622024536
40,42,523,483,kl,82.24,-0.20000000000000284,0.6782371401786804,0.5634815692901611,1.0748308897018433
40,42,524,484,kl,82.48,0.2400000000000091,0.4776942729949951,0.5082715749740601,0.870193362236023
40,42,525,485,kl,81.08,-1.4000000000000057,0.5561898946762085,0.5616191029548645,1.0705616474151611
40,42,526,486,kl,82.54,1.460000000000008,0.4630100131034851,0.45082756876945496,0.8610840439796448
40,42,527,487,kl,82.88,0.3399999999999892,0.32451507449150085,0.44700872898101807,0.8668490648269653
40,42,528,488,kl,82.02,-0.8599999999999994,0.40899866819381714,0.4639863967895508,0.9425279498100281
40,42,529,489,kl,81.8,-0.21999999999999886,0.6303685903549194,0.5307967662811279,0.8345027565956116
40,42,530,490,kl,82.1,0.29999999999999716,0.496631383895874,0.4905540347099304,0.9367474913597107
40,42,531,491,kl,81.52,-0.5799999999999983,0.6477441787719727,0.5913289785385132,1.1618690490722656
40,42,532,492,kl,83.1,1.5799999999999983,0.27867233753204346,0.4200703799724579,0.8846940994262695
40,42,533,493,ce,82.92,-0.1799999999999926,0.11626896262168884,0.29856619238853455,1.6559123992919922
40,42,534,494,kl,81.92,-1.0,0.4033556282520294,0.49201399087905884,0.8995645046234131
40,42,535,495,kl,82.08,0.1599999999999966,0.44437581300735474,0.48115378618240356,1.0178754329681396
40,42,536,496,kl,82.5,0.4200000000000017,0.4473814368247986,0.4792468249797821,0.9140831232070923
40,42,537,497,kl,82.76,0.2600000000000051,0.4284183084964752,0.4658013880252838,0.8392814993858337
40,42,538,498,kl,83.0,0.23999999999999488,0.443907231092453,0.4820670783519745,0.7301532030105591
40,42,539,499,kl,81.58,-1.4200000000000017,0.5623839497566223,0.5628690123558044,1.09882652759552
40,42,540,500,kl,82.24,0.6599999999999966,0.5266068577766418,0.5475106835365295,1.010141134262085
40,42,541,501,kl,82.28,0.04000000000000625,0.6112343668937683,0.5697242617607117,0.8702717423439026
40,42,542,502,kl,82.42,0.14000000000000057,0.3817020654678345,0.46725258231163025,0.938093364238739
40,42,543,503,kl,80.98,-1.4399999999999977,0.5808955430984497,0.5675045251846313,1.0463639497756958
40,42,544,504,kl,83.44,2.4599999999999937,0.4516126215457916,0.47865909337997437,0.8259687423706055
40,42,545,505,kl,82.84,-0.5999999999999943,0.5245990753173828,0.4947800636291504,0.8743844032287598
40,42,546,506,kl,81.48,-1.3599999999999994,0.5254001617431641,0.4968593418598175,0.9828817844390869
40,42,547,507,kl,82.44,0.9599999999999937,0.4588433504104614,0.5027037858963013,0.8058314919471741
40,42,548,508,kl,83.36,0.9200000000000017,0.6095656156539917,0.5180849432945251,0.7857648730278015
40,42,549,509,kl,82.34,-1.019999999999996,0.29545584321022034,0.4474754333496094,0.9265381097793579
40,42,550,510,kl,81.98,-0.35999999999999943,0.5455009937286377,0.4964917302131653,0.9984519481658936
40,42,551,511,kl,82.44,0.45999999999999375,0.4672093689441681,0.509484052658081,0.9331110119819641
40,42,552,512,kl,82.78,0.3400000000000034,0.5926955938339233,0.5240836143493652,1.0539385080337524
40,42,553,513,kl,81.46,-1.3200000000000074,0.47625717520713806,0.479964941740036,0.781712532043457
40,42,554,514,kl,81.42,-0.03999999999999204,0.48607146739959717,0.46945035457611084,1.0387715101242065
40,42,555,515,kl,83.18,1.7600000000000051,0.5809347629547119,0.5369468331336975,0.9610527157783508
40,42,556,516,kl,82.8,-0.38000000000000966,0.44217485189437866,0.49631309509277344,0.883566677570343
40,42,557,517,kl,81.52,-1.2800000000000011,0.4610394537448883,0.4905337393283844,0.8175131678581238
40,42,558,518,kl,83.12,1.6000000000000085,0.4026387631893158,0.47594738006591797,0.814443826675415
40,42,559,519,kl,82.18,-0.9399999999999977,0.6011431217193604,0.5323970317840576,0.94917893409729
40,42,560,520,kl,81.18,-1.0,0.4802590608596802,0.4950371980667114,1.070526123046875
40,42,561,521,kl,81.74,0.5599999999999881,0.4752075970172882,0.4977985918521881,1.0918371677398682
40,42,562,522,kl,82.34,0.6000000000000085,0.44681912660598755,0.49573609232902527,0.8128063082695007
40,42,563,523,kl,81.54,-0.7999999999999972,0.6790826320648193,0.5781263113021851,1.038425087928772
40,42,564,524,kl,82.12,0.5799999999999983,0.3290901780128479,0.481524258852005,1.0536432266235352
40,42,565,525,kl,83.02,0.8999999999999915,0.49369075894355774,0.5054236650466919,0.9749392867088318
40,42,566,526,kl,83.42,0.4000000000000057,0.4141855835914612,0.4755232632160187,0.7454252243041992
40,42,567,527,kl,82.16,-1.2600000000000051,0.6998065710067749,0.6018823385238647,1.1843560934066772
40,42,568,528,kl,80.82,-1.3400000000000034,0.5671252608299255,0.529390275478363,1.0079460144042969
40,42,569,529,kl,82.06,1.240000000000009,0.6068212389945984,0.5700477957725525,1.1721614599227905
40,42,570,530,kl,81.72,-0.3400000000000034,0.5176135301589966,0.510009765625,0.9869415760040283
40,42,571,531,kl,81.5,-0.21999999999999886,0.515465497970581,0.47291117906570435,0.8939539790153503
40,42,572,532,kl,80.52,-0.980000000000004,0.3883434534072876,0.47268906235694885,0.8314317464828491
40,42,573,533,kl,81.96,1.4399999999999977,0.42204901576042175,0.5198052525520325,0.9726011753082275
40,42,574,534,ce,80.9,-1.059999999999988,0.27875185012817383,0.33850666880607605,1.9381474256515503
40,42,575,535,kl,81.54,0.6400000000000006,0.559093713760376,0.5619264841079712,1.091950535774231
40,42,576,536,kl,81.72,0.1799999999999926,0.4840361177921295,0.5026682615280151,0.9880528450012207
40,42,577,537,kl,82.28,0.5600000000000023,0.5739800333976746,0.5099204778671265,0.7868618369102478
40,42,578,538,kl,82.8,0.519999999999996,0.3999122083187103,0.45966747403144836,1.0357686281204224
40,42,579,539,kl,82.22,-0.5799999999999983,0.6111882925033569,0.5431286692619324,0.9070838093757629
40,42,580,540,kl,81.16,-1.0600000000000023,0.5670931935310364,0.5536426901817322,1.0941076278686523
40,42,581,541,kl,82.46,1.2999999999999972,0.45659908652305603,0.47968319058418274,1.0106441974639893
40,42,582,542,kl,83.3,0.8400000000000034,0.6375576853752136,0.5531607270240784,0.9262675046920776
40,42,583,543,kl,82.18,-1.1199999999999903,0.4392665922641754,0.477323442697525,0.8020178079605103
40,42,584,544,kl,82.52,0.3399999999999892,0.5234302878379822,0.5273367762565613,1.0309064388275146
40,42,585,545,kl,81.58,-0.9399999999999977,0.4862470328807831,0.47700533270835876,0.860803484916687
40,42,586,546,kl,81.8,0.21999999999999886,0.5743005275726318,0.5545156002044678,0.9979952573776245
40,42,587,547,kl,83.04,1.240000000000009,0.4970981478691101,0.49400395154953003,0.9273053407669067
40,42,588,548,kl,82.42,-0.6200000000000045,0.39530056715011597,0.43793657422065735,0.7545958757400513
40,42,589,549,kl,80.64,-1.7800000000000011,0.6000158786773682,0.6044754981994629,1.0723965167999268
40,42,590,550,kl,83.12,2.480000000000004,0.19835129380226135,0.4174312949180603,0.9290875792503357
40,42,591,551,kl,82.52,-0.6000000000000085,0.5868899822235107,0.4921571612358093,1.1100162267684937
40,42,592,552,kl,81.7,-0.8199999999999932,0.49834227561950684,0.4737519919872284,0.70784592628479
40,42,593,553,kl,81.94,0.23999999999999488,0.5505204796791077,0.504241406917572,0.952375054359436
40,42,594,554,kl,82.38,0.4399999999999977,0.5128867030143738,0.49517613649368286,0.8625662326812744
40,42,595,555,kl,81.92,-0.45999999999999375,0.457905650138855,0.513857901096344,0.9290233850479126
40,42,596,556,kl,81.32,-0.6000000000000085,0.5051622986793518,0.526596188545227,1.0166922807693481
40,42,597,557,kl,83.72,2.4000000000000057,0.41758325695991516,0.4679202437400818,0.8290947079658508
40,42,598,558,kl,82.64,-1.0799999999999983,0.4266614317893982,0.47110745310783386,0.7744945287704468
40,42,599,559,kl,81.96,-0.6800000000000068,0.5424209237098694,0.5351084470748901,0.9745283722877502
40,42,600,560,kl,83.26,1.3000000000000114,0.40916872024536133,0.4665263295173645,0.8833647966384888
40,42,601,561,kl,81.78,-1.480000000000004,0.4267524480819702,0.492786705493927,0.9079163074493408
40,42,602,562,kl,82.72,0.9399999999999977,0.6691995859146118,0.5717436671257019,1.0388047695159912
40,42,603,563,kl,83.0,0.28000000000000114,0.37920236587524414,0.4571560025215149,0.9223669767379761
40,42,604,564,kl,82.44,-0.5600000000000023,0.6466156244277954,0.5392069816589355,0.9163786768913269
40,42,605,565,kl,83.2,0.7600000000000051,0.4482342600822449,0.5089614391326904,0.9453498721122742
40,42,606,566,kl,82.66,-0.5400000000000063,0.3295152187347412,0.456289678812027,1.051997423171997
40,42,607,567,kl,82.28,-0.37999999999999545,0.5578482747077942,0.529385507106781,0.9643391370773315
40,42,608,568,kl,82.0,-0.28000000000000114,0.3113574981689453,0.4561721086502075,0.8597905039787292
40,42,609,569,kl,81.74,-0.2600000000000051,0.46657389402389526,0.4974786937236786,0.7538006901741028
40,42,610,570,kl,82.1,0.35999999999999943,0.46205127239227295,0.523093044757843,0.987060010433197
40,42,611,571,kl,81.18,-0.9199999999999875,0.5147230625152588,0.5143036246299744,1.0051151514053345
40,42,612,572,kl,81.8,0.6199999999999903,0.36963510513305664,0.4631028473377228,0.7856801748275757
40,42,613,573,kl,82.14,0.3400000000000034,0.541914701461792,0.5084973573684692,0.9677294492721558
40,42,614,574,kl,81.88,-0.2600000000000051,0.581014096736908,0.5307695865631104,1.0245474576950073
40,42,615,575,ce,80.32,-1.5600000000000023,0.2173231840133667,0.3623538017272949,1.7010793685913086
40,42,616,576,kl,82.88,2.5600000000000023,0.6391632556915283,0.5883157253265381,1.0410890579223633
40,42,617,577,kl,80.8,-2.0799999999999983,0.6343201398849487,0.610730767250061,1.2723487615585327
40,42,618,578,kl,81.96,1.1599999999999966,0.43140465021133423,0.4793590307235718,0.811776876449585
40,42,619,579,kl,80.92,-1.039999999999992,0.3473551869392395,0.46851637959480286,0.9649333357810974
40,42,620,580,kl,81.9,0.980000000000004,0.6111467480659485,0.5410793423652649,0.9873040914535522
40,42,621,581,kl,81.74,-0.1600000000000108,0.5415151119232178,0.5090686678886414,0.9239022135734558
40,42,622,582,kl,82.86,1.1200000000000045,0.45623233914375305,0.5028008818626404,1.1201850175857544
40,42,623,583,kl,81.06,-1.7999999999999972,0.4974566400051117,0.47919654846191406,0.8900260925292969
40,42,624,584,kl,81.88,0.8199999999999932,0.34456852078437805,0.4512362778186798,1.0768746137619019
40,42,625,585,kl,81.56,-0.3199999999999932,0.6574085354804993,0.5607621073722839,0.8475521206855774
40,42,626,586,kl,82.96,1.3999999999999915,0.31500887870788574,0.4655475914478302,0.8936686515808105
40,42,627,587,kl,81.88,-1.0799999999999983,0.6655021905899048,0.552049994468689,0.9841760396957397
40,42,628,588,kl,82.54,0.6600000000000108,0.36669105291366577,0.45177024602890015,0.7683708071708679
40,42,629,589,kl,82.82,0.2799999999999869,0.5162608623504639,0.4985341727733612,0.8899734020233154
40,42,630,590,kl,81.44,-1.3799999999999955,0.3411843478679657,0.46521347761154175,1.0766701698303223
40,42,631,591,kl,82.26,0.8200000000000074,0.32677242159843445,0.43704667687416077,0.8410386443138123
40,42,632,592,kl,83.22,0.9599999999999937,0.5854463577270508,0.5581184029579163,1.1452949047088623
40,42,633,593,kl,79.88,-3.3400000000000034,0.6188951730728149,0.5902246236801147,1.1195528507232666
40,42,634,594,kl,80.78,0.9000000000000057,0.423193097114563,0.4725697636604309,0.9135563373565674
40,42,635,595,kl,82.9,2.1200000000000045,0.4933558404445648,0.49931666254997253,0.8278504610061646
40,42,636,596,kl,82.7,-0.20000000000000284,0.5744203925132751,0.5215545296669006,0.9106590151786804
40,42,637,597,kl,80.2,-2.5,0.5798506736755371,0.5672123432159424,1.0924638509750366
40,42,638,598,kl,81.38,1.1799999999999926,0.49206972122192383,0.4819072484970093,0.9422548413276672
40,42,639,599,kl,82.4,1.0200000000000102,0.34996700286865234,0.4509255588054657,0.8775714635848999
40,42,640,600,kl,81.96,-0.44000000000001194,0.639471173286438,0.5428295135498047,0.9444976449012756
40,42,641,601,kl,82.72,0.7600000000000051,0.49232032895088196,0.5217167735099792,0.8216236233711243
40,42,642,602,kl,83.48,0.7600000000000051,0.580998420715332,0.5189685225486755,1.067639708518982
40,42,643,603,kl,80.38,-3.1000000000000085,0.3531672954559326,0.4896240532398224,1.1797364950180054
40,42,644,604,kl,81.66,1.2800000000000011,0.6098048090934753,0.551884114742279,1.0291576385498047
40,42,645,605,kl,82.6,0.9399999999999977,0.5552535653114319,0.49243998527526855,1.141737461090088
40,42,646,606,kl,81.58,-1.019999999999996,0.35709789395332336,0.44407767057418823,0.942182719707489
40,42,647,607,kl,81.54,-0.03999999999999204,0.45372647047042847,0.505057692527771,0.9345786571502686
40,42,648,608,kl,82.78,1.2399999999999949,0.4967306852340698,0.5145147442817688,1.0784176588058472
40,42,649,609,kl,83.6,0.8199999999999932,0.4036499559879303,0.47404640913009644,0.6867863535881042
40,42,650,610,kl,82.1,-1.5,0.48672860860824585,0.4922291934490204,0.9351476430892944
40,42,651,611,kl,82.16,0.060000000000002274,0.4183642864227295,0.48400694131851196,0.7743299603462219
40,42,652,612,kl,82.76,0.6000000000000085,0.5510692596435547,0.5148667097091675,0.8475486636161804
40,42,653,613,kl,83.62,0.8599999999999994,0.43969255685806274,0.48790818452835083,0.9473180770874023
40,42,654,614,kl,83.56,-0.060000000000002274,0.5426586866378784,0.49191728234291077,0.7496464252471924
40,42,655,615,kl,81.8,-1.7600000000000051,0.565308690071106,0.5702565908432007,1.0697693824768066
40,42,656,616,ce,81.88,0.0799999999999983,0.24733996391296387,0.35106173157691956,1.8418415784835815
40,42,657,617,kl,81.44,-0.4399999999999977,0.5622277855873108,0.5483758449554443,0.9207636117935181
40,42,658,618,kl,82.8,1.3599999999999994,0.4942578077316284,0.4939851462841034,0.9044640064239502
40,42,659,619,kl,82.14,-0.6599999999999966,0.6665216684341431,0.5994011759757996,1.0475646257400513
40,42,660,620,kl,82.42,0.28000000000000114,0.5316082835197449,0.499846488237381,0.9106229543685913
40,42,661,621,kl,82.14,-0.28000000000000114,0.43875110149383545,0.5084654688835144,0.9268195033073425
40,42,662,622,kl,79.82,-2.3200000000000074,0.5749017000198364,0.5496259927749634,1.010670781135559
40,42,663,623,kl,82.56,2.740000000000009,0.4330097734928131,0.46195727586746216,0.824951171875
40,42,664,624,kl,81.38,-1.1800000000000068,0.3061196804046631,0.4629152715206146,0.9673656821250916
40,42,665,625,kl,81.38,0.0,0.5384964346885681,0.4967004954814911,0.8778401613235474
40,42,666,626,kl,82.92,1.5400000000000063,0.6008678078651428,0.5329512357711792,0.8946541547775269
40,42,667,627,kl,82.88,-0.04000000000000625,0.3694577217102051,0.474195271730423,0.9354940056800842
40,42,668,628,kl,81.14,-1.7399999999999949,0.5070992112159729,0.48650839924812317,1.0665243864059448
40,42,669,629,kl,81.52,0.37999999999999545,0.648989200592041,0.5648825764656067,1.0345369577407837
40,42,670,630,kl,81.9,0.38000000000000966,0.5555945634841919,0.5426685214042664,1.0739423036575317
40,42,671,631,kl,82.64,0.7399999999999949,0.5618714690208435,0.5363748073577881,0.8898599147796631
40,42,672,632,kl,80.46,-2.180000000000007,0.7886738181114197,0.6683703660964966,1.6425786018371582
40,42,673,633,kl,82.82,2.3599999999999994,0.6052024960517883,0.5215533375740051,0.7459480166435242
40,42,674,634,kl,81.66,-1.1599999999999966,0.4848592281341553,0.44453027844429016,0.9244419932365417
40,42,675,635,kl,83.66,2.0,0.409557044506073,0.45304805040359497,0.7533145546913147
40,42,676,636,kl,83.14,-0.519999999999996,0.5922929048538208,0.5530017614364624,1.0424898862838745
40,42,677,637,kl,82.36,-0.7800000000000011,0.5310163497924805,0.5155667066574097,0.7860702276229858
40,42,678,638,kl,81.88,-0.480000000000004,0.5711482763290405,0.5582709312438965,1.1448068618774414
40,42,679,639,kl,82.02,0.14000000000000057,0.5473272204399109,0.520395040512085,0.9228119254112244
40,42,680,640,kl,81.4,-0.6199999999999903,0.5525875091552734,0.553463876247406,1.0881884098052979
40,42,681,641,kl,82.44,1.039999999999992,0.5313317179679871,0.48293352127075195,0.7019959092140198
40,42,682,642,kl,82.78,0.3400000000000034,0.486376017332077,0.5011845827102661,0.8585765361785889
40,42,683,643,kl,81.08,-1.7000000000000028,0.46477359533309937,0.449535995721817,1.1894577741622925
40,42,684,644,kl,83.2,2.1200000000000045,0.4444434940814972,0.4370361566543579,0.9726700186729431
40,42,685,645,kl,82.38,-0.8200000000000074,0.5308411121368408,0.5234493613243103,1.1426292657852173
40,42,686,646,kl,83.1,0.7199999999999989,0.267291396856308,0.42171239852905273,0.8582557439804077
40,42,687,647,kl,80.88,-2.219999999999999,0.573284387588501,0.5568056702613831,1.084910273551941
40,42,688,648,kl,83.04,2.160000000000011,0.4929806590080261,0.4915791451931,0.8488302826881409
40,42,689,649,kl,82.26,-0.7800000000000011,0.2605053186416626,0.4480690360069275,0.9096989035606384
40,42,690,650,kl,82.72,0.45999999999999375,0.4770190715789795,0.485492080450058,1.1467399597167969
40,42,691,651,kl,82.26,-0.45999999999999375,0.5519733428955078,0.538413941860199,0.8171941637992859
40,42,692,652,kl,83.28,1.019999999999996,0.5844348073005676,0.5025652647018433,0.8801830410957336
40,42,693,653,kl,82.2,-1.0799999999999983,0.39347219467163086,0.45133569836616516,0.8956003189086914
40,42,694,654,kl,82.36,0.1599999999999966,0.4056830406188965,0.4680340886116028,0.87517911195755
40,42,695,655,kl,82.56,0.20000000000000284,0.47316694259643555,0.4996476173400879,0.826701283454895
40,42,696,656,kl,82.2,-0.35999999999999943,0.5230458378791809,0.4979296326637268,0.9669479131698608
40,42,697,657,ce,80.78,-1.4200000000000017,0.24733558297157288,0.38444486260414124,1.817060112953186
40,42,698,658,kl,81.7,0.9200000000000017,0.5954411625862122,0.5388335585594177,1.0048149824142456
40,42,699,659,kl,81.46,-0.2400000000000091,0.5232458114624023,0.528617262840271,1.0301090478897095
40,42,700,660,kl,81.3,-0.1599999999999966,0.6144932508468628,0.5784472227096558,1.0123894214630127
40,42,701,661,kl,81.42,0.12000000000000455,0.6244156360626221,0.5633478164672852,0.9905116558074951
40,42,702,662,kl,80.94,-0.480000000000004,0.718605101108551,0.6138433218002319,1.1580438613891602
40,42,703,663,kl,80.62,-0.3199999999999932,0.590384840965271,0.5285078287124634,0.8794583678245544
40,42,704,664,kl,79.34,-1.2800000000000011,0.4701489806175232,0.5199869275093079,0.9996722340583801
40,42,705,665,kl,82.3,2.9599999999999937,0.5344487428665161,0.5154642462730408,0.9976088404655457
40,42,706,666,kl,81.4,-0.8999999999999915,0.5494698286056519,0.513314425945282,1.008039116859436
40,42,707,667,kl,83.2,1.7999999999999972,0.504412055015564,0.47419121861457825,0.6643766164779663
40,42,708,668,kl,82.22,-0.980000000000004,0.4438059329986572,0.5091497898101807,1.0010062456130981
40,42,709,669,kl,82.5,0.28000000000000114,0.5797698497772217,0.5173594355583191,0.9619468450546265
40,42,710,670,kl,82.5,0.0,0.5917196273803711,0.5278174877166748,0.9427453279495239
40,42,711,671,kl,81.62,-0.8799999999999955,0.47282931208610535,0.5125435590744019,0.8532727360725403
40,42,712,672,kl,82.14,0.519999999999996,0.5720459818840027,0.5632910132408142,1.0072330236434937
40,42,713,673,kl,82.8,0.6599999999999966,0.23399072885513306,0.42594802379608154,0.9043866991996765
40,42,714,674,kl,81.54,-1.259999999999991,0.5101738572120667,0.5137664675712585,0.9540794491767883
40,42,715,675,kl,82.48,0.9399999999999977,0.4982755184173584,0.5009016990661621,0.7544338703155518
40,42,716,676,kl,82.52,0.03999999999999204,0.4828430116176605,0.49549052119255066,0.8657131791114807
40,42,717,677,kl,83.3,0.7800000000000011,0.6402730941772461,0.5592541098594666,0.9401048421859741
40,42,718,678,kl,82.22,-1.0799999999999983,0.25762873888015747,0.44034287333488464,0.921248197555542
40,42,719,679,kl,81.9,-0.3199999999999932,0.3588402271270752,0.4768892824649811,1.0578044652938843
40,42,720,680,kl,82.56,0.6599999999999966,0.4988018274307251,0.48994573950767517,0.865195095539093
40,42,721,681,kl,83.0,0.4399999999999977,0.35204052925109863,0.47603049874305725,0.9440862536430359
40,42,722,682,kl,83.32,0.3199999999999932,0.35814210772514343,0.4643475413322449,0.9106571078300476
40,42,723,683,kl,81.92,-1.3999999999999915,0.5875324010848999,0.5617661476135254,0.8984197378158569
40,42,724,684,kl,81.2,-0.7199999999999989,0.6381597518920898,0.5822446346282959,1.0420016050338745
40,42,725,685,kl,81.14,-0.060000000000002274,0.5885442495346069,0.5602292418479919,1.1070959568023682
40,42,726,686,kl,82.24,1.0999999999999943,0.4543442130088806,0.470062255859375,0.9354196786880493
40,42,727,687,kl,82.74,0.5,0.6102590560913086,0.5379171967506409,1.006698489189148
40,42,728,688,kl,82.26,-0.47999999999998977,0.5663568377494812,0.5404272675514221,0.9879884719848633
40,42,729,689,kl,82.36,0.09999999999999432,0.43709826469421387,0.4981401264667511,0.8079827427864075
40,42,730,690,kl,82.44,0.0799999999999983,0.5386613607406616,0.530536413192749,0.9656437039375305
40,42,731,691,kl,81.8,-0.6400000000000006,0.5694297552108765,0.5517812967300415,1.0374759435653687
40,42,732,692,kl,80.9,-0.8999999999999915,0.4499704837799072,0.4964067041873932,1.0858066082000732
40,42,733,693,kl,82.52,1.6199999999999903,0.362729549407959,0.4771050810813904,0.9262581467628479
40,42,734,694,kl,81.68,-0.8399999999999892,0.3186805844306946,0.46075353026390076,0.9241966605186462
40,42,735,695,kl,83.1,1.4199999999999875,0.44142407178878784,0.5042583346366882,0.9664325714111328
40,42,736,696,kl,81.84,-1.259999999999991,0.6906539797782898,0.6056830286979675,0.8812481760978699
40,42,737,697,kl,82.22,0.37999999999999545,0.4018336832523346,0.4915844202041626,0.9554591178894043
40,42,738,698,ce,83.14,0.9200000000000017,0.17541156709194183,0.34226569533348083,1.765417218208313
40,42,739,699,kl,80.92,-2.219999999999999,0.5581527948379517,0.5962754487991333,1.139072060585022
40,42,740,700,kl,82.24,1.3199999999999932,0.46376097202301025,0.5081049799919128,0.9354692101478577
40,42,741,701,kl,82.22,-0.01999999999999602,0.5146713256835938,0.4944624602794647,0.9489802122116089
40,42,742,702,kl,83.22,1.0,0.5390169024467468,0.5381229519844055,1.0025628805160522
40,42,743,703,kl,81.56,-1.6599999999999966,0.3090208172798157,0.4732484817504883,0.9983250498771667
40,42,744,704,kl,81.7,0.14000000000000057,0.39132818579673767,0.44912561774253845,0.9251614809036255
40,42,745,705,kl,80.74,-0.960000000000008,0.5496688485145569,0.587990939617157,1.03489089012146
40,42,746,706,kl,82.74,2.0,0.6196979284286499,0.5223240852355957,0.912774384021759
40,42,747,707,kl,81.6,-1.1400000000000006,0.5510053634643555,0.5457457304000854,1.0502828359603882
40,42,748,708,kl,82.72,1.1200000000000045,0.613848865032196,0.542853593826294,0.8821233510971069
40,42,749,709,kl,82.92,0.20000000000000284,0.35661810636520386,0.4765072464942932,0.8029545545578003
40,42,750,710,kl,83.16,0.23999999999999488,0.36808133125305176,0.4967164099216461,1.2910408973693848
40,42,751,711,kl,82.88,-0.28000000000000114,0.5906178951263428,0.5378142595291138,0.9446876049041748
40,42,752,712,kl,81.36,-1.519999999999996,0.409648597240448,0.4803180694580078,0.915341854095459
40,42,753,713,kl,82.16,0.7999999999999972,0.6286789178848267,0.5838857889175415,1.0523223876953125
40,42,754,714,kl,80.08,-2.0799999999999983,0.39958375692367554,0.48513147234916687,0.8932586312294006
40,42,755,715,kl,82.5,2.4200000000000017,0.47698745131492615,0.49577096104621887,0.8538748621940613
40,42,756,716,kl,83.3,0.7999999999999972,0.3755756914615631,0.4451332986354828,0.8287138342857361
40,42,757,717,kl,81.42,-1.8799999999999955,0.5760695934295654,0.525039792060852,0.9162530899047852
40,42,758,718,kl,83.46,2.039999999999992,0.4255874752998352,0.4629756808280945,0.7228926420211792
40,42,759,719,kl,81.62,-1.8399999999999892,0.6679274439811707,0.5734230875968933,0.9628311991691589
40,42,760,720,kl,83.26,1.6400000000000006,0.3233141601085663,0.5014920234680176,1.001131296157837
40,42,761,721,kl,81.78,-1.480000000000004,0.3964259922504425,0.4905518591403961,0.9214233160018921
40,42,762,722,kl,81.5,-0.28000000000000114,0.37619248032569885,0.47642022371292114,1.1078717708587646
40,42,763,723,kl,81.8,0.29999999999999716,0.5110872983932495,0.4929991066455841,0.985447347164154
40,42,764,724,kl,82.66,0.8599999999999994,0.47867292165756226,0.49057266116142273,0.9873400330543518
40,42,765,725,kl,81.54,-1.1199999999999903,0.5450358390808105,0.5381771922111511,1.2403353452682495
40,42,766,726,kl,82.08,0.539999999999992,0.5631661415100098,0.5319635272026062,0.9486649036407471
40,42,767,727,kl,83.2,1.1200000000000045,0.29957717657089233,0.4389899671077728,0.8595345616340637
40,42,768,728,kl,81.54,-1.6599999999999966,0.6198957562446594,0.5842510461807251,1.0652799606323242
40,42,769,729,kl,83.44,1.8999999999999915,0.6868987083435059,0.573133111000061,1.093380093574524
40,42,770,730,kl,82.1,-1.3400000000000034,0.5169588327407837,0.5411553978919983,1.0598708391189575
40,42,771,731,kl,82.26,0.1600000000000108,0.5980610251426697,0.532511293888092,0.9579183459281921
40,42,772,732,kl,82.02,-0.2400000000000091,0.47902625799179077,0.47567740082740784,0.9743067622184753
40,42,773,733,kl,82.64,0.6200000000000045,0.3116510510444641,0.46286049485206604,0.8551523089408875
40,42,774,734,kl,82.16,-0.480000000000004,0.4644336700439453,0.4623749852180481,0.9753904342651367
40,42,775,735,kl,83.1,0.9399999999999977,0.48907405138015747,0.5264402627944946,1.055198311805725
40,42,776,736,kl,81.4,-1.6999999999999886,0.4861355125904083,0.513941764831543,1.0506162643432617
40,42,777,737,kl,83.14,1.7399999999999949,0.6017411947250366,0.5128322243690491,0.9321298003196716
40,42,778,738,kl,82.32,-0.8200000000000074,0.6222277879714966,0.5750423073768616,1.099891185760498
40,42,779,739,ce,81.48,-0.8399999999999892,0.2190023809671402,0.31942319869995117,1.80642569065094
40,42,780,740,kl,80.54,-0.9399999999999977,0.5442931652069092,0.5587946772575378,1.0053386688232422
40,42,781,741,kl,80.8,0.2599999999999909,0.5568932890892029,0.5053579211235046,0.9794511795043945
40,42,782,742,kl,80.42,-0.37999999999999545,0.34970822930336,0.43351128697395325,0.8436598777770996
40,42,783,743,kl,81.86,1.4399999999999977,0.405184268951416,0.47864967584609985,0.8116874098777771
40,42,784,744,kl,82.22,0.35999999999999943,0.3487364649772644,0.46286290884017944,1.0885125398635864
40,42,785,745,kl,82.0,-0.21999999999999886,0.6346076130867004,0.5443196892738342,0.8524042367935181
40,42,786,746,kl,82.32,0.3199999999999932,0.3779286742210388,0.4842154383659363,0.8195977807044983
40,42,787,747,kl,82.1,-0.21999999999999886,0.526602029800415,0.46843522787094116,0.8079925179481506
40,42,788,748,kl,82.38,0.28000000000000114,0.42913204431533813,0.4722268283367157,0.8144630789756775
40,42,789,749,kl,81.76,-0.6199999999999903,0.4973236322402954,0.5246738195419312,0.991966187953949
40,42,790,750,kl,82.52,0.7599999999999909,0.5071274638175964,0.5312557220458984,0.7617647051811218
40,42,791,751,kl,77.88,-4.640000000000001,0.7902889847755432,0.7102946639060974,1.394465446472168
40,42,792,752,kl,82.12,4.240000000000009,0.4004683494567871,0.49257761240005493,0.8691874146461487
40,42,793,753,kl,82.44,0.3199999999999932,0.41614553332328796,0.4814050793647766,0.8922920823097229
40,42,794,754,kl,81.6,-0.8400000000000034,0.4383562207221985,0.4941853880882263,0.7485894560813904
40,42,795,755,kl,81.64,0.04000000000000625,0.3627336919307709,0.4841349720954895,1.0581051111221313
40,42,796,756,kl,81.02,-0.6200000000000045,0.6199960112571716,0.592799186706543,1.1161792278289795
40,42,797,757,kl,83.38,2.3599999999999994,0.4548105299472809,0.47856810688972473,0.7889550924301147
40,42,798,758,kl,81.7,-1.6799999999999926,0.3943387269973755,0.47448939085006714,0.8106582164764404
40,42,799,759,kl,81.14,-0.5600000000000023,0.5223275423049927,0.5054293274879456,1.031707525253296
40,42,800,760,kl,82.1,0.9599999999999937,0.5134538412094116,0.5395233035087585,1.0045713186264038
40,42,801,761,kl,81.56,-0.539999999999992,0.43650707602500916,0.48612406849861145,1.0525317192077637
40,42,802,762,kl,81.1,-0.46000000000000796,0.4539693295955658,0.4677666127681732,0.7980917692184448
40,42,803,763,kl,82.32,1.2199999999999989,0.4175018072128296,0.5318521857261658,0.8884221911430359
40,42,804,764,kl,81.92,-0.3999999999999915,0.5395787954330444,0.5304731130599976,1.0829944610595703
40,42,805,765,kl,82.62,0.7000000000000028,0.40292492508888245,0.45539426803588867,0.9798554182052612
40,42,806,766,kl,82.44,-0.18000000000000682,0.5564532279968262,0.5754091739654541,1.0138428211212158
40,42,807,767,kl,80.96,-1.480000000000004,0.5371665358543396,0.5410729646682739,1.189110517501831
40,42,808,768,kl,82.58,1.6200000000000045,0.27722740173339844,0.46005845069885254,0.9338853359222412
40,42,809,769,kl,82.98,0.4000000000000057,0.5200334787368774,0.5426382422447205,0.9457873106002808
40,42,810,770,kl,82.8,-0.18000000000000682,0.40641507506370544,0.47489050030708313,0.9513256549835205
40,42,811,771,kl,83.08,0.28000000000000114,0.4597355127334595,0.5217481255531311,0.8559786677360535
40,42,812,772,kl,82.76,-0.3199999999999932,0.5178990364074707,0.48929837346076965,1.0593845844268799
40,42,813,773,kl,80.64,-2.1200000000000045,0.49776691198349,0.5248662233352661,1.1322956085205078
40,42,814,774,kl,81.36,0.7199999999999989,0.566609263420105,0.5579666495323181,1.0067250728607178
40,42,815,775,kl,82.42,1.0600000000000023,0.19146312773227692,0.4259432554244995,0.940028190612793
40,42,816,776,kl,81.5,-0.9200000000000017,0.4826633036136627,0.5012727975845337,1.0053377151489258
40,42,817,777,kl,82.18,0.6800000000000068,0.48707616329193115,0.46737685799598694,0.886084794998169
40,42,818,778,kl,82.74,0.5599999999999881,0.5548927187919617,0.5023974776268005,0.8334066271781921
40,42,819,779,kl,81.82,-0.9200000000000017,0.5209264755249023,0.5449817180633545,0.940200686454773
40,42,820,780,ce,83.7,1.8800000000000097,0.16061021387577057,0.3153831362724304,1.840458869934082
40,456,1,-39,kl,38.88,29.200000000000003,0.4824438691139221,0.7156639099121094,1.1819918155670166
40,456,2,-38,kl,45.32,6.439999999999998,0.5967932939529419,0.6747978329658508,1.359810471534729
40,456,3,-37,kl,56.9,11.579999999999998,0.6256009340286255,0.5993338823318481,1.4776279926300049
40,456,4,-36,kl,62.46,5.560000000000002,0.31388479471206665,0.5060144066810608,1.0732671022415161
40,456,5,-35,kl,65.46,2.999999999999993,0.4456299841403961,0.5391985177993774,1.0055537223815918
40,456,6,-34,kl,70.54,5.0800000000000125,0.528087854385376,0.47647449374198914,0.9155904650688171
40,456,7,-33,kl,71.5,0.9599999999999937,0.5111336708068848,0.465453565120697,0.9019299745559692
40,456,8,-32,kl,72.84,1.3400000000000034,0.6070346832275391,0.5137936472892761,0.8038699626922607
40,456,9,-31,kl,71.76,-1.0799999999999983,0.7449295520782471,0.5844437479972839,1.1550607681274414
40,456,10,-30,kl,75.02,3.259999999999991,0.6763960719108582,0.5560247302055359,1.3719947338104248
40,456,11,-29,kl,75.86,0.8400000000000034,0.5518840551376343,0.4657424986362457,0.8857918381690979
40,456,12,-28,kl,77.14,1.2800000000000011,0.648126482963562,0.5245492458343506,1.0686367750167847
40,456,13,-27,kl,77.7,0.5600000000000023,0.6412703990936279,0.48775598406791687,0.9580966830253601
40,456,14,-26,kl,76.86,-0.8400000000000034,0.6909279823303223,0.525417149066925,0.8042179942131042
40,456,15,-25,kl,78.52,1.6599999999999966,0.6404484510421753,0.46198156476020813,0.8876692056655884
40,456,16,-24,kl,78.02,-0.5,0.3786548972129822,0.4381864666938782,1.0232031345367432
40,456,17,-23,kl,78.4,0.38000000000000966,0.5134841203689575,0.44297516345977783,0.8582233786582947
40,456,18,-22,kl,79.02,0.6199999999999903,0.5359205007553101,0.455501914024353,1.0411100387573242
40,456,19,-21,kl,79.02,0.0,0.44509628415107727,0.43795642256736755,0.8925197124481201
40,456,20,-20,kl,78.98,-0.03999999999999204,0.6676456332206726,0.46841174364089966,0.8004286289215088
40,456,21,-19,kl,77.5,-1.480000000000004,0.594193696975708,0.4835563004016876,0.8477672934532166
40,456,22,-18,kl,78.84,1.3400000000000034,0.6663944721221924,0.5153760313987732,0.9221131801605225
40,456,23,-17,kl,79.32,0.47999999999998977,0.559840738773346,0.48354262113571167,0.9718321561813354
40,456,24,-16,kl,80.64,1.3200000000000074,0.5083242058753967,0.46560803055763245,0.8455724716186523
40,456,25,-15,kl,80.4,-0.23999999999999488,0.5027022361755371,0.4267881512641907,0.8211999535560608
40,456,26,-14,kl,81.04,0.6400000000000006,0.45610755681991577,0.43264076113700867,0.8547109961509705
40,456,27,-13,kl,80.14,-0.9000000000000057,0.7141344547271729,0.5353952050209045,0.9667584300041199
40,456,28,-12,kl,80.96,0.8199999999999932,0.28887784481048584,0.3763009011745453,0.8803142309188843
40,456,29,-11,kl,80.5,-0.45999999999999375,0.5385814905166626,0.5043925046920776,0.989780068397522
40,456,30,-10,kl,80.1,-0.4000000000000057,0.4245283305644989,0.4519549608230591,0.8578137755393982
40,456,31,-9,kl,79.76,-0.3399999999999892,0.6878992319107056,0.5044460296630859,0.8551041483879089
40,456,32,-8,kl,79.24,-0.5200000000000102,0.6620985269546509,0.4970923662185669,0.9340884685516357
40,456,33,-7,kl,79.74,0.5,0.6424316167831421,0.5262963771820068,0.9699517488479614
40,456,34,-6,kl,81.0,1.2600000000000051,0.5331596732139587,0.4215013384819031,0.8199750781059265
40,456,35,-5,kl,80.52,-0.480000000000004,0.6052864789962769,0.49312761425971985,0.9762047529220581
40,456,36,-4,kl,80.98,0.46000000000000796,0.686320424079895,0.522665798664093,0.9942888021469116
40,456,37,-3,kl,79.46,-1.5200000000000102,0.6277987957000732,0.5401319265365601,0.998488187789917
40,456,38,-2,kl,80.66,1.2000000000000028,0.3319786787033081,0.42365577816963196,0.8692172169685364
40,456,39,-1,kl,80.06,-0.5999999999999943,0.7399519681930542,0.5702082514762878,1.0900110006332397
40,456,40,0,kl,81.92,1.8599999999999994,0.555805504322052,0.4679200351238251,0.9369504451751709
40,456,41,1,ce,81.08,-0.8400000000000034,0.28324365615844727,0.35963743925094604,1.811618447303772
40,456,42,2,kl,79.12,-1.9599999999999937,0.3667290210723877,0.45594561100006104,0.905409574508667
40,456,43,3,kl,81.0,1.8799999999999955,0.6297646760940552,0.5289969444274902,0.8298163414001465
40,456,44,4,kl,80.86,-0.14000000000000057,0.6422015428543091,0.5162259936332703,0.875584602355957
40,456,45,5,kl,81.08,0.21999999999999886,0.41693827509880066,0.4509502351284027,0.8637271523475647
40,456,46,6,kl,78.94,-2.1400000000000006,0.6670417785644531,0.5644148588180542,1.1290510892868042
40,456,47,7,kl,80.32,1.3799999999999955,0.6039167046546936,0.5261340737342834,1.0509611368179321
40,456,48,8,kl,80.36,0.04000000000000625,0.5623452067375183,0.48293620347976685,0.9305867552757263
40,456,49,9,kl,79.78,-0.5799999999999983,0.6180673837661743,0.5211548209190369,0.9729388356208801
40,456,50,10,kl,79.3,-0.480000000000004,0.439432293176651,0.44380247592926025,0.8262431025505066
40,456,51,11,kl,81.24,1.9399999999999977,0.3638295829296112,0.43460559844970703,0.761820375919342
40,456,52,12,kl,81.4,0.1600000000000108,0.6630362272262573,0.5407065749168396,1.037735939025879
40,456,53,13,kl,75.5,-5.900000000000006,0.7683591246604919,0.7220515012741089,1.5690613985061646
40,456,54,14,kl,81.78,6.280000000000001,0.3609203100204468,0.4100131690502167,0.8632463216781616
40,456,55,15,kl,81.98,0.20000000000000284,0.5488986372947693,0.4462012052536011,0.8219543099403381
40,456,56,16,kl,82.28,0.29999999999999716,0.6227636337280273,0.4667360186576843,0.7511860132217407
40,456,57,17,kl,79.82,-2.460000000000008,0.5925185680389404,0.5125136971473694,0.9042870402336121
40,456,58,18,kl,78.56,-1.259999999999991,0.44227999448776245,0.44347864389419556,0.895359992980957
40,456,59,19,kl,78.88,0.3199999999999932,0.6438072323799133,0.5519632697105408,1.103736162185669
40,456,60,20,kl,80.52,1.6400000000000006,0.5805296897888184,0.49612560868263245,0.8721693158149719
40,456,61,21,kl,79.02,-1.5,0.6980854868888855,0.6264272928237915,1.314673900604248
40,456,62,22,kl,81.04,2.0200000000000102,0.48849961161613464,0.4757121503353119,0.9151743650436401
40,456,63,23,kl,81.86,0.8199999999999932,0.6155475378036499,0.5195780396461487,0.941038966178894
40,456,64,24,kl,81.32,-0.5400000000000063,0.3763829171657562,0.45597535371780396,0.7926313281059265
40,456,65,25,kl,80.66,-0.6599999999999966,0.6163634657859802,0.5271505117416382,0.9255416989326477
40,456,66,26,kl,81.82,1.1599999999999966,0.49144065380096436,0.47821491956710815,0.7995170950889587
40,456,67,27,kl,82.26,0.44000000000001194,0.6458874940872192,0.5217218399047852,0.975605845451355
40,456,68,28,kl,81.24,-1.0200000000000102,0.367886483669281,0.4479663372039795,0.8663977384567261
40,456,69,29,kl,81.06,-0.1799999999999926,0.7167848348617554,0.5963345766067505,1.0458472967147827
40,456,70,30,kl,81.84,0.7800000000000011,0.6361019611358643,0.5236236453056335,0.9577094912528992
40,456,71,31,kl,81.5,-0.3400000000000034,0.5813968181610107,0.4876161813735962,0.8779850602149963
40,456,72,32,kl,81.92,0.4200000000000017,0.4573642313480377,0.4165121912956238,0.8321934342384338
40,456,73,33,kl,81.26,-0.6599999999999966,0.6340467929840088,0.5084092020988464,0.8567231893539429
40,456,74,34,kl,79.14,-2.1200000000000045,0.7505871653556824,0.607133686542511,1.2050493955612183
40,456,75,35,kl,81.16,2.019999999999996,0.6101265549659729,0.49083608388900757,0.9292065501213074
40,456,76,36,kl,81.82,0.6599999999999966,0.40970075130462646,0.4577632248401642,0.9239105582237244
40,456,77,37,kl,80.4,-1.4199999999999875,0.6323148012161255,0.531880259513855,0.994246244430542
40,456,78,38,kl,81.62,1.2199999999999989,0.6279993057250977,0.4977184534072876,0.828345000743866
40,456,79,39,kl,82.46,0.8399999999999892,0.3379289507865906,0.43690812587738037,0.8824379444122314
40,456,80,40,kl,82.74,0.28000000000000114,0.4249313473701477,0.4342297613620758,0.9371172785758972
40,456,81,41,kl,80.98,-1.759999999999991,0.5820915102958679,0.5094574689865112,0.8424824476242065
40,456,82,42,ce,81.58,0.5999999999999943,0.12276211380958557,0.3473924398422241,1.574272632598877
40,456,83,43,kl,81.72,0.14000000000000057,0.6334439516067505,0.4920511245727539,0.7721970677375793
40,456,84,44,kl,77.9,-3.819999999999993,0.6619362831115723,0.5577099323272705,0.932949960231781
40,456,85,45,kl,81.18,3.280000000000001,0.6233806610107422,0.4557301998138428,0.7040404677391052
40,456,86,46,kl,81.34,0.1599999999999966,0.6412655115127563,0.5051016807556152,1.021844506263733
40,456,87,47,kl,80.72,-0.6200000000000045,0.6757953763008118,0.5505807995796204,1.019817590713501
40,456,88,48,kl,81.66,0.9399999999999977,0.657703161239624,0.532107412815094,0.9082140326499939
40,456,89,49,kl,80.24,-1.4200000000000017,0.5466534495353699,0.5100705623626709,0.8999735713005066
40,456,90,50,kl,81.7,1.460000000000008,0.5714150667190552,0.4627915918827057,0.922920823097229
40,456,91,51,kl,81.34,-0.35999999999999943,0.6809999346733093,0.5752646923065186,1.1648852825164795
40,456,92,52,kl,81.38,0.03999999999999204,0.585331916809082,0.5236976146697998,0.9892986416816711
40,456,93,53,kl,81.6,0.21999999999999886,0.5867321491241455,0.5005723834037781,0.8051608204841614
40,456,94,54,kl,81.36,-0.23999999999999488,0.4112309217453003,0.45393139123916626,0.8790374398231506
40,456,95,55,kl,80.3,-1.0600000000000023,0.5237631797790527,0.5200256705284119,1.0196462869644165
40,456,96,56,kl,81.28,0.980000000000004,0.5779552459716797,0.5095990896224976,0.8241354823112488
40,456,97,57,kl,80.34,-0.9399999999999977,0.5928183794021606,0.5146532654762268,0.9036301374435425
40,456,98,58,kl,82.1,1.759999999999991,0.529374897480011,0.4722695052623749,1.0362412929534912
40,456,99,59,kl,81.58,-0.519999999999996,0.5138278007507324,0.4826597273349762,0.9767935872077942
40,456,100,60,kl,79.96,-1.6200000000000045,0.8162428140640259,0.6873316764831543,1.4534780979156494
40,456,101,61,kl,79.42,-0.539999999999992,0.616533100605011,0.5352464318275452,0.9646468162536621
40,456,102,62,kl,80.46,1.039999999999992,0.6929416060447693,0.5457449555397034,1.0736063718795776
40,456,103,63,kl,81.16,0.7000000000000028,0.4994474947452545,0.49298346042633057,1.1000049114227295
40,456,104,64,kl,78.78,-2.3799999999999955,0.6518021821975708,0.6124227643013,1.1458653211593628
40,456,105,65,kl,82.02,3.239999999999995,0.5236718654632568,0.4582361876964569,0.8046383857727051
40,456,106,66,kl,81.32,-0.7000000000000028,0.7170842885971069,0.563586950302124,1.032131552696228
40,456,107,67,kl,82.06,0.7400000000000091,0.35038724541664124,0.43523937463760376,0.759000301361084
40,456,108,68,kl,81.18,-0.8799999999999955,0.3474285304546356,0.42490532994270325,0.8294199109077454
40,456,109,69,kl,82.42,1.2399999999999949,0.4379780888557434,0.44285860657691956,0.8409940600395203
40,456,110,70,kl,82.56,0.14000000000000057,0.5704118013381958,0.48949313163757324,0.7607763409614563
40,456,111,71,kl,82.26,-0.29999999999999716,0.27128487825393677,0.42624491453170776,0.7472467422485352
40,456,112,72,kl,81.7,-0.5600000000000023,0.5151195526123047,0.4793567359447479,0.7660678625106812
40,456,113,73,kl,81.84,0.14000000000000057,0.4384690523147583,0.47733625769615173,0.9466664791107178
40,456,114,74,kl,81.76,-0.0799999999999983,0.5475851893424988,0.506729781627655,1.059950590133667
40,456,115,75,kl,81.84,0.0799999999999983,0.5190612077713013,0.4660642743110657,0.7622519731521606
40,456,116,76,kl,80.12,-1.7199999999999989,0.6654537916183472,0.5470641851425171,1.0013192892074585
40,456,117,77,kl,82.12,2.0,0.5219489336013794,0.43250489234924316,0.8645958304405212
40,456,118,78,kl,80.64,-1.480000000000004,0.5893362760543823,0.507327139377594,0.9181356430053711
40,456,119,79,kl,82.04,1.4000000000000057,0.5274981260299683,0.47546496987342834,0.8687001466751099
40,456,120,80,kl,82.22,0.1799999999999926,0.5691418647766113,0.4749041795730591,0.8428307771682739
40,456,121,81,kl,80.42,-1.7999999999999972,0.5706040859222412,0.4769379496574402,0.7937556505203247
40,456,122,82,kl,80.74,0.3199999999999932,0.47321030497550964,0.4559462070465088,0.8096641898155212
40,456,123,83,ce,81.0,0.2600000000000051,0.24870899319648743,0.3078478276729584,1.7795301675796509
40,456,124,84,kl,80.04,-0.9599999999999937,0.5855699777603149,0.5132118463516235,0.9010192155838013
40,456,125,85,kl,80.96,0.9199999999999875,0.5279380083084106,0.5322498679161072,1.0793137550354004
40,456,126,86,kl,81.96,1.0,0.5025049448013306,0.46307244896888733,0.988487184047699
40,456,127,87,kl,80.58,-1.3799999999999955,0.3962336778640747,0.5238887667655945,1.0014452934265137
40,456,128,88,kl,81.22,0.6400000000000006,0.4133721590042114,0.48021209239959717,0.9426463842391968
40,456,129,89,kl,82.3,1.0799999999999983,0.6085095405578613,0.5131948590278625,1.1167081594467163
40,456,130,90,kl,83.02,0.7199999999999989,0.4171088635921478,0.44349801540374756,0.9657756686210632
40,456,131,91,kl,82.06,-0.9599999999999937,0.3858518600463867,0.4453173279762268,0.795417845249176
40,456,132,92,kl,83.04,0.980000000000004,0.396037220954895,0.42060086131095886,0.7184619307518005
40,456,133,93,kl,80.36,-2.680000000000007,0.5285797119140625,0.4799259603023529,0.8269653916358948
40,456,134,94,kl,80.98,0.6200000000000045,0.6259595155715942,0.5348482131958008,1.001554250717163
40,456,135,95,kl,82.56,1.5799999999999983,0.6944059729576111,0.5349048376083374,1.008739709854126
40,456,136,96,kl,81.82,-0.7400000000000091,0.40642091631889343,0.4374329745769501,0.6816977858543396
40,456,137,97,kl,83.1,1.2800000000000011,0.4914504289627075,0.44654902815818787,0.749527633190155
40,456,138,98,kl,82.34,-0.7599999999999909,0.6036666631698608,0.4936799705028534,0.9081628322601318
40,456,139,99,kl,81.58,-0.7600000000000051,0.6443130970001221,0.5273783802986145,0.9553536176681519
40,456,140,100,kl,82.74,1.1599999999999966,0.6164834499359131,0.5248832106590271,0.9331936836242676
40,456,141,101,kl,80.9,-1.8399999999999892,0.6876507997512817,0.587221086025238,0.9556208848953247
40,456,142,102,kl,81.1,0.19999999999998863,0.5843663215637207,0.543074369430542,1.1868289709091187
40,456,143,103,kl,82.66,1.5600000000000023,0.4038603603839874,0.4485735595226288,0.7307564616203308
40,456,144,104,kl,82.3,-0.35999999999999943,0.26384711265563965,0.38902127742767334,0.7132703065872192
40,456,145,105,kl,81.18,-1.1199999999999903,0.580947995185852,0.4925277829170227,0.9299886226654053
40,456,146,106,kl,76.16,-5.02000000000001,0.709521472454071,0.5871680378913879,1.2533942461013794
40,456,147,107,kl,81.5,5.340000000000003,0.6249455213546753,0.5335102677345276,0.9905127882957458
40,456,148,108,kl,83.32,1.8199999999999932,0.6126627922058105,0.4912276566028595,0.9408125281333923
40,456,149,109,kl,81.84,-1.4799999999999898,0.4619903564453125,0.46999719738960266,0.8579578995704651
40,456,150,110,kl,82.36,0.519999999999996,0.5392533540725708,0.4883764386177063,0.7627427577972412
40,456,151,111,kl,81.14,-1.2199999999999989,0.6093129515647888,0.5276821851730347,0.9803566336631775
40,456,152,112,kl,81.04,-0.09999999999999432,0.5842362642288208,0.5378710627555847,0.90292888879776
40,456,153,113,kl,81.82,0.7799999999999869,0.5170664191246033,0.4888746440410614,0.7101203799247742
40,456,154,114,kl,80.76,-1.059999999999988,0.48265519738197327,0.5089499950408936,1.0262434482574463
40,456,155,115,kl,78.82,-1.940000000000012,0.5852589011192322,0.5382964015007019,0.8876864910125732
40,456,156,116,kl,81.44,2.6200000000000045,0.389673113822937,0.45574066042900085,0.9428541660308838
40,456,157,117,kl,82.02,0.5799999999999983,0.615644633769989,0.4875655174255371,0.9366253614425659
40,456,158,118,kl,82.1,0.0799999999999983,0.4902833104133606,0.4826023280620575,0.9136187434196472
40,456,159,119,kl,81.96,-0.14000000000000057,0.493691623210907,0.49238651990890503,0.8581171631813049
40,456,160,120,kl,82.18,0.22000000000001307,0.5315914154052734,0.48152709007263184,0.7407618165016174
40,456,161,121,kl,81.66,-0.5200000000000102,0.4176655411720276,0.44178763031959534,0.736927330493927
40,456,162,122,kl,81.78,0.12000000000000455,0.5859404802322388,0.48379823565483093,0.7506546378135681
40,456,163,123,kl,82.88,1.0999999999999943,0.4284158945083618,0.4375156760215759,0.9784991145133972
40,456,164,124,ce,82.56,-0.3199999999999932,0.21942588686943054,0.3833446204662323,1.4510116577148438
40,456,165,125,kl,78.22,-4.340000000000003,0.6647199392318726,0.5617548227310181,1.0775365829467773
40,456,166,126,kl,81.14,2.9200000000000017,0.5503049492835999,0.5213029980659485,0.9793434143066406
40,456,167,127,kl,80.18,-0.9599999999999937,0.6368845105171204,0.5390564203262329,0.9399459958076477
40,456,168,128,kl,80.82,0.6399999999999864,0.7115936279296875,0.5888192653656006,1.2317514419555664
40,456,169,129,kl,82.22,1.4000000000000057,0.4354463815689087,0.4576927125453949,0.9232548475265503
40,456,170,130,kl,81.62,-0.5999999999999943,0.4571678638458252,0.46443870663642883,0.7142471671104431
40,456,171,131,kl,81.12,-0.5,0.5048826336860657,0.4968916177749634,0.945841908454895
40,456,172,132,kl,81.32,0.19999999999998863,0.7709907293319702,0.6244085431098938,1.2012940645217896
40,456,173,133,kl,80.38,-0.9399999999999977,0.6270629167556763,0.5435440540313721,1.0937625169754028
40,456,174,134,kl,81.56,1.1800000000000068,0.6315802335739136,0.5519030094146729,1.1029294729232788
40,456,175,135,kl,82.6,1.039999999999992,0.610700249671936,0.5035516619682312,0.9414354562759399
40,456,176,136,kl,81.38,-1.2199999999999989,0.5231407284736633,0.46564245223999023,0.8245734572410583
40,456,177,137,kl,81.08,-0.29999999999999716,0.4355720281600952,0.45762112736701965,0.9351137280464172
40,456,178,138,kl,78.82,-2.260000000000005,0.5702939629554749,0.5208336710929871,0.9589669704437256
40,456,179,139,kl,82.6,3.780000000000001,0.5984898805618286,0.5099818110466003,0.9086106419563293
40,456,180,140,kl,82.0,-0.5999999999999943,0.43005597591400146,0.4329627752304077,0.7970983386039734
40,456,181,141,kl,82.98,0.980000000000004,0.2934127151966095,0.42403629422187805,0.8821646571159363
40,456,182,142,kl,81.08,-1.9000000000000057,0.605782151222229,0.5401787757873535,0.8454494476318359
40,456,183,143,kl,82.12,1.0400000000000063,0.5915893316268921,0.49584412574768066,0.9353771805763245
40,456,184,144,kl,82.16,0.03999999999999204,0.5800464153289795,0.4778512418270111,0.7948446869850159
40,456,185,145,kl,82.44,0.28000000000000114,0.5518543720245361,0.4769957363605499,0.880775511264801
40,456,186,146,kl,81.08,-1.3599999999999994,0.3650652766227722,0.47200751304626465,1.0947526693344116
40,456,187,147,kl,80.04,-1.039999999999992,0.5672955513000488,0.525351345539093,1.0559747219085693
40,456,188,148,kl,81.94,1.8999999999999915,0.6209867000579834,0.5048487782478333,0.9583079814910889
40,456,189,149,kl,81.5,-0.4399999999999977,0.5314481258392334,0.4790075421333313,0.8678374886512756
40,456,190,150,kl,81.24,-0.2600000000000051,0.5231584310531616,0.44934120774269104,0.8976379036903381
40,456,191,151,kl,81.3,0.060000000000002274,0.5828384160995483,0.4720856547355652,0.8229565620422363
40,456,192,152,kl,82.64,1.3400000000000034,0.5720478296279907,0.4516586363315582,0.6921516060829163
40,456,193,153,kl,82.7,0.060000000000002274,0.5288819074630737,0.47095996141433716,0.8559730648994446
40,456,194,154,kl,81.62,-1.0799999999999983,0.590919017791748,0.5526972413063049,0.912567675113678
40,456,195,155,kl,79.9,-1.7199999999999989,0.6091816425323486,0.539455771446228,0.9802765250205994
40,456,196,156,kl,81.26,1.3599999999999994,0.5449792742729187,0.5154058933258057,1.0520069599151611
40,456,197,157,kl,81.54,0.28000000000000114,0.5904062390327454,0.549842357635498,1.130078673362732
40,456,198,158,kl,79.32,-2.220000000000013,0.5091508030891418,0.5017992258071899,0.8397403359413147
40,456,199,159,kl,80.08,0.7600000000000051,0.7295291423797607,0.5883339643478394,1.0310932397842407
40,456,200,160,kl,81.46,1.3799999999999955,0.6285234093666077,0.5115892887115479,0.8926562070846558
40,456,201,161,kl,82.62,1.1600000000000108,0.5100744962692261,0.4911801218986511,0.8561040759086609
40,456,202,162,kl,81.7,-0.9200000000000017,0.5580087900161743,0.49719029664993286,0.9518722891807556
40,456,203,163,kl,82.88,1.1799999999999926,0.5101888179779053,0.4706392288208008,0.8003829121589661
40,456,204,164,kl,81.66,-1.2199999999999989,0.6343554258346558,0.5184480547904968,0.9996104836463928
40,456,205,165,ce,82.08,0.4200000000000017,0.3516324758529663,0.3765944540500641,1.7944875955581665
40,456,206,166,kl,81.74,-0.3400000000000034,0.5435065031051636,0.5325503945350647,1.0275367498397827
40,456,207,167,kl,80.9,-0.8399999999999892,0.5687771439552307,0.5232731103897095,1.012123465538025
40,456,208,168,kl,81.7,0.7999999999999972,0.6000200510025024,0.4914901554584503,0.9079863429069519
40,456,209,169,kl,81.08,-0.6200000000000045,0.5764003992080688,0.5063685774803162,0.9825280904769897
40,456,210,170,kl,82.8,1.7199999999999989,0.30385270714759827,0.4337409734725952,0.8334953188896179
40,456,211,171,kl,82.0,-0.7999999999999972,0.5820629000663757,0.4710555076599121,0.8568577766418457
40,456,212,172,kl,80.88,-1.1200000000000045,0.5890278220176697,0.5178117752075195,0.9603912830352783
40,456,213,173,kl,82.56,1.6800000000000068,0.49028074741363525,0.4895910918712616,0.8378662467002869
40,456,214,174,kl,82.14,-0.4200000000000017,0.47373926639556885,0.4840443730354309,0.8862729072570801
40,456,215,175,kl,82.38,0.23999999999999488,0.6271101832389832,0.5178803205490112,0.8174782395362854
40,456,216,176,kl,81.9,-0.47999999999998977,0.4441972076892853,0.4828518033027649,0.7784746289253235
40,456,217,177,kl,82.14,0.23999999999999488,0.4101293087005615,0.46819978952407837,0.7433711886405945
40,456,218,178,kl,80.62,-1.519999999999996,0.3881402015686035,0.4617704451084137,0.8282986283302307
40,456,219,179,kl,81.56,0.9399999999999977,0.539199948310852,0.5298194289207458,1.0827116966247559
40,456,220,180,kl,81.28,-0.28000000000000114,0.5274780988693237,0.520965576171875,1.091488003730774
40,456,221,181,kl,82.28,1.0,0.3007052540779114,0.43433278799057007,0.7494146227836609
40,456,222,182,kl,81.42,-0.8599999999999994,0.6546822190284729,0.5667752623558044,0.9882968068122864
40,456,223,183,kl,82.36,0.9399999999999977,0.598961353302002,0.5091765522956848,0.976282000541687
40,456,224,184,kl,81.36,-1.0,0.48969244956970215,0.46206969022750854,0.9803712964057922
40,456,225,185,kl,82.6,1.2399999999999949,0.4786873161792755,0.48503488302230835,0.9776463508605957
40,456,226,186,kl,82.94,0.3400000000000034,0.42266660928726196,0.45452824234962463,0.7567738890647888
40,456,227,187,kl,82.32,-0.6200000000000045,0.4452126622200012,0.4904268682003021,0.8725151419639587
40,456,228,188,kl,81.96,-0.35999999999999943,0.42721664905548096,0.458517849445343,0.8939816355705261
40,456,229,189,kl,82.6,0.6400000000000006,0.5559452772140503,0.47976088523864746,0.9372625946998596
40,456,230,190,kl,80.82,-1.7800000000000011,0.5537667870521545,0.5305684804916382,0.8258605599403381
40,456,231,191,kl,81.96,1.1400000000000006,0.5512220859527588,0.5496668815612793,1.026082158088684
40,456,232,192,kl,81.74,-0.21999999999999886,0.4838632345199585,0.46027639508247375,0.8891228437423706
40,456,233,193,kl,81.86,0.12000000000000455,0.44740787148475647,0.48693594336509705,0.8702714443206787
40,456,234,194,kl,82.48,0.6200000000000045,0.5981748700141907,0.505085289478302,0.8765456080436707
40,456,235,195,kl,81.24,-1.240000000000009,0.3755699098110199,0.44895094633102417,0.9288132190704346
40,456,236,196,kl,82.02,0.7800000000000011,0.4081500768661499,0.47201254963874817,0.7948530912399292
40,456,237,197,kl,81.54,-0.47999999999998977,0.504889190196991,0.49712035059928894,0.9131199717521667
40,456,238,198,kl,82.22,0.6799999999999926,0.5782991647720337,0.49687063694000244,0.9743444323539734
40,456,239,199,kl,81.76,-0.45999999999999375,0.5924386978149414,0.49612870812416077,0.8830345869064331
40,456,240,200,kl,80.52,-1.240000000000009,0.609675407409668,0.5076251029968262,0.9374295473098755
40,456,241,201,kl,81.66,1.1400000000000006,0.5381871461868286,0.4974656105041504,0.8482351303100586
40,456,242,202,kl,82.14,0.480000000000004,0.5720807313919067,0.4867900311946869,0.8986442685127258
40,456,243,203,kl,82.66,0.519999999999996,0.5445116758346558,0.48808786273002625,0.7502204775810242
40,456,244,204,kl,81.02,-1.6400000000000006,0.6186325550079346,0.49441224336624146,0.9036105275154114
40,456,245,205,kl,82.22,1.2000000000000028,0.5748448967933655,0.4940337836742401,0.8780362606048584
40,456,246,206,ce,81.62,-0.5999999999999943,0.24676525592803955,0.37240180373191833,1.633867621421814
40,456,247,207,kl,81.7,0.0799999999999983,0.5037600994110107,0.4740030765533447,0.9085807204246521
40,456,248,208,kl,81.68,-0.01999999999999602,0.6740787029266357,0.5303353667259216,0.9153759479522705
40,456,249,209,kl,81.18,-0.5,0.6353433132171631,0.5334110260009766,0.9021557569503784
40,456,250,210,kl,81.9,0.7199999999999989,0.645124077796936,0.5413708686828613,0.9884639978408813
40,456,251,211,kl,81.88,-0.020000000000010232,0.4079866409301758,0.4493063986301422,0.837948739528656
40,456,252,212,kl,80.9,-0.9799999999999898,0.6258503198623657,0.5299935340881348,1.014165997505188
40,456,253,213,kl,81.44,0.539999999999992,0.5598611831665039,0.5299093723297119,0.9168581366539001
40,456,254,214,kl,81.9,0.46000000000000796,0.5803879499435425,0.503789484500885,0.9105355739593506
40,456,255,215,kl,83.06,1.1599999999999966,0.5034648776054382,0.4599681496620178,0.7405601739883423
40,456,256,216,kl,81.0,-2.0600000000000023,0.5496741533279419,0.4752067029476166,0.8704690933227539
40,456,257,217,kl,82.44,1.4399999999999977,0.566495418548584,0.5074712634086609,0.9144427180290222
40,456,258,218,kl,82.42,-0.01999999999999602,0.4982468783855438,0.44886937737464905,0.7276008129119873
40,456,259,219,kl,81.24,-1.1800000000000068,0.5581042766571045,0.46859586238861084,0.8478448987007141
40,456,260,220,kl,80.98,-0.2599999999999909,0.4541994333267212,0.45909616351127625,0.9214436411857605
40,456,261,221,kl,81.44,0.45999999999999375,0.548285186290741,0.4732387661933899,0.8668469190597534
40,456,262,222,kl,81.0,-0.4399999999999977,0.6306674480438232,0.5242968797683716,1.0979852676391602
40,456,263,223,kl,81.96,0.9599999999999937,0.5335497856140137,0.4850735068321228,0.8725101351737976
40,456,264,224,kl,81.44,-0.519999999999996,0.4751684069633484,0.47822219133377075,0.9522364735603333
40,456,265,225,kl,82.46,1.019999999999996,0.5636382102966309,0.5204238295555115,0.934753954410553
40,456,266,226,kl,81.54,-0.9199999999999875,0.6199540495872498,0.525206983089447,0.9153125882148743
40,456,267,227,kl,79.44,-2.1000000000000085,0.7400360107421875,0.6733161211013794,1.306617259979248
40,456,268,228,kl,81.18,1.740000000000009,0.5136332511901855,0.46124687790870667,0.7978559136390686
40,456,269,229,kl,80.54,-0.6400000000000006,0.5087807178497314,0.4610499441623688,0.6872684359550476
40,456,270,230,kl,79.74,-0.8000000000000114,0.5177131295204163,0.47895026206970215,0.9139866232872009
40,456,271,231,kl,82.3,2.5600000000000023,0.4709669351577759,0.4636591672897339,0.9065718650817871
40,456,272,232,kl,82.0,-0.29999999999999716,0.5837979316711426,0.5134883522987366,0.8280656933784485
40,456,273,233,kl,81.82,-0.18000000000000682,0.6649446487426758,0.5583069920539856,0.9902781248092651
40,456,274,234,kl,82.7,0.8800000000000097,0.5242990851402283,0.4674798250198364,0.9185200333595276
40,456,275,235,kl,81.68,-1.019999999999996,0.4954259693622589,0.5074988007545471,0.9319703578948975
40,456,276,236,kl,82.0,0.3199999999999932,0.5845993757247925,0.5119238495826721,0.9582855701446533
40,456,277,237,kl,81.52,-0.480000000000004,0.6825575828552246,0.5787960290908813,1.031243085861206
40,456,278,238,kl,81.94,0.4200000000000017,0.49156343936920166,0.4577818810939789,0.8552602529525757
40,456,279,239,kl,82.44,0.5,0.5035979747772217,0.47078031301498413,0.7821297645568848
40,456,280,240,kl,81.66,-0.7800000000000011,0.4473116993904114,0.5025848746299744,0.9613591432571411
40,456,281,241,kl,83.04,1.3800000000000097,0.42414286732673645,0.4337884485721588,0.7844699025154114
40,456,282,242,kl,80.34,-2.700000000000003,0.6553786993026733,0.5728083252906799,1.0862793922424316
40,456,283,243,kl,81.2,0.8599999999999994,0.6121143102645874,0.5676294565200806,1.2261312007904053
40,456,284,244,kl,81.4,0.20000000000000284,0.5235810875892639,0.5149999856948853,0.8970045447349548
40,456,285,245,kl,81.14,-0.2600000000000051,0.5794962644577026,0.48368749022483826,0.8539135456085205
40,456,286,246,kl,82.46,1.3199999999999932,0.5529828071594238,0.4651240110397339,0.7898957133293152
40,456,287,247,ce,82.64,0.18000000000000682,0.33178797364234924,0.38580024242401123,1.7244948148727417
40,456,288,248,kl,81.46,-1.1800000000000068,0.44589778780937195,0.485615074634552,0.8806195855140686
40,456,289,249,kl,82.02,0.5600000000000023,0.45558905601501465,0.5025984644889832,0.8068217635154724
40,456,290,250,kl,82.38,0.35999999999999943,0.4534079432487488,0.4843582212924957,0.8236432075500488
40,456,291,251,kl,80.64,-1.7399999999999949,0.49662667512893677,0.4972810745239258,1.0109686851501465
40,456,292,252,kl,81.7,1.0600000000000023,0.43588685989379883,0.48291143774986267,0.9568226933479309
40,456,293,253,kl,80.56,-1.1400000000000006,0.5935513377189636,0.5257692337036133,0.9039590358734131
40,456,294,254,kl,82.3,1.7399999999999949,0.46019110083580017,0.43390950560569763,0.7110332250595093
40,456,295,255,kl,79.72,-2.5799999999999983,0.6579004526138306,0.5764022469520569,1.0089874267578125
40,456,296,256,kl,81.56,1.8400000000000034,0.6207022666931152,0.49930131435394287,0.9143079519271851
40,456,297,257,kl,82.26,0.7000000000000028,0.6247071027755737,0.5037826895713806,0.8716109991073608
40,456,298,258,kl,81.68,-0.5799999999999983,0.4904061257839203,0.4910259544849396,0.8543446660041809
40,456,299,259,kl,79.86,-1.8200000000000074,0.602458119392395,0.5660060048103333,1.2313635349273682
40,456,300,260,kl,82.7,2.8400000000000034,0.43154171109199524,0.44192829728126526,0.6887848377227783
40,456,301,261,kl,81.14,-1.5600000000000023,0.5720185041427612,0.493982195854187,0.9095516800880432
40,456,302,262,kl,82.06,0.9200000000000017,0.6513015031814575,0.5163264274597168,0.8301790952682495
40,456,303,263,kl,81.3,-0.7600000000000051,0.4700250029563904,0.49391403794288635,0.994187593460083
40,456,304,264,kl,81.1,-0.20000000000000284,0.4407210350036621,0.46397295594215393,0.9735879898071289
40,456,305,265,kl,81.36,0.2600000000000051,0.4167705774307251,0.4906371831893921,0.9694018959999084
40,456,306,266,kl,81.3,-0.060000000000002274,0.34903261065483093,0.4482332170009613,0.8496530652046204
40,456,307,267,kl,79.6,-1.7000000000000028,0.6029837727546692,0.5375858545303345,1.0651638507843018
40,456,308,268,kl,82.26,2.660000000000011,0.4129531979560852,0.4342852532863617,0.7623587250709534
40,456,309,269,kl,82.76,0.5,0.5265347957611084,0.48082906007766724,0.8287292122840881
40,456,310,270,kl,81.86,-0.9000000000000057,0.5303363800048828,0.47871509194374084,0.7556959390640259
40,456,311,271,kl,83.34,1.480000000000004,0.5168466567993164,0.47473573684692383,0.8538600206375122
40,456,312,272,kl,81.42,-1.9200000000000017,0.5131186246871948,0.49362054467201233,0.9179649949073792
40,456,313,273,kl,82.12,0.7000000000000028,0.4831118583679199,0.43633875250816345,0.8051865696907043
40,456,314,274,kl,81.6,-0.5200000000000102,0.41125068068504333,0.45226994156837463,0.7783119678497314
40,456,315,275,kl,82.36,0.7600000000000051,0.4270166754722595,0.45797282457351685,0.8089171648025513
40,456,316,276,kl,81.72,-0.6400000000000006,0.6003310680389404,0.5039106011390686,0.9101423621177673
40,456,317,277,kl,82.94,1.2199999999999989,0.5792355537414551,0.4865604043006897,0.8307710289955139
40,456,318,278,kl,80.6,-2.3400000000000034,0.6658357977867126,0.5458172559738159,1.001274824142456
40,456,319,279,kl,81.3,0.7000000000000028,0.5383104085922241,0.4973902404308319,0.8296468257904053
40,456,320,280,kl,81.5,0.20000000000000284,0.5407406687736511,0.5327854752540588,0.9970545172691345
40,456,321,281,kl,82.1,0.5999999999999943,0.5652867555618286,0.5048587918281555,0.841245174407959
40,456,322,282,kl,81.0,-1.0999999999999943,0.6661097407341003,0.5262797474861145,1.0407025814056396
40,456,323,283,kl,81.46,0.45999999999999375,0.5779712200164795,0.5038203001022339,0.9261927008628845
40,456,324,284,kl,81.12,-0.3399999999999892,0.5488118529319763,0.5522635579109192,1.1464529037475586
40,456,325,285,kl,80.3,-0.8200000000000074,0.47267231345176697,0.511214554309845,0.9853043556213379
40,456,326,286,kl,79.72,-0.5799999999999983,0.6649781465530396,0.5961028337478638,1.163588523864746
40,456,327,287,kl,82.16,2.4399999999999977,0.5933277010917664,0.5177779793739319,0.8315642476081848
40,456,328,288,ce,81.1,-1.0600000000000023,0.31704026460647583,0.3545507788658142,1.8536056280136108
40,456,329,289,kl,79.78,-1.3199999999999932,0.5777798891067505,0.537285327911377,1.0151464939117432
40,456,330,290,kl,81.92,2.1400000000000006,0.5450679063796997,0.4905223846435547,0.869217038154602
40,456,331,291,kl,81.64,-0.28000000000000114,0.5391752123832703,0.5323606729507446,1.0168191194534302
40,456,332,292,kl,80.8,-0.8400000000000034,0.5584714412689209,0.5728132724761963,0.9851560592651367
40,456,333,293,kl,81.92,1.1200000000000045,0.5368835926055908,0.49864739179611206,0.869656503200531
40,456,334,294,kl,82.22,0.29999999999999716,0.5697370171546936,0.5572315454483032,1.0081191062927246
40,456,335,295,kl,81.6,-0.6200000000000045,0.5847445130348206,0.5199970006942749,0.9163197875022888
40,456,336,296,kl,83.04,1.440000000000012,0.5522589683532715,0.49802741408348083,0.972140371799469
40,456,337,297,kl,82.0,-1.0400000000000063,0.4078742265701294,0.45213061571121216,0.9384220838546753
40,456,338,298,kl,80.94,-1.0600000000000023,0.6504510045051575,0.5332696437835693,0.9946627020835876
40,456,339,299,kl,81.24,0.29999999999999716,0.584263801574707,0.524868369102478,0.9775148034095764
40,456,340,300,kl,81.9,0.6600000000000108,0.561693549156189,0.5124706029891968,0.9894028306007385
40,456,341,301,kl,80.92,-0.980000000000004,0.6286435127258301,0.516386866569519,0.9032736420631409
40,456,342,302,kl,80.3,-0.6200000000000045,0.6910498142242432,0.5748749375343323,1.1446311473846436
40,456,343,303,kl,82.44,2.1400000000000006,0.5909717082977295,0.5205091834068298,0.8882260322570801
40,456,344,304,kl,82.3,-0.14000000000000057,0.6676427125930786,0.536860466003418,0.8312340974807739
40,456,345,305,kl,82.26,-0.03999999999999204,0.5327207446098328,0.4965997636318207,0.8685819506645203
40,456,346,306,kl,82.26,0.0,0.5636579990386963,0.5060800909996033,0.9017235636711121
40,456,347,307,kl,81.56,-0.7000000000000028,0.5678685903549194,0.5351956486701965,0.9332906007766724
40,456,348,308,kl,80.24,-1.3200000000000074,0.6113643646240234,0.5592328906059265,1.0950491428375244
40,456,349,309,kl,81.86,1.6200000000000045,0.4726291000843048,0.48389241099357605,0.8664256930351257
40,456,350,310,kl,81.68,-0.1799999999999926,0.47731825709342957,0.525281548500061,0.9761484265327454
40,456,351,311,kl,82.92,1.2399999999999949,0.5253618359565735,0.4721188247203827,0.7711465358734131
40,456,352,312,kl,81.06,-1.8599999999999994,0.24281162023544312,0.41081956028938293,0.8409003615379333
40,456,353,313,kl,82.54,1.480000000000004,0.5101113319396973,0.4311256408691406,0.8830425143241882
40,456,354,314,kl,82.4,-0.14000000000000057,0.4613214433193207,0.44939985871315,0.7563225030899048
40,456,355,315,kl,82.24,-0.1600000000000108,0.5023206472396851,0.4914669692516327,0.894136369228363
40,456,356,316,kl,81.1,-1.1400000000000006,0.7562656402587891,0.6627999544143677,1.5520614385604858
40,456,357,317,kl,82.4,1.3000000000000114,0.5916851162910461,0.5227096676826477,0.9250802397727966
40,456,358,318,kl,83.02,0.6199999999999903,0.4877132177352905,0.46038302779197693,0.8115621209144592
40,456,359,319,kl,80.56,-2.4599999999999937,0.7384034395217896,0.6103834509849548,1.0914376974105835
40,456,360,320,kl,81.08,0.519999999999996,0.6237980127334595,0.541731595993042,0.9307572841644287
40,456,361,321,kl,81.42,0.3400000000000034,0.645818293094635,0.580032467842102,1.0654444694519043
40,456,362,322,kl,81.9,0.480000000000004,0.6116927862167358,0.5184894800186157,0.9502913355827332
40,456,363,323,kl,81.58,-0.3200000000000074,0.476651668548584,0.5135491490364075,1.011897325515747
40,456,364,324,kl,82.1,0.519999999999996,0.563258171081543,0.4968315660953522,0.8015706539154053
40,456,365,325,kl,80.24,-1.8599999999999994,0.5207735896110535,0.4947342574596405,0.8494063019752502
40,456,366,326,kl,81.3,1.0600000000000023,0.7034409046173096,0.6068233251571655,1.2032583951950073
40,456,367,327,kl,81.28,-0.01999999999999602,0.5286074876785278,0.4808477461338043,0.8438182473182678
40,456,368,328,kl,81.98,0.7000000000000028,0.6551818251609802,0.5550844669342041,0.9619219899177551
40,456,369,329,ce,80.94,-1.0400000000000063,0.2851657271385193,0.3897888958454132,1.6593743562698364
40,456,370,330,kl,82.98,2.0400000000000063,0.44022172689437866,0.4520122706890106,0.8207172155380249
40,456,371,331,kl,81.5,-1.480000000000004,0.47527560591697693,0.4969033896923065,1.0074385404586792
40,456,372,332,kl,79.12,-2.3799999999999955,0.5112109184265137,0.5286046862602234,1.2178914546966553
40,456,373,333,kl,82.34,3.219999999999999,0.3652680218219757,0.43095022439956665,0.7760271430015564
40,456,374,334,kl,82.76,0.4200000000000017,0.5225869417190552,0.44857197999954224,0.81456458568573
40,456,375,335,kl,80.78,-1.980000000000004,0.6346613168716431,0.556606650352478,1.0528066158294678
40,456,376,336,kl,81.08,0.29999999999999716,0.564873218536377,0.5006881952285767,0.7679434418678284
40,456,377,337,kl,82.34,1.2600000000000051,0.5629785060882568,0.49681830406188965,0.8266503810882568
40,456,378,338,kl,81.7,-0.6400000000000006,0.589432954788208,0.5270891189575195,0.8780668377876282
40,456,379,339,kl,80.32,-1.3800000000000097,0.588037371635437,0.5072134137153625,1.0208079814910889
40,456,380,340,kl,81.92,1.6000000000000085,0.5624656677246094,0.47057831287384033,0.710504949092865
40,456,381,341,kl,81.92,0.0,0.4531914293766022,0.4755038917064667,0.755029559135437
40,456,382,342,kl,80.54,-1.3799999999999955,0.5589571595191956,0.5037306547164917,0.7721050977706909
40,456,383,343,kl,81.7,1.1599999999999966,0.4984930753707886,0.5031562447547913,1.036672592163086
40,456,384,344,kl,82.78,1.0799999999999983,0.4639245867729187,0.48464444279670715,0.8757905960083008
40,456,385,345,kl,82.24,-0.5400000000000063,0.5205333232879639,0.480864554643631,0.9189631342887878
40,456,386,346,kl,81.98,-0.2599999999999909,0.4143717885017395,0.44810014963150024,0.8001870512962341
40,456,387,347,kl,81.9,-0.0799999999999983,0.5385874509811401,0.487106055021286,0.8899391889572144
40,456,388,348,kl,81.22,-0.6800000000000068,0.5700548887252808,0.5125851631164551,0.8459895253181458
40,456,389,349,kl,80.9,-0.3199999999999932,0.6822143793106079,0.5649505257606506,1.0561997890472412
40,456,390,350,kl,81.84,0.9399999999999977,0.46970513463020325,0.46723097562789917,0.8104192018508911
40,456,391,351,kl,82.66,0.8199999999999932,0.4692988395690918,0.4935283660888672,0.881331741809845
40,456,392,352,kl,82.08,-0.5799999999999983,0.46586763858795166,0.46470263600349426,0.7754215598106384
40,456,393,353,kl,82.44,0.35999999999999943,0.4632747173309326,0.45648783445358276,0.872721791267395
40,456,394,354,kl,82.38,-0.060000000000002274,0.6999136209487915,0.5962080359458923,1.1758155822753906
40,456,395,355,kl,82.78,0.4000000000000057,0.5516422986984253,0.4916360080242157,0.8524318933486938
40,456,396,356,kl,81.22,-1.5600000000000023,0.6396118402481079,0.5892038345336914,1.0727328062057495
40,456,397,357,kl,81.98,0.7600000000000051,0.5531435012817383,0.47573235630989075,0.8570683598518372
40,456,398,358,kl,82.12,0.14000000000000057,0.6011732816696167,0.5272364616394043,0.7942547798156738
40,456,399,359,kl,81.46,-0.6600000000000108,0.603950560092926,0.5402974486351013,1.007127285003662
40,456,400,360,kl,82.04,0.5800000000000125,0.5977671146392822,0.4973043203353882,0.9178937673568726
40,456,401,361,kl,82.42,0.37999999999999545,0.4221798777580261,0.4588301181793213,0.9936424493789673
40,456,402,362,kl,83.22,0.7999999999999972,0.4835597276687622,0.5022093653678894,0.920920193195343
40,456,403,363,kl,81.96,-1.2600000000000051,0.5022391080856323,0.4699782729148865,0.9070438146591187
40,456,404,364,kl,83.28,1.3200000000000074,0.545240044593811,0.49357399344444275,0.8592413663864136
40,456,405,365,kl,81.18,-2.0999999999999943,0.6357315182685852,0.5536935329437256,0.9801040291786194
40,456,406,366,kl,81.46,0.2799999999999869,0.5125291347503662,0.4934726655483246,1.020403265953064
40,456,407,367,kl,82.26,0.8000000000000114,0.5267260670661926,0.46918824315071106,0.7912941575050354
40,456,408,368,kl,82.34,0.0799999999999983,0.5848067402839661,0.5010840892791748,0.9012079238891602
40,456,409,369,kl,82.08,-0.2600000000000051,0.44993311166763306,0.4808777868747711,0.7861342430114746
40,456,410,370,ce,81.66,-0.4200000000000017,0.22765541076660156,0.3866634666919708,1.8294326066970825
40,456,411,371,kl,81.8,0.14000000000000057,0.5906252861022949,0.5277177095413208,1.1255096197128296
40,456,412,372,kl,77.64,-4.159999999999997,0.8438630104064941,0.8360893130302429,1.882266879081726
40,456,413,373,kl,80.26,2.6200000000000045,0.5981319546699524,0.5270196199417114,0.9072010517120361
40,456,414,374,kl,82.86,2.5999999999999943,0.6458051204681396,0.5186717510223389,0.8311010003089905
40,456,415,375,kl,79.52,-3.3400000000000034,0.5769924521446228,0.5355989933013916,0.8575762510299683
40,456,416,376,kl,81.8,2.280000000000001,0.5429110527038574,0.5151088833808899,0.8528525233268738
40,456,417,377,kl,83.16,1.3599999999999994,0.433041512966156,0.43183350563049316,0.9147759675979614
40,456,418,378,kl,81.8,-1.3599999999999994,0.5200549364089966,0.46763595938682556,0.843864917755127
40,456,419,379,kl,81.88,0.0799999999999983,0.5063632726669312,0.4985150098800659,0.9444689154624939
40,456,420,380,kl,81.66,-0.21999999999999886,0.3293663263320923,0.4487604796886444,0.7710488438606262
40,456,421,381,kl,82.0,0.3400000000000034,0.5882765054702759,0.531894326210022,0.8167513012886047
40,456,422,382,kl,82.06,0.060000000000002274,0.692706823348999,0.561099648475647,1.0354441404342651
40,456,423,383,kl,81.1,-0.960000000000008,0.5715163946151733,0.4797445833683014,0.9935606718063354
40,456,424,384,kl,82.36,1.2600000000000051,0.49501344561576843,0.4298567473888397,0.9025775790214539
40,456,425,385,kl,82.26,-0.09999999999999432,0.5780044794082642,0.4959694445133209,0.810156524181366
40,456,426,386,kl,82.88,0.6199999999999903,0.39917120337486267,0.4657222330570221,0.8671652674674988
40,456,427,387,kl,82.56,-0.3199999999999932,0.4399581849575043,0.4684382379055023,0.7757478952407837
40,456,428,388,kl,81.74,-0.8200000000000074,0.3978755474090576,0.48275962471961975,0.9483904242515564
40,456,429,389,kl,81.98,0.2400000000000091,0.4217827022075653,0.4580567479133606,0.8208842277526855
40,456,430,390,kl,81.58,-0.4000000000000057,0.4270090162754059,0.44913551211357117,0.7791730165481567
40,456,431,391,kl,81.62,0.04000000000000625,0.5464135408401489,0.5138673186302185,0.8910822868347168
40,456,432,392,kl,82.2,0.5799999999999983,0.5369729995727539,0.4961286187171936,0.8549908995628357
40,456,433,393,kl,81.7,-0.5,0.6355732083320618,0.550020158290863,0.8408265709877014
40,456,434,394,kl,82.26,0.5600000000000023,0.4148625135421753,0.4690917432308197,0.8146658539772034
40,456,435,395,kl,81.98,-0.28000000000000114,0.5225104689598083,0.4709649085998535,0.8066239356994629
40,456,436,396,kl,81.8,-0.18000000000000682,0.502816915512085,0.5076318383216858,0.9753600358963013
40,456,437,397,kl,81.32,-0.480000000000004,0.43100690841674805,0.4660843014717102,0.7202191352844238
40,456,438,398,kl,82.14,0.8200000000000074,0.5526566505432129,0.4670519530773163,0.8068360686302185
40,456,439,399,kl,82.34,0.20000000000000284,0.4995940923690796,0.4971286356449127,0.9745069146156311
40,456,440,400,kl,82.48,0.14000000000000057,0.5171530246734619,0.5032320618629456,0.842958390712738
40,456,441,401,kl,82.78,0.29999999999999716,0.5531852841377258,0.5036913752555847,0.8101054430007935
40,456,442,402,kl,81.44,-1.3400000000000034,0.515358567237854,0.528424859046936,1.170859932899475
40,456,443,403,kl,82.78,1.3400000000000034,0.4991055727005005,0.4506269097328186,0.8145877718925476
40,456,444,404,kl,82.02,-0.7600000000000051,0.5104975700378418,0.4930993318557739,0.7339525818824768
40,456,445,405,kl,82.18,0.1600000000000108,0.4847257733345032,0.4769151210784912,0.837653636932373
40,456,446,406,kl,81.12,-1.0600000000000023,0.6208845376968384,0.5292984247207642,1.1134514808654785
40,456,447,407,kl,82.34,1.2199999999999989,0.4753657281398773,0.4484019875526428,0.8204830884933472
40,456,448,408,kl,81.54,-0.7999999999999972,0.4262341260910034,0.4679375886917114,0.941004753112793
40,456,449,409,kl,82.28,0.7399999999999949,0.37444835901260376,0.4622803032398224,0.8226216435432434
40,456,450,410,kl,79.4,-2.8799999999999955,0.5952973365783691,0.5167226195335388,1.0838000774383545
40,456,451,411,ce,82.52,3.1199999999999903,0.2295980155467987,0.35884296894073486,1.664168357849121
40,456,452,412,kl,81.46,-1.0600000000000023,0.6086575984954834,0.5890373587608337,1.0045186281204224
40,456,453,413,kl,82.32,0.8599999999999994,0.624602198600769,0.5321938395500183,0.9836767315864563
40,456,454,414,kl,81.66,-0.6599999999999966,0.6277627944946289,0.5238574743270874,0.9650962352752686
40,456,455,415,kl,82.36,0.7000000000000028,0.5011942386627197,0.49279263615608215,0.8543124198913574
40,456,456,416,kl,82.12,-0.23999999999999488,0.5519713163375854,0.5140818357467651,0.7456722855567932
40,456,457,417,kl,80.52,-1.6000000000000085,0.7441573143005371,0.6202885508537292,1.2073173522949219
40,456,458,418,kl,82.56,2.0400000000000063,0.21401038765907288,0.40687623620033264,0.9488526582717896
40,456,459,419,kl,82.02,-0.5400000000000063,0.2873493731021881,0.411295086145401,0.7515373826026917
40,456,460,420,kl,83.14,1.1200000000000045,0.5384889841079712,0.48191317915916443,0.9079924821853638
40,456,461,421,kl,80.42,-2.719999999999999,0.5091497898101807,0.5317509174346924,0.980606198310852
40,456,462,422,kl,82.26,1.8400000000000034,0.5117366313934326,0.47561872005462646,0.8055374026298523
40,456,463,423,kl,82.86,0.5999999999999943,0.621302604675293,0.515519380569458,0.9140363931655884
40,456,464,424,kl,81.08,-1.7800000000000011,0.4454236626625061,0.5099937915802002,0.9483444094657898
40,456,465,425,kl,81.0,-0.0799999999999983,0.6693696975708008,0.5507537126541138,1.0044142007827759
40,456,466,426,kl,82.04,1.0400000000000063,0.5056686401367188,0.44957324862480164,0.7143274545669556
40,456,467,427,kl,82.16,0.11999999999999034,0.4192579388618469,0.44186168909072876,0.7011510133743286
40,456,468,428,kl,81.58,-0.5799999999999983,0.526465654373169,0.4884728789329529,0.7566778659820557
40,456,469,429,kl,81.32,-0.2600000000000051,0.684323251247406,0.5846749544143677,1.089784860610962
40,456,470,430,kl,82.94,1.6200000000000045,0.5086475014686584,0.5049960613250732,0.8620583415031433
40,456,471,431,kl,81.94,-1.0,0.4043940305709839,0.4511525630950928,0.6434538960456848
40,456,472,432,kl,82.9,0.960000000000008,0.6065967082977295,0.5045552849769592,0.8633850812911987
40,456,473,433,kl,79.54,-3.3599999999999994,0.6951420307159424,0.618291437625885,1.341307282447815
40,456,474,434,kl,81.76,2.219999999999999,0.5013121366500854,0.4696248173713684,0.872122049331665
40,456,475,435,kl,81.98,0.21999999999999886,0.4966285228729248,0.4766619801521301,0.8916390538215637
40,456,476,436,kl,82.9,0.9200000000000017,0.4452768862247467,0.45503777265548706,0.7537125945091248
40,456,477,437,kl,80.38,-2.5200000000000102,0.6094366312026978,0.5517758131027222,1.0149601697921753
40,456,478,438,kl,82.08,1.7000000000000028,0.5076816082000732,0.45694416761398315,0.9034449458122253
40,456,479,439,kl,82.02,-0.060000000000002274,0.2559405565261841,0.4359048008918762,0.7979883551597595
40,456,480,440,kl,82.56,0.5400000000000063,0.39738979935646057,0.4768247604370117,0.9006956815719604
40,456,481,441,kl,83.04,0.480000000000004,0.560327410697937,0.48107069730758667,0.8336777687072754
40,456,482,442,kl,80.96,-2.0800000000000125,0.20615710318088531,0.40283218026161194,0.8797047138214111
40,456,483,443,kl,81.38,0.4200000000000017,0.6578195691108704,0.5486924052238464,1.0305577516555786
40,456,484,444,kl,82.7,1.3200000000000074,0.4138304889202118,0.44186097383499146,0.7784112691879272
40,456,485,445,kl,83.12,0.4200000000000017,0.543573796749115,0.5045934915542603,0.9736887812614441
40,456,486,446,kl,80.72,-2.4000000000000057,0.5754932165145874,0.4873053729534149,1.1944572925567627
40,456,487,447,kl,80.94,0.21999999999999886,0.4970680773258209,0.5218050479888916,1.1158579587936401
40,456,488,448,kl,80.92,-0.01999999999999602,0.506294310092926,0.472375750541687,0.76964271068573
40,456,489,449,kl,82.62,1.7000000000000028,0.46349847316741943,0.4695258140563965,0.7844027280807495
40,456,490,450,kl,82.88,0.2599999999999909,0.5388224124908447,0.4718082845211029,0.7834255695343018
40,456,491,451,kl,82.52,-0.35999999999999943,0.3442573547363281,0.4513014853000641,0.7529895901679993
40,456,492,452,ce,81.48,-1.039999999999992,0.19988319277763367,0.37904977798461914,1.5454181432724
40,456,493,453,kl,81.9,0.4200000000000017,0.5847162008285522,0.5250467658042908,0.8906987905502319
40,456,494,454,kl,81.96,0.05999999999998806,0.5506521463394165,0.5065556168556213,0.7636078000068665
40,456,495,455,kl,82.78,0.8200000000000074,0.43810057640075684,0.4474831521511078,0.7143585681915283
40,456,496,456,kl,82.06,-0.7199999999999989,0.5441318154335022,0.48885199427604675,0.9249231815338135
40,456,497,457,kl,80.3,-1.7600000000000051,0.5818297863006592,0.5222925543785095,0.9861178994178772
40,456,498,458,kl,80.08,-0.21999999999999886,0.5827518105506897,0.5010382533073425,1.115234613418579
40,456,499,459,kl,82.24,2.1599999999999966,0.5447518825531006,0.4965628385543823,0.8334933519363403
40,456,500,460,kl,81.96,-0.28000000000000114,0.612633466720581,0.5772299766540527,1.0895634889602661
40,456,501,461,kl,80.2,-1.759999999999991,0.5723006725311279,0.5306652784347534,1.0741289854049683
40,456,502,462,kl,81.8,1.5999999999999943,0.5424904823303223,0.5403742790222168,1.1525474786758423
40,456,503,463,kl,81.58,-0.21999999999999886,0.39023804664611816,0.4629731774330139,0.8683202266693115
40,456,504,464,kl,80.92,-0.6599999999999966,0.6680898666381836,0.5741347670555115,1.0911427736282349
40,456,505,465,kl,81.58,0.6599999999999966,0.5771080255508423,0.48953351378440857,0.8224692940711975
40,456,506,466,kl,81.48,-0.09999999999999432,0.7319296002388,0.6361014246940613,1.1576502323150635
40,456,507,467,kl,78.96,-2.5200000000000102,0.7126936912536621,0.6920904517173767,1.5309302806854248
40,456,508,468,kl,81.8,2.8400000000000034,0.47792530059814453,0.4451006054878235,0.6969125866889954
40,456,509,469,kl,82.76,0.960000000000008,0.370760440826416,0.4144298732280731,0.7929429411888123
40,456,510,470,kl,81.78,-0.980000000000004,0.4352952837944031,0.46568986773490906,0.9138303399085999
40,456,511,471,kl,81.92,0.14000000000000057,0.6726248264312744,0.5368293523788452,0.956481397151947
40,456,512,472,kl,80.58,-1.3400000000000034,0.7317793369293213,0.6482188701629639,1.1517729759216309
40,456,513,473,kl,81.62,1.0400000000000063,0.6053892374038696,0.5133274793624878,0.8681619167327881
40,456,514,474,kl,81.48,-0.14000000000000057,0.4319364130496979,0.473330557346344,0.830239474773407
40,456,515,475,kl,80.76,-0.7199999999999989,0.6472988128662109,0.5645253658294678,0.9607431888580322
40,456,516,476,kl,81.36,0.5999999999999943,0.44726356863975525,0.4919981062412262,0.91461181640625
40,456,517,477,kl,81.62,0.2600000000000051,0.49442997574806213,0.4746207594871521,0.8225357532501221
40,456,518,478,kl,81.9,0.28000000000000114,0.525282621383667,0.5149595141410828,0.8562361598014832
40,456,519,479,kl,82.64,0.7399999999999949,0.5620644092559814,0.5014184713363647,0.8772081136703491
40,456,520,480,kl,81.9,-0.7399999999999949,0.5821999311447144,0.511943519115448,0.9506973028182983
40,456,521,481,kl,81.36,-0.5400000000000063,0.5147414803504944,0.4877946376800537,0.9652217626571655
40,456,522,482,kl,79.36,-2.0,0.6379285454750061,0.6187487244606018,1.2052074670791626
40,456,523,483,kl,81.46,2.0999999999999943,0.5608342885971069,0.48315495252609253,0.9068658351898193
40,456,524,484,kl,82.8,1.3400000000000034,0.5835448503494263,0.5032619833946228,0.7612223029136658
40,456,525,485,kl,80.02,-2.780000000000001,0.6982947587966919,0.56914222240448,1.06572425365448
40,456,526,486,kl,81.72,1.7000000000000028,0.3938103914260864,0.45074668526649475,0.7495454549789429
40,456,527,487,kl,82.58,0.8599999999999994,0.5952502489089966,0.48441776633262634,0.9371680617332458
40,456,528,488,kl,82.34,-0.23999999999999488,0.586996853351593,0.5099211931228638,0.9512102603912354
40,456,529,489,kl,81.44,-0.9000000000000057,0.5935796499252319,0.5274187922477722,0.9193869233131409
40,456,530,490,kl,81.94,0.5,0.48241177201271057,0.4621276259422302,0.9094805717468262
40,456,531,491,kl,82.28,0.3400000000000034,0.44108104705810547,0.4649214446544647,0.8977652192115784
40,456,532,492,kl,82.38,0.09999999999999432,0.5707353353500366,0.5099607706069946,0.8893554210662842
40,456,533,493,ce,82.26,-0.11999999999999034,0.22824525833129883,0.3600776195526123,1.6478849649429321
40,456,534,494,kl,81.92,-0.3400000000000034,0.5688933730125427,0.5242318511009216,0.9254128336906433
40,456,535,495,kl,81.2,-0.7199999999999989,0.653895378112793,0.5355105996131897,0.9242866039276123
40,456,536,496,kl,80.88,-0.3200000000000074,0.5371278524398804,0.5065829753875732,0.7603001594543457
40,456,537,497,kl,83.16,2.280000000000001,0.4857478141784668,0.47560837864875793,0.7019092440605164
40,456,538,498,kl,82.08,-1.0799999999999983,0.5407758951187134,0.4494372606277466,0.8345512747764587
40,456,539,499,kl,82.08,0.0,0.5933164358139038,0.5040330290794373,0.87596595287323
40,456,540,500,kl,81.98,-0.09999999999999432,0.5619688034057617,0.49955737590789795,0.8035152554512024
40,456,541,501,kl,82.28,0.29999999999999716,0.5075019598007202,0.46156182885169983,0.7733556032180786
40,456,542,502,kl,81.06,-1.2199999999999989,0.5645624995231628,0.5692943930625916,1.1910358667373657
40,456,543,503,kl,82.28,1.2199999999999989,0.6798497438430786,0.5398982167243958,0.8910395503044128
40,456,544,504,kl,82.92,0.6400000000000006,0.6218447089195251,0.4975578188896179,0.8272244334220886
40,456,545,505,kl,81.06,-1.8599999999999994,0.542400062084198,0.5002143383026123,0.9479169249534607
40,456,546,506,kl,81.88,0.8199999999999932,0.5418789386749268,0.5115973949432373,1.0751800537109375
40,456,547,507,kl,82.4,0.5200000000000102,0.570572018623352,0.49604833126068115,0.8974279165267944
40,456,548,508,kl,82.14,-0.2600000000000051,0.6781476736068726,0.5571063160896301,1.1484566926956177
40,456,549,509,kl,82.06,-0.0799999999999983,0.5550471544265747,0.5282326936721802,1.0042482614517212
40,456,550,510,kl,81.92,-0.14000000000000057,0.4578557312488556,0.45085662603378296,0.8622746467590332
40,456,551,511,kl,83.12,1.2000000000000028,0.5189420580863953,0.49226832389831543,0.8893553614616394
40,456,552,512,kl,81.7,-1.4200000000000017,0.4605085253715515,0.4764803946018219,0.8229332566261292
40,456,553,513,kl,82.1,0.3999999999999915,0.5869869589805603,0.4934682548046112,0.7970337867736816
40,456,554,514,kl,82.4,0.30000000000001137,0.680034875869751,0.5451440811157227,0.902344286441803
40,456,555,515,kl,81.44,-0.960000000000008,0.5645946264266968,0.5065476298332214,0.9553274512290955
40,456,556,516,kl,82.18,0.7400000000000091,0.4685247242450714,0.5014820098876953,0.8671191930770874
40,456,557,517,kl,79.16,-3.0200000000000102,0.6795232892036438,0.5735408067703247,1.1062906980514526
40,456,558,518,kl,80.22,1.0600000000000023,0.5228286385536194,0.5315842628479004,1.1841589212417603
40,456,559,519,kl,82.84,2.6200000000000045,0.4616343677043915,0.46177759766578674,0.8605043888092041
40,456,560,520,kl,81.24,-1.6000000000000085,0.5979284048080444,0.5423186421394348,0.9434490203857422
40,456,561,521,kl,82.0,0.7600000000000051,0.47381091117858887,0.4697604775428772,0.7378771305084229
40,456,562,522,kl,82.08,0.0799999999999983,0.6356358528137207,0.5226659178733826,1.0190064907073975
40,456,563,523,kl,81.0,-1.0799999999999983,0.6483885049819946,0.520781397819519,0.817833662033081
40,456,564,524,kl,81.68,0.6800000000000068,0.46987029910087585,0.4722803235054016,1.0045568943023682
40,456,565,525,kl,82.54,0.8599999999999994,0.47201788425445557,0.47127315402030945,0.9382311105728149
40,456,566,526,kl,81.88,-0.6600000000000108,0.6008599996566772,0.5136041045188904,0.9692054390907288
40,456,567,527,kl,82.68,0.8000000000000114,0.5817142724990845,0.48650074005126953,0.7996796369552612
40,456,568,528,kl,82.88,0.19999999999998863,0.4228574335575104,0.4618404805660248,0.8058654069900513
40,456,569,529,kl,81.22,-1.6599999999999966,0.39360231161117554,0.4458698332309723,0.7233384251594543
40,456,570,530,kl,82.02,0.7999999999999972,0.5643953084945679,0.4850747287273407,1.046795129776001
40,456,571,531,kl,83.02,1.0,0.5802967548370361,0.5418948531150818,1.0222715139389038
40,456,572,532,kl,82.96,-0.060000000000002274,0.38926103711128235,0.44995465874671936,0.9024731516838074
40,456,573,533,kl,80.84,-2.1199999999999903,0.5288604497909546,0.5214256644248962,1.0068203210830688
40,456,574,534,ce,81.34,0.5,0.18188998103141785,0.3416312336921692,1.7604665756225586
40,456,575,535,kl,80.04,-1.2999999999999972,0.526685357093811,0.5327261686325073,0.9478399157524109
40,456,576,536,kl,76.96,-3.0800000000000125,0.6271367073059082,0.5727925300598145,1.294458031654358
40,456,577,537,kl,83.0,6.040000000000006,0.4193478226661682,0.4358009397983551,0.7171145081520081
40,456,578,538,kl,82.56,-0.4399999999999977,0.5758373737335205,0.49993735551834106,0.9413853287696838
40,456,579,539,kl,82.04,-0.519999999999996,0.6146883368492126,0.4936456084251404,0.8774840831756592
40,456,580,540,kl,82.26,0.21999999999999886,0.4746004343032837,0.4493134021759033,0.8504108190536499
40,456,581,541,kl,81.26,-1.0,0.5801849365234375,0.5150377750396729,1.1091649532318115
40,456,582,542,kl,81.22,-0.04000000000000625,0.501113772392273,0.4769452214241028,0.8412559032440186
40,456,583,543,kl,83.6,2.3799999999999955,0.40588170289993286,0.45031803846359253,0.7275417447090149
40,456,584,544,kl,81.1,-2.5,0.3974069356918335,0.4734228849411011,1.0945367813110352
40,456,585,545,kl,82.8,1.7000000000000028,0.5747638940811157,0.4843690097332001,0.8300462961196899
40,456,586,546,kl,82.16,-0.6400000000000006,0.6535403728485107,0.5299559831619263,1.0134986639022827
40,456,587,547,kl,82.14,-0.01999999999999602,0.23485010862350464,0.41826704144477844,0.9570543169975281
40,456,588,548,kl,81.5,-0.6400000000000006,0.5971060991287231,0.516026496887207,0.884902834892273
40,456,589,549,kl,81.68,0.18000000000000682,0.5957074165344238,0.5198151469230652,0.98936927318573
40,456,590,550,kl,80.72,-0.960000000000008,0.6042097806930542,0.5508602857589722,1.007816195487976
40,456,591,551,kl,81.96,1.2399999999999949,0.525016188621521,0.4930741786956787,0.8027715086936951
40,456,592,552,kl,81.9,-0.05999999999998806,0.642633318901062,0.5261300206184387,0.98048335313797
40,456,593,553,kl,79.68,-2.219999999999999,0.7081813812255859,0.6089144945144653,1.1033390760421753
40,456,594,554,kl,81.74,2.059999999999988,0.46752414107322693,0.4671158194541931,0.7875749468803406
40,456,595,555,kl,82.1,0.35999999999999943,0.49911463260650635,0.459904283285141,0.7104485630989075
40,456,596,556,kl,80.12,-1.9799999999999898,0.5879300832748413,0.5438322424888611,0.9317393898963928
40,456,597,557,kl,81.38,1.259999999999991,0.6846814751625061,0.5646435022354126,1.0938236713409424
40,456,598,558,kl,82.36,0.980000000000004,0.43417298793792725,0.46059104800224304,0.8533360362052917
40,456,599,559,kl,80.68,-1.6799999999999926,0.5436872839927673,0.5057308673858643,0.9098342657089233
40,456,600,560,kl,83.66,2.9799999999999898,0.28635740280151367,0.422283798456192,0.8791477680206299
40,456,601,561,kl,81.76,-1.8999999999999915,0.6318814158439636,0.5302912592887878,0.9062638282775879
40,456,602,562,kl,82.36,0.5999999999999943,0.4607437252998352,0.45489123463630676,0.8913459181785583
40,456,603,563,kl,82.24,-0.12000000000000455,0.5230150818824768,0.4606412351131439,1.0549715757369995
40,456,604,564,kl,81.98,-0.2599999999999909,0.5328205823898315,0.47890132665634155,0.8851032853126526
40,456,605,565,kl,82.24,0.2599999999999909,0.5211197137832642,0.48154985904693604,0.8971132040023804
40,456,606,566,kl,81.54,-0.6999999999999886,0.5577989816665649,0.5089056491851807,0.8633257150650024
40,456,607,567,kl,81.26,-0.28000000000000114,0.560076117515564,0.5198104977607727,0.947030782699585
40,456,608,568,kl,82.88,1.6199999999999903,0.5886722803115845,0.49845245480537415,0.8156777620315552
40,456,609,569,kl,81.36,-1.519999999999996,0.5347726941108704,0.522301971912384,0.9249106645584106
40,456,610,570,kl,81.52,0.1599999999999966,0.5440658330917358,0.4808286130428314,0.9724899530410767
40,456,611,571,kl,82.82,1.2999999999999972,0.5026220083236694,0.4493633806705475,0.8664435148239136
40,456,612,572,kl,81.2,-1.6199999999999903,0.5019531846046448,0.45560798048973083,0.844751238822937
40,456,613,573,kl,82.04,0.8400000000000034,0.5872639417648315,0.5070502161979675,0.8078672885894775
40,456,614,574,kl,82.02,-0.020000000000010232,0.4537741541862488,0.46814411878585815,0.8388106822967529
40,456,615,575,ce,81.34,-0.6799999999999926,0.22934523224830627,0.32107841968536377,1.797448992729187
40,456,616,576,kl,81.22,-0.12000000000000455,0.6374924182891846,0.5301440358161926,0.9570086598396301
40,456,617,577,kl,82.14,0.9200000000000017,0.6142523288726807,0.5251926779747009,1.012681245803833
40,456,618,578,kl,81.64,-0.5,0.5531934499740601,0.48612409830093384,0.9312321543693542
40,456,619,579,kl,79.9,-1.7399999999999949,0.6979712247848511,0.5785433650016785,1.1431297063827515
40,456,620,580,kl,81.94,2.039999999999992,0.5512233972549438,0.4765275716781616,0.8556622862815857
40,456,621,581,kl,81.62,-0.3199999999999932,0.5716841220855713,0.45858490467071533,0.7642066478729248
40,456,622,582,kl,82.52,0.8999999999999915,0.527998685836792,0.47068142890930176,0.8572729229927063
40,456,623,583,kl,82.94,0.4200000000000017,0.650091290473938,0.5275698304176331,1.0326582193374634
40,456,624,584,kl,81.1,-1.8400000000000034,0.6978524923324585,0.5809566974639893,1.2137913703918457
40,456,625,585,kl,82.08,0.980000000000004,0.5887153148651123,0.5385733246803284,0.9954792857170105
40,456,626,586,kl,80.48,-1.5999999999999943,0.5313899517059326,0.47175127267837524,0.9466121792793274
40,456,627,587,kl,82.02,1.539999999999992,0.6517795324325562,0.5425904393196106,1.1213759183883667
40,456,628,588,kl,79.96,-2.0600000000000023,0.553226888179779,0.47195711731910706,0.9422454237937927
40,456,629,589,kl,82.84,2.8800000000000097,0.5501564145088196,0.4623112976551056,0.847665011882782
40,456,630,590,kl,83.0,0.1599999999999966,0.29427897930145264,0.4086650013923645,0.7999086976051331
40,456,631,591,kl,82.4,-0.5999999999999943,0.6428993940353394,0.48861101269721985,0.8479089140892029
40,456,632,592,kl,80.7,-1.7000000000000028,0.6179001927375793,0.5379072427749634,1.0489782094955444
40,456,633,593,kl,81.74,1.039999999999992,0.5914750099182129,0.5408702492713928,1.0457475185394287
40,456,634,594,kl,82.58,0.8400000000000034,0.5712515115737915,0.4987049996852875,1.0448546409606934
40,456,635,595,kl,81.04,-1.539999999999992,0.6671968102455139,0.5393269062042236,0.988885760307312
40,456,636,596,kl,81.54,0.5,0.508033812046051,0.46228986978530884,0.8527795076370239
40,456,637,597,kl,81.96,0.4199999999999875,0.6740935444831848,0.5552234649658203,0.8974416255950928
40,456,638,598,kl,82.66,0.7000000000000028,0.572859525680542,0.5118736028671265,0.8577251434326172
40,456,639,599,kl,82.52,-0.14000000000000057,0.5249336957931519,0.49761834740638733,0.845605731010437
40,456,640,600,kl,81.86,-0.6599999999999966,0.513006329536438,0.5022069215774536,1.016278862953186
40,456,641,601,kl,81.16,-0.7000000000000028,0.4146125614643097,0.47315067052841187,0.8918312788009644
40,456,642,602,kl,80.78,-0.37999999999999545,0.6677595376968384,0.5401038527488708,1.0240802764892578
40,456,643,603,kl,82.42,1.6400000000000006,0.5102071762084961,0.5032649636268616,0.9325562119483948
40,456,644,604,kl,81.74,-0.6800000000000068,0.4200669527053833,0.4556443393230438,0.8816925287246704
40,456,645,605,kl,82.9,1.1600000000000108,0.4726148247718811,0.4505305588245392,0.7619039416313171
40,456,646,606,kl,82.98,0.0799999999999983,0.43804383277893066,0.476293683052063,0.927305281162262
40,456,647,607,kl,82.82,-0.1600000000000108,0.527929425239563,0.494219034910202,0.7346922159194946
40,456,648,608,kl,82.3,-0.519999999999996,0.5483730435371399,0.48557159304618835,0.7993959784507751
40,456,649,609,kl,81.92,-0.37999999999999545,0.5792682766914368,0.49960386753082275,0.9310063123703003
40,456,650,610,kl,81.78,-0.14000000000000057,0.6120632886886597,0.5105198621749878,1.0135531425476074
40,456,651,611,kl,81.52,-0.2600000000000051,0.6182554960250854,0.5574043989181519,1.0912071466445923
40,456,652,612,kl,82.7,1.1800000000000068,0.5773155689239502,0.49330732226371765,0.8673076629638672
40,456,653,613,kl,80.64,-2.0600000000000023,0.671546995639801,0.5452956557273865,0.9171091914176941
40,456,654,614,kl,81.6,0.9599999999999937,0.5400557518005371,0.4956955313682556,0.9407591223716736
40,456,655,615,kl,82.18,0.5800000000000125,0.533409833908081,0.4601473808288574,0.745533287525177
40,456,656,616,ce,83.0,0.8199999999999932,0.14488303661346436,0.3435135781764984,1.6140896081924438
40,456,657,617,kl,82.8,-0.20000000000000284,0.4176153540611267,0.4568434953689575,0.7784291505813599
40,456,658,618,kl,82.22,-0.5799999999999983,0.5478904247283936,0.4995620846748352,0.8211756348609924
40,456,659,619,kl,81.34,-0.8799999999999955,0.5405213832855225,0.49918773770332336,0.8630147576332092
40,456,660,620,kl,81.68,0.3400000000000034,0.7164484262466431,0.624330461025238,1.159964680671692
40,456,661,621,kl,81.28,-0.4000000000000057,0.5432289838790894,0.47621697187423706,0.8479489088058472
40,456,662,622,kl,82.0,0.7199999999999989,0.49047788977622986,0.4843962490558624,0.8768309354782104
40,456,663,623,kl,80.98,-1.019999999999996,0.6068585515022278,0.5118511915206909,0.8000103235244751
40,456,664,624,kl,81.58,0.5999999999999943,0.5731765627861023,0.5091362595558167,0.7784888744354248
40,456,665,625,kl,82.58,1.0,0.5937209129333496,0.4632759392261505,0.7478502988815308
40,456,666,626,kl,80.86,-1.7199999999999989,0.5779715180397034,0.5390403866767883,1.0213584899902344
40,456,667,627,kl,82.66,1.7999999999999972,0.625327467918396,0.5111516118049622,0.8203200697898865
40,456,668,628,kl,83.1,0.4399999999999977,0.3590330481529236,0.4191047251224518,0.7732878923416138
40,456,669,629,kl,82.16,-0.9399999999999977,0.5752658843994141,0.5050457715988159,0.682888388633728
40,456,670,630,kl,81.56,-0.5999999999999943,0.5374928712844849,0.47145789861679077,0.8373091220855713
40,456,671,631,kl,81.1,-0.46000000000000796,0.607177734375,0.5193407535552979,0.8858726620674133
40,456,672,632,kl,81.96,0.8599999999999994,0.5039963722229004,0.4781865179538727,0.8954308032989502
40,456,673,633,kl,82.76,0.8000000000000114,0.4816367030143738,0.4809754490852356,0.8849866986274719
40,456,674,634,kl,81.16,-1.6000000000000085,0.6748605966567993,0.5478429794311523,1.043131947517395
40,456,675,635,kl,81.96,0.7999999999999972,0.5650060176849365,0.49481698870658875,0.7947337031364441
40,456,676,636,kl,81.62,-0.3399999999999892,0.5225750207901001,0.48798421025276184,0.8956015706062317
40,456,677,637,kl,81.44,-0.18000000000000682,0.6818309426307678,0.5567625761032104,0.9929217100143433
40,456,678,638,kl,82.56,1.1200000000000045,0.4967705011367798,0.48390594124794006,0.8388422727584839
40,456,679,639,kl,81.5,-1.0600000000000023,0.34289443492889404,0.43479061126708984,0.858552873134613
40,456,680,640,kl,82.64,1.1400000000000006,0.43019071221351624,0.45993369817733765,0.8025842308998108
40,456,681,641,kl,82.56,-0.0799999999999983,0.599040150642395,0.5029963850975037,0.8833816647529602
40,456,682,642,kl,82.16,-0.4000000000000057,0.4806501269340515,0.4549727439880371,0.7122200727462769
40,456,683,643,kl,83.56,1.4000000000000057,0.4284879267215729,0.47609055042266846,0.9681676626205444
40,456,684,644,kl,81.78,-1.7800000000000011,0.37840214371681213,0.4452858865261078,0.7519329786300659
40,456,685,645,kl,81.52,-0.2600000000000051,0.5441458821296692,0.5320191383361816,0.951026201248169
40,456,686,646,kl,81.66,0.14000000000000057,0.593707263469696,0.49957776069641113,0.9034604430198669
40,456,687,647,kl,80.32,-1.3400000000000034,0.5272653698921204,0.496875137090683,0.9866522550582886
40,456,688,648,kl,82.74,2.4200000000000017,0.46015650033950806,0.457172155380249,0.7833907604217529
40,456,689,649,kl,81.6,-1.1400000000000006,0.6224514245986938,0.4727151393890381,0.8824914693832397
40,456,690,650,kl,82.24,0.6400000000000006,0.5851138830184937,0.5065646767616272,0.946165144443512
40,456,691,651,kl,83.18,0.9400000000000119,0.40955257415771484,0.4542907178401947,0.8960968852043152
40,456,692,652,kl,83.38,0.19999999999998863,0.5164664387702942,0.45884743332862854,0.8011223673820496
40,456,693,653,kl,82.36,-1.019999999999996,0.49958449602127075,0.47770804166793823,0.7684940099716187
40,456,694,654,kl,82.38,0.01999999999999602,0.43510332703590393,0.4379635155200958,0.800841212272644
40,456,695,655,kl,81.86,-0.519999999999996,0.453098326921463,0.47682082653045654,0.8030312657356262
40,456,696,656,kl,81.38,-0.480000000000004,0.4419732093811035,0.4642143249511719,0.7641227841377258
40,456,697,657,ce,81.9,0.5200000000000102,0.3518024682998657,0.4078005850315094,1.6884852647781372
40,456,698,658,kl,81.16,-0.7400000000000091,0.41057270765304565,0.46717390418052673,0.8421724438667297
40,456,699,659,kl,82.38,1.2199999999999989,0.6346670389175415,0.5285188555717468,0.943305253982544
40,456,700,660,kl,83.08,0.7000000000000028,0.47284018993377686,0.4638581871986389,0.7884141206741333
40,456,701,661,kl,82.62,-0.45999999999999375,0.6039482355117798,0.5253452658653259,0.8261407017707825
40,456,702,662,kl,81.74,-0.8800000000000097,0.5567770004272461,0.4916478991508484,0.7767367362976074
40,456,703,663,kl,81.12,-0.6199999999999903,0.46151936054229736,0.49750280380249023,0.9731172919273376
40,456,704,664,kl,74.88,-6.240000000000009,0.5574830770492554,0.5114489793777466,1.0117368698120117
40,456,705,665,kl,83.06,8.180000000000007,0.2821221351623535,0.43182313442230225,0.7919096350669861
40,456,706,666,kl,80.0,-3.0600000000000023,0.5384271740913391,0.5490118861198425,1.034678339958191
40,456,707,667,kl,82.1,2.0999999999999943,0.6194067001342773,0.5402950644493103,1.027872920036316
40,456,708,668,kl,82.02,-0.0799999999999983,0.36120420694351196,0.4480589032173157,0.7463411092758179
40,456,709,669,kl,81.06,-0.9599999999999937,0.5112490653991699,0.4940659701824188,0.9091582298278809
40,456,710,670,kl,81.9,0.8400000000000034,0.4877755641937256,0.45077237486839294,0.7675437331199646
40,456,711,671,kl,81.54,-0.35999999999999943,0.6592695713043213,0.5281520485877991,0.9701871275901794
40,456,712,672,kl,81.08,-0.46000000000000796,0.5767267942428589,0.522624671459198,1.0060007572174072
40,456,713,673,kl,82.06,0.980000000000004,0.6707935929298401,0.5408737063407898,0.9029828310012817
40,456,714,674,kl,80.68,-1.3799999999999955,0.6414850354194641,0.5370345115661621,1.1792576313018799
40,456,715,675,kl,81.68,1.0,0.545863687992096,0.5119813084602356,1.0731877088546753
40,456,716,676,kl,81.5,-0.18000000000000682,0.5250149369239807,0.4632228910923004,0.7856016755104065
40,456,717,677,kl,82.82,1.3199999999999932,0.5172253847122192,0.4817858636379242,0.9057129621505737
40,456,718,678,kl,81.24,-1.5799999999999983,0.6492064595222473,0.5502381324768066,1.146249771118164
40,456,719,679,kl,82.9,1.6600000000000108,0.5182909965515137,0.4877657890319824,1.0225341320037842
40,456,720,680,kl,81.5,-1.4000000000000057,0.6961144804954529,0.5631057620048523,1.0318485498428345
40,456,721,681,kl,80.98,-0.519999999999996,0.63602614402771,0.5416864156723022,0.9933575987815857
40,456,722,682,kl,80.44,-0.5400000000000063,0.623451292514801,0.514142632484436,0.9934918284416199
40,456,723,683,kl,82.3,1.8599999999999994,0.47025835514068604,0.4822893440723419,0.9157984256744385
40,456,724,684,kl,83.08,0.7800000000000011,0.3245908319950104,0.4602593779563904,0.8514397144317627
40,456,725,685,kl,82.58,-0.5,0.6410090327262878,0.5150948762893677,0.8232613205909729
40,456,726,686,kl,82.04,-0.539999999999992,0.45604074001312256,0.4883350729942322,0.8579999804496765
40,456,727,687,kl,81.08,-0.960000000000008,0.451982319355011,0.48327648639678955,0.9328612685203552
40,456,728,688,kl,81.24,0.1599999999999966,0.5821807384490967,0.49995601177215576,0.9431118369102478
40,456,729,689,kl,82.74,1.5,0.40520620346069336,0.45556163787841797,0.8510978817939758
40,456,730,690,kl,82.48,-0.2599999999999909,0.5318259000778198,0.46567749977111816,0.7732659578323364
40,456,731,691,kl,80.7,-1.7800000000000011,0.5992933511734009,0.5239712595939636,1.0073901414871216
40,456,732,692,kl,81.48,0.7800000000000011,0.5467320084571838,0.5009583830833435,0.8561487793922424
40,456,733,693,kl,82.54,1.0600000000000023,0.4343700408935547,0.46121710538864136,0.7117711305618286
40,456,734,694,kl,83.1,0.5599999999999881,0.3992937207221985,0.4379953444004059,0.9273585081100464
40,456,735,695,kl,82.62,-0.47999999999998977,0.35648971796035767,0.4455842673778534,0.8022859692573547
40,456,736,696,kl,82.06,-0.5600000000000023,0.5666643381118774,0.46724212169647217,0.7982820272445679
40,456,737,697,kl,82.82,0.7599999999999909,0.4700770080089569,0.45108506083488464,0.8223847150802612
40,456,738,698,ce,82.02,-0.7999999999999972,0.3657636046409607,0.39619308710098267,1.811675786972046
40,456,739,699,kl,82.66,0.6400000000000006,0.5363839864730835,0.5056214332580566,0.8519614338874817
40,456,740,700,kl,80.76,-1.8999999999999915,0.6570545434951782,0.5441777110099792,0.9555249810218811
40,456,741,701,kl,82.26,1.5,0.6186830997467041,0.5253162384033203,0.9370617866516113
40,456,742,702,kl,82.94,0.6799999999999926,0.4994967579841614,0.46155497431755066,0.9739392399787903
40,456,743,703,kl,82.34,-0.5999999999999943,0.6405068635940552,0.522612988948822,0.8960856795310974
40,456,744,704,kl,81.82,-0.5200000000000102,0.5256012678146362,0.5118793249130249,0.9785593748092651
40,456,745,705,kl,81.24,-0.5799999999999983,0.5971584320068359,0.5103333592414856,0.8975668549537659
40,456,746,706,kl,83.02,1.7800000000000011,0.5668072700500488,0.4856182634830475,0.8095420598983765
40,456,747,707,kl,82.46,-0.5600000000000023,0.4151895046234131,0.4635900557041168,0.861009955406189
40,456,748,708,kl,82.5,0.04000000000000625,0.5336300730705261,0.49986350536346436,1.0339034795761108
40,456,749,709,kl,82.24,-0.2600000000000051,0.48046648502349854,0.4451352059841156,0.9442885518074036
40,456,750,710,kl,80.88,-1.3599999999999994,0.5631824135780334,0.4911108911037445,0.9813558459281921
40,456,751,711,kl,81.42,0.5400000000000063,0.6227885484695435,0.5189000368118286,0.9939437508583069
40,456,752,712,kl,82.1,0.6799999999999926,0.6089937686920166,0.5100952982902527,0.8807629346847534
40,456,753,713,kl,81.52,-0.5799999999999983,0.4876689612865448,0.5027909278869629,0.8737729787826538
40,456,754,714,kl,80.5,-1.019999999999996,0.5911417603492737,0.5040924549102783,0.8773249387741089
40,456,755,715,kl,81.68,1.1800000000000068,0.5517627000808716,0.4795667231082916,0.8286487460136414
40,456,756,716,kl,81.84,0.1599999999999966,0.644109845161438,0.49585214257240295,0.9401900768280029
40,456,757,717,kl,81.94,0.09999999999999432,0.6345465183258057,0.5134009718894958,0.8892841339111328
40,456,758,718,kl,81.78,-0.1599999999999966,0.5262337923049927,0.49011021852493286,0.7789061665534973
40,456,759,719,kl,81.82,0.03999999999999204,0.5763794779777527,0.49778708815574646,0.7605233788490295
40,456,760,720,kl,81.0,-0.8199999999999932,0.5694433450698853,0.5419864654541016,1.0973083972930908
40,456,761,721,kl,82.24,1.2399999999999949,0.6104938983917236,0.5341600179672241,0.9233598709106445
40,456,762,722,kl,81.16,-1.0799999999999983,0.49110502004623413,0.5228476524353027,0.8699309825897217
40,456,763,723,kl,81.7,0.5400000000000063,0.5097814798355103,0.5108339190483093,0.941312313079834
40,456,764,724,kl,82.38,0.6799999999999926,0.5791406035423279,0.4985871911048889,0.794102132320404
40,456,765,725,kl,82.42,0.04000000000000625,0.4653553366661072,0.4719240963459015,0.8712987899780273
40,456,766,726,kl,81.06,-1.3599999999999994,0.5071684122085571,0.4751129448413849,0.7911581993103027
40,456,767,727,kl,82.14,1.0799999999999983,0.6534136533737183,0.5476545095443726,0.921960175037384
40,456,768,728,kl,81.28,-0.8599999999999994,0.6323939561843872,0.5330730080604553,1.0336964130401611
40,456,769,729,kl,82.38,1.0999999999999943,0.5757262706756592,0.513626217842102,0.8106432557106018
40,456,770,730,kl,80.06,-2.319999999999993,0.6731053590774536,0.5910898447036743,1.2500356435775757
40,456,771,731,kl,82.1,2.039999999999992,0.6881327033042908,0.5958691239356995,1.2117658853530884
40,456,772,732,kl,80.6,-1.5,0.5717986822128296,0.5211331248283386,0.9939543604850769
40,456,773,733,kl,78.36,-2.239999999999995,0.6668166518211365,0.6193302273750305,1.2605645656585693
40,456,774,734,kl,81.68,3.3200000000000074,0.562751054763794,0.5175839066505432,0.7807749509811401
40,456,775,735,kl,81.92,0.23999999999999488,0.6837331056594849,0.5726929903030396,0.9354066252708435
40,456,776,736,kl,80.74,-1.1800000000000068,0.7244780659675598,0.5954472422599792,1.1670317649841309
40,456,777,737,kl,83.48,2.740000000000009,0.5277543663978577,0.44178906083106995,0.6975991129875183
40,456,778,738,kl,82.08,-1.4000000000000057,0.6123393774032593,0.5145484805107117,1.0082409381866455
40,456,779,739,ce,83.16,1.0799999999999983,0.20809952914714813,0.33321550488471985,1.8753306865692139
40,456,780,740,kl,80.86,-2.299999999999997,0.43511104583740234,0.5152742266654968,1.2474350929260254
40,456,781,741,kl,81.66,0.7999999999999972,0.42848294973373413,0.4618290066719055,0.7614873647689819
40,456,782,742,kl,83.0,1.3400000000000034,0.4389401078224182,0.4794326424598694,0.7425099611282349
40,456,783,743,kl,81.38,-1.6200000000000045,0.5401387214660645,0.47616636753082275,0.7926552295684814
40,456,784,744,kl,82.04,0.6600000000000108,0.6577815413475037,0.5188755393028259,1.0118011236190796
40,456,785,745,kl,81.76,-0.28000000000000114,0.5408626794815063,0.49863773584365845,0.8805174231529236
40,456,786,746,kl,81.24,-0.5200000000000102,0.6913230419158936,0.5497493743896484,0.9596493244171143
40,456,787,747,kl,81.6,0.35999999999999943,0.6431976556777954,0.5619274377822876,0.9448900818824768
40,456,788,748,kl,82.58,0.980000000000004,0.4265863001346588,0.47508448362350464,0.7625491619110107
40,456,789,749,kl,81.52,-1.0600000000000023,0.6020103096961975,0.489314466714859,0.7883987426757812
40,456,790,750,kl,81.82,0.29999999999999716,0.5926446914672852,0.551258385181427,0.9846816658973694
40,456,791,751,kl,83.18,1.3600000000000136,0.6810104846954346,0.5297031998634338,1.006635308265686
40,456,792,752,kl,82.34,-0.8400000000000034,0.4329778552055359,0.4901870787143707,0.9705800414085388
40,456,793,753,kl,82.74,0.3999999999999915,0.6666754484176636,0.5463663339614868,1.0111476182937622
40,456,794,754,kl,81.48,-1.259999999999991,0.6770358085632324,0.5582913160324097,0.9902199506759644
40,456,795,755,kl,82.34,0.8599999999999994,0.5119903087615967,0.4927803575992584,0.9149438738822937
40,456,796,756,kl,80.62,-1.7199999999999989,0.5804266333580017,0.5371441841125488,0.922796905040741
40,456,797,757,kl,82.12,1.5,0.5659854412078857,0.5019833445549011,0.9685989022254944
40,456,798,758,kl,80.08,-2.0400000000000063,0.7773573398590088,0.6727871894836426,1.298733115196228
40,456,799,759,kl,82.28,2.200000000000003,0.5577649474143982,0.49181145429611206,0.9800452589988708
40,456,800,760,kl,82.08,-0.20000000000000284,0.6257997751235962,0.5307555198669434,1.0846679210662842
40,456,801,761,kl,81.9,-0.1799999999999926,0.5284908413887024,0.4731445908546448,0.7008123993873596
40,456,802,762,kl,82.98,1.0799999999999983,0.5311923027038574,0.4855579733848572,0.7976288199424744
40,456,803,763,kl,81.58,-1.4000000000000057,0.47701871395111084,0.45085352659225464,0.8856337070465088
40,456,804,764,kl,82.46,0.8799999999999955,0.34662002325057983,0.46221524477005005,0.8380028605461121
40,456,805,765,kl,81.42,-1.039999999999992,0.554884135723114,0.5303927659988403,0.9856183528900146
40,456,806,766,kl,82.06,0.6400000000000006,0.6316827535629272,0.5237111449241638,0.9462217092514038
40,456,807,767,kl,81.7,-0.35999999999999943,0.7052854895591736,0.5391049385070801,1.1163716316223145
40,456,808,768,kl,82.7,1.0,0.5811135172843933,0.5156762599945068,0.779170036315918
40,456,809,769,kl,81.36,-1.3400000000000034,0.6642125248908997,0.5598896741867065,1.0802392959594727
40,456,810,770,kl,82.7,1.3400000000000034,0.601490318775177,0.511457622051239,0.9602809548377991
40,456,811,771,kl,82.1,-0.6000000000000085,0.44711169600486755,0.4848283529281616,0.8431464433670044
40,456,812,772,kl,82.96,0.8599999999999994,0.567802906036377,0.48891380429267883,0.8435329794883728
40,456,813,773,kl,82.3,-0.6599999999999966,0.5950915217399597,0.4922938644886017,0.8230848908424377
40,456,814,774,kl,82.0,-0.29999999999999716,0.5869491100311279,0.5239824056625366,0.8406773805618286
40,456,815,775,kl,82.0,0.0,0.6289621591567993,0.5260692238807678,0.8156145811080933
40,456,816,776,kl,83.1,1.0999999999999943,0.6031774282455444,0.5046415328979492,0.8559176921844482
40,456,817,777,kl,82.8,-0.29999999999999716,0.6342841386795044,0.5059491991996765,0.9300046563148499
40,456,818,778,kl,83.5,0.7000000000000028,0.5472184419631958,0.4905701279640198,0.9057403802871704
40,456,819,779,kl,81.48,-2.019999999999996,0.4759290814399719,0.5006507635116577,0.896004855632782
40,456,820,780,ce,79.32,-2.160000000000011,0.18845033645629883,0.3514065444469452,1.8444007635116577
40,789,1,-39,kl,41.6,32.22,0.7175809144973755,0.8171578645706177,1.7170233726501465
40,789,2,-38,kl,48.6,7.0,0.6583791971206665,0.7332697510719299,1.4635035991668701
40,789,3,-37,kl,62.06,13.46,0.7196786403656006,0.5406827926635742,1.2652630805969238
40,789,4,-36,kl,69.14,7.079999999999998,0.5678180456161499,0.430714875459671,1.0157923698425293
40,789,5,-35,kl,70.56,1.4200000000000017,0.478264719247818,0.44036513566970825,0.9040332436561584
40,789,6,-34,kl,72.36,1.7999999999999972,0.5874995589256287,0.47959333658218384,1.16276216506958
40,789,7,-33,kl,74.68,2.3200000000000074,0.5154933929443359,0.4131320118904114,0.9040573835372925
40,789,8,-32,kl,75.86,1.1799999999999926,0.539086103439331,0.4343920350074768,0.9377961158752441
40,789,9,-31,kl,76.34,0.480000000000004,0.5789918303489685,0.4610656201839447,0.9968844056129456
40,789,10,-30,kl,76.98,0.6400000000000006,0.4773847758769989,0.42861679196357727,0.9105173945426941
40,789,11,-29,kl,76.22,-0.7600000000000051,0.6694203019142151,0.4921480119228363,1.2501521110534668
40,789,12,-28,kl,78.8,2.5799999999999983,0.5853951573371887,0.48775890469551086,1.0156564712524414
40,789,13,-27,kl,78.4,-0.3999999999999915,0.5836464762687683,0.47386059165000916,1.0571093559265137
40,789,14,-26,kl,78.82,0.4199999999999875,0.47900283336639404,0.3968219459056854,0.8547298312187195
40,789,15,-25,kl,78.94,0.12000000000000455,0.36561039090156555,0.40529635548591614,1.0831533670425415
40,789,16,-24,kl,78.66,-0.28000000000000114,0.3937881290912628,0.3981231153011322,1.0316104888916016
40,789,17,-23,kl,79.6,0.9399999999999977,0.5848474502563477,0.5088483095169067,1.1111421585083008
40,789,18,-22,kl,77.68,-1.9199999999999875,0.5490225553512573,0.49694305658340454,1.2756965160369873
40,789,19,-21,kl,78.72,1.039999999999992,0.3906008005142212,0.3924542963504791,0.9996269345283508
40,789,20,-20,kl,79.86,1.1400000000000006,0.6350903511047363,0.5051345825195312,0.8507119417190552
40,789,21,-19,kl,79.12,-0.7399999999999949,0.656815230846405,0.5365950465202332,1.2872971296310425
40,789,22,-18,kl,80.72,1.5999999999999943,0.36810407042503357,0.3807958662509918,0.7829627990722656
40,789,23,-17,kl,78.76,-1.9599999999999937,0.5661972761154175,0.4556286931037903,0.9920439124107361
40,789,24,-16,kl,80.6,1.8399999999999892,0.6041587591171265,0.45062386989593506,0.8488758206367493
40,789,25,-15,kl,81.06,0.46000000000000796,0.3066737949848175,0.3855079114437103,0.8990175724029541
40,789,26,-14,kl,80.92,-0.14000000000000057,0.5751874446868896,0.4646047055721283,0.7785841226577759
40,789,27,-13,kl,81.44,0.519999999999996,0.39445048570632935,0.41662728786468506,0.9410998821258545
40,789,28,-12,kl,79.76,-1.6799999999999926,0.44515663385391235,0.42558780312538147,1.0213500261306763
40,789,29,-11,kl,79.76,0.0,0.4680611491203308,0.4465024471282959,1.051802396774292
40,789,30,-10,kl,80.44,0.6799999999999926,0.5437467098236084,0.46399012207984924,0.9565849900245667
40,789,31,-9,kl,79.64,-0.7999999999999972,0.5055797100067139,0.4824296236038208,1.0230259895324707
40,789,32,-8,kl,80.06,0.4200000000000017,0.5418293476104736,0.44753435254096985,0.9803427457809448
40,789,33,-7,kl,80.08,0.01999999999999602,0.6188664436340332,0.4695929288864136,0.9254462122917175
40,789,34,-6,kl,80.98,0.9000000000000057,0.532501220703125,0.467410683631897,1.1017155647277832
40,789,35,-5,kl,80.36,-0.6200000000000045,0.5537269115447998,0.4358045756816864,0.7737950086593628
40,789,36,-4,kl,81.58,1.2199999999999989,0.2285023331642151,0.3623118996620178,1.0158859491348267
40,789,37,-3,kl,81.0,-0.5799999999999983,0.42849522829055786,0.4089587926864624,0.9020754098892212
40,789,38,-2,kl,81.38,0.37999999999999545,0.26279377937316895,0.3547610938549042,0.7409500479698181
40,789,39,-1,kl,81.36,-0.01999999999999602,0.4960971474647522,0.45950883626937866,0.8349007368087769
40,789,40,0,kl,81.32,-0.04000000000000625,0.2741807699203491,0.3729816675186157,0.841913640499115
40,789,41,1,ce,81.22,-0.09999999999999432,0.24301442503929138,0.31108638644218445,1.7165426015853882
40,789,42,2,kl,79.98,-1.2399999999999949,0.6829717755317688,0.5759663581848145,1.4729238748550415
40,789,43,3,kl,81.06,1.0799999999999983,0.5395316481590271,0.47251513600349426,0.8670905232429504
40,789,44,4,kl,79.78,-1.2800000000000011,0.6140369176864624,0.4824219048023224,1.0468868017196655
40,789,45,5,kl,81.98,2.200000000000003,0.4469476044178009,0.4254317879676819,0.9651349186897278
40,789,46,6,kl,82.38,0.3999999999999915,0.49046117067337036,0.4488723874092102,0.9452739953994751
40,789,47,7,kl,81.52,-0.8599999999999994,0.37678372859954834,0.4296766519546509,1.0881314277648926
40,789,48,8,kl,81.32,-0.20000000000000284,0.5542827844619751,0.4558740556240082,0.9378336668014526
40,789,49,9,kl,81.44,0.12000000000000455,0.538317859172821,0.4458792209625244,0.7625964879989624
40,789,50,10,kl,82.1,0.6599999999999966,0.3554224669933319,0.39299875497817993,0.9571261405944824
40,789,51,11,kl,81.58,-0.519999999999996,0.5387425422668457,0.47537192702293396,1.0549288988113403
40,789,52,12,kl,80.76,-0.8199999999999932,0.40793269872665405,0.4200015962123871,1.0238786935806274
40,789,53,13,kl,81.74,0.9799999999999898,0.5195307731628418,0.45275580883026123,0.917345404624939
40,789,54,14,kl,82.6,0.8599999999999994,0.5561173558235168,0.4475756287574768,0.8997573256492615
40,789,55,15,kl,81.6,-1.0,0.4714365005493164,0.4284677505493164,0.7478458285331726
40,789,56,16,kl,80.98,-0.6199999999999903,0.4245727062225342,0.44525864720344543,0.8439556360244751
40,789,57,17,kl,81.26,0.28000000000000114,0.5731409192085266,0.4959809482097626,0.9563245177268982
40,789,58,18,kl,81.22,-0.04000000000000625,0.45531991124153137,0.3988560140132904,0.8834859728813171
40,789,59,19,kl,80.86,-0.35999999999999943,0.6047504544258118,0.5186365842819214,1.1043246984481812
40,789,60,20,kl,81.66,0.7999999999999972,0.31345096230506897,0.3831520974636078,0.7606886625289917
40,789,61,21,kl,80.5,-1.1599999999999966,0.48406049609184265,0.4399048686027527,1.0168715715408325
40,789,62,22,kl,82.34,1.8400000000000034,0.46870917081832886,0.4854634702205658,1.0007174015045166
40,789,63,23,kl,81.98,-0.35999999999999943,0.3953668773174286,0.4298068583011627,1.0356159210205078
40,789,64,24,kl,81.44,-0.5400000000000063,0.5939021110534668,0.47665926814079285,0.9097353219985962
40,789,65,25,kl,82.06,0.6200000000000045,0.4383920431137085,0.4282091557979584,1.1148250102996826
40,789,66,26,kl,81.72,-0.3400000000000034,0.31097519397735596,0.40573805570602417,1.079017162322998
40,789,67,27,kl,81.18,-0.539999999999992,0.4018628001213074,0.39893031120300293,1.0980857610702515
40,789,68,28,kl,81.24,0.05999999999998806,0.438780814409256,0.43869292736053467,0.8915598392486572
40,789,69,29,kl,82.1,0.8599999999999994,0.521695613861084,0.4836418330669403,0.9318585991859436
40,789,70,30,kl,81.86,-0.23999999999999488,0.4850832521915436,0.4470813274383545,1.0365935564041138
40,789,71,31,kl,81.68,-0.1799999999999926,0.5324695110321045,0.46294739842414856,0.9414664506912231
40,789,72,32,kl,80.2,-1.480000000000004,0.5589320063591003,0.48996901512145996,1.2183575630187988
40,789,73,33,kl,80.74,0.539999999999992,0.6413399577140808,0.5158362984657288,1.1258515119552612
40,789,74,34,kl,81.42,0.6800000000000068,0.48584628105163574,0.4740760922431946,1.1178407669067383
40,789,75,35,kl,80.24,-1.1800000000000068,0.6470863819122314,0.4985947608947754,1.0303022861480713
40,789,76,36,kl,81.6,1.3599999999999994,0.5801286101341248,0.47906479239463806,0.8885069489479065
40,789,77,37,kl,81.64,0.04000000000000625,0.4922236502170563,0.4265558421611786,0.757768988609314
40,789,78,38,kl,81.34,-0.29999999999999716,0.6032316088676453,0.4576701819896698,0.8805441856384277
40,789,79,39,kl,79.66,-1.6800000000000068,0.5780212879180908,0.4828397333621979,1.0707086324691772
40,789,80,40,kl,82.06,2.4000000000000057,0.5079807043075562,0.46618714928627014,0.919923722743988
40,789,81,41,kl,82.36,0.29999999999999716,0.29977166652679443,0.3963523209095001,0.9329171180725098
40,789,82,42,ce,79.84,-2.519999999999996,0.29120343923568726,0.37741225957870483,1.787326693534851
40,789,83,43,kl,81.12,1.2800000000000011,0.47918301820755005,0.4802020788192749,1.191252589225769
40,789,84,44,kl,81.82,0.6999999999999886,0.38647428154945374,0.43000414967536926,1.0149236917495728
40,789,85,45,kl,82.7,0.8800000000000097,0.4119602143764496,0.4521059989929199,0.9737680554389954
40,789,86,46,kl,82.8,0.09999999999999432,0.46429628133773804,0.414765328168869,0.9538233876228333
40,789,87,47,kl,83.44,0.6400000000000006,0.4719974994659424,0.45179420709609985,0.9144203066825867
40,789,88,48,kl,80.92,-2.519999999999996,0.5441447496414185,0.45842108130455017,0.9762555956840515
40,789,89,49,kl,82.54,1.6200000000000045,0.39292559027671814,0.41369614005088806,0.7970430254936218
40,789,90,50,kl,81.42,-1.1200000000000045,0.5236402750015259,0.46015071868896484,0.976719319820404
40,789,91,51,kl,81.9,0.480000000000004,0.5232923030853271,0.4434117078781128,0.8381752371788025
40,789,92,52,kl,81.94,0.03999999999999204,0.37496569752693176,0.4119575619697571,1.0824263095855713
40,789,93,53,kl,82.74,0.7999999999999972,0.5160651803016663,0.4645019471645355,0.9052404761314392
40,789,94,54,kl,80.58,-2.1599999999999966,0.38467922806739807,0.396885484457016,0.9675063490867615
40,789,95,55,kl,82.26,1.6800000000000068,0.5653286576271057,0.47585558891296387,0.9808218479156494
40,789,96,56,kl,81.78,-0.480000000000004,0.46733081340789795,0.46680328249931335,1.098539113998413
40,789,97,57,kl,81.34,-0.4399999999999977,0.4608367681503296,0.43511107563972473,1.0367980003356934
40,789,98,58,kl,81.66,0.3199999999999932,0.4914214015007019,0.4265543222427368,0.8917381763458252
40,789,99,59,kl,79.38,-2.280000000000001,0.5670636892318726,0.48336708545684814,1.1393789052963257
40,789,100,60,kl,82.06,2.680000000000007,0.5163627862930298,0.4602380394935608,1.0451405048370361
40,789,101,61,kl,81.06,-1.0,0.5255880355834961,0.48977333307266235,1.001503348350525
40,789,102,62,kl,81.42,0.35999999999999943,0.44467294216156006,0.4132723808288574,0.8646550178527832
40,789,103,63,kl,81.0,-0.4200000000000017,0.5034607648849487,0.4602739214897156,0.945618748664856
40,789,104,64,kl,81.02,0.01999999999999602,0.45995116233825684,0.44595789909362793,1.0113691091537476
40,789,105,65,kl,82.36,1.3400000000000034,0.4191729724407196,0.41459959745407104,0.845119059085846
40,789,106,66,kl,82.24,-0.12000000000000455,0.45282119512557983,0.426782488822937,0.8650752902030945
40,789,107,67,kl,81.32,-0.9200000000000017,0.5278944969177246,0.44128498435020447,0.9376002550125122
40,789,108,68,kl,82.34,1.0200000000000102,0.45988452434539795,0.4656408727169037,0.8406456112861633
40,789,109,69,kl,80.28,-2.0600000000000023,0.55462646484375,0.4799772799015045,0.9426361322402954
40,789,110,70,kl,82.34,2.0600000000000023,0.5182777047157288,0.47178348898887634,0.952110767364502
40,789,111,71,kl,81.42,-0.9200000000000017,0.5023888349533081,0.4672252833843231,0.8849970102310181
40,789,112,72,kl,81.78,0.35999999999999943,0.4445708990097046,0.4505288898944855,0.8761453628540039
40,789,113,73,kl,81.6,-0.18000000000000682,0.5180985927581787,0.4800861179828644,0.8808189630508423
40,789,114,74,kl,81.96,0.35999999999999943,0.5047014355659485,0.4627159535884857,1.0649288892745972
40,789,115,75,kl,83.64,1.6800000000000068,0.49297401309013367,0.45862582325935364,0.9112403988838196
40,789,116,76,kl,80.56,-3.0799999999999983,0.5181814432144165,0.5166392922401428,1.246679425239563
40,789,117,77,kl,81.88,1.3199999999999932,0.5118898153305054,0.4818679094314575,1.0765489339828491
40,789,118,78,kl,79.92,-1.9599999999999937,0.51828932762146,0.4523068070411682,0.9509167075157166
40,789,119,79,kl,80.02,0.09999999999999432,0.5270089507102966,0.4634433090686798,1.1175050735473633
40,789,120,80,kl,81.8,1.7800000000000011,0.37467697262763977,0.41264551877975464,0.9067263007164001
40,789,121,81,kl,82.1,0.29999999999999716,0.4212912619113922,0.4277031421661377,0.9802485704421997
40,789,122,82,kl,81.42,-0.6799999999999926,0.38067832589149475,0.40697741508483887,0.7853057980537415
40,789,123,83,ce,81.26,-0.1599999999999966,0.2738579511642456,0.34001895785331726,1.7290525436401367
40,789,124,84,kl,80.98,-0.28000000000000114,0.4100964069366455,0.4051569104194641,1.1097561120986938
40,789,125,85,kl,81.56,0.5799999999999983,0.48663944005966187,0.4392164349555969,0.8382046818733215
40,789,126,86,kl,79.62,-1.9399999999999977,0.6150656938552856,0.4884110987186432,1.2348495721817017
40,789,127,87,kl,82.32,2.6999999999999886,0.4969279170036316,0.42410117387771606,0.7923957109451294
40,789,128,88,kl,81.78,-0.539999999999992,0.4194967746734619,0.41398075222969055,0.9256377816200256
40,789,129,89,kl,82.18,0.4000000000000057,0.38097718358039856,0.39216089248657227,0.8597628474235535
40,789,130,90,kl,82.04,-0.14000000000000057,0.5301179885864258,0.49795129895210266,0.9255488514900208
40,789,131,91,kl,81.88,-0.1600000000000108,0.48182058334350586,0.4584251344203949,1.0394632816314697
40,789,132,92,kl,82.2,0.3200000000000074,0.3844529986381531,0.42740362882614136,0.8983598351478577
40,789,133,93,kl,81.7,-0.5,0.5163165926933289,0.482046514749527,1.081167221069336
40,789,134,94,kl,80.44,-1.2600000000000051,0.5196312665939331,0.46799829602241516,1.168947696685791
40,789,135,95,kl,80.94,0.5,0.5584115982055664,0.5211734771728516,1.0393264293670654
40,789,136,96,kl,81.7,0.7600000000000051,0.6019911170005798,0.48561781644821167,1.1040327548980713
40,789,137,97,kl,81.44,-0.2600000000000051,0.3383602499961853,0.4303894639015198,0.980657160282135
40,789,138,98,kl,83.32,1.8799999999999955,0.3930581510066986,0.39889830350875854,0.7778969407081604
40,789,139,99,kl,81.48,-1.8399999999999892,0.6058964729309082,0.49387407302856445,1.1648917198181152
40,789,140,100,kl,81.3,-0.18000000000000682,0.3892847001552582,0.4140211045742035,1.0337514877319336
40,789,141,101,kl,81.44,0.14000000000000057,0.321444571018219,0.4214584231376648,0.922690749168396
40,789,142,102,kl,81.4,-0.03999999999999204,0.404157429933548,0.39778822660446167,0.8711143732070923
40,789,143,103,kl,80.92,-0.480000000000004,0.5790063142776489,0.49540790915489197,1.0873355865478516
40,789,144,104,kl,82.3,1.3799999999999955,0.45282530784606934,0.4363246262073517,1.0207180976867676
40,789,145,105,kl,80.34,-1.9599999999999937,0.6381440758705139,0.5085375308990479,1.0895155668258667
40,789,146,106,kl,81.94,1.5999999999999943,0.5355437994003296,0.4547686278820038,0.828949511051178
40,789,147,107,kl,82.8,0.8599999999999994,0.4767153263092041,0.4594370126724243,0.904968798160553
40,789,148,108,kl,82.6,-0.20000000000000284,0.4012224078178406,0.42365771532058716,0.8758637309074402
40,789,149,109,kl,81.78,-0.8199999999999932,0.5415334105491638,0.5001128315925598,1.0645686388015747
40,789,150,110,kl,81.22,-0.5600000000000023,0.4875863790512085,0.4233909547328949,1.0153778791427612
40,789,151,111,kl,82.84,1.6200000000000045,0.5099939107894897,0.4536423683166504,0.8224578499794006
40,789,152,112,kl,81.32,-1.5200000000000102,0.317392498254776,0.4074576497077942,0.9946521520614624
40,789,153,113,kl,82.42,1.1000000000000085,0.4340774416923523,0.4419800341129303,0.9368085265159607
40,789,154,114,kl,79.96,-2.460000000000008,0.536287784576416,0.4787175953388214,1.249300479888916
40,789,155,115,kl,81.4,1.440000000000012,0.4134591817855835,0.43448904156684875,1.0846353769302368
40,789,156,116,kl,82.28,0.8799999999999955,0.5241527557373047,0.4794999361038208,1.009779691696167
40,789,157,117,kl,81.24,-1.0400000000000063,0.4168618321418762,0.4401838779449463,1.186617136001587
40,789,158,118,kl,82.36,1.1200000000000045,0.3584766387939453,0.3976021707057953,1.0868619680404663
40,789,159,119,kl,82.4,0.04000000000000625,0.2802779972553253,0.3806215822696686,0.8785995244979858
40,789,160,120,kl,81.46,-0.9400000000000119,0.5581890344619751,0.4587872326374054,1.063154935836792
40,789,161,121,kl,82.22,0.7600000000000051,0.3104453682899475,0.41943123936653137,1.0032466650009155
40,789,162,122,kl,82.44,0.21999999999999886,0.4808613657951355,0.44526058435440063,0.9282786250114441
40,789,163,123,kl,82.06,-0.37999999999999545,0.44949835538864136,0.4375259280204773,0.8214221000671387
40,789,164,124,ce,82.92,0.8599999999999994,0.3650674819946289,0.3402387499809265,1.9232524633407593
40,789,165,125,kl,81.94,-0.980000000000004,0.4822307527065277,0.4249679446220398,0.8504970073699951
40,789,166,126,kl,82.32,0.37999999999999545,0.4608515501022339,0.4316883981227875,0.8353998064994812
40,789,167,127,kl,82.62,0.30000000000001137,0.44497150182724,0.4141557514667511,1.0911550521850586
40,789,168,128,kl,82.72,0.09999999999999432,0.37192094326019287,0.4242078363895416,0.8419273495674133
40,789,169,129,kl,81.76,-0.9599999999999937,0.42285242676734924,0.44235220551490784,0.9488604664802551
40,789,170,130,kl,81.96,0.19999999999998863,0.5442739725112915,0.4736296534538269,0.8944265246391296
40,789,171,131,kl,81.38,-0.5799999999999983,0.4191927909851074,0.394635945558548,1.0670349597930908
40,789,172,132,kl,80.6,-0.7800000000000011,0.5296408534049988,0.4749932587146759,1.023189663887024
40,789,173,133,kl,81.72,1.1200000000000045,0.5772500038146973,0.5130714178085327,1.0740989446640015
40,789,174,134,kl,82.44,0.7199999999999989,0.517874002456665,0.4367653727531433,0.9987128376960754
40,789,175,135,kl,81.24,-1.2000000000000028,0.5999094247817993,0.4986027777194977,1.0406948328018188
40,789,176,136,kl,81.36,0.12000000000000455,0.49304237961769104,0.45734280347824097,1.152269959449768
40,789,177,137,kl,80.76,-0.5999999999999943,0.4391322731971741,0.4414159953594208,0.9714350700378418
40,789,178,138,kl,81.78,1.019999999999996,0.4960836172103882,0.45363882184028625,1.037227988243103
40,789,179,139,kl,82.92,1.1400000000000006,0.5198603868484497,0.4608324468135834,0.8682681918144226
40,789,180,140,kl,81.06,-1.8599999999999994,0.5292279720306396,0.4536373019218445,1.0069741010665894
40,789,181,141,kl,80.8,-0.2600000000000051,0.6819288730621338,0.5376659035682678,1.0693387985229492
40,789,182,142,kl,81.86,1.0600000000000023,0.5657031536102295,0.4634343981742859,0.9185501933097839
40,789,183,143,kl,82.04,0.18000000000000682,0.5346266627311707,0.43703246116638184,0.8407269716262817
40,789,184,144,kl,82.62,0.5799999999999983,0.53025221824646,0.4567001461982727,0.8718763589859009
40,789,185,145,kl,81.52,-1.1000000000000085,0.4580996036529541,0.4631968140602112,0.8638346791267395
40,789,186,146,kl,82.52,1.0,0.4528617560863495,0.4684051275253296,0.9648483991622925
40,789,187,147,kl,82.7,0.18000000000000682,0.4764067530632019,0.45908328890800476,0.8422479033470154
40,789,188,148,kl,81.18,-1.519999999999996,0.4754330813884735,0.4364595115184784,1.0059914588928223
40,789,189,149,kl,82.26,1.0799999999999983,0.41446220874786377,0.40127959847450256,0.8027790784835815
40,789,190,150,kl,82.02,-0.2400000000000091,0.3685842454433441,0.3968321681022644,0.9213851690292358
40,789,191,151,kl,82.12,0.10000000000000853,0.563321053981781,0.4700055420398712,0.929807186126709
40,789,192,152,kl,81.06,-1.0600000000000023,0.3631103038787842,0.4392005503177643,1.0631996393203735
40,789,193,153,kl,82.02,0.9599999999999937,0.435940146446228,0.44866347312927246,0.7763342261314392
40,789,194,154,kl,81.52,-0.5,0.4022109806537628,0.42449742555618286,0.9650169014930725
40,789,195,155,kl,80.28,-1.2399999999999949,0.42296385765075684,0.4565984010696411,0.8297351598739624
40,789,196,156,kl,81.76,1.480000000000004,0.28129345178604126,0.40782278776168823,0.9803802371025085
40,789,197,157,kl,80.36,-1.4000000000000057,0.5296317338943481,0.5035550594329834,1.2367520332336426
40,789,198,158,kl,82.1,1.7399999999999949,0.405164510011673,0.4309368431568146,0.909272313117981
40,789,199,159,kl,82.76,0.6600000000000108,0.2823143005371094,0.3758167326450348,0.8021533489227295
40,789,200,160,kl,82.0,-0.7600000000000051,0.6302013397216797,0.5064002275466919,0.9720154404640198
40,789,201,161,kl,81.94,-0.060000000000002274,0.4322696328163147,0.44347864389419556,1.0097373723983765
40,789,202,162,kl,82.44,0.5,0.36254438757896423,0.42541876435279846,0.8899230360984802
40,789,203,163,kl,80.84,-1.5999999999999943,0.543990969657898,0.438079297542572,1.0327855348587036
40,789,204,164,kl,81.38,0.539999999999992,0.45516565442085266,0.4314011335372925,0.862632691860199
40,789,205,165,ce,80.22,-1.1599999999999966,0.38666442036628723,0.3945847153663635,1.8207985162734985
40,789,206,166,kl,81.02,0.7999999999999972,0.3354848325252533,0.3751318156719208,1.1721655130386353
40,789,207,167,kl,82.56,1.5400000000000063,0.36112064123153687,0.386516273021698,0.8325374722480774
40,789,208,168,kl,82.72,0.1599999999999966,0.4681592583656311,0.4225101172924042,0.8350049257278442
40,789,209,169,kl,82.78,0.060000000000002274,0.27945828437805176,0.3810006380081177,0.9873643517494202
40,789,210,170,kl,82.86,0.0799999999999983,0.4513598084449768,0.43888789415359497,0.8444057106971741
40,789,211,171,kl,82.16,-0.7000000000000028,0.6134555339813232,0.49584701657295227,0.891146183013916
40,789,212,172,kl,82.68,0.5200000000000102,0.3892784118652344,0.40755578875541687,0.7785923480987549
40,789,213,173,kl,81.78,-0.9000000000000057,0.3937748074531555,0.42974016070365906,0.9472930431365967
40,789,214,174,kl,81.88,0.09999999999999432,0.4114629030227661,0.4305860102176666,0.9592606425285339
40,789,215,175,kl,82.78,0.9000000000000057,0.5342639088630676,0.4634612500667572,0.8764156103134155
40,789,216,176,kl,81.52,-1.2600000000000051,0.5990043878555298,0.5150484442710876,1.0736860036849976
40,789,217,177,kl,82.86,1.3400000000000034,0.48578742146492004,0.43652087450027466,0.7504426836967468
40,789,218,178,kl,82.44,-0.4200000000000017,0.5258299708366394,0.48130157589912415,0.9932975172996521
40,789,219,179,kl,81.72,-0.7199999999999989,0.5492774248123169,0.4739142656326294,1.0004494190216064
40,789,220,180,kl,80.94,-0.7800000000000011,0.33892208337783813,0.39011287689208984,1.0178697109222412
40,789,221,181,kl,82.1,1.1599999999999966,0.5521422028541565,0.4908069670200348,1.063584804534912
40,789,222,182,kl,81.94,-0.1599999999999966,0.4444226026535034,0.4361984133720398,0.8412904143333435
40,789,223,183,kl,81.62,-0.3199999999999932,0.5213120579719543,0.43697789311408997,0.8945624232292175
40,789,224,184,kl,82.44,0.8199999999999932,0.3985968232154846,0.4385829567909241,0.795082688331604
40,789,225,185,kl,81.14,-1.2999999999999972,0.5096677541732788,0.4670146107673645,1.0422176122665405
40,789,226,186,kl,81.6,0.45999999999999375,0.5562204718589783,0.44604402780532837,0.8808851838111877
40,789,227,187,kl,82.06,0.46000000000000796,0.5412577986717224,0.48853546380996704,0.8330992460250854
40,789,228,188,kl,82.48,0.4200000000000017,0.528794527053833,0.4821893274784088,1.020190715789795
40,789,229,189,kl,80.9,-1.5799999999999983,0.6237310767173767,0.5220111608505249,1.081627368927002
40,789,230,190,kl,80.64,-0.2600000000000051,0.4236687123775482,0.4371022880077362,1.1395326852798462
40,789,231,191,kl,81.74,1.0999999999999943,0.339111328125,0.4220527112483978,0.9572505354881287
40,789,232,192,kl,82.06,0.3200000000000074,0.3886493444442749,0.4262695610523224,1.0226505994796753
40,789,233,193,kl,82.62,0.5600000000000023,0.2543129324913025,0.37584376335144043,0.9767612218856812
40,789,234,194,kl,82.86,0.23999999999999488,0.4110594093799591,0.43822968006134033,0.8563507199287415
40,789,235,195,kl,81.54,-1.3199999999999932,0.5618746280670166,0.5172690153121948,1.0147063732147217
40,789,236,196,kl,81.56,0.01999999999999602,0.3170604705810547,0.42199963331222534,1.0630857944488525
40,789,237,197,kl,82.22,0.6599999999999966,0.5760945677757263,0.5121097564697266,1.1314020156860352
40,789,238,198,kl,81.94,-0.28000000000000114,0.38058698177337646,0.3993268609046936,0.761421263217926
40,789,239,199,kl,81.86,-0.0799999999999983,0.5814840197563171,0.5279163718223572,1.1684807538986206
40,789,240,200,kl,82.64,0.7800000000000011,0.4680051803588867,0.4573274850845337,0.8281460404396057
40,789,241,201,kl,82.62,-0.01999999999999602,0.38125741481781006,0.40726226568222046,1.0566784143447876
40,789,242,202,kl,82.28,-0.3400000000000034,0.4558631479740143,0.43288421630859375,0.8215467929840088
40,789,243,203,kl,81.46,-0.8200000000000074,0.528425395488739,0.49262478947639465,1.187151551246643
40,789,244,204,kl,80.76,-0.6999999999999886,0.6958879232406616,0.5767592191696167,1.2840951681137085
40,789,245,205,kl,80.78,0.01999999999999602,0.5421639680862427,0.4449889659881592,1.0725072622299194
40,789,246,206,ce,81.54,0.7600000000000051,0.33936548233032227,0.37212690711021423,1.8355131149291992
40,789,247,207,kl,82.6,1.059999999999988,0.47841107845306396,0.45903879404067993,0.8041338920593262
40,789,248,208,kl,82.28,-0.3199999999999932,0.3680895268917084,0.43421345949172974,0.7755948901176453
40,789,249,209,kl,81.92,-0.35999999999999943,0.43641355633735657,0.4419962763786316,0.8604483604431152
40,789,250,210,kl,80.88,-1.0400000000000063,0.49913376569747925,0.4895952045917511,1.0000560283660889
40,789,251,211,kl,82.5,1.6200000000000045,0.33723151683807373,0.42723962664604187,1.0005992650985718
40,789,252,212,kl,82.72,0.21999999999999886,0.45484715700149536,0.45043957233428955,0.9055201411247253
40,789,253,213,kl,80.38,-2.3400000000000034,0.471118301153183,0.45933791995048523,0.8957394957542419
40,789,254,214,kl,81.4,1.0200000000000102,0.5770807266235352,0.51865553855896,1.0978087186813354
40,789,255,215,kl,80.62,-0.7800000000000011,0.4566376805305481,0.47498515248298645,1.1249065399169922
40,789,256,216,kl,82.44,1.8199999999999932,0.49772021174430847,0.41851699352264404,0.8883597254753113
40,789,257,217,kl,82.66,0.21999999999999886,0.46453917026519775,0.4596647322177887,0.8610287308692932
40,789,258,218,kl,82.54,-0.11999999999999034,0.3819652795791626,0.4461318850517273,1.0527724027633667
40,789,259,219,kl,81.42,-1.1200000000000045,0.4090449810028076,0.43616294860839844,0.9228352904319763
40,789,260,220,kl,81.86,0.4399999999999977,0.510347843170166,0.476203590631485,0.9609401822090149
40,789,261,221,kl,82.0,0.14000000000000057,0.5634649991989136,0.5111140608787537,1.0147078037261963
40,789,262,222,kl,82.64,0.6400000000000006,0.44563817977905273,0.4285651743412018,0.7601131796836853
40,789,263,223,kl,82.18,-0.45999999999999375,0.5289403796195984,0.487604558467865,0.9593097567558289
40,789,264,224,kl,81.8,-0.38000000000000966,0.4620252847671509,0.459713876247406,1.132149577140808
40,789,265,225,kl,82.48,0.6800000000000068,0.6147334575653076,0.5073508620262146,0.9597772359848022
40,789,266,226,kl,82.7,0.21999999999999886,0.46206021308898926,0.4617956280708313,1.0168036222457886
40,789,267,227,kl,82.26,-0.4399999999999977,0.6234923601150513,0.5015882849693298,1.045172095298767
40,789,268,228,kl,80.04,-2.219999999999999,0.7808237075805664,0.620259702205658,1.6446789503097534
40,789,269,229,kl,81.48,1.4399999999999977,0.5692784190177917,0.4956386983394623,1.0743744373321533
40,789,270,230,kl,81.96,0.47999999999998977,0.4049447774887085,0.4163196384906769,0.9003684520721436
40,789,271,231,kl,81.16,-0.7999999999999972,0.544295072555542,0.47694122791290283,1.0882220268249512
40,789,272,232,kl,81.78,0.6200000000000045,0.37171822786331177,0.43860721588134766,0.8155721426010132
40,789,273,233,kl,80.74,-1.0400000000000063,0.5286415815353394,0.47355589270591736,1.0142837762832642
40,789,274,234,kl,82.42,1.6800000000000068,0.49427515268325806,0.4668070077896118,0.9928674101829529
40,789,275,235,kl,81.62,-0.7999999999999972,0.35116517543792725,0.43435361981391907,1.0258381366729736
40,789,276,236,kl,82.22,0.5999999999999943,0.3331362009048462,0.4094249904155731,0.9803874492645264
40,789,277,237,kl,81.78,-0.4399999999999977,0.5542726516723633,0.4774308502674103,0.9622947573661804
40,789,278,238,kl,82.16,0.37999999999999545,0.5105846524238586,0.4287165105342865,0.9294217824935913
40,789,279,239,kl,82.14,-0.01999999999999602,0.4510493278503418,0.46123388409614563,1.0425575971603394
40,789,280,240,kl,82.96,0.8199999999999932,0.45483458042144775,0.4442587196826935,0.8182797431945801
40,789,281,241,kl,82.16,-0.7999999999999972,0.48324793577194214,0.4660576283931732,0.952339231967926
40,789,282,242,kl,82.2,0.04000000000000625,0.4422844648361206,0.44755393266677856,0.8885414004325867
40,789,283,243,kl,82.02,-0.18000000000000682,0.696855902671814,0.5767484903335571,1.2223191261291504
40,789,284,244,kl,80.8,-1.2199999999999989,0.531627893447876,0.4743967354297638,0.8719181418418884
40,789,285,245,kl,81.08,0.28000000000000114,0.533177375793457,0.4934237003326416,1.0124139785766602
40,789,286,246,kl,82.62,1.5400000000000063,0.5420482158660889,0.48612651228904724,0.9077792167663574
40,789,287,247,ce,80.42,-2.200000000000003,0.3342127203941345,0.3631492555141449,2.147977352142334
40,789,288,248,kl,82.28,1.8599999999999994,0.5461042523384094,0.4679180085659027,0.9042750597000122
40,789,289,249,kl,81.4,-0.8799999999999955,0.5250494480133057,0.4832499325275421,1.023497462272644
40,789,290,250,kl,82.64,1.2399999999999949,0.38893693685531616,0.4462442994117737,0.9396547675132751
40,789,291,251,kl,81.42,-1.2199999999999989,0.3507331311702728,0.4238623380661011,1.1532682180404663
40,789,292,252,kl,82.44,1.019999999999996,0.34465497732162476,0.423686146736145,0.9344139695167542
40,789,293,253,kl,81.86,-0.5799999999999983,0.625259280204773,0.5115182399749756,1.055871605873108
40,789,294,254,kl,79.08,-2.780000000000001,0.4391472041606903,0.46502089500427246,0.9793462157249451
40,789,295,255,kl,82.36,3.280000000000001,0.35344550013542175,0.4275662899017334,0.845064640045166
40,789,296,256,kl,82.14,-0.21999999999999886,0.6058214902877808,0.5170381665229797,0.9442946910858154
40,789,297,257,kl,77.9,-4.239999999999995,0.5994536280632019,0.5575996041297913,1.464033603668213
40,789,298,258,kl,81.7,3.799999999999997,0.5601894855499268,0.4354103207588196,0.7413825988769531
40,789,299,259,kl,82.14,0.4399999999999977,0.5954370498657227,0.4646616280078888,0.8901320099830627
40,789,300,260,kl,82.18,0.04000000000000625,0.481342613697052,0.46861401200294495,1.0116567611694336
40,789,301,261,kl,83.0,0.8199999999999932,0.2425551861524582,0.3848208487033844,1.018701434135437
40,789,302,262,kl,81.94,-1.0600000000000023,0.5788729190826416,0.5259367823600769,0.98709636926651
40,789,303,263,kl,81.3,-0.6400000000000006,0.43159595131874084,0.45021024346351624,0.901673436164856
40,789,304,264,kl,82.0,0.7000000000000028,0.4637683629989624,0.43740060925483704,0.8576557040214539
40,789,305,265,kl,81.12,-0.8799999999999955,0.4232257604598999,0.4589550793170929,1.0257660150527954
40,789,306,266,kl,81.7,0.5799999999999983,0.587233304977417,0.49645674228668213,0.9629810452461243
40,789,307,267,kl,82.3,0.5999999999999943,0.4343506097793579,0.4304744005203247,0.9949321150779724
40,789,308,268,kl,81.34,-0.9599999999999937,0.3738327920436859,0.419666051864624,1.0434634685516357
40,789,309,269,kl,82.22,0.8799999999999955,0.4842334985733032,0.4379293918609619,0.7891892194747925
40,789,310,270,kl,81.06,-1.1599999999999966,0.5520148277282715,0.46822071075439453,1.0731033086776733
40,789,311,271,kl,81.76,0.7000000000000028,0.4990348815917969,0.4687425494194031,1.0174403190612793
40,789,312,272,kl,82.0,0.23999999999999488,0.4032096862792969,0.416366845369339,0.8630173206329346
40,789,313,273,kl,81.6,-0.4000000000000057,0.6863629817962646,0.5490151643753052,1.124991536140442
40,789,314,274,kl,82.52,0.9200000000000017,0.4909207820892334,0.40639549493789673,0.9241176843643188
40,789,315,275,kl,80.98,-1.539999999999992,0.4155370593070984,0.45653146505355835,1.0940513610839844
40,789,316,276,kl,81.96,0.9799999999999898,0.5869085788726807,0.48266926407814026,0.8801770210266113
40,789,317,277,kl,81.6,-0.35999999999999943,0.5176572203636169,0.45605719089508057,0.9916831851005554
40,789,318,278,kl,81.78,0.18000000000000682,0.6165910959243774,0.500005304813385,1.0040677785873413
40,789,319,279,kl,82.44,0.6599999999999966,0.54789799451828,0.49550661444664,0.9338981509208679
40,789,320,280,kl,82.88,0.4399999999999977,0.6370009779930115,0.540504515171051,0.9295372366905212
40,789,321,281,kl,82.36,-0.519999999999996,0.487928569316864,0.459293395280838,0.956910252571106
40,789,322,282,kl,79.06,-3.299999999999997,0.48263412714004517,0.530994176864624,1.1028488874435425
40,789,323,283,kl,82.92,3.8599999999999994,0.5941625833511353,0.4630912244319916,0.8914775848388672
40,789,324,284,kl,82.9,-0.01999999999999602,0.5424784421920776,0.4745650589466095,0.7862668037414551
40,789,325,285,kl,82.38,-0.5200000000000102,0.5032699704170227,0.4846944212913513,0.9815786480903625
40,789,326,286,kl,79.38,-3.0,0.6117220520973206,0.5369378328323364,1.127026915550232
40,789,327,287,kl,82.72,3.3400000000000034,0.5248509645462036,0.46018555760383606,0.8464007377624512
40,789,328,288,ce,81.46,-1.2600000000000051,0.390205442905426,0.415411114692688,1.585727334022522
40,789,329,289,kl,81.62,0.1600000000000108,0.4007699489593506,0.4567236602306366,0.8893634676933289
40,789,330,290,kl,82.42,0.7999999999999972,0.5742547512054443,0.5014871954917908,1.065967321395874
40,789,331,291,kl,82.34,-0.0799999999999983,0.41631242632865906,0.42243966460227966,1.0120993852615356
40,789,332,292,kl,82.82,0.47999999999998977,0.47542259097099304,0.4555434584617615,0.9339842796325684
40,789,333,293,kl,82.14,-0.6799999999999926,0.5184932351112366,0.45284271240234375,0.7442034482955933
40,789,334,294,kl,83.02,0.8799999999999955,0.49049270153045654,0.4454420804977417,0.8496127128601074
40,789,335,295,kl,80.52,-2.5,0.6295928955078125,0.5310775637626648,1.2157819271087646
40,789,336,296,kl,82.48,1.960000000000008,0.6768552660942078,0.5391491651535034,0.9611616134643555
40,789,337,297,kl,82.76,0.28000000000000114,0.4916532635688782,0.46048131585121155,0.9479624032974243
40,789,338,298,kl,80.6,-2.160000000000011,0.6237728595733643,0.5446765422821045,1.1532304286956787
40,789,339,299,kl,81.52,0.9200000000000017,0.6875311136245728,0.556845486164093,1.0794113874435425
40,789,340,300,kl,81.82,0.29999999999999716,0.6239321827888489,0.5066347122192383,1.0277525186538696
40,789,341,301,kl,83.04,1.220000000000013,0.4434780478477478,0.44887256622314453,0.9679524898529053
40,789,342,302,kl,81.4,-1.6400000000000006,0.6053259372711182,0.45933997631073,1.1083781719207764
40,789,343,303,kl,83.06,1.6599999999999966,0.5022356510162354,0.455768883228302,0.9371399283409119
40,789,344,304,kl,82.52,-0.5400000000000063,0.43173786997795105,0.4313759207725525,0.8033849596977234
40,789,345,305,kl,81.02,-1.5,0.5100644826889038,0.4680477976799011,0.9789638519287109
40,789,346,306,kl,80.48,-0.539999999999992,0.66339111328125,0.5564318895339966,1.2780554294586182
40,789,347,307,kl,82.5,2.019999999999996,0.533448338508606,0.4633784592151642,0.9117497801780701
40,789,348,308,kl,82.58,0.0799999999999983,0.4871370196342468,0.44643133878707886,0.9322915077209473
40,789,349,309,kl,81.1,-1.480000000000004,0.38632631301879883,0.42220109701156616,0.9317551255226135
40,789,350,310,kl,82.34,1.240000000000009,0.41232407093048096,0.43483996391296387,0.9471316933631897
40,789,351,311,kl,81.86,-0.480000000000004,0.4530993402004242,0.45946934819221497,1.0330607891082764
40,789,352,312,kl,82.66,0.7999999999999972,0.3317224979400635,0.3904009759426117,0.8662685751914978
40,789,353,313,kl,81.88,-0.7800000000000011,0.5740357637405396,0.4629596173763275,0.8288428783416748
40,789,354,314,kl,82.92,1.0400000000000063,0.3558187484741211,0.41672733426094055,0.9537537693977356
40,789,355,315,kl,81.92,-1.0,0.6516348123550415,0.5480108857154846,1.0994127988815308
40,789,356,316,kl,81.42,-0.5,0.5450208187103271,0.47830212116241455,0.9251039028167725
40,789,357,317,kl,82.76,1.3400000000000034,0.42585521936416626,0.3981305956840515,0.789402186870575
40,789,358,318,kl,81.66,-1.1000000000000085,0.5718199014663696,0.5072211623191833,0.9970938563346863
40,789,359,319,kl,81.0,-0.6599999999999966,0.6910479068756104,0.5524052977561951,1.0817580223083496
40,789,360,320,kl,82.44,1.4399999999999977,0.501714289188385,0.4660852253437042,0.843011200428009
40,789,361,321,kl,80.82,-1.6200000000000045,0.5089974403381348,0.47699785232543945,0.8684348464012146
40,789,362,322,kl,80.36,-0.45999999999999375,0.5762656331062317,0.5198758244514465,1.0595191717147827
40,789,363,323,kl,82.22,1.8599999999999994,0.6017261743545532,0.4980667531490326,1.0425313711166382
40,789,364,324,kl,82.62,0.4000000000000057,0.34534943103790283,0.3974834084510803,0.8654505610466003
40,789,365,325,kl,82.82,0.19999999999998863,0.5515235066413879,0.4452914893627167,0.7045767307281494
40,789,366,326,kl,82.1,-0.7199999999999989,0.4116397500038147,0.4139240086078644,0.8585770130157471
40,789,367,327,kl,81.02,-1.0799999999999983,0.594693124294281,0.5190826058387756,1.0796048641204834
40,789,368,328,kl,83.22,2.200000000000003,0.39425259828567505,0.4432273507118225,0.9707712531089783
40,789,369,329,ce,82.3,-0.9200000000000017,0.44848743081092834,0.40081673860549927,1.8483067750930786
40,789,370,330,kl,81.4,-0.8999999999999915,0.4036928713321686,0.4699033796787262,1.0450421571731567
40,789,371,331,kl,82.66,1.259999999999991,0.47217845916748047,0.46089065074920654,0.963901162147522
40,789,372,332,kl,82.88,0.21999999999999886,0.5124882459640503,0.4622904062271118,0.933092474937439
40,789,373,333,kl,81.62,-1.259999999999991,0.4129180312156677,0.4718136191368103,0.8847187161445618
40,789,374,334,kl,83.38,1.759999999999991,0.33943432569503784,0.3949517011642456,0.7614801526069641
40,789,375,335,kl,82.38,-1.0,0.5596837997436523,0.46209633350372314,0.8478962182998657
40,789,376,336,kl,82.26,-0.11999999999999034,0.5449731945991516,0.4598682224750519,1.0802106857299805
40,789,377,337,kl,82.6,0.3399999999999892,0.32116952538490295,0.40790414810180664,1.041861891746521
40,789,378,338,kl,81.38,-1.2199999999999989,0.4111393988132477,0.43194782733917236,1.0158920288085938
40,789,379,339,kl,80.98,-0.3999999999999915,0.5669331550598145,0.5233838558197021,1.1733559370040894
40,789,380,340,kl,82.66,1.6799999999999926,0.4569522440433502,0.4387025833129883,0.819044291973114
40,789,381,341,kl,82.12,-0.539999999999992,0.6495782136917114,0.5229848027229309,1.0410898923873901
40,789,382,342,kl,82.52,0.3999999999999915,0.31610554456710815,0.3922150731086731,0.8665952682495117
40,789,383,343,kl,82.92,0.4000000000000057,0.5108628869056702,0.4918414056301117,0.999264657497406
40,789,384,344,kl,80.26,-2.6599999999999966,0.6856703162193298,0.5449702739715576,0.9845855832099915
40,789,385,345,kl,80.82,0.5599999999999881,0.35849425196647644,0.4176517128944397,0.9321936964988708
40,789,386,346,kl,81.12,0.30000000000001137,0.6108154058456421,0.49203988909721375,0.9415136575698853
40,789,387,347,kl,82.8,1.6799999999999926,0.46720385551452637,0.42626965045928955,0.9774941205978394
40,789,388,348,kl,82.84,0.04000000000000625,0.571101188659668,0.4623262584209442,0.9209445714950562
40,789,389,349,kl,81.86,-0.980000000000004,0.43999361991882324,0.43186792731285095,0.9728296399116516
40,789,390,350,kl,81.1,-0.7600000000000051,0.6138535737991333,0.5088407397270203,0.887126624584198
40,789,391,351,kl,80.06,-1.039999999999992,0.592055082321167,0.5477498769760132,1.2651108503341675
40,789,392,352,kl,82.94,2.8799999999999955,0.5918453931808472,0.5189352631568909,0.8095715045928955
40,789,393,353,kl,81.76,-1.1799999999999926,0.576162576675415,0.5167302489280701,1.0940114259719849
40,789,394,354,kl,81.58,-0.18000000000000682,0.5619416236877441,0.521579384803772,1.1841317415237427
40,789,395,355,kl,81.2,-0.37999999999999545,0.5152945518493652,0.4734135568141937,0.9150450825691223
40,789,396,356,kl,82.66,1.4599999999999937,0.49952244758605957,0.4717658758163452,1.1191953420639038
40,789,397,357,kl,82.46,-0.20000000000000284,0.6318248510360718,0.5155558586120605,0.9723538756370544
40,789,398,358,kl,82.36,-0.09999999999999432,0.4686073362827301,0.4648021459579468,0.9349219799041748
40,789,399,359,kl,82.02,-0.3400000000000034,0.5354933738708496,0.5112232565879822,1.102380633354187
40,789,400,360,kl,82.44,0.4200000000000017,0.4130494296550751,0.45052629709243774,0.8231220841407776
40,789,401,361,kl,82.2,-0.23999999999999488,0.6032683849334717,0.5489119291305542,1.0375920534133911
40,789,402,362,kl,81.64,-0.5600000000000023,0.5376253724098206,0.45378944277763367,1.0382318496704102
40,789,403,363,kl,81.84,0.20000000000000284,0.504076361656189,0.47005775570869446,0.9509243369102478
40,789,404,364,kl,81.78,-0.060000000000002274,0.5584396123886108,0.4762190580368042,1.0958527326583862
40,789,405,365,kl,80.96,-0.8200000000000074,0.5805214047431946,0.5058733224868774,1.1100579500198364
40,789,406,366,kl,82.02,1.0600000000000023,0.4154273569583893,0.46841248869895935,0.9726848006248474
40,789,407,367,kl,83.04,1.0200000000000102,0.5117096900939941,0.4615083336830139,0.7357935309410095
40,789,408,368,kl,81.98,-1.0600000000000023,0.5574898719787598,0.48060113191604614,0.9558554887771606
40,789,409,369,kl,81.02,-0.960000000000008,0.6162573099136353,0.4977203905582428,1.1470898389816284
40,789,410,370,ce,79.42,-1.5999999999999943,0.2866017818450928,0.3911265730857849,1.8108316659927368
40,789,411,371,kl,79.94,0.519999999999996,0.5931750535964966,0.5235399603843689,1.2288932800292969
40,789,412,372,kl,81.86,1.9200000000000017,0.5269342064857483,0.47210976481437683,0.894988477230072
40,789,413,373,kl,81.78,-0.0799999999999983,0.4530496597290039,0.46258240938186646,0.8040810823440552
40,789,414,374,kl,82.16,0.37999999999999545,0.44486004114151,0.45162433385849,0.846355140209198
40,789,415,375,kl,82.02,-0.14000000000000057,0.41512009501457214,0.4210873544216156,0.9813020825386047
40,789,416,376,kl,82.36,0.3400000000000034,0.48889976739883423,0.4416849613189697,0.8446080684661865
40,789,417,377,kl,81.78,-0.5799999999999983,0.6399559378623962,0.541278064250946,1.0529967546463013
40,789,418,378,kl,82.3,0.519999999999996,0.5303159952163696,0.46183180809020996,1.0601121187210083
40,789,419,379,kl,80.82,-1.480000000000004,0.4469637870788574,0.4527463912963867,1.2037018537521362
40,789,420,380,kl,82.4,1.5800000000000125,0.4892866611480713,0.452624648809433,0.9864851832389832
40,789,421,381,kl,82.18,-0.21999999999999886,0.5029327273368835,0.4450621008872986,0.8437222242355347
40,789,422,382,kl,81.86,-0.3200000000000074,0.6426575183868408,0.5310438275337219,1.2098116874694824
40,789,423,383,kl,82.54,0.6800000000000068,0.6037173271179199,0.477621465921402,0.8808622360229492
40,789,424,384,kl,82.34,-0.20000000000000284,0.6606278419494629,0.5257845520973206,1.1951580047607422
40,789,425,385,kl,81.38,-0.960000000000008,0.49084290862083435,0.4714176058769226,1.0856009721755981
40,789,426,386,kl,80.94,-0.4399999999999977,0.5942583084106445,0.5144736766815186,1.1789957284927368
40,789,427,387,kl,82.72,1.7800000000000011,0.3880283236503601,0.418602854013443,0.8350602984428406
40,789,428,388,kl,82.98,0.2600000000000051,0.43853217363357544,0.4766729474067688,0.9423325657844543
40,789,429,389,kl,82.8,-0.18000000000000682,0.3921639919281006,0.4193921387195587,0.7683383226394653
40,789,430,390,kl,82.54,-0.2599999999999909,0.5204663276672363,0.4768160879611969,1.1114431619644165
40,789,431,391,kl,81.52,-1.0200000000000102,0.320647656917572,0.4514639377593994,0.9293599724769592
40,789,432,392,kl,82.24,0.7199999999999989,0.5370471477508545,0.46531257033348083,0.9557987451553345
40,789,433,393,kl,81.44,-0.7999999999999972,0.5087445974349976,0.4726737439632416,0.8867170810699463
40,789,434,394,kl,82.36,0.9200000000000017,0.368598073720932,0.4505762457847595,0.9826903343200684
40,789,435,395,kl,81.86,-0.5,0.43195581436157227,0.47156262397766113,0.9471224546432495
40,789,436,396,kl,81.46,-0.4000000000000057,0.4868357181549072,0.4727674424648285,1.078290343284607
40,789,437,397,kl,81.94,0.480000000000004,0.5847785472869873,0.5032621026039124,0.980514645576477
40,789,438,398,kl,81.82,-0.12000000000000455,0.5682687759399414,0.5005980134010315,0.9540999531745911
40,789,439,399,kl,82.3,0.480000000000004,0.45673826336860657,0.4369198679924011,0.8457773327827454
40,789,440,400,kl,83.02,0.7199999999999989,0.3802535831928253,0.438240647315979,0.9389351606369019
40,789,441,401,kl,82.3,-0.7199999999999989,0.37181034684181213,0.45549049973487854,0.9222993850708008
40,789,442,402,kl,82.12,-0.1799999999999926,0.5663512945175171,0.48773086071014404,0.8495057225227356
40,789,443,403,kl,81.68,-0.4399999999999977,0.5658172965049744,0.5112035274505615,1.0115083456039429
40,789,444,404,kl,80.46,-1.220000000000013,0.6258493661880493,0.562263011932373,1.2236543893814087
40,789,445,405,kl,80.48,0.020000000000010232,0.487554132938385,0.4470938444137573,1.2981061935424805
40,789,446,406,kl,81.88,1.3999999999999915,0.5699756741523743,0.5056069493293762,0.9520925879478455
40,789,447,407,kl,82.18,0.30000000000001137,0.5409975051879883,0.4841417372226715,1.0316829681396484
40,789,448,408,kl,82.22,0.03999999999999204,0.5831480622291565,0.4859539568424225,0.8700270056724548
40,789,449,409,kl,80.34,-1.8799999999999955,0.5765747427940369,0.5148778557777405,1.049953579902649
40,789,450,410,kl,82.62,2.280000000000001,0.4035991430282593,0.45082756876945496,0.9592384099960327
40,789,451,411,ce,82.26,-0.35999999999999943,0.21181756258010864,0.3548952639102936,1.7187875509262085
40,789,452,412,kl,81.98,-0.28000000000000114,0.6011554598808289,0.5191484689712524,1.024362325668335
40,789,453,413,kl,82.32,0.3399999999999892,0.6132128238677979,0.5034264326095581,1.172009825706482
40,789,454,414,kl,83.36,1.0400000000000063,0.43477675318717957,0.4532356560230255,0.9886336922645569
40,789,455,415,kl,82.96,-0.4000000000000057,0.4979903995990753,0.44875994324684143,0.9245176911354065
40,789,456,416,kl,81.38,-1.5799999999999983,0.5658688545227051,0.5204553604125977,1.2369544506072998
40,789,457,417,kl,82.3,0.9200000000000017,0.5060800909996033,0.4895094931125641,0.8392816781997681
40,789,458,418,kl,82.7,0.4000000000000057,0.5332472324371338,0.48925575613975525,0.8957254886627197
40,789,459,419,kl,81.52,-1.1800000000000068,0.6236718893051147,0.5354399085044861,1.1601612567901611
40,789,460,420,kl,82.9,1.3800000000000097,0.5629162788391113,0.4841333031654358,0.8298710584640503
40,789,461,421,kl,81.84,-1.0600000000000023,0.56196129322052,0.500612199306488,0.9695432186126709
40,789,462,422,kl,81.28,-0.5600000000000023,0.5035979747772217,0.49039092659950256,0.9413763880729675
40,789,463,423,kl,82.3,1.019999999999996,0.5046324729919434,0.4665033221244812,0.9350029826164246
40,789,464,424,kl,82.4,0.10000000000000853,0.5341266989707947,0.47974923253059387,0.979150652885437
40,789,465,425,kl,82.24,-0.1600000000000108,0.4788583517074585,0.4552353620529175,0.8749709129333496
40,789,466,426,kl,82.28,0.04000000000000625,0.6738724708557129,0.5739818215370178,1.1403802633285522
40,789,467,427,kl,82.76,0.480000000000004,0.5049066543579102,0.46417203545570374,1.0189605951309204
40,789,468,428,kl,82.52,-0.2400000000000091,0.4820742607116699,0.4480440318584442,0.9921754002571106
40,789,469,429,kl,81.72,-0.7999999999999972,0.5165560841560364,0.4772234559059143,0.9836094975471497
40,789,470,430,kl,82.16,0.4399999999999977,0.37848609685897827,0.44586771726608276,0.9299595952033997
40,789,471,431,kl,81.96,-0.20000000000000284,0.4606480300426483,0.4766146242618561,0.9930372834205627
40,789,472,432,kl,82.08,0.12000000000000455,0.4843088388442993,0.4727088510990143,0.7995900511741638
40,789,473,433,kl,82.0,-0.0799999999999983,0.5974476337432861,0.5258901715278625,0.9036240577697754
40,789,474,434,kl,82.32,0.3199999999999932,0.3316456079483032,0.3909755349159241,0.7923091650009155
40,789,475,435,kl,81.02,-1.2999999999999972,0.6212296485900879,0.5251013040542603,1.0261175632476807
40,789,476,436,kl,83.12,2.1000000000000085,0.5475744605064392,0.5050961375236511,1.0467545986175537
40,789,477,437,kl,81.76,-1.3599999999999994,0.5483989715576172,0.49581173062324524,1.1325767040252686
40,789,478,438,kl,82.08,0.3199999999999932,0.5098520517349243,0.5023630857467651,1.007839560508728
40,789,479,439,kl,82.14,0.060000000000002274,0.510894775390625,0.48524209856987,1.1491371393203735
40,789,480,440,kl,82.18,0.04000000000000625,0.6167242527008057,0.5378511548042297,1.047362208366394
40,789,481,441,kl,81.3,-0.8800000000000097,0.5033157467842102,0.46062231063842773,1.0068005323410034
40,789,482,442,kl,81.84,0.5400000000000063,0.45507556200027466,0.47013333439826965,0.8935179710388184
40,789,483,443,kl,82.38,0.539999999999992,0.37498700618743896,0.41352736949920654,1.0225951671600342
40,789,484,444,kl,81.86,-0.519999999999996,0.5515895485877991,0.4939713180065155,0.9357767105102539
40,789,485,445,kl,80.44,-1.4200000000000017,0.4109109044075012,0.4752829670906067,1.2572227716445923
40,789,486,446,kl,82.36,1.9200000000000017,0.4086272120475769,0.4277540147304535,0.8513359427452087
40,789,487,447,kl,83.22,0.8599999999999994,0.379597008228302,0.4350413680076599,0.8758293986320496
40,789,488,448,kl,81.88,-1.3400000000000034,0.6215587258338928,0.544980525970459,0.9797171354293823
40,789,489,449,kl,82.28,0.4000000000000057,0.5244121551513672,0.4879739284515381,0.9891370534896851
40,789,490,450,kl,82.38,0.09999999999999432,0.46649640798568726,0.4348697066307068,0.9006010890007019
40,789,491,451,kl,81.1,-1.2800000000000011,0.6064735651016235,0.492238849401474,1.0333595275878906
40,789,492,452,ce,79.06,-2.039999999999992,0.32733118534088135,0.3669314980506897,1.9201140403747559
40,789,493,453,kl,82.74,3.6799999999999926,0.5570392608642578,0.48915016651153564,0.7946938276290894
40,789,494,454,kl,83.12,0.38000000000000966,0.4207060933113098,0.4372554421424866,0.983606219291687
40,789,495,455,kl,81.56,-1.5600000000000023,0.5529704093933105,0.45789337158203125,0.9723868370056152
40,789,496,456,kl,82.44,0.8799999999999955,0.35151946544647217,0.3879721462726593,0.8284064531326294
40,789,497,457,kl,78.26,-4.179999999999993,0.641168475151062,0.5347133874893188,1.1383936405181885
40,789,498,458,kl,82.54,4.280000000000001,0.5311621427536011,0.4469270408153534,0.8081693053245544
40,789,499,459,kl,82.06,-0.480000000000004,0.5287048816680908,0.4640960991382599,0.9367872476577759
40,789,500,460,kl,81.2,-0.8599999999999994,0.449479341506958,0.4822782576084137,0.8957434892654419
40,789,501,461,kl,83.52,2.319999999999993,0.45097973942756653,0.46193769574165344,0.9883479475975037
40,789,502,462,kl,82.88,-0.6400000000000006,0.43336278200149536,0.4541557729244232,1.0158742666244507
40,789,503,463,kl,82.62,-0.2599999999999909,0.41670095920562744,0.46422258019447327,0.9764025211334229
40,789,504,464,kl,81.7,-0.9200000000000017,0.48143064975738525,0.4834577143192291,1.1199045181274414
40,789,505,465,kl,81.72,0.01999999999999602,0.4069671630859375,0.44521790742874146,1.0264649391174316
40,789,506,466,kl,83.02,1.2999999999999972,0.35739490389823914,0.41190463304519653,0.9169002771377563
40,789,507,467,kl,82.62,-0.3999999999999915,0.524699330329895,0.4678131639957428,0.9729108214378357
40,789,508,468,kl,80.94,-1.6800000000000068,0.42034703493118286,0.477448433637619,1.1665722131729126
40,789,509,469,kl,82.52,1.5799999999999983,0.4353267550468445,0.4553130269050598,0.9200002551078796
40,789,510,470,kl,82.36,-0.1599999999999966,0.590756356716156,0.5106677412986755,0.7525160908699036
40,789,511,471,kl,81.78,-0.5799999999999983,0.4263714849948883,0.4504442811012268,0.8644927740097046
40,789,512,472,kl,81.9,0.12000000000000455,0.6259515881538391,0.5411757230758667,1.0421841144561768
40,789,513,473,kl,82.88,0.9799999999999898,0.4687325656414032,0.44318434596061707,0.9832696914672852
40,789,514,474,kl,82.62,-0.2599999999999909,0.5502137541770935,0.47063398361206055,0.8225855827331543
40,789,515,475,kl,81.22,-1.4000000000000057,0.629517674446106,0.5160770416259766,1.0791833400726318
40,789,516,476,kl,81.82,0.5999999999999943,0.4716970920562744,0.4841075837612152,1.021553635597229
40,789,517,477,kl,82.82,1.0,0.5150918364524841,0.4568295478820801,0.9184629917144775
40,789,518,478,kl,81.08,-1.7399999999999949,0.5400742292404175,0.4964052438735962,0.9948272705078125
40,789,519,479,kl,81.54,0.46000000000000796,0.3996363580226898,0.40505045652389526,0.9785498976707458
40,789,520,480,kl,82.52,0.9799999999999898,0.5386388301849365,0.4724259376525879,0.872228741645813
40,789,521,481,kl,82.78,0.2600000000000051,0.4541935920715332,0.43975669145584106,1.0336052179336548
40,789,522,482,kl,81.52,-1.2600000000000051,0.5973902344703674,0.4640141725540161,0.8300631642341614
40,789,523,483,kl,82.06,0.5400000000000063,0.3981705605983734,0.4451855719089508,0.8359773755073547
40,789,524,484,kl,82.3,0.23999999999999488,0.4802808165550232,0.4450795650482178,0.9489622712135315
40,789,525,485,kl,82.56,0.2600000000000051,0.6382129192352295,0.5314306020736694,1.2443069219589233
40,789,526,486,kl,81.66,-0.9000000000000057,0.5072207450866699,0.45136499404907227,0.9357205033302307
40,789,527,487,kl,82.98,1.3200000000000074,0.6181573867797852,0.504622220993042,1.1006447076797485
40,789,528,488,kl,82.5,-0.480000000000004,0.4960920512676239,0.45126670598983765,0.9111224412918091
40,789,529,489,kl,83.12,0.6200000000000045,0.3012278079986572,0.40921449661254883,1.0072078704833984
40,789,530,490,kl,81.72,-1.4000000000000057,0.54941725730896,0.4793194532394409,0.8993473649024963
40,789,531,491,kl,81.7,-0.01999999999999602,0.43145042657852173,0.4571080505847931,0.9449762105941772
40,789,532,492,kl,82.0,0.29999999999999716,0.47551417350769043,0.4644686281681061,0.9266682267189026
40,789,533,493,ce,79.82,-2.180000000000007,0.32172805070877075,0.38970908522605896,1.8869569301605225
40,789,534,494,kl,81.76,1.940000000000012,0.42925748229026794,0.4442586600780487,0.9423387050628662
40,789,535,495,kl,81.96,0.19999999999998863,0.4903244376182556,0.4135509729385376,0.9942227602005005
40,789,536,496,kl,82.46,0.5,0.4506208300590515,0.4413367807865143,1.0309902429580688
40,789,537,497,kl,82.88,0.4200000000000017,0.536392331123352,0.4899958372116089,1.0692907571792603
40,789,538,498,kl,81.74,-1.1400000000000006,0.3378676772117615,0.4432116448879242,1.0401374101638794
40,789,539,499,kl,81.88,0.14000000000000057,0.5261990427970886,0.4571942687034607,0.9317035675048828
40,789,540,500,kl,83.36,1.480000000000004,0.41466212272644043,0.44741296768188477,0.8896951079368591
40,789,541,501,kl,82.52,-0.8400000000000034,0.5152605772018433,0.46319863200187683,0.8960246443748474
40,789,542,502,kl,81.5,-1.019999999999996,0.4034068286418915,0.4621469974517822,1.0440489053726196
40,789,543,503,kl,81.04,-0.45999999999999375,0.6219173669815063,0.5172463655471802,0.8654573559761047
40,789,544,504,kl,81.62,0.5799999999999983,0.5644202828407288,0.4939269721508026,0.9296612739562988
40,789,545,505,kl,83.46,1.8399999999999892,0.6421926021575928,0.5286616086959839,1.1327526569366455
40,789,546,506,kl,81.46,-2.0,0.6090819835662842,0.526913046836853,1.0272207260131836
40,789,547,507,kl,82.34,0.8800000000000097,0.4287046790122986,0.47031623125076294,0.8960357308387756
40,789,548,508,kl,82.88,0.539999999999992,0.44730144739151,0.439435750246048,0.9222986102104187
40,789,549,509,kl,81.02,-1.8599999999999994,0.6283091306686401,0.5334756374359131,1.2824599742889404
40,789,550,510,kl,81.8,0.7800000000000011,0.6455482840538025,0.5293686389923096,1.1349875926971436
40,789,551,511,kl,81.12,-0.6799999999999926,0.48563051223754883,0.45751139521598816,0.7457176446914673
40,789,552,512,kl,82.38,1.259999999999991,0.4614422023296356,0.459581583738327,0.8380515575408936
40,789,553,513,kl,82.14,-0.23999999999999488,0.42702871561050415,0.4344613552093506,0.844133198261261
40,789,554,514,kl,83.26,1.1200000000000045,0.4759618639945984,0.4393979609012604,0.7750790119171143
40,789,555,515,kl,81.16,-2.1000000000000085,0.5046147108078003,0.47364509105682373,0.9017919898033142
40,789,556,516,kl,80.9,-0.2599999999999909,0.5203785300254822,0.4664314091205597,0.9838902950286865
40,789,557,517,kl,82.1,1.1999999999999886,0.46029239892959595,0.4398154616355896,0.9045315384864807
40,789,558,518,kl,81.88,-0.21999999999999886,0.45749276876449585,0.4546816051006317,0.9590638279914856
40,789,559,519,kl,82.24,0.35999999999999943,0.48095130920410156,0.49490249156951904,0.9629237055778503
40,789,560,520,kl,82.26,0.020000000000010232,0.5114892721176147,0.4821714758872986,1.0283175706863403
40,789,561,521,kl,83.04,0.7800000000000011,0.40407729148864746,0.42533692717552185,0.8616625666618347
40,789,562,522,kl,83.02,-0.020000000000010232,0.4525775611400604,0.4411375820636749,0.7948700785636902
40,789,563,523,kl,81.92,-1.0999999999999943,0.4515841007232666,0.4478520452976227,0.9816567301750183
40,789,564,524,kl,81.88,-0.04000000000000625,0.5359671115875244,0.49886804819107056,0.9056050777435303
40,789,565,525,kl,82.28,0.4000000000000057,0.5693472623825073,0.46636873483657837,0.9167851805686951
40,789,566,526,kl,82.38,0.09999999999999432,0.45398861169815063,0.46306273341178894,0.94992995262146
40,789,567,527,kl,82.3,-0.0799999999999983,0.49491453170776367,0.4602315425872803,1.1067031621932983
40,789,568,528,kl,82.46,0.1599999999999966,0.29482561349868774,0.3685944080352783,1.0010212659835815
40,789,569,529,kl,82.24,-0.21999999999999886,0.36328238248825073,0.42126378417015076,0.7693538069725037
40,789,570,530,kl,83.28,1.0400000000000063,0.4748591482639313,0.4451817572116852,0.8445214629173279
40,789,571,531,kl,82.44,-0.8400000000000034,0.40256550908088684,0.4415329694747925,0.9838547110557556
40,789,572,532,kl,81.82,-0.6200000000000045,0.5399695634841919,0.497853547334671,0.9613752365112305
40,789,573,533,kl,83.36,1.5400000000000063,0.4309873878955841,0.4316420257091522,0.9333294630050659
40,789,574,534,ce,79.38,-3.980000000000004,0.34260094165802,0.33546683192253113,1.9960815906524658
40,789,575,535,kl,82.66,3.280000000000001,0.3771727681159973,0.4394186735153198,0.9044342041015625
40,789,576,536,kl,80.74,-1.9200000000000017,0.6364014148712158,0.5736581683158875,1.088736653327942
40,789,577,537,kl,83.08,2.3400000000000034,0.5396420955657959,0.4377506971359253,0.9149951338768005
40,789,578,538,kl,82.76,-0.3199999999999932,0.407062828540802,0.4392249882221222,0.8673388361930847
40,789,579,539,kl,81.62,-1.1400000000000006,0.5701501369476318,0.512086808681488,0.9819849729537964
40,789,580,540,kl,82.22,0.5999999999999943,0.5326743721961975,0.49425703287124634,1.0255839824676514
40,789,581,541,kl,81.92,-0.29999999999999716,0.5058029890060425,0.46443265676498413,1.0139267444610596
40,789,582,542,kl,82.36,0.4399999999999977,0.4672672748565674,0.4363258183002472,1.0687137842178345
40,789,583,543,kl,80.22,-2.1400000000000006,0.4525887072086334,0.46744462847709656,1.228119969367981
40,789,584,544,kl,80.92,0.7000000000000028,0.6209278106689453,0.5305115580558777,1.2409324645996094
40,789,585,545,kl,82.32,1.3999999999999915,0.49039530754089355,0.4817490875720978,1.0687260627746582
40,789,586,546,kl,81.66,-0.6599999999999966,0.7000185251235962,0.5286579728126526,1.1292550563812256
40,789,587,547,kl,82.0,0.3400000000000034,0.5346319079399109,0.46703866124153137,1.0353221893310547
40,789,588,548,kl,81.64,-0.35999999999999943,0.5051048398017883,0.4697328805923462,1.1911646127700806
40,789,589,549,kl,82.6,0.9599999999999937,0.4338676929473877,0.4397217929363251,0.9229099750518799
40,789,590,550,kl,82.38,-0.21999999999999886,0.5159657001495361,0.49420034885406494,1.001930594444275
40,789,591,551,kl,82.48,0.10000000000000853,0.5105979442596436,0.4864903688430786,1.101853609085083
40,789,592,552,kl,81.7,-0.7800000000000011,0.4681853652000427,0.4626249670982361,0.9133809208869934
40,789,593,553,kl,81.72,0.01999999999999602,0.41927650570869446,0.4430699050426483,0.9622360467910767
40,789,594,554,kl,81.78,0.060000000000002274,0.5351665019989014,0.48763734102249146,1.0795371532440186
40,789,595,555,kl,82.58,0.7999999999999972,0.4162299335002899,0.45774760842323303,0.8459781408309937
40,789,596,556,kl,82.72,0.14000000000000057,0.5277830958366394,0.5018025040626526,0.9324141144752502
40,789,597,557,kl,81.32,-1.4000000000000057,0.6059107780456543,0.5190505981445312,1.1396771669387817
40,789,598,558,kl,81.88,0.5600000000000023,0.5470355749130249,0.49893954396247864,0.9288898706436157
40,789,599,559,kl,78.26,-3.6199999999999903,0.8002569675445557,0.7185008525848389,1.6467454433441162
40,789,600,560,kl,82.04,3.780000000000001,0.4513548016548157,0.46093377470970154,0.8678116798400879
40,789,601,561,kl,81.0,-1.0400000000000063,0.43154966831207275,0.45445069670677185,0.8639583587646484
40,789,602,562,kl,82.34,1.3400000000000034,0.3587464988231659,0.43254631757736206,0.9894561171531677
40,789,603,563,kl,82.22,-0.12000000000000455,0.529747724533081,0.4637391269207001,0.7902417778968811
40,789,604,564,kl,82.64,0.4200000000000017,0.40988877415657043,0.4311087131500244,0.9168764352798462
40,789,605,565,kl,81.16,-1.480000000000004,0.5213735103607178,0.4621570110321045,0.9922143220901489
40,789,606,566,kl,81.48,0.3200000000000074,0.5896582007408142,0.5188923478126526,1.058474063873291
40,789,607,567,kl,82.72,1.2399999999999949,0.46007540822029114,0.43637365102767944,0.8505058288574219
40,789,608,568,kl,82.28,-0.4399999999999977,0.5177285075187683,0.48213356733322144,0.9589411616325378
40,789,609,569,kl,82.6,0.3199999999999932,0.44214704632759094,0.43331822752952576,0.832412838935852
40,789,610,570,kl,80.78,-1.8199999999999932,0.43218499422073364,0.46665284037590027,1.044727087020874
40,789,611,571,kl,82.6,1.8199999999999932,0.424111545085907,0.42643558979034424,0.8070915341377258
40,789,612,572,kl,82.68,0.0800000000000125,0.4796847105026245,0.46758830547332764,0.9113637804985046
40,789,613,573,kl,81.14,-1.5400000000000063,0.3712388873100281,0.43555933237075806,0.9007941484451294
40,789,614,574,kl,78.92,-2.219999999999999,0.7326611876487732,0.6477183103561401,1.5845844745635986
40,789,615,575,ce,81.36,2.4399999999999977,0.36206719279289246,0.3124164938926697,1.996412754058838
40,789,616,576,kl,82.02,0.6599999999999966,0.4059094190597534,0.4663492739200592,0.969336748123169
40,789,617,577,kl,82.58,0.5600000000000023,0.48600566387176514,0.45002466440200806,1.0987762212753296
40,789,618,578,kl,82.36,-0.21999999999999886,0.5238762497901917,0.46683210134506226,0.8632436394691467
40,789,619,579,kl,82.86,0.5,0.47725439071655273,0.4645295739173889,0.8826139569282532
40,789,620,580,kl,82.36,-0.5,0.5532712340354919,0.4754992127418518,0.9613152146339417
40,789,621,581,kl,82.08,-0.28000000000000114,0.6007202863693237,0.5007250308990479,1.0205793380737305
40,789,622,582,kl,82.04,-0.03999999999999204,0.437349408864975,0.4368649423122406,0.8949439525604248
40,789,623,583,kl,80.64,-1.4000000000000057,0.5701739192008972,0.49539250135421753,1.1827505826950073
40,789,624,584,kl,82.44,1.7999999999999972,0.4472648799419403,0.4504934251308441,1.0606024265289307
40,789,625,585,kl,82.4,-0.03999999999999204,0.40167558193206787,0.43992507457733154,0.7901531457901001
40,789,626,586,kl,82.68,0.28000000000000114,0.4834584891796112,0.47803065180778503,0.990257740020752
40,789,627,587,kl,81.4,-1.2800000000000011,0.5665540099143982,0.4857122600078583,1.0625547170639038
40,789,628,588,kl,83.46,2.059999999999988,0.3280063271522522,0.41373783349990845,0.948925793170929
40,789,629,589,kl,82.52,-0.9399999999999977,0.5163120627403259,0.4658222794532776,1.0457830429077148
40,789,630,590,kl,83.16,0.6400000000000006,0.5739399194717407,0.4855102598667145,0.869693398475647
40,789,631,591,kl,83.68,0.5200000000000102,0.5181665420532227,0.474915474653244,0.9328687787055969
40,789,632,592,kl,81.58,-2.1000000000000085,0.4438198208808899,0.470062255859375,1.0918900966644287
40,789,633,593,kl,83.38,1.7999999999999972,0.560590386390686,0.49946027994155884,1.0867946147918701
40,789,634,594,kl,82.92,-0.45999999999999375,0.3439730703830719,0.45675724744796753,0.9113195538520813
40,789,635,595,kl,82.02,-0.9000000000000057,0.392688512802124,0.42642584443092346,0.9505037665367126
40,789,636,596,kl,82.94,0.9200000000000017,0.5135515332221985,0.4459781050682068,0.8779749274253845
40,789,637,597,kl,81.6,-1.3400000000000034,0.42179104685783386,0.4306440055370331,0.9902535080909729
40,789,638,598,kl,82.66,1.0600000000000023,0.5426850318908691,0.5155110955238342,1.068145990371704
40,789,639,599,kl,82.56,-0.09999999999999432,0.38960161805152893,0.44539856910705566,0.8644228577613831
40,789,640,600,kl,82.56,0.0,0.5627963542938232,0.4733923375606537,0.8344423770904541
40,789,641,601,kl,83.32,0.7599999999999909,0.5010175704956055,0.4343763589859009,0.822277307510376
40,789,642,602,kl,82.38,-0.9399999999999977,0.5744705200195312,0.5052412748336792,1.1811128854751587
40,789,643,603,kl,82.1,-0.28000000000000114,0.6532518863677979,0.571415901184082,1.278533935546875
40,789,644,604,kl,82.68,0.5800000000000125,0.5790095329284668,0.4653032720088959,0.7208488583564758
40,789,645,605,kl,82.5,-0.18000000000000682,0.5126371383666992,0.4807015359401703,0.963304340839386
40,789,646,606,kl,82.54,0.04000000000000625,0.5439199209213257,0.45621341466903687,1.0841917991638184
40,789,647,607,kl,82.64,0.09999999999999432,0.4203723669052124,0.44292089343070984,0.7339717745780945
40,789,648,608,kl,82.22,-0.4200000000000017,0.5858257412910461,0.5160258412361145,1.0297068357467651
40,789,649,609,kl,82.7,0.480000000000004,0.40227174758911133,0.437798410654068,0.9943100214004517
40,789,650,610,kl,82.52,-0.18000000000000682,0.45180416107177734,0.46220847964286804,0.9351626634597778
40,789,651,611,kl,81.66,-0.8599999999999994,0.5196601152420044,0.47150614857673645,1.1200424432754517
40,789,652,612,kl,81.56,-0.09999999999999432,0.6072571277618408,0.536814272403717,1.1914807558059692
40,789,653,613,kl,81.88,0.3199999999999932,0.6045985817909241,0.5350167751312256,1.2879102230072021
40,789,654,614,kl,82.66,0.7800000000000011,0.3833754062652588,0.4324181079864502,0.8025493025779724
40,789,655,615,kl,81.92,-0.7399999999999949,0.5900705456733704,0.49035292863845825,0.9613789916038513
40,789,656,616,ce,80.64,-1.2800000000000011,0.28667864203453064,0.3230617642402649,1.7643024921417236
40,789,657,617,kl,82.9,2.260000000000005,0.5524000525474548,0.46176478266716003,0.8780096173286438
40,789,658,618,kl,80.86,-2.0400000000000063,0.5764841437339783,0.46456316113471985,0.9185998439788818
40,789,659,619,kl,83.16,2.299999999999997,0.6133648157119751,0.5053249001502991,0.9520298838615417
40,789,660,620,kl,79.14,-4.019999999999996,0.6955835223197937,0.6462268829345703,1.3386306762695312
40,789,661,621,kl,82.04,2.9000000000000057,0.5014934539794922,0.5047177076339722,1.1837228536605835
40,789,662,622,kl,82.02,-0.020000000000010232,0.5913802981376648,0.5202922821044922,0.9079554080963135
40,789,663,623,kl,80.1,-1.9200000000000017,0.7162550687789917,0.6246442198753357,1.5186424255371094
40,789,664,624,kl,82.28,2.180000000000007,0.5206986665725708,0.4732878506183624,1.017572045326233
40,789,665,625,kl,83.16,0.8799999999999955,0.5159841775894165,0.45874741673469543,0.7846298813819885
40,789,666,626,kl,83.26,0.10000000000000853,0.4915271997451782,0.46418917179107666,0.9345707297325134
40,789,667,627,kl,83.04,-0.21999999999999886,0.49773335456848145,0.4551006555557251,0.8350238800048828
40,789,668,628,kl,83.62,0.5799999999999983,0.44869452714920044,0.4639144539833069,0.796588122844696
40,789,669,629,kl,81.48,-2.1400000000000006,0.6223605871200562,0.48960256576538086,0.9039998054504395
40,789,670,630,kl,82.78,1.2999999999999972,0.401347815990448,0.457686185836792,0.8855284452438354
40,789,671,631,kl,81.74,-1.0400000000000063,0.524861216545105,0.494010329246521,1.012345552444458
40,789,672,632,kl,83.12,1.3800000000000097,0.4901615381240845,0.440542072057724,0.7860676050186157
40,789,673,633,kl,82.9,-0.21999999999999886,0.5147799253463745,0.4945792257785797,0.8795883655548096
40,789,674,634,kl,83.12,0.21999999999999886,0.4720304012298584,0.4554916024208069,0.8650166392326355
40,789,675,635,kl,81.08,-2.0400000000000063,0.6359321475028992,0.5085230469703674,0.9196807146072388
40,789,676,636,kl,82.66,1.5799999999999983,0.6022155284881592,0.4994589388370514,0.8906998038291931
40,789,677,637,kl,82.24,-0.4200000000000017,0.4484201967716217,0.44325733184814453,1.0507818460464478
40,789,678,638,kl,82.72,0.480000000000004,0.5710346698760986,0.4708177149295807,0.9424349069595337
40,789,679,639,kl,82.2,-0.519999999999996,0.5068836212158203,0.47650080919265747,0.9740433692932129
40,789,680,640,kl,83.38,1.1799999999999926,0.4491758942604065,0.43658289313316345,0.9024642705917358
40,789,681,641,kl,82.22,-1.1599999999999966,0.5465847253799438,0.49794837832450867,1.000784993171692
40,789,682,642,kl,82.24,0.01999999999999602,0.3131325840950012,0.4362567961215973,1.0204832553863525
40,789,683,643,kl,82.42,0.18000000000000682,0.3478344678878784,0.442169189453125,0.9859002828598022
40,789,684,644,kl,81.02,-1.4000000000000057,0.5645554065704346,0.4863731861114502,0.960394024848938
40,789,685,645,kl,82.42,1.4000000000000057,0.3932674527168274,0.4304291605949402,0.82245934009552
40,789,686,646,kl,82.08,-0.3400000000000034,0.489340603351593,0.4590948820114136,1.0503321886062622
40,789,687,647,kl,81.78,-0.29999999999999716,0.5866134762763977,0.5137463808059692,1.127630352973938
40,789,688,648,kl,82.5,0.7199999999999989,0.46674516797065735,0.4487206041812897,0.872382402420044
40,789,689,649,kl,80.94,-1.5600000000000023,0.5768502950668335,0.5335344076156616,1.3103628158569336
40,789,690,650,kl,82.52,1.5799999999999983,0.5595932006835938,0.47627362608909607,1.1298933029174805
40,789,691,651,kl,81.48,-1.039999999999992,0.47709372639656067,0.48533275723457336,1.0577239990234375
40,789,692,652,kl,82.88,1.3999999999999915,0.40935394167900085,0.4265320897102356,0.8004069328308105
40,789,693,653,kl,81.4,-1.4799999999999898,0.44681283831596375,0.4384205937385559,0.9531955122947693
40,789,694,654,kl,80.82,-0.5800000000000125,0.602236270904541,0.521139919757843,1.0148876905441284
40,789,695,655,kl,81.72,0.9000000000000057,0.6859502792358398,0.6131395101547241,1.493430256843567
40,789,696,656,kl,82.94,1.2199999999999989,0.5014462471008301,0.439973384141922,0.9132088422775269
40,789,697,657,ce,80.92,-2.019999999999996,0.3661462664604187,0.3772420585155487,1.7672048807144165
40,789,698,658,kl,80.88,-0.04000000000000625,0.45090216398239136,0.4577111005783081,0.9221139550209045
40,789,699,659,kl,82.7,1.8200000000000074,0.4880715608596802,0.4500648081302643,0.8872977495193481
40,789,700,660,kl,81.96,-0.7400000000000091,0.33059731125831604,0.4196631610393524,1.031433343887329
40,789,701,661,kl,80.44,-1.519999999999996,0.6609191298484802,0.5520749688148499,1.1697520017623901
40,789,702,662,kl,81.52,1.0799999999999983,0.579883337020874,0.5086538791656494,1.1600124835968018
40,789,703,663,kl,81.58,0.060000000000002274,0.5816340446472168,0.49387022852897644,1.0608947277069092
40,789,704,664,kl,81.4,-0.1799999999999926,0.6277353167533875,0.5388829708099365,1.179910659790039
40,789,705,665,kl,81.08,-0.3200000000000074,0.39884811639785767,0.45122694969177246,0.782782256603241
40,789,706,666,kl,80.04,-1.039999999999992,0.48433947563171387,0.4618912935256958,0.9868030548095703
40,789,707,667,kl,82.26,2.219999999999999,0.43458816409111023,0.4221271872520447,0.9198834896087646
40,789,708,668,kl,82.88,0.6199999999999903,0.4184655249118805,0.37812018394470215,0.8748268485069275
40,789,709,669,kl,82.34,-0.539999999999992,0.5159091353416443,0.46223410964012146,0.9339699745178223
40,789,710,670,kl,82.64,0.29999999999999716,0.5928033590316772,0.49886220693588257,1.0709401369094849
40,789,711,671,kl,82.62,-0.01999999999999602,0.5777295827865601,0.4796469509601593,1.029549479484558
40,789,712,672,kl,83.04,0.4200000000000017,0.5780988335609436,0.4769093990325928,0.7891219854354858
40,789,713,673,kl,81.98,-1.0600000000000023,0.4796183705329895,0.4797757565975189,0.9559553265571594
40,789,714,674,kl,82.0,0.01999999999999602,0.5887984037399292,0.497604638338089,1.1368964910507202
40,789,715,675,kl,81.18,-0.8199999999999932,0.4827133119106293,0.4541766941547394,0.960218608379364
40,789,716,676,kl,82.68,1.5,0.4948734939098358,0.48866862058639526,0.9528302550315857
40,789,717,677,kl,82.54,-0.14000000000000057,0.5283932685852051,0.5041365027427673,1.0158517360687256
40,789,718,678,kl,82.0,-0.5400000000000063,0.58156418800354,0.4896557331085205,0.9642228484153748
40,789,719,679,kl,82.34,0.3400000000000034,0.3348453640937805,0.4567461609840393,1.0611439943313599
40,789,720,680,kl,81.98,-0.35999999999999943,0.41763925552368164,0.4254121780395508,0.7426726222038269
40,789,721,681,kl,81.44,-0.5400000000000063,0.36305251717567444,0.45454925298690796,1.0875484943389893
40,789,722,682,kl,83.3,1.8599999999999994,0.5309973955154419,0.4353296458721161,0.8175966143608093
40,789,723,683,kl,82.48,-0.8199999999999932,0.5652685761451721,0.4709551930427551,0.873548150062561
40,789,724,684,kl,81.42,-1.0600000000000023,0.5207818746566772,0.4978463649749756,1.1202584505081177
40,789,725,685,kl,79.72,-1.7000000000000028,0.6318395137786865,0.5071216821670532,0.9291290640830994
40,789,726,686,kl,82.16,2.4399999999999977,0.3961307406425476,0.43339672684669495,0.929042398929596
40,789,727,687,kl,82.22,0.060000000000002274,0.6690139770507812,0.5361495018005371,1.0147863626480103
40,789,728,688,kl,82.36,0.14000000000000057,0.36963698267936707,0.4515528976917267,1.067885398864746
40,789,729,689,kl,81.68,-0.6799999999999926,0.3771017789840698,0.44178009033203125,0.8383210897445679
40,789,730,690,kl,83.06,1.3799999999999955,0.5838701128959656,0.4816744327545166,0.8964870572090149
40,789,731,691,kl,81.54,-1.519999999999996,0.4849779009819031,0.47565290331840515,1.30648934841156
40,789,732,692,kl,82.24,0.6999999999999886,0.5785462260246277,0.5084665417671204,0.9823526740074158
40,789,733,693,kl,82.9,0.6600000000000108,0.29884546995162964,0.4070177972316742,0.8536475896835327
40,789,734,694,kl,82.7,-0.20000000000000284,0.45086410641670227,0.46032997965812683,0.9741842150688171
40,789,735,695,kl,82.32,-0.38000000000000966,0.5152846574783325,0.4825892746448517,0.9651185274124146
40,789,736,696,kl,82.54,0.22000000000001307,0.5486390590667725,0.5034258365631104,1.0031269788742065
40,789,737,697,kl,81.92,-0.6200000000000045,0.5514205694198608,0.4976489543914795,0.987727165222168
40,789,738,698,ce,79.02,-2.9000000000000057,0.34288275241851807,0.3725406527519226,2.0296854972839355
40,789,739,699,kl,81.92,2.9000000000000057,0.475458025932312,0.4542064070701599,0.9014474749565125
40,789,740,700,kl,82.42,0.5,0.5002793073654175,0.4805031716823578,0.9312644600868225
40,789,741,701,kl,82.92,0.5,0.4592598080635071,0.4296758472919464,0.8050322532653809
40,789,742,702,kl,82.94,0.01999999999999602,0.44807863235473633,0.44100290536880493,0.9635872840881348
40,789,743,703,kl,82.74,-0.20000000000000284,0.47047513723373413,0.4373500645160675,0.7891674041748047
40,789,744,704,kl,81.86,-0.8799999999999955,0.48757585883140564,0.4998738467693329,0.9594106674194336
40,789,745,705,kl,81.4,-0.45999999999999375,0.7191647291183472,0.6229485273361206,1.2976469993591309
40,789,746,706,kl,82.88,1.4799999999999898,0.47353070974349976,0.4679475724697113,0.9731014370918274
40,789,747,707,kl,81.38,-1.5,0.5001318454742432,0.47632160782814026,1.182734727859497
40,789,748,708,kl,81.16,-0.21999999999999886,0.44021713733673096,0.45558926463127136,1.2422330379486084
40,789,749,709,kl,82.26,1.1000000000000085,0.37954363226890564,0.4210748076438904,1.0124366283416748
40,789,750,710,kl,83.22,0.9599999999999937,0.46082431077957153,0.4206683337688446,0.7808163166046143
40,789,751,711,kl,80.7,-2.519999999999996,0.5957334637641907,0.5047933459281921,0.970151960849762
40,789,752,712,kl,81.82,1.1199999999999903,0.43530136346817017,0.4250030517578125,0.8286052346229553
40,789,753,713,kl,81.84,0.020000000000010232,0.4549559950828552,0.47411030530929565,0.8987935781478882
40,789,754,714,kl,80.7,-1.1400000000000006,0.561413049697876,0.5401760935783386,1.0650218725204468
40,789,755,715,kl,83.12,2.4200000000000017,0.5067263841629028,0.49252986907958984,0.9058437943458557
40,789,756,716,kl,82.66,-0.46000000000000796,0.43873971700668335,0.42141661047935486,1.0758870840072632
40,789,757,717,kl,81.62,-1.039999999999992,0.42020082473754883,0.4508320987224579,0.8373597860336304
40,789,758,718,kl,81.34,-0.28000000000000114,0.6532747745513916,0.5400068759918213,1.0533055067062378
40,789,759,719,kl,82.4,1.0600000000000023,0.5214942693710327,0.5006758570671082,0.9695863723754883
40,789,760,720,kl,83.0,0.5999999999999943,0.3968024253845215,0.4206312298774719,0.8783193230628967
40,789,761,721,kl,82.94,-0.060000000000002274,0.49736320972442627,0.4695729911327362,1.0114476680755615
40,789,762,722,kl,80.94,-2.0,0.5490977764129639,0.4989132285118103,1.1268441677093506
40,789,763,723,kl,81.28,0.3400000000000034,0.5028495788574219,0.4759853482246399,0.9407983422279358
40,789,764,724,kl,81.32,0.03999999999999204,0.39089030027389526,0.46920791268348694,1.142335295677185
40,789,765,725,kl,83.24,1.9200000000000017,0.5678701400756836,0.48258525133132935,0.9836371541023254
40,789,766,726,kl,82.62,-0.6199999999999903,0.5996613502502441,0.5442137718200684,1.0423469543457031
40,789,767,727,kl,82.62,0.0,0.46074432134628296,0.4437229037284851,0.9785894155502319
40,789,768,728,kl,83.38,0.7599999999999909,0.4482894241809845,0.445039838552475,0.8559086918830872
40,789,769,729,kl,82.1,-1.2800000000000011,0.4362310469150543,0.4451535940170288,0.861878514289856
40,789,770,730,kl,79.82,-2.280000000000001,0.6082090139389038,0.5490517616271973,1.2422715425491333
40,789,771,731,kl,81.84,2.0200000000000102,0.5055915117263794,0.4683069884777069,1.0813862085342407
40,789,772,732,kl,81.54,-0.29999999999999716,0.46357807517051697,0.4337161183357239,1.0118510723114014
40,789,773,733,kl,82.18,0.6400000000000006,0.5803050398826599,0.5030500888824463,0.8807266354560852
40,789,774,734,kl,82.5,0.3199999999999932,0.5276062488555908,0.4595881402492523,0.8331488966941833
40,789,775,735,kl,82.26,-0.23999999999999488,0.4829898476600647,0.48788246512413025,1.0780309438705444
40,789,776,736,kl,81.88,-0.38000000000000966,0.5880067348480225,0.49728551506996155,1.230637788772583
40,789,777,737,kl,82.12,0.2400000000000091,0.537217378616333,0.5147411227226257,1.069609522819519
40,789,778,738,kl,80.58,-1.5400000000000063,0.5832064747810364,0.4761073589324951,1.2441192865371704
40,789,779,739,ce,80.84,0.2600000000000051,0.3650404214859009,0.413848340511322,1.8467885255813599
40,789,780,740,kl,82.6,1.759999999999991,0.6839170455932617,0.5548367500305176,1.0165185928344727
40,789,781,741,kl,82.26,-0.3399999999999892,0.4456515908241272,0.43156901001930237,1.0159685611724854
40,789,782,742,kl,82.36,0.09999999999999432,0.5385738611221313,0.4806925058364868,0.9705077409744263
40,789,783,743,kl,83.1,0.7399999999999949,0.3647969365119934,0.4125082194805145,0.8732194900512695
40,789,784,744,kl,81.72,-1.3799999999999955,0.42254751920700073,0.45727527141571045,1.0207042694091797
40,789,785,745,kl,83.32,1.5999999999999943,0.5644705891609192,0.48284631967544556,1.0905237197875977
40,789,786,746,kl,82.64,-0.6799999999999926,0.33856067061424255,0.40795764327049255,0.8060517311096191
40,789,787,747,kl,80.7,-1.9399999999999977,0.49227815866470337,0.5056518912315369,1.3051789999008179
40,789,788,748,kl,82.44,1.7399999999999949,0.40961307287216187,0.45420846343040466,0.9900896549224854
40,789,789,749,kl,81.0,-1.4399999999999977,0.6714649200439453,0.5438105463981628,1.2572340965270996
40,789,790,750,kl,81.54,0.5400000000000063,0.6924114227294922,0.555747926235199,1.1558547019958496
40,789,791,751,kl,82.96,1.4199999999999875,0.537872314453125,0.5033495426177979,1.0657174587249756
40,789,792,752,kl,81.98,-0.9799999999999898,0.3664657771587372,0.4226255416870117,1.094205379486084
40,789,793,753,kl,81.36,-0.6200000000000045,0.5338107347488403,0.48477378487586975,1.0446330308914185
40,789,794,754,kl,82.5,1.1400000000000006,0.2665477991104126,0.39409339427948,0.9549463391304016
40,789,795,755,kl,80.98,-1.519999999999996,0.46925485134124756,0.4508935213088989,1.0735223293304443
40,789,796,756,kl,82.82,1.8399999999999892,0.44525521993637085,0.4799736738204956,0.9996011257171631
40,789,797,757,kl,82.24,-0.5799999999999983,0.5318500399589539,0.44744810461997986,0.8317485451698303
40,789,798,758,kl,82.44,0.20000000000000284,0.5557414889335632,0.47344982624053955,0.963308572769165
40,789,799,759,kl,79.42,-3.019999999999996,0.709097683429718,0.6159102916717529,1.348568320274353
40,789,800,760,kl,82.12,2.700000000000003,0.4770546555519104,0.4560825526714325,0.7872288227081299
40,789,801,761,kl,82.12,0.0,0.5674968361854553,0.5116013884544373,1.0644361972808838
40,789,802,762,kl,83.06,0.9399999999999977,0.6272696852684021,0.5034617781639099,1.1079347133636475
40,789,803,763,kl,81.38,-1.6800000000000068,0.5879037380218506,0.5140008330345154,1.05232572555542
40,789,804,764,kl,83.82,2.4399999999999977,0.5641075372695923,0.45760729908943176,0.8179598450660706
40,789,805,765,kl,82.58,-1.2399999999999949,0.4835548400878906,0.43724513053894043,1.091233253479004
40,789,806,766,kl,82.0,-0.5799999999999983,0.44851672649383545,0.4784286916255951,1.1428216695785522
40,789,807,767,kl,81.2,-0.7999999999999972,0.50746750831604,0.5243915915489197,1.1735076904296875
40,789,808,768,kl,81.86,0.6599999999999966,0.5123201012611389,0.4802612066268921,1.1171040534973145
40,789,809,769,kl,81.34,-0.519999999999996,0.5181398391723633,0.4876815378665924,1.2959794998168945
40,789,810,770,kl,82.76,1.4200000000000017,0.44078779220581055,0.4223884344100952,0.9833444356918335
40,789,811,771,kl,82.42,-0.3400000000000034,0.5316699743270874,0.4769780933856964,1.0259944200515747
40,789,812,772,kl,81.8,-0.6200000000000045,0.5200008749961853,0.47738608717918396,0.97261643409729
40,789,813,773,kl,82.36,0.5600000000000023,0.592041015625,0.5160218477249146,1.0340622663497925
40,789,814,774,kl,82.74,0.37999999999999545,0.6719260215759277,0.542258083820343,1.0211009979248047
40,789,815,775,kl,82.26,-0.47999999999998977,0.6442900896072388,0.5055655241012573,1.0450782775878906
40,789,816,776,kl,82.72,0.45999999999999375,0.4768538475036621,0.44795817136764526,0.8977810144424438
40,789,817,777,kl,82.46,-0.2600000000000051,0.3255535066127777,0.4032428562641144,0.8989937901496887
40,789,818,778,kl,82.32,-0.14000000000000057,0.5220707654953003,0.4704471826553345,1.0022203922271729
40,789,819,779,kl,81.92,-0.3999999999999915,0.5764349102973938,0.4452965259552002,0.7615007758140564
40,789,820,780,ce,79.6,-2.3200000000000074,0.2864445149898529,0.36151450872421265,1.7903053760528564
