group,seed,round_index,relative_round,phase,val_acc,delta_acc,cos_ce_kl,g_ce_norm,g_kl_norm
5,123,1,-4,kl,28.76,19.26,0.24815809726715088,0.766279399394989,1.4085204601287842
5,123,2,-3,kl,45.58,16.819999999999997,0.33681589365005493,0.5640391707420349,1.0933659076690674
5,123,3,-2,kl,47.7,2.1200000000000045,0.5572839975357056,0.6736159324645996,1.7950152158737183
5,123,4,-1,kl,58.38,10.68,0.553739607334137,0.5639604926109314,1.47633957862854
5,123,5,0,kl,60.74,2.3599999999999994,0.33936312794685364,0.47205695509910583,1.281702995300293
5,123,6,1,ce,67.12,6.380000000000003,0.17314565181732178,0.244608074426651,1.9962226152420044
5,123,7,2,kl,67.82,0.6999999999999886,0.5291962623596191,0.49640801548957825,1.1487666368484497
5,123,8,3,kl,65.36,-2.4599999999999937,0.48340749740600586,0.49353548884391785,1.1695377826690674
5,123,9,4,kl,69.7,4.340000000000003,0.6960983872413635,0.6415684223175049,1.5275911092758179
5,123,10,5,kl,72.26,2.5600000000000023,0.32186487317085266,0.43383049964904785,1.1706198453903198
5,123,11,6,kl,74.86,2.5999999999999943,0.7193970680236816,0.5141574740409851,1.009832501411438
5,123,12,7,ce,76.26,1.4000000000000057,0.19136285781860352,0.21443726122379303,2.0541346073150635
5,123,13,8,kl,71.7,-4.560000000000002,0.727788507938385,0.6017972826957703,1.216149926185608
5,123,14,9,kl,74.82,3.1199999999999903,0.7032643556594849,0.519413411617279,1.1868007183074951
5,123,15,10,kl,76.62,1.8000000000000114,0.5461874604225159,0.492247611284256,1.1301549673080444
5,123,16,11,kl,75.7,-0.9200000000000017,0.46610018610954285,0.48140934109687805,1.0843874216079712
5,123,17,12,kl,77.56,1.8599999999999994,0.4983706772327423,0.43194589018821716,0.9240812063217163
5,123,18,13,ce,79.52,1.9599999999999937,0.11685456335544586,0.24103718996047974,1.9674912691116333
5,123,19,14,kl,77.98,-1.539999999999992,0.6063425540924072,0.48349127173423767,0.9522168636322021
5,123,20,15,kl,78.0,0.01999999999999602,0.6512391567230225,0.4970650374889374,0.9417678117752075
5,123,21,16,kl,78.66,0.6599999999999966,0.6640769243240356,0.4956463873386383,0.9087833762168884
5,123,22,17,kl,77.52,-1.1400000000000006,0.45185935497283936,0.44660675525665283,1.0317343473434448
5,123,23,18,kl,78.6,1.0799999999999983,0.5642490386962891,0.4695560336112976,0.945659875869751
5,123,24,19,ce,80.36,1.7600000000000051,0.2092374563217163,0.27762308716773987,2.1311445236206055
5,123,25,20,kl,76.48,-3.8799999999999955,0.6380834579467773,0.5174886584281921,1.1809093952178955
5,123,26,21,kl,78.38,1.8999999999999915,0.4866470694541931,0.4527672231197357,0.8648234605789185
5,123,27,22,kl,77.14,-1.2399999999999949,0.5139727592468262,0.530735194683075,1.1382840871810913
5,123,28,23,kl,79.72,2.5799999999999983,0.6071089506149292,0.4278446435928345,0.7477651238441467
5,123,29,24,kl,78.86,-0.8599999999999994,0.4870480000972748,0.4629928171634674,1.116835594177246
5,123,30,25,ce,81.36,2.5,0.12705793976783752,0.30194124579429626,1.95254385471344
5,123,31,26,kl,79.54,-1.8199999999999932,0.4904959201812744,0.45011699199676514,0.9044888615608215
5,123,32,27,kl,79.5,-0.04000000000000625,0.7520203590393066,0.551965594291687,1.28472101688385
5,123,33,28,kl,79.42,-0.0799999999999983,0.5595846176147461,0.4876055121421814,1.0143810510635376
5,123,34,29,kl,79.0,-0.4200000000000017,0.44372209906578064,0.4407259523868561,0.8811426758766174
5,123,35,30,kl,77.56,-1.4399999999999977,0.7219678163528442,0.5422746539115906,1.0817269086837769
5,123,36,31,ce,80.5,2.9399999999999977,0.15732920169830322,0.322189062833786,1.8875906467437744
5,123,37,32,kl,79.54,-0.9599999999999937,0.4792129099369049,0.4994910955429077,0.9874474406242371
5,123,38,33,kl,79.54,0.0,0.4830660820007324,0.41944247484207153,0.8435247540473938
5,123,39,34,kl,80.16,0.6199999999999903,0.5119209289550781,0.45846906304359436,0.8545590043067932
5,123,40,35,kl,79.66,-0.5,0.6281919479370117,0.5189478397369385,1.1130387783050537
5,123,41,36,kl,79.58,-0.0799999999999983,0.6000317931175232,0.45439019799232483,0.9856731295585632
5,123,42,37,ce,81.32,1.7399999999999949,0.19573207199573517,0.2948349118232727,1.908689260482788
5,123,43,38,kl,79.78,-1.539999999999992,0.684994101524353,0.5678324699401855,1.1572439670562744
5,123,44,39,kl,79.22,-0.5600000000000023,0.5892349481582642,0.49231553077697754,1.0611679553985596
5,123,45,40,kl,80.2,0.980000000000004,0.6114381551742554,0.46585220098495483,0.8143020272254944
5,123,46,41,kl,80.46,0.2599999999999909,0.32721012830734253,0.43047380447387695,1.0994445085525513
5,123,47,42,kl,79.12,-1.3399999999999892,0.6496717929840088,0.5552548766136169,1.2693053483963013
5,123,48,43,ce,81.88,2.759999999999991,0.12282352149486542,0.27505284547805786,1.9048484563827515
5,123,49,44,kl,80.36,-1.519999999999996,0.6421869397163391,0.532100260257721,1.1190927028656006
5,123,50,45,kl,78.72,-1.6400000000000006,0.4169926941394806,0.4405898153781891,1.0366625785827637
5,123,51,46,kl,79.24,0.519999999999996,0.5885496139526367,0.4885998070240021,1.3778643608093262
5,123,52,47,kl,80.42,1.1800000000000068,0.4924972951412201,0.442830353975296,0.983842670917511
5,123,53,48,kl,79.6,-0.8200000000000074,0.49766069650650024,0.4560689628124237,1.0442570447921753
5,123,54,49,ce,81.7,2.1000000000000085,0.08750056475400925,0.30222249031066895,1.6445183753967285
5,123,55,50,kl,81.08,-0.6200000000000045,0.3066326379776001,0.43416476249694824,0.998327910900116
5,123,56,51,kl,80.62,-0.45999999999999375,0.45556357502937317,0.44931307435035706,1.0014344453811646
5,123,57,52,kl,81.94,1.3199999999999932,0.4202105700969696,0.4433734714984894,0.9498846530914307
5,123,58,53,kl,80.14,-1.7999999999999972,0.5735100507736206,0.48514464497566223,0.9503641724586487
5,123,59,54,kl,78.86,-1.2800000000000011,0.6077000498771667,0.48525163531303406,1.0133363008499146
5,123,60,55,ce,81.52,2.6599999999999966,0.2090906798839569,0.3069433271884918,2.0035829544067383
5,123,61,56,kl,79.1,-2.4200000000000017,0.5206442475318909,0.5443811416625977,1.1599780321121216
5,123,62,57,kl,80.84,1.740000000000009,0.6975120306015015,0.5372381806373596,1.0283808708190918
5,123,63,58,kl,81.68,0.8400000000000034,0.4186035096645355,0.4373636245727539,0.9062202572822571
5,123,64,59,kl,81.12,-0.5600000000000023,0.6723474264144897,0.5444275736808777,1.1953598260879517
5,123,65,60,kl,78.2,-2.9200000000000017,0.49197331070899963,0.5213590860366821,1.0802037715911865
5,123,66,61,ce,83.08,4.8799999999999955,0.17676284909248352,0.27576813101768494,1.9641878604888916
5,123,67,62,kl,85.36,2.280000000000001,0.3338391184806824,0.38741806149482727,0.5895476341247559
5,123,68,63,kl,85.64,0.28000000000000114,0.32478541135787964,0.3924718201160431,0.6030252575874329
5,123,69,64,kl,85.8,0.1599999999999966,0.36493051052093506,0.40007284283638,0.6738846898078918
5,123,70,65,kl,85.62,-0.1799999999999926,0.3277031481266022,0.40923386812210083,0.6452773213386536
5,123,71,66,kl,86.02,0.3999999999999915,0.377763032913208,0.41674453020095825,0.6592013239860535
5,123,72,67,ce,86.36,0.3400000000000034,0.0759272500872612,0.3287075459957123,1.3766307830810547
5,123,73,68,kl,85.9,-0.45999999999999375,0.3253212571144104,0.41887614130973816,0.6943526864051819
5,123,74,69,kl,86.24,0.3399999999999892,0.3334147334098816,0.4121463894844055,0.7076632380485535
5,123,75,70,kl,86.18,-0.05999999999998806,0.43555301427841187,0.4353814125061035,0.8179866671562195
5,123,76,71,kl,86.28,0.09999999999999432,0.3609352111816406,0.42941540479660034,0.730822741985321
5,123,77,72,kl,86.34,0.060000000000002274,0.3018929660320282,0.4233914911746979,0.6440958976745605
5,123,78,73,ce,86.44,0.09999999999999432,0.0098331980407238,0.3359733521938324,1.3659210205078125
5,123,79,74,kl,86.84,0.4000000000000057,0.3045618236064911,0.44092851877212524,0.6841849088668823
5,123,80,75,kl,86.46,-0.38000000000000966,0.3361870050430298,0.446368545293808,0.7584056854248047
5,123,81,76,kl,86.26,-0.19999999999998863,0.34781962633132935,0.46772438287734985,0.7922402620315552
5,123,82,77,kl,86.58,0.3199999999999932,0.2776241898536682,0.44543325901031494,0.7844561338424683
5,123,83,78,kl,86.28,-0.29999999999999716,0.38722795248031616,0.4658275544643402,0.7418887615203857
5,123,84,79,ce,86.74,0.45999999999999375,0.09106110036373138,0.39237409830093384,1.2921240329742432
5,123,85,80,kl,86.52,-0.21999999999999886,0.322739839553833,0.4638172388076782,0.7005230784416199
5,123,86,81,kl,86.46,-0.060000000000002274,0.41317927837371826,0.5011456608772278,0.8413218855857849
5,123,87,82,kl,86.66,0.20000000000000284,0.3260626494884491,0.4845218062400818,0.7981693148612976
5,123,88,83,kl,86.38,-0.28000000000000114,0.2795378565788269,0.4800032377243042,0.7683860063552856
5,123,89,84,kl,86.56,0.18000000000000682,0.379163920879364,0.4994698762893677,0.8600389957427979
5,123,90,85,ce,86.66,0.09999999999999432,0.22186055779457092,0.43262070417404175,1.4694544076919556
5,123,91,86,kl,86.18,-0.47999999999998977,0.291835755109787,0.48476433753967285,0.9220885634422302
5,123,92,87,kl,86.72,0.539999999999992,0.3783532679080963,0.5170299410820007,0.8157780766487122
5,123,93,88,kl,86.82,0.09999999999999432,0.34650278091430664,0.5293154716491699,0.8235661387443542
5,123,94,89,kl,86.18,-0.6399999999999864,0.4022478461265564,0.5424302220344543,0.9401105046272278
5,123,95,90,kl,86.78,0.5999999999999943,0.32231172919273376,0.5341711044311523,0.8157033920288086
5,123,96,91,ce,86.6,-0.18000000000000682,0.19854778051376343,0.46352142095565796,1.49074387550354
5,123,97,92,kl,86.52,-0.0799999999999983,0.291920930147171,0.5228559374809265,0.8332881331443787
5,123,98,93,kl,86.5,-0.01999999999999602,0.2923429012298584,0.5223012566566467,0.8107449412345886
5,123,99,94,kl,86.84,0.3400000000000034,0.2883368134498596,0.5214729309082031,0.8074828386306763
5,123,100,95,kl,86.76,-0.0799999999999983,0.29477548599243164,0.5228652954101562,0.851679265499115
5,123,101,96,kl,86.8,0.03999999999999204,0.29844337701797485,0.5297707319259644,0.8309991359710693
5,123,102,97,ce,86.78,-0.01999999999999602,0.23711910843849182,0.4916858971118927,1.107217788696289
5,123,103,98,kl,86.84,0.060000000000002274,0.3242446780204773,0.5285755395889282,0.8572799563407898
5,123,104,99,kl,87.04,0.20000000000000284,0.32254430651664734,0.5332039594650269,0.8165194988250732
5,123,105,100,kl,86.96,-0.0800000000000125,0.28401267528533936,0.5220756530761719,0.8601310849189758
5,123,106,101,kl,86.82,-0.14000000000000057,0.31398242712020874,0.532555103302002,0.8394371867179871
5,123,107,102,kl,86.76,-0.05999999999998806,0.31468871235847473,0.5347912311553955,0.8662092685699463
5,123,108,103,ce,86.48,-0.28000000000000114,0.26340264081954956,0.514413595199585,1.1026078462600708
5,123,109,104,kl,86.68,0.20000000000000284,0.3046901226043701,0.5282931327819824,0.871101975440979
5,123,110,105,kl,86.88,0.19999999999998863,0.29800164699554443,0.5363175272941589,0.8541960120201111
5,123,111,106,kl,86.9,0.020000000000010232,0.2890215516090393,0.5357130169868469,0.8584907054901123
5,123,112,107,kl,86.94,0.03999999999999204,0.2997004985809326,0.5342493057250977,0.8567368388175964
5,123,113,108,kl,86.84,-0.09999999999999432,0.32624632120132446,0.5466963052749634,0.8832151889801025
5,123,114,109,ce,86.88,0.03999999999999204,0.21610522270202637,0.5046612620353699,1.1146515607833862
5,123,115,110,kl,86.8,-0.0799999999999983,0.2858818769454956,0.534511387348175,0.8587914705276489
5,123,116,111,kl,86.72,-0.0799999999999983,0.3104431629180908,0.5513399839401245,0.8708437085151672
5,123,117,112,kl,86.9,0.18000000000000682,0.28673896193504333,0.5404386520385742,0.8818386197090149
5,123,118,113,kl,86.86,-0.04000000000000625,0.2974990904331207,0.5427149534225464,0.864536464214325
5,123,119,114,kl,86.94,0.0799999999999983,0.2760671377182007,0.5406218767166138,0.8507426381111145
5,123,120,115,ce,87.1,0.1599999999999966,0.22497005760669708,0.5169312953948975,1.0907610654830933
5,1337,1,-4,kl,28.18,15.92,0.7063508033752441,0.9989817142486572,1.7703149318695068
5,1337,2,-3,kl,46.78,18.6,0.6699275374412537,0.602271556854248,1.513643503189087
5,1337,3,-2,kl,52.2,5.420000000000002,0.6960919499397278,0.610558032989502,1.2770200967788696
5,1337,4,-1,kl,62.48,10.279999999999994,0.4191945195198059,0.4639134109020233,0.9865482449531555
5,1337,5,0,kl,67.12,4.640000000000008,0.5937384366989136,0.5429370403289795,1.2302894592285156
5,1337,6,1,ce,71.12,4.0,0.17142611742019653,0.2798939049243927,1.7961888313293457
5,1337,7,2,kl,67.74,-3.3800000000000097,0.7912835478782654,0.588862955570221,1.1266810894012451
5,1337,8,3,kl,71.16,3.4200000000000017,0.6259742975234985,0.4948340058326721,1.0967367887496948
5,1337,9,4,kl,71.38,0.21999999999999886,0.6906769275665283,0.5330386161804199,1.2089215517044067
5,1337,10,5,kl,74.2,2.8200000000000074,0.2710881233215332,0.4169033467769623,1.031797170639038
5,1337,11,6,kl,75.88,1.6799999999999926,0.7008714079856873,0.4955907464027405,0.9687874913215637
5,1337,12,7,ce,77.48,1.6000000000000085,0.20238065719604492,0.24519464373588562,1.787920355796814
5,1337,13,8,kl,76.52,-0.960000000000008,0.5160194635391235,0.46644291281700134,1.1277915239334106
5,1337,14,9,kl,75.56,-0.9599999999999937,0.5564086437225342,0.47620919346809387,0.9440499544143677
5,1337,15,10,kl,75.8,0.23999999999999488,0.5520966053009033,0.49007856845855713,1.0136467218399048
5,1337,16,11,kl,77.7,1.9000000000000057,0.5786440968513489,0.47173649072647095,0.9983199238777161
5,1337,17,12,kl,78.46,0.7599999999999909,0.48414647579193115,0.4520590305328369,0.8146178722381592
5,1337,18,13,ce,79.24,0.7800000000000011,0.14784874022006989,0.26341545581817627,1.813960313796997
5,1337,19,14,kl,78.48,-0.7599999999999909,0.6070587635040283,0.4510062634944916,0.9231637120246887
5,1337,20,15,kl,78.24,-0.2400000000000091,0.5481822490692139,0.44477593898773193,0.8790713548660278
5,1337,21,16,kl,78.28,0.04000000000000625,0.440727174282074,0.418949156999588,0.9565147757530212
5,1337,22,17,kl,78.88,0.5999999999999943,0.6631195545196533,0.4789544939994812,0.973161518573761
5,1337,23,18,kl,79.32,0.4399999999999977,0.5956556797027588,0.4594745337963104,0.8810885548591614
5,1337,24,19,ce,79.04,-0.2799999999999869,0.30688661336898804,0.28697606921195984,1.8992884159088135
5,1337,25,20,kl,76.9,-2.1400000000000006,0.5140514373779297,0.42696884274482727,1.0390732288360596
5,1337,26,21,kl,78.18,1.2800000000000011,0.41141921281814575,0.4632364809513092,0.9669798612594604
5,1337,27,22,kl,79.64,1.4599999999999937,0.5383455157279968,0.45437875390052795,0.8991278409957886
5,1337,28,23,kl,79.64,0.0,0.5548723340034485,0.47697269916534424,0.8796377182006836
5,1337,29,24,kl,79.8,0.1599999999999966,0.6355760097503662,0.4608553349971771,0.8489630818367004
5,1337,30,25,ce,81.22,1.4200000000000017,0.13660360872745514,0.29225489497184753,1.493404746055603
5,1337,31,26,kl,80.3,-0.9200000000000017,0.5517188906669617,0.4659382104873657,0.9361664056777954
5,1337,32,27,kl,78.54,-1.759999999999991,0.6869785189628601,0.538292646408081,1.1121257543563843
5,1337,33,28,kl,80.18,1.6400000000000006,0.5373139977455139,0.43174898624420166,0.9298152327537537
5,1337,34,29,kl,81.34,1.1599999999999966,0.43831881880760193,0.4028242528438568,0.8113100528717041
5,1337,35,30,kl,79.28,-2.0600000000000023,0.5742216110229492,0.4601806700229645,0.8802339434623718
5,1337,36,31,ce,81.9,2.6200000000000045,0.20259365439414978,0.2794131934642792,1.666511058807373
5,1337,37,32,kl,79.72,-2.180000000000007,0.4931325912475586,0.4631141722202301,0.99822998046875
5,1337,38,33,kl,79.38,-0.3400000000000034,0.4504691958427429,0.4711354374885559,1.0976190567016602
5,1337,39,34,kl,79.26,-0.11999999999999034,0.5342431664466858,0.4377560615539551,1.0268102884292603
5,1337,40,35,kl,80.62,1.3599999999999994,0.368757963180542,0.3984983265399933,0.8903295397758484
5,1337,41,36,kl,80.08,-0.5400000000000063,0.652899444103241,0.5038721561431885,0.9309055209159851
5,1337,42,37,ce,80.72,0.6400000000000006,0.2397579550743103,0.34031030535697937,1.674147367477417
5,1337,43,38,kl,80.44,-0.28000000000000114,0.6610612869262695,0.5060089826583862,0.9245854616165161
5,1337,44,39,kl,80.7,0.2600000000000051,0.5672205090522766,0.4672297537326813,0.9683292508125305
5,1337,45,40,kl,79.18,-1.519999999999996,0.5665321350097656,0.49484318494796753,1.0070035457611084
5,1337,46,41,kl,81.76,2.5799999999999983,0.5071588754653931,0.43269437551498413,0.8575752973556519
5,1337,47,42,kl,81.64,-0.12000000000000455,0.5290447473526001,0.45238885283470154,0.840883731842041
5,1337,48,43,ce,81.8,0.1599999999999966,0.10203789174556732,0.3029361665248871,1.6915215253829956
5,1337,49,44,kl,79.5,-2.299999999999997,0.6170825958251953,0.4937259256839752,1.0602619647979736
5,1337,50,45,kl,79.36,-0.14000000000000057,0.4013359546661377,0.4215737283229828,0.932783305644989
5,1337,51,46,kl,80.18,0.8200000000000074,0.540714681148529,0.45359575748443604,0.9051157832145691
5,1337,52,47,kl,81.74,1.559999999999988,0.4934263825416565,0.42657122015953064,0.8338599801063538
5,1337,53,48,kl,82.0,0.2600000000000051,0.661561131477356,0.5072096586227417,0.8381727933883667
5,1337,54,49,ce,81.76,-0.23999999999999488,0.37078386545181274,0.41828417778015137,1.5995144844055176
5,1337,55,50,kl,80.52,-1.240000000000009,0.59148108959198,0.4693495035171509,0.8506383299827576
5,1337,56,51,kl,80.96,0.4399999999999977,0.4990243911743164,0.49667805433273315,1.1971555948257446
5,1337,57,52,kl,81.58,0.6200000000000045,0.5383148193359375,0.47366994619369507,1.032500147819519
5,1337,58,53,kl,80.32,-1.2600000000000051,0.6046525239944458,0.49910059571266174,0.9996093511581421
5,1337,59,54,kl,81.18,0.8600000000000136,0.689063549041748,0.52806156873703,1.0225236415863037
5,1337,60,55,ce,81.56,0.37999999999999545,0.24903598427772522,0.37155941128730774,1.5332667827606201
5,1337,61,56,kl,80.68,-0.8799999999999955,0.6648284196853638,0.5312113761901855,1.1349432468414307
5,1337,62,57,kl,81.02,0.3399999999999892,0.6321179866790771,0.5100874304771423,1.194512963294983
5,1337,63,58,kl,79.64,-1.3799999999999955,0.48251426219940186,0.48781684041023254,1.3298712968826294
5,1337,64,59,kl,81.68,2.0400000000000063,0.6064123511314392,0.48349493741989136,0.9228121638298035
5,1337,65,60,kl,80.96,-0.7200000000000131,0.6833981275558472,0.5525603890419006,1.0928888320922852
5,1337,66,61,ce,82.26,1.3000000000000114,0.27015843987464905,0.3454478085041046,1.6887400150299072
5,1337,67,62,kl,85.36,3.0999999999999943,0.3589591085910797,0.4036414325237274,0.6747728586196899
5,1337,68,63,kl,85.7,0.3400000000000034,0.3155282735824585,0.38430020213127136,0.6312568783760071
5,1337,69,64,kl,85.54,-0.1599999999999966,0.3237984776496887,0.38341769576072693,0.6252340078353882
5,1337,70,65,kl,85.88,0.3399999999999892,0.29601866006851196,0.38521841168403625,0.6017091870307922
5,1337,71,66,kl,86.14,0.2600000000000051,0.27628570795059204,0.3857463598251343,0.6336597204208374
5,1337,72,67,ce,85.4,-0.7399999999999949,0.2175690084695816,0.3641868829727173,1.168243408203125
5,1337,73,68,kl,85.88,0.47999999999998977,0.34744811058044434,0.4040839970111847,0.6792967915534973
5,1337,74,69,kl,86.14,0.2600000000000051,0.3458241820335388,0.40069353580474854,0.6726375222206116
5,1337,75,70,kl,85.86,-0.28000000000000114,0.2604137063026428,0.3887743651866913,0.7515721321105957
5,1337,76,71,kl,85.64,-0.21999999999999886,0.2523593306541443,0.39430904388427734,0.7156854867935181
5,1337,77,72,kl,85.8,0.1599999999999966,0.311412513256073,0.4245656430721283,0.7549875974655151
5,1337,78,73,ce,86.06,0.2600000000000051,0.28019776940345764,0.4119141399860382,1.1753742694854736
5,1337,79,74,kl,86.28,0.21999999999999886,0.39193254709243774,0.44270819425582886,0.7527672052383423
5,1337,80,75,kl,86.06,-0.21999999999999886,0.3080276846885681,0.4233090579509735,0.6973134875297546
5,1337,81,76,kl,85.98,-0.0799999999999983,0.3190898299217224,0.4289369583129883,0.76849764585495
5,1337,82,77,kl,86.28,0.29999999999999716,0.31331297755241394,0.440176784992218,0.7790355086326599
5,1337,83,78,kl,86.18,-0.09999999999999432,0.3561726212501526,0.45799121260643005,0.8061093688011169
5,1337,84,79,ce,86.24,0.05999999999998806,0.2074718326330185,0.4078511893749237,1.1726785898208618
5,1337,85,80,kl,86.48,0.2400000000000091,0.40260976552963257,0.4651521146297455,0.8526297211647034
5,1337,86,81,kl,86.12,-0.35999999999999943,0.3660751283168793,0.4657309353351593,0.7034487724304199
5,1337,87,82,kl,86.48,0.35999999999999943,0.3579462170600891,0.4725501239299774,0.7954721450805664
5,1337,88,83,kl,86.46,-0.020000000000010232,0.3576868772506714,0.47612324357032776,0.8969165682792664
5,1337,89,84,kl,86.32,-0.14000000000000057,0.37910494208335876,0.47147801518440247,0.8285267949104309
5,1337,90,85,ce,86.28,-0.03999999999999204,0.3331074118614197,0.48267459869384766,1.1425671577453613
5,1337,91,86,kl,86.22,-0.060000000000002274,0.27287375926971436,0.46030178666114807,0.8496198058128357
5,1337,92,87,kl,86.04,-0.1799999999999926,0.2722576856613159,0.4546566903591156,0.831436276435852
5,1337,93,88,kl,86.42,0.37999999999999545,0.36778008937835693,0.48790445923805237,0.8335753679275513
5,1337,94,89,kl,86.12,-0.29999999999999716,0.41312044858932495,0.5201316475868225,0.940018892288208
5,1337,95,90,kl,86.22,0.09999999999999432,0.45390191674232483,0.5288909077644348,0.8950628638267517
5,1337,96,91,ce,86.42,0.20000000000000284,0.30531519651412964,0.5117515325546265,1.1821684837341309
5,1337,97,92,kl,86.6,0.1799999999999926,0.34570732712745667,0.5094236135482788,0.8389447331428528
5,1337,98,93,kl,86.7,0.10000000000000853,0.33336228132247925,0.5049726366996765,0.8756788969039917
5,1337,99,94,kl,86.52,-0.18000000000000682,0.32189977169036865,0.501093327999115,0.8382956385612488
5,1337,100,95,kl,86.28,-0.23999999999999488,0.3195686340332031,0.4994887411594391,0.8412172794342041
5,1337,101,96,kl,86.74,0.45999999999999375,0.32559990882873535,0.5039255619049072,0.8489746451377869
5,1337,102,97,ce,86.98,0.2400000000000091,0.30514946579933167,0.4968099594116211,1.0148463249206543
5,1337,103,98,kl,86.94,-0.04000000000000625,0.3391953706741333,0.5085609555244446,0.8724292516708374
5,1337,104,99,kl,86.52,-0.4200000000000017,0.32362455129623413,0.5046979188919067,0.839508056640625
5,1337,105,100,kl,86.76,0.2400000000000091,0.33745884895324707,0.5060248374938965,0.865127444267273
5,1337,106,101,kl,86.82,0.05999999999998806,0.3470142185688019,0.5108703374862671,0.8789018988609314
5,1337,107,102,kl,86.72,-0.09999999999999432,0.3384130895137787,0.5098258852958679,0.8765910267829895
5,1337,108,103,ce,86.84,0.12000000000000455,0.29982122778892517,0.49850887060165405,1.0281449556350708
5,1337,109,104,kl,86.74,-0.10000000000000853,0.37047863006591797,0.5238379836082458,0.8942908048629761
5,1337,110,105,kl,86.7,-0.03999999999999204,0.32407522201538086,0.5120845437049866,0.8570316433906555
5,1337,111,106,kl,86.62,-0.0799999999999983,0.33267688751220703,0.5116913914680481,0.8690875768661499
5,1337,112,107,kl,86.9,0.28000000000000114,0.3521260619163513,0.512698769569397,0.8749319911003113
5,1337,113,108,kl,86.94,0.03999999999999204,0.3228808641433716,0.508571982383728,0.8597239255905151
5,1337,114,109,ce,86.96,0.01999999999999602,0.29262009263038635,0.4950953722000122,1.0367200374603271
5,1337,115,110,kl,86.8,-0.1599999999999966,0.3598761558532715,0.5202133059501648,0.8741535544395447
5,1337,116,111,kl,86.82,0.01999999999999602,0.3485756814479828,0.5174752473831177,0.878552258014679
5,1337,117,112,kl,86.92,0.10000000000000853,0.33753788471221924,0.5145562291145325,0.8637688755989075
5,1337,118,113,kl,86.5,-0.4200000000000017,0.3268224000930786,0.5075256824493408,0.873951256275177
5,1337,119,114,kl,86.84,0.3400000000000034,0.3271007239818573,0.5133060216903687,0.8955414891242981
5,1337,120,115,ce,86.94,0.09999999999999432,0.31616121530532837,0.5141851305961609,1.0497379302978516
5,42,1,-4,kl,34.46,25.04,0.6687896251678467,1.0038710832595825,1.3627456426620483
5,42,2,-3,kl,48.82,14.36,0.632181704044342,0.6728265285491943,1.1822742223739624
5,42,3,-2,kl,51.92,3.1000000000000014,0.2867654263973236,0.5274187922477722,1.4177672863006592
5,42,4,-1,kl,60.56,8.64,0.5899580121040344,0.5655304789543152,1.3305251598358154
5,42,5,0,kl,67.3,6.739999999999995,0.41566020250320435,0.4851645529270172,1.1536452770233154
5,42,6,1,ce,70.86,3.5600000000000023,0.17320874333381653,0.2470581978559494,1.8975166082382202
5,42,7,2,kl,69.32,-1.5400000000000063,0.6704049110412598,0.5519894361495972,1.2563328742980957
5,42,8,3,kl,69.94,0.6200000000000045,0.7227632999420166,0.5734066367149353,1.3372141122817993
5,42,9,4,kl,73.48,3.5400000000000063,0.4069324731826782,0.430323988199234,0.8955706357955933
5,42,10,5,kl,75.08,1.5999999999999943,0.4976648688316345,0.4992564916610718,1.1226933002471924
5,42,11,6,kl,76.0,0.9200000000000017,0.33568423986434937,0.40947192907333374,0.9691678881645203
5,42,12,7,ce,76.72,0.7199999999999989,0.22372117638587952,0.2964678704738617,1.9821945428848267
5,42,13,8,kl,73.54,-3.1799999999999926,0.6092708110809326,0.6160290241241455,1.1770538091659546
5,42,14,9,kl,76.62,3.0799999999999983,0.6010223627090454,0.4790974259376526,1.0193454027175903
5,42,15,10,kl,77.0,0.37999999999999545,0.3258039057254791,0.44895505905151367,1.1118264198303223
5,42,16,11,kl,77.54,0.5400000000000063,0.5477819442749023,0.47395700216293335,0.9559836983680725
5,42,17,12,kl,78.82,1.279999999999987,0.5741226673126221,0.45727774500846863,0.853434681892395
5,42,18,13,ce,78.22,-0.5999999999999943,0.313006192445755,0.32951444387435913,1.8948115110397339
5,42,19,14,kl,77.0,-1.2199999999999989,0.71647047996521,0.5178605914115906,1.039778232574463
5,42,20,15,kl,76.46,-0.5400000000000063,0.5666003227233887,0.4717181921005249,1.1569089889526367
5,42,21,16,kl,79.48,3.0200000000000102,0.5069472789764404,0.44399434328079224,1.094423770904541
5,42,22,17,kl,77.28,-2.200000000000003,0.5072274208068848,0.4813989996910095,1.0726847648620605
5,42,23,18,kl,78.18,0.9000000000000057,0.6809678077697754,0.5255580544471741,1.1371036767959595
5,42,24,19,ce,80.7,2.519999999999996,0.1950250267982483,0.35190486907958984,1.7418863773345947
5,42,25,20,kl,78.78,-1.9200000000000017,0.6387577056884766,0.5256321430206299,1.2484835386276245
5,42,26,21,kl,80.18,1.4000000000000057,0.5129925012588501,0.4588233530521393,0.8503042459487915
5,42,27,22,kl,79.6,-0.5800000000000125,0.43091917037963867,0.445854127407074,1.1140583753585815
5,42,28,23,kl,79.92,0.3200000000000074,0.37979644536972046,0.45534858107566833,1.1491061449050903
5,42,29,24,kl,80.12,0.20000000000000284,0.5063368678092957,0.4572520852088928,0.8860076665878296
5,42,30,25,ce,81.58,1.4599999999999937,0.20085982978343964,0.31539613008499146,1.8051725625991821
5,42,31,26,kl,80.24,-1.3400000000000034,0.6234582662582397,0.5287193655967712,0.9911579489707947
5,42,32,27,kl,76.72,-3.519999999999996,0.5930377244949341,0.5100900530815125,1.1118712425231934
5,42,33,28,kl,80.3,3.5799999999999983,0.6117880344390869,0.5072994828224182,1.0166453123092651
5,42,34,29,kl,79.96,-0.3400000000000034,0.5526425242424011,0.5132035613059998,0.8064272403717041
5,42,35,30,kl,80.96,1.0,0.4572860300540924,0.4551650881767273,1.1014294624328613
5,42,36,31,ce,82.54,1.5800000000000125,0.1952916979789734,0.30716341733932495,1.8022106885910034
5,42,37,32,kl,79.86,-2.680000000000007,0.6630181670188904,0.5462429523468018,1.2065012454986572
5,42,38,33,kl,80.12,0.2600000000000051,0.649147629737854,0.507649302482605,0.9992570877075195
5,42,39,34,kl,78.74,-1.3800000000000097,0.6048690676689148,0.56148362159729,1.1835678815841675
5,42,40,35,kl,81.74,3.0,0.4857308864593506,0.45135122537612915,0.7958371639251709
5,42,41,36,kl,81.14,-0.5999999999999943,0.6434979438781738,0.47868838906288147,0.8678317666053772
5,42,42,37,ce,80.9,-0.23999999999999488,0.31804460287094116,0.40925589203834534,1.7615773677825928
5,42,43,38,kl,80.94,0.03999999999999204,0.735194206237793,0.6285692453384399,1.3093740940093994
5,42,44,39,kl,79.24,-1.7000000000000028,0.5761256217956543,0.5652668476104736,1.2094674110412598
5,42,45,40,kl,82.16,2.9200000000000017,0.6083301305770874,0.5500321388244629,1.1248433589935303
5,42,46,41,kl,81.36,-0.7999999999999972,0.5334063768386841,0.4898623526096344,1.113372802734375
5,42,47,42,kl,82.22,0.8599999999999994,0.6148483157157898,0.5227845907211304,0.8972700238227844
5,42,48,43,ce,81.52,-0.7000000000000028,0.23998644948005676,0.35824325680732727,1.650141954421997
5,42,49,44,kl,80.72,-0.7999999999999972,0.6801472902297974,0.596796452999115,1.0978690385818481
5,42,50,45,kl,77.8,-2.9200000000000017,0.6905667185783386,0.598649263381958,1.398305892944336
5,42,51,46,kl,80.8,3.0,0.5557727813720703,0.4719345271587372,0.9859988689422607
5,42,52,47,kl,79.38,-1.4200000000000017,0.6910085678100586,0.563226044178009,1.4359924793243408
5,42,53,48,kl,81.94,2.5600000000000023,0.4840485453605652,0.43817079067230225,1.0057191848754883
5,42,54,49,ce,81.04,-0.8999999999999915,0.26565122604370117,0.33474940061569214,1.9602463245391846
5,42,55,50,kl,82.18,1.1400000000000006,0.6986504793167114,0.5614790916442871,1.0375645160675049
5,42,56,51,kl,82.48,0.29999999999999716,0.4341326355934143,0.4772794842720032,0.9913791418075562
5,42,57,52,kl,82.52,0.03999999999999204,0.585565447807312,0.4583994150161743,0.8118069767951965
5,42,58,53,kl,80.02,-2.5,0.6841561794281006,0.5730533599853516,1.0400564670562744
5,42,59,54,kl,81.16,1.1400000000000006,0.5267757177352905,0.4986123740673065,1.0782469511032104
5,42,60,55,ce,83.0,1.8400000000000034,0.21637806296348572,0.35036298632621765,1.779332160949707
5,42,61,56,kl,81.18,-1.8199999999999932,0.6086717247962952,0.5086880922317505,1.0716586112976074
5,42,62,57,kl,82.96,1.779999999999987,0.41231435537338257,0.48721474409103394,0.9534791707992554
5,42,63,58,kl,82.58,-0.37999999999999545,0.6180590987205505,0.49977952241897583,1.0687944889068604
5,42,64,59,kl,82.3,-0.28000000000000114,0.5737612247467041,0.5016852617263794,1.0361803770065308
5,42,65,60,kl,81.82,-0.480000000000004,0.5563818216323853,0.5142825245857239,1.0928810834884644
5,42,66,61,ce,82.88,1.0600000000000023,0.13382862508296967,0.3100321590900421,1.6770581007003784
5,42,67,62,kl,86.14,3.260000000000005,0.2602267861366272,0.4035932421684265,0.6388006806373596
5,42,68,63,kl,86.66,0.519999999999996,0.3234326243400574,0.4031509757041931,0.6507042646408081
5,42,69,64,kl,86.22,-0.4399999999999977,0.2627849578857422,0.4133738875389099,0.6980595588684082
5,42,70,65,kl,86.5,0.28000000000000114,0.28344881534576416,0.4089987277984619,0.6407780647277832
5,42,71,66,kl,86.58,0.0799999999999983,0.18919029831886292,0.40018168091773987,0.7043521404266357
5,42,72,67,ce,86.56,-0.01999999999999602,0.06185738742351532,0.3344087302684784,1.2119964361190796
5,42,73,68,kl,86.38,-0.18000000000000682,0.36134055256843567,0.4502469301223755,0.6918054223060608
5,42,74,69,kl,86.42,0.04000000000000625,0.24778196215629578,0.43036678433418274,0.6980014443397522
5,42,75,70,kl,86.58,0.1599999999999966,0.28893858194351196,0.4391171932220459,0.805208146572113
5,42,76,71,kl,86.36,-0.21999999999999886,0.40658968687057495,0.47921594977378845,0.773145318031311
5,42,77,72,kl,87.02,0.6599999999999966,0.268828809261322,0.4365173578262329,0.7865586876869202
5,42,78,73,ce,86.82,-0.20000000000000284,0.25726017355918884,0.4331889748573303,1.179030179977417
5,42,79,74,kl,87.22,0.4000000000000057,0.3535521626472473,0.454717755317688,0.7932736277580261
5,42,80,75,kl,86.92,-0.29999999999999716,0.3023460805416107,0.4539729654788971,0.8384101986885071
5,42,81,76,kl,86.88,-0.04000000000000625,0.24378466606140137,0.44832688570022583,0.8368445038795471
5,42,82,77,kl,87.26,0.38000000000000966,0.3094737231731415,0.45255160331726074,0.861217737197876
5,42,83,78,kl,86.78,-0.480000000000004,0.2707046568393707,0.45852360129356384,0.864780068397522
5,42,84,79,ce,87.2,0.4200000000000017,0.1790410876274109,0.4336739182472229,1.1349742412567139
5,42,85,80,kl,87.08,-0.12000000000000455,0.39593467116355896,0.5207897424697876,0.8593058586120605
5,42,86,81,kl,87.12,0.04000000000000625,0.35091760754585266,0.4792945981025696,0.8764395117759705
5,42,87,82,kl,87.06,-0.060000000000002274,0.38458251953125,0.5015559196472168,0.857866108417511
5,42,88,83,kl,86.72,-0.3400000000000034,0.4428771138191223,0.5302518010139465,0.9883716106414795
5,42,89,84,kl,86.92,0.20000000000000284,0.32618051767349243,0.4878411889076233,0.8755266070365906
5,42,90,85,ce,87.1,0.1799999999999926,0.2338109314441681,0.47692328691482544,1.1834877729415894
5,42,91,86,kl,87.28,0.18000000000000682,0.3408357501029968,0.5029610395431519,0.8255506157875061
5,42,92,87,kl,87.74,0.45999999999999375,0.33067792654037476,0.4970851540565491,0.8213495016098022
5,42,93,88,kl,87.02,-0.7199999999999989,0.36471858620643616,0.5138178467750549,0.7830921411514282
5,42,94,89,kl,86.62,-0.3999999999999915,0.4804183840751648,0.5693292021751404,1.0151032209396362
5,42,95,90,kl,87.18,0.5600000000000023,0.46445146203041077,0.5523067116737366,0.9203015565872192
5,42,96,91,ce,87.44,0.2599999999999909,0.19912350177764893,0.4791635274887085,1.2000017166137695
5,42,97,92,kl,87.5,0.060000000000002274,0.3074294328689575,0.5224693417549133,0.8602049946784973
5,42,98,93,kl,87.34,-0.1599999999999966,0.3296992778778076,0.526398241519928,0.8937170505523682
5,42,99,94,kl,87.46,0.11999999999999034,0.32574963569641113,0.5202201008796692,0.8863741159439087
5,42,100,95,kl,87.42,-0.03999999999999204,0.3520870804786682,0.5371077060699463,0.9102298617362976
5,42,101,96,kl,87.48,0.060000000000002274,0.3114466667175293,0.5166756510734558,0.8952490091323853
5,42,102,97,ce,87.68,0.20000000000000284,0.2538689374923706,0.4859987795352936,0.9977723956108093
5,42,103,98,kl,87.32,-0.36000000000001364,0.30245646834373474,0.513475775718689,0.8382798433303833
5,42,104,99,kl,87.34,0.020000000000010232,0.3458747863769531,0.5323789119720459,0.8966014385223389
5,42,105,100,kl,87.32,-0.020000000000010232,0.31647396087646484,0.5210242867469788,0.9035860300064087
5,42,106,101,kl,87.32,0.0,0.32816222310066223,0.5236037969589233,0.8897916674613953
5,42,107,102,kl,87.46,0.14000000000000057,0.323849618434906,0.5210657715797424,0.8769500851631165
5,42,108,103,ce,87.32,-0.14000000000000057,0.24495601654052734,0.4915967583656311,1.0269500017166138
5,42,109,104,kl,87.36,0.04000000000000625,0.31264010071754456,0.5217084288597107,0.9072668552398682
5,42,110,105,kl,87.32,-0.04000000000000625,0.31971484422683716,0.5236629247665405,0.9002529382705688
5,42,111,106,kl,87.32,0.0,0.32099807262420654,0.5251811742782593,0.9105724096298218
5,42,112,107,kl,87.28,-0.03999999999999204,0.33448100090026855,0.5366384983062744,0.9286512136459351
5,42,113,108,kl,87.32,0.03999999999999204,0.3209990859031677,0.5320472121238708,0.8705669641494751
5,42,114,109,ce,87.56,0.2400000000000091,0.26393821835517883,0.507223904132843,1.0165066719055176
5,42,115,110,kl,87.74,0.1799999999999926,0.3582446575164795,0.547228991985321,0.9178279042243958
5,42,116,111,kl,87.5,-0.23999999999999488,0.33450523018836975,0.5336816310882568,0.9336563944816589
5,42,117,112,kl,87.56,0.060000000000002274,0.3243127465248108,0.528371274471283,0.9216718673706055
5,42,118,113,kl,87.24,-0.3200000000000074,0.33574989438056946,0.5394596457481384,0.9041255116462708
5,42,119,114,kl,87.46,0.21999999999999886,0.3558131456375122,0.550268828868866,0.946621298789978
5,42,120,115,ce,87.4,-0.05999999999998806,0.26051127910614014,0.5157105922698975,1.0425509214401245
5,456,1,-4,kl,34.02,24.340000000000003,0.6672551035881042,0.9199263453483582,1.538153052330017
5,456,2,-3,kl,43.52,9.5,0.5648211240768433,0.6520738005638123,1.0232738256454468
5,456,3,-2,kl,51.06,7.539999999999999,0.5655927658081055,0.5874127745628357,1.3577300310134888
5,456,4,-1,kl,59.54,8.479999999999997,0.39772674441337585,0.4539373517036438,1.0666061639785767
5,456,5,0,kl,62.68,3.1400000000000006,0.31563040614128113,0.4215078055858612,0.9327003359794617
5,456,6,1,ce,70.14,7.460000000000001,0.30415767431259155,0.2134787142276764,1.8600170612335205
5,456,7,2,kl,68.66,-1.480000000000004,0.5660923719406128,0.5162827372550964,1.0737206935882568
5,456,8,3,kl,69.94,1.2800000000000011,0.7316262722015381,0.5852105021476746,1.3841509819030762
5,456,9,4,kl,70.56,0.6200000000000045,0.4817065894603729,0.445923388004303,1.0248764753341675
5,456,10,5,kl,74.94,4.3799999999999955,0.7175306677818298,0.5237312912940979,1.0208277702331543
5,456,11,6,kl,74.66,-0.28000000000000114,0.7111656665802002,0.5450984239578247,1.077885627746582
5,456,12,7,ce,76.06,1.4000000000000057,0.2198220193386078,0.25975510478019714,1.686590552330017
5,456,13,8,kl,76.8,0.7399999999999949,0.5546078085899353,0.4253063499927521,1.0235705375671387
5,456,14,9,kl,74.58,-2.219999999999999,0.780035138130188,0.6245876550674438,1.4165184497833252
5,456,15,10,kl,77.7,3.1200000000000045,0.4470425546169281,0.4267209768295288,0.93868488073349
5,456,16,11,kl,76.1,-1.6000000000000085,0.7050116062164307,0.49708226323127747,0.9209849238395691
5,456,17,12,kl,76.38,0.28000000000000114,0.7194721698760986,0.49866583943367004,0.9597688913345337
5,456,18,13,ce,79.68,3.3000000000000114,0.2984289526939392,0.3205191195011139,1.7675610780715942
5,456,19,14,kl,77.0,-2.680000000000007,0.594062864780426,0.4522745907306671,0.9491502642631531
5,456,20,15,kl,77.38,0.37999999999999545,0.6448276042938232,0.48578760027885437,1.0327157974243164
5,456,21,16,kl,78.74,1.3599999999999994,0.5874783992767334,0.45920443534851074,0.9439534544944763
5,456,22,17,kl,79.14,0.4000000000000057,0.46405720710754395,0.4341481029987335,0.895067036151886
5,456,23,18,kl,77.78,-1.3599999999999994,0.7583886981010437,0.5402883887290955,1.0867974758148193
5,456,24,19,ce,79.84,2.0600000000000023,0.2476116120815277,0.3220973610877991,1.5360069274902344
5,456,25,20,kl,79.02,-0.8200000000000074,0.6842081546783447,0.5059650540351868,1.0159822702407837
5,456,26,21,kl,78.92,-0.09999999999999432,0.6748055815696716,0.4845770299434662,0.9451992511749268
5,456,27,22,kl,79.3,0.37999999999999545,0.6176693439483643,0.4585140645503998,1.0386173725128174
5,456,28,23,kl,77.86,-1.4399999999999977,0.7309791445732117,0.5754073858261108,1.1877787113189697
5,456,29,24,kl,79.66,1.7999999999999972,0.6977826952934265,0.49668562412261963,1.0476635694503784
5,456,30,25,ce,79.78,0.12000000000000455,0.31607353687286377,0.35803675651550293,1.800845742225647
5,456,31,26,kl,75.76,-4.019999999999996,0.6795727014541626,0.5239787697792053,1.0865298509597778
5,456,32,27,kl,79.76,4.0,0.6637880206108093,0.5206850171089172,0.863374650478363
5,456,33,28,kl,79.76,0.0,0.5752987861633301,0.4425177276134491,0.8908546566963196
5,456,34,29,kl,77.92,-1.8400000000000034,0.5743324160575867,0.4623351991176605,0.8940749764442444
5,456,35,30,kl,80.64,2.719999999999999,0.40200603008270264,0.40916866064071655,0.9933031797409058
5,456,36,31,ce,82.5,1.8599999999999994,0.1931922435760498,0.28175827860832214,1.6491949558258057
5,456,37,32,kl,79.66,-2.8400000000000034,0.7117481827735901,0.6236178874969482,1.275619387626648
5,456,38,33,kl,79.42,-0.23999999999999488,0.5369917154312134,0.43196800351142883,0.8710156679153442
5,456,39,34,kl,80.9,1.480000000000004,0.6366190314292908,0.4856262803077698,0.9533716440200806
5,456,40,35,kl,81.14,0.23999999999999488,0.5139790177345276,0.43631669878959656,0.7915434241294861
5,456,41,36,kl,80.58,-0.5600000000000023,0.5739615559577942,0.4890291094779968,0.9893638491630554
5,456,42,37,ce,81.7,1.1200000000000045,0.24901333451271057,0.31489384174346924,1.5035696029663086
5,456,43,38,kl,80.52,-1.1800000000000068,0.5275777578353882,0.45628759264945984,0.7999979853630066
5,456,44,39,kl,80.94,0.4200000000000017,0.6475581526756287,0.45719578862190247,0.7388614416122437
5,456,45,40,kl,79.68,-1.259999999999991,0.6169809103012085,0.49769526720046997,0.9928188920021057
5,456,46,41,kl,79.8,0.11999999999999034,0.4606356918811798,0.4036267101764679,0.8224135041236877
5,456,47,42,kl,80.74,0.9399999999999977,0.5952805876731873,0.4740985035896301,0.9650107026100159
5,456,48,43,ce,81.76,1.0200000000000102,0.22747883200645447,0.32192695140838623,1.6603785753250122
5,456,49,44,kl,81.58,-0.18000000000000682,0.5830362439155579,0.4423196613788605,0.7971886396408081
5,456,50,45,kl,81.04,-0.539999999999992,0.5903218984603882,0.4851372539997101,0.8505429029464722
5,456,51,46,kl,81.48,0.4399999999999977,0.5418319702148438,0.46641895174980164,0.7427414655685425
5,456,52,47,kl,80.4,-1.0799999999999983,0.4257022440433502,0.41064757108688354,0.938765287399292
5,456,53,48,kl,81.82,1.4199999999999875,0.5387587547302246,0.447762668132782,0.9163025617599487
5,456,54,49,ce,80.48,-1.3399999999999892,0.34303414821624756,0.38424569368362427,1.5170644521713257
5,456,55,50,kl,81.08,0.5999999999999943,0.6986610889434814,0.5586766004562378,1.0739322900772095
5,456,56,51,kl,81.14,0.060000000000002274,0.6233193874359131,0.4814404249191284,0.9968559145927429
5,456,57,52,kl,80.28,-0.8599999999999994,0.5980128645896912,0.48791956901550293,1.029272198677063
5,456,58,53,kl,79.0,-1.2800000000000011,0.8434498310089111,0.7547311186790466,1.4885050058364868
5,456,59,54,kl,81.0,2.0,0.6822800636291504,0.4918251931667328,1.0224231481552124
5,456,60,55,ce,81.94,0.9399999999999977,0.3132108747959137,0.34751826524734497,1.5216988325119019
5,456,61,56,kl,81.64,-0.29999999999999716,0.5062170028686523,0.44205549359321594,0.7819636464118958
5,456,62,57,kl,81.34,-0.29999999999999716,0.5456415414810181,0.5029667019844055,0.7913970351219177
5,456,63,58,kl,82.8,1.4599999999999937,0.6767532825469971,0.5135328769683838,0.8658300042152405
5,456,64,59,kl,82.02,-0.7800000000000011,0.5999350547790527,0.45568177103996277,0.9287688732147217
5,456,65,60,kl,82.04,0.020000000000010232,0.6104551553726196,0.46494126319885254,0.8090541958808899
5,456,66,61,ce,82.76,0.7199999999999989,0.27430814504623413,0.345640629529953,1.633055329322815
5,456,67,62,kl,85.32,2.559999999999988,0.39628222584724426,0.40440458059310913,0.5976177453994751
5,456,68,63,kl,85.24,-0.0799999999999983,0.3276154696941376,0.39437729120254517,0.6073042154312134
5,456,69,64,kl,85.56,0.3200000000000074,0.39718544483184814,0.3921995759010315,0.5755966901779175
5,456,70,65,kl,85.94,0.37999999999999545,0.38331982493400574,0.39182379841804504,0.5966170430183411
5,456,71,66,kl,85.98,0.04000000000000625,0.3276856243610382,0.3923441767692566,0.5694417953491211
5,456,72,67,ce,85.78,-0.20000000000000284,0.1507471799850464,0.34097692370414734,1.1447902917861938
5,456,73,68,kl,86.14,0.35999999999999943,0.40337371826171875,0.41458120942115784,0.5792802572250366
5,456,74,69,kl,86.02,-0.12000000000000455,0.379673033952713,0.41757404804229736,0.6042785048484802
5,456,75,70,kl,85.94,-0.0799999999999983,0.3651571571826935,0.427326500415802,0.671768844127655
5,456,76,71,kl,85.9,-0.03999999999999204,0.3054044544696808,0.4015296995639801,0.6082009673118591
5,456,77,72,kl,86.22,0.3199999999999932,0.30056190490722656,0.41608765721321106,0.6121832132339478
5,456,78,73,ce,85.8,-0.4200000000000017,0.17774035036563873,0.3772583603858948,1.0482641458511353
5,456,79,74,kl,85.86,0.060000000000002274,0.3830646276473999,0.4438692629337311,0.6295393705368042
5,456,80,75,kl,86.12,0.2600000000000051,0.36724522709846497,0.4282894432544708,0.6228101253509521
5,456,81,76,kl,85.84,-0.28000000000000114,0.3182942271232605,0.4290405511856079,0.6829974055290222
5,456,82,77,kl,86.18,0.3400000000000034,0.2881677746772766,0.4137665927410126,0.664371132850647
5,456,83,78,kl,86.0,-0.18000000000000682,0.3275899291038513,0.4353000521659851,0.6592415571212769
5,456,84,79,ce,86.04,0.04000000000000625,0.08190654963254929,0.3681158125400543,1.0395437479019165
5,456,85,80,kl,86.3,0.2599999999999909,0.29130059480667114,0.4461207091808319,0.6417130827903748
5,456,86,81,kl,86.04,-0.2599999999999909,0.3712484836578369,0.4448232650756836,0.6601045727729797
5,456,87,82,kl,86.3,0.2599999999999909,0.3876933753490448,0.4638102054595947,0.6594365835189819
5,456,88,83,kl,86.2,-0.09999999999999432,0.3693813681602478,0.4615408480167389,0.666277289390564
5,456,89,84,kl,86.22,0.01999999999999602,0.36663779616355896,0.4628579914569855,0.6651470065116882
5,456,90,85,ce,86.2,-0.01999999999999602,0.2433779090642929,0.42729994654655457,1.113722324371338
5,456,91,86,kl,86.26,0.060000000000002274,0.34443944692611694,0.47847780585289,0.709529459476471
5,456,92,87,kl,86.36,0.09999999999999432,0.38337546586990356,0.4832229018211365,0.7522450089454651
5,456,93,88,kl,86.06,-0.29999999999999716,0.3513229489326477,0.4868212044239044,0.6692538857460022
5,456,94,89,kl,86.04,-0.01999999999999602,0.34282010793685913,0.48998206853866577,0.7441027164459229
5,456,95,90,kl,85.76,-0.28000000000000114,0.33188968896865845,0.4934086501598358,0.7409929037094116
5,456,96,91,ce,86.14,0.37999999999999545,0.235912024974823,0.4629805386066437,1.0083022117614746
5,456,97,92,kl,86.64,0.5,0.3453371524810791,0.5090327858924866,0.6901107430458069
5,456,98,93,kl,86.6,-0.04000000000000625,0.3501749038696289,0.5056236982345581,0.6841892004013062
5,456,99,94,kl,86.26,-0.3399999999999892,0.3222557306289673,0.4947497248649597,0.6632381081581116
5,456,100,95,kl,86.28,0.01999999999999602,0.3335844576358795,0.4967235028743744,0.6631368398666382
5,456,101,96,kl,86.28,0.0,0.31840160489082336,0.48720961809158325,0.6682629585266113
5,456,102,97,ce,86.62,0.3400000000000034,0.23925432562828064,0.465926855802536,0.838148295879364
5,456,103,98,kl,86.3,-0.3200000000000074,0.3296836316585541,0.4923669099807739,0.6971768140792847
5,456,104,99,kl,86.52,0.21999999999999886,0.3493487536907196,0.5004324913024902,0.6902368664741516
5,456,105,100,kl,86.6,0.0799999999999983,0.3151070773601532,0.48911428451538086,0.6905152797698975
5,456,106,101,kl,86.44,-0.1599999999999966,0.31499460339546204,0.4873173236846924,0.6849873065948486
5,456,107,102,kl,86.52,0.0799999999999983,0.3191975951194763,0.48543235659599304,0.6766221523284912
5,456,108,103,ce,86.58,0.060000000000002274,0.21883513033390045,0.44941866397857666,0.8163014054298401
5,456,109,104,kl,86.44,-0.14000000000000057,0.350568950176239,0.4985327422618866,0.7075498104095459
5,456,110,105,kl,86.7,0.2600000000000051,0.32448428869247437,0.49117133021354675,0.6838454008102417
5,456,111,106,kl,86.42,-0.28000000000000114,0.30970150232315063,0.4898497760295868,0.6990426182746887
5,456,112,107,kl,86.38,-0.04000000000000625,0.30646631121635437,0.4897177219390869,0.6913528442382812
5,456,113,108,kl,86.3,-0.0799999999999983,0.31764107942581177,0.49080249667167664,0.6774336695671082
5,456,114,109,ce,86.64,0.3400000000000034,0.22617843747138977,0.4628162682056427,0.8270804286003113
5,456,115,110,kl,86.5,-0.14000000000000057,0.3009756803512573,0.4916396737098694,0.6843199729919434
5,456,116,111,kl,86.26,-0.23999999999999488,0.3121147155761719,0.4955123960971832,0.6760203838348389
5,456,117,112,kl,86.42,0.1599999999999966,0.326507031917572,0.4981907308101654,0.701585054397583
5,456,118,113,kl,86.68,0.2600000000000051,0.30377960205078125,0.49668359756469727,0.6951606869697571
5,456,119,114,kl,86.54,-0.14000000000000057,0.3251771330833435,0.502877414226532,0.6925363540649414
5,456,120,115,ce,86.8,0.2599999999999909,0.23318451642990112,0.4656705856323242,0.832556426525116
5,789,1,-4,kl,15.42,6.039999999999999,0.7817518711090088,1.2933094501495361,2.6583058834075928
5,789,2,-3,kl,40.08,24.659999999999997,0.16882717609405518,0.5485314130783081,1.0283678770065308
5,789,3,-2,kl,42.2,2.1200000000000045,0.7114745378494263,0.741256594657898,1.428253412246704
5,789,4,-1,kl,55.92,13.719999999999999,0.7040022015571594,0.6439902782440186,1.347581148147583
5,789,5,0,kl,61.9,5.979999999999997,0.5677129030227661,0.4637560248374939,0.9899030923843384
5,789,6,1,ce,66.84,4.940000000000005,0.3862002193927765,0.248148575425148,2.017028331756592
5,789,7,2,kl,65.42,-1.4200000000000017,0.6884475946426392,0.5631090402603149,1.388627290725708
5,789,8,3,kl,66.74,1.3199999999999932,0.5594266653060913,0.5072115063667297,1.0649422407150269
5,789,9,4,kl,70.9,4.160000000000011,0.7122077941894531,0.4765523076057434,1.0451713800430298
5,789,10,5,kl,70.68,-0.21999999999999886,0.5133066177368164,0.4543996751308441,0.973460853099823
5,789,11,6,kl,72.5,1.8199999999999932,0.6503819823265076,0.49413418769836426,1.1957882642745972
5,789,12,7,ce,76.26,3.760000000000005,0.16883543133735657,0.23445680737495422,1.9312838315963745
5,789,13,8,kl,73.34,-2.9200000000000017,0.7041841149330139,0.6043328642845154,1.5026919841766357
5,789,14,9,kl,75.18,1.8400000000000034,0.5398259162902832,0.474700391292572,1.2495731115341187
5,789,15,10,kl,74.12,-1.0600000000000023,0.46146076917648315,0.4338981807231903,1.1320568323135376
5,789,16,11,kl,75.72,1.5999999999999943,0.7200484275817871,0.47165247797966003,0.9864097833633423
5,789,17,12,kl,75.12,-0.5999999999999943,0.6119064092636108,0.4804316461086273,1.0715103149414062
5,789,18,13,ce,77.52,2.3999999999999915,0.19579358398914337,0.2959127128124237,1.880691647529602
5,789,19,14,kl,75.76,-1.759999999999991,0.6824308633804321,0.5231481194496155,1.2735745906829834
5,789,20,15,kl,78.16,2.3999999999999915,0.5808247327804565,0.4388786852359772,0.8227664828300476
5,789,21,16,kl,78.64,0.480000000000004,0.4308079183101654,0.36304134130477905,0.8605015277862549
5,789,22,17,kl,77.42,-1.2199999999999989,0.6659034490585327,0.45376166701316833,1.0842825174331665
5,789,23,18,kl,77.94,0.519999999999996,0.5091075301170349,0.4434890151023865,1.2959842681884766
5,789,24,19,ce,80.46,2.519999999999996,0.2694583833217621,0.3050573170185089,1.9700342416763306
5,789,25,20,kl,77.22,-3.239999999999995,0.6469032168388367,0.4496724009513855,0.8483290076255798
5,789,26,21,kl,78.58,1.3599999999999994,0.4302607476711273,0.4255366921424866,1.007598876953125
5,789,27,22,kl,78.32,-0.2600000000000051,0.691677987575531,0.4610303044319153,1.025598406791687
5,789,28,23,kl,79.26,0.9400000000000119,0.4392261505126953,0.4158928692340851,0.8422049283981323
5,789,29,24,kl,79.72,0.45999999999999375,0.5313030481338501,0.40158742666244507,0.8892480134963989
5,789,30,25,ce,81.22,1.5,0.2088468372821808,0.2817505896091461,1.8504952192306519
5,789,31,26,kl,79.9,-1.3199999999999932,0.3686966300010681,0.40864160656929016,0.9349607229232788
5,789,32,27,kl,79.12,-0.7800000000000011,0.6158291101455688,0.4426345229148865,0.894805371761322
5,789,33,28,kl,79.66,0.539999999999992,0.6382370591163635,0.4401073455810547,0.9647564888000488
5,789,34,29,kl,80.24,0.5799999999999983,0.5701950192451477,0.417391300201416,1.142479658126831
5,789,35,30,kl,79.46,-0.7800000000000011,0.5546251535415649,0.4345693290233612,0.9728635549545288
5,789,36,31,ce,80.9,1.440000000000012,0.26923027634620667,0.3505392372608185,1.811518669128418
5,789,37,32,kl,79.7,-1.2000000000000028,0.3046586513519287,0.3693440854549408,1.0102574825286865
5,789,38,33,kl,80.08,0.37999999999999545,0.4855286478996277,0.42738914489746094,0.9626746773719788
5,789,39,34,kl,80.08,0.0,0.5245701670646667,0.42322269082069397,0.9692493081092834
5,789,40,35,kl,79.88,-0.20000000000000284,0.4923841953277588,0.37059730291366577,0.895592212677002
5,789,41,36,kl,80.74,0.8599999999999994,0.5746556520462036,0.44453659653663635,1.1470062732696533
5,789,42,37,ce,79.92,-0.8199999999999932,0.30679428577423096,0.3184967637062073,1.688252568244934
5,789,43,38,kl,79.8,-0.12000000000000455,0.6660424470901489,0.5014420747756958,1.0024155378341675
5,789,44,39,kl,76.88,-2.9200000000000017,0.6317936182022095,0.5252360105514526,1.1103925704956055
5,789,45,40,kl,80.62,3.740000000000009,0.6995649933815002,0.5127804279327393,0.9693198800086975
5,789,46,41,kl,80.5,-0.12000000000000455,0.5578303337097168,0.42540210485458374,1.0272656679153442
5,789,47,42,kl,80.3,-0.20000000000000284,0.5176150798797607,0.4545864462852478,1.0254937410354614
5,789,48,43,ce,81.66,1.3599999999999994,0.25424662232398987,0.3142051696777344,1.6850135326385498
5,789,49,44,kl,81.46,-0.20000000000000284,0.4765018820762634,0.40591657161712646,1.095168113708496
5,789,50,45,kl,81.14,-0.3199999999999932,0.5339281558990479,0.431925505399704,0.9737679362297058
5,789,51,46,kl,80.54,-0.5999999999999943,0.548475444316864,0.45361775159835815,1.1211391687393188
5,789,52,47,kl,80.62,0.0799999999999983,0.3119528293609619,0.3775428831577301,1.1576794385910034
5,789,53,48,kl,80.24,-0.38000000000000966,0.41286519169807434,0.38285189867019653,1.1524006128311157
5,789,54,49,ce,82.36,2.1200000000000045,0.21366944909095764,0.32924026250839233,1.8264336585998535
5,789,55,50,kl,79.0,-3.3599999999999994,0.5364141464233398,0.500022828578949,1.0661262273788452
5,789,56,51,kl,79.68,0.6800000000000068,0.5125719308853149,0.4378219246864319,1.0440306663513184
5,789,57,52,kl,79.76,0.0799999999999983,0.6296015977859497,0.5341190695762634,1.320163369178772
5,789,58,53,kl,79.36,-0.4000000000000057,0.6380865573883057,0.46978163719177246,1.0314356088638306
5,789,59,54,kl,81.08,1.7199999999999989,0.6293068528175354,0.4679599702358246,0.9471779465675354
5,789,60,55,ce,82.28,1.2000000000000028,0.31551599502563477,0.34490132331848145,1.6505763530731201
5,789,61,56,kl,80.88,-1.4000000000000057,0.5175958871841431,0.4458662271499634,0.970339298248291
5,789,62,57,kl,81.04,0.1600000000000108,0.6549633741378784,0.4660842716693878,0.8889161944389343
5,789,63,58,kl,79.88,-1.1600000000000108,0.48905956745147705,0.4529487192630768,1.0579359531402588
5,789,64,59,kl,81.94,2.0600000000000023,0.3429059386253357,0.3753313422203064,0.8864948153495789
5,789,65,60,kl,80.8,-1.1400000000000006,0.632658064365387,0.4980964660644531,1.1819264888763428
5,789,66,61,ce,80.62,-0.1799999999999926,0.3046955466270447,0.33322083950042725,1.9853068590164185
5,789,67,62,kl,84.62,4.0,0.3123874068260193,0.358736127614975,0.7572250366210938
5,789,68,63,kl,84.86,0.23999999999999488,0.25316882133483887,0.3383466601371765,0.7183875441551208
5,789,69,64,kl,84.86,0.0,0.276644766330719,0.3424854576587677,0.6917132139205933
5,789,70,65,kl,85.06,0.20000000000000284,0.2552441954612732,0.34360530972480774,0.723839282989502
5,789,71,66,kl,84.64,-0.4200000000000017,0.345978319644928,0.3720899224281311,0.7817341089248657
5,789,72,67,ce,85.0,0.35999999999999943,0.1970469355583191,0.33829692006111145,1.1077107191085815
5,789,73,68,kl,84.98,-0.01999999999999602,0.23660406470298767,0.35273483395576477,0.7910422682762146
5,789,74,69,kl,85.08,0.09999999999999432,0.2834228575229645,0.3710452914237976,0.8332703709602356
5,789,75,70,kl,85.16,0.0799999999999983,0.30415380001068115,0.3821033537387848,0.8067205548286438
5,789,76,71,kl,85.26,0.10000000000000853,0.3291699290275574,0.38795730471611023,0.794125497341156
5,789,77,72,kl,85.26,0.0,0.3765876293182373,0.40432292222976685,0.8569727540016174
5,789,78,73,ce,84.9,-0.35999999999999943,0.24928294122219086,0.36898067593574524,1.1336604356765747
5,789,79,74,kl,84.86,-0.04000000000000625,0.3815658688545227,0.41373804211616516,0.9266422986984253
5,789,80,75,kl,85.08,0.21999999999999886,0.3054049015045166,0.40070465207099915,0.8237038254737854
5,789,81,76,kl,84.92,-0.1599999999999966,0.25297147035598755,0.3918987810611725,0.8663163781166077
5,789,82,77,kl,85.02,0.09999999999999432,0.306149423122406,0.4021454155445099,0.9035409092903137
5,789,83,78,kl,84.68,-0.3399999999999892,0.34086161851882935,0.4203825294971466,0.823818027973175
5,789,84,79,ce,84.5,-0.18000000000000682,0.2521352171897888,0.4069153368473053,1.131482720375061
5,789,85,80,kl,85.02,0.519999999999996,0.27121084928512573,0.40267205238342285,0.8213900923728943
5,789,86,81,kl,85.06,0.04000000000000625,0.30082938075065613,0.4230758845806122,0.8609567880630493
5,789,87,82,kl,85.2,0.14000000000000057,0.30727800726890564,0.43794524669647217,0.9268790483474731
5,789,88,83,kl,85.2,0.0,0.3092333674430847,0.43993496894836426,0.9005855321884155
5,789,89,84,kl,85.16,-0.04000000000000625,0.3607790470123291,0.46183788776397705,0.9239540696144104
5,789,90,85,ce,85.06,-0.09999999999999432,0.30126097798347473,0.45355337858200073,1.1505060195922852
5,789,91,86,kl,85.38,0.3199999999999932,0.3606313169002533,0.4621604382991791,0.9698016047477722
5,789,92,87,kl,85.18,-0.19999999999998863,0.36799558997154236,0.47213172912597656,0.9454569816589355
5,789,93,88,kl,84.7,-0.480000000000004,0.35849282145500183,0.48222753405570984,1.0104905366897583
5,789,94,89,kl,85.48,0.7800000000000011,0.3414061665534973,0.475822389125824,0.9496486186981201
5,789,95,90,kl,85.12,-0.35999999999999943,0.4324931502342224,0.5161464810371399,1.0761761665344238
5,789,96,91,ce,85.26,0.14000000000000057,0.3716620206832886,0.4959726929664612,1.2366608381271362
5,789,97,92,kl,85.2,-0.060000000000002274,0.37100815773010254,0.49828776717185974,0.9912362694740295
5,789,98,93,kl,85.28,0.0799999999999983,0.35442259907722473,0.4901988208293915,0.9679470062255859
5,789,99,94,kl,85.38,0.09999999999999432,0.3390562832355499,0.4868539273738861,0.9629677534103394
5,789,100,95,kl,85.48,0.10000000000000853,0.342924028635025,0.48482897877693176,0.9717583060264587
5,789,101,96,kl,85.26,-0.21999999999999886,0.3482249081134796,0.48793306946754456,0.9749741554260254
5,789,102,97,ce,85.42,0.1599999999999966,0.32875436544418335,0.48218095302581787,1.0442414283752441
5,789,103,98,kl,85.4,-0.01999999999999602,0.3402665853500366,0.4879557192325592,1.006468415260315
5,789,104,99,kl,85.4,0.0,0.3366173207759857,0.4890308082103729,0.9927284121513367
5,789,105,100,kl,85.44,0.03999999999999204,0.3341919481754303,0.48658549785614014,1.0186859369277954
5,789,106,101,kl,85.48,0.04000000000000625,0.3376806974411011,0.4868134558200836,0.994805097579956
5,789,107,102,kl,85.58,0.09999999999999432,0.35261744260787964,0.4965954124927521,1.0057319402694702
5,789,108,103,ce,85.44,-0.14000000000000057,0.31465989351272583,0.4810730218887329,1.0475327968597412
5,789,109,104,kl,85.52,0.0799999999999983,0.3355310559272766,0.493778795003891,0.9896735548973083
5,789,110,105,kl,85.6,0.0799999999999983,0.32599037885665894,0.4914819896221161,0.9971581101417542
5,789,111,106,kl,85.46,-0.14000000000000057,0.32103365659713745,0.4872612953186035,0.9867596626281738
5,789,112,107,kl,85.68,0.22000000000001307,0.35359230637550354,0.5029594898223877,1.0012773275375366
5,789,113,108,kl,85.46,-0.22000000000001307,0.3349404036998749,0.49514132738113403,1.0035138130187988
5,789,114,109,ce,85.54,0.0800000000000125,0.2932104468345642,0.48165464401245117,1.0597692728042603
5,789,115,110,kl,85.46,-0.0800000000000125,0.3291032016277313,0.49791252613067627,1.012442708015442
5,789,116,111,kl,85.62,0.1600000000000108,0.33293938636779785,0.5024417638778687,1.0095117092132568
5,789,117,112,kl,85.52,-0.10000000000000853,0.3390039801597595,0.49897322058677673,1.0179998874664307
5,789,118,113,kl,85.62,0.10000000000000853,0.3409005403518677,0.5069096088409424,1.0450773239135742
5,789,119,114,kl,85.56,-0.060000000000002274,0.33659791946411133,0.5043637752532959,1.0248202085494995
5,789,120,115,ce,85.6,0.03999999999999204,0.30654609203338623,0.4968033730983734,1.097105622291565
10,123,1,-9,kl,28.76,19.26,0.24815809726715088,0.766279399394989,1.4085204601287842
10,123,2,-8,kl,45.58,16.819999999999997,0.33681589365005493,0.5640391707420349,1.0933659076690674
10,123,3,-7,kl,47.7,2.1200000000000045,0.5572839975357056,0.6736159324645996,1.7950152158737183
10,123,4,-6,kl,58.38,10.68,0.553739607334137,0.5639604926109314,1.47633957862854
10,123,5,-5,kl,60.74,2.3599999999999994,0.33936312794685364,0.47205695509910583,1.281702995300293
10,123,6,-4,kl,65.52,4.779999999999994,0.3579123616218567,0.4568028450012207,1.138263463973999
10,123,7,-3,kl,69.34,3.8200000000000074,0.716596782207489,0.5217061042785645,1.183243989944458
10,123,8,-2,kl,71.94,2.5999999999999943,0.35095036029815674,0.38430705666542053,0.9933090806007385
10,123,9,-1,kl,70.84,-1.0999999999999943,0.6132403016090393,0.5134503245353699,1.3028626441955566
10,123,10,0,kl,69.88,-0.960000000000008,0.6449888348579407,0.5224120020866394,1.1647151708602905
10,123,11,1,ce,76.5,6.6200000000000045,0.2647949457168579,0.1988733857870102,2.1565639972686768
10,123,12,2,kl,73.36,-3.1400000000000006,0.7413270473480225,0.509354293346405,1.1618086099624634
10,123,13,3,kl,76.3,2.9399999999999977,0.7105444669723511,0.5003958940505981,1.1352170705795288
10,123,14,4,kl,76.44,0.14000000000000057,0.5071216821670532,0.4023306667804718,0.8718830943107605
10,123,15,5,kl,74.88,-1.5600000000000023,0.5804483294487,0.49394482374191284,1.0330898761749268
10,123,16,6,kl,76.4,1.5200000000000102,0.6773189306259155,0.5069217681884766,1.1302027702331543
10,123,17,7,kl,77.68,1.2800000000000011,0.5493090748786926,0.4383528232574463,1.114877462387085
10,123,18,8,kl,78.54,0.8599999999999994,0.5318653583526611,0.4560672640800476,0.9912235140800476
10,123,19,9,kl,77.12,-1.4200000000000017,0.6804319620132446,0.5093481540679932,1.0819110870361328
10,123,20,10,kl,78.8,1.6799999999999926,0.5529282093048096,0.4363139271736145,0.8683474659919739
10,123,21,11,kl,78.94,0.14000000000000057,0.5706799030303955,0.48275166749954224,0.971005380153656
10,123,22,12,ce,79.76,0.8200000000000074,0.18406018614768982,0.292854905128479,1.9803966283798218
10,123,23,13,kl,78.66,-1.1000000000000085,0.5112387537956238,0.43722257018089294,1.0056829452514648
10,123,24,14,kl,79.18,0.5200000000000102,0.36757493019104004,0.4034965932369232,1.027265191078186
10,123,25,15,kl,79.3,0.11999999999999034,0.5912566781044006,0.4494905173778534,0.8191697597503662
10,123,26,16,kl,79.86,0.5600000000000023,0.5422682166099548,0.441969633102417,0.753738284111023
10,123,27,17,kl,77.22,-2.6400000000000006,0.5617709159851074,0.4909304678440094,1.0775305032730103
10,123,28,18,kl,78.7,1.480000000000004,0.5272434949874878,0.43176108598709106,0.856596827507019
10,123,29,19,kl,77.52,-1.1800000000000068,0.6440919637680054,0.5721142292022705,1.3517202138900757
10,123,30,20,kl,79.88,2.3599999999999994,0.4661039113998413,0.44596123695373535,0.7925889492034912
10,123,31,21,kl,78.68,-1.1999999999999886,0.2654651403427124,0.40752384066581726,0.8738710284233093
10,123,32,22,kl,80.74,2.059999999999988,0.6121915578842163,0.4444618225097656,0.7714850306510925
10,123,33,23,ce,81.08,0.3400000000000034,0.1991894543170929,0.2526038587093353,2.063424825668335
10,123,34,24,kl,78.9,-2.1799999999999926,0.5256171226501465,0.47393858432769775,0.9713549613952637
10,123,35,25,kl,79.78,0.8799999999999955,0.4295199513435364,0.432955801486969,0.8489115238189697
10,123,36,26,kl,78.78,-1.0,0.678382396697998,0.5046164393424988,1.1481107473373413
10,123,37,27,kl,81.06,2.280000000000001,0.5431044101715088,0.45348060131073,0.9935363531112671
10,123,38,28,kl,80.12,-0.9399999999999977,0.567672848701477,0.46654489636421204,0.7933015823364258
10,123,39,29,kl,79.02,-1.1000000000000085,0.559922456741333,0.45231324434280396,0.9133085012435913
10,123,40,30,kl,80.48,1.460000000000008,0.637958288192749,0.46850767731666565,0.9796547889709473
10,123,41,31,kl,78.96,-1.5200000000000102,0.6638102531433105,0.5312789678573608,1.0885603427886963
10,123,42,32,kl,80.36,1.4000000000000057,0.6150559782981873,0.4757148027420044,0.8763942122459412
10,123,43,33,kl,81.12,0.7600000000000051,0.3329864740371704,0.4167296886444092,0.8715245723724365
10,123,44,34,ce,82.1,0.9799999999999898,0.22134314477443695,0.32356390357017517,1.9749313592910767
10,123,45,35,kl,80.58,-1.519999999999996,0.6700191497802734,0.488668829202652,0.9093575477600098
10,123,46,36,kl,79.54,-1.039999999999992,0.5724568367004395,0.5114985108375549,1.174513578414917
10,123,47,37,kl,79.16,-0.38000000000000966,0.6095144748687744,0.4993343949317932,0.9974340200424194
10,123,48,38,kl,81.3,2.1400000000000006,0.5691969990730286,0.462594598531723,0.8825331330299377
10,123,49,39,kl,79.86,-1.4399999999999977,0.6595317721366882,0.5093694925308228,0.9185460209846497
10,123,50,40,kl,79.46,-0.4000000000000057,0.672406017780304,0.5391963124275208,1.240657091140747
10,123,51,41,kl,80.66,1.2000000000000028,0.5763001441955566,0.47089704871177673,0.8494960069656372
10,123,52,42,kl,79.86,-0.7999999999999972,0.5600817799568176,0.48572325706481934,1.028260350227356
10,123,53,43,kl,82.2,2.3400000000000034,0.48062214255332947,0.45500192046165466,0.9312770962715149
10,123,54,44,kl,81.02,-1.1800000000000068,0.49423712491989136,0.4017872214317322,0.802985668182373
10,123,55,45,ce,82.08,1.0600000000000023,0.19382986426353455,0.3178054094314575,1.960728645324707
10,123,56,46,kl,77.34,-4.739999999999995,0.5750492811203003,0.5399802327156067,1.2111389636993408
10,123,57,47,kl,80.62,3.280000000000001,0.5049007534980774,0.46684497594833374,1.2411510944366455
10,123,58,48,kl,82.06,1.4399999999999977,0.46755221486091614,0.4188217520713806,0.9136533737182617
10,123,59,49,kl,81.1,-0.960000000000008,0.4712182581424713,0.4628449082374573,1.052718162536621
10,123,60,50,kl,81.74,0.6400000000000006,0.6738899946212769,0.5184808373451233,1.025019645690918
10,123,61,51,kl,79.84,-1.8999999999999915,0.4993838965892792,0.4764693081378937,1.0780524015426636
10,123,62,52,kl,82.02,2.1799999999999926,0.5357043147087097,0.42398327589035034,0.8055816292762756
10,123,63,53,kl,79.7,-2.319999999999993,0.5067691802978516,0.4802616834640503,1.0621142387390137
10,123,64,54,kl,81.56,1.8599999999999994,0.5441493988037109,0.5021839141845703,1.0052165985107422
10,123,65,55,kl,80.96,-0.6000000000000085,0.5817800760269165,0.48083776235580444,1.061475157737732
10,123,66,56,ce,82.02,1.0600000000000023,0.1451880931854248,0.3298395872116089,1.8718469142913818
10,123,67,57,kl,80.74,-1.2800000000000011,0.5987793207168579,0.47402164340019226,0.9476840496063232
10,123,68,58,kl,79.92,-0.8199999999999932,0.47106999158859253,0.4593126177787781,0.9745349287986755
10,123,69,59,kl,79.48,-0.4399999999999977,0.3609561622142792,0.4845937490463257,1.0697416067123413
10,123,70,60,kl,79.92,0.4399999999999977,0.5215067267417908,0.4872503876686096,1.097428560256958
10,123,71,61,kl,81.78,1.8599999999999994,0.43500274419784546,0.45557257533073425,0.8556082248687744
10,123,72,62,kl,81.8,0.01999999999999602,0.48774880170822144,0.44486647844314575,0.9588817358016968
10,123,73,63,kl,80.26,-1.539999999999992,0.49976396560668945,0.4710821211338043,1.0380899906158447
10,123,74,64,kl,82.54,2.280000000000001,0.497566819190979,0.42597001791000366,0.6927306056022644
10,123,75,65,kl,81.24,-1.3000000000000114,0.48361602425575256,0.46126264333724976,1.091723918914795
10,123,76,66,kl,81.42,0.18000000000000682,0.505835771560669,0.47206810116767883,1.0408934354782104
10,123,77,67,ce,83.04,1.6200000000000045,0.08769695460796356,0.29237115383148193,1.703970193862915
10,123,78,68,kl,80.82,-2.220000000000013,0.6936926245689392,0.5460620522499084,1.2073129415512085
10,123,79,69,kl,79.54,-1.279999999999987,0.6271727681159973,0.4905577600002289,1.0106371641159058
10,123,80,70,kl,80.6,1.059999999999988,0.6616182923316956,0.5508463978767395,1.2989442348480225
10,123,81,71,kl,81.8,1.2000000000000028,0.5378400087356567,0.49078845977783203,0.9937391877174377
10,123,82,72,kl,80.92,-0.8799999999999955,0.44836094975471497,0.4196282625198364,0.9509811401367188
10,123,83,73,kl,81.32,0.3999999999999915,0.560126543045044,0.4572691321372986,0.871421217918396
10,123,84,74,kl,79.88,-1.4399999999999977,0.6477242112159729,0.4905601143836975,0.8881257176399231
10,123,85,75,kl,80.2,0.3200000000000074,0.6417115330696106,0.5230333209037781,1.1250910758972168
10,123,86,76,kl,81.48,1.2800000000000011,0.7301923632621765,0.5308051705360413,1.057900071144104
10,123,87,77,kl,81.64,0.1599999999999966,0.6745966672897339,0.5199718475341797,0.8810507655143738
10,123,88,78,ce,83.14,1.5,0.1771019697189331,0.305193692445755,1.8414084911346436
10,123,89,79,kl,80.46,-2.680000000000007,0.5845745801925659,0.5334858298301697,1.02635657787323
10,123,90,80,kl,80.24,-0.21999999999999886,0.5607654452323914,0.49948450922966003,1.0755079984664917
10,123,91,81,kl,81.76,1.5200000000000102,0.44064489006996155,0.4416969418525696,0.9366437792778015
10,123,92,82,kl,81.6,-0.1600000000000108,0.3894633650779724,0.4372781813144684,0.8883084654808044
10,123,93,83,kl,81.86,0.2600000000000051,0.6120154857635498,0.4855397641658783,0.9412931799888611
10,123,94,84,kl,81.84,-0.01999999999999602,0.5860722064971924,0.4903292953968048,0.8762423396110535
10,123,95,85,kl,81.4,-0.4399999999999977,0.49508655071258545,0.4559215009212494,0.9130319356918335
10,123,96,86,kl,80.6,-0.8000000000000114,0.5985907316207886,0.48084959387779236,1.0001362562179565
10,123,97,87,kl,81.68,1.0800000000000125,0.4130733609199524,0.44481927156448364,0.9059449434280396
10,123,98,88,kl,82.38,0.6999999999999886,0.4154997766017914,0.45679959654808044,0.920891284942627
10,123,99,89,ce,82.04,-0.3399999999999892,0.2201261818408966,0.34206581115722656,2.063791275024414
10,123,100,90,kl,79.82,-2.220000000000013,0.662550151348114,0.5720635056495667,1.20429265499115
10,123,101,91,kl,80.8,0.980000000000004,0.5791147351264954,0.5236097574234009,1.024781346321106
10,123,102,92,kl,82.52,1.7199999999999989,0.3306649625301361,0.40492671728134155,0.8594707250595093
10,123,103,93,kl,81.28,-1.2399999999999949,0.4620509743690491,0.4362452030181885,0.8181524872779846
10,123,104,94,kl,80.98,-0.29999999999999716,0.5890100002288818,0.4858143627643585,0.9231486916542053
10,123,105,95,kl,80.7,-0.28000000000000114,0.3729250133037567,0.4192027151584625,0.8887445330619812
10,123,106,96,kl,79.88,-0.8200000000000074,0.7071655988693237,0.5996466279029846,1.2416181564331055
10,123,107,97,kl,81.32,1.4399999999999977,0.5985400080680847,0.46567949652671814,0.8726052045822144
10,123,108,98,kl,81.14,-0.1799999999999926,0.545630693435669,0.47849637269973755,1.038581132888794
10,123,109,99,kl,81.38,0.23999999999999488,0.585119366645813,0.5303053855895996,1.1452254056930542
10,123,110,100,ce,82.44,1.0600000000000023,0.15699005126953125,0.31803640723228455,1.7550623416900635
10,123,111,101,kl,81.02,-1.4200000000000017,0.5169075727462769,0.4698482155799866,0.9798335433006287
10,123,112,102,kl,81.8,0.7800000000000011,0.5690566301345825,0.47004467248916626,0.8912853598594666
10,123,113,103,kl,82.36,0.5600000000000023,0.41240739822387695,0.4445422887802124,1.0162386894226074
10,123,114,104,kl,82.02,-0.3400000000000034,0.3845098912715912,0.4165727496147156,1.0061396360397339
10,123,115,105,kl,81.52,-0.5,0.557711124420166,0.4777943193912506,1.0190550088882446
10,123,116,106,kl,81.36,-0.1599999999999966,0.41738834977149963,0.46695029735565186,1.041830062866211
10,123,117,107,kl,80.72,-0.6400000000000006,0.6284731030464172,0.49738699197769165,0.8895162343978882
10,123,118,108,kl,81.66,0.9399999999999977,0.6040282845497131,0.5028830170631409,0.9529358744621277
10,123,119,109,kl,81.3,-0.35999999999999943,0.45081132650375366,0.42139315605163574,0.7769251465797424
10,123,120,110,kl,80.42,-0.8799999999999955,0.6615826487541199,0.5249924659729004,1.154922366142273
10,123,121,111,ce,82.48,2.0600000000000023,0.2593243420124054,0.34597188234329224,2.0386950969696045
10,123,122,112,kl,86.12,3.6400000000000006,0.38783931732177734,0.42647114396095276,0.714184045791626
10,123,123,113,kl,86.22,0.09999999999999432,0.2705649435520172,0.40384894609451294,0.6674472689628601
10,123,124,114,kl,86.16,-0.060000000000002274,0.36984479427337646,0.4261092245578766,0.7526571154594421
10,123,125,115,kl,86.3,0.14000000000000057,0.3151247799396515,0.4209470748901367,0.6699414253234863
10,123,126,116,kl,86.04,-0.2599999999999909,0.3610697388648987,0.4372800290584564,0.7150448560714722
10,123,127,117,kl,85.96,-0.0800000000000125,0.3317258954048157,0.43995609879493713,0.7621083855628967
10,123,128,118,kl,86.02,0.060000000000002274,0.34028804302215576,0.44138234853744507,0.7165728807449341
10,123,129,119,kl,86.36,0.3400000000000034,0.30909591913223267,0.43737226724624634,0.7659571170806885
10,123,130,120,kl,86.18,-0.1799999999999926,0.3201805353164673,0.44025394320487976,0.6865816116333008
10,123,131,121,kl,86.3,0.11999999999999034,0.341627836227417,0.45652884244918823,0.7135207653045654
10,123,132,122,ce,86.32,0.01999999999999602,0.10132759809494019,0.37392109632492065,1.2819617986679077
10,123,133,123,kl,86.4,0.0800000000000125,0.23155340552330017,0.4280981421470642,0.7388630509376526
10,123,134,124,kl,86.02,-0.38000000000000966,0.3139619827270508,0.4619295001029968,0.7629290819168091
10,123,135,125,kl,86.08,0.060000000000002274,0.2848840653896332,0.4636766016483307,0.7892872095108032
10,123,136,126,kl,86.1,0.01999999999999602,0.3609914183616638,0.47763192653656006,0.7706725597381592
10,123,137,127,kl,85.76,-0.3399999999999892,0.2990160584449768,0.4685833752155304,0.8202540874481201
10,123,138,128,kl,86.2,0.4399999999999977,0.3554055690765381,0.4929007291793823,0.8297145366668701
10,123,139,129,kl,86.12,-0.0799999999999983,0.3309822678565979,0.4860347509384155,0.7712735533714294
10,123,140,130,kl,86.16,0.03999999999999204,0.3520902097225189,0.4960842430591583,0.7734246850013733
10,123,141,131,kl,86.18,0.020000000000010232,0.33690816164016724,0.4906318485736847,0.8183961510658264
10,123,142,132,kl,86.22,0.03999999999999204,0.32683977484703064,0.5075024962425232,0.7748028635978699
10,123,143,133,ce,86.26,0.04000000000000625,0.24692995846271515,0.45062312483787537,1.3650925159454346
10,123,144,134,kl,86.4,0.14000000000000057,0.3010522127151489,0.4970029592514038,0.7685164213180542
10,123,145,135,kl,86.3,-0.10000000000000853,0.3662576973438263,0.5221324563026428,0.858959972858429
10,123,146,136,kl,86.38,0.0799999999999983,0.37559837102890015,0.5387643575668335,0.8321241140365601
10,123,147,137,kl,86.06,-0.3199999999999932,0.3717253506183624,0.5335227847099304,0.8804287910461426
10,123,148,138,kl,86.12,0.060000000000002274,0.3375377655029297,0.5293700098991394,0.8843146562576294
10,123,149,139,kl,86.64,0.519999999999996,0.32904115319252014,0.5207160711288452,0.8427651524543762
10,123,150,140,kl,85.74,-0.9000000000000057,0.35592663288116455,0.5317355990409851,0.9346127510070801
10,123,151,141,kl,86.12,0.38000000000000966,0.29434734582901,0.5128142237663269,0.8071978092193604
10,123,152,142,kl,86.08,-0.04000000000000625,0.30298784375190735,0.5390101671218872,0.9221396446228027
10,123,153,143,kl,86.12,0.04000000000000625,0.2930578291416168,0.5288068056106567,0.8687257766723633
10,123,154,144,ce,86.2,0.0799999999999983,0.12267474085092545,0.4588438868522644,1.436716914176941
10,123,155,145,kl,86.02,-0.18000000000000682,0.3159698247909546,0.5470637083053589,0.8785553574562073
10,123,156,146,kl,86.08,0.060000000000002274,0.2674028277397156,0.5366668105125427,0.8637385368347168
10,123,157,147,kl,86.12,0.04000000000000625,0.27982866764068604,0.5441408157348633,0.8714005947113037
10,123,158,148,kl,86.16,0.03999999999999204,0.32976415753364563,0.5546937584877014,0.9244465827941895
10,123,159,149,kl,85.74,-0.4200000000000017,0.3006686568260193,0.5559628009796143,0.8735447525978088
10,123,160,150,kl,85.98,0.2400000000000091,0.2417673021554947,0.5445058941841125,0.9189121723175049
10,123,161,151,kl,86.24,0.2599999999999909,0.3306388258934021,0.5733187198638916,0.9414311051368713
10,123,162,152,kl,86.56,0.3200000000000074,0.3823567032814026,0.579637348651886,0.972635805606842
10,123,163,153,kl,86.5,-0.060000000000002274,0.361434668302536,0.5809807777404785,0.8857832551002502
10,123,164,154,kl,86.42,-0.0799999999999983,0.3285573124885559,0.5922562479972839,0.9407375454902649
10,123,165,155,ce,86.42,0.0,0.3292785882949829,0.5915597677230835,1.4242011308670044
10,123,166,156,kl,86.2,-0.21999999999999886,0.3106934428215027,0.5845391750335693,0.9599973559379578
10,123,167,157,kl,86.3,0.09999999999999432,0.3535454571247101,0.5920442938804626,1.0050663948059082
10,123,168,158,kl,86.2,-0.09999999999999432,0.3947710394859314,0.6245871186256409,1.0365809202194214
10,123,169,159,kl,86.5,0.29999999999999716,0.38111430406570435,0.6090005040168762,1.0020067691802979
10,123,170,160,kl,86.32,-0.18000000000000682,0.3680981397628784,0.605571985244751,1.0220143795013428
10,123,171,161,kl,85.88,-0.4399999999999977,0.3765202462673187,0.6289283633232117,1.111369252204895
10,123,172,162,kl,86.18,0.30000000000001137,0.3148832321166992,0.6077093482017517,0.9168972969055176
10,123,173,163,kl,86.3,0.11999999999999034,0.3514672517776489,0.6274350881576538,0.9646294116973877
10,123,174,164,kl,85.94,-0.35999999999999943,0.3455268144607544,0.6458140015602112,1.0193030834197998
10,123,175,165,kl,86.4,0.46000000000000796,0.3482204079627991,0.6252192258834839,1.0683977603912354
10,123,176,166,ce,86.34,-0.060000000000002274,0.24981749057769775,0.5947481989860535,1.4882198572158813
10,123,177,167,kl,86.52,0.1799999999999926,0.33588647842407227,0.6415165066719055,0.9748948216438293
10,123,178,168,kl,86.48,-0.03999999999999204,0.3171943426132202,0.6349174380302429,0.9810411334037781
10,123,179,169,kl,86.54,0.060000000000002274,0.324887752532959,0.6407031416893005,0.9583327770233154
10,123,180,170,kl,86.64,0.09999999999999432,0.3193129897117615,0.6339821815490723,0.993495523929596
10,123,181,171,kl,86.52,-0.12000000000000455,0.30743247270584106,0.6316290497779846,0.9823317527770996
10,123,182,172,kl,86.58,0.060000000000002274,0.3283218741416931,0.6389427185058594,0.9774686694145203
10,123,183,173,kl,86.64,0.060000000000002274,0.33645880222320557,0.6453226804733276,1.0009217262268066
10,123,184,174,kl,86.5,-0.14000000000000057,0.33097273111343384,0.6366834044456482,1.0003668069839478
10,123,185,175,kl,86.48,-0.01999999999999602,0.3421306312084198,0.6480534076690674,1.014316439628601
10,123,186,176,kl,86.48,0.0,0.31916552782058716,0.643511176109314,0.9950360059738159
10,123,187,177,ce,86.48,0.0,0.28934401273727417,0.634913444519043,1.1816678047180176
10,123,188,178,kl,86.48,0.0,0.312297523021698,0.6453005075454712,0.9962539672851562
10,123,189,179,kl,86.58,0.09999999999999432,0.32995083928108215,0.6375080943107605,1.0304185152053833
10,123,190,180,kl,86.54,-0.03999999999999204,0.3088987171649933,0.6401604413986206,1.036169171333313
10,123,191,181,kl,86.78,0.23999999999999488,0.3428916335105896,0.6520811319351196,1.0205589532852173
10,123,192,182,kl,86.5,-0.28000000000000114,0.31536614894866943,0.6463804244995117,0.9901171326637268
10,123,193,183,kl,86.74,0.23999999999999488,0.29869207739830017,0.6436526775360107,1.0365747213363647
10,123,194,184,kl,86.54,-0.19999999999998863,0.32329070568084717,0.6552956104278564,1.0193495750427246
10,123,195,185,kl,86.58,0.03999999999999204,0.33018678426742554,0.6595108509063721,1.0050582885742188
10,123,196,186,kl,86.56,-0.01999999999999602,0.30111703276634216,0.649671196937561,1.0259099006652832
10,123,197,187,kl,86.48,-0.0799999999999983,0.3027658462524414,0.648063600063324,1.0292483568191528
10,123,198,188,ce,86.48,0.0,0.2587296962738037,0.6390426158905029,1.2291743755340576
10,123,199,189,kl,86.42,-0.060000000000002274,0.31844741106033325,0.6615081429481506,1.0491738319396973
10,123,200,190,kl,86.56,0.14000000000000057,0.3185598850250244,0.6612590551376343,1.0363389253616333
10,123,201,191,kl,86.66,0.09999999999999432,0.3269869089126587,0.6689373254776001,1.0653623342514038
10,123,202,192,kl,86.68,0.020000000000010232,0.32343918085098267,0.6596126556396484,1.0471553802490234
10,123,203,193,kl,86.74,0.05999999999998806,0.3229113817214966,0.6632434725761414,1.0442649126052856
10,123,204,194,kl,86.66,-0.0799999999999983,0.3310971260070801,0.6744545102119446,1.08591890335083
10,123,205,195,kl,86.68,0.020000000000010232,0.33468204736709595,0.6665369868278503,1.053093433380127
10,123,206,196,kl,86.52,-0.1600000000000108,0.31452733278274536,0.6673407554626465,1.0473124980926514
10,123,207,197,kl,86.86,0.3400000000000034,0.3080577850341797,0.6616699695587158,1.0656323432922363
10,123,208,198,kl,86.62,-0.23999999999999488,0.3204781413078308,0.6727167963981628,1.0498088598251343
10,123,209,199,ce,86.5,-0.12000000000000455,0.2683236300945282,0.6559524536132812,1.2323886156082153
10,123,210,200,kl,86.68,0.18000000000000682,0.3049013018608093,0.6659952998161316,1.0735219717025757
10,123,211,201,kl,86.76,0.0799999999999983,0.3109996020793915,0.671134889125824,1.0764284133911133
10,123,212,202,kl,86.48,-0.28000000000000114,0.3181549310684204,0.6765486598014832,1.0338548421859741
10,123,213,203,kl,86.72,0.23999999999999488,0.30562150478363037,0.672837495803833,1.0700502395629883
10,123,214,204,kl,86.78,0.060000000000002274,0.3474612534046173,0.6869615912437439,1.0940407514572144
10,123,215,205,kl,86.64,-0.14000000000000057,0.3194989264011383,0.6839892864227295,1.0655697584152222
10,123,216,206,kl,86.78,0.14000000000000057,0.3208335041999817,0.6743753552436829,1.085266351699829
10,123,217,207,kl,86.68,-0.09999999999999432,0.3208902180194855,0.6848813891410828,1.0844743251800537
10,123,218,208,kl,86.54,-0.14000000000000057,0.3112366497516632,0.678783118724823,1.0913660526275635
10,123,219,209,kl,86.52,-0.020000000000010232,0.30543631315231323,0.68265300989151,1.0693446397781372
10,123,220,210,ce,86.88,0.35999999999999943,0.2891745865345001,0.6728195548057556,1.2500754594802856
10,1337,1,-9,kl,28.18,15.92,0.7063508033752441,0.9989817142486572,1.7703149318695068
10,1337,2,-8,kl,46.78,18.6,0.6699275374412537,0.602271556854248,1.513643503189087
10,1337,3,-7,kl,52.2,5.420000000000002,0.6960919499397278,0.610558032989502,1.2770200967788696
10,1337,4,-6,kl,62.48,10.279999999999994,0.4191945195198059,0.4639134109020233,0.9865482449531555
10,1337,5,-5,kl,67.12,4.640000000000008,0.5937384366989136,0.5429370403289795,1.2302894592285156
10,1337,6,-4,kl,69.32,2.1999999999999886,0.5795088410377502,0.49978384375572205,1.1200345754623413
10,1337,7,-3,kl,71.42,2.1000000000000085,0.5592890381813049,0.47116050124168396,1.2169972658157349
10,1337,8,-2,kl,72.86,1.4399999999999977,0.5256076455116272,0.44973835349082947,1.0242944955825806
10,1337,9,-1,kl,73.58,0.7199999999999989,0.8034305572509766,0.5201616883277893,1.0368890762329102
10,1337,10,0,kl,74.64,1.0600000000000023,0.5833619832992554,0.4460771977901459,1.0375515222549438
10,1337,11,1,ce,77.22,2.5799999999999983,0.29586225748062134,0.26064246892929077,1.9831936359405518
10,1337,12,2,kl,76.56,-0.6599999999999966,0.5831061601638794,0.47261226177215576,0.9652944803237915
10,1337,13,3,kl,76.34,-0.21999999999999886,0.6323192119598389,0.4939250946044922,0.8336885571479797
10,1337,14,4,kl,76.82,0.47999999999998977,0.29078948497772217,0.34617912769317627,0.852451741695404
10,1337,15,5,kl,77.88,1.0600000000000023,0.5403291583061218,0.4478634297847748,1.0147676467895508
10,1337,16,6,kl,78.02,0.14000000000000057,0.5929918885231018,0.46372705698013306,0.9679304957389832
10,1337,17,7,kl,75.18,-2.839999999999989,0.601906418800354,0.5184575319290161,1.1074624061584473
10,1337,18,8,kl,79.08,3.8999999999999915,0.5404535531997681,0.4160889685153961,0.8901721835136414
10,1337,19,9,kl,77.6,-1.480000000000004,0.5968706011772156,0.4940376579761505,0.9584111571311951
10,1337,20,10,kl,75.36,-2.239999999999995,0.6535016298294067,0.47120556235313416,0.9150379300117493
10,1337,21,11,kl,78.52,3.1599999999999966,0.6631919741630554,0.5371742248535156,0.9893990755081177
10,1337,22,12,ce,80.64,2.1200000000000045,0.29455476999282837,0.24924935400485992,1.7416898012161255
10,1337,23,13,kl,78.46,-2.180000000000007,0.5143225193023682,0.4134191572666168,0.9095616340637207
10,1337,24,14,kl,79.36,0.9000000000000057,0.6640289425849915,0.5012435913085938,1.026219367980957
10,1337,25,15,kl,80.16,0.7999999999999972,0.5960906147956848,0.43912479281425476,0.9139358997344971
10,1337,26,16,kl,80.32,0.1599999999999966,0.6769008636474609,0.48115894198417664,0.9059537649154663
10,1337,27,17,kl,79.86,-0.45999999999999375,0.37016570568084717,0.37995463609695435,0.903626024723053
10,1337,28,18,kl,81.22,1.3599999999999994,0.34806033968925476,0.40064752101898193,0.9422230124473572
10,1337,29,19,kl,78.14,-3.0799999999999983,0.5252397060394287,0.4455491602420807,0.9110839366912842
10,1337,30,20,kl,81.0,2.8599999999999994,0.3693059980869293,0.40952757000923157,0.8152198195457458
10,1337,31,21,kl,81.66,0.6599999999999966,0.41200411319732666,0.4342252314090729,0.9139759540557861
10,1337,32,22,kl,81.1,-0.5600000000000023,0.5623573660850525,0.44007399678230286,0.8781443238258362
10,1337,33,23,ce,81.04,-0.05999999999998806,0.179453045129776,0.28737571835517883,1.5358818769454956
10,1337,34,24,kl,80.04,-1.0,0.6123691201210022,0.498281866312027,0.8543826937675476
10,1337,35,25,kl,80.38,0.3399999999999892,0.5575559139251709,0.4567219316959381,0.9680786728858948
10,1337,36,26,kl,81.18,0.8000000000000114,0.595483660697937,0.47185370326042175,0.8619897961616516
10,1337,37,27,kl,80.48,-0.7000000000000028,0.64472496509552,0.5152820348739624,1.1155550479888916
10,1337,38,28,kl,81.02,0.539999999999992,0.5405731201171875,0.4389800727367401,0.8158167600631714
10,1337,39,29,kl,80.66,-0.35999999999999943,0.5900824069976807,0.5047197937965393,0.9870690703392029
10,1337,40,30,kl,81.82,1.1599999999999966,0.5890251398086548,0.4342733919620514,0.8117832541465759
10,1337,41,31,kl,80.84,-0.9799999999999898,0.4235580563545227,0.4204641878604889,0.9394153356552124
10,1337,42,32,kl,79.58,-1.2600000000000051,0.4870876371860504,0.4320893883705139,0.8872775435447693
10,1337,43,33,kl,79.04,-0.539999999999992,0.562164306640625,0.47745028138160706,0.9826878905296326
10,1337,44,34,ce,79.68,0.6400000000000006,0.3071686923503876,0.39719507098197937,1.8003381490707397
10,1337,45,35,kl,79.16,-0.5200000000000102,0.7273362278938293,0.565189003944397,1.205324649810791
10,1337,46,36,kl,80.78,1.6200000000000045,0.6344513893127441,0.5041413307189941,1.1031984090805054
10,1337,47,37,kl,82.68,1.9000000000000057,0.5570421814918518,0.4313877522945404,0.8337995409965515
10,1337,48,38,kl,81.3,-1.3800000000000097,0.6270071864128113,0.4772628843784332,0.9116549491882324
10,1337,49,39,kl,81.36,0.060000000000002274,0.6305079460144043,0.4842172861099243,0.8569247722625732
10,1337,50,40,kl,80.98,-0.37999999999999545,0.538388729095459,0.47796183824539185,0.9175547361373901
10,1337,51,41,kl,80.52,-0.46000000000000796,0.6030000448226929,0.5088180899620056,1.0459696054458618
10,1337,52,42,kl,81.9,1.3800000000000097,0.6846029758453369,0.5538101196289062,1.1501526832580566
10,1337,53,43,kl,82.04,0.14000000000000057,0.4980948865413666,0.4687918424606323,0.8184424638748169
10,1337,54,44,kl,82.1,0.05999999999998806,0.5482887029647827,0.472270667552948,0.9828916192054749
10,1337,55,45,ce,82.5,0.4000000000000057,0.19895300269126892,0.3164141774177551,1.581468105316162
10,1337,56,46,kl,81.82,-0.6800000000000068,0.5305193066596985,0.4741019010543823,1.039182424545288
10,1337,57,47,kl,80.34,-1.4799999999999898,0.6132586002349854,0.5620400905609131,1.0932286977767944
10,1337,58,48,kl,81.12,0.7800000000000011,0.5914639234542847,0.49297720193862915,1.0303658246994019
10,1337,59,49,kl,80.28,-0.8400000000000034,0.7044065594673157,0.5393505096435547,0.9363222718238831
10,1337,60,50,kl,81.74,1.4599999999999937,0.5714136958122253,0.47759994864463806,0.8458618521690369
10,1337,61,51,kl,82.36,0.6200000000000045,0.7075034379959106,0.5237318873405457,0.9895963668823242
10,1337,62,52,kl,78.5,-3.8599999999999994,0.6769291758537292,0.6115817427635193,1.541782021522522
10,1337,63,53,kl,81.84,3.3400000000000034,0.5849593281745911,0.4590838551521301,0.9787641763687134
10,1337,64,54,kl,79.72,-2.1200000000000045,0.6069644093513489,0.5747690796852112,1.2645630836486816
10,1337,65,55,kl,81.58,1.8599999999999994,0.542130708694458,0.4662465751171112,0.8968813419342041
10,1337,66,56,ce,82.06,0.480000000000004,0.2558349370956421,0.3104907274246216,1.6530050039291382
10,1337,67,57,kl,81.68,-0.37999999999999545,0.5806463956832886,0.46799930930137634,0.9644473195075989
10,1337,68,58,kl,82.0,0.3199999999999932,0.41738468408584595,0.4272727072238922,1.0430725812911987
10,1337,69,59,kl,82.66,0.6599999999999966,0.5043081045150757,0.43659451603889465,0.8586530089378357
10,1337,70,60,kl,81.34,-1.3199999999999932,0.6203175187110901,0.4899829030036926,1.2098093032836914
10,1337,71,61,kl,79.2,-2.1400000000000006,0.5677682757377625,0.5480597019195557,1.4030555486679077
10,1337,72,62,kl,81.6,2.3999999999999915,0.5267145037651062,0.44715380668640137,0.7917883992195129
10,1337,73,63,kl,81.44,-0.1599999999999966,0.6868845820426941,0.5666682124137878,1.2020090818405151
10,1337,74,64,kl,81.48,0.04000000000000625,0.45011645555496216,0.4668583869934082,0.8162694573402405
10,1337,75,65,kl,79.76,-1.7199999999999989,0.48172661662101746,0.48483291268348694,1.2051149606704712
10,1337,76,66,kl,82.0,2.239999999999995,0.47420498728752136,0.44343820214271545,0.8554363250732422
10,1337,77,67,ce,81.88,-0.12000000000000455,0.3172943592071533,0.3903214633464813,1.5803793668746948
10,1337,78,68,kl,82.12,0.2400000000000091,0.6266785264015198,0.4703447222709656,0.859708845615387
10,1337,79,69,kl,80.28,-1.8400000000000034,0.5571389198303223,0.4867829978466034,1.0849945545196533
10,1337,80,70,kl,81.6,1.3199999999999932,0.41802433133125305,0.44415077567100525,0.92171710729599
10,1337,81,71,kl,81.78,0.18000000000000682,0.5713686943054199,0.4809478223323822,1.1258074045181274
10,1337,82,72,kl,82.12,0.3400000000000034,0.4277578890323639,0.4353405237197876,0.9829575419425964
10,1337,83,73,kl,81.46,-0.6600000000000108,0.43916159868240356,0.4168163239955902,0.7904915809631348
10,1337,84,74,kl,82.12,0.6600000000000108,0.4667280614376068,0.47093287110328674,0.9126999974250793
10,1337,85,75,kl,82.38,0.2599999999999909,0.6407819986343384,0.49194586277008057,0.9308565855026245
10,1337,86,76,kl,80.32,-2.0600000000000023,0.6185960173606873,0.5774314403533936,1.2206642627716064
10,1337,87,77,kl,81.68,1.3600000000000136,0.4767198860645294,0.43727144598960876,0.8439782857894897
10,1337,88,78,ce,81.96,0.2799999999999869,0.2743856906890869,0.369647741317749,1.6454790830612183
10,1337,89,79,kl,82.42,0.46000000000000796,0.6372056007385254,0.5485104918479919,0.9705937504768372
10,1337,90,80,kl,82.14,-0.28000000000000114,0.6278015375137329,0.5225623250007629,0.9886106252670288
10,1337,91,81,kl,82.48,0.3400000000000034,0.596190333366394,0.5159527659416199,1.0478496551513672
10,1337,92,82,kl,81.7,-0.7800000000000011,0.5039938688278198,0.46927011013031006,0.7984827160835266
10,1337,93,83,kl,82.74,1.039999999999992,0.5001677870750427,0.44163191318511963,0.95856112241745
10,1337,94,84,kl,81.36,-1.3799999999999955,0.4761102497577667,0.46986255049705505,0.9343756437301636
10,1337,95,85,kl,82.26,0.9000000000000057,0.4537835419178009,0.45665252208709717,0.7485519051551819
10,1337,96,86,kl,80.86,-1.4000000000000057,0.5787385702133179,0.4844101071357727,0.915328860282898
10,1337,97,87,kl,82.5,1.6400000000000006,0.4140796363353729,0.4138447046279907,0.7409376502037048
10,1337,98,88,kl,81.26,-1.2399999999999949,0.6080388426780701,0.483541339635849,0.7635945081710815
10,1337,99,89,ce,83.0,1.7399999999999949,0.1913897693157196,0.3288150131702423,1.567172884941101
10,1337,100,90,kl,81.94,-1.0600000000000023,0.46479856967926025,0.45523351430892944,1.088196873664856
10,1337,101,91,kl,82.84,0.9000000000000057,0.596333384513855,0.47027331590652466,0.7613736391067505
10,1337,102,92,kl,80.84,-2.0,0.5958781838417053,0.4909757077693939,0.8795375227928162
10,1337,103,93,kl,81.4,0.5600000000000023,0.4601890444755554,0.45027732849121094,0.880450963973999
10,1337,104,94,kl,81.0,-0.4000000000000057,0.5471981763839722,0.474358469247818,0.9008088111877441
10,1337,105,95,kl,79.3,-1.7000000000000028,0.6721757650375366,0.5457384586334229,1.1157292127609253
10,1337,106,96,kl,82.98,3.680000000000007,0.5269938707351685,0.44567057490348816,0.8862078785896301
10,1337,107,97,kl,81.28,-1.7000000000000028,0.7276797294616699,0.6190631985664368,1.3153573274612427
10,1337,108,98,kl,82.8,1.519999999999996,0.5297238826751709,0.4408907890319824,0.9505054950714111
10,1337,109,99,kl,82.96,0.1599999999999966,0.25966066122055054,0.3804614841938019,0.839279055595398
10,1337,110,100,ce,82.94,-0.01999999999999602,0.17860108613967896,0.30443084239959717,1.7672758102416992
10,1337,111,101,kl,81.5,-1.4399999999999977,0.5198193788528442,0.46984127163887024,1.0757907629013062
10,1337,112,102,kl,81.66,0.1599999999999966,0.5918723344802856,0.5132797360420227,0.924514889717102
10,1337,113,103,kl,82.26,0.6000000000000085,0.5351560711860657,0.4873628616333008,0.9608221650123596
10,1337,114,104,kl,81.66,-0.6000000000000085,0.5724149942398071,0.5187009572982788,1.0212080478668213
10,1337,115,105,kl,80.8,-0.8599999999999994,0.5599812269210815,0.48514261841773987,0.7858150005340576
10,1337,116,106,kl,82.34,1.5400000000000063,0.513440728187561,0.4366794526576996,0.7976882457733154
10,1337,117,107,kl,82.08,-0.2600000000000051,0.6255521774291992,0.4955778419971466,1.116532802581787
10,1337,118,108,kl,81.84,-0.23999999999999488,0.46515190601348877,0.4574210047721863,0.9269396662712097
10,1337,119,109,kl,80.66,-1.1800000000000068,0.5358716249465942,0.521636426448822,0.9996311664581299
10,1337,120,110,kl,79.64,-1.019999999999996,0.6860860586166382,0.5230740308761597,1.096401333808899
10,1337,121,111,ce,82.62,2.980000000000004,0.2427862137556076,0.3274535834789276,1.6709226369857788
10,1337,122,112,kl,85.68,3.0600000000000023,0.3133375644683838,0.3931945860385895,0.6394029259681702
10,1337,123,113,kl,85.94,0.2599999999999909,0.25985899567604065,0.37652742862701416,0.7265404462814331
10,1337,124,114,kl,86.1,0.1599999999999966,0.22226998209953308,0.3662426471710205,0.6519655585289001
10,1337,125,115,kl,86.56,0.46000000000000796,0.2452581226825714,0.3710820972919464,0.6483521461486816
10,1337,126,116,kl,86.52,-0.04000000000000625,0.30222761631011963,0.3920964300632477,0.6881707310676575
10,1337,127,117,kl,86.7,0.18000000000000682,0.3211003541946411,0.3987169563770294,0.7034255266189575
10,1337,128,118,kl,86.42,-0.28000000000000114,0.2917913496494293,0.38794001936912537,0.7504501342773438
10,1337,129,119,kl,86.66,0.23999999999999488,0.2368960827589035,0.3828180730342865,0.7090657949447632
10,1337,130,120,kl,86.9,0.2400000000000091,0.3318135738372803,0.39737075567245483,0.7314860820770264
10,1337,131,121,kl,86.5,-0.4000000000000057,0.34606853127479553,0.4038773477077484,0.6931127309799194
10,1337,132,122,ce,86.98,0.480000000000004,0.19579412043094635,0.3630122244358063,1.020250678062439
10,1337,133,123,kl,86.48,-0.5,0.252461701631546,0.3942842185497284,0.774481475353241
10,1337,134,124,kl,86.48,0.0,0.3343173563480377,0.41080716252326965,0.773594319820404
10,1337,135,125,kl,86.96,0.47999999999998977,0.2978295087814331,0.40884557366371155,0.7708056569099426
10,1337,136,126,kl,86.62,-0.3399999999999892,0.24710771441459656,0.40490350127220154,0.8296577334403992
10,1337,137,127,kl,86.72,0.09999999999999432,0.17644643783569336,0.39702650904655457,0.740310788154602
10,1337,138,128,kl,87.04,0.3200000000000074,0.20804831385612488,0.40103402733802795,0.7283247113227844
10,1337,139,129,kl,86.52,-0.5200000000000102,0.35434913635253906,0.4416256844997406,0.790373682975769
10,1337,140,130,kl,86.82,0.29999999999999716,0.2990608215332031,0.43125754594802856,0.7804743647575378
10,1337,141,131,kl,86.68,-0.13999999999998636,0.24401356279850006,0.4436803162097931,0.7518714666366577
10,1337,142,132,kl,86.7,0.01999999999999602,0.24451079964637756,0.4401792585849762,0.7596176266670227
10,1337,143,133,ce,86.4,-0.29999999999999716,0.2698761820793152,0.43515682220458984,1.1705363988876343
10,1337,144,134,kl,86.68,0.28000000000000114,0.30306559801101685,0.4519790709018707,0.8455816507339478
10,1337,145,135,kl,86.64,-0.04000000000000625,0.2822255790233612,0.4509912431240082,0.7627056241035461
10,1337,146,136,kl,86.98,0.3400000000000034,0.3598250150680542,0.468610554933548,0.7686381936073303
10,1337,147,137,kl,86.68,-0.29999999999999716,0.2969514727592468,0.45817041397094727,0.8033329844474792
10,1337,148,138,kl,86.54,-0.14000000000000057,0.3229730725288391,0.4683701694011688,0.8624286651611328
10,1337,149,139,kl,87.02,0.47999999999998977,0.3519999086856842,0.4799153506755829,0.9577689170837402
10,1337,150,140,kl,86.82,-0.20000000000000284,0.31079354882240295,0.47548824548721313,0.9009360074996948
10,1337,151,141,kl,86.4,-0.4199999999999875,0.36635249853134155,0.48816734552383423,0.9050052165985107
10,1337,152,142,kl,86.58,0.1799999999999926,0.2909323275089264,0.4822193682193756,0.8864153623580933
10,1337,153,143,kl,86.96,0.37999999999999545,0.2816592752933502,0.47250884771347046,0.912883460521698
10,1337,154,144,ce,86.44,-0.519999999999996,0.2590039074420929,0.46147844195365906,1.1365967988967896
10,1337,155,145,kl,86.38,-0.060000000000002274,0.31559398770332336,0.4882614016532898,0.8892625570297241
10,1337,156,146,kl,86.76,0.38000000000000966,0.3654974102973938,0.5039477348327637,0.9087164998054504
10,1337,157,147,kl,86.48,-0.28000000000000114,0.33015933632850647,0.5035638809204102,0.8150970339775085
10,1337,158,148,kl,86.78,0.29999999999999716,0.3187858462333679,0.49548861384391785,0.924972653388977
10,1337,159,149,kl,86.92,0.14000000000000057,0.32293614745140076,0.5108221173286438,0.925260066986084
10,1337,160,150,kl,86.5,-0.4200000000000017,0.3326941132545471,0.5142790079116821,1.0066602230072021
10,1337,161,151,kl,86.66,0.1599999999999966,0.30141016840934753,0.4983554482460022,0.8906790018081665
10,1337,162,152,kl,86.88,0.21999999999999886,0.3931848406791687,0.5415089130401611,1.0261125564575195
10,1337,163,153,kl,86.54,-0.3399999999999892,0.2939246892929077,0.49328750371932983,0.9211537837982178
10,1337,164,154,kl,86.62,0.0799999999999983,0.4344232380390167,0.5787649154663086,1.0230525732040405
10,1337,165,155,ce,86.28,-0.3400000000000034,0.2564762532711029,0.4942609369754791,1.2957561016082764
10,1337,166,156,kl,86.86,0.5799999999999983,0.3258731961250305,0.5150046944618225,0.9888781309127808
10,1337,167,157,kl,86.72,-0.14000000000000057,0.2724986970424652,0.5232800841331482,0.9776217341423035
10,1337,168,158,kl,86.7,-0.01999999999999602,0.26699796319007874,0.5167162418365479,0.9073092341423035
10,1337,169,159,kl,86.34,-0.35999999999999943,0.32144320011138916,0.536821186542511,1.0276474952697754
10,1337,170,160,kl,86.44,0.09999999999999432,0.40207749605178833,0.5747368335723877,1.0858148336410522
10,1337,171,161,kl,86.28,-0.1599999999999966,0.369437575340271,0.55570387840271,1.029723048210144
10,1337,172,162,kl,86.94,0.6599999999999966,0.3290092349052429,0.5379502177238464,1.0651288032531738
10,1337,173,163,kl,86.78,-0.1599999999999966,0.33544138073921204,0.5680794715881348,1.0698035955429077
10,1337,174,164,kl,86.38,-0.4000000000000057,0.38216525316238403,0.5865079760551453,1.1305314302444458
10,1337,175,165,kl,86.32,-0.060000000000002274,0.3102412819862366,0.5786754488945007,0.9813628196716309
10,1337,176,166,ce,86.3,-0.01999999999999602,0.3391566574573517,0.6111608147621155,1.3588130474090576
10,1337,177,167,kl,86.78,0.480000000000004,0.3343639671802521,0.5878255367279053,1.0181764364242554
10,1337,178,168,kl,86.82,0.03999999999999204,0.35726773738861084,0.5768901705741882,1.0511832237243652
10,1337,179,169,kl,86.82,0.0,0.3417246341705322,0.5755828619003296,1.0386782884597778
10,1337,180,170,kl,86.76,-0.05999999999998806,0.3550863265991211,0.57598876953125,1.0396450757980347
10,1337,181,171,kl,86.84,0.0799999999999983,0.32278457283973694,0.5739349126815796,1.0257292985916138
10,1337,182,172,kl,86.74,-0.10000000000000853,0.3154628276824951,0.5672667026519775,1.0142149925231934
10,1337,183,173,kl,87.36,0.6200000000000045,0.34197506308555603,0.5717135667800903,1.0746389627456665
10,1337,184,174,kl,86.92,-0.4399999999999977,0.334012508392334,0.5756391286849976,1.0265135765075684
10,1337,185,175,kl,86.92,0.0,0.31454384326934814,0.5661755204200745,1.0137701034545898
10,1337,186,176,kl,86.94,0.01999999999999602,0.31703996658325195,0.5697680711746216,1.0124210119247437
10,1337,187,177,ce,87.02,0.0799999999999983,0.3690176010131836,0.5880565643310547,1.2254282236099243
10,1337,188,178,kl,86.96,-0.060000000000002274,0.365031361579895,0.5977784395217896,1.0744407176971436
10,1337,189,179,kl,86.92,-0.03999999999999204,0.31608137488365173,0.5699459910392761,1.0310747623443604
10,1337,190,180,kl,86.6,-0.3200000000000074,0.3159586787223816,0.5717325210571289,1.043282151222229
10,1337,191,181,kl,86.7,0.10000000000000853,0.2873944938182831,0.5627878308296204,0.9950903654098511
10,1337,192,182,kl,86.88,0.1799999999999926,0.31285756826400757,0.5772871971130371,1.0277683734893799
10,1337,193,183,kl,86.8,-0.0799999999999983,0.3422389626502991,0.5900183320045471,1.0557631254196167
10,1337,194,184,kl,86.74,-0.060000000000002274,0.31211429834365845,0.5741451382637024,1.0493377447128296
10,1337,195,185,kl,86.66,-0.0799999999999983,0.3231767416000366,0.5808921456336975,1.0344350337982178
10,1337,196,186,kl,86.78,0.12000000000000455,0.33598166704177856,0.5837700963020325,1.0470280647277832
10,1337,197,187,kl,86.78,0.0,0.31783992052078247,0.5776647925376892,1.0464000701904297
10,1337,198,188,ce,87.06,0.28000000000000114,0.3838355541229248,0.6048949956893921,1.2677730321884155
10,1337,199,189,kl,86.86,-0.20000000000000284,0.35611552000045776,0.5941831469535828,1.0881661176681519
10,1337,200,190,kl,87.12,0.2600000000000051,0.318329393863678,0.584230899810791,1.049398422241211
10,1337,201,191,kl,87.16,0.03999999999999204,0.32093754410743713,0.576112687587738,1.0592515468597412
10,1337,202,192,kl,86.92,-0.23999999999999488,0.3448598384857178,0.5920629501342773,1.0597957372665405
10,1337,203,193,kl,87.0,0.0799999999999983,0.3301917016506195,0.5869236588478088,1.0474306344985962
10,1337,204,194,kl,86.7,-0.29999999999999716,0.28304263949394226,0.5730096697807312,1.021064281463623
10,1337,205,195,kl,86.88,0.1799999999999926,0.31973713636398315,0.5853490233421326,1.0352885723114014
10,1337,206,196,kl,87.02,0.14000000000000057,0.3464890718460083,0.5925273895263672,1.090724229812622
10,1337,207,197,kl,86.94,-0.0799999999999983,0.3120551109313965,0.5832123160362244,1.0716530084609985
10,1337,208,198,kl,87.18,0.2400000000000091,0.30979397892951965,0.583979606628418,1.0663950443267822
10,1337,209,199,ce,87.18,0.0,0.33352869749069214,0.595960795879364,1.2659317255020142
10,1337,210,200,kl,86.94,-0.2400000000000091,0.31852954626083374,0.5873187184333801,1.0693105459213257
10,1337,211,201,kl,86.6,-0.3400000000000034,0.291667103767395,0.5810221433639526,1.0435407161712646
10,1337,212,202,kl,87.0,0.4000000000000057,0.34501373767852783,0.6000188589096069,1.08693265914917
10,1337,213,203,kl,87.04,0.04000000000000625,0.33758851885795593,0.5994231104850769,1.0745044946670532
10,1337,214,204,kl,86.74,-0.30000000000001137,0.3361344039440155,0.5993738174438477,1.1185829639434814
10,1337,215,205,kl,86.86,0.12000000000000455,0.35295313596725464,0.6048954129219055,1.0864554643630981
10,1337,216,206,kl,86.96,0.09999999999999432,0.33617717027664185,0.5995818376541138,1.077945351600647
10,1337,217,207,kl,87.02,0.060000000000002274,0.34181833267211914,0.6035662293434143,1.1018368005752563
10,1337,218,208,kl,86.86,-0.1599999999999966,0.34275418519973755,0.6045355796813965,1.0993468761444092
10,1337,219,209,kl,86.9,0.04000000000000625,0.29557907581329346,0.5951337218284607,1.0294857025146484
10,1337,220,210,ce,87.34,0.4399999999999977,0.33302944898605347,0.5962475538253784,1.2769447565078735
10,42,1,-9,kl,34.46,25.04,0.6687896251678467,1.0038710832595825,1.3627456426620483
10,42,2,-8,kl,48.82,14.36,0.632181704044342,0.6728265285491943,1.1822742223739624
10,42,3,-7,kl,51.92,3.1000000000000014,0.2867654263973236,0.5274187922477722,1.4177672863006592
10,42,4,-6,kl,60.56,8.64,0.5899580121040344,0.5655304789543152,1.3305251598358154
10,42,5,-5,kl,67.3,6.739999999999995,0.41566020250320435,0.4851645529270172,1.1536452770233154
10,42,6,-4,kl,69.68,2.3800000000000097,0.6253966093063354,0.5148114562034607,1.048170566558838
10,42,7,-3,kl,69.2,-0.480000000000004,0.5392330288887024,0.5087290406227112,1.0736106634140015
10,42,8,-2,kl,72.56,3.3599999999999994,0.3942795991897583,0.43015533685684204,1.0427221059799194
10,42,9,-1,kl,72.96,0.3999999999999915,0.6864447593688965,0.5134488940238953,1.0572832822799683
10,42,10,0,kl,75.3,2.3400000000000034,0.6618547439575195,0.48985618352890015,1.0703048706054688
10,42,11,1,ce,77.58,2.280000000000001,0.16481666266918182,0.26170432567596436,1.8831360340118408
10,42,12,2,kl,75.88,-1.7000000000000028,0.38035809993743896,0.45208021998405457,0.8404685854911804
10,42,13,3,kl,76.6,0.7199999999999989,0.5274863839149475,0.468944251537323,0.9629834294319153
10,42,14,4,kl,77.16,0.5600000000000023,0.4247998595237732,0.44890955090522766,0.9488062262535095
10,42,15,5,kl,75.98,-1.1799999999999926,0.43124574422836304,0.4844875931739807,1.045363187789917
10,42,16,6,kl,79.08,3.0999999999999943,0.5048521757125854,0.41682377457618713,0.8899704217910767
10,42,17,7,kl,77.7,-1.3799999999999955,0.4061436057090759,0.4905220866203308,1.2067475318908691
10,42,18,8,kl,76.8,-0.9000000000000057,0.6303222179412842,0.5158193707466125,1.1715959310531616
10,42,19,9,kl,78.8,2.0,0.5905991792678833,0.46527066826820374,0.849053680896759
10,42,20,10,kl,79.7,0.9000000000000057,0.47658613324165344,0.4924558401107788,1.111564040184021
10,42,21,11,kl,79.2,-0.5,0.6000351309776306,0.4713529050350189,0.9194425940513611
10,42,22,12,ce,79.96,0.7599999999999909,0.15490016341209412,0.3466590344905853,1.833115816116333
10,42,23,13,kl,79.8,-0.1599999999999966,0.5322830677032471,0.48215529322624207,1.1590688228607178
10,42,24,14,kl,77.6,-2.200000000000003,0.5573260188102722,0.4960952401161194,1.0475064516067505
10,42,25,15,kl,79.78,2.180000000000007,0.5320638418197632,0.4867333471775055,1.0042541027069092
10,42,26,16,kl,79.7,-0.0799999999999983,0.4514177739620209,0.5177146792411804,1.2427036762237549
10,42,27,17,kl,81.56,1.8599999999999994,0.634911060333252,0.4814320504665375,0.7904106974601746
10,42,28,18,kl,79.94,-1.6200000000000045,0.7344101667404175,0.5915809869766235,1.0477815866470337
10,42,29,19,kl,79.52,-0.4200000000000017,0.5559015870094299,0.4777948558330536,1.1803125143051147
10,42,30,20,kl,80.22,0.7000000000000028,0.45391327142715454,0.41666552424430847,0.8506090641021729
10,42,31,21,kl,79.76,-0.45999999999999375,0.4716586172580719,0.4702814221382141,1.114548683166504
10,42,32,22,kl,81.34,1.5799999999999983,0.3283737301826477,0.4542831480503082,1.217110514640808
10,42,33,23,ce,81.8,0.45999999999999375,0.28465649485588074,0.39077380299568176,1.8107869625091553
10,42,34,24,kl,79.16,-2.6400000000000006,0.633185625076294,0.5695183873176575,1.2497309446334839
10,42,35,25,kl,79.98,0.8200000000000074,0.6444159746170044,0.512717604637146,0.9309471845626831
10,42,36,26,kl,74.04,-5.939999999999998,0.5968395471572876,0.5643011927604675,1.1542034149169922
10,42,37,27,kl,80.46,6.4199999999999875,0.608887255191803,0.49068623781204224,0.9689905047416687
10,42,38,28,kl,81.02,0.5600000000000023,0.612845242023468,0.5022875070571899,0.9043957591056824
10,42,39,29,kl,81.52,0.5,0.5044839382171631,0.43350949883461,1.0053675174713135
10,42,40,30,kl,81.56,0.04000000000000625,0.5855940580368042,0.49409037828445435,0.8912021517753601
10,42,41,31,kl,81.88,0.3199999999999932,0.6397820711135864,0.516963541507721,0.8634634613990784
10,42,42,32,kl,80.86,-1.019999999999996,0.5326579213142395,0.4627670645713806,0.6701704263687134
10,42,43,33,kl,81.54,0.6800000000000068,0.6729503870010376,0.5152891874313354,1.095644235610962
10,42,44,34,ce,82.36,0.8199999999999932,0.30554381012916565,0.3956204056739807,1.8752963542938232
10,42,45,35,kl,80.06,-2.299999999999997,0.6688322424888611,0.5497583746910095,1.0735936164855957
10,42,46,36,kl,80.66,0.5999999999999943,0.4943801164627075,0.4756906032562256,0.9721246361732483
10,42,47,37,kl,80.38,-0.28000000000000114,0.3927888572216034,0.43557921051979065,1.0882625579833984
10,42,48,38,kl,80.74,0.35999999999999943,0.5581463575363159,0.5161349773406982,1.0315629243850708
10,42,49,39,kl,82.08,1.3400000000000034,0.6147352457046509,0.51575767993927,1.0835301876068115
10,42,50,40,kl,80.76,-1.3199999999999932,0.4790360927581787,0.5277631878852844,1.2394520044326782
10,42,51,41,kl,82.08,1.3199999999999932,0.6245976686477661,0.518623948097229,1.0630135536193848
10,42,52,42,kl,79.98,-2.0999999999999943,0.611333429813385,0.5060245990753174,1.0640171766281128
10,42,53,43,kl,81.72,1.7399999999999949,0.6438838243484497,0.527305543422699,1.038222312927246
10,42,54,44,kl,81.52,-0.20000000000000284,0.6707934737205505,0.572440505027771,1.1047238111495972
10,42,55,45,ce,82.66,1.1400000000000006,0.14531032741069794,0.33450111746788025,1.619749665260315
10,42,56,46,kl,81.8,-0.8599999999999994,0.5523508787155151,0.5046818852424622,0.8973513841629028
10,42,57,47,kl,82.48,0.6800000000000068,0.4725934863090515,0.45661497116088867,0.812565267086029
10,42,58,48,kl,80.38,-2.1000000000000085,0.7492642402648926,0.6414580345153809,1.587632417678833
10,42,59,49,kl,81.94,1.5600000000000023,0.448911190032959,0.45913317799568176,0.9575710296630859
10,42,60,50,kl,82.66,0.7199999999999989,0.5696837902069092,0.45458555221557617,0.8488205671310425
10,42,61,51,kl,81.86,-0.7999999999999972,0.3942299485206604,0.4469936192035675,0.9122928977012634
10,42,62,52,kl,81.52,-0.3400000000000034,0.4828982353210449,0.45889467000961304,1.2068889141082764
10,42,63,53,kl,81.82,0.29999999999999716,0.7101340293884277,0.6077778339385986,1.0858590602874756
10,42,64,54,kl,81.94,0.12000000000000455,0.5884405970573425,0.5315245985984802,0.9627875089645386
10,42,65,55,kl,82.14,0.20000000000000284,0.5918773412704468,0.49373945593833923,0.8332154750823975
10,42,66,56,ce,81.7,-0.4399999999999977,0.21542303264141083,0.3907022476196289,1.7073841094970703
10,42,67,57,kl,79.74,-1.960000000000008,0.4904509484767914,0.488933801651001,0.9266839623451233
10,42,68,58,kl,81.56,1.8200000000000074,0.4858497381210327,0.47153526544570923,1.017112135887146
10,42,69,59,kl,81.26,-0.29999999999999716,0.6238393783569336,0.5464717745780945,1.1941865682601929
10,42,70,60,kl,80.98,-0.28000000000000114,0.47540009021759033,0.46692022681236267,1.0224047899246216
10,42,71,61,kl,82.86,1.8799999999999955,0.6004383563995361,0.5022310018539429,0.9771686792373657
10,42,72,62,kl,81.76,-1.0999999999999943,0.646295428276062,0.5783932209014893,1.2867056131362915
10,42,73,63,kl,81.46,-0.30000000000001137,0.5842488408088684,0.5212239027023315,1.0667510032653809
10,42,74,64,kl,83.22,1.7600000000000051,0.555551290512085,0.486289381980896,0.9817134737968445
10,42,75,65,kl,82.6,-0.6200000000000045,0.3580136001110077,0.4487011134624481,0.9202966094017029
10,42,76,66,kl,82.46,-0.14000000000000057,0.5171833634376526,0.47373196482658386,0.8887336850166321
10,42,77,67,ce,83.84,1.3800000000000097,0.19836735725402832,0.3023950755596161,1.7825772762298584
10,42,78,68,kl,80.54,-3.299999999999997,0.4249412715435028,0.48437467217445374,0.9086254239082336
10,42,79,69,kl,82.48,1.9399999999999977,0.47608232498168945,0.5045559406280518,0.9833665490150452
10,42,80,70,kl,82.18,-0.29999999999999716,0.5714950561523438,0.5141754746437073,0.9846077561378479
10,42,81,71,kl,80.82,-1.3600000000000136,0.642749547958374,0.5557296276092529,1.2508399486541748
10,42,82,72,kl,82.38,1.5600000000000023,0.4998127520084381,0.45473000407218933,0.8490458726882935
10,42,83,73,kl,82.38,0.0,0.5915425419807434,0.5022636651992798,0.9606192708015442
10,42,84,74,kl,82.2,-0.1799999999999926,0.48452502489089966,0.44657570123672485,0.841750979423523
10,42,85,75,kl,81.84,-0.35999999999999943,0.5814086198806763,0.5155395269393921,1.0236696004867554
10,42,86,76,kl,82.44,0.5999999999999943,0.4884069263935089,0.45647114515304565,0.8427059054374695
10,42,87,77,kl,82.08,-0.35999999999999943,0.6277966499328613,0.524304211139679,0.9728485941886902
10,42,88,78,ce,81.88,-0.20000000000000284,0.25397738814353943,0.3833492398262024,1.764131784439087
10,42,89,79,kl,81.68,-0.19999999999998863,0.6289676427841187,0.5647666454315186,1.0528080463409424
10,42,90,80,kl,82.72,1.039999999999992,0.3533811569213867,0.45354726910591125,1.0661882162094116
10,42,91,81,kl,83.24,0.519999999999996,0.6302844285964966,0.5289379358291626,0.928888738155365
10,42,92,82,kl,82.78,-0.45999999999999375,0.28675565123558044,0.43677589297294617,0.9765918850898743
10,42,93,83,kl,82.62,-0.1599999999999966,0.6228543519973755,0.5450795292854309,0.9366680979728699
10,42,94,84,kl,82.56,-0.060000000000002274,0.5257117748260498,0.46814393997192383,0.9692390561103821
10,42,95,85,kl,82.2,-0.35999999999999943,0.6329423189163208,0.49752041697502136,0.9114713668823242
10,42,96,86,kl,80.7,-1.5,0.6698703765869141,0.6012428998947144,1.2057775259017944
10,42,97,87,kl,80.78,0.0799999999999983,0.5026103854179382,0.5009873509407043,0.9970709681510925
10,42,98,88,kl,82.52,1.7399999999999949,0.5672868490219116,0.5356424450874329,1.058620572090149
10,42,99,89,ce,83.5,0.980000000000004,0.19507578015327454,0.36275243759155273,1.4941844940185547
10,42,100,90,kl,79.12,-4.3799999999999955,0.7046023011207581,0.617095410823822,1.4846631288528442
10,42,101,91,kl,81.24,2.1199999999999903,0.4810379147529602,0.4877279996871948,1.0327279567718506
10,42,102,92,kl,83.02,1.7800000000000011,0.48375481367111206,0.4961644411087036,1.0879759788513184
10,42,103,93,kl,83.14,0.12000000000000455,0.542149007320404,0.4453757405281067,0.7694815397262573
10,42,104,94,kl,83.58,0.4399999999999977,0.4823532700538635,0.4377683997154236,0.8026353716850281
10,42,105,95,kl,83.2,-0.37999999999999545,0.5454431176185608,0.485138863325119,0.8848986625671387
10,42,106,96,kl,82.72,-0.480000000000004,0.6565528512001038,0.5204357504844666,1.0859125852584839
10,42,107,97,kl,83.5,0.7800000000000011,0.6081439852714539,0.4831499457359314,0.8125633597373962
10,42,108,98,kl,82.02,-1.480000000000004,0.595020592212677,0.4973694682121277,0.977208137512207
10,42,109,99,kl,81.22,-0.7999999999999972,0.7251081466674805,0.6170281767845154,1.2854249477386475
10,42,110,100,ce,82.42,1.2000000000000028,0.31480735540390015,0.38253501057624817,1.9264497756958008
10,42,111,101,kl,82.04,-0.37999999999999545,0.490558385848999,0.48106858134269714,0.9954372048377991
10,42,112,102,kl,81.64,-0.4000000000000057,0.690212607383728,0.5648223161697388,1.0440559387207031
10,42,113,103,kl,81.02,-0.6200000000000045,0.5617485046386719,0.5290675163269043,1.0942288637161255
10,42,114,104,kl,81.58,0.5600000000000023,0.5756536722183228,0.5040463209152222,0.8270288705825806
10,42,115,105,kl,82.38,0.7999999999999972,0.6445561647415161,0.5513773560523987,0.8872857093811035
10,42,116,106,kl,83.02,0.6400000000000006,0.4966247081756592,0.44585898518562317,0.7743678689002991
10,42,117,107,kl,82.32,-0.7000000000000028,0.6881401538848877,0.5812015533447266,1.060475468635559
10,42,118,108,kl,82.8,0.480000000000004,0.4958988130092621,0.47775784134864807,0.8983472585678101
10,42,119,109,kl,82.08,-0.7199999999999989,0.5535660982131958,0.4932129681110382,1.116783618927002
10,42,120,110,kl,82.82,0.7399999999999949,0.5371574759483337,0.4639725685119629,0.776943564414978
10,42,121,111,ce,83.06,0.2400000000000091,0.23629537224769592,0.3585700988769531,1.6399455070495605
10,42,122,112,kl,86.38,3.319999999999993,0.3531877398490906,0.4150460362434387,0.7165042161941528
10,42,123,113,kl,86.62,0.2400000000000091,0.2688192129135132,0.3960764706134796,0.7037159204483032
10,42,124,114,kl,87.2,0.5799999999999983,0.338705450296402,0.416198194026947,0.7889900803565979
10,42,125,115,kl,87.08,-0.12000000000000455,0.4470817446708679,0.430752158164978,0.7304286956787109
10,42,126,116,kl,87.14,0.060000000000002274,0.35013216733932495,0.4127662479877472,0.7795868515968323
10,42,127,117,kl,87.18,0.04000000000000625,0.3336887061595917,0.4198876917362213,0.7444003224372864
10,42,128,118,kl,87.26,0.0799999999999983,0.3155837953090668,0.4182886481285095,0.7775753736495972
10,42,129,119,kl,86.94,-0.3200000000000074,0.3087040185928345,0.4209596812725067,0.7047981023788452
10,42,130,120,kl,87.14,0.20000000000000284,0.37390410900115967,0.4474656879901886,0.7828549742698669
10,42,131,121,kl,87.26,0.12000000000000455,0.3805401027202606,0.44120535254478455,0.7558650970458984
10,42,132,122,ce,86.88,-0.38000000000000966,0.21832263469696045,0.3929098844528198,1.1504507064819336
10,42,133,123,kl,86.96,0.0799999999999983,0.3848526179790497,0.46374714374542236,0.8224630355834961
10,42,134,124,kl,87.52,0.5600000000000023,0.3737744390964508,0.4550844728946686,0.7267453670501709
10,42,135,125,kl,87.28,-0.23999999999999488,0.36860179901123047,0.46785876154899597,0.8356052041053772
10,42,136,126,kl,87.36,0.0799999999999983,0.33173108100891113,0.43668705224990845,0.7315744757652283
10,42,137,127,kl,87.1,-0.2600000000000051,0.3062696158885956,0.44031327962875366,0.7768772840499878
10,42,138,128,kl,87.24,0.14000000000000057,0.36338499188423157,0.4768858850002289,0.8400127291679382
10,42,139,129,kl,87.46,0.21999999999999886,0.4195948541164398,0.4847721755504608,0.8366662263870239
10,42,140,130,kl,86.88,-0.5799999999999983,0.4373463988304138,0.5009031891822815,0.8874292373657227
10,42,141,131,kl,87.14,0.2600000000000051,0.39958393573760986,0.4908277988433838,0.8423165082931519
10,42,142,132,kl,87.34,0.20000000000000284,0.3725954592227936,0.4949273467063904,0.8579549193382263
10,42,143,133,ce,87.28,-0.060000000000002274,0.22347334027290344,0.467794269323349,1.0886106491088867
10,42,144,134,kl,87.12,-0.1599999999999966,0.34435757994651794,0.4779388904571533,0.781859278678894
10,42,145,135,kl,87.06,-0.060000000000002274,0.31161755323410034,0.4731762707233429,0.7577233910560608
10,42,146,136,kl,87.46,0.3999999999999915,0.4068028926849365,0.518333911895752,0.9564760327339172
10,42,147,137,kl,87.4,-0.05999999999998806,0.34699246287345886,0.486314058303833,0.8418948650360107
10,42,148,138,kl,87.32,-0.0800000000000125,0.39611437916755676,0.5159075260162354,0.8972201347351074
10,42,149,139,kl,87.24,-0.0799999999999983,0.3764197826385498,0.519210696220398,0.8525189161300659
10,42,150,140,kl,87.58,0.3400000000000034,0.3774372339248657,0.5331780314445496,0.9291565418243408
10,42,151,141,kl,87.58,0.0,0.3316972851753235,0.5200194120407104,0.7987115383148193
10,42,152,142,kl,87.26,-0.3199999999999932,0.3433968424797058,0.5091596245765686,0.823954164981842
10,42,153,143,kl,87.12,-0.14000000000000057,0.3095565438270569,0.509623646736145,0.8053464889526367
10,42,154,144,ce,87.08,-0.04000000000000625,0.22133757174015045,0.5104663372039795,1.117422342300415
10,42,155,145,kl,87.02,-0.060000000000002274,0.35037997364997864,0.5366663932800293,0.8632115125656128
10,42,156,146,kl,87.14,0.12000000000000455,0.5200116634368896,0.6055496335029602,1.056685447692871
10,42,157,147,kl,87.38,0.23999999999999488,0.3943857252597809,0.5479291677474976,0.9593375325202942
10,42,158,148,kl,87.26,-0.11999999999999034,0.42614465951919556,0.5636594295501709,0.9824321269989014
10,42,159,149,kl,87.24,-0.020000000000010232,0.4214957058429718,0.5581554770469666,0.9333398938179016
10,42,160,150,kl,87.52,0.28000000000000114,0.39562034606933594,0.5807983875274658,0.9806576371192932
10,42,161,151,kl,87.54,0.020000000000010232,0.4117668569087982,0.5684094429016113,0.9298829436302185
10,42,162,152,kl,87.58,0.03999999999999204,0.4197833836078644,0.5997097492218018,0.9447898864746094
10,42,163,153,kl,86.92,-0.6599999999999966,0.4166899621486664,0.6066796779632568,0.9716708660125732
10,42,164,154,kl,87.06,0.14000000000000057,0.4140963852405548,0.5851739048957825,0.9215837121009827
10,42,165,155,ce,86.88,-0.18000000000000682,0.3918605148792267,0.5910443067550659,1.303849697113037
10,42,166,156,kl,87.26,0.38000000000000966,0.38852715492248535,0.6019988059997559,1.0372400283813477
10,42,167,157,kl,87.34,0.0799999999999983,0.4162689745426178,0.6358321905136108,1.095455527305603
10,42,168,158,kl,87.28,-0.060000000000002274,0.30781036615371704,0.5792921781539917,1.0278878211975098
10,42,169,159,kl,86.9,-0.37999999999999545,0.3753078579902649,0.5945066213607788,0.9711829423904419
10,42,170,160,kl,87.24,0.3399999999999892,0.40597620606422424,0.6189374923706055,0.9781100153923035
10,42,171,161,kl,87.16,-0.0799999999999983,0.4372479021549225,0.6527808904647827,1.0508545637130737
10,42,172,162,kl,87.26,0.10000000000000853,0.3998417854309082,0.6132818460464478,1.0059202909469604
10,42,173,163,kl,87.16,-0.10000000000000853,0.4125683903694153,0.6461856365203857,1.022385835647583
10,42,174,164,kl,87.3,0.14000000000000057,0.4393388330936432,0.6307129859924316,1.1283619403839111
10,42,175,165,kl,87.04,-0.2599999999999909,0.4633743166923523,0.6902141571044922,1.0955379009246826
10,42,176,166,ce,86.64,-0.4000000000000057,0.3704783320426941,0.6994711756706238,1.4527002573013306
10,42,177,167,kl,87.34,0.7000000000000028,0.3333839178085327,0.6305162906646729,1.0153403282165527
10,42,178,168,kl,87.52,0.1799999999999926,0.3169142007827759,0.6248365640640259,1.0205923318862915
10,42,179,169,kl,87.42,-0.09999999999999432,0.36999034881591797,0.6376630663871765,1.0651556253433228
10,42,180,170,kl,87.48,0.060000000000002274,0.3910943269729614,0.6455432772636414,1.0619391202926636
10,42,181,171,kl,87.2,-0.28000000000000114,0.3728786110877991,0.6291348934173584,1.0561535358428955
10,42,182,172,kl,87.34,0.14000000000000057,0.3686811625957489,0.6273333430290222,1.0308424234390259
10,42,183,173,kl,87.48,0.14000000000000057,0.3685365915298462,0.6321569681167603,1.0576003789901733
10,42,184,174,kl,87.38,-0.10000000000000853,0.3831459879875183,0.644500195980072,1.0377819538116455
10,42,185,175,kl,87.48,0.10000000000000853,0.3861939311027527,0.6455095410346985,1.0841447114944458
10,42,186,176,kl,87.48,0.0,0.3936495780944824,0.6426494717597961,1.109987735748291
10,42,187,177,ce,87.28,-0.20000000000000284,0.3088313341140747,0.6276431083679199,1.0995534658432007
10,42,188,178,kl,87.44,0.1599999999999966,0.37141215801239014,0.6508283615112305,1.0721702575683594
10,42,189,179,kl,87.42,-0.01999999999999602,0.3931487798690796,0.6520265936851501,1.1100519895553589
10,42,190,180,kl,87.42,0.0,0.3889988958835602,0.6487444639205933,1.0949885845184326
10,42,191,181,kl,87.38,-0.04000000000000625,0.368500292301178,0.6472295522689819,1.0905386209487915
10,42,192,182,kl,87.44,0.060000000000002274,0.36537230014801025,0.6437609195709229,1.0912744998931885
10,42,193,183,kl,87.6,0.1599999999999966,0.3613000810146332,0.63336181640625,1.0762667655944824
10,42,194,184,kl,87.6,0.0,0.3732120394706726,0.6447147727012634,1.0590996742248535
10,42,195,185,kl,87.44,-0.1599999999999966,0.37176278233528137,0.6498088836669922,1.0466289520263672
10,42,196,186,kl,87.5,0.060000000000002274,0.3909350633621216,0.6568551659584045,1.086679458618164
10,42,197,187,kl,87.34,-0.1599999999999966,0.3888155221939087,0.6513506174087524,1.1132535934448242
10,42,198,188,ce,87.34,0.0,0.33904194831848145,0.6416239738464355,1.1472851037979126
10,42,199,189,kl,87.54,0.20000000000000284,0.39785027503967285,0.6669145226478577,1.0889132022857666
10,42,200,190,kl,87.34,-0.20000000000000284,0.3933427035808563,0.6668616533279419,1.098191261291504
10,42,201,191,kl,87.84,0.5,0.4153212904930115,0.6748733520507812,1.087700366973877
10,42,202,192,kl,87.66,-0.18000000000000682,0.38260897994041443,0.662979006767273,1.1056182384490967
10,42,203,193,kl,87.78,0.12000000000000455,0.3961906433105469,0.6667545437812805,1.0833120346069336
10,42,204,194,kl,87.44,-0.3400000000000034,0.40959709882736206,0.6720734238624573,1.093177318572998
10,42,205,195,kl,87.5,0.060000000000002274,0.39949312806129456,0.6633967161178589,1.1049299240112305
10,42,206,196,kl,87.24,-0.2600000000000051,0.38834232091903687,0.6660903096199036,1.090719223022461
10,42,207,197,kl,87.48,0.2400000000000091,0.39111050963401794,0.6678973436355591,1.1165657043457031
10,42,208,198,kl,87.64,0.1599999999999966,0.37996000051498413,0.6606041789054871,1.1126713752746582
10,42,209,199,ce,87.36,-0.28000000000000114,0.3229074776172638,0.6505641937255859,1.153196096420288
10,42,210,200,kl,87.68,0.3200000000000074,0.38004717230796814,0.6688858866691589,1.1115446090698242
10,42,211,201,kl,87.42,-0.2600000000000051,0.3820060193538666,0.6680333614349365,1.094090461730957
10,42,212,202,kl,87.52,0.09999999999999432,0.35929417610168457,0.6583707928657532,1.1058416366577148
10,42,213,203,kl,87.54,0.020000000000010232,0.40930455923080444,0.6807342171669006,1.0797520875930786
10,42,214,204,kl,87.64,0.09999999999999432,0.4121887683868408,0.6832080483436584,1.171389102935791
10,42,215,205,kl,87.66,0.01999999999999602,0.384360134601593,0.6727423071861267,1.1426775455474854
10,42,216,206,kl,87.66,0.0,0.393123060464859,0.6803725361824036,1.1602299213409424
10,42,217,207,kl,87.46,-0.20000000000000284,0.38259124755859375,0.6704985499382019,1.1060330867767334
10,42,218,208,kl,87.6,0.14000000000000057,0.4089818596839905,0.6860039830207825,1.146430253982544
10,42,219,209,kl,87.7,0.10000000000000853,0.40574023127555847,0.6821222901344299,1.140012502670288
10,42,220,210,ce,87.54,-0.1599999999999966,0.353692889213562,0.6717893481254578,1.232521414756775
10,456,1,-9,kl,34.02,24.340000000000003,0.6672551035881042,0.9199263453483582,1.538153052330017
10,456,2,-8,kl,43.52,9.5,0.5648211240768433,0.6520738005638123,1.0232738256454468
10,456,3,-7,kl,51.06,7.539999999999999,0.5655927658081055,0.5874127745628357,1.3577300310134888
10,456,4,-6,kl,59.54,8.479999999999997,0.39772674441337585,0.4539373517036438,1.0666061639785767
10,456,5,-5,kl,62.68,3.1400000000000006,0.31563040614128113,0.4215078055858612,0.9327003359794617
10,456,6,-4,kl,69.32,6.6399999999999935,0.3071187138557434,0.425400972366333,0.931264340877533
10,456,7,-3,kl,69.18,-0.13999999999998636,0.6339848637580872,0.46733543276786804,0.9166303873062134
10,456,8,-2,kl,72.08,2.8999999999999915,0.6535918116569519,0.4935726523399353,0.8126869797706604
10,456,9,-1,kl,72.56,0.480000000000004,0.7384891510009766,0.5319523811340332,1.139670491218567
10,456,10,0,kl,72.9,0.3400000000000034,0.7580650448799133,0.555126965045929,1.4753433465957642
10,456,11,1,ce,77.64,4.739999999999995,0.25139379501342773,0.28581854701042175,1.732918381690979
10,456,12,2,kl,72.4,-5.239999999999995,0.7506388425827026,0.5536015033721924,1.038743495941162
10,456,13,3,kl,75.9,3.5,0.6491304636001587,0.5129069685935974,0.8792172074317932
10,456,14,4,kl,75.42,-0.480000000000004,0.5138760805130005,0.48981910943984985,1.1284780502319336
10,456,15,5,kl,77.24,1.8199999999999932,0.5067101716995239,0.39564990997314453,0.9432399272918701
10,456,16,6,kl,77.36,0.12000000000000455,0.6841353178024292,0.4675702154636383,1.1618478298187256
10,456,17,7,kl,78.38,1.019999999999996,0.4608989655971527,0.4316357374191284,0.9748471975326538
10,456,18,8,kl,76.64,-1.7399999999999949,0.7142320871353149,0.5125129818916321,0.9378897547721863
10,456,19,9,kl,77.24,0.5999999999999943,0.6827170252799988,0.5266706943511963,1.0500798225402832
10,456,20,10,kl,75.74,-1.5,0.7671658992767334,0.5653192400932312,1.1192823648452759
10,456,21,11,kl,78.92,3.180000000000007,0.5926351547241211,0.4433620870113373,0.9086627960205078
10,456,22,12,ce,80.32,1.3999999999999915,0.11931167542934418,0.3142440617084503,1.457173466682434
10,456,23,13,kl,77.96,-2.3599999999999994,0.6240622997283936,0.4732702076435089,1.0186666250228882
10,456,24,14,kl,78.84,0.8800000000000097,0.4342374801635742,0.40448519587516785,0.8673781156539917
10,456,25,15,kl,79.28,0.4399999999999977,0.6630314588546753,0.5079583525657654,1.0110621452331543
10,456,26,16,kl,80.06,0.7800000000000011,0.27241456508636475,0.3944927752017975,0.836162269115448
10,456,27,17,kl,77.0,-3.0600000000000023,0.7080723643302917,0.5306850671768188,0.9615046381950378
10,456,28,18,kl,78.62,1.6200000000000045,0.5403510332107544,0.44173845648765564,0.7726632356643677
10,456,29,19,kl,79.32,0.6999999999999886,0.7076784372329712,0.5175155997276306,0.9380764365196228
10,456,30,20,kl,80.62,1.3000000000000114,0.7227071523666382,0.5264060497283936,0.9510816931724548
10,456,31,21,kl,80.16,-0.46000000000000796,0.5657947659492493,0.45030486583709717,0.9177407026290894
10,456,32,22,kl,78.82,-1.3400000000000034,0.6616529226303101,0.5492845177650452,1.0394419431686401
10,456,33,23,ce,82.06,3.240000000000009,0.1905270665884018,0.29944971203804016,1.6778874397277832
10,456,34,24,kl,78.86,-3.200000000000003,0.6395166516304016,0.5149874091148376,1.0669053792953491
10,456,35,25,kl,79.8,0.9399999999999977,0.6574212908744812,0.5064775347709656,1.093172550201416
10,456,36,26,kl,79.26,-0.539999999999992,0.6972944736480713,0.5456836819648743,0.9889565706253052
10,456,37,27,kl,81.14,1.8799999999999955,0.564545750617981,0.45803341269493103,0.8831684589385986
10,456,38,28,kl,78.48,-2.6599999999999966,0.5408225059509277,0.45841097831726074,0.8719867467880249
10,456,39,29,kl,79.66,1.1799999999999926,0.5512251853942871,0.48151591420173645,0.9255030751228333
10,456,40,30,kl,81.48,1.8200000000000074,0.4130668640136719,0.40053924918174744,0.6808693408966064
10,456,41,31,kl,81.04,-0.4399999999999977,0.5299546718597412,0.4586699903011322,0.8390382528305054
10,456,42,32,kl,79.24,-1.8000000000000114,0.6503446102142334,0.5201328992843628,0.9626699090003967
10,456,43,33,kl,82.32,3.0799999999999983,0.6166824102401733,0.5268203020095825,0.9911633133888245
10,456,44,34,ce,81.4,-0.9199999999999875,0.17402499914169312,0.31865108013153076,1.3744968175888062
10,456,45,35,kl,80.16,-1.240000000000009,0.565312385559082,0.5006471872329712,1.1009900569915771
10,456,46,36,kl,82.12,1.960000000000008,0.6393576264381409,0.4864223301410675,0.9049727916717529
10,456,47,37,kl,79.44,-2.680000000000007,0.590591311454773,0.522124171257019,1.1176310777664185
10,456,48,38,kl,80.94,1.5,0.6196607351303101,0.5275800228118896,0.9324174523353577
10,456,49,39,kl,82.08,1.1400000000000006,0.4800845682621002,0.4293106496334076,0.850278377532959
10,456,50,40,kl,81.2,-0.8799999999999955,0.5857436656951904,0.4734441936016083,0.7824863791465759
10,456,51,41,kl,79.82,-1.3800000000000097,0.6782872080802917,0.5432232618331909,1.1788114309310913
10,456,52,42,kl,81.36,1.5400000000000063,0.508776068687439,0.4438547194004059,0.8702874183654785
10,456,53,43,kl,80.9,-0.45999999999999375,0.5722514390945435,0.46733558177948,0.8567629456520081
10,456,54,44,kl,82.8,1.8999999999999915,0.5726522207260132,0.4592299461364746,0.6798465847969055
10,456,55,45,ce,82.76,-0.03999999999999204,0.2307576686143875,0.3027075231075287,1.561139702796936
10,456,56,46,kl,80.2,-2.5600000000000023,0.6487891674041748,0.5146821141242981,0.84036785364151
10,456,57,47,kl,81.04,0.8400000000000034,0.6001336574554443,0.5004951357841492,0.8011922836303711
10,456,58,48,kl,80.72,-0.3200000000000074,0.4913506507873535,0.48831698298454285,0.9904463291168213
10,456,59,49,kl,81.94,1.2199999999999989,0.5856575965881348,0.48443254828453064,0.9174847602844238
10,456,60,50,kl,82.14,0.20000000000000284,0.48938456177711487,0.42578065395355225,0.7741432785987854
10,456,61,51,kl,81.0,-1.1400000000000006,0.7318474054336548,0.5441238880157471,1.0827884674072266
10,456,62,52,kl,81.66,0.6599999999999966,0.5136429667472839,0.4580070674419403,0.8639378547668457
10,456,63,53,kl,81.76,0.10000000000000853,0.7294341325759888,0.5486360192298889,0.9707454442977905
10,456,64,54,kl,80.2,-1.5600000000000023,0.5102190375328064,0.44073593616485596,0.897003173828125
10,456,65,55,kl,80.46,0.2599999999999909,0.6346429586410522,0.5004303455352783,1.0321195125579834
10,456,66,56,ce,81.58,1.1200000000000045,0.2581634223461151,0.3686297535896301,1.4584619998931885
10,456,67,57,kl,80.42,-1.1599999999999966,0.671210765838623,0.5379785299301147,0.9440412521362305
10,456,68,58,kl,80.54,0.12000000000000455,0.538881778717041,0.47153809666633606,0.8854540586471558
10,456,69,59,kl,80.68,0.14000000000000057,0.529350757598877,0.44264480471611023,0.8627620935440063
10,456,70,60,kl,81.5,0.8199999999999932,0.4893900752067566,0.46769070625305176,0.9213608503341675
10,456,71,61,kl,81.88,0.37999999999999545,0.6299789547920227,0.4838724136352539,0.9071779847145081
10,456,72,62,kl,82.72,0.8400000000000034,0.6879040002822876,0.5299296379089355,1.0887203216552734
10,456,73,63,kl,81.98,-0.7399999999999949,0.6443694829940796,0.4932689964771271,0.8732711672782898
10,456,74,64,kl,83.1,1.1199999999999903,0.5417412519454956,0.4529513120651245,0.8548018932342529
10,456,75,65,kl,81.56,-1.539999999999992,0.7272062301635742,0.5548177361488342,0.9704539179801941
10,456,76,66,kl,81.16,-0.4000000000000057,0.6849410533905029,0.5228110551834106,0.8757046461105347
10,456,77,67,ce,82.46,1.2999999999999972,0.24840548634529114,0.33230748772621155,1.6635500192642212
10,456,78,68,kl,81.42,-1.039999999999992,0.6546737551689148,0.5409084558486938,0.8886414170265198
10,456,79,69,kl,81.48,0.060000000000002274,0.5902056097984314,0.5017620921134949,0.896091878414154
10,456,80,70,kl,81.8,0.3199999999999932,0.5333877801895142,0.44783058762550354,0.8073263764381409
10,456,81,71,kl,81.66,-0.14000000000000057,0.6915353536605835,0.516838550567627,0.9924103021621704
10,456,82,72,kl,81.78,0.12000000000000455,0.5350238680839539,0.46822428703308105,0.8999676704406738
10,456,83,73,kl,81.94,0.1599999999999966,0.5122710466384888,0.465922087430954,0.8015204071998596
10,456,84,74,kl,81.48,-0.45999999999999375,0.6569461822509766,0.4882832169532776,0.9983343482017517
10,456,85,75,kl,81.14,-0.3400000000000034,0.3918635845184326,0.46772855520248413,0.9062817692756653
10,456,86,76,kl,82.62,1.480000000000004,0.493044912815094,0.40585851669311523,0.7973963022232056
10,456,87,77,kl,82.88,0.2599999999999909,0.437852144241333,0.4061405062675476,0.7634434103965759
10,456,88,78,ce,81.88,-1.0,0.2848711609840393,0.32958921790122986,1.80893075466156
10,456,89,79,kl,79.76,-2.1199999999999903,0.6285748481750488,0.5415370464324951,1.0135465860366821
10,456,90,80,kl,80.86,1.0999999999999943,0.6377289891242981,0.4780041575431824,0.9320843815803528
10,456,91,81,kl,81.58,0.7199999999999989,0.4863283634185791,0.46144768595695496,0.8246576189994812
10,456,92,82,kl,79.24,-2.3400000000000034,0.5570845603942871,0.545356035232544,1.0548105239868164
10,456,93,83,kl,82.3,3.0600000000000023,0.5408466458320618,0.4616430997848511,0.8528987169265747
10,456,94,84,kl,81.96,-0.3400000000000034,0.6379666328430176,0.486053466796875,0.9132020473480225
10,456,95,85,kl,80.98,-0.9799999999999898,0.5471890568733215,0.4799945652484894,0.8362788558006287
10,456,96,86,kl,81.38,0.3999999999999915,0.6534284353256226,0.4940580427646637,0.8013110160827637
10,456,97,87,kl,82.9,1.5200000000000102,0.4357987642288208,0.4463682770729065,0.8369198441505432
10,456,98,88,kl,81.74,-1.1600000000000108,0.699566125869751,0.504409909248352,0.9933546781539917
10,456,99,89,ce,82.36,0.6200000000000045,0.164344921708107,0.34459054470062256,1.4836140871047974
10,456,100,90,kl,82.02,-0.3400000000000034,0.46264326572418213,0.44551607966423035,0.8058506846427917
10,456,101,91,kl,82.76,0.7400000000000091,0.5143272280693054,0.4357905983924866,0.7661793828010559
10,456,102,92,kl,81.92,-0.8400000000000034,0.6653295755386353,0.5242718458175659,0.9997212290763855
10,456,103,93,kl,81.42,-0.5,0.5573008060455322,0.46432146430015564,0.9165065884590149
10,456,104,94,kl,81.82,0.3999999999999915,0.5949952006340027,0.5336073040962219,1.2193654775619507
10,456,105,95,kl,81.66,-0.1599999999999966,0.4940818250179291,0.4403590261936188,0.9431034922599792
10,456,106,96,kl,79.96,-1.7000000000000028,0.787459135055542,0.602626383304596,1.3499796390533447
10,456,107,97,kl,80.94,0.980000000000004,0.7283329963684082,0.5571284890174866,1.0287858247756958
10,456,108,98,kl,82.74,1.7999999999999972,0.5183829069137573,0.47727829217910767,0.8117407560348511
10,456,109,99,kl,81.88,-0.8599999999999994,0.5019223093986511,0.46584615111351013,0.9029244780540466
10,456,110,100,ce,82.42,0.5400000000000063,0.29584991931915283,0.37807801365852356,1.5271703004837036
10,456,111,101,kl,81.38,-1.0400000000000063,0.5831196308135986,0.5187456607818604,0.9569653272628784
10,456,112,102,kl,80.36,-1.019999999999996,0.6261236667633057,0.5420563817024231,1.2199026346206665
10,456,113,103,kl,80.64,0.28000000000000114,0.647883415222168,0.5488802790641785,1.0730044841766357
10,456,114,104,kl,81.38,0.7399999999999949,0.3819499611854553,0.46433138847351074,0.8189006447792053
10,456,115,105,kl,83.44,2.0600000000000023,0.5274288654327393,0.4671393930912018,0.96138995885849
10,456,116,106,kl,81.84,-1.5999999999999943,0.6677261590957642,0.48187777400016785,1.0769708156585693
10,456,117,107,kl,81.02,-0.8200000000000074,0.41137808561325073,0.4633786380290985,0.9087736010551453
10,456,118,108,kl,82.82,1.7999999999999972,0.550203800201416,0.4248773157596588,0.7528237104415894
10,456,119,109,kl,82.58,-0.23999999999999488,0.5339375734329224,0.4430396556854248,0.8166849613189697
10,456,120,110,kl,81.66,-0.9200000000000017,0.6679543256759644,0.5314079523086548,0.9837908744812012
10,456,121,111,ce,81.74,0.0799999999999983,0.30608972907066345,0.4077339172363281,1.6507139205932617
10,456,122,112,kl,85.42,3.680000000000007,0.4222278296947479,0.42095649242401123,0.6135373115539551
10,456,123,113,kl,85.66,0.23999999999999488,0.46128809452056885,0.42975762486457825,0.6268260478973389
10,456,124,114,kl,85.78,0.12000000000000455,0.4588271975517273,0.4286263585090637,0.6362271904945374
10,456,125,115,kl,86.22,0.4399999999999977,0.38644343614578247,0.4187171757221222,0.6095747351646423
10,456,126,116,kl,86.1,-0.12000000000000455,0.2981049418449402,0.3968259394168854,0.5976765155792236
10,456,127,117,kl,85.78,-0.3199999999999932,0.3041033446788788,0.4061206579208374,0.5462843179702759
10,456,128,118,kl,86.2,0.4200000000000017,0.32000380754470825,0.4091925024986267,0.6397632956504822
10,456,129,119,kl,86.24,0.03999999999999204,0.4138733148574829,0.42823153734207153,0.5901209712028503
10,456,130,120,kl,86.04,-0.19999999999998863,0.3753269612789154,0.4244983494281769,0.6012033224105835
10,456,131,121,kl,86.46,0.4199999999999875,0.33799853920936584,0.4250081181526184,0.6103900671005249
10,456,132,122,ce,86.2,-0.2599999999999909,0.1539379358291626,0.3845619261264801,0.9168165922164917
10,456,133,123,kl,86.24,0.03999999999999204,0.41351714730262756,0.43789538741111755,0.6101588010787964
10,456,134,124,kl,86.24,0.0,0.394972026348114,0.4486195147037506,0.6915448307991028
10,456,135,125,kl,86.26,0.020000000000010232,0.3459904193878174,0.44359707832336426,0.6671375632286072
10,456,136,126,kl,86.5,0.23999999999999488,0.38590747117996216,0.45640018582344055,0.6860859990119934
10,456,137,127,kl,86.34,-0.1599999999999966,0.39352816343307495,0.4537506103515625,0.6544137597084045
10,456,138,128,kl,86.46,0.11999999999999034,0.29395854473114014,0.436653196811676,0.6868738532066345
10,456,139,129,kl,86.08,-0.37999999999999545,0.428547203540802,0.4641152024269104,0.6797838807106018
10,456,140,130,kl,86.66,0.5799999999999983,0.40434664487838745,0.45176249742507935,0.6560434103012085
10,456,141,131,kl,85.98,-0.6799999999999926,0.43884921073913574,0.48080748319625854,0.7486861348152161
10,456,142,132,kl,86.46,0.47999999999998977,0.4392342269420624,0.47014907002449036,0.7619021534919739
10,456,143,133,ce,86.74,0.28000000000000114,0.24337884783744812,0.43330761790275574,1.0178476572036743
10,456,144,134,kl,86.48,-0.2599999999999909,0.41545116901397705,0.48705747723579407,0.770134449005127
10,456,145,135,kl,86.14,-0.3400000000000034,0.45601585507392883,0.49127519130706787,0.7659927010536194
10,456,146,136,kl,86.74,0.5999999999999943,0.4125363230705261,0.5002797842025757,0.6967663764953613
10,456,147,137,kl,86.24,-0.5,0.36346936225891113,0.5002275705337524,0.7445957064628601
10,456,148,138,kl,86.4,0.1600000000000108,0.3823031783103943,0.48999643325805664,0.6961117386817932
10,456,149,139,kl,86.48,0.0799999999999983,0.42553994059562683,0.5164704918861389,0.8101765513420105
10,456,150,140,kl,86.64,0.1599999999999966,0.40917083621025085,0.5061565637588501,0.7198679447174072
10,456,151,141,kl,86.74,0.09999999999999432,0.3878440856933594,0.5079821348190308,0.8214249014854431
10,456,152,142,kl,86.82,0.0799999999999983,0.40737178921699524,0.5160183906555176,0.8137539029121399
10,456,153,143,kl,86.48,-0.3399999999999892,0.3693122863769531,0.5031870603561401,0.7482109665870667
10,456,154,144,ce,87.04,0.5600000000000023,0.24394822120666504,0.4912711977958679,1.0730148553848267
10,456,155,145,kl,86.56,-0.480000000000004,0.39750534296035767,0.5264127254486084,0.7482196688652039
10,456,156,146,kl,86.64,0.0799999999999983,0.38913214206695557,0.5156148672103882,0.8083621859550476
10,456,157,147,kl,86.7,0.060000000000002274,0.39264118671417236,0.5230072736740112,0.771222710609436
10,456,158,148,kl,86.72,0.01999999999999602,0.4120721220970154,0.5318150520324707,0.810311496257782
10,456,159,149,kl,86.82,0.09999999999999432,0.3963981568813324,0.5336095094680786,0.7678001523017883
10,456,160,150,kl,86.62,-0.19999999999998863,0.3849067986011505,0.5292679667472839,0.8071147203445435
10,456,161,151,kl,86.42,-0.20000000000000284,0.3843887448310852,0.5303896069526672,0.8065516352653503
10,456,162,152,kl,86.68,0.2600000000000051,0.42239490151405334,0.5615346431732178,0.8319879770278931
10,456,163,153,kl,86.92,0.23999999999999488,0.47891101241111755,0.5821919441223145,0.9109335541725159
10,456,164,154,kl,87.0,0.0799999999999983,0.3890331983566284,0.5401208400726318,0.8312613368034363
10,456,165,155,ce,86.5,-0.5,0.22617508471012115,0.5302916765213013,0.9891100525856018
10,456,166,156,kl,86.74,0.23999999999999488,0.3575776219367981,0.5424690246582031,0.7999676465988159
10,456,167,157,kl,86.46,-0.28000000000000114,0.381602942943573,0.570122480392456,0.8583714365959167
10,456,168,158,kl,87.02,0.5600000000000023,0.4348801076412201,0.5799097418785095,0.8907009363174438
10,456,169,159,kl,86.78,-0.23999999999999488,0.40504392981529236,0.5752295851707458,0.8791773319244385
10,456,170,160,kl,86.96,0.1799999999999926,0.39650118350982666,0.5815122723579407,0.8651692867279053
10,456,171,161,kl,86.4,-0.5599999999999881,0.49627041816711426,0.6236698031425476,0.9240930080413818
10,456,172,162,kl,86.84,0.4399999999999977,0.482077032327652,0.6250019669532776,0.9995408058166504
10,456,173,163,kl,86.58,-0.2600000000000051,0.37456297874450684,0.5803864598274231,0.928493320941925
10,456,174,164,kl,86.86,0.28000000000000114,0.40972989797592163,0.5879299640655518,0.992404580116272
10,456,175,165,kl,86.58,-0.28000000000000114,0.4436185657978058,0.618156373500824,0.9198475480079651
10,456,176,166,ce,86.74,0.1599999999999966,0.35592713952064514,0.6104047298431396,1.1996684074401855
10,456,177,167,kl,86.86,0.12000000000000455,0.40910887718200684,0.6124067902565002,0.9052075743675232
10,456,178,168,kl,86.66,-0.20000000000000284,0.41096407175064087,0.6084810495376587,0.8866981267929077
10,456,179,169,kl,86.74,0.0799999999999983,0.42066147923469543,0.6109495162963867,0.9052548408508301
10,456,180,170,kl,87.14,0.4000000000000057,0.39959609508514404,0.5993399024009705,0.8894580602645874
10,456,181,171,kl,86.52,-0.6200000000000045,0.399847149848938,0.6067671179771423,0.9236965775489807
10,456,182,172,kl,86.7,0.18000000000000682,0.3982452154159546,0.6056941151618958,0.9035452604293823
10,456,183,173,kl,86.9,0.20000000000000284,0.4207582473754883,0.6138004660606384,0.8909608125686646
10,456,184,174,kl,87.0,0.09999999999999432,0.40775901079177856,0.6112474799156189,0.9156098961830139
10,456,185,175,kl,86.76,-0.23999999999999488,0.4186999797821045,0.617100715637207,0.9149907827377319
10,456,186,176,kl,86.86,0.09999999999999432,0.4182369112968445,0.6167392730712891,0.8985396027565002
10,456,187,177,ce,87.18,0.3200000000000074,0.3177351951599121,0.5857720375061035,0.9712432622909546
10,456,188,178,kl,86.82,-0.36000000000001364,0.4107542634010315,0.6181641817092896,0.897885262966156
10,456,189,179,kl,86.82,0.0,0.4051770269870758,0.6181371808052063,0.9098839163780212
10,456,190,180,kl,87.22,0.4000000000000057,0.39448803663253784,0.6158131957054138,0.9036849141120911
10,456,191,181,kl,87.04,-0.1799999999999926,0.3904041349887848,0.6133596897125244,0.9331637620925903
10,456,192,182,kl,86.76,-0.28000000000000114,0.41129109263420105,0.6194325685501099,0.9173082113265991
10,456,193,183,kl,86.72,-0.04000000000000625,0.40806347131729126,0.6126136779785156,0.9065569043159485
10,456,194,184,kl,87.24,0.519999999999996,0.40938177704811096,0.6170699596405029,0.8938753008842468
10,456,195,185,kl,87.04,-0.19999999999998863,0.4187469780445099,0.6212224960327148,0.932365894317627
10,456,196,186,kl,86.88,-0.1600000000000108,0.40763822197914124,0.622171938419342,0.9127311706542969
10,456,197,187,kl,87.18,0.30000000000001137,0.3983705937862396,0.6190024018287659,0.9118993282318115
10,456,198,188,ce,87.2,0.01999999999999602,0.30632585287094116,0.5983547568321228,0.9690639972686768
10,456,199,189,kl,86.78,-0.4200000000000017,0.4094054698944092,0.6274869441986084,0.920012891292572
10,456,200,190,kl,86.98,0.20000000000000284,0.39944136142730713,0.6306387186050415,0.9439668655395508
10,456,201,191,kl,86.98,0.0,0.37939393520355225,0.6182727217674255,0.9381092190742493
10,456,202,192,kl,87.02,0.03999999999999204,0.4075447916984558,0.628063976764679,0.933543860912323
10,456,203,193,kl,86.78,-0.23999999999999488,0.3932880461215973,0.6224270462989807,0.9203363656997681
10,456,204,194,kl,86.96,0.1799999999999926,0.39015862345695496,0.621955931186676,0.9457278251647949
10,456,205,195,kl,87.02,0.060000000000002274,0.4127424657344818,0.6314523220062256,0.9476252198219299
10,456,206,196,kl,86.78,-0.23999999999999488,0.38633817434310913,0.6227633357048035,0.9264942407608032
10,456,207,197,kl,87.04,0.2600000000000051,0.41428041458129883,0.6308323740959167,0.9498539566993713
10,456,208,198,kl,86.86,-0.18000000000000682,0.419342577457428,0.6350633502006531,0.9568013548851013
10,456,209,199,ce,87.2,0.3400000000000034,0.32771608233451843,0.6100425720214844,0.971718430519104
10,456,210,200,kl,86.9,-0.29999999999999716,0.4147159457206726,0.6333928108215332,0.9528220295906067
10,456,211,201,kl,86.88,-0.020000000000010232,0.39297378063201904,0.625481367111206,0.9125435948371887
10,456,212,202,kl,86.94,0.060000000000002274,0.42671850323677063,0.6382337212562561,0.9750291109085083
10,456,213,203,kl,86.92,-0.01999999999999602,0.4202900528907776,0.6415383219718933,0.9585373401641846
10,456,214,204,kl,87.2,0.28000000000000114,0.3961474597454071,0.6268149018287659,0.9466496706008911
10,456,215,205,kl,87.02,-0.18000000000000682,0.40837401151657104,0.6379439234733582,0.9521592855453491
10,456,216,206,kl,87.12,0.10000000000000853,0.3993626832962036,0.6343325972557068,0.965211808681488
10,456,217,207,kl,86.94,-0.18000000000000682,0.39864617586135864,0.6334254741668701,0.9658522009849548
10,456,218,208,kl,86.84,-0.09999999999999432,0.4070991277694702,0.6391679644584656,0.9868683218955994
10,456,219,209,kl,86.7,-0.14000000000000057,0.42766645550727844,0.6490835547447205,0.9500250220298767
10,456,220,210,ce,87.12,0.4200000000000017,0.3360964059829712,0.6195593476295471,1.014827013015747
10,789,1,-9,kl,15.42,6.039999999999999,0.7817518711090088,1.2933094501495361,2.6583058834075928
10,789,2,-8,kl,40.08,24.659999999999997,0.16882717609405518,0.5485314130783081,1.0283678770065308
10,789,3,-7,kl,42.2,2.1200000000000045,0.7114745378494263,0.741256594657898,1.428253412246704
10,789,4,-6,kl,55.92,13.719999999999999,0.7040022015571594,0.6439902782440186,1.347581148147583
10,789,5,-5,kl,61.9,5.979999999999997,0.5677129030227661,0.4637560248374939,0.9899030923843384
10,789,6,-4,kl,63.78,1.8800000000000026,0.6141518354415894,0.4748421907424927,1.1582804918289185
10,789,7,-3,kl,71.2,7.420000000000002,0.5796573758125305,0.46168819069862366,1.0549644231796265
10,789,8,-2,kl,70.7,-0.5,0.5381808280944824,0.43213847279548645,0.9935373067855835
10,789,9,-1,kl,72.56,1.8599999999999994,0.5775608420372009,0.4260537922382355,1.0251168012619019
10,789,10,0,kl,70.74,-1.8200000000000074,0.5718259215354919,0.47534969449043274,0.9047461748123169
10,789,11,1,ce,75.58,4.840000000000003,0.16056840121746063,0.2727629840373993,1.9095689058303833
10,789,12,2,kl,75.1,-0.480000000000004,0.53733891248703,0.40630054473876953,0.770628809928894
10,789,13,3,kl,74.3,-0.7999999999999972,0.4403366446495056,0.4719740152359009,1.1144754886627197
10,789,14,4,kl,76.06,1.7600000000000051,0.4088784456253052,0.39633819460868835,0.9126039743423462
10,789,15,5,kl,77.02,0.9599999999999937,0.4492728114128113,0.4091869592666626,1.0305521488189697
10,789,16,6,kl,75.3,-1.7199999999999989,0.5577363967895508,0.48943769931793213,1.3670800924301147
10,789,17,7,kl,76.02,0.7199999999999989,0.4963446259498596,0.43701741099357605,1.165683627128601
10,789,18,8,kl,77.08,1.0600000000000023,0.6959205865859985,0.44178932905197144,0.8939688205718994
10,789,19,9,kl,76.06,-1.019999999999996,0.6116763353347778,0.4672951400279999,0.9702531099319458
10,789,20,10,kl,78.1,2.039999999999992,0.47926023602485657,0.3857749104499817,0.8581655025482178
10,789,21,11,kl,77.84,-0.2599999999999909,0.6690412759780884,0.45040860772132874,0.9362947940826416
10,789,22,12,ce,80.14,2.299999999999997,0.17994511127471924,0.3054437041282654,1.6922179460525513
10,789,23,13,kl,78.9,-1.2399999999999949,0.3616836667060852,0.39055076241493225,0.9104751348495483
10,789,24,14,kl,78.02,-0.8800000000000097,0.6327180862426758,0.4713890254497528,1.0132213830947876
10,789,25,15,kl,77.8,-0.21999999999999886,0.5455752611160278,0.4753308892250061,1.380368947982788
10,789,26,16,kl,80.06,2.260000000000005,0.33998459577560425,0.3826998770236969,0.8925884962081909
10,789,27,17,kl,79.14,-0.9200000000000017,0.4493327736854553,0.3956649601459503,0.8090502619743347
10,789,28,18,kl,77.3,-1.8400000000000034,0.5658324956893921,0.434387743473053,1.0243189334869385
10,789,29,19,kl,77.72,0.4200000000000017,0.5903431177139282,0.4339275360107422,0.986699640750885
10,789,30,20,kl,79.78,2.0600000000000023,0.5177438259124756,0.44892042875289917,1.028220534324646
10,789,31,21,kl,81.02,1.2399999999999949,0.51107257604599,0.37405702471733093,0.7760537266731262
10,789,32,22,kl,79.72,-1.2999999999999972,0.3909251391887665,0.39683860540390015,0.9068870544433594
10,789,33,23,ce,79.1,-0.6200000000000045,0.32613492012023926,0.33487600088119507,1.706641435623169
10,789,34,24,kl,79.52,0.4200000000000017,0.6234174966812134,0.45647507905960083,1.0842409133911133
10,789,35,25,kl,80.88,1.3599999999999994,0.47700852155685425,0.43031442165374756,0.9410777688026428
10,789,36,26,kl,80.48,-0.3999999999999915,0.555640459060669,0.4540849030017853,0.8350942730903625
10,789,37,27,kl,79.22,-1.2600000000000051,0.7112829685211182,0.5033808350563049,1.144424557685852
10,789,38,28,kl,80.5,1.2800000000000011,0.716315746307373,0.5216646790504456,1.3602782487869263
10,789,39,29,kl,79.22,-1.2800000000000011,0.6415404081344604,0.5086421966552734,1.0334588289260864
10,789,40,30,kl,81.36,2.1400000000000006,0.5183379650115967,0.40420958399772644,0.9225639700889587
10,789,41,31,kl,79.3,-2.0600000000000023,0.3319495618343353,0.3853536546230316,0.9229451417922974
10,789,42,32,kl,80.84,1.5400000000000063,0.36540597677230835,0.3823454976081848,0.8089903593063354
10,789,43,33,kl,80.18,-0.6599999999999966,0.40478432178497314,0.4284706711769104,1.08344566822052
10,789,44,34,ce,80.2,0.01999999999999602,0.243055522441864,0.3427239954471588,1.6715065240859985
10,789,45,35,kl,80.36,0.1599999999999966,0.5197913646697998,0.4515635073184967,1.1036813259124756
10,789,46,36,kl,78.84,-1.519999999999996,0.6053043603897095,0.47058385610580444,1.0925060510635376
10,789,47,37,kl,80.72,1.8799999999999955,0.43231362104415894,0.40850329399108887,0.8750723004341125
10,789,48,38,kl,81.38,0.6599999999999966,0.5937219858169556,0.44043803215026855,0.9763848185539246
10,789,49,39,kl,81.08,-0.29999999999999716,0.5470026731491089,0.41270121932029724,0.8777603507041931
10,789,50,40,kl,79.4,-1.6799999999999926,0.5200712084770203,0.43468090891838074,0.999854564666748
10,789,51,41,kl,81.5,2.0999999999999943,0.6036706566810608,0.47196364402770996,0.9154735207557678
10,789,52,42,kl,80.48,-1.019999999999996,0.47289180755615234,0.3982509970664978,0.8324610590934753
10,789,53,43,kl,80.5,0.01999999999999602,0.4235597252845764,0.4030323624610901,0.7554274201393127
10,789,54,44,kl,81.1,0.5999999999999943,0.41427022218704224,0.38779643177986145,0.9755530953407288
10,789,55,45,ce,80.94,-0.1599999999999966,0.3028448820114136,0.2958987057209015,1.741997241973877
10,789,56,46,kl,79.4,-1.539999999999992,0.6923993825912476,0.5211354494094849,1.1280204057693481
10,789,57,47,kl,81.16,1.759999999999991,0.450718492269516,0.40085092186927795,0.9932422041893005
10,789,58,48,kl,81.0,-0.1599999999999966,0.433604896068573,0.40208783745765686,0.9689477682113647
10,789,59,49,kl,80.72,-0.28000000000000114,0.4474865794181824,0.36683937907218933,1.0618607997894287
10,789,60,50,kl,79.0,-1.7199999999999989,0.6392687559127808,0.47756657004356384,1.171394944190979
10,789,61,51,kl,80.36,1.3599999999999994,0.6287040710449219,0.5141598582267761,1.0036513805389404
10,789,62,52,kl,79.78,-0.5799999999999983,0.5528165698051453,0.4410771131515503,1.1660908460617065
10,789,63,53,kl,80.78,1.0,0.6219958066940308,0.4933653175830841,1.1706480979919434
10,789,64,54,kl,81.9,1.1200000000000045,0.4658350944519043,0.4110998809337616,0.8722059726715088
10,789,65,55,kl,79.82,-2.0800000000000125,0.5756514668464661,0.5115953087806702,1.1161466836929321
10,789,66,56,ce,79.48,-0.3399999999999892,0.3027395009994507,0.3522529602050781,1.7154756784439087
10,789,67,57,kl,81.58,2.0999999999999943,0.6037807464599609,0.4713784456253052,0.9217507839202881
10,789,68,58,kl,80.2,-1.3799999999999955,0.5201679468154907,0.45244935154914856,1.0385279655456543
10,789,69,59,kl,80.5,0.29999999999999716,0.581494927406311,0.5116528272628784,1.020814061164856
10,789,70,60,kl,80.68,0.18000000000000682,0.6654219627380371,0.5153363347053528,1.0562864542007446
10,789,71,61,kl,80.46,-0.22000000000001307,0.461033433675766,0.4332335889339447,1.0050482749938965
10,789,72,62,kl,81.9,1.440000000000012,0.41877514123916626,0.40518391132354736,0.8007234334945679
10,789,73,63,kl,81.86,-0.04000000000000625,0.59294193983078,0.47395938634872437,1.1001960039138794
10,789,74,64,kl,81.2,-0.6599999999999966,0.4392848610877991,0.40127691626548767,0.8272432088851929
10,789,75,65,kl,81.06,-0.14000000000000057,0.452170729637146,0.40562018752098083,1.0159170627593994
10,789,76,66,kl,80.3,-0.7600000000000051,0.47563880681991577,0.447919636964798,0.9805604815483093
10,789,77,67,ce,80.3,0.0,0.41902589797973633,0.404291570186615,1.6874116659164429
10,789,78,68,kl,81.48,1.1800000000000068,0.5962652564048767,0.4542873501777649,0.8824031949043274
10,789,79,69,kl,82.32,0.8399999999999892,0.5559699535369873,0.4137119650840759,0.7779669165611267
10,789,80,70,kl,80.84,-1.4799999999999898,0.6969971656799316,0.5346267819404602,1.2161178588867188
10,789,81,71,kl,81.9,1.0600000000000023,0.5739534497261047,0.45454439520835876,0.9262479543685913
10,789,82,72,kl,81.36,-0.5400000000000063,0.44216251373291016,0.4252447783946991,1.1340184211730957
10,789,83,73,kl,81.2,-0.1599999999999966,0.5425092577934265,0.4379103183746338,0.9909971952438354
10,789,84,74,kl,80.46,-0.7400000000000091,0.5515162944793701,0.46307501196861267,0.988325834274292
10,789,85,75,kl,81.14,0.6800000000000068,0.5064197778701782,0.40681692957878113,0.8826935887336731
10,789,86,76,kl,81.72,0.5799999999999983,0.6302874684333801,0.4991786777973175,1.0968292951583862
10,789,87,77,kl,82.34,0.6200000000000045,0.3973061442375183,0.4010709524154663,1.0383013486862183
10,789,88,78,ce,79.94,-2.4000000000000057,0.30319157242774963,0.3401411175727844,1.8315738439559937
10,789,89,79,kl,81.46,1.519999999999996,0.5239729881286621,0.4650166630744934,1.1791075468063354
10,789,90,80,kl,81.0,-0.45999999999999375,0.5325011014938354,0.44377273321151733,0.9260640144348145
10,789,91,81,kl,80.56,-0.4399999999999977,0.5595205426216125,0.4292251169681549,0.9699440598487854
10,789,92,82,kl,80.64,0.0799999999999983,0.5140230059623718,0.45048952102661133,1.1554640531539917
10,789,93,83,kl,81.1,0.45999999999999375,0.45303791761398315,0.4074997305870056,1.0761479139328003
10,789,94,84,kl,80.9,-0.19999999999998863,0.448140949010849,0.41189175844192505,0.8840435147285461
10,789,95,85,kl,80.98,0.0799999999999983,0.5220500826835632,0.4391671121120453,1.0260504484176636
10,789,96,86,kl,81.02,0.03999999999999204,0.5964133739471436,0.4912755787372589,0.9491434693336487
10,789,97,87,kl,79.78,-1.2399999999999949,0.5561329126358032,0.4396373927593231,0.917810320854187
10,789,98,88,kl,81.22,1.4399999999999977,0.6252995133399963,0.4792046844959259,1.0767585039138794
10,789,99,89,ce,79.66,-1.5600000000000023,0.4075545072555542,0.38986605405807495,1.6800283193588257
10,789,100,90,kl,80.62,0.960000000000008,0.5604931116104126,0.471456378698349,1.0955008268356323
10,789,101,91,kl,81.88,1.259999999999991,0.6295372247695923,0.542301595211029,1.132915735244751
10,789,102,92,kl,79.72,-2.1599999999999966,0.48955750465393066,0.45811715722084045,1.3025566339492798
10,789,103,93,kl,80.98,1.2600000000000051,0.5936620235443115,0.4973999261856079,1.0943784713745117
10,789,104,94,kl,82.42,1.4399999999999977,0.48369741439819336,0.42086440324783325,0.9538227319717407
10,789,105,95,kl,80.06,-2.3599999999999994,0.45155462622642517,0.4294847249984741,1.1104387044906616
10,789,106,96,kl,82.84,2.780000000000001,0.391335129737854,0.39567410945892334,0.9491093754768372
10,789,107,97,kl,82.68,-0.1599999999999966,0.5920378565788269,0.4621714949607849,1.1039841175079346
10,789,108,98,kl,82.14,-0.5400000000000063,0.5513501167297363,0.4541704058647156,0.9932674169540405
10,789,109,99,kl,82.32,0.1799999999999926,0.5888835191726685,0.4511769711971283,0.7454155087471008
10,789,110,100,ce,80.18,-2.1399999999999864,0.32384857535362244,0.37298670411109924,1.7025694847106934
10,789,111,101,kl,81.22,1.039999999999992,0.5503545999526978,0.44250157475471497,0.8194537162780762
10,789,112,102,kl,78.32,-2.9000000000000057,0.5442662835121155,0.4945749044418335,1.1958835124969482
10,789,113,103,kl,81.1,2.780000000000001,0.5566467642784119,0.4393131732940674,0.7968361973762512
10,789,114,104,kl,82.24,1.1400000000000006,0.47101372480392456,0.40106773376464844,0.9406700730323792
10,789,115,105,kl,81.54,-0.6999999999999886,0.43087220191955566,0.40276992321014404,0.9032459855079651
10,789,116,106,kl,81.06,-0.480000000000004,0.4728246331214905,0.4338814616203308,0.9924338459968567
10,789,117,107,kl,81.48,0.4200000000000017,0.38240277767181396,0.39704862236976624,1.0423040390014648
10,789,118,108,kl,79.78,-1.7000000000000028,0.5591446161270142,0.48075926303863525,1.0301685333251953
10,789,119,109,kl,81.74,1.9599999999999937,0.4188896417617798,0.3884662985801697,0.9339119791984558
10,789,120,110,kl,80.62,-1.1199999999999903,0.533073902130127,0.4603028893470764,1.0480256080627441
10,789,121,111,ce,80.4,-0.21999999999999886,0.331342875957489,0.37565404176712036,1.7347253561019897
10,789,122,112,kl,84.58,4.179999999999993,0.25494107604026794,0.35161373019218445,0.7545611262321472
10,789,123,113,kl,84.8,0.21999999999999886,0.3202870488166809,0.36996009945869446,0.7242576479911804
10,789,124,114,kl,84.9,0.10000000000000853,0.3074219822883606,0.37373867630958557,0.7466928958892822
10,789,125,115,kl,85.12,0.21999999999999886,0.2895126938819885,0.36372894048690796,0.685059130191803
10,789,126,116,kl,85.04,-0.0799999999999983,0.2812959849834442,0.37903377413749695,0.7353513836860657
10,789,127,117,kl,85.14,0.09999999999999432,0.33962732553482056,0.3997849225997925,0.7507746815681458
10,789,128,118,kl,84.98,-0.1599999999999966,0.3039952516555786,0.39147940278053284,0.7442182898521423
10,789,129,119,kl,85.12,0.14000000000000057,0.32662591338157654,0.4042557179927826,0.7593939304351807
10,789,130,120,kl,84.9,-0.21999999999999886,0.27962425351142883,0.39505597949028015,0.7885136008262634
10,789,131,121,kl,84.68,-0.21999999999999886,0.2973185181617737,0.3955528438091278,0.803428590297699
10,789,132,122,ce,85.66,0.9799999999999898,0.29189860820770264,0.39315903186798096,0.9596490263938904
10,789,133,123,kl,85.4,-0.2599999999999909,0.26442089676856995,0.3883650004863739,0.8169882297515869
10,789,134,124,kl,85.44,0.03999999999999204,0.3067806363105774,0.41092607378959656,0.8091483116149902
10,789,135,125,kl,85.16,-0.28000000000000114,0.31720998883247375,0.4164469242095947,0.7968651652336121
10,789,136,126,kl,85.26,0.10000000000000853,0.29293733835220337,0.41508471965789795,0.8077474236488342
10,789,137,127,kl,85.2,-0.060000000000002274,0.29110875725746155,0.4136353135108948,0.8608054518699646
10,789,138,128,kl,85.24,0.03999999999999204,0.23248650133609772,0.4108882546424866,0.8584160804748535
10,789,139,129,kl,85.14,-0.09999999999999432,0.3000786304473877,0.42619243264198303,0.8472592234611511
10,789,140,130,kl,84.88,-0.2600000000000051,0.3528979420661926,0.4413909614086151,0.9976668953895569
10,789,141,131,kl,85.06,0.18000000000000682,0.30386126041412354,0.43630197644233704,0.8136746287345886
10,789,142,132,kl,85.24,0.1799999999999926,0.2935980558395386,0.4317777454853058,0.8830249905586243
10,789,143,133,ce,85.18,-0.05999999999998806,0.3022152781486511,0.4536200165748596,1.0457587242126465
10,789,144,134,kl,85.22,0.03999999999999204,0.33457857370376587,0.45205003023147583,0.9604612588882446
10,789,145,135,kl,85.18,-0.03999999999999204,0.29647618532180786,0.45642605423927307,0.8962160348892212
10,789,146,136,kl,85.3,0.11999999999999034,0.2830103635787964,0.4488409161567688,0.8693475127220154
10,789,147,137,kl,85.0,-0.29999999999999716,0.35147008299827576,0.4748522937297821,0.9497688412666321
10,789,148,138,kl,85.02,0.01999999999999602,0.3359481394290924,0.47033900022506714,0.9653891324996948
10,789,149,139,kl,85.12,0.10000000000000853,0.33579614758491516,0.4808655083179474,0.9793408513069153
10,789,150,140,kl,84.92,-0.20000000000000284,0.3481888175010681,0.487578421831131,0.9503052234649658
10,789,151,141,kl,85.08,0.1599999999999966,0.34597861766815186,0.48182201385498047,1.0268045663833618
10,789,152,142,kl,85.34,0.2600000000000051,0.25067541003227234,0.4503123164176941,0.9886305928230286
10,789,153,143,kl,84.8,-0.5400000000000063,0.29037508368492126,0.4769607484340668,0.982120156288147
10,789,154,144,ce,85.38,0.5799999999999983,0.34673863649368286,0.5021277666091919,1.255850911140442
10,789,155,145,kl,85.04,-0.3399999999999892,0.3425464332103729,0.4956498444080353,1.0152302980422974
10,789,156,146,kl,85.32,0.2799999999999869,0.3078520596027374,0.4920831024646759,0.9966450333595276
10,789,157,147,kl,85.5,0.18000000000000682,0.32184290885925293,0.5047073364257812,1.0430045127868652
10,789,158,148,kl,84.94,-0.5600000000000023,0.43513771891593933,0.5504835844039917,1.0634735822677612
10,789,159,149,kl,85.0,0.060000000000002274,0.41744109988212585,0.5428628921508789,1.025307536125183
10,789,160,150,kl,85.0,0.0,0.36495494842529297,0.5352867841720581,0.9930538535118103
10,789,161,151,kl,84.9,-0.09999999999999432,0.3500062823295593,0.5359475016593933,0.9825022220611572
10,789,162,152,kl,85.28,0.37999999999999545,0.34145665168762207,0.5432530045509338,1.0063930749893188
10,789,163,153,kl,85.24,-0.04000000000000625,0.35627180337905884,0.5372774004936218,1.0183427333831787
10,789,164,154,kl,85.24,0.0,0.3552772104740143,0.5460842847824097,1.0614848136901855
10,789,165,155,ce,85.44,0.20000000000000284,0.40847691893577576,0.5685540437698364,1.259121298789978
10,789,166,156,kl,84.9,-0.539999999999992,0.3087473511695862,0.541266918182373,1.0353493690490723
10,789,167,157,kl,84.9,0.0,0.3829044699668884,0.5721591114997864,1.0762778520584106
10,789,168,158,kl,84.82,-0.0800000000000125,0.36233675479888916,0.5695520043373108,1.1296212673187256
10,789,169,159,kl,85.36,0.5400000000000063,0.40982285141944885,0.6000292897224426,1.1198374032974243
10,789,170,160,kl,84.86,-0.5,0.3971560299396515,0.6066929697990417,1.1339762210845947
10,789,171,161,kl,85.14,0.28000000000000114,0.39194634556770325,0.5969542860984802,1.0292928218841553
10,789,172,162,kl,85.0,-0.14000000000000057,0.34416109323501587,0.5921167731285095,1.1572357416152954
10,789,173,163,kl,85.1,0.09999999999999432,0.38686126470565796,0.6061702966690063,1.1077625751495361
10,789,174,164,kl,84.94,-0.1599999999999966,0.4037998914718628,0.5993068814277649,1.1203969717025757
10,789,175,165,kl,85.14,0.20000000000000284,0.3711055517196655,0.6049008369445801,1.1318589448928833
10,789,176,166,ce,85.44,0.29999999999999716,0.3209376633167267,0.5690478086471558,1.3919333219528198
10,789,177,167,kl,85.46,0.01999999999999602,0.33306142687797546,0.5929041504859924,1.1355171203613281
10,789,178,168,kl,85.58,0.12000000000000455,0.3266218900680542,0.5888053178787231,1.130590796470642
10,789,179,169,kl,85.46,-0.12000000000000455,0.32995328307151794,0.5871066451072693,1.1350231170654297
10,789,180,170,kl,85.66,0.20000000000000284,0.32935959100723267,0.590889036655426,1.1286104917526245
10,789,181,171,kl,85.42,-0.23999999999999488,0.33538156747817993,0.5955285429954529,1.16648530960083
10,789,182,172,kl,85.38,-0.04000000000000625,0.33254262804985046,0.5980069041252136,1.1739487648010254
10,789,183,173,kl,85.52,0.14000000000000057,0.3404008746147156,0.5982692837715149,1.1793522834777832
10,789,184,174,kl,85.24,-0.28000000000000114,0.3447622060775757,0.5984321236610413,1.1643375158309937
10,789,185,175,kl,85.54,0.30000000000001137,0.324735164642334,0.5941058993339539,1.1430599689483643
10,789,186,176,kl,85.52,-0.020000000000010232,0.33437180519104004,0.5954926609992981,1.1557307243347168
10,789,187,177,ce,85.42,-0.09999999999999432,0.362062931060791,0.6164413690567017,1.2174614667892456
10,789,188,178,kl,85.2,-0.21999999999999886,0.3476095497608185,0.6073090434074402,1.1830343008041382
10,789,189,179,kl,85.3,0.09999999999999432,0.3466361165046692,0.6050979495048523,1.173642873764038
10,789,190,180,kl,85.28,-0.01999999999999602,0.3383968472480774,0.6023375988006592,1.1550445556640625
10,789,191,181,kl,85.26,-0.01999999999999602,0.3323303461074829,0.6027294993400574,1.1893000602722168
10,789,192,182,kl,85.34,0.0799999999999983,0.34823453426361084,0.6063237190246582,1.1751517057418823
10,789,193,183,kl,85.36,0.01999999999999602,0.34357988834381104,0.6152627468109131,1.1831178665161133
10,789,194,184,kl,85.56,0.20000000000000284,0.34283748269081116,0.6054003834724426,1.1988526582717896
10,789,195,185,kl,85.22,-0.3400000000000034,0.34132787585258484,0.6066668033599854,1.2015165090560913
10,789,196,186,kl,85.14,-0.0799999999999983,0.34311747550964355,0.614509105682373,1.1921087503433228
10,789,197,187,kl,85.46,0.3199999999999932,0.35479041934013367,0.6149792671203613,1.1971684694290161
10,789,198,188,ce,85.52,0.060000000000002274,0.36173319816589355,0.6284493803977966,1.226137638092041
10,789,199,189,kl,85.3,-0.21999999999999886,0.3522685468196869,0.6185054183006287,1.213858723640442
10,789,200,190,kl,85.26,-0.03999999999999204,0.33210182189941406,0.6132658123970032,1.1968005895614624
10,789,201,191,kl,85.44,0.1799999999999926,0.3290904760360718,0.6145751476287842,1.1994092464447021
10,789,202,192,kl,85.36,-0.0799999999999983,0.3615347743034363,0.6267252564430237,1.229958415031433
10,789,203,193,kl,85.48,0.12000000000000455,0.36181193590164185,0.62783282995224,1.201399326324463
10,789,204,194,kl,85.42,-0.060000000000002274,0.3548269271850586,0.6247008442878723,1.2174978256225586
10,789,205,195,kl,85.32,-0.10000000000000853,0.3656386137008667,0.633188009262085,1.2220171689987183
10,789,206,196,kl,85.3,-0.01999999999999602,0.37036412954330444,0.63336580991745,1.1813240051269531
10,789,207,197,kl,85.34,0.04000000000000625,0.33421218395233154,0.6213108897209167,1.213510274887085
10,789,208,198,kl,85.42,0.0799999999999983,0.35656434297561646,0.6371785402297974,1.2397688627243042
10,789,209,199,ce,85.28,-0.14000000000000057,0.35798507928848267,0.6516790390014648,1.2687180042266846
10,789,210,200,kl,85.22,-0.060000000000002274,0.3464188575744629,0.6337242126464844,1.2616605758666992
10,789,211,201,kl,85.16,-0.060000000000002274,0.37106698751449585,0.6471791863441467,1.2773118019104004
10,789,212,202,kl,85.16,0.0,0.3492496609687805,0.6395837664604187,1.2258061170578003
10,789,213,203,kl,85.4,0.2400000000000091,0.3429611325263977,0.6404474377632141,1.2221735715866089
10,789,214,204,kl,85.08,-0.3200000000000074,0.332250714302063,0.6403791904449463,1.2165718078613281
10,789,215,205,kl,85.18,0.10000000000000853,0.3424919545650482,0.6377406716346741,1.2092230319976807
10,789,216,206,kl,85.24,0.05999999999998806,0.3610716462135315,0.6520782709121704,1.2743650674819946
10,789,217,207,kl,85.32,0.0799999999999983,0.3482434153556824,0.6419137716293335,1.2644342184066772
10,789,218,208,kl,85.24,-0.0799999999999983,0.35892653465270996,0.6541562676429749,1.2682136297225952
10,789,219,209,kl,85.18,-0.05999999999998806,0.3536800742149353,0.6535729169845581,1.2858105897903442
10,789,220,210,ce,85.14,-0.04000000000000625,0.34087100625038147,0.6615376472473145,1.2886407375335693
20,123,1,-19,kl,28.76,19.26,0.24815809726715088,0.766279399394989,1.4085204601287842
20,123,2,-18,kl,45.58,16.819999999999997,0.33681589365005493,0.5640391707420349,1.0933659076690674
20,123,3,-17,kl,47.7,2.1200000000000045,0.5572839975357056,0.6736159324645996,1.7950152158737183
20,123,4,-16,kl,58.38,10.68,0.553739607334137,0.5639604926109314,1.47633957862854
20,123,5,-15,kl,60.74,2.3599999999999994,0.33936312794685364,0.47205695509910583,1.281702995300293
20,123,6,-14,kl,65.52,4.779999999999994,0.3579123616218567,0.4568028450012207,1.138263463973999
20,123,7,-13,kl,69.34,3.8200000000000074,0.716596782207489,0.5217061042785645,1.183243989944458
20,123,8,-12,kl,71.94,2.5999999999999943,0.35095036029815674,0.38430705666542053,0.9933090806007385
20,123,9,-11,kl,70.84,-1.0999999999999943,0.6132403016090393,0.5134503245353699,1.3028626441955566
20,123,10,-10,kl,69.88,-0.960000000000008,0.6449888348579407,0.5224120020866394,1.1647151708602905
20,123,11,-9,kl,71.7,1.8200000000000074,0.5770930051803589,0.5078350901603699,1.2779450416564941
20,123,12,-8,kl,74.52,2.819999999999993,0.25114741921424866,0.3953630030155182,0.9721992611885071
20,123,13,-7,kl,75.32,0.7999999999999972,0.7108273506164551,0.5175135731697083,0.9627529978752136
20,123,14,-6,kl,74.12,-1.1999999999999886,0.6521415114402771,0.4513501822948456,0.8929886221885681
20,123,15,-5,kl,76.96,2.839999999999989,0.6936797499656677,0.4908312261104584,0.9900508522987366
20,123,16,-4,kl,76.36,-0.5999999999999943,0.5253432989120483,0.400453120470047,0.8373075127601624
20,123,17,-3,kl,75.02,-1.3400000000000034,0.6070766448974609,0.4977710545063019,1.0518932342529297
20,123,18,-2,kl,77.62,2.6000000000000085,0.6490989923477173,0.5029921531677246,1.1459777355194092
20,123,19,-1,kl,77.64,0.01999999999999602,0.6207571625709534,0.47942450642585754,1.131894588470459
20,123,20,0,kl,78.98,1.3400000000000034,0.5770043134689331,0.48261240124702454,1.024104118347168
20,123,21,1,ce,79.34,0.35999999999999943,0.16389092803001404,0.2831890881061554,1.9669374227523804
20,123,22,2,kl,78.38,-0.960000000000008,0.5439159870147705,0.4948921501636505,1.0134336948394775
20,123,23,3,kl,79.6,1.2199999999999989,0.42275238037109375,0.40380918979644775,0.8175057768821716
20,123,24,4,kl,77.96,-1.6400000000000006,0.6032830476760864,0.4795362651348114,0.9635478854179382
20,123,25,5,kl,78.44,0.480000000000004,0.5018680691719055,0.44613271951675415,0.9219849109649658
20,123,26,6,kl,79.54,1.1000000000000085,0.39523443579673767,0.3996083438396454,0.8587853312492371
20,123,27,7,kl,78.5,-1.0400000000000063,0.6107064485549927,0.4999869167804718,1.065933346748352
20,123,28,8,kl,79.38,0.8799999999999955,0.503329873085022,0.47313931584358215,0.9112340211868286
20,123,29,9,kl,78.16,-1.2199999999999989,0.6650636792182922,0.5140024423599243,1.0796550512313843
20,123,30,10,kl,78.84,0.6800000000000068,0.5325413942337036,0.4233788549900055,0.8639540076255798
20,123,31,11,kl,78.08,-0.7600000000000051,0.5406533479690552,0.47111332416534424,1.0891283750534058
20,123,32,12,kl,80.24,2.1599999999999966,0.4568159580230713,0.4405795633792877,0.7844949960708618
20,123,33,13,kl,76.66,-3.5799999999999983,0.6599112749099731,0.6149184107780457,1.2862329483032227
20,123,34,14,kl,80.44,3.780000000000001,0.49321112036705017,0.4302970767021179,0.7336609959602356
20,123,35,15,kl,79.62,-0.8199999999999932,0.5823012590408325,0.4790037274360657,1.0206716060638428
20,123,36,16,kl,80.42,0.7999999999999972,0.6152782440185547,0.45521026849746704,0.8004792332649231
20,123,37,17,kl,80.44,0.01999999999999602,0.5636171698570251,0.46175986528396606,0.9252094030380249
20,123,38,18,kl,80.5,0.060000000000002274,0.5194302201271057,0.45045486092567444,0.9289808869361877
20,123,39,19,kl,81.06,0.5600000000000023,0.49948984384536743,0.46880123019218445,0.8390330076217651
20,123,40,20,kl,80.02,-1.0400000000000063,0.676054835319519,0.5114870667457581,1.140000581741333
20,123,41,21,kl,80.26,0.2400000000000091,0.484110951423645,0.45412155985832214,0.9274015426635742
20,123,42,22,ce,82.06,1.7999999999999972,0.2236131876707077,0.31842491030693054,2.0335981845855713
20,123,43,23,kl,79.42,-2.6400000000000006,0.6525583267211914,0.5593812465667725,1.2246569395065308
20,123,44,24,kl,79.44,0.01999999999999602,0.7039635181427002,0.5594686269760132,1.2058411836624146
20,123,45,25,kl,79.5,0.060000000000002274,0.4440850019454956,0.4931713044643402,0.925235390663147
20,123,46,26,kl,80.34,0.8400000000000034,0.528738260269165,0.4360603094100952,0.8059688210487366
20,123,47,27,kl,81.16,0.8199999999999932,0.6075564622879028,0.4701046347618103,0.7335439324378967
20,123,48,28,kl,79.82,-1.3400000000000034,0.6486746072769165,0.5591175556182861,1.1136497259140015
20,123,49,29,kl,80.36,0.5400000000000063,0.64055997133255,0.45817869901657104,0.7272385954856873
20,123,50,30,kl,78.96,-1.4000000000000057,0.5498872399330139,0.4829216003417969,1.0959093570709229
20,123,51,31,kl,80.2,1.240000000000009,0.6590685844421387,0.46722280979156494,0.9224048256874084
20,123,52,32,kl,80.64,0.4399999999999977,0.5782535076141357,0.4519934058189392,0.8017340302467346
20,123,53,33,kl,80.12,-0.519999999999996,0.5471987128257751,0.4791569709777832,0.7855814695358276
20,123,54,34,kl,79.84,-0.28000000000000114,0.663896381855011,0.5130576491355896,1.1230086088180542
20,123,55,35,kl,81.3,1.4599999999999937,0.596866250038147,0.45960259437561035,0.7983471751213074
20,123,56,36,kl,80.36,-0.9399999999999977,0.38718390464782715,0.41569119691848755,0.9056196808815002
20,123,57,37,kl,81.76,1.4000000000000057,0.5409641861915588,0.505450427532196,1.086951732635498
20,123,58,38,kl,80.18,-1.5799999999999983,0.5886157155036926,0.43171021342277527,0.8645464777946472
20,123,59,39,kl,80.24,0.05999999999998806,0.49781280755996704,0.4877261221408844,1.1629695892333984
20,123,60,40,kl,81.28,1.0400000000000063,0.40709662437438965,0.4208456873893738,1.0317552089691162
20,123,61,41,kl,82.1,0.8199999999999932,0.5599207282066345,0.44796645641326904,0.7592480778694153
20,123,62,42,kl,81.38,-0.7199999999999989,0.27905458211898804,0.4298054277896881,0.9421188831329346
20,123,63,43,ce,81.82,0.4399999999999977,0.16587266325950623,0.2828886806964874,1.8010331392288208
20,123,64,44,kl,80.6,-1.2199999999999989,0.7295843362808228,0.5674058198928833,1.0762776136398315
20,123,65,45,kl,80.44,-0.1599999999999966,0.3714447021484375,0.4253697693347931,0.9304690957069397
20,123,66,46,kl,80.8,0.35999999999999943,0.6168266534805298,0.48882171511650085,1.018441081047058
20,123,67,47,kl,81.0,0.20000000000000284,0.4383432865142822,0.46977052092552185,1.0008440017700195
20,123,68,48,kl,81.38,0.37999999999999545,0.33507513999938965,0.43804165720939636,0.9800823926925659
20,123,69,49,kl,80.7,-0.6799999999999926,0.49917468428611755,0.4766792953014374,0.9353601336479187
20,123,70,50,kl,81.58,0.8799999999999955,0.48369017243385315,0.43551528453826904,0.8150103688240051
20,123,71,51,kl,80.8,-0.7800000000000011,0.6347972750663757,0.49890682101249695,1.0287587642669678
20,123,72,52,kl,79.94,-0.8599999999999994,0.41954749822616577,0.4750813841819763,0.99151211977005
20,123,73,53,kl,80.08,0.14000000000000057,0.6714443564414978,0.5202803611755371,1.1205360889434814
20,123,74,54,kl,81.86,1.7800000000000011,0.46324366331100464,0.4506937563419342,0.992047905921936
20,123,75,55,kl,81.48,-0.37999999999999545,0.2996171712875366,0.41846829652786255,0.9656220078468323
20,123,76,56,kl,81.74,0.2599999999999909,0.44181084632873535,0.4594371020793915,0.8217093348503113
20,123,77,57,kl,82.06,0.3200000000000074,0.47028541564941406,0.45275506377220154,0.9271317720413208
20,123,78,58,kl,81.22,-0.8400000000000034,0.5651804804801941,0.48350995779037476,1.1106196641921997
20,123,79,59,kl,79.54,-1.6799999999999926,0.43999597430229187,0.47144344449043274,1.139528512954712
20,123,80,60,kl,82.02,2.4799999999999898,0.462105393409729,0.4519880712032318,0.8427010774612427
20,123,81,61,kl,80.0,-2.019999999999996,0.540436327457428,0.49095889925956726,1.1564096212387085
20,123,82,62,kl,82.66,2.6599999999999966,0.35878080129623413,0.4045342803001404,0.9054956436157227
20,123,83,63,kl,81.04,-1.6199999999999903,0.506008505821228,0.4719555079936981,1.102094292640686
20,123,84,64,ce,82.88,1.8399999999999892,0.15916846692562103,0.29904064536094666,1.915378451347351
20,123,85,65,kl,80.4,-2.4799999999999898,0.6063703298568726,0.5030914545059204,0.950005292892456
20,123,86,66,kl,80.5,0.09999999999999432,0.5960907936096191,0.49092772603034973,0.9941787123680115
20,123,87,67,kl,82.24,1.7399999999999949,0.4408700466156006,0.4447445571422577,0.9127572774887085
20,123,88,68,kl,80.28,-1.9599999999999937,0.5198137760162354,0.4571705162525177,0.9388565421104431
20,123,89,69,kl,79.84,-0.4399999999999977,0.4356117844581604,0.4144292175769806,0.954602062702179
20,123,90,70,kl,81.7,1.8599999999999994,0.5305274128913879,0.4734307825565338,0.8179424405097961
20,123,91,71,kl,81.42,-0.28000000000000114,0.6856948733329773,0.5178201198577881,0.9120746850967407
20,123,92,72,kl,80.2,-1.2199999999999989,0.7150110006332397,0.5490482449531555,1.1820324659347534
20,123,93,73,kl,81.96,1.759999999999991,0.5626676082611084,0.42773109674453735,0.7003556489944458
20,123,94,74,kl,81.26,-0.6999999999999886,0.6108173131942749,0.5398950576782227,1.1359037160873413
20,123,95,75,kl,80.04,-1.2199999999999989,0.6835026144981384,0.5811206102371216,1.3090184926986694
20,123,96,76,kl,82.64,2.5999999999999943,0.519034743309021,0.4327223002910614,0.7473132014274597
20,123,97,77,kl,81.98,-0.6599999999999966,0.6003547310829163,0.46423161029815674,0.9090966582298279
20,123,98,78,kl,81.16,-0.8200000000000074,0.6696797609329224,0.5489174127578735,1.0188837051391602
20,123,99,79,kl,81.46,0.29999999999999716,0.45147034525871277,0.4550968110561371,0.8075146675109863
20,123,100,80,kl,81.52,0.060000000000002274,0.5081778764724731,0.45580530166625977,0.8687788248062134
20,123,101,81,kl,82.14,0.6200000000000045,0.6452733278274536,0.4886062741279602,0.9548040628433228
20,123,102,82,kl,80.66,-1.480000000000004,0.5951363444328308,0.47762590646743774,0.8847771883010864
20,123,103,83,kl,81.74,1.0799999999999983,0.4349633455276489,0.42577362060546875,0.8170979619026184
20,123,104,84,kl,81.8,0.060000000000002274,0.3834278881549835,0.41210347414016724,0.7525545358657837
20,123,105,85,ce,82.72,0.9200000000000017,0.19439850747585297,0.3414187431335449,1.852195143699646
20,123,106,86,kl,82.02,-0.7000000000000028,0.5161877870559692,0.468921422958374,0.8470630049705505
20,123,107,87,kl,80.04,-1.9799999999999898,0.6881991624832153,0.5521681308746338,1.0589358806610107
20,123,108,88,kl,80.14,0.09999999999999432,0.6168662905693054,0.5129039287567139,1.0069925785064697
20,123,109,89,kl,82.1,1.9599999999999937,0.521037220954895,0.45162373781204224,1.02727210521698
20,123,110,90,kl,82.16,0.060000000000002274,0.41982725262641907,0.4614456593990326,0.8993557691574097
20,123,111,91,kl,82.08,-0.0799999999999983,0.5718264579772949,0.481125146150589,0.8517156839370728
20,123,112,92,kl,81.94,-0.14000000000000057,0.5709760189056396,0.4660305976867676,0.8885135650634766
20,123,113,93,kl,81.96,0.01999999999999602,0.3359719514846802,0.44185343384742737,1.0379114151000977
20,123,114,94,kl,81.22,-0.7399999999999949,0.6596647500991821,0.5421657562255859,1.0752149820327759
20,123,115,95,kl,81.58,0.35999999999999943,0.6125099062919617,0.5172090530395508,0.9977162480354309
20,123,116,96,kl,82.4,0.8200000000000074,0.3983931839466095,0.4164251685142517,0.8288483023643494
20,123,117,97,kl,81.62,-0.7800000000000011,0.6700348854064941,0.5508924722671509,1.2324495315551758
20,123,118,98,kl,80.34,-1.2800000000000011,0.5135032534599304,0.49598953127861023,1.0519251823425293
20,123,119,99,kl,80.58,0.23999999999999488,0.5992187261581421,0.50458824634552,1.091742992401123
20,123,120,100,kl,82.26,1.6800000000000068,0.4077116549015045,0.4393119513988495,0.7418815493583679
20,123,121,101,kl,81.52,-0.7400000000000091,0.5324990153312683,0.4574940800666809,0.9046623706817627
20,123,122,102,kl,82.28,0.7600000000000051,0.4373396635055542,0.4244258999824524,0.8605704307556152
20,123,123,103,kl,82.5,0.21999999999999886,0.47003617882728577,0.4687208831310272,0.962904155254364
20,123,124,104,kl,81.38,-1.1200000000000045,0.3693128228187561,0.4449514150619507,0.8489197492599487
20,123,125,105,kl,82.46,1.0799999999999983,0.48839157819747925,0.44264453649520874,0.792509138584137
20,123,126,106,ce,83.12,0.6600000000000108,0.2466026395559311,0.3447614908218384,1.8783683776855469
20,123,127,107,kl,80.66,-2.460000000000008,0.598060131072998,0.5089849829673767,0.9070307016372681
20,123,128,108,kl,81.14,0.480000000000004,0.6496493816375732,0.555408775806427,1.0233864784240723
20,123,129,109,kl,78.52,-2.6200000000000045,0.5429251790046692,0.5589680671691895,1.400838017463684
20,123,130,110,kl,82.42,3.9000000000000057,0.6005914807319641,0.46328404545783997,0.8361085653305054
20,123,131,111,kl,80.82,-1.6000000000000085,0.719719409942627,0.553106963634491,1.1108757257461548
20,123,132,112,kl,82.06,1.240000000000009,0.625883936882019,0.537236750125885,1.0791807174682617
20,123,133,113,kl,81.22,-0.8400000000000034,0.49218133091926575,0.4591909646987915,0.8744477033615112
20,123,134,114,kl,82.32,1.0999999999999943,0.37328261137008667,0.4529634714126587,1.0212152004241943
20,123,135,115,kl,79.46,-2.8599999999999994,0.6822187900543213,0.5353655219078064,1.0524910688400269
20,123,136,116,kl,82.28,2.8200000000000074,0.4980452060699463,0.4409148395061493,0.8257877826690674
20,123,137,117,kl,80.68,-1.5999999999999943,0.41073140501976013,0.44198206067085266,0.9077904224395752
20,123,138,118,kl,81.52,0.8399999999999892,0.4996802806854248,0.44674456119537354,0.9049130082130432
20,123,139,119,kl,82.86,1.3400000000000034,0.146419495344162,0.36293575167655945,0.8326765298843384
20,123,140,120,kl,81.18,-1.6799999999999926,0.5297601819038391,0.509086012840271,1.112138032913208
20,123,141,121,kl,82.4,1.2199999999999989,0.5541955828666687,0.4794168174266815,0.7649042010307312
20,123,142,122,kl,81.68,-0.7199999999999989,0.3783439099788666,0.4320448338985443,0.9343077540397644
20,123,143,123,kl,82.16,0.47999999999998977,0.3857629597187042,0.42382198572158813,0.8177785277366638
20,123,144,124,kl,81.76,-0.3999999999999915,0.5470911860466003,0.48893237113952637,0.9630163311958313
20,123,145,125,kl,80.62,-1.1400000000000006,0.5058349370956421,0.4657019376754761,1.0535705089569092
20,123,146,126,kl,81.92,1.2999999999999972,0.47869062423706055,0.4930276572704315,0.9568145871162415
20,123,147,127,ce,82.26,0.3400000000000034,0.2258968949317932,0.3316686451435089,1.9157414436340332
20,123,148,128,kl,78.98,-3.280000000000001,0.5346381664276123,0.5520427823066711,1.2924264669418335
20,123,149,129,kl,81.7,2.719999999999999,0.5844032764434814,0.5238708853721619,1.1114574670791626
20,123,150,130,kl,81.18,-0.519999999999996,0.5279124975204468,0.5084633231163025,1.023290753364563
20,123,151,131,kl,80.98,-0.20000000000000284,0.4026908278465271,0.47843480110168457,1.0453654527664185
20,123,152,132,kl,80.34,-0.6400000000000006,0.670391857624054,0.5461661219596863,1.1055434942245483
20,123,153,133,kl,81.02,0.6799999999999926,0.5764434337615967,0.5129740834236145,0.9241063594818115
20,123,154,134,kl,81.72,0.7000000000000028,0.6476633548736572,0.518038809299469,0.9800847768783569
20,123,155,135,kl,82.18,0.46000000000000796,0.6221997737884521,0.49437469244003296,0.9974510073661804
20,123,156,136,kl,82.48,0.29999999999999716,0.6613234281539917,0.5384833216667175,1.1089712381362915
20,123,157,137,kl,81.7,-0.7800000000000011,0.5447604656219482,0.4561585485935211,0.8869648575782776
20,123,158,138,kl,82.42,0.7199999999999989,0.36860644817352295,0.44110623002052307,1.0448389053344727
20,123,159,139,kl,81.08,-1.3400000000000034,0.5925111174583435,0.5223023295402527,1.0231037139892578
20,123,160,140,kl,80.04,-1.039999999999992,0.5199489593505859,0.5251221656799316,1.0840473175048828
20,123,161,141,kl,81.06,1.019999999999996,0.6856720447540283,0.5381931066513062,1.0849615335464478
20,123,162,142,kl,81.0,-0.060000000000002274,0.5673497319221497,0.48709940910339355,1.1368567943572998
20,123,163,143,kl,81.88,0.8799999999999955,0.4652804732322693,0.44447964429855347,0.8582941889762878
20,123,164,144,kl,81.9,0.020000000000010232,0.4871876835823059,0.47761791944503784,1.0793795585632324
20,123,165,145,kl,81.24,-0.6600000000000108,0.5138356685638428,0.45886245369911194,1.0137187242507935
20,123,166,146,kl,82.76,1.5200000000000102,0.40365004539489746,0.4137643277645111,0.8349003195762634
20,123,167,147,kl,81.76,-1.0,0.49023962020874023,0.4669030010700226,0.8791179656982422
20,123,168,148,ce,82.34,0.5799999999999983,0.19850769639015198,0.3510444164276123,1.8680634498596191
20,123,169,149,kl,80.6,-1.740000000000009,0.4300030767917633,0.4489859938621521,0.9350046515464783
20,123,170,150,kl,81.64,1.0400000000000063,0.6092314720153809,0.4961603879928589,0.824752926826477
20,123,171,151,kl,82.22,0.5799999999999983,0.4340294301509857,0.445862740278244,0.9751625061035156
20,123,172,152,kl,82.6,0.37999999999999545,0.47194430232048035,0.4645386338233948,0.9830103516578674
20,123,173,153,kl,81.66,-0.9399999999999977,0.5344231128692627,0.5131270289421082,1.1012407541275024
20,123,174,154,kl,82.18,0.5200000000000102,0.5613127946853638,0.4982127547264099,0.8890189528465271
20,123,175,155,kl,81.12,-1.0600000000000023,0.4992202818393707,0.47640880942344666,0.8571210503578186
20,123,176,156,kl,81.54,0.4200000000000017,0.4757739007472992,0.4660957455635071,0.9967048764228821
20,123,177,157,kl,83.04,1.5,0.43922391533851624,0.45050323009490967,0.905919075012207
20,123,178,158,kl,81.04,-2.0,0.5134119987487793,0.4855507016181946,1.0550751686096191
20,123,179,159,kl,81.18,0.14000000000000057,0.5788083076477051,0.5249384641647339,1.0421558618545532
20,123,180,160,kl,82.16,0.9799999999999898,0.6500982046127319,0.5160651206970215,0.9734178781509399
20,123,181,161,kl,81.18,-0.9799999999999898,0.541433572769165,0.4996807873249054,1.0397814512252808
20,123,182,162,kl,82.14,0.9599999999999937,0.4317319095134735,0.46595728397369385,1.0021207332611084
20,123,183,163,kl,81.04,-1.0999999999999943,0.6729120016098022,0.5260022282600403,1.0099090337753296
20,123,184,164,kl,81.3,0.2599999999999909,0.5981559157371521,0.5273991823196411,1.1865803003311157
20,123,185,165,kl,82.26,0.960000000000008,0.5772070288658142,0.4952838718891144,0.939081072807312
20,123,186,166,kl,82.16,-0.10000000000000853,0.5467830896377563,0.5216092467308044,0.9075968265533447
20,123,187,167,kl,81.26,-0.8999999999999915,0.41423317790031433,0.4580114185810089,0.9339301586151123
20,123,188,168,kl,81.72,0.45999999999999375,0.498961478471756,0.471669465303421,0.9855217337608337
20,123,189,169,ce,82.94,1.2199999999999989,0.15326860547065735,0.33296579122543335,1.7523818016052246
20,123,190,170,kl,81.36,-1.5799999999999983,0.6092122793197632,0.5654417276382446,1.1444950103759766
20,123,191,171,kl,81.84,0.480000000000004,0.5247277021408081,0.49301326274871826,0.8737857937812805
20,123,192,172,kl,80.74,-1.1000000000000085,0.5378764271736145,0.4762769937515259,0.9513071179389954
20,123,193,173,kl,82.2,1.460000000000008,0.5831172466278076,0.46696144342422485,0.9615058302879333
20,123,194,174,kl,82.34,0.14000000000000057,0.6144634485244751,0.4841309189796448,0.9186466932296753
20,123,195,175,kl,82.3,-0.04000000000000625,0.5929892659187317,0.46890151500701904,0.8532152771949768
20,123,196,176,kl,80.8,-1.5,0.52080237865448,0.5099395513534546,1.1654646396636963
20,123,197,177,kl,80.96,0.1599999999999966,0.6292018294334412,0.5627721548080444,1.1399012804031372
20,123,198,178,kl,81.4,0.44000000000001194,0.6235887408256531,0.49230533838272095,1.0596792697906494
20,123,199,179,kl,82.1,0.6999999999999886,0.5948070287704468,0.48963895440101624,0.8897841572761536
20,123,200,180,kl,82.08,-0.01999999999999602,0.689918041229248,0.546275794506073,1.1331113576889038
20,123,201,181,kl,80.64,-1.4399999999999977,0.45005837082862854,0.49019140005111694,1.2943265438079834
20,123,202,182,kl,81.66,1.019999999999996,0.4156205356121063,0.46999695897102356,1.1725174188613892
20,123,203,183,kl,81.96,0.29999999999999716,0.6847292184829712,0.525756299495697,0.8820689916610718
20,123,204,184,kl,82.34,0.38000000000000966,0.5649856328964233,0.5330528020858765,1.2682867050170898
20,123,205,185,kl,81.18,-1.1599999999999966,0.5059776902198792,0.48218539357185364,0.9209645986557007
20,123,206,186,kl,81.96,0.7799999999999869,0.515639066696167,0.47779253125190735,1.3139361143112183
20,123,207,187,kl,81.86,-0.09999999999999432,0.6065292358398438,0.5201087594032288,0.9271365404129028
20,123,208,188,kl,82.56,0.7000000000000028,0.6078149080276489,0.46554043889045715,0.7815521359443665
20,123,209,189,kl,83.16,0.5999999999999943,0.6660976409912109,0.48769229650497437,0.8777833580970764
20,123,210,190,ce,83.1,-0.060000000000002274,0.18414467573165894,0.3480769693851471,1.7841389179229736
20,123,211,191,kl,81.72,-1.3799999999999955,0.6358278393745422,0.5298715829849243,0.9879879355430603
20,123,212,192,kl,81.9,0.18000000000000682,0.5313341617584229,0.47706809639930725,0.9410716891288757
20,123,213,193,kl,81.78,-0.12000000000000455,0.48975488543510437,0.4589177072048187,1.0247342586517334
20,123,214,194,kl,81.74,-0.04000000000000625,0.6277587413787842,0.5179058909416199,0.8709716796875
20,123,215,195,kl,81.52,-0.21999999999999886,0.5513602495193481,0.5190592408180237,1.0845857858657837
20,123,216,196,kl,81.5,-0.01999999999999602,0.4908307194709778,0.48435384035110474,1.045544981956482
20,123,217,197,kl,82.9,1.4000000000000057,0.7126654982566833,0.5603865385055542,0.970869779586792
20,123,218,198,kl,82.1,-0.8000000000000114,0.5993913412094116,0.4883005619049072,0.9944146871566772
20,123,219,199,kl,81.62,-0.47999999999998977,0.5482869744300842,0.4762502908706665,0.9854581356048584
20,123,220,200,kl,81.98,0.35999999999999943,0.4634678065776825,0.4404452443122864,0.8077943921089172
20,123,221,201,kl,81.94,-0.04000000000000625,0.6214986443519592,0.5296072959899902,0.9309101700782776
20,123,222,202,kl,82.54,0.6000000000000085,0.5870532989501953,0.45738914608955383,0.8037970066070557
20,123,223,203,kl,82.82,0.2799999999999869,0.3859601616859436,0.4303991496562958,0.8727049827575684
20,123,224,204,kl,80.32,-2.5,0.45189380645751953,0.5023190379142761,1.0950809717178345
20,123,225,205,kl,82.3,1.980000000000004,0.485149621963501,0.4575679302215576,1.0781747102737427
20,123,226,206,kl,81.58,-0.7199999999999989,0.4604770541191101,0.45507606863975525,0.8712089657783508
20,123,227,207,kl,82.32,0.7399999999999949,0.570777416229248,0.5012266039848328,0.9449099898338318
20,123,228,208,kl,81.86,-0.45999999999999375,0.5204687118530273,0.47910815477371216,1.1056797504425049
20,123,229,209,kl,82.52,0.6599999999999966,0.4846888482570648,0.44266584515571594,0.9006640315055847
20,123,230,210,kl,83.04,0.5200000000000102,0.5281945466995239,0.4857431948184967,1.059881567955017
20,123,231,211,ce,83.12,0.0799999999999983,0.11353219300508499,0.3138876259326935,1.7955209016799927
20,123,232,212,kl,86.0,2.8799999999999955,0.22528919577598572,0.37815025448799133,0.5976448059082031
20,123,233,213,kl,86.18,0.18000000000000682,0.21500998735427856,0.3808721601963043,0.6487016081809998
20,123,234,214,kl,86.2,0.01999999999999602,0.29481589794158936,0.4039818048477173,0.598125159740448
20,123,235,215,kl,86.12,-0.0799999999999983,0.23975573480129242,0.39242643117904663,0.654556393623352
20,123,236,216,kl,86.14,0.01999999999999602,0.2859501838684082,0.39975792169570923,0.6303964257240295
20,123,237,217,kl,86.34,0.20000000000000284,0.2927905321121216,0.40795639157295227,0.634905993938446
20,123,238,218,kl,86.1,-0.2400000000000091,0.27420365810394287,0.4169585704803467,0.6853948831558228
20,123,239,219,kl,86.44,0.3400000000000034,0.2777057886123657,0.4191427528858185,0.6897632479667664
20,123,240,220,kl,86.68,0.2400000000000091,0.2782619893550873,0.4253104329109192,0.6540510654449463
20,123,241,221,kl,86.58,-0.10000000000000853,0.30643025040626526,0.4336583614349365,0.6378621459007263
20,123,242,222,kl,86.56,-0.01999999999999602,0.29086509346961975,0.44019660353660583,0.6501196026802063
20,123,243,223,kl,86.64,0.0799999999999983,0.2762799561023712,0.43675822019577026,0.7122837901115417
20,123,244,224,kl,86.76,0.12000000000000455,0.27755871415138245,0.440550833940506,0.6761380434036255
20,123,245,225,kl,86.64,-0.12000000000000455,0.30827128887176514,0.4525350332260132,0.6367505788803101
20,123,246,226,kl,86.9,0.2600000000000051,0.2902814447879791,0.44132667779922485,0.673804521560669
20,123,247,227,kl,86.64,-0.2600000000000051,0.33538466691970825,0.4633313715457916,0.742457389831543
20,123,248,228,kl,86.56,-0.0799999999999983,0.27402007579803467,0.45824652910232544,0.7870321869850159
20,123,249,229,kl,86.48,-0.0799999999999983,0.3037896752357483,0.46881115436553955,0.7728923559188843
20,123,250,230,kl,86.58,0.09999999999999432,0.31286221742630005,0.4730706214904785,0.7658148407936096
20,123,251,231,kl,86.66,0.0799999999999983,0.2318817377090454,0.4478346109390259,0.7764615416526794
20,123,252,232,ce,86.7,0.04000000000000625,0.16053654253482819,0.40241602063179016,1.199420690536499
20,123,253,233,kl,86.76,0.060000000000002274,0.2710813283920288,0.4690985381603241,0.7901615500450134
20,123,254,234,kl,86.78,0.01999999999999602,0.2791725695133209,0.47773313522338867,0.7395820021629333
20,123,255,235,kl,86.9,0.12000000000000455,0.27905991673469543,0.48524513840675354,0.8046716451644897
20,123,256,236,kl,86.94,0.03999999999999204,0.2365666776895523,0.4779433012008667,0.8319643139839172
20,123,257,237,kl,87.06,0.12000000000000455,0.31540215015411377,0.4929826557636261,0.8054243326187134
20,123,258,238,kl,86.66,-0.4000000000000057,0.3489055633544922,0.5042150020599365,0.8353107571601868
20,123,259,239,kl,86.72,0.060000000000002274,0.2823885679244995,0.49009355902671814,0.8205110430717468
20,123,260,240,kl,87.18,0.46000000000000796,0.28469324111938477,0.5014024376869202,0.8027729392051697
20,123,261,241,kl,86.48,-0.7000000000000028,0.30304884910583496,0.5177885293960571,0.8516680002212524
20,123,262,242,kl,86.98,0.5,0.2770456075668335,0.5124534368515015,0.8544777035713196
20,123,263,243,kl,86.8,-0.18000000000000682,0.2745243310928345,0.5142441987991333,0.8263948559761047
20,123,264,244,kl,86.62,-0.1799999999999926,0.3452625870704651,0.5329418778419495,0.8755159378051758
20,123,265,245,kl,87.02,0.3999999999999915,0.3444203734397888,0.5369883179664612,0.8878090381622314
20,123,266,246,kl,86.54,-0.47999999999998977,0.35519447922706604,0.5353758931159973,0.9560639262199402
20,123,267,247,kl,86.94,0.3999999999999915,0.33669039607048035,0.5235815644264221,0.8354218602180481
20,123,268,248,kl,86.98,0.04000000000000625,0.29729747772216797,0.5121750235557556,0.8737891912460327
20,123,269,249,kl,87.16,0.1799999999999926,0.2858724594116211,0.5150065422058105,0.8501009345054626
20,123,270,250,kl,86.86,-0.29999999999999716,0.296552836894989,0.5153713226318359,0.8843043446540833
20,123,271,251,kl,86.24,-0.6200000000000045,0.29424554109573364,0.5387418270111084,0.9521674513816833
20,123,272,252,kl,86.52,0.28000000000000114,0.2333565056324005,0.533840537071228,0.8963414430618286
20,123,273,253,ce,86.76,0.2400000000000091,0.2415153533220291,0.48541688919067383,1.3196271657943726
20,123,274,254,kl,86.56,-0.20000000000000284,0.3611176013946533,0.5720798969268799,1.07068932056427
20,123,275,255,kl,86.66,0.09999999999999432,0.3060988783836365,0.5693777799606323,0.9665501117706299
20,123,276,256,kl,86.7,0.04000000000000625,0.3222948908805847,0.5786678791046143,0.9478615522384644
20,123,277,257,kl,86.62,-0.0799999999999983,0.33324623107910156,0.5930801033973694,0.9688271284103394
20,123,278,258,kl,86.92,0.29999999999999716,0.3194303512573242,0.5925783514976501,0.8792998790740967
20,123,279,259,kl,86.96,0.03999999999999204,0.30827945470809937,0.5758295059204102,0.9139147996902466
20,123,280,260,kl,86.3,-0.6599999999999966,0.27930372953414917,0.5795664191246033,1.0291028022766113
20,123,281,261,kl,86.78,0.480000000000004,0.33104079961776733,0.5947058200836182,1.0173882246017456
20,123,282,262,kl,86.78,0.0,0.30321264266967773,0.5926647782325745,0.9261437654495239
20,123,283,263,kl,86.92,0.14000000000000057,0.2942281663417816,0.5897546410560608,0.9504011273384094
20,123,284,264,kl,86.56,-0.35999999999999943,0.34704482555389404,0.6042225956916809,1.1054160594940186
20,123,285,265,kl,86.54,-0.01999999999999602,0.318778395652771,0.6235804557800293,1.010733723640442
20,123,286,266,kl,86.94,0.3999999999999915,0.39918220043182373,0.6462978720664978,1.0726096630096436
20,123,287,267,kl,86.94,0.0,0.360511839389801,0.638161838054657,0.9848157167434692
20,123,288,268,kl,86.78,-0.1599999999999966,0.39427340030670166,0.6576633453369141,1.0902615785598755
20,123,289,269,kl,87.04,0.2600000000000051,0.326604962348938,0.6611961722373962,1.0790057182312012
20,123,290,270,kl,86.92,-0.12000000000000455,0.30402448773384094,0.6550384163856506,0.967031717300415
20,123,291,271,kl,86.9,-0.01999999999999602,0.3009895980358124,0.6410853266716003,0.9874983429908752
20,123,292,272,kl,86.54,-0.35999999999999943,0.3345924913883209,0.6721078157424927,1.0733144283294678
20,123,293,273,kl,86.96,0.4199999999999875,0.3008752167224884,0.6471641063690186,1.0513232946395874
20,123,294,274,ce,86.54,-0.4199999999999875,0.3475267291069031,0.6517226696014404,1.5687679052352905
20,123,295,275,kl,86.76,0.21999999999999886,0.38628309965133667,0.6786386966705322,1.1375861167907715
20,123,296,276,kl,86.9,0.14000000000000057,0.3427290916442871,0.6645277142524719,1.0525622367858887
20,123,297,277,kl,86.78,-0.12000000000000455,0.339775025844574,0.6734957695007324,1.099494218826294
20,123,298,278,kl,87.18,0.4000000000000057,0.3534638285636902,0.7112799286842346,1.0661128759384155
20,123,299,279,kl,86.96,-0.22000000000001307,0.40554332733154297,0.7018011212348938,1.1816461086273193
20,123,300,280,kl,86.86,-0.09999999999999432,0.31113818287849426,0.6859878897666931,1.1727317571640015
20,123,301,281,kl,86.66,-0.20000000000000284,0.42028725147247314,0.7299766540527344,1.3382673263549805
20,123,302,282,kl,86.98,0.3200000000000074,0.339935839176178,0.7126653790473938,1.1310020685195923
20,123,303,283,kl,86.56,-0.4200000000000017,0.33722037076950073,0.7092658877372742,0.9986420273780823
20,123,304,284,kl,86.76,0.20000000000000284,0.3272620737552643,0.6988961696624756,1.132952332496643
20,123,305,285,kl,87.02,0.2599999999999909,0.39477652311325073,0.7380805015563965,1.1671003103256226
20,123,306,286,kl,87.02,0.0,0.3313737213611603,0.7225097417831421,1.219749093055725
20,123,307,287,kl,86.34,-0.6799999999999926,0.36227720975875854,0.7241498231887817,1.311819314956665
20,123,308,288,kl,86.72,0.37999999999999545,0.4256201684474945,0.7735748887062073,1.1833643913269043
20,123,309,289,kl,86.84,0.12000000000000455,0.29124754667282104,0.6931930184364319,1.154425859451294
20,123,310,290,kl,86.56,-0.28000000000000114,0.3526730239391327,0.7478795051574707,1.0824122428894043
20,123,311,291,kl,86.58,0.01999999999999602,0.35999321937561035,0.7503880262374878,1.302800178527832
20,123,312,292,kl,86.28,-0.29999999999999716,0.4104846715927124,0.7999998927116394,1.2500299215316772
20,123,313,293,kl,86.52,0.23999999999999488,0.4006035029888153,0.7838473916053772,1.2646514177322388
20,123,314,294,kl,86.7,0.18000000000000682,0.3486512303352356,0.7588172554969788,1.2427152395248413
20,123,315,295,ce,86.56,-0.14000000000000057,0.3076111078262329,0.6959757208824158,1.6742069721221924
20,123,316,296,kl,86.74,0.1799999999999926,0.3375275135040283,0.7414113879203796,1.3066571950912476
20,123,317,297,kl,86.44,-0.29999999999999716,0.4250035881996155,0.8051350712776184,1.2630035877227783
20,123,318,298,kl,86.3,-0.14000000000000057,0.32915177941322327,0.7883077263832092,1.222908854484558
20,123,319,299,kl,86.52,0.21999999999999886,0.4032733738422394,0.8030824065208435,1.3364005088806152
20,123,320,300,kl,86.52,0.0,0.4660928249359131,0.8351154923439026,1.383461594581604
20,123,321,301,kl,86.32,-0.20000000000000284,0.3655070960521698,0.7815910577774048,1.283562421798706
20,123,322,302,kl,86.6,0.28000000000000114,0.40801870822906494,0.8082093000411987,1.215894103050232
20,123,323,303,kl,86.42,-0.1799999999999926,0.40849342942237854,0.7997338175773621,1.35031259059906
20,123,324,304,kl,86.66,0.23999999999999488,0.4127678871154785,0.8438724279403687,1.2565795183181763
20,123,325,305,kl,86.44,-0.21999999999999886,0.34083041548728943,0.7724725008010864,1.2540631294250488
20,123,326,306,kl,86.54,0.10000000000000853,0.3551081418991089,0.78331059217453,1.2572258710861206
20,123,327,307,kl,86.62,0.0799999999999983,0.32034972310066223,0.8294885754585266,1.3030540943145752
20,123,328,308,kl,86.42,-0.20000000000000284,0.2757223844528198,0.7677162289619446,1.2918297052383423
20,123,329,309,kl,86.96,0.539999999999992,0.35191354155540466,0.8177258968353271,1.3437293767929077
20,123,330,310,kl,86.58,-0.37999999999999545,0.3159700334072113,0.8217501640319824,1.2928857803344727
20,123,331,311,kl,86.36,-0.21999999999999886,0.3611109256744385,0.8179315328598022,1.3018743991851807
20,123,332,312,kl,86.22,-0.14000000000000057,0.42147350311279297,0.8582550883293152,1.3026142120361328
20,123,333,313,kl,86.36,0.14000000000000057,0.3987165689468384,0.8481027483940125,1.3139119148254395
20,123,334,314,kl,86.38,0.01999999999999602,0.4229850769042969,0.8397002220153809,1.4500142335891724
20,123,335,315,kl,86.54,0.1600000000000108,0.35508835315704346,0.7960301041603088,1.379840612411499
20,123,336,316,ce,86.06,-0.480000000000004,0.347698450088501,0.7846992611885071,1.9054707288742065
20,123,337,317,kl,86.72,0.6599999999999966,0.33625876903533936,0.7937136888504028,1.2506740093231201
20,123,338,318,kl,86.84,0.12000000000000455,0.3271048069000244,0.793904185295105,1.2264777421951294
20,123,339,319,kl,86.62,-0.21999999999999886,0.32584965229034424,0.7945958375930786,1.2659302949905396
20,123,340,320,kl,86.86,0.23999999999999488,0.33338913321495056,0.7939617037773132,1.2439601421356201
20,123,341,321,kl,86.8,-0.060000000000002274,0.3187059760093689,0.7913833260536194,1.2206645011901855
20,123,342,322,kl,86.82,0.01999999999999602,0.32752150297164917,0.8183043599128723,1.2908891439437866
20,123,343,323,kl,87.04,0.22000000000001307,0.30443456768989563,0.7961488366127014,1.2448912858963013
20,123,344,324,kl,86.8,-0.2400000000000091,0.3151378035545349,0.7963681221008301,1.272822380065918
20,123,345,325,kl,86.74,-0.060000000000002274,0.32475870847702026,0.8025380373001099,1.2461175918579102
20,123,346,326,kl,86.76,0.020000000000010232,0.3454853594303131,0.823531985282898,1.3059930801391602
20,123,347,327,kl,86.8,0.03999999999999204,0.31579726934432983,0.8183240294456482,1.3023817539215088
20,123,348,328,kl,86.68,-0.11999999999999034,0.3274391293525696,0.8216777443885803,1.3252447843551636
20,123,349,329,kl,86.88,0.19999999999998863,0.3368391990661621,0.8266746401786804,1.2942415475845337
20,123,350,330,kl,86.86,-0.01999999999999602,0.3205363154411316,0.8098800778388977,1.2931400537490845
20,123,351,331,kl,86.58,-0.28000000000000114,0.33782655000686646,0.833026111125946,1.2913967370986938
20,123,352,332,kl,86.9,0.3200000000000074,0.31515026092529297,0.8145317435264587,1.3081001043319702
20,123,353,333,kl,86.94,0.03999999999999204,0.31299063563346863,0.8181580305099487,1.2982003688812256
20,123,354,334,kl,86.82,-0.12000000000000455,0.3275406062602997,0.8351938128471375,1.306368350982666
20,123,355,335,kl,86.9,0.0800000000000125,0.3353184759616852,0.8422269225120544,1.3459569215774536
20,123,356,336,kl,87.0,0.09999999999999432,0.3188607692718506,0.8253054022789001,1.3134269714355469
20,123,357,337,ce,86.98,-0.01999999999999602,0.35508108139038086,0.8561538457870483,1.5494886636734009
20,123,358,338,kl,86.88,-0.10000000000000853,0.33338794112205505,0.8455796837806702,1.3258609771728516
20,123,359,339,kl,86.92,0.04000000000000625,0.306734174489975,0.8292213082313538,1.325703740119934
20,123,360,340,kl,86.94,0.01999999999999602,0.31589561700820923,0.8392919301986694,1.3576651811599731
20,123,361,341,kl,86.74,-0.20000000000000284,0.30414384603500366,0.8345034718513489,1.335872769355774
20,123,362,342,kl,86.9,0.1600000000000108,0.3251628875732422,0.8543991446495056,1.363821029663086
20,123,363,343,kl,86.98,0.0799999999999983,0.31718891859054565,0.8457408547401428,1.3085360527038574
20,123,364,344,kl,87.1,0.11999999999999034,0.3202913701534271,0.8451233506202698,1.3728773593902588
20,123,365,345,kl,87.18,0.0800000000000125,0.32344332337379456,0.8496884703636169,1.2927190065383911
20,123,366,346,kl,87.04,-0.14000000000000057,0.30573344230651855,0.8410844802856445,1.326991081237793
20,123,367,347,kl,86.9,-0.14000000000000057,0.3479333519935608,0.8692513704299927,1.408028244972229
20,123,368,348,kl,87.22,0.3199999999999932,0.3379695415496826,0.8551524877548218,1.3867180347442627
20,123,369,349,kl,86.9,-0.3199999999999932,0.2920714020729065,0.8406714200973511,1.3275383710861206
20,123,370,350,kl,86.86,-0.04000000000000625,0.30527788400650024,0.8484294414520264,1.354102373123169
20,123,371,351,kl,87.2,0.3400000000000034,0.32976317405700684,0.8597618341445923,1.361355185508728
20,123,372,352,kl,86.9,-0.29999999999999716,0.2917884290218353,0.8425034284591675,1.3335952758789062
20,123,373,353,kl,86.98,0.0799999999999983,0.32642197608947754,0.8559280037879944,1.4083665609359741
20,123,374,354,kl,87.08,0.09999999999999432,0.30452603101730347,0.8580241799354553,1.3563380241394043
20,123,375,355,kl,86.76,-0.3199999999999932,0.35212528705596924,0.8811489939689636,1.4191712141036987
20,123,376,356,kl,86.8,0.03999999999999204,0.3269505202770233,0.8671865463256836,1.3733667135238647
20,123,377,357,kl,87.16,0.35999999999999943,0.32811498641967773,0.8734015226364136,1.3683489561080933
20,123,378,358,ce,87.12,-0.03999999999999204,0.3878329396247864,0.9053086042404175,1.6067922115325928
20,123,379,359,kl,87.06,-0.060000000000002274,0.3210291862487793,0.8758979439735413,1.393131136894226
20,123,380,360,kl,86.8,-0.2600000000000051,0.32777655124664307,0.8813444972038269,1.4221409559249878
20,123,381,361,kl,86.8,0.0,0.32620978355407715,0.8802828788757324,1.4111336469650269
20,123,382,362,kl,86.72,-0.0799999999999983,0.309821218252182,0.888728678226471,1.4294112920761108
20,123,383,363,kl,86.92,0.20000000000000284,0.32061976194381714,0.8941770792007446,1.438241720199585
20,123,384,364,kl,86.86,-0.060000000000002274,0.31918832659721375,0.8915849328041077,1.428900122642517
20,123,385,365,kl,86.98,0.12000000000000455,0.32686594128608704,0.8946658968925476,1.4125853776931763
20,123,386,366,kl,86.82,-0.1600000000000108,0.301451176404953,0.8854272365570068,1.4185198545455933
20,123,387,367,kl,87.0,0.18000000000000682,0.32274967432022095,0.8926445245742798,1.4260672330856323
20,123,388,368,kl,86.74,-0.2600000000000051,0.32887348532676697,0.8933390974998474,1.4820996522903442
20,123,389,369,kl,86.86,0.12000000000000455,0.30558329820632935,0.8813422322273254,1.4330459833145142
20,123,390,370,kl,86.7,-0.1599999999999966,0.34556877613067627,0.9091081023216248,1.4698237180709839
20,123,391,371,kl,87.36,0.6599999999999966,0.3411659002304077,0.9173327684402466,1.4865097999572754
20,123,392,372,kl,87.0,-0.35999999999999943,0.3143295347690582,0.8976273536682129,1.4210419654846191
20,123,393,373,kl,86.78,-0.21999999999999886,0.33247992396354675,0.9103680849075317,1.4396623373031616
20,123,394,374,kl,86.86,0.0799999999999983,0.34669411182403564,0.9132876396179199,1.4795492887496948
20,123,395,375,kl,87.36,0.5,0.29706889390945435,0.8919188380241394,1.4371628761291504
20,123,396,376,kl,86.76,-0.5999999999999943,0.3203825354576111,0.9161880016326904,1.4558095932006836
20,123,397,377,kl,86.82,0.05999999999998806,0.3204672038555145,0.9167140126228333,1.5063813924789429
20,123,398,378,kl,86.94,0.12000000000000455,0.3485124409198761,0.9325279593467712,1.4547501802444458
20,123,399,379,ce,87.08,0.14000000000000057,0.40392953157424927,0.971155047416687,1.693161964416504
20,123,400,380,kl,87.1,0.01999999999999602,0.3551779091358185,0.952803373336792,1.5311250686645508
20,123,401,381,kl,87.22,0.12000000000000455,0.34577828645706177,0.9380831122398376,1.4830944538116455
20,123,402,382,kl,87.06,-0.1599999999999966,0.29979878664016724,0.9079204201698303,1.4780616760253906
20,123,403,383,kl,87.06,0.0,0.30816423892974854,0.9275025129318237,1.5021781921386719
20,123,404,384,kl,87.18,0.12000000000000455,0.34077712893486023,0.94438636302948,1.505509376525879
20,123,405,385,kl,86.84,-0.3400000000000034,0.34370338916778564,0.9572633504867554,1.48067045211792
20,123,406,386,kl,87.0,0.1599999999999966,0.3071972131729126,0.920330286026001,1.4582676887512207
20,123,407,387,kl,87.16,0.1599999999999966,0.3110891580581665,0.9224937558174133,1.4460681676864624
20,123,408,388,kl,87.06,-0.09999999999999432,0.3686143159866333,0.9722225069999695,1.4921813011169434
20,123,409,389,kl,86.9,-0.1599999999999966,0.34608951210975647,0.9569531679153442,1.4650664329528809
20,123,410,390,kl,87.14,0.23999999999999488,0.31171107292175293,0.9332719445228577,1.477483868598938
20,123,411,391,kl,86.94,-0.20000000000000284,0.338183730840683,0.9580775499343872,1.49799644947052
20,123,412,392,kl,87.08,0.14000000000000057,0.3473922312259674,0.9523566365242004,1.5382250547409058
20,123,413,393,kl,87.18,0.10000000000000853,0.3097010552883148,0.9453730583190918,1.4717923402786255
20,123,414,394,kl,86.94,-0.2400000000000091,0.30725333094596863,0.9456817507743835,1.4970861673355103
20,123,415,395,kl,86.86,-0.0799999999999983,0.3416997194290161,0.9539346098899841,1.4698971509933472
20,123,416,396,kl,87.16,0.29999999999999716,0.3567271828651428,0.9647188186645508,1.5606602430343628
20,123,417,397,kl,87.02,-0.14000000000000057,0.33579033613204956,0.9693821668624878,1.4757813215255737
20,123,418,398,kl,87.0,-0.01999999999999602,0.3353564143180847,0.9552111029624939,1.5381641387939453
20,123,419,399,kl,86.84,-0.1599999999999966,0.35543501377105713,0.9771959185600281,1.5316433906555176
20,123,420,400,ce,87.08,0.23999999999999488,0.42822498083114624,1.0369958877563477,1.8190832138061523
20,1337,1,-19,kl,28.18,15.92,0.7063508033752441,0.9989817142486572,1.7703149318695068
20,1337,2,-18,kl,46.78,18.6,0.6699275374412537,0.602271556854248,1.513643503189087
20,1337,3,-17,kl,52.2,5.420000000000002,0.6960919499397278,0.610558032989502,1.2770200967788696
20,1337,4,-16,kl,62.48,10.279999999999994,0.4191945195198059,0.4639134109020233,0.9865482449531555
20,1337,5,-15,kl,67.12,4.640000000000008,0.5937384366989136,0.5429370403289795,1.2302894592285156
20,1337,6,-14,kl,69.32,2.1999999999999886,0.5795088410377502,0.49978384375572205,1.1200345754623413
20,1337,7,-13,kl,71.42,2.1000000000000085,0.5592890381813049,0.47116050124168396,1.2169972658157349
20,1337,8,-12,kl,72.86,1.4399999999999977,0.5256076455116272,0.44973835349082947,1.0242944955825806
20,1337,9,-11,kl,73.58,0.7199999999999989,0.8034305572509766,0.5201616883277893,1.0368890762329102
20,1337,10,-10,kl,74.64,1.0600000000000023,0.5833619832992554,0.4460771977901459,1.0375515222549438
20,1337,11,-9,kl,75.4,0.7600000000000051,0.7232246398925781,0.5075466632843018,1.1733124256134033
20,1337,12,-8,kl,75.82,0.4199999999999875,0.16431023180484772,0.3765636384487152,1.0807769298553467
20,1337,13,-7,kl,76.3,0.480000000000004,0.6357129812240601,0.5351514220237732,1.0894004106521606
20,1337,14,-6,kl,76.94,0.6400000000000006,0.6706713438034058,0.46734902262687683,0.9558712840080261
20,1337,15,-5,kl,77.84,0.9000000000000057,0.5435050129890442,0.4483398497104645,0.8151548504829407
20,1337,16,-4,kl,76.62,-1.2199999999999989,0.47111478447914124,0.4042840003967285,0.8294594287872314
20,1337,17,-3,kl,76.98,0.35999999999999943,0.5262429118156433,0.4564545750617981,0.9162615537643433
20,1337,18,-2,kl,78.74,1.759999999999991,0.7096424102783203,0.5118709206581116,1.1409860849380493
20,1337,19,-1,kl,77.44,-1.2999999999999972,0.61922287940979,0.46434134244918823,0.9398036599159241
20,1337,20,0,kl,80.38,2.9399999999999977,0.634445309638977,0.46393561363220215,0.9991657137870789
20,1337,21,1,ce,80.3,-0.0799999999999983,0.1895088106393814,0.26780062913894653,1.8520373106002808
20,1337,22,2,kl,77.06,-3.239999999999995,0.5561155080795288,0.4356965720653534,0.8870206475257874
20,1337,23,3,kl,79.68,2.6200000000000045,0.5421857833862305,0.43994763493537903,0.9852119088172913
20,1337,24,4,kl,78.9,-0.7800000000000011,0.705686628818512,0.48388227820396423,1.070600986480713
20,1337,25,5,kl,79.44,0.539999999999992,0.4366961717605591,0.4073171317577362,0.919034481048584
20,1337,26,6,kl,79.34,-0.09999999999999432,0.6345474720001221,0.49777790904045105,0.9613469243049622
20,1337,27,7,kl,79.72,0.37999999999999545,0.49328723549842834,0.40804359316825867,0.83595871925354
20,1337,28,8,kl,79.86,0.14000000000000057,0.6885378956794739,0.46697285771369934,0.8205912709236145
20,1337,29,9,kl,79.56,-0.29999999999999716,0.4205811023712158,0.41688790917396545,0.869706928730011
20,1337,30,10,kl,81.54,1.980000000000004,0.37078365683555603,0.4058469831943512,0.8221919536590576
20,1337,31,11,kl,79.48,-2.0600000000000023,0.47203537821769714,0.4302375912666321,0.9468606114387512
20,1337,32,12,kl,79.76,0.28000000000000114,0.3967195153236389,0.398882120847702,0.7594879269599915
20,1337,33,13,kl,80.76,1.0,0.4669545888900757,0.4479614496231079,0.919768750667572
20,1337,34,14,kl,80.7,-0.060000000000002274,0.5772397518157959,0.4916621446609497,0.8439399003982544
20,1337,35,15,kl,81.54,0.8400000000000034,0.4875379800796509,0.4143645465373993,0.8600736260414124
20,1337,36,16,kl,80.34,-1.2000000000000028,0.4720095694065094,0.41229933500289917,0.9398928284645081
20,1337,37,17,kl,81.42,1.0799999999999983,0.5901246070861816,0.4893219769001007,0.8896850347518921
20,1337,38,18,kl,78.62,-2.799999999999997,0.5428735613822937,0.5018585920333862,0.9085349440574646
20,1337,39,19,kl,81.48,2.8599999999999994,0.5207663178443909,0.4404979348182678,0.983615517616272
20,1337,40,20,kl,80.68,-0.7999999999999972,0.578703761100769,0.4582469165325165,0.7997215390205383
20,1337,41,21,kl,81.2,0.519999999999996,0.5032404065132141,0.43974316120147705,0.8765588402748108
20,1337,42,22,ce,80.64,-0.5600000000000023,0.2444966435432434,0.3648933172225952,1.6483194828033447
20,1337,43,23,kl,79.6,-1.0400000000000063,0.43839123845100403,0.4828071892261505,0.919668972492218
20,1337,44,24,kl,80.46,0.8599999999999994,0.41580021381378174,0.4106127917766571,0.9748963713645935
20,1337,45,25,kl,79.76,-0.6999999999999886,0.4175032377243042,0.4267558455467224,0.9123901128768921
20,1337,46,26,kl,80.0,0.23999999999999488,0.5875356197357178,0.5179319381713867,1.1485636234283447
20,1337,47,27,kl,81.56,1.5600000000000023,0.49014127254486084,0.41854363679885864,0.9582945108413696
20,1337,48,28,kl,81.86,0.29999999999999716,0.37063145637512207,0.41165831685066223,0.8477424383163452
20,1337,49,29,kl,81.3,-0.5600000000000023,0.5999565124511719,0.4806559681892395,0.892474889755249
20,1337,50,30,kl,82.02,0.7199999999999989,0.6179563999176025,0.48723703622817993,1.0347661972045898
20,1337,51,31,kl,81.78,-0.23999999999999488,0.544459342956543,0.4228766858577728,0.7723973989486694
20,1337,52,32,kl,80.64,-1.1400000000000006,0.6637762784957886,0.5405470132827759,1.1518818140029907
20,1337,53,33,kl,81.14,0.5,0.6765966415405273,0.5102723836898804,0.886376142501831
20,1337,54,34,kl,79.52,-1.6200000000000045,0.6005771160125732,0.5062511563301086,1.0903929471969604
20,1337,55,35,kl,81.94,2.4200000000000017,0.5672491192817688,0.5011885762214661,0.8859635591506958
20,1337,56,36,kl,81.58,-0.35999999999999943,0.6297996640205383,0.4988730549812317,0.9791573286056519
20,1337,57,37,kl,81.04,-0.539999999999992,0.559755802154541,0.4965306222438812,0.9010904431343079
20,1337,58,38,kl,81.34,0.29999999999999716,0.5259795784950256,0.4484851360321045,0.8796819448471069
20,1337,59,39,kl,81.78,0.4399999999999977,0.3928145170211792,0.4173975884914398,0.7783108949661255
20,1337,60,40,kl,81.64,-0.14000000000000057,0.5500600337982178,0.48286283016204834,0.8991793990135193
20,1337,61,41,kl,81.52,-0.12000000000000455,0.5407648086547852,0.4736865162849426,0.9357495903968811
20,1337,62,42,kl,82.58,1.0600000000000023,0.4352564811706543,0.4281224310398102,0.9212506413459778
20,1337,63,43,ce,82.34,-0.23999999999999488,0.2516694664955139,0.35111314058303833,1.7062312364578247
20,1337,64,44,kl,80.7,-1.6400000000000006,0.6548593640327454,0.5006597638130188,0.8961469531059265
20,1337,65,45,kl,82.62,1.9200000000000017,0.6289098262786865,0.5077545642852783,0.8468413949012756
20,1337,66,46,kl,80.52,-2.1000000000000085,0.5568870306015015,0.5126957297325134,1.0918692350387573
20,1337,67,47,kl,81.14,0.6200000000000045,0.5456895232200623,0.47046616673469543,0.9018008708953857
20,1337,68,48,kl,81.48,0.3400000000000034,0.4407406747341156,0.46009403467178345,1.0622467994689941
20,1337,69,49,kl,81.78,0.29999999999999716,0.4650406241416931,0.45204269886016846,0.9719906449317932
20,1337,70,50,kl,80.56,-1.2199999999999989,0.6330381631851196,0.5182781219482422,1.1050400733947754
20,1337,71,51,kl,81.8,1.2399999999999949,0.607495903968811,0.47682100534439087,0.8503506183624268
20,1337,72,52,kl,80.32,-1.480000000000004,0.44515836238861084,0.42567333579063416,0.9116038084030151
20,1337,73,53,kl,80.54,0.22000000000001307,0.4394236207008362,0.46147656440734863,0.8244926929473877
20,1337,74,54,kl,82.24,1.6999999999999886,0.5349867939949036,0.46560704708099365,1.011938214302063
20,1337,75,55,kl,82.28,0.04000000000000625,0.4757286608219147,0.44276338815689087,0.8692145347595215
20,1337,76,56,kl,81.2,-1.0799999999999983,0.6283227801322937,0.5062717795372009,1.1980210542678833
20,1337,77,57,kl,79.92,-1.2800000000000011,0.483233779668808,0.5036671161651611,1.114397644996643
20,1337,78,58,kl,81.3,1.3799999999999955,0.5203425884246826,0.4360359013080597,0.7327381372451782
20,1337,79,59,kl,79.94,-1.3599999999999994,0.7510823011398315,0.5847495198249817,1.2335186004638672
20,1337,80,60,kl,81.94,2.0,0.4302903413772583,0.43200916051864624,0.825603723526001
20,1337,81,61,kl,81.7,-0.23999999999999488,0.3217851519584656,0.4237824082374573,1.1361980438232422
20,1337,82,62,kl,81.16,-0.5400000000000063,0.5645023584365845,0.44758498668670654,0.8247473835945129
20,1337,83,63,kl,81.86,0.7000000000000028,0.5800435543060303,0.4657955467700958,0.980193018913269
20,1337,84,64,ce,81.8,-0.060000000000002274,0.38648855686187744,0.3859224021434784,1.7853461503982544
20,1337,85,65,kl,81.32,-0.480000000000004,0.4944536089897156,0.44669073820114136,0.9153673648834229
20,1337,86,66,kl,79.94,-1.3799999999999955,0.40916550159454346,0.44239115715026855,0.8385795950889587
20,1337,87,67,kl,81.38,1.4399999999999977,0.4864201247692108,0.4468972384929657,1.1054290533065796
20,1337,88,68,kl,81.52,0.14000000000000057,0.45367804169654846,0.4770229756832123,0.883418083190918
20,1337,89,69,kl,83.02,1.5,0.2898835241794586,0.3721555471420288,0.7306004166603088
20,1337,90,70,kl,81.86,-1.1599999999999966,0.5014586448669434,0.47707781195640564,0.8721131682395935
20,1337,91,71,kl,80.72,-1.1400000000000006,0.6753929853439331,0.49852412939071655,0.9842349886894226
20,1337,92,72,kl,81.34,0.6200000000000045,0.4282659590244293,0.45288383960723877,1.1760882139205933
20,1337,93,73,kl,81.62,0.28000000000000114,0.5077707171440125,0.4199279844760895,0.91917884349823
20,1337,94,74,kl,82.12,0.5,0.5015577077865601,0.4757240116596222,0.955411970615387
20,1337,95,75,kl,81.16,-0.960000000000008,0.4290315806865692,0.4717748761177063,1.0968421697616577
20,1337,96,76,kl,83.1,1.9399999999999977,0.37698161602020264,0.4321776032447815,0.7540090680122375
20,1337,97,77,kl,82.7,-0.3999999999999915,0.528757631778717,0.44785603880882263,0.8729296326637268
20,1337,98,78,kl,81.42,-1.2800000000000011,0.6548585891723633,0.5553176403045654,1.039211630821228
20,1337,99,79,kl,83.42,2.0,0.5873589515686035,0.4679592251777649,1.0802326202392578
20,1337,100,80,kl,81.52,-1.9000000000000057,0.4496372938156128,0.42300650477409363,0.837451159954071
20,1337,101,81,kl,82.68,1.1600000000000108,0.5092872381210327,0.46792301535606384,1.064933180809021
20,1337,102,82,kl,79.62,-3.0600000000000023,0.5349389910697937,0.4853661358356476,1.0122381448745728
20,1337,103,83,kl,82.36,2.739999999999995,0.44892942905426025,0.45411863923072815,0.8314438462257385
20,1337,104,84,kl,81.06,-1.2999999999999972,0.5529851913452148,0.4813397228717804,0.8683391213417053
20,1337,105,85,ce,80.86,-0.20000000000000284,0.2900996804237366,0.41053372621536255,1.7117998600006104
20,1337,106,86,kl,82.72,1.8599999999999994,0.539170503616333,0.4640827178955078,0.9144980907440186
20,1337,107,87,kl,82.6,-0.12000000000000455,0.5461928248405457,0.485115110874176,0.9936833381652832
20,1337,108,88,kl,80.86,-1.7399999999999949,0.5502671003341675,0.4976876378059387,1.117296576499939
20,1337,109,89,kl,82.88,2.019999999999996,0.4594927728176117,0.42538100481033325,0.7216712832450867
20,1337,110,90,kl,82.96,0.0799999999999983,0.5178103446960449,0.4248241186141968,0.8059733510017395
20,1337,111,91,kl,81.9,-1.059999999999988,0.3736794590950012,0.4446656405925751,0.8603351712226868
20,1337,112,92,kl,82.76,0.8599999999999994,0.48410114645957947,0.45648735761642456,0.7912064790725708
20,1337,113,93,kl,82.68,-0.0799999999999983,0.5922931432723999,0.4886023998260498,0.8372166156768799
20,1337,114,94,kl,82.7,0.01999999999999602,0.4263300895690918,0.42364537715911865,0.6979565620422363
20,1337,115,95,kl,80.84,-1.8599999999999994,0.5522045493125916,0.5063871145248413,1.049192190170288
20,1337,116,96,kl,82.26,1.4200000000000017,0.6523216962814331,0.47794198989868164,0.9831650853157043
20,1337,117,97,kl,82.2,-0.060000000000002274,0.424991250038147,0.4676629602909088,0.806028425693512
20,1337,118,98,kl,80.22,-1.980000000000004,0.5422310829162598,0.5212294459342957,1.127848744392395
20,1337,119,99,kl,80.02,-0.20000000000000284,0.5808523893356323,0.5280758142471313,0.9810931086540222
20,1337,120,100,kl,83.18,3.160000000000011,0.41224348545074463,0.44451791048049927,0.9273289442062378
20,1337,121,101,kl,82.1,-1.0800000000000125,0.4221141040325165,0.4553222358226776,1.0122103691101074
20,1337,122,102,kl,81.88,-0.21999999999999886,0.723223865032196,0.6086291074752808,1.0976433753967285
20,1337,123,103,kl,83.0,1.1200000000000045,0.5376624464988708,0.5181953310966492,0.9531834721565247
20,1337,124,104,kl,80.94,-2.0600000000000023,0.5359392166137695,0.5072038769721985,1.0528806447982788
20,1337,125,105,kl,81.98,1.0400000000000063,0.5165430307388306,0.4610329866409302,0.7763269543647766
20,1337,126,106,ce,82.3,0.3199999999999932,0.3051529824733734,0.3436623513698578,1.7744451761245728
20,1337,127,107,kl,80.38,-1.9200000000000017,0.575067400932312,0.5006511807441711,1.00064218044281
20,1337,128,108,kl,81.76,1.3800000000000097,0.5623489618301392,0.46220090985298157,0.8819894790649414
20,1337,129,109,kl,81.3,-0.46000000000000796,0.4986918568611145,0.47132784128189087,0.8241503238677979
20,1337,130,110,kl,81.4,0.10000000000000853,0.7367190718650818,0.5732287168502808,0.9283708333969116
20,1337,131,111,kl,82.34,0.9399999999999977,0.3841729760169983,0.411192387342453,0.7664501070976257
20,1337,132,112,kl,82.44,0.09999999999999432,0.6213561296463013,0.4849897027015686,0.9710068702697754
20,1337,133,113,kl,81.7,-0.7399999999999949,0.583626925945282,0.5184917449951172,1.1444779634475708
20,1337,134,114,kl,81.88,0.1799999999999926,0.3549903631210327,0.4080484211444855,0.9135254621505737
20,1337,135,115,kl,82.3,0.4200000000000017,0.5478504300117493,0.45746633410453796,0.7603877186775208
20,1337,136,116,kl,81.38,-0.9200000000000017,0.586396336555481,0.4667511582374573,0.9310522675514221
20,1337,137,117,kl,82.22,0.8400000000000034,0.48440873622894287,0.4564186930656433,0.8395487666130066
20,1337,138,118,kl,81.54,-0.6799999999999926,0.29342973232269287,0.422820508480072,1.0753260850906372
20,1337,139,119,kl,82.48,0.9399999999999977,0.3884713053703308,0.41547951102256775,0.7450990080833435
20,1337,140,120,kl,82.8,0.3199999999999932,0.45858055353164673,0.4572928845882416,0.9797114729881287
20,1337,141,121,kl,81.7,-1.0999999999999943,0.633111834526062,0.540651798248291,1.055126428604126
20,1337,142,122,kl,81.54,-0.1599999999999966,0.5167924165725708,0.4821076989173889,0.9131839871406555
20,1337,143,123,kl,80.02,-1.5200000000000102,0.5888912677764893,0.5482315421104431,1.0032529830932617
20,1337,144,124,kl,81.92,1.9000000000000057,0.5061768889427185,0.4915284812450409,1.2024306058883667
20,1337,145,125,kl,82.38,0.45999999999999375,0.5151155591011047,0.4818803369998932,0.9554113745689392
20,1337,146,126,kl,81.92,-0.45999999999999375,0.39464443922042847,0.48226985335350037,0.9131166338920593
20,1337,147,127,ce,82.76,0.8400000000000034,0.24094395339488983,0.3588470220565796,1.7550104856491089
20,1337,148,128,kl,82.48,-0.28000000000000114,0.34429267048835754,0.47444334626197815,1.0012547969818115
20,1337,149,129,kl,82.74,0.2599999999999909,0.4443226456642151,0.4422236382961273,0.9078836441040039
20,1337,150,130,kl,78.7,-4.039999999999992,0.6096763610839844,0.5133056044578552,0.8956390023231506
20,1337,151,131,kl,81.8,3.0999999999999943,0.552281379699707,0.504324197769165,1.0608742237091064
20,1337,152,132,kl,81.56,-0.23999999999999488,0.5747628211975098,0.5263262391090393,0.8778238892555237
20,1337,153,133,kl,81.94,0.37999999999999545,0.5869389772415161,0.46143627166748047,1.1614129543304443
20,1337,154,134,kl,82.3,0.35999999999999943,0.3651805818080902,0.4176010489463806,0.6813761591911316
20,1337,155,135,kl,81.62,-0.6799999999999926,0.5409926176071167,0.505513608455658,0.941423237323761
20,1337,156,136,kl,81.72,0.09999999999999432,0.5876564979553223,0.5441750884056091,1.1082799434661865
20,1337,157,137,kl,82.38,0.6599999999999966,0.5992584824562073,0.48997825384140015,0.9369882345199585
20,1337,158,138,kl,82.46,0.0799999999999983,0.4453656077384949,0.4370322525501251,0.66824871301651
20,1337,159,139,kl,80.98,-1.4799999999999898,0.5655593276023865,0.47630155086517334,0.8251391053199768
20,1337,160,140,kl,81.46,0.47999999999998977,0.6052515506744385,0.5015884041786194,1.0850049257278442
20,1337,161,141,kl,82.62,1.1600000000000108,0.5246655941009521,0.4794764816761017,0.8855223059654236
20,1337,162,142,kl,82.28,-0.3400000000000034,0.39183205366134644,0.4134727120399475,0.7893313765525818
20,1337,163,143,kl,82.44,0.1599999999999966,0.4914596676826477,0.4469200670719147,0.9386600255966187
20,1337,164,144,kl,82.88,0.4399999999999977,0.6068708300590515,0.48990529775619507,1.0531980991363525
20,1337,165,145,kl,82.12,-0.7599999999999909,0.4698747396469116,0.4170018136501312,0.7568401098251343
20,1337,166,146,kl,81.86,-0.2600000000000051,0.44152262806892395,0.4477532207965851,0.8472939729690552
20,1337,167,147,kl,81.98,0.12000000000000455,0.5718095302581787,0.48207956552505493,0.8265478610992432
20,1337,168,148,ce,81.06,-0.9200000000000017,0.27482131123542786,0.3686460852622986,1.7360162734985352
20,1337,169,149,kl,82.3,1.2399999999999949,0.4435722231864929,0.4651263952255249,0.940153181552887
20,1337,170,150,kl,82.32,0.01999999999999602,0.37231409549713135,0.42662692070007324,1.0336872339248657
20,1337,171,151,kl,83.04,0.7200000000000131,0.49101388454437256,0.4680196940898895,0.9330488443374634
20,1337,172,152,kl,81.68,-1.3599999999999994,0.5595271587371826,0.47871410846710205,0.8802663683891296
20,1337,173,153,kl,82.62,0.9399999999999977,0.48705461621284485,0.46147680282592773,0.7646839022636414
20,1337,174,154,kl,81.3,-1.3200000000000074,0.5767568349838257,0.4848408102989197,0.9674704074859619
20,1337,175,155,kl,80.38,-0.9200000000000017,0.3797275424003601,0.462880939245224,0.9150673747062683
20,1337,176,156,kl,83.44,3.0600000000000023,0.607740044593811,0.5217381715774536,1.031150460243225
20,1337,177,157,kl,82.66,-0.7800000000000011,0.29150694608688354,0.3999995291233063,0.7880993485450745
20,1337,178,158,kl,81.12,-1.539999999999992,0.558925986289978,0.5052927136421204,0.8755570650100708
20,1337,179,159,kl,82.32,1.1999999999999886,0.48031526803970337,0.4359891712665558,0.8457843065261841
20,1337,180,160,kl,82.42,0.10000000000000853,0.5664479732513428,0.4641363024711609,0.9291812777519226
20,1337,181,161,kl,82.0,-0.4200000000000017,0.5571420192718506,0.5028968453407288,0.9421412348747253
20,1337,182,162,kl,82.08,0.0799999999999983,0.6217288970947266,0.5503150224685669,1.0074509382247925
20,1337,183,163,kl,82.58,0.5,0.4981536865234375,0.4596638083457947,0.8595383763313293
20,1337,184,164,kl,81.7,-0.8799999999999955,0.5824215412139893,0.49991682171821594,0.8916809558868408
20,1337,185,165,kl,81.46,-0.2400000000000091,0.5616850852966309,0.5215252637863159,0.8399354219436646
20,1337,186,166,kl,81.94,0.480000000000004,0.46241068840026855,0.4637810289859772,0.8123557567596436
20,1337,187,167,kl,80.24,-1.7000000000000028,0.5465060472488403,0.5062951445579529,0.9588461518287659
20,1337,188,168,kl,81.8,1.5600000000000023,0.4136398732662201,0.4550023376941681,0.9897028207778931
20,1337,189,169,ce,81.18,-0.6199999999999903,0.350791871547699,0.43061599135398865,1.601554036140442
20,1337,190,170,kl,82.26,1.0799999999999983,0.5759820938110352,0.5387276411056519,1.1453499794006348
20,1337,191,171,kl,81.58,-0.6800000000000068,0.5210154056549072,0.5083419680595398,1.1150195598602295
20,1337,192,172,kl,79.54,-2.039999999999992,0.3895255923271179,0.424441397190094,1.076869010925293
20,1337,193,173,kl,79.32,-0.22000000000001307,0.5871154069900513,0.5065101981163025,0.9918156862258911
20,1337,194,174,kl,80.12,0.8000000000000114,0.4921923875808716,0.4784581661224365,1.0680440664291382
20,1337,195,175,kl,82.72,2.5999999999999943,0.6004736423492432,0.5207750201225281,0.9954719543457031
20,1337,196,176,kl,83.08,0.35999999999999943,0.5035609006881714,0.4449518918991089,0.8960205316543579
20,1337,197,177,kl,82.02,-1.0600000000000023,0.649948000907898,0.5552331209182739,1.0133718252182007
20,1337,198,178,kl,81.58,-0.4399999999999977,0.4088936746120453,0.42573511600494385,0.7988764643669128
20,1337,199,179,kl,82.02,0.4399999999999977,0.38812533020973206,0.4306708872318268,0.7874659895896912
20,1337,200,180,kl,82.5,0.480000000000004,0.5988035202026367,0.4828711152076721,0.8737503886222839
20,1337,201,181,kl,82.92,0.4200000000000017,0.6512227654457092,0.5339252352714539,0.9747250080108643
20,1337,202,182,kl,82.1,-0.8200000000000074,0.561517596244812,0.46190452575683594,0.8685703873634338
20,1337,203,183,kl,82.78,0.6800000000000068,0.6204601526260376,0.5091453790664673,0.8648238182067871
20,1337,204,184,kl,83.16,0.37999999999999545,0.4960273206233978,0.4635218679904938,0.8043212890625
20,1337,205,185,kl,82.74,-0.4200000000000017,0.4726700782775879,0.48936447501182556,1.016377568244934
20,1337,206,186,kl,81.3,-1.4399999999999977,0.5347598195075989,0.4480310380458832,0.9805691242218018
20,1337,207,187,kl,82.3,1.0,0.6816643476486206,0.5414131879806519,1.0687696933746338
20,1337,208,188,kl,82.5,0.20000000000000284,0.48626193404197693,0.46804162859916687,0.8053543567657471
20,1337,209,189,kl,83.36,0.8599999999999994,0.42168518900871277,0.44177570939064026,0.9960184693336487
20,1337,210,190,ce,82.34,-1.019999999999996,0.31167617440223694,0.41191041469573975,1.7140586376190186
20,1337,211,191,kl,81.0,-1.3400000000000034,0.4508610963821411,0.48061686754226685,1.118070363998413
20,1337,212,192,kl,82.88,1.8799999999999955,0.46195557713508606,0.46820420026779175,0.9039938449859619
20,1337,213,193,kl,81.06,-1.8199999999999932,0.6029940843582153,0.5572031736373901,1.055010199546814
20,1337,214,194,kl,81.66,0.5999999999999943,0.4994761645793915,0.4793619215488434,1.0409269332885742
20,1337,215,195,kl,81.7,0.04000000000000625,0.497933566570282,0.46146637201309204,0.9246679544448853
20,1337,216,196,kl,80.72,-0.980000000000004,0.7026075124740601,0.5681606531143188,1.1366000175476074
20,1337,217,197,kl,82.04,1.3200000000000074,0.358404278755188,0.3806588053703308,0.7425370216369629
20,1337,218,198,kl,82.26,0.21999999999999886,0.5257678031921387,0.48698148131370544,1.0412640571594238
20,1337,219,199,kl,81.88,-0.38000000000000966,0.47509872913360596,0.4411059617996216,1.0129798650741577
20,1337,220,200,kl,82.18,0.30000000000001137,0.4497028887271881,0.4404435455799103,0.9936673045158386
20,1337,221,201,kl,82.84,0.6599999999999966,0.5836731195449829,0.47497138381004333,0.8718624114990234
20,1337,222,202,kl,82.54,-0.29999999999999716,0.5363760590553284,0.4732359051704407,0.9054028987884521
20,1337,223,203,kl,81.1,-1.440000000000012,0.581659197807312,0.505283772945404,1.118252158164978
20,1337,224,204,kl,80.68,-0.4199999999999875,0.7335525155067444,0.5808045864105225,1.0604273080825806
20,1337,225,205,kl,82.78,2.0999999999999943,0.6537746787071228,0.5238229632377625,1.0196115970611572
20,1337,226,206,kl,82.78,0.0,0.5453603267669678,0.47496873140335083,1.084428071975708
20,1337,227,207,kl,82.16,-0.6200000000000045,0.6019747257232666,0.49503055214881897,0.9233887195587158
20,1337,228,208,kl,82.62,0.46000000000000796,0.5729313492774963,0.4976233243942261,0.9527230858802795
20,1337,229,209,kl,81.96,-0.6600000000000108,0.49999552965164185,0.4851981997489929,0.901528000831604
20,1337,230,210,kl,82.5,0.5400000000000063,0.6013355255126953,0.47671204805374146,0.8669282793998718
20,1337,231,211,ce,81.88,-0.6200000000000045,0.4675939083099365,0.5025132894515991,1.8365684747695923
20,1337,232,212,kl,85.9,4.02000000000001,0.31184738874435425,0.3948949873447418,0.6248955726623535
20,1337,233,213,kl,86.02,0.11999999999999034,0.31350046396255493,0.39404553174972534,0.6601614356040955
20,1337,234,214,kl,86.44,0.4200000000000017,0.35456836223602295,0.40194061398506165,0.6982529759407043
20,1337,235,215,kl,86.4,-0.03999999999999204,0.31970977783203125,0.39267852902412415,0.6649723052978516
20,1337,236,216,kl,86.08,-0.3200000000000074,0.31302255392074585,0.4100455641746521,0.7341445684432983
20,1337,237,217,kl,86.44,0.35999999999999943,0.3589591383934021,0.41898179054260254,0.6858596205711365
20,1337,238,218,kl,86.4,-0.03999999999999204,0.2580918073654175,0.39294368028640747,0.6802896857261658
20,1337,239,219,kl,86.6,0.19999999999998863,0.2601701021194458,0.4008479714393616,0.6779706478118896
20,1337,240,220,kl,86.4,-0.19999999999998863,0.2738494277000427,0.4098544418811798,0.6995266079902649
20,1337,241,221,kl,86.34,-0.060000000000002274,0.3788912296295166,0.44552677869796753,0.7740921974182129
20,1337,242,222,kl,86.44,0.09999999999999432,0.2724936306476593,0.40925753116607666,0.7798839211463928
20,1337,243,223,kl,86.48,0.04000000000000625,0.30711472034454346,0.4236457645893097,0.7843292951583862
20,1337,244,224,kl,86.42,-0.060000000000002274,0.25768154859542847,0.4358298182487488,0.737639307975769
20,1337,245,225,kl,86.38,-0.04000000000000625,0.2696518301963806,0.4246697425842285,0.7418379783630371
20,1337,246,226,kl,86.6,0.21999999999999886,0.27461254596710205,0.42899230122566223,0.7781816720962524
20,1337,247,227,kl,86.48,-0.11999999999999034,0.3328707218170166,0.44007787108421326,0.778087317943573
20,1337,248,228,kl,86.28,-0.20000000000000284,0.2827337384223938,0.4361068606376648,0.8017889857292175
20,1337,249,229,kl,86.56,0.28000000000000114,0.36565279960632324,0.4763649106025696,0.8152385354042053
20,1337,250,230,kl,86.8,0.23999999999999488,0.2908948063850403,0.4564928710460663,0.8401920795440674
20,1337,251,231,kl,86.54,-0.2599999999999909,0.23081736266613007,0.44729363918304443,0.748952329158783
20,1337,252,232,ce,86.46,-0.0800000000000125,0.2606816291809082,0.4511750638484955,1.0733779668807983
20,1337,253,233,kl,86.92,0.46000000000000796,0.32227280735969543,0.4743257462978363,0.7870924472808838
20,1337,254,234,kl,86.58,-0.3400000000000034,0.3249090313911438,0.4815634787082672,0.864504337310791
20,1337,255,235,kl,86.7,0.12000000000000455,0.26703473925590515,0.4671890139579773,0.7978846430778503
20,1337,256,236,kl,86.72,0.01999999999999602,0.3603284955024719,0.495387464761734,0.8973091840744019
20,1337,257,237,kl,86.54,-0.1799999999999926,0.31144213676452637,0.4910394549369812,0.7846294045448303
20,1337,258,238,kl,86.2,-0.3400000000000034,0.2926671504974365,0.4848959445953369,0.8810661435127258
20,1337,259,239,kl,86.68,0.480000000000004,0.29669564962387085,0.4936242699623108,0.8889108896255493
20,1337,260,240,kl,86.42,-0.2600000000000051,0.3432747721672058,0.5109675526618958,0.8635566234588623
20,1337,261,241,kl,86.44,0.01999999999999602,0.3184530436992645,0.5124092102050781,0.7994319796562195
20,1337,262,242,kl,86.66,0.21999999999999886,0.3517554700374603,0.5387733578681946,0.9090707302093506
20,1337,263,243,kl,87.18,0.5200000000000102,0.2602319121360779,0.47770199179649353,0.8812133073806763
20,1337,264,244,kl,86.88,-0.30000000000001137,0.3366753160953522,0.5331345796585083,0.9142706990242004
20,1337,265,245,kl,86.98,0.10000000000000853,0.2850247323513031,0.5005307197570801,0.9058862924575806
20,1337,266,246,kl,86.48,-0.5,0.28597986698150635,0.5417560935020447,0.926958441734314
20,1337,267,247,kl,86.52,0.03999999999999204,0.2925107479095459,0.5349406599998474,0.9022163152694702
20,1337,268,248,kl,86.86,0.3400000000000034,0.31636497378349304,0.5186583399772644,0.8862985968589783
20,1337,269,249,kl,86.58,-0.28000000000000114,0.29320746660232544,0.5237923264503479,0.9446823000907898
20,1337,270,250,kl,86.82,0.23999999999999488,0.24150508642196655,0.5358253121376038,0.8694239854812622
20,1337,271,251,kl,86.68,-0.13999999999998636,0.33876049518585205,0.5398407578468323,0.9809034466743469
20,1337,272,252,kl,86.22,-0.46000000000000796,0.39826858043670654,0.5782814621925354,0.9451240301132202
20,1337,273,253,ce,86.46,0.23999999999999488,0.342219740152359,0.5902727842330933,1.2695986032485962
20,1337,274,254,kl,86.64,0.18000000000000682,0.3476994037628174,0.5712487697601318,0.9882202744483948
20,1337,275,255,kl,86.26,-0.37999999999999545,0.3708808422088623,0.5815501809120178,0.987725555896759
20,1337,276,256,kl,86.84,0.5799999999999983,0.41425657272338867,0.6166263222694397,1.0665473937988281
20,1337,277,257,kl,86.56,-0.28000000000000114,0.32920414209365845,0.5755475759506226,0.9934232831001282
20,1337,278,258,kl,86.6,0.03999999999999204,0.3051612973213196,0.6027946472167969,0.9291771650314331
20,1337,279,259,kl,86.32,-0.28000000000000114,0.3687058091163635,0.6153185367584229,1.11014986038208
20,1337,280,260,kl,86.6,0.28000000000000114,0.34429627656936646,0.6099416613578796,1.075804352760315
20,1337,281,261,kl,86.68,0.0800000000000125,0.36214980483055115,0.6081530451774597,1.0678749084472656
20,1337,282,262,kl,86.8,0.11999999999999034,0.29355838894844055,0.5865708589553833,1.0321799516677856
20,1337,283,263,kl,86.78,-0.01999999999999602,0.31753915548324585,0.6083139777183533,1.048256754875183
20,1337,284,264,kl,86.66,-0.12000000000000455,0.3727562725543976,0.613685131072998,1.0978831052780151
20,1337,285,265,kl,86.28,-0.37999999999999545,0.3107092082500458,0.6084126830101013,1.098737359046936
20,1337,286,266,kl,86.58,0.29999999999999716,0.3842094838619232,0.6474016308784485,1.096954345703125
20,1337,287,267,kl,86.94,0.35999999999999943,0.3622783422470093,0.6366366744041443,1.081558346748352
20,1337,288,268,kl,86.74,-0.20000000000000284,0.332897812128067,0.6184048056602478,1.0870614051818848
20,1337,289,269,kl,86.5,-0.23999999999999488,0.374533087015152,0.6510228514671326,1.14915132522583
20,1337,290,270,kl,86.6,0.09999999999999432,0.4055368900299072,0.6570072174072266,1.1380796432495117
20,1337,291,271,kl,86.52,-0.0799999999999983,0.2768685221672058,0.6190320253372192,0.9354080557823181
20,1337,292,272,kl,86.7,0.18000000000000682,0.33556610345840454,0.6556973457336426,1.1305177211761475
20,1337,293,273,kl,86.58,-0.12000000000000455,0.3424991965293884,0.6423592567443848,0.9892652034759521
20,1337,294,274,ce,86.0,-0.5799999999999983,0.3369413912296295,0.6875274181365967,1.397139072418213
20,1337,295,275,kl,86.66,0.6599999999999966,0.2435133457183838,0.62079256772995,0.9860957264900208
20,1337,296,276,kl,86.66,0.0,0.3413502275943756,0.6557092070579529,1.2508387565612793
20,1337,297,277,kl,86.92,0.2600000000000051,0.374362051486969,0.655739426612854,1.1942261457443237
20,1337,298,278,kl,87.38,0.45999999999999375,0.26799166202545166,0.6291031837463379,1.0897082090377808
20,1337,299,279,kl,86.58,-0.7999999999999972,0.3993578255176544,0.6645147204399109,1.2648234367370605
20,1337,300,280,kl,86.52,-0.060000000000002274,0.31976693868637085,0.6386094093322754,1.1259963512420654
20,1337,301,281,kl,86.42,-0.09999999999999432,0.4126300811767578,0.7041979432106018,1.2507191896438599
20,1337,302,282,kl,86.7,0.28000000000000114,0.34686142206192017,0.6648738980293274,1.1613949537277222
20,1337,303,283,kl,86.64,-0.060000000000002274,0.3767804503440857,0.6876270174980164,1.155552625656128
20,1337,304,284,kl,86.24,-0.4000000000000057,0.39067554473876953,0.6928445100784302,1.2698060274124146
20,1337,305,285,kl,86.4,0.1600000000000108,0.29630428552627563,0.6774162650108337,1.2217751741409302
20,1337,306,286,kl,86.56,0.1599999999999966,0.25888916850090027,0.6534944772720337,1.2855561971664429
20,1337,307,287,kl,86.5,-0.060000000000002274,0.3007827401161194,0.6586636900901794,1.1524499654769897
20,1337,308,288,kl,86.28,-0.21999999999999886,0.3555190861225128,0.7077464461326599,1.2939051389694214
20,1337,309,289,kl,86.66,0.37999999999999545,0.45488083362579346,0.7474163174629211,1.299430251121521
20,1337,310,290,kl,86.4,-0.2599999999999909,0.44455957412719727,0.7502430081367493,1.3309518098831177
20,1337,311,291,kl,86.16,-0.2400000000000091,0.34660252928733826,0.7316222190856934,1.2033722400665283
20,1337,312,292,kl,86.46,0.29999999999999716,0.29852384328842163,0.6901344060897827,1.2225302457809448
20,1337,313,293,kl,86.16,-0.29999999999999716,0.3981565237045288,0.7117967009544373,1.387384295463562
20,1337,314,294,kl,86.22,0.060000000000002274,0.34985941648483276,0.743048906326294,1.1709941625595093
20,1337,315,295,ce,86.34,0.12000000000000455,0.3838706910610199,0.767090916633606,1.6058598756790161
20,1337,316,296,kl,86.66,0.3199999999999932,0.3931339383125305,0.7500507235527039,1.1807366609573364
20,1337,317,297,kl,86.62,-0.03999999999999204,0.34857243299484253,0.7348973751068115,1.292348861694336
20,1337,318,298,kl,86.48,-0.14000000000000057,0.2513521909713745,0.6862355470657349,1.192881464958191
20,1337,319,299,kl,86.28,-0.20000000000000284,0.27248212695121765,0.7109335064888,1.145534634590149
20,1337,320,300,kl,86.76,0.480000000000004,0.41091424226760864,0.7651146650314331,1.3541922569274902
20,1337,321,301,kl,86.56,-0.20000000000000284,0.3398467004299164,0.7466573715209961,1.3449598550796509
20,1337,322,302,kl,86.16,-0.4000000000000057,0.37196236848831177,0.7636232376098633,1.330932378768921
20,1337,323,303,kl,86.92,0.7600000000000051,0.27436020970344543,0.7195070385932922,1.4095557928085327
20,1337,324,304,kl,86.68,-0.23999999999999488,0.3518221080303192,0.7630401849746704,1.3607783317565918
20,1337,325,305,kl,86.4,-0.28000000000000114,0.35219573974609375,0.7618406414985657,1.1917680501937866
20,1337,326,306,kl,86.48,0.0799999999999983,0.37507307529449463,0.7941159605979919,1.3415013551712036
20,1337,327,307,kl,86.36,-0.12000000000000455,0.4509291648864746,0.8381029963493347,1.5205631256103516
20,1337,328,308,kl,86.3,-0.060000000000002274,0.5164638161659241,0.9005545377731323,1.5372583866119385
20,1337,329,309,kl,86.28,-0.01999999999999602,0.35425102710723877,0.77474445104599,1.4459362030029297
20,1337,330,310,kl,85.94,-0.3400000000000034,0.36866480112075806,0.8102052807807922,1.3885701894760132
20,1337,331,311,kl,85.96,0.01999999999999602,0.41483309864997864,0.8050870299339294,1.332737684249878
20,1337,332,312,kl,86.1,0.14000000000000057,0.279459685087204,0.7232614159584045,1.5255097150802612
20,1337,333,313,kl,86.36,0.2600000000000051,0.28293824195861816,0.7810678482055664,1.3242849111557007
20,1337,334,314,kl,86.36,0.0,0.35196512937545776,0.811926543712616,1.3027689456939697
20,1337,335,315,kl,86.04,-0.3199999999999932,0.4076039493083954,0.8404707908630371,1.4374223947525024
20,1337,336,316,ce,85.28,-0.7600000000000051,0.44665420055389404,0.9041526317596436,1.8999550342559814
20,1337,337,317,kl,86.64,1.3599999999999994,0.2812573313713074,0.7528852820396423,1.2457810640335083
20,1337,338,318,kl,86.66,0.01999999999999602,0.29922932386398315,0.7525300979614258,1.2746682167053223
20,1337,339,319,kl,86.86,0.20000000000000284,0.28675150871276855,0.7543845772743225,1.2776044607162476
20,1337,340,320,kl,86.72,-0.14000000000000057,0.25543540716171265,0.7370921969413757,1.2353808879852295
20,1337,341,321,kl,87.08,0.35999999999999943,0.2694440484046936,0.7537007331848145,1.2310874462127686
20,1337,342,322,kl,86.96,-0.12000000000000455,0.28565168380737305,0.7697048187255859,1.271942138671875
20,1337,343,323,kl,86.86,-0.09999999999999432,0.27118417620658875,0.7619637250900269,1.2712140083312988
20,1337,344,324,kl,86.86,0.0,0.2341112643480301,0.7443918585777283,1.2605667114257812
20,1337,345,325,kl,86.7,-0.1599999999999966,0.3039811849594116,0.7701807022094727,1.333040475845337
20,1337,346,326,kl,86.76,0.060000000000002274,0.2988630533218384,0.7823442220687866,1.315585732460022
20,1337,347,327,kl,86.88,0.11999999999999034,0.2706165611743927,0.7730833888053894,1.2920912504196167
20,1337,348,328,kl,87.04,0.1600000000000108,0.2738967537879944,0.776731014251709,1.2795460224151611
20,1337,349,329,kl,86.78,-0.2600000000000051,0.301679402589798,0.7956880331039429,1.352888584136963
20,1337,350,330,kl,87.04,0.2600000000000051,0.27536115050315857,0.779813826084137,1.3387387990951538
20,1337,351,331,kl,86.94,-0.10000000000000853,0.25853267312049866,0.7640624046325684,1.2984299659729004
20,1337,352,332,kl,87.1,0.1599999999999966,0.3016398549079895,0.7814609408378601,1.3467787504196167
20,1337,353,333,kl,87.06,-0.03999999999999204,0.2949277460575104,0.7889249920845032,1.3327311277389526
20,1337,354,334,kl,87.12,0.060000000000002274,0.29777488112449646,0.7922576665878296,1.3553645610809326
20,1337,355,335,kl,86.92,-0.20000000000000284,0.3168555796146393,0.8049091696739197,1.3406654596328735
20,1337,356,336,kl,87.2,0.28000000000000114,0.2796562910079956,0.7928271889686584,1.3608042001724243
20,1337,357,337,ce,87.14,-0.060000000000002274,0.38348549604415894,0.874954879283905,1.604163646697998
20,1337,358,338,kl,87.06,-0.0799999999999983,0.2840508818626404,0.8071343302726746,1.3452565670013428
20,1337,359,339,kl,87.12,0.060000000000002274,0.29176217317581177,0.8111259341239929,1.3867197036743164
20,1337,360,340,kl,87.04,-0.0799999999999983,0.29739895462989807,0.8137156367301941,1.360727310180664
20,1337,361,341,kl,86.96,-0.0800000000000125,0.28773069381713867,0.8030973672866821,1.3541266918182373
20,1337,362,342,kl,87.18,0.22000000000001307,0.26521235704421997,0.800864040851593,1.3330880403518677
20,1337,363,343,kl,87.04,-0.14000000000000057,0.2456926852464676,0.7952597737312317,1.3286347389221191
20,1337,364,344,kl,87.38,0.3399999999999892,0.2606978416442871,0.806743323802948,1.3236159086227417
20,1337,365,345,kl,87.14,-0.23999999999999488,0.2768547236919403,0.8064261078834534,1.35212242603302
20,1337,366,346,kl,87.36,0.21999999999999886,0.25614452362060547,0.8014316558837891,1.353930950164795
20,1337,367,347,kl,87.2,-0.1599999999999966,0.28111687302589417,0.8043341636657715,1.381900668144226
20,1337,368,348,kl,86.92,-0.28000000000000114,0.2808213233947754,0.8076610565185547,1.3704144954681396
20,1337,369,349,kl,87.34,0.4200000000000017,0.2771488130092621,0.8071190714836121,1.3450407981872559
20,1337,370,350,kl,87.34,0.0,0.310425341129303,0.8232061862945557,1.4123234748840332
20,1337,371,351,kl,87.16,-0.18000000000000682,0.3388911783695221,0.8452311754226685,1.4539798498153687
20,1337,372,352,kl,87.0,-0.1599999999999966,0.2626923620700836,0.8057260513305664,1.389936089515686
20,1337,373,353,kl,87.18,0.18000000000000682,0.29738831520080566,0.8307570815086365,1.3606680631637573
20,1337,374,354,kl,87.18,0.0,0.2636377215385437,0.813802182674408,1.395003080368042
20,1337,375,355,kl,87.3,0.11999999999999034,0.2868606448173523,0.8147383332252502,1.371595025062561
20,1337,376,356,kl,87.22,-0.0799999999999983,0.293853759765625,0.8307124972343445,1.4511381387710571
20,1337,377,357,kl,87.24,0.01999999999999602,0.3025027811527252,0.8260072469711304,1.4080240726470947
20,1337,378,358,ce,87.14,-0.09999999999999432,0.3311707675457001,0.8596585988998413,1.5845147371292114
20,1337,379,359,kl,87.2,0.060000000000002274,0.31607964634895325,0.8484330177307129,1.4209247827529907
20,1337,380,360,kl,86.88,-0.3200000000000074,0.3198995590209961,0.8495633602142334,1.4431596994400024
20,1337,381,361,kl,87.36,0.480000000000004,0.3157709538936615,0.8478292226791382,1.4182581901550293
20,1337,382,362,kl,87.46,0.09999999999999432,0.33013975620269775,0.8530754446983337,1.4660271406173706
20,1337,383,363,kl,87.08,-0.37999999999999545,0.2988438010215759,0.8447873592376709,1.3867285251617432
20,1337,384,364,kl,87.06,-0.01999999999999602,0.2971976101398468,0.8434374928474426,1.4149844646453857
20,1337,385,365,kl,86.98,-0.0799999999999983,0.30188530683517456,0.8535054922103882,1.4263064861297607
20,1337,386,366,kl,87.0,0.01999999999999602,0.3148965835571289,0.8627773523330688,1.4351059198379517
20,1337,387,367,kl,87.06,0.060000000000002274,0.26413464546203613,0.8396986722946167,1.4189234972000122
20,1337,388,368,kl,86.96,-0.10000000000000853,0.2937448024749756,0.8614296913146973,1.4749029874801636
20,1337,389,369,kl,87.12,0.1600000000000108,0.29065829515457153,0.8646377325057983,1.4350372552871704
20,1337,390,370,kl,87.0,-0.12000000000000455,0.2792789340019226,0.8354925513267517,1.4264626502990723
20,1337,391,371,kl,87.28,0.28000000000000114,0.264634370803833,0.8350732922554016,1.4462367296218872
20,1337,392,372,kl,87.18,-0.09999999999999432,0.31234660744667053,0.8691721558570862,1.4984301328659058
20,1337,393,373,kl,87.2,0.01999999999999602,0.2777783274650574,0.8438834547996521,1.4687224626541138
20,1337,394,374,kl,87.16,-0.04000000000000625,0.2972032427787781,0.8458914160728455,1.4529849290847778
20,1337,395,375,kl,87.28,0.12000000000000455,0.29082441329956055,0.8642939329147339,1.4966661930084229
20,1337,396,376,kl,87.16,-0.12000000000000455,0.2605944871902466,0.8436310291290283,1.4588570594787598
20,1337,397,377,kl,87.24,0.0799999999999983,0.32428061962127686,0.8675740361213684,1.5736747980117798
20,1337,398,378,kl,87.16,-0.0799999999999983,0.2878536880016327,0.8524541258811951,1.4801583290100098
20,1337,399,379,ce,87.06,-0.09999999999999432,0.3227309584617615,0.8986668586730957,1.6531060934066772
20,1337,400,380,kl,87.08,0.01999999999999602,0.2859386205673218,0.8654175400733948,1.463921308517456
20,1337,401,381,kl,87.2,0.12000000000000455,0.3206600546836853,0.8814229369163513,1.5085604190826416
20,1337,402,382,kl,87.18,-0.01999999999999602,0.31229108572006226,0.8688725233078003,1.4901657104492188
20,1337,403,383,kl,87.32,0.13999999999998636,0.2912048101425171,0.863897442817688,1.459830403327942
20,1337,404,384,kl,87.2,-0.11999999999999034,0.3325903117656708,0.9037919044494629,1.5367869138717651
20,1337,405,385,kl,87.3,0.09999999999999432,0.32261794805526733,0.8847686648368835,1.509857416152954
20,1337,406,386,kl,87.16,-0.14000000000000057,0.2889140248298645,0.8641149997711182,1.4596571922302246
20,1337,407,387,kl,87.08,-0.0799999999999983,0.2979995012283325,0.8732043504714966,1.5076990127563477
20,1337,408,388,kl,87.1,0.01999999999999602,0.2842400372028351,0.8680978417396545,1.568251609802246
20,1337,409,389,kl,87.12,0.020000000000010232,0.2912212610244751,0.8633044362068176,1.494999885559082
20,1337,410,390,kl,87.18,0.060000000000002274,0.3076176047325134,0.883560299873352,1.5023856163024902
20,1337,411,391,kl,87.0,-0.18000000000000682,0.30341073870658875,0.8894553780555725,1.4997919797897339
20,1337,412,392,kl,87.06,0.060000000000002274,0.32211601734161377,0.9015989303588867,1.591858983039856
20,1337,413,393,kl,86.96,-0.10000000000000853,0.284401535987854,0.8798419833183289,1.4514366388320923
20,1337,414,394,kl,87.16,0.20000000000000284,0.29205650091171265,0.879070520401001,1.525041937828064
20,1337,415,395,kl,87.06,-0.09999999999999432,0.31896913051605225,0.9044415950775146,1.5786668062210083
20,1337,416,396,kl,87.08,0.01999999999999602,0.2943255305290222,0.8908467888832092,1.51775062084198
20,1337,417,397,kl,87.08,0.0,0.26610612869262695,0.8804103136062622,1.5139875411987305
20,1337,418,398,kl,86.84,-0.23999999999999488,0.3074284791946411,0.9191053509712219,1.5792045593261719
20,1337,419,399,kl,87.1,0.2599999999999909,0.3268265426158905,0.9172402620315552,1.6294106245040894
20,1337,420,400,ce,87.08,-0.01999999999999602,0.4177229404449463,1.010894775390625,1.910685658454895
20,42,1,-19,kl,34.46,25.04,0.6687896251678467,1.0038710832595825,1.3627456426620483
20,42,2,-18,kl,48.82,14.36,0.632181704044342,0.6728265285491943,1.1822742223739624
20,42,3,-17,kl,51.92,3.1000000000000014,0.2867654263973236,0.5274187922477722,1.4177672863006592
20,42,4,-16,kl,60.56,8.64,0.5899580121040344,0.5655304789543152,1.3305251598358154
20,42,5,-15,kl,67.3,6.739999999999995,0.41566020250320435,0.4851645529270172,1.1536452770233154
20,42,6,-14,kl,69.68,2.3800000000000097,0.6253966093063354,0.5148114562034607,1.048170566558838
20,42,7,-13,kl,69.2,-0.480000000000004,0.5392330288887024,0.5087290406227112,1.0736106634140015
20,42,8,-12,kl,72.56,3.3599999999999994,0.3942795991897583,0.43015533685684204,1.0427221059799194
20,42,9,-11,kl,72.96,0.3999999999999915,0.6864447593688965,0.5134488940238953,1.0572832822799683
20,42,10,-10,kl,75.3,2.3400000000000034,0.6618547439575195,0.48985618352890015,1.0703048706054688
20,42,11,-9,kl,76.52,1.2199999999999989,0.41341283917427063,0.38971325755119324,0.7747809886932373
20,42,12,-8,kl,75.6,-0.9200000000000017,0.5209949016571045,0.5260429978370667,1.2101539373397827
20,42,13,-7,kl,77.42,1.8200000000000074,0.5224659442901611,0.453568696975708,0.9836591482162476
20,42,14,-6,kl,77.24,-0.18000000000000682,0.47806552052497864,0.44262439012527466,0.754249095916748
20,42,15,-5,kl,78.08,0.8400000000000034,0.6506167650222778,0.5842506885528564,1.1688814163208008
20,42,16,-4,kl,77.32,-0.7600000000000051,0.4041104316711426,0.4510308504104614,1.0775563716888428
20,42,17,-3,kl,77.16,-0.1599999999999966,0.43018490076065063,0.49622902274131775,1.065908432006836
20,42,18,-2,kl,78.64,1.480000000000004,0.5600941181182861,0.4582681655883789,0.9135755896568298
20,42,19,-1,kl,78.94,0.29999999999999716,0.41391831636428833,0.47433674335479736,1.0875158309936523
20,42,20,0,kl,78.42,-0.519999999999996,0.6232045888900757,0.539836049079895,1.092128038406372
20,42,21,1,ce,80.92,2.5,0.2232152670621872,0.3540574312210083,2.004910945892334
20,42,22,2,kl,79.56,-1.3599999999999994,0.4555498957633972,0.4386555254459381,0.828725278377533
20,42,23,3,kl,79.84,0.28000000000000114,0.628510057926178,0.46744415163993835,0.8641951084136963
20,42,24,4,kl,78.5,-1.3400000000000034,0.47680729627609253,0.4521678686141968,1.0194114446640015
20,42,25,5,kl,79.18,0.6800000000000068,0.451081246137619,0.44781097769737244,1.1600826978683472
20,42,26,6,kl,76.56,-2.6200000000000045,0.6163709163665771,0.5673240423202515,1.255742073059082
20,42,27,7,kl,80.08,3.519999999999996,0.6422086954116821,0.548482358455658,1.1496669054031372
20,42,28,8,kl,79.58,-0.5,0.4475696086883545,0.47527462244033813,1.0095781087875366
20,42,29,9,kl,80.36,0.7800000000000011,0.6947452425956726,0.564100444316864,1.0273634195327759
20,42,30,10,kl,81.58,1.2199999999999989,0.6862653493881226,0.5153695940971375,0.8969371914863586
20,42,31,11,kl,81.38,-0.20000000000000284,0.4367300570011139,0.44121626019477844,0.9869371652603149
20,42,32,12,kl,81.76,0.38000000000000966,0.5080341100692749,0.43843886256217957,0.782806396484375
20,42,33,13,kl,80.48,-1.2800000000000011,0.34966525435447693,0.45275765657424927,1.0686225891113281
20,42,34,14,kl,80.58,0.09999999999999432,0.35570958256721497,0.4583371579647064,1.1450395584106445
20,42,35,15,kl,81.46,0.8799999999999955,0.5354441404342651,0.4999640882015228,0.9436435103416443
20,42,36,16,kl,81.28,-0.1799999999999926,0.5332149267196655,0.4831776022911072,1.0058369636535645
20,42,37,17,kl,81.38,0.09999999999999432,0.3510568141937256,0.4291330873966217,0.8931127190589905
20,42,38,18,kl,81.14,-0.23999999999999488,0.551903247833252,0.4864954948425293,1.0110622644424438
20,42,39,19,kl,79.88,-1.2600000000000051,0.7263104915618896,0.5461860299110413,0.9070590734481812
20,42,40,20,kl,78.64,-1.2399999999999949,0.6522696018218994,0.6100203394889832,1.2996331453323364
20,42,41,21,kl,82.12,3.480000000000004,0.5194262862205505,0.4556178152561188,0.7618036270141602
20,42,42,22,ce,83.02,0.8999999999999915,0.18205714225769043,0.33113279938697815,1.7870982885360718
20,42,43,23,kl,80.1,-2.9200000000000017,0.6670396327972412,0.5799223780632019,1.2383211851119995
20,42,44,24,kl,81.04,0.9400000000000119,0.613589882850647,0.5191899538040161,0.9461784362792969
20,42,45,25,kl,80.48,-0.5600000000000023,0.7476490139961243,0.622303307056427,1.3326592445373535
20,42,46,26,kl,82.36,1.8799999999999955,0.6999220848083496,0.5515776872634888,0.9732418656349182
20,42,47,27,kl,81.46,-0.9000000000000057,0.5994346141815186,0.5092821717262268,1.1118664741516113
20,42,48,28,kl,83.02,1.5600000000000023,0.373248428106308,0.4212971031665802,0.732109785079956
20,42,49,29,kl,82.12,-0.8999999999999915,0.5826183557510376,0.5020515322685242,0.8484355211257935
20,42,50,30,kl,82.04,-0.0799999999999983,0.5826844573020935,0.4902106523513794,0.9042262434959412
20,42,51,31,kl,80.68,-1.3599999999999994,0.28063374757766724,0.4203146696090698,1.0417792797088623
20,42,52,32,kl,79.44,-1.240000000000009,0.7048447132110596,0.6603632569313049,1.3687609434127808
20,42,53,33,kl,80.98,1.5400000000000063,0.6555517911911011,0.5555806756019592,1.2247954607009888
20,42,54,34,kl,81.22,0.23999999999999488,0.4827355444431305,0.5095799565315247,1.0847179889678955
20,42,55,35,kl,82.38,1.1599999999999966,0.6015433669090271,0.5127597451210022,1.1085764169692993
20,42,56,36,kl,81.9,-0.47999999999998977,0.4791736602783203,0.4647769629955292,0.9999560713768005
20,42,57,37,kl,81.38,-0.5200000000000102,0.5976516008377075,0.4992343485355377,1.031320571899414
20,42,58,38,kl,81.12,-0.2599999999999909,0.6063902974128723,0.5425610542297363,1.161228895187378
20,42,59,39,kl,82.0,0.8799999999999955,0.6505708694458008,0.48397406935691833,0.866531491279602
20,42,60,40,kl,81.44,-0.5600000000000023,0.6181268692016602,0.5125267505645752,1.002547025680542
20,42,61,41,kl,82.82,1.3799999999999955,0.38276246190071106,0.43448445200920105,0.7747750878334045
20,42,62,42,kl,81.24,-1.5799999999999983,0.5382065773010254,0.4747900366783142,0.8904885053634644
20,42,63,43,ce,81.74,0.5,0.2674708068370819,0.39504915475845337,1.8074427843093872
20,42,64,44,kl,82.44,0.7000000000000028,0.40026211738586426,0.43686750531196594,0.8579919934272766
20,42,65,45,kl,82.1,-0.3400000000000034,0.2850707471370697,0.4291726350784302,1.0239646434783936
20,42,66,46,kl,81.8,-0.29999999999999716,0.47172248363494873,0.46572914719581604,1.0861058235168457
20,42,67,47,kl,80.78,-1.019999999999996,0.6007634401321411,0.531535804271698,0.9471161365509033
20,42,68,48,kl,82.32,1.539999999999992,0.4892982244491577,0.46838387846946716,0.9135910272598267
20,42,69,49,kl,83.32,1.0,0.5773828029632568,0.47440531849861145,0.7318244576454163
20,42,70,50,kl,82.92,-0.3999999999999915,0.6700838804244995,0.5495483875274658,1.0223586559295654
20,42,71,51,kl,81.42,-1.5,0.5342703461647034,0.492374986410141,0.899213433265686
20,42,72,52,kl,81.68,0.2600000000000051,0.6469110250473022,0.563714325428009,1.1135927438735962
20,42,73,53,kl,82.3,0.6199999999999903,0.4323854446411133,0.47644850611686707,0.8323422074317932
20,42,74,54,kl,83.56,1.2600000000000051,0.5339603424072266,0.49853119254112244,0.9447057247161865
20,42,75,55,kl,82.46,-1.1000000000000085,0.4934956729412079,0.4576820731163025,0.9486114978790283
20,42,76,56,kl,82.36,-0.09999999999999432,0.5198141932487488,0.4887745678424835,0.9788904190063477
20,42,77,57,kl,84.12,1.7600000000000051,0.5746023654937744,0.45716655254364014,0.839090883731842
20,42,78,58,kl,82.82,-1.3000000000000114,0.47416138648986816,0.4619298577308655,0.9298743605613708
20,42,79,59,kl,82.46,-0.35999999999999943,0.45605629682540894,0.4945000112056732,1.0539524555206299
20,42,80,60,kl,83.04,0.5800000000000125,0.440436989068985,0.4626547396183014,0.9533988237380981
20,42,81,61,kl,81.5,-1.5400000000000063,0.4242798686027527,0.4717024266719818,0.8360358476638794
20,42,82,62,kl,82.24,0.7399999999999949,0.5824029445648193,0.5254793167114258,1.0696355104446411
20,42,83,63,kl,83.48,1.240000000000009,0.5745258331298828,0.4953899085521698,0.9804010987281799
20,42,84,64,ce,83.28,-0.20000000000000284,0.21013687551021576,0.37882980704307556,1.592856526374817
20,42,85,65,kl,81.32,-1.960000000000008,0.49146026372909546,0.5145595073699951,0.9767118692398071
20,42,86,66,kl,83.18,1.8600000000000136,0.41902756690979004,0.42923399806022644,0.8195415735244751
20,42,87,67,kl,81.96,-1.220000000000013,0.5716529488563538,0.5303671956062317,1.179060459136963
20,42,88,68,kl,81.8,-0.1599999999999966,0.5755904912948608,0.5109954476356506,1.0625133514404297
20,42,89,69,kl,83.0,1.2000000000000028,0.6146620512008667,0.5347941517829895,0.9818314909934998
20,42,90,70,kl,82.78,-0.21999999999999886,0.3750150203704834,0.44509652256965637,0.8054909706115723
20,42,91,71,kl,81.56,-1.2199999999999989,0.5283752679824829,0.49047085642814636,0.9633135199546814
20,42,92,72,kl,81.32,-0.2400000000000091,0.546410083770752,0.5006474852561951,0.9998030662536621
20,42,93,73,kl,81.44,0.12000000000000455,0.6643674373626709,0.576454758644104,1.0727416276931763
20,42,94,74,kl,82.9,1.460000000000008,0.546485185623169,0.4679121673107147,0.7765913605690002
20,42,95,75,kl,78.46,-4.440000000000012,0.6290587782859802,0.5381172299385071,1.3386584520339966
20,42,96,76,kl,83.24,4.780000000000001,0.6192346215248108,0.5145024061203003,0.877694845199585
20,42,97,77,kl,81.68,-1.559999999999988,0.6404580473899841,0.5563724637031555,1.0436378717422485
20,42,98,78,kl,82.88,1.1999999999999886,0.29033762216567993,0.43777692317962646,0.8784632682800293
20,42,99,79,kl,82.96,0.0799999999999983,0.6925678253173828,0.5948359966278076,1.2507834434509277
20,42,100,80,kl,82.88,-0.0799999999999983,0.38380303978919983,0.43166399002075195,0.9844366312026978
20,42,101,81,kl,82.06,-0.8199999999999932,0.5969582796096802,0.5259206891059875,1.0844935178756714
20,42,102,82,kl,83.5,1.4399999999999977,0.48990869522094727,0.4649799168109894,0.9214087128639221
20,42,103,83,kl,82.34,-1.1599999999999966,0.6771613359451294,0.5601924061775208,0.9170546531677246
20,42,104,84,kl,81.96,-0.38000000000000966,0.7207750082015991,0.5817005038261414,1.3005231618881226
20,42,105,85,ce,82.9,0.9400000000000119,0.20322205126285553,0.3547004461288452,1.7493607997894287
20,42,106,86,kl,82.08,-0.8200000000000074,0.5588714480400085,0.4878638982772827,0.8969398140907288
20,42,107,87,kl,77.92,-4.159999999999997,0.6525164842605591,0.660668134689331,1.4164572954177856
20,42,108,88,kl,83.0,5.079999999999998,0.5462592840194702,0.4639507532119751,1.0430198907852173
20,42,109,89,kl,82.5,-0.5,0.4701223373413086,0.4687761962413788,0.7958940863609314
20,42,110,90,kl,83.06,0.5600000000000023,0.2930903434753418,0.4108591079711914,0.9473820328712463
20,42,111,91,kl,83.46,0.3999999999999915,0.5356928110122681,0.47497883439064026,0.7928259372711182
20,42,112,92,kl,80.86,-2.5999999999999943,0.5829212665557861,0.49444374442100525,0.9626407623291016
20,42,113,93,kl,80.72,-0.14000000000000057,0.7068515419960022,0.6255336403846741,1.150481104850769
20,42,114,94,kl,82.64,1.9200000000000017,0.5590192079544067,0.4816862642765045,0.8138706088066101
20,42,115,95,kl,83.22,0.5799999999999983,0.602289080619812,0.49300408363342285,0.8955492377281189
20,42,116,96,kl,82.56,-0.6599999999999966,0.516876757144928,0.46177324652671814,0.8923429250717163
20,42,117,97,kl,82.76,0.20000000000000284,0.6468859910964966,0.571253776550293,1.1571446657180786
20,42,118,98,kl,82.64,-0.12000000000000455,0.6286858320236206,0.5636242628097534,1.1466877460479736
20,42,119,99,kl,81.04,-1.5999999999999943,0.6529719829559326,0.5607516765594482,1.2020357847213745
20,42,120,100,kl,81.22,0.1799999999999926,0.6295284032821655,0.5124571919441223,0.9336134195327759
20,42,121,101,kl,82.34,1.1200000000000045,0.3891233205795288,0.45020636916160583,0.9356449246406555
20,42,122,102,kl,83.36,1.019999999999996,0.6215118765830994,0.5175111293792725,0.8769611716270447
20,42,123,103,kl,82.98,-0.37999999999999545,0.4060218334197998,0.45786818861961365,0.9688202738761902
20,42,124,104,kl,81.22,-1.7600000000000051,0.6020946502685547,0.5230340957641602,0.9436856508255005
20,42,125,105,kl,81.66,0.4399999999999977,0.6245014667510986,0.5433876514434814,0.9406670928001404
20,42,126,106,ce,83.44,1.7800000000000011,0.3118894100189209,0.38473889231681824,1.6782810688018799
20,42,127,107,kl,83.06,-0.37999999999999545,0.5479826927185059,0.49567270278930664,0.9391517639160156
20,42,128,108,kl,82.6,-0.46000000000000796,0.5733418464660645,0.49960505962371826,0.726299524307251
20,42,129,109,kl,82.14,-0.45999999999999375,0.5717798471450806,0.5064323544502258,1.0398635864257812
20,42,130,110,kl,81.74,-0.4000000000000057,0.5445013642311096,0.4915182590484619,0.9915787577629089
20,42,131,111,kl,83.32,1.5799999999999983,0.5760171413421631,0.5166754722595215,0.8715611100196838
20,42,132,112,kl,83.3,-0.01999999999999602,0.43233758211135864,0.48221465945243835,1.0644785165786743
20,42,133,113,kl,83.78,0.480000000000004,0.4893260896205902,0.4577593505382538,0.843084990978241
20,42,134,114,kl,82.8,-0.980000000000004,0.4694535732269287,0.4638788104057312,1.0145951509475708
20,42,135,115,kl,82.9,0.10000000000000853,0.42554619908332825,0.4130341708660126,0.8797956109046936
20,42,136,116,kl,83.36,0.45999999999999375,0.41413214802742004,0.4642976224422455,0.9883476495742798
20,42,137,117,kl,81.8,-1.5600000000000023,0.6384178400039673,0.5736029744148254,1.062965989112854
20,42,138,118,kl,81.74,-0.060000000000002274,0.6533955335617065,0.5569489598274231,0.980361819267273
20,42,139,119,kl,84.12,2.3800000000000097,0.4522950053215027,0.472674697637558,0.8920968770980835
20,42,140,120,kl,82.36,-1.7600000000000051,0.3242105543613434,0.4280332326889038,0.9622713327407837
20,42,141,121,kl,82.96,0.5999999999999943,0.5266438722610474,0.5100902915000916,0.9180217981338501
20,42,142,122,kl,83.66,0.7000000000000028,0.5415730476379395,0.4891386926174164,0.9633401036262512
20,42,143,123,kl,82.8,-0.8599999999999994,0.3734121322631836,0.4596171975135803,0.8111732006072998
20,42,144,124,kl,83.08,0.28000000000000114,0.4614863395690918,0.5136429071426392,1.0124512910842896
20,42,145,125,kl,83.7,0.6200000000000045,0.5571917295455933,0.5246268510818481,1.0378824472427368
20,42,146,126,kl,83.82,0.11999999999999034,0.5082999467849731,0.47354018688201904,0.8042659759521484
20,42,147,127,ce,82.66,-1.1599999999999966,0.23969055712223053,0.3681821823120117,1.538356065750122
20,42,148,128,kl,82.0,-0.6599999999999966,0.605699896812439,0.53440922498703,1.0597944259643555
20,42,149,129,kl,82.68,0.6800000000000068,0.4406459927558899,0.46725913882255554,0.9531601071357727
20,42,150,130,kl,82.3,-0.38000000000000966,0.6319093704223633,0.5397202968597412,1.1567366123199463
20,42,151,131,kl,82.7,0.4000000000000057,0.5335479974746704,0.5058810114860535,0.9508612155914307
20,42,152,132,kl,81.22,-1.480000000000004,0.5762616991996765,0.527049720287323,1.0814719200134277
20,42,153,133,kl,83.08,1.8599999999999994,0.6051279306411743,0.5188696384429932,0.943626344203949
20,42,154,134,kl,79.94,-3.1400000000000006,0.6385369300842285,0.5473024249076843,1.226080298423767
20,42,155,135,kl,83.16,3.219999999999999,0.5713692903518677,0.5176153779029846,0.9403105974197388
20,42,156,136,kl,82.52,-0.6400000000000006,0.5612585544586182,0.5160452723503113,0.859305202960968
20,42,157,137,kl,83.18,0.6600000000000108,0.425912082195282,0.5025647282600403,0.9097853302955627
20,42,158,138,kl,83.58,0.3999999999999915,0.5167315602302551,0.49301663041114807,0.9445570111274719
20,42,159,139,kl,82.44,-1.1400000000000006,0.4920726418495178,0.4528389275074005,0.8793865442276001
20,42,160,140,kl,80.96,-1.480000000000004,0.5034927129745483,0.5198342204093933,1.1341357231140137
20,42,161,141,kl,82.2,1.240000000000009,0.5718839764595032,0.5191556811332703,0.9247692227363586
20,42,162,142,kl,82.06,-0.14000000000000057,0.5572733879089355,0.5188890695571899,1.0838472843170166
20,42,163,143,kl,82.72,0.6599999999999966,0.4337104558944702,0.453014612197876,0.7496548295021057
20,42,164,144,kl,82.66,-0.060000000000002274,0.6190646886825562,0.4933180510997772,0.8426052927970886
20,42,165,145,kl,82.44,-0.21999999999999886,0.33652347326278687,0.4263443946838379,0.9205194115638733
20,42,166,146,kl,82.48,0.04000000000000625,0.6275873780250549,0.5297806859016418,0.9009851813316345
20,42,167,147,kl,82.32,-0.1600000000000108,0.4524557590484619,0.5173730254173279,1.1070923805236816
20,42,168,148,ce,82.94,0.6200000000000045,0.27107638120651245,0.3995130956172943,1.7721538543701172
20,42,169,149,kl,83.18,0.2400000000000091,0.5130524039268494,0.5146199464797974,1.0291814804077148
20,42,170,150,kl,84.14,0.9599999999999937,0.45834892988204956,0.4530564248561859,0.7409591674804688
20,42,171,151,kl,81.5,-2.6400000000000006,0.6184098124504089,0.6129277944564819,1.1131786108016968
20,42,172,152,kl,82.34,0.8400000000000034,0.48775556683540344,0.488882839679718,0.9447055459022522
20,42,173,153,kl,82.36,0.01999999999999602,0.6371058225631714,0.5201144218444824,1.1374506950378418
20,42,174,154,kl,82.3,-0.060000000000002274,0.5286192893981934,0.5047897100448608,1.0324584245681763
20,42,175,155,kl,82.08,-0.21999999999999886,0.60666424036026,0.5316720008850098,1.1411086320877075
20,42,176,156,kl,82.54,0.46000000000000796,0.5841776132583618,0.5429841876029968,0.9956531524658203
20,42,177,157,kl,83.32,0.7799999999999869,0.5180035829544067,0.46216917037963867,1.004205584526062
20,42,178,158,kl,82.7,-0.6199999999999903,0.4965837299823761,0.49382585287094116,0.8436760902404785
20,42,179,159,kl,83.0,0.29999999999999716,0.4671304523944855,0.47739356756210327,0.9793012142181396
20,42,180,160,kl,83.74,0.7399999999999949,0.6126477718353271,0.5000606179237366,0.9516330361366272
20,42,181,161,kl,83.04,-0.6999999999999886,0.48659563064575195,0.4872879981994629,0.9726464748382568
20,42,182,162,kl,81.78,-1.2600000000000051,0.4758388102054596,0.4721836447715759,0.8542770743370056
20,42,183,163,kl,82.84,1.0600000000000023,0.42705845832824707,0.45853346586227417,1.0112437009811401
20,42,184,164,kl,83.62,0.7800000000000011,0.3399021625518799,0.413730263710022,0.7582170963287354
20,42,185,165,kl,83.44,-0.18000000000000682,0.45720621943473816,0.47013407945632935,0.8922856450080872
20,42,186,166,kl,83.88,0.4399999999999977,0.5286625027656555,0.4907873272895813,0.8120629787445068
20,42,187,167,kl,82.3,-1.5799999999999983,0.5783716440200806,0.5072996020317078,0.8488106727600098
20,42,188,168,kl,83.76,1.460000000000008,0.5386350154876709,0.4856358468532562,0.8781501054763794
20,42,189,169,ce,83.2,-0.5600000000000023,0.3467983603477478,0.441217839717865,1.7298963069915771
20,42,190,170,kl,82.88,-0.3200000000000074,0.38118383288383484,0.44834813475608826,0.8464733958244324
20,42,191,171,kl,81.18,-1.6999999999999886,0.6477838754653931,0.6361285448074341,1.3555270433425903
20,42,192,172,kl,82.34,1.1599999999999966,0.4803902506828308,0.4741026759147644,0.9359664916992188
20,42,193,173,kl,82.8,0.45999999999999375,0.3563278317451477,0.4625698924064636,0.9720357656478882
20,42,194,174,kl,83.2,0.4000000000000057,0.48028138279914856,0.4714950621128082,0.858823299407959
20,42,195,175,kl,82.82,-0.38000000000000966,0.4659455418586731,0.48421016335487366,0.9941899180412292
20,42,196,176,kl,83.48,0.6600000000000108,0.6185832023620605,0.4952305853366852,1.0144176483154297
20,42,197,177,kl,83.36,-0.12000000000000455,0.36215800046920776,0.43497785925865173,0.8700127601623535
20,42,198,178,kl,83.04,-0.3199999999999932,0.5727064609527588,0.4757572412490845,0.7524893879890442
20,42,199,179,kl,82.02,-1.0200000000000102,0.48343706130981445,0.46613040566444397,0.9360910058021545
20,42,200,180,kl,81.88,-0.14000000000000057,0.6894913911819458,0.596924901008606,1.1377791166305542
20,42,201,181,kl,83.72,1.8400000000000034,0.45068293809890747,0.44570663571357727,1.0248183012008667
20,42,202,182,kl,83.06,-0.6599999999999966,0.4531181752681732,0.48541954159736633,0.808509111404419
20,42,203,183,kl,82.44,-0.6200000000000045,0.4871926009654999,0.48291105031967163,0.9216000437736511
20,42,204,184,kl,82.86,0.4200000000000017,0.49737387895584106,0.5238866806030273,0.9607521891593933
20,42,205,185,kl,82.02,-0.8400000000000034,0.6947423219680786,0.5681189298629761,1.12631094455719
20,42,206,186,kl,83.46,1.4399999999999977,0.5541682243347168,0.5383890867233276,1.003089427947998
20,42,207,187,kl,83.74,0.28000000000000114,0.6265943646430969,0.5388512015342712,0.8837229013442993
20,42,208,188,kl,83.82,0.0799999999999983,0.5385153293609619,0.4825017750263214,0.9258573651313782
20,42,209,189,kl,83.0,-0.8199999999999932,0.4920516014099121,0.504414975643158,0.9990482926368713
20,42,210,190,ce,82.48,-0.519999999999996,0.249359130859375,0.3549180030822754,1.758657455444336
20,42,211,191,kl,82.1,-0.38000000000000966,0.576640248298645,0.5211355686187744,1.0479172468185425
20,42,212,192,kl,83.1,1.0,0.3738729953765869,0.44501203298568726,0.8334828615188599
20,42,213,193,kl,82.9,-0.19999999999998863,0.6331321597099304,0.5199410915374756,0.9698736667633057
20,42,214,194,kl,84.12,1.2199999999999989,0.5676043033599854,0.47862809896469116,0.9136322140693665
20,42,215,195,kl,81.72,-2.4000000000000057,0.49359840154647827,0.5353428721427917,0.9661599397659302
20,42,216,196,kl,82.38,0.6599999999999966,0.6443909406661987,0.542194664478302,1.0006455183029175
20,42,217,197,kl,83.02,0.6400000000000006,0.6142077445983887,0.5049174427986145,0.9615691900253296
20,42,218,198,kl,84.2,1.1800000000000068,0.3432528078556061,0.452231764793396,0.8262737393379211
20,42,219,199,kl,81.8,-2.4000000000000057,0.5861251354217529,0.4933299720287323,1.0438991785049438
20,42,220,200,kl,83.26,1.460000000000008,0.6112231016159058,0.5046716928482056,0.982810914516449
20,42,221,201,kl,84.1,0.8399999999999892,0.5840166807174683,0.4964199960231781,0.8659163117408752
20,42,222,202,kl,83.4,-0.6999999999999886,0.48871752619743347,0.4762013554573059,0.9230036735534668
20,42,223,203,kl,81.64,-1.7600000000000051,0.4944833517074585,0.48105448484420776,0.7507079839706421
20,42,224,204,kl,83.3,1.6599999999999966,0.5549904704093933,0.5173930525779724,0.8912075161933899
20,42,225,205,kl,81.32,-1.980000000000004,0.6258850693702698,0.5529124736785889,1.0570114850997925
20,42,226,206,kl,82.08,0.7600000000000051,0.5425235629081726,0.519146740436554,1.0278468132019043
20,42,227,207,kl,83.32,1.2399999999999949,0.5955948233604431,0.5165005326271057,0.8664806485176086
20,42,228,208,kl,82.86,-0.45999999999999375,0.3385680615901947,0.4503808915615082,1.0276477336883545
20,42,229,209,kl,82.72,-0.14000000000000057,0.5483424663543701,0.5039048790931702,0.9473602175712585
20,42,230,210,kl,83.02,0.29999999999999716,0.3349861800670624,0.4489254057407379,0.9575170874595642
20,42,231,211,ce,81.98,-1.039999999999992,0.17655491828918457,0.3572869896888733,1.6670409440994263
20,42,232,212,kl,86.68,4.700000000000003,0.2251470685005188,0.3948163390159607,0.681635856628418
20,42,233,213,kl,86.98,0.29999999999999716,0.2976214289665222,0.4106619358062744,0.6684479117393494
20,42,234,214,kl,87.14,0.1599999999999966,0.32565486431121826,0.41557708382606506,0.67960524559021
20,42,235,215,kl,87.4,0.2600000000000051,0.3453816771507263,0.4263263940811157,0.6359228491783142
20,42,236,216,kl,87.32,-0.0800000000000125,0.3020195960998535,0.41281455755233765,0.7086079716682434
20,42,237,217,kl,87.46,0.14000000000000057,0.27393826842308044,0.4175303876399994,0.7193231582641602
20,42,238,218,kl,87.22,-0.23999999999999488,0.27321308851242065,0.41927263140678406,0.7102447152137756
20,42,239,219,kl,87.4,0.18000000000000682,0.30297061800956726,0.4315388798713684,0.6688513159751892
20,42,240,220,kl,87.82,0.4199999999999875,0.2690083384513855,0.4227709472179413,0.7128870487213135
20,42,241,221,kl,87.1,-0.7199999999999989,0.2935054302215576,0.43666648864746094,0.7617697715759277
20,42,242,222,kl,87.36,0.2600000000000051,0.2735317349433899,0.4316222667694092,0.7606825828552246
20,42,243,223,kl,87.4,0.04000000000000625,0.36019086837768555,0.46795207262039185,0.7013013362884521
20,42,244,224,kl,87.44,0.03999999999999204,0.240609809756279,0.4401756823062897,0.7095857262611389
20,42,245,225,kl,87.36,-0.0799999999999983,0.30619901418685913,0.4580330550670624,0.7843170762062073
20,42,246,226,kl,87.48,0.12000000000000455,0.25159573554992676,0.4424302875995636,0.7258998155593872
20,42,247,227,kl,87.42,-0.060000000000002274,0.2488051801919937,0.44570890069007874,0.7767362594604492
20,42,248,228,kl,87.38,-0.04000000000000625,0.29854241013526917,0.4721890091896057,0.7002748250961304
20,42,249,229,kl,87.34,-0.03999999999999204,0.33745813369750977,0.48229631781578064,0.7702443599700928
20,42,250,230,kl,87.46,0.11999999999999034,0.29982781410217285,0.46585458517074585,0.7286632657051086
20,42,251,231,kl,87.3,-0.1599999999999966,0.34427836537361145,0.4909387230873108,0.7962588667869568
20,42,252,232,ce,87.56,0.2600000000000051,0.2201523780822754,0.4504222571849823,1.1016058921813965
20,42,253,233,kl,87.54,-0.01999999999999602,0.3420458436012268,0.4885933995246887,0.8096312880516052
20,42,254,234,kl,87.36,-0.18000000000000682,0.3154633045196533,0.4934860169887543,0.8335956931114197
20,42,255,235,kl,87.36,0.0,0.3674967586994171,0.5046709179878235,0.8688138127326965
20,42,256,236,kl,87.76,0.4000000000000057,0.35387319326400757,0.5028680562973022,0.8917825818061829
20,42,257,237,kl,87.66,-0.10000000000000853,0.21446605026721954,0.4909384846687317,0.8372762799263
20,42,258,238,kl,87.44,-0.21999999999999886,0.26007500290870667,0.4944972097873688,0.8584910035133362
20,42,259,239,kl,87.2,-0.23999999999999488,0.34022191166877747,0.5314986109733582,0.8200255036354065
20,42,260,240,kl,87.46,0.2599999999999909,0.36942678689956665,0.5584388971328735,0.8780826926231384
20,42,261,241,kl,87.36,-0.09999999999999432,0.2424471527338028,0.5086957216262817,0.8019684553146362
20,42,262,242,kl,87.6,0.23999999999999488,0.3408178687095642,0.5382296442985535,0.7772284150123596
20,42,263,243,kl,87.34,-0.2599999999999909,0.25152087211608887,0.5152332782745361,0.8051163554191589
20,42,264,244,kl,87.52,0.1799999999999926,0.2604770064353943,0.5220795273780823,0.8314192295074463
20,42,265,245,kl,87.42,-0.09999999999999432,0.2699713408946991,0.5367536544799805,0.8206136226654053
20,42,266,246,kl,87.5,0.0799999999999983,0.32217639684677124,0.5437325239181519,0.8990347981452942
20,42,267,247,kl,87.3,-0.20000000000000284,0.3916528820991516,0.5789717435836792,0.9696537256240845
20,42,268,248,kl,87.56,0.2600000000000051,0.32597410678863525,0.5576463937759399,0.9316542744636536
20,42,269,249,kl,87.04,-0.519999999999996,0.3236082196235657,0.5740672945976257,0.9644763469696045
20,42,270,250,kl,87.6,0.5599999999999881,0.3122825026512146,0.5672694444656372,0.9298565983772278
20,42,271,251,kl,87.14,-0.45999999999999375,0.3878657817840576,0.6037791967391968,0.9010998606681824
20,42,272,252,kl,87.58,0.4399999999999977,0.22269544005393982,0.5494277477264404,0.8553822040557861
20,42,273,253,ce,87.38,-0.20000000000000284,0.25235673785209656,0.563787579536438,1.0729929208755493
20,42,274,254,kl,87.8,0.4200000000000017,0.3514018952846527,0.5792279243469238,1.021748423576355
20,42,275,255,kl,87.64,-0.1599999999999966,0.2991265058517456,0.5898720622062683,1.0345885753631592
20,42,276,256,kl,87.68,0.04000000000000625,0.30459272861480713,0.5967600345611572,0.9348961114883423
20,42,277,257,kl,87.96,0.2799999999999869,0.2709256112575531,0.5803912281990051,0.8908875584602356
20,42,278,258,kl,87.72,-0.23999999999999488,0.3077312111854553,0.5989354848861694,0.9890412092208862
20,42,279,259,kl,87.32,-0.4000000000000057,0.20617413520812988,0.5689870715141296,0.9324357509613037
20,42,280,260,kl,87.52,0.20000000000000284,0.24885526299476624,0.5705710649490356,0.9811366200447083
20,42,281,261,kl,87.9,0.38000000000000966,0.35795897245407104,0.6144935488700867,1.0682663917541504
20,42,282,262,kl,87.26,-0.6400000000000006,0.3100058436393738,0.6061767935752869,0.9138596653938293
20,42,283,263,kl,87.58,0.3199999999999932,0.30837276577949524,0.6257258653640747,0.9683329463005066
20,42,284,264,kl,87.24,-0.3400000000000034,0.322828471660614,0.6441439390182495,0.9913300275802612
20,42,285,265,kl,87.48,0.2400000000000091,0.3159221410751343,0.624859631061554,0.9624706506729126
20,42,286,266,kl,87.54,0.060000000000002274,0.29017287492752075,0.6259625554084778,1.0109450817108154
20,42,287,267,kl,87.2,-0.3400000000000034,0.42986220121383667,0.6972513198852539,1.056286096572876
20,42,288,268,kl,87.58,0.37999999999999545,0.3085539937019348,0.6408833265304565,0.9276527166366577
20,42,289,269,kl,87.02,-0.5600000000000023,0.3160524368286133,0.6444442272186279,1.1167964935302734
20,42,290,270,kl,87.52,0.5,0.33654671907424927,0.6955106854438782,1.0592745542526245
20,42,291,271,kl,87.58,0.060000000000002274,0.30524247884750366,0.6616650223731995,1.065963864326477
20,42,292,272,kl,87.52,-0.060000000000002274,0.2839215397834778,0.6618798971176147,1.0634796619415283
20,42,293,273,kl,87.38,-0.14000000000000057,0.4089980721473694,0.729895293712616,1.1227011680603027
20,42,294,274,ce,87.2,-0.1799999999999926,0.24658790230751038,0.6448292136192322,1.396925687789917
20,42,295,275,kl,87.4,0.20000000000000284,0.23123079538345337,0.6232640743255615,1.086463212966919
20,42,296,276,kl,87.4,0.0,0.2875573933124542,0.6464207768440247,1.104907512664795
20,42,297,277,kl,87.38,-0.020000000000010232,0.29963845014572144,0.647977888584137,1.0135773420333862
20,42,298,278,kl,87.4,0.020000000000010232,0.4549197554588318,0.7383831143379211,1.296463131904602
20,42,299,279,kl,87.14,-0.2600000000000051,0.46155238151550293,0.744409441947937,1.1518880128860474
20,42,300,280,kl,87.72,0.5799999999999983,0.3222009837627411,0.6929195523262024,1.0922651290893555
20,42,301,281,kl,87.24,-0.480000000000004,0.4260145425796509,0.7428750991821289,1.0566468238830566
20,42,302,282,kl,87.3,0.060000000000002274,0.3426886796951294,0.7129341959953308,1.1723392009735107
20,42,303,283,kl,87.12,-0.1799999999999926,0.411521315574646,0.7305535078048706,1.2129853963851929
20,42,304,284,kl,87.18,0.060000000000002274,0.4235575795173645,0.7474967837333679,1.1094392538070679
20,42,305,285,kl,87.16,-0.020000000000010232,0.42103636264801025,0.7331776022911072,1.1360383033752441
20,42,306,286,kl,87.06,-0.09999999999999432,0.37006866931915283,0.7401766180992126,1.1179676055908203
20,42,307,287,kl,87.56,0.5,0.35309267044067383,0.7555171251296997,1.1794612407684326
20,42,308,288,kl,87.42,-0.14000000000000057,0.37426602840423584,0.7154775261878967,1.1944937705993652
20,42,309,289,kl,87.34,-0.0799999999999983,0.4418051242828369,0.7560554146766663,1.3852108716964722
20,42,310,290,kl,87.28,-0.060000000000002274,0.4596470594406128,0.8072209358215332,1.2169675827026367
20,42,311,291,kl,87.32,0.03999999999999204,0.472665011882782,0.8079697489738464,1.2225672006607056
20,42,312,292,kl,87.4,0.0800000000000125,0.44799116253852844,0.7995016574859619,1.3629648685455322
20,42,313,293,kl,87.46,0.05999999999998806,0.2775629758834839,0.7126255631446838,1.2253129482269287
20,42,314,294,kl,86.96,-0.5,0.28597596287727356,0.7375189065933228,1.1125462055206299
20,42,315,295,ce,86.74,-0.21999999999999886,0.23970110714435577,0.7090986967086792,1.4418781995773315
20,42,316,296,kl,87.08,0.3400000000000034,0.33748650550842285,0.740031898021698,1.266831636428833
20,42,317,297,kl,86.96,-0.12000000000000455,0.45671403408050537,0.7966163754463196,1.3952851295471191
20,42,318,298,kl,87.4,0.44000000000001194,0.4538424611091614,0.8175674080848694,1.3347761631011963
20,42,319,299,kl,87.12,-0.28000000000000114,0.4307626187801361,0.8432093858718872,1.3490277528762817
20,42,320,300,kl,86.98,-0.14000000000000057,0.33321714401245117,0.7819254994392395,1.2532291412353516
20,42,321,301,kl,86.8,-0.18000000000000682,0.4103907346725464,0.8364990949630737,1.2157258987426758
20,42,322,302,kl,87.02,0.21999999999999886,0.4097219407558441,0.8248255252838135,1.2370717525482178
20,42,323,303,kl,86.94,-0.0799999999999983,0.44388318061828613,0.8773903250694275,1.3586905002593994
20,42,324,304,kl,87.08,0.14000000000000057,0.374268114566803,0.816437840461731,1.1445939540863037
20,42,325,305,kl,86.7,-0.37999999999999545,0.4406707286834717,0.8295035362243652,1.3077999353408813
20,42,326,306,kl,86.92,0.21999999999999886,0.4108623266220093,0.8345165252685547,1.223267912864685
20,42,327,307,kl,86.56,-0.35999999999999943,0.4824093282222748,0.8873286843299866,1.4170405864715576
20,42,328,308,kl,86.9,0.3400000000000034,0.38429421186447144,0.8237497806549072,1.2500953674316406
20,42,329,309,kl,87.02,0.11999999999999034,0.37436148524284363,0.8332207798957825,1.4303300380706787
20,42,330,310,kl,86.46,-0.5600000000000023,0.37505316734313965,0.8294508457183838,1.2795850038528442
20,42,331,311,kl,87.24,0.7800000000000011,0.490527868270874,0.9190400838851929,1.4294953346252441
20,42,332,312,kl,87.2,-0.03999999999999204,0.43933483958244324,0.8921695351600647,1.3291469812393188
20,42,333,313,kl,87.1,-0.10000000000000853,0.4171658158302307,0.896660566329956,1.3424934148788452
20,42,334,314,kl,87.42,0.3200000000000074,0.3797222971916199,0.7912039756774902,1.399097204208374
20,42,335,315,kl,87.06,-0.35999999999999943,0.3978143334388733,0.8361297845840454,1.4405897855758667
20,42,336,316,ce,86.62,-0.4399999999999977,0.2710888385772705,0.824617326259613,1.5171738862991333
20,42,337,317,kl,87.96,1.3399999999999892,0.32871103286743164,0.8380002379417419,1.220595359802246
20,42,338,318,kl,87.72,-0.23999999999999488,0.3234351873397827,0.8104274272918701,1.2445169687271118
20,42,339,319,kl,88.0,0.28000000000000114,0.33060601353645325,0.8257425427436829,1.2044583559036255
20,42,340,320,kl,88.04,0.04000000000000625,0.3455331325531006,0.8364788293838501,1.2240368127822876
20,42,341,321,kl,87.94,-0.10000000000000853,0.3635209798812866,0.8407166004180908,1.2678965330123901
20,42,342,322,kl,87.68,-0.2599999999999909,0.3477281928062439,0.8289838433265686,1.252838134765625
20,42,343,323,kl,88.04,0.35999999999999943,0.38079994916915894,0.835180938243866,1.302941918373108
20,42,344,324,kl,87.98,-0.060000000000002274,0.37224042415618896,0.8318830728530884,1.2775585651397705
20,42,345,325,kl,87.92,-0.060000000000002274,0.3378165066242218,0.8296490907669067,1.267444133758545
20,42,346,326,kl,87.78,-0.14000000000000057,0.3757111430168152,0.8453222513198853,1.3397536277770996
20,42,347,327,kl,87.9,0.12000000000000455,0.3788260519504547,0.8528117537498474,1.327972173690796
20,42,348,328,kl,87.6,-0.30000000000001137,0.36153149604797363,0.858222484588623,1.2828935384750366
20,42,349,329,kl,87.62,0.020000000000010232,0.3786245584487915,0.8596088290214539,1.3049525022506714
20,42,350,330,kl,87.7,0.0799999999999983,0.35721051692962646,0.8300889730453491,1.2950184345245361
20,42,351,331,kl,87.8,0.09999999999999432,0.3592182993888855,0.8496895432472229,1.3077101707458496
20,42,352,332,kl,87.82,0.01999999999999602,0.3828040361404419,0.8749820590019226,1.312321662902832
20,42,353,333,kl,87.92,0.10000000000000853,0.3886510133743286,0.8707173466682434,1.3113969564437866
20,42,354,334,kl,87.6,-0.3200000000000074,0.37787455320358276,0.8839600682258606,1.3678804636001587
20,42,355,335,kl,87.72,0.12000000000000455,0.3701516091823578,0.8648372292518616,1.3444525003433228
20,42,356,336,kl,87.7,-0.01999999999999602,0.40437379479408264,0.8882459402084351,1.3861165046691895
20,42,357,337,ce,87.6,-0.10000000000000853,0.3748406171798706,0.8962547779083252,1.3557313680648804
20,42,358,338,kl,87.92,0.3200000000000074,0.3943325877189636,0.890941321849823,1.3970381021499634
20,42,359,339,kl,87.82,-0.10000000000000853,0.37477943301200867,0.8885036706924438,1.369946837425232
20,42,360,340,kl,87.9,0.0800000000000125,0.35631120204925537,0.8811534643173218,1.3568289279937744
20,42,361,341,kl,87.86,-0.04000000000000625,0.34107348322868347,0.8706257343292236,1.342646837234497
20,42,362,342,kl,87.62,-0.23999999999999488,0.3453548550605774,0.8404201865196228,1.3665623664855957
20,42,363,343,kl,87.72,0.09999999999999432,0.35842806100845337,0.8757157325744629,1.3246736526489258
20,42,364,344,kl,87.5,-0.21999999999999886,0.40857622027397156,0.9086759686470032,1.4479575157165527
20,42,365,345,kl,87.72,0.21999999999999886,0.3360084593296051,0.8765237927436829,1.370435357093811
20,42,366,346,kl,87.66,-0.060000000000002274,0.32310402393341064,0.8663493990898132,1.3763972520828247
20,42,367,347,kl,87.74,0.0799999999999983,0.3525499701499939,0.868183434009552,1.3689213991165161
20,42,368,348,kl,87.98,0.2400000000000091,0.3721940815448761,0.8947212100028992,1.3953840732574463
20,42,369,349,kl,87.72,-0.2600000000000051,0.3434354066848755,0.872037947177887,1.383647084236145
20,42,370,350,kl,87.76,0.04000000000000625,0.37813299894332886,0.8948074579238892,1.42660391330719
20,42,371,351,kl,88.02,0.2599999999999909,0.3432997763156891,0.8624647259712219,1.4204117059707642
20,42,372,352,kl,87.56,-0.45999999999999375,0.3713037371635437,0.8986191153526306,1.4413126707077026
20,42,373,353,kl,87.8,0.23999999999999488,0.3428378105163574,0.8743919730186462,1.346949577331543
20,42,374,354,kl,87.9,0.10000000000000853,0.3318764567375183,0.8826709985733032,1.388606309890747
20,42,375,355,kl,87.58,-0.3200000000000074,0.3587873876094818,0.9052077531814575,1.3948702812194824
20,42,376,356,kl,87.78,0.20000000000000284,0.36850449442863464,0.8945021033287048,1.391134262084961
20,42,377,357,kl,87.6,-0.18000000000000682,0.3532131314277649,0.905261754989624,1.3936572074890137
20,42,378,358,ce,87.68,0.0800000000000125,0.26971063017845154,0.875638484954834,1.407074213027954
20,42,379,359,kl,87.64,-0.04000000000000625,0.3661262094974518,0.9193916916847229,1.4090583324432373
20,42,380,360,kl,87.76,0.12000000000000455,0.34687715768814087,0.9094680547714233,1.3807094097137451
20,42,381,361,kl,87.7,-0.060000000000002274,0.33594048023223877,0.8880487084388733,1.4478298425674438
20,42,382,362,kl,87.72,0.01999999999999602,0.3958737254142761,0.9414964914321899,1.4240471124649048
20,42,383,363,kl,87.74,0.01999999999999602,0.3495345413684845,0.899189829826355,1.4044110774993896
20,42,384,364,kl,87.8,0.060000000000002274,0.39116400480270386,0.9338233470916748,1.4179155826568604
20,42,385,365,kl,87.68,-0.11999999999999034,0.3729252815246582,0.935975193977356,1.506419062614441
20,42,386,366,kl,87.82,0.13999999999998636,0.3976704478263855,0.9513174891471863,1.5318249464035034
20,42,387,367,kl,87.96,0.14000000000000057,0.3852279782295227,0.9237866997718811,1.4160860776901245
20,42,388,368,kl,87.56,-0.3999999999999915,0.39425021409988403,0.9297319650650024,1.4619085788726807
20,42,389,369,kl,87.88,0.3199999999999932,0.37281712889671326,0.9069389700889587,1.4246174097061157
20,42,390,370,kl,87.68,-0.19999999999998863,0.3594377040863037,0.8987064361572266,1.4075523614883423
20,42,391,371,kl,87.82,0.13999999999998636,0.32508546113967896,0.8960111737251282,1.4099558591842651
20,42,392,372,kl,87.74,-0.0799999999999983,0.37649527192115784,0.9272435903549194,1.4710886478424072
20,42,393,373,kl,87.82,0.0799999999999983,0.3498902916908264,0.9110888838768005,1.4418635368347168
20,42,394,374,kl,87.72,-0.09999999999999432,0.38588860630989075,0.9293197393417358,1.4437776803970337
20,42,395,375,kl,87.54,-0.1799999999999926,0.3889627754688263,0.9202908873558044,1.475714921951294
20,42,396,376,kl,87.54,0.0,0.42394399642944336,0.965324342250824,1.4661939144134521
20,42,397,377,kl,87.8,0.2599999999999909,0.3605220317840576,0.927507758140564,1.4287112951278687
20,42,398,378,kl,87.68,-0.11999999999999034,0.41229313611984253,0.9629600644111633,1.5185338258743286
20,42,399,379,ce,87.56,-0.12000000000000455,0.33782172203063965,0.9362272620201111,1.5572417974472046
20,42,400,380,kl,87.82,0.2599999999999909,0.41061902046203613,0.9662522673606873,1.5273882150650024
20,42,401,381,kl,87.7,-0.11999999999999034,0.39691030979156494,0.9582826495170593,1.5122215747833252
20,42,402,382,kl,87.7,0.0,0.3870566487312317,0.9550766944885254,1.524725079536438
20,42,403,383,kl,87.74,0.03999999999999204,0.3451399803161621,0.9296312928199768,1.4826542139053345
20,42,404,384,kl,87.56,-0.1799999999999926,0.3868085741996765,0.9457982778549194,1.4703741073608398
20,42,405,385,kl,87.62,0.060000000000002274,0.34394556283950806,0.9285688400268555,1.4688324928283691
20,42,406,386,kl,87.72,0.09999999999999432,0.38760989904403687,0.9551312923431396,1.4597649574279785
20,42,407,387,kl,87.66,-0.060000000000002274,0.37826141715049744,0.944139301776886,1.5277979373931885
20,42,408,388,kl,87.66,0.0,0.3660849332809448,0.931383490562439,1.4705196619033813
20,42,409,389,kl,87.78,0.12000000000000455,0.3699742257595062,0.9560127258300781,1.5422006845474243
20,42,410,390,kl,87.64,-0.14000000000000057,0.3543558418750763,0.9416221976280212,1.4748989343643188
20,42,411,391,kl,87.5,-0.14000000000000057,0.3647828698158264,0.950411856174469,1.5594857931137085
20,42,412,392,kl,87.66,0.1599999999999966,0.3291117548942566,0.9375239014625549,1.476868748664856
20,42,413,393,kl,87.62,-0.03999999999999204,0.3819130063056946,0.9803597331047058,1.5200245380401611
20,42,414,394,kl,87.64,0.01999999999999602,0.3733019232749939,0.9786960482597351,1.5054994821548462
20,42,415,395,kl,87.58,-0.060000000000002274,0.3938854932785034,0.9706500768661499,1.5484604835510254
20,42,416,396,kl,87.56,-0.01999999999999602,0.39208492636680603,0.9743377566337585,1.5550816059112549
20,42,417,397,kl,87.78,0.21999999999999886,0.3564930856227875,0.9580472707748413,1.5942068099975586
20,42,418,398,kl,87.64,-0.14000000000000057,0.3526308536529541,0.950806200504303,1.5316747426986694
20,42,419,399,kl,87.78,0.14000000000000057,0.36514052748680115,0.967064380645752,1.4516946077346802
20,42,420,400,ce,87.4,-0.37999999999999545,0.41865837574005127,1.0167982578277588,1.6401472091674805
20,456,1,-19,kl,34.02,24.340000000000003,0.6672551035881042,0.9199263453483582,1.538153052330017
20,456,2,-18,kl,43.52,9.5,0.5648211240768433,0.6520738005638123,1.0232738256454468
20,456,3,-17,kl,51.06,7.539999999999999,0.5655927658081055,0.5874127745628357,1.3577300310134888
20,456,4,-16,kl,59.54,8.479999999999997,0.39772674441337585,0.4539373517036438,1.0666061639785767
20,456,5,-15,kl,62.68,3.1400000000000006,0.31563040614128113,0.4215078055858612,0.9327003359794617
20,456,6,-14,kl,69.32,6.6399999999999935,0.3071187138557434,0.425400972366333,0.931264340877533
20,456,7,-13,kl,69.18,-0.13999999999998636,0.6339848637580872,0.46733543276786804,0.9166303873062134
20,456,8,-12,kl,72.08,2.8999999999999915,0.6535918116569519,0.4935726523399353,0.8126869797706604
20,456,9,-11,kl,72.56,0.480000000000004,0.7384891510009766,0.5319523811340332,1.139670491218567
20,456,10,-10,kl,72.9,0.3400000000000034,0.7580650448799133,0.555126965045929,1.4753433465957642
20,456,11,-9,kl,75.42,2.519999999999996,0.5024949312210083,0.425888329744339,0.822218120098114
20,456,12,-8,kl,75.06,-0.35999999999999943,0.7612543106079102,0.5556743144989014,1.067988634109497
20,456,13,-7,kl,77.88,2.819999999999993,0.5279679298400879,0.43039631843566895,0.8731977939605713
20,456,14,-6,kl,75.86,-2.019999999999996,0.7732830047607422,0.5552546977996826,1.063897967338562
20,456,15,-5,kl,76.98,1.1200000000000045,0.6883537769317627,0.5023945569992065,0.994471549987793
20,456,16,-4,kl,76.9,-0.0799999999999983,0.4451266825199127,0.4713071584701538,1.020561933517456
20,456,17,-3,kl,78.7,1.7999999999999972,0.5727150440216064,0.416079044342041,0.9759846925735474
20,456,18,-2,kl,78.06,-0.6400000000000006,0.6493983268737793,0.4641452133655548,1.0576767921447754
20,456,19,-1,kl,78.94,0.8799999999999955,0.3443562686443329,0.42221128940582275,0.9437189102172852
20,456,20,0,kl,78.04,-0.8999999999999915,0.630800724029541,0.47411996126174927,0.8372100591659546
20,456,21,1,ce,80.54,2.5,0.2275668978691101,0.27022868394851685,1.8990238904953003
20,456,22,2,kl,78.28,-2.260000000000005,0.6189092397689819,0.4797087609767914,0.9196277260780334
20,456,23,3,kl,79.46,1.1799999999999926,0.473614901304245,0.40610912442207336,0.8014604449272156
20,456,24,4,kl,79.96,0.5,0.582668662071228,0.4468327462673187,0.9545661211013794
20,456,25,5,kl,78.88,-1.0799999999999983,0.5616691708564758,0.4351252615451813,0.8682224154472351
20,456,26,6,kl,79.58,0.7000000000000028,0.44804269075393677,0.4092143177986145,0.9552691578865051
20,456,27,7,kl,77.24,-2.3400000000000034,0.7857675552368164,0.6349241733551025,1.2626696825027466
20,456,28,8,kl,80.26,3.0200000000000102,0.3436683416366577,0.37708351016044617,0.9009283781051636
20,456,29,9,kl,80.06,-0.20000000000000284,0.662942111492157,0.4859425127506256,0.8339996933937073
20,456,30,10,kl,80.32,0.2599999999999909,0.6274402737617493,0.451945960521698,0.8074581027030945
20,456,31,11,kl,79.4,-0.9199999999999875,0.7380585670471191,0.5259817838668823,0.9982333779335022
20,456,32,12,kl,78.9,-0.5,0.6887121200561523,0.5311790108680725,0.9973790049552917
20,456,33,13,kl,79.54,0.6400000000000006,0.5808886289596558,0.45212996006011963,1.0248463153839111
20,456,34,14,kl,79.84,0.29999999999999716,0.6626390814781189,0.4964970648288727,0.940563440322876
20,456,35,15,kl,79.92,0.0799999999999983,0.636664867401123,0.48408520221710205,0.9588695764541626
20,456,36,16,kl,79.42,-0.5,0.5656284093856812,0.4937603175640106,1.0748634338378906
20,456,37,17,kl,80.76,1.3400000000000034,0.6601439118385315,0.4774313271045685,0.8363357186317444
20,456,38,18,kl,81.66,0.8999999999999915,0.5187016129493713,0.4499638080596924,0.7610457539558411
20,456,39,19,kl,79.82,-1.8400000000000034,0.530817985534668,0.42504963278770447,0.9504333138465881
20,456,40,20,kl,80.62,0.8000000000000114,0.6857250928878784,0.5287321209907532,0.8933813571929932
20,456,41,21,kl,80.1,-0.5200000000000102,0.6239697933197021,0.4826037287712097,0.9107164144515991
20,456,42,22,ce,80.98,0.8800000000000097,0.21473993360996246,0.31816354393959045,1.5430220365524292
20,456,43,23,kl,78.02,-2.960000000000008,0.6172188520431519,0.5269696712493896,1.0407682657241821
20,456,44,24,kl,79.2,1.1800000000000068,0.627514660358429,0.5358594059944153,1.042121410369873
20,456,45,25,kl,80.2,1.0,0.6857613325119019,0.5155522227287292,1.1024342775344849
20,456,46,26,kl,77.96,-2.240000000000009,0.625834584236145,0.5090380907058716,0.9738006591796875
20,456,47,27,kl,81.16,3.200000000000003,0.6667208671569824,0.5279809832572937,1.0284152030944824
20,456,48,28,kl,81.26,0.10000000000000853,0.42772066593170166,0.4077485501766205,0.8168593645095825
20,456,49,29,kl,80.92,-0.3400000000000034,0.492719829082489,0.4230566918849945,0.921013593673706
20,456,50,30,kl,80.34,-0.5799999999999983,0.6363694071769714,0.45187124609947205,0.8567715883255005
20,456,51,31,kl,78.54,-1.7999999999999972,0.7121037840843201,0.5702541470527649,1.1777735948562622
20,456,52,32,kl,80.1,1.559999999999988,0.6469871401786804,0.4941715598106384,0.9370373487472534
20,456,53,33,kl,81.34,1.240000000000009,0.4575578570365906,0.43114009499549866,0.8367328643798828
20,456,54,34,kl,81.54,0.20000000000000284,0.6272732615470886,0.4637017250061035,0.7214698791503906
20,456,55,35,kl,80.84,-0.7000000000000028,0.503679633140564,0.48873037099838257,0.949884831905365
20,456,56,36,kl,81.72,0.8799999999999955,0.5356128811836243,0.4421064257621765,0.9734266996383667
20,456,57,37,kl,81.42,-0.29999999999999716,0.5232552289962769,0.43521973490715027,0.786052405834198
20,456,58,38,kl,82.54,1.1200000000000045,0.5507895946502686,0.45278993248939514,0.7211794257164001
20,456,59,39,kl,80.72,-1.8200000000000074,0.5643337368965149,0.46815136075019836,1.012965440750122
20,456,60,40,kl,81.0,0.28000000000000114,0.5992794036865234,0.4821094572544098,0.9402312636375427
20,456,61,41,kl,82.52,1.519999999999996,0.6065006852149963,0.4417220950126648,0.7171806693077087
20,456,62,42,kl,82.8,0.28000000000000114,0.6353965997695923,0.48749756813049316,0.8316102623939514
20,456,63,43,ce,82.08,-0.7199999999999989,0.21744972467422485,0.34580832719802856,1.4498963356018066
20,456,64,44,kl,80.46,-1.6200000000000045,0.7087057828903198,0.5608638525009155,1.0820050239562988
20,456,65,45,kl,81.74,1.2800000000000011,0.5938488245010376,0.49121490120887756,0.9294078350067139
20,456,66,46,kl,81.36,-0.37999999999999545,0.6092853546142578,0.47760382294654846,0.8581815958023071
20,456,67,47,kl,81.28,-0.0799999999999983,0.6072653532028198,0.5030633807182312,0.8884196877479553
20,456,68,48,kl,81.74,0.45999999999999375,0.5561109781265259,0.46566537022590637,0.9699755311012268
20,456,69,49,kl,81.72,-0.01999999999999602,0.5599744319915771,0.4490727186203003,0.9313293695449829
20,456,70,50,kl,79.1,-2.6200000000000045,0.7548984885215759,0.619772732257843,1.2481606006622314
20,456,71,51,kl,79.22,0.12000000000000455,0.7360998392105103,0.5559161901473999,0.990875780582428
20,456,72,52,kl,80.66,1.4399999999999977,0.5919184684753418,0.4673082232475281,0.8287275433540344
20,456,73,53,kl,81.72,1.0600000000000023,0.7342413663864136,0.5354797840118408,0.9028654098510742
20,456,74,54,kl,81.98,0.2600000000000051,0.550382137298584,0.4594326317310333,0.8692400455474854
20,456,75,55,kl,81.46,-0.5200000000000102,0.5412362217903137,0.4862263798713684,0.9511964917182922
20,456,76,56,kl,81.68,0.22000000000001307,0.3845258951187134,0.409450888633728,0.7410646677017212
20,456,77,57,kl,81.54,-0.14000000000000057,0.6524723172187805,0.5371503233909607,0.9925286173820496
20,456,78,58,kl,83.04,1.5,0.6384511590003967,0.5170105695724487,1.1152136325836182
20,456,79,59,kl,81.52,-1.5200000000000102,0.6488960981369019,0.486106276512146,0.884716272354126
20,456,80,60,kl,82.54,1.0200000000000102,0.530735969543457,0.4596264958381653,0.9427629709243774
20,456,81,61,kl,81.6,-0.9400000000000119,0.6356866359710693,0.5184994339942932,0.9173489212989807
20,456,82,62,kl,79.78,-1.8199999999999932,0.6674747467041016,0.5253047347068787,1.0936012268066406
20,456,83,63,kl,82.38,2.5999999999999943,0.6134148240089417,0.4678374230861664,0.7949224710464478
20,456,84,64,ce,82.26,-0.11999999999999034,0.2544545829296112,0.32582542300224304,1.6863380670547485
20,456,85,65,kl,81.38,-0.8800000000000097,0.5669073462486267,0.48498550057411194,0.8659182786941528
20,456,86,66,kl,81.7,0.3200000000000074,0.6393260359764099,0.519351065158844,1.1032353639602661
20,456,87,67,kl,81.76,0.060000000000002274,0.7008442282676697,0.5417703986167908,1.1243125200271606
20,456,88,68,kl,81.54,-0.21999999999999886,0.5422469973564148,0.4662574529647827,1.0278630256652832
20,456,89,69,kl,81.48,-0.060000000000002274,0.5147194862365723,0.4484464228153229,0.88742995262146
20,456,90,70,kl,81.62,0.14000000000000057,0.5816043615341187,0.4641212821006775,1.0348669290542603
20,456,91,71,kl,78.72,-2.9000000000000057,0.48976853489875793,0.49649709463119507,1.0085142850875854
20,456,92,72,kl,82.72,4.0,0.5294286012649536,0.43612509965896606,0.7789101600646973
20,456,93,73,kl,82.2,-0.519999999999996,0.509371280670166,0.45242181420326233,0.8067694306373596
20,456,94,74,kl,81.66,-0.5400000000000063,0.5568150281906128,0.4907883405685425,1.0618586540222168
20,456,95,75,kl,81.68,0.020000000000010232,0.6610034108161926,0.5308612585067749,1.0416761636734009
20,456,96,76,kl,81.58,-0.10000000000000853,0.5675287246704102,0.4551285207271576,1.0422630310058594
20,456,97,77,kl,80.24,-1.3400000000000034,0.6911795139312744,0.5400461554527283,0.9332981109619141
20,456,98,78,kl,81.84,1.6000000000000085,0.6548973321914673,0.5379043817520142,1.0707180500030518
20,456,99,79,kl,83.14,1.2999999999999972,0.42978066205978394,0.43184441328048706,0.7599436044692993
20,456,100,80,kl,78.66,-4.480000000000004,0.6273897886276245,0.5635642409324646,1.1807392835617065
20,456,101,81,kl,82.06,3.4000000000000057,0.5763127207756042,0.48722681403160095,0.9273146986961365
20,456,102,82,kl,82.7,0.6400000000000006,0.47761136293411255,0.4194350838661194,0.8356411457061768
20,456,103,83,kl,81.58,-1.1200000000000045,0.5269303321838379,0.5138945579528809,0.9203844666481018
20,456,104,84,kl,82.6,1.019999999999996,0.5723366737365723,0.4677365720272064,0.7780529260635376
20,456,105,85,ce,82.84,0.2400000000000091,0.23168475925922394,0.3731023669242859,1.3693634271621704
20,456,106,86,kl,81.94,-0.9000000000000057,0.5422594547271729,0.48498696088790894,0.8586947321891785
20,456,107,87,kl,80.76,-1.1799999999999926,0.6006479859352112,0.5180591940879822,0.8906086087226868
20,456,108,88,kl,82.36,1.5999999999999943,0.5545114278793335,0.5270775556564331,1.0244524478912354
20,456,109,89,kl,82.16,-0.20000000000000284,0.5418882369995117,0.46132200956344604,0.7963045835494995
20,456,110,90,kl,80.96,-1.2000000000000028,0.6426956057548523,0.5064782500267029,0.9764689207077026
20,456,111,91,kl,83.26,2.3000000000000114,0.4849097728729248,0.4169485867023468,0.8805102109909058
20,456,112,92,kl,81.76,-1.5,0.4977610111236572,0.4613381624221802,0.9022518396377563
20,456,113,93,kl,81.9,0.14000000000000057,0.5831789970397949,0.5034807324409485,0.9882400631904602
20,456,114,94,kl,82.38,0.47999999999998977,0.5567314624786377,0.4741099178791046,0.8895151615142822
20,456,115,95,kl,81.0,-1.3799999999999955,0.6624035835266113,0.5298425555229187,0.9766056537628174
20,456,116,96,kl,82.72,1.7199999999999989,0.578850269317627,0.5005187392234802,0.8437594175338745
20,456,117,97,kl,81.18,-1.539999999999992,0.5594765543937683,0.47321367263793945,0.8532920479774475
20,456,118,98,kl,80.94,-0.2400000000000091,0.6354187726974487,0.5266761779785156,1.1341381072998047
20,456,119,99,kl,81.28,0.3400000000000034,0.6308004856109619,0.5229917764663696,0.8771809339523315
20,456,120,100,kl,81.58,0.29999999999999716,0.5393384695053101,0.4775753915309906,0.8594371676445007
20,456,121,101,kl,80.04,-1.539999999999992,0.5354794859886169,0.522979199886322,0.9746201634407043
20,456,122,102,kl,80.76,0.7199999999999989,0.6340440511703491,0.5459036231040955,1.2181977033615112
20,456,123,103,kl,80.36,-0.4000000000000057,0.6160366535186768,0.5211362242698669,0.8960503339767456
20,456,124,104,kl,81.58,1.2199999999999989,0.40141060948371887,0.44444912672042847,0.873887836933136
20,456,125,105,kl,83.38,1.7999999999999972,0.5952123403549194,0.4991288483142853,0.9829449653625488
20,456,126,106,ce,82.14,-1.2399999999999949,0.30532345175743103,0.37684428691864014,1.58047616481781
20,456,127,107,kl,81.9,-0.23999999999999488,0.5891466736793518,0.5223081707954407,0.9477669596672058
20,456,128,108,kl,82.6,0.6999999999999886,0.5313034057617188,0.4981161952018738,0.9327325224876404
20,456,129,109,kl,81.3,-1.2999999999999972,0.5796065926551819,0.48383480310440063,0.8419981002807617
20,456,130,110,kl,79.88,-1.4200000000000017,0.7974302768707275,0.6905878782272339,1.378585696220398
20,456,131,111,kl,82.78,2.9000000000000057,0.5151634812355042,0.4625464677810669,0.7869560122489929
20,456,132,112,kl,82.7,-0.0799999999999983,0.6468294858932495,0.532105565071106,0.8694415092468262
20,456,133,113,kl,81.64,-1.0600000000000023,0.6855381727218628,0.5466029644012451,0.996685266494751
20,456,134,114,kl,81.12,-0.519999999999996,0.7262805700302124,0.6035121083259583,1.0745304822921753
20,456,135,115,kl,82.1,0.9799999999999898,0.5539305210113525,0.5349064469337463,0.9170719981193542
20,456,136,116,kl,82.68,0.5800000000000125,0.46799930930137634,0.44406986236572266,0.8731224536895752
20,456,137,117,kl,81.5,-1.1800000000000068,0.475352942943573,0.4454699754714966,0.8961151242256165
20,456,138,118,kl,81.5,0.0,0.5149729251861572,0.47652119398117065,0.8259395956993103
20,456,139,119,kl,82.1,0.5999999999999943,0.5708236694335938,0.45976313948631287,0.8161807656288147
20,456,140,120,kl,81.74,-0.35999999999999943,0.6116176247596741,0.46337762475013733,0.935977578163147
20,456,141,121,kl,82.16,0.4200000000000017,0.6641218662261963,0.5048220157623291,0.7632492780685425
20,456,142,122,kl,81.72,-0.4399999999999977,0.6275195479393005,0.5973286032676697,1.146185040473938
20,456,143,123,kl,83.34,1.6200000000000045,0.4627768099308014,0.4426487386226654,0.8143805265426636
20,456,144,124,kl,82.04,-1.2999999999999972,0.6170387268066406,0.4736708104610443,0.834047794342041
20,456,145,125,kl,81.72,-0.3200000000000074,0.5358495712280273,0.4744735062122345,0.9226939678192139
20,456,146,126,kl,82.26,0.5400000000000063,0.654631495475769,0.5364598631858826,0.9952704906463623
20,456,147,127,ce,81.2,-1.0600000000000023,0.32366788387298584,0.4010981619358063,1.5980982780456543
20,456,148,128,kl,80.42,-0.7800000000000011,0.5421656966209412,0.5114232897758484,1.120370864868164
20,456,149,129,kl,82.92,2.5,0.6961655020713806,0.521112859249115,0.9094879031181335
20,456,150,130,kl,81.84,-1.0799999999999983,0.5019426941871643,0.47043344378471375,0.8278537392616272
20,456,151,131,kl,81.68,-0.1599999999999966,0.5637198686599731,0.49150076508522034,0.8874672651290894
20,456,152,132,kl,81.78,0.09999999999999432,0.595088005065918,0.47917303442955017,0.9420706033706665
20,456,153,133,kl,81.8,0.01999999999999602,0.5518126487731934,0.4389786720275879,0.8116624355316162
20,456,154,134,kl,82.26,0.46000000000000796,0.5131312608718872,0.439849317073822,0.7591974139213562
20,456,155,135,kl,82.16,-0.10000000000000853,0.5748006105422974,0.5096579194068909,1.0319249629974365
20,456,156,136,kl,82.66,0.5,0.47217392921447754,0.4357311427593231,0.6859719157218933
20,456,157,137,kl,80.92,-1.7399999999999949,0.6069033741950989,0.5564066171646118,1.0463680028915405
20,456,158,138,kl,83.0,2.0799999999999983,0.5856301188468933,0.49588242173194885,0.8545041680335999
20,456,159,139,kl,82.48,-0.519999999999996,0.42582908272743225,0.42095524072647095,0.7827971577644348
20,456,160,140,kl,82.08,-0.4000000000000057,0.6175642013549805,0.5261169075965881,1.0079866647720337
20,456,161,141,kl,82.54,0.46000000000000796,0.529822826385498,0.48874446749687195,0.8619493842124939
20,456,162,142,kl,82.4,-0.14000000000000057,0.5976454615592957,0.4806627631187439,0.9640514254570007
20,456,163,143,kl,81.86,-0.5400000000000063,0.5075701475143433,0.48818039894104004,1.1417526006698608
20,456,164,144,kl,81.02,-0.8400000000000034,0.5590289831161499,0.4641416668891907,0.8980414867401123
20,456,165,145,kl,82.14,1.1200000000000045,0.5916693806648254,0.47988516092300415,0.7945722341537476
20,456,166,146,kl,81.58,-0.5600000000000023,0.6603288650512695,0.495866596698761,1.0166741609573364
20,456,167,147,kl,82.62,1.0400000000000063,0.5823328495025635,0.47411632537841797,0.9949831366539001
20,456,168,148,ce,81.76,-0.8599999999999994,0.34201520681381226,0.4130314886569977,1.7310885190963745
20,456,169,149,kl,81.06,-0.7000000000000028,0.5949129462242126,0.5384794473648071,0.9291396737098694
20,456,170,150,kl,81.24,0.1799999999999926,0.5942596793174744,0.4974043667316437,0.8929877877235413
20,456,171,151,kl,82.98,1.740000000000009,0.5060608386993408,0.4153062701225281,0.7918713688850403
20,456,172,152,kl,83.04,0.060000000000002274,0.49658286571502686,0.459407240152359,0.7622748017311096
20,456,173,153,kl,80.8,-2.240000000000009,0.6012555956840515,0.5024129152297974,1.059234380722046
20,456,174,154,kl,82.08,1.2800000000000011,0.5864739418029785,0.4898074269294739,0.9082242250442505
20,456,175,155,kl,80.62,-1.4599999999999937,0.6646065711975098,0.5657958984375,1.1581575870513916
20,456,176,156,kl,82.4,1.7800000000000011,0.5863968729972839,0.4808688759803772,0.9449377059936523
20,456,177,157,kl,83.32,0.9199999999999875,0.6337639093399048,0.519351065158844,0.783151388168335
20,456,178,158,kl,83.08,-0.23999999999999488,0.44184353947639465,0.4796468913555145,0.8748850226402283
20,456,179,159,kl,82.76,-0.3199999999999932,0.5546889901161194,0.4797263741493225,0.9513750076293945
20,456,180,160,kl,81.62,-1.1400000000000006,0.6082451343536377,0.5428662300109863,1.0939866304397583
20,456,181,161,kl,81.62,0.0,0.6715866923332214,0.5199941396713257,0.8656027913093567
20,456,182,162,kl,83.0,1.3799999999999955,0.379102885723114,0.43435266613960266,0.7924147844314575
20,456,183,163,kl,81.72,-1.2800000000000011,0.621113657951355,0.5370205640792847,1.0414460897445679
20,456,184,164,kl,83.76,2.0400000000000063,0.5432651042938232,0.46694162487983704,0.7045876979827881
20,456,185,165,kl,82.66,-1.1000000000000085,0.5685133934020996,0.4851439595222473,0.7756567597389221
20,456,186,166,kl,80.92,-1.7399999999999949,0.6745469570159912,0.5641062259674072,1.0275520086288452
20,456,187,167,kl,82.38,1.4599999999999937,0.6702030897140503,0.5598551034927368,0.9561404585838318
20,456,188,168,kl,82.56,0.18000000000000682,0.6100116968154907,0.52806556224823,1.059219241142273
20,456,189,169,ce,82.8,0.23999999999999488,0.25847068428993225,0.3712494671344757,1.5818947553634644
20,456,190,170,kl,81.46,-1.3400000000000034,0.6013220548629761,0.5492098927497864,1.0923192501068115
20,456,191,171,kl,82.02,0.5600000000000023,0.616124153137207,0.5057703852653503,0.9150041341781616
20,456,192,172,kl,82.78,0.7600000000000051,0.4992141127586365,0.4523612856864929,0.7367445826530457
20,456,193,173,kl,81.78,-1.0,0.6810191869735718,0.543067455291748,1.1145644187927246
20,456,194,174,kl,81.36,-0.4200000000000017,0.6757302284240723,0.5690186619758606,1.0822908878326416
20,456,195,175,kl,82.38,1.019999999999996,0.6694071292877197,0.5238035917282104,0.8310338258743286
20,456,196,176,kl,82.26,-0.11999999999999034,0.6083049774169922,0.531867265701294,0.9417210817337036
20,456,197,177,kl,82.36,0.09999999999999432,0.6499505043029785,0.5278624296188354,1.0291770696640015
20,456,198,178,kl,81.62,-0.7399999999999949,0.6880570650100708,0.5583328604698181,1.0555840730667114
20,456,199,179,kl,81.42,-0.20000000000000284,0.5867186784744263,0.5231875777244568,1.1092864274978638
20,456,200,180,kl,82.6,1.1799999999999926,0.6646430492401123,0.5261775851249695,0.8921728134155273
20,456,201,181,kl,81.74,-0.8599999999999994,0.4799094796180725,0.5016356706619263,0.8759991526603699
20,456,202,182,kl,82.74,1.0,0.5310189723968506,0.4929935336112976,1.0076584815979004
20,456,203,183,kl,82.72,-0.01999999999999602,0.6175310611724854,0.46541792154312134,0.8006773591041565
20,456,204,184,kl,82.18,-0.539999999999992,0.6075732111930847,0.48214495182037354,0.8114899396896362
20,456,205,185,kl,84.3,2.1199999999999903,0.5653127431869507,0.48315954208374023,0.9495136141777039
20,456,206,186,kl,80.42,-3.8799999999999955,0.6132822036743164,0.5128974914550781,0.984514594078064
20,456,207,187,kl,81.92,1.5,0.6775603294372559,0.5160222053527832,0.8924017548561096
20,456,208,188,kl,82.58,0.6599999999999966,0.4612400531768799,0.4633522033691406,0.9720308184623718
20,456,209,189,kl,83.22,0.6400000000000006,0.4892885684967041,0.44389453530311584,0.8020193576812744
20,456,210,190,ce,81.14,-2.0799999999999983,0.256227970123291,0.36824169754981995,1.5201488733291626
20,456,211,191,kl,81.3,0.1599999999999966,0.6280775666236877,0.508175790309906,0.9862427711486816
20,456,212,192,kl,82.22,0.9200000000000017,0.5799514055252075,0.4767534136772156,0.8501450419425964
20,456,213,193,kl,83.0,0.7800000000000011,0.5745943784713745,0.48300567269325256,0.936745285987854
20,456,214,194,kl,82.14,-0.8599999999999994,0.5342080593109131,0.5376180410385132,1.2693426609039307
20,456,215,195,kl,82.18,0.04000000000000625,0.54207444190979,0.47351405024528503,1.0001847743988037
20,456,216,196,kl,82.48,0.29999999999999716,0.49297744035720825,0.43229010701179504,0.8850359916687012
20,456,217,197,kl,82.32,-0.1600000000000108,0.6361620426177979,0.5147534608840942,1.0532219409942627
20,456,218,198,kl,81.96,-0.35999999999999943,0.5376960039138794,0.46499866247177124,0.775089681148529
20,456,219,199,kl,82.92,0.960000000000008,0.5630525350570679,0.4634442925453186,0.8235523104667664
20,456,220,200,kl,82.28,-0.6400000000000006,0.5679426193237305,0.5028319358825684,0.8917686939239502
20,456,221,201,kl,82.16,-0.12000000000000455,0.3357507586479187,0.40976962447166443,0.8177354335784912
20,456,222,202,kl,81.44,-0.7199999999999989,0.45393773913383484,0.4466894865036011,0.8614731431007385
20,456,223,203,kl,81.86,0.4200000000000017,0.502157986164093,0.45099300146102905,0.9028088450431824
20,456,224,204,kl,81.08,-0.7800000000000011,0.5995774865150452,0.4614121615886688,0.8109796643257141
20,456,225,205,kl,81.64,0.5600000000000023,0.6273273229598999,0.5466703176498413,1.0705722570419312
20,456,226,206,kl,80.1,-1.5400000000000063,0.7616822123527527,0.6115545034408569,1.3203256130218506
20,456,227,207,kl,82.76,2.660000000000011,0.5930694937705994,0.5076733827590942,0.929143488407135
20,456,228,208,kl,82.38,-0.38000000000000966,0.6135948300361633,0.4818139374256134,1.0277587175369263
20,456,229,209,kl,83.16,0.7800000000000011,0.5688611268997192,0.47327443957328796,0.9503404498100281
20,456,230,210,kl,82.22,-0.9399999999999977,0.7016081213951111,0.4982960820198059,0.8781113624572754
20,456,231,211,ce,82.72,0.5,0.20667508244514465,0.30973976850509644,1.4667840003967285
20,456,232,212,kl,85.92,3.200000000000003,0.3872517943382263,0.39909452199935913,0.5857223868370056
20,456,233,213,kl,86.26,0.3400000000000034,0.3783971667289734,0.3933790326118469,0.5636453032493591
20,456,234,214,kl,86.38,0.11999999999999034,0.38060247898101807,0.40016689896583557,0.5898689031600952
20,456,235,215,kl,86.5,0.12000000000000455,0.32111769914627075,0.38817837834358215,0.5501395463943481
20,456,236,216,kl,86.28,-0.21999999999999886,0.3529486060142517,0.40735292434692383,0.6084142327308655
20,456,237,217,kl,86.54,0.2600000000000051,0.3440689444541931,0.38973647356033325,0.6161262392997742
20,456,238,218,kl,86.56,0.01999999999999602,0.33759379386901855,0.39984896779060364,0.630607545375824
20,456,239,219,kl,86.68,0.12000000000000455,0.41164541244506836,0.4178822934627533,0.6361631751060486
20,456,240,220,kl,86.64,-0.04000000000000625,0.31754493713378906,0.41012924909591675,0.6038120985031128
20,456,241,221,kl,86.64,0.0,0.39119982719421387,0.42187073826789856,0.6176398396492004
20,456,242,222,kl,86.46,-0.18000000000000682,0.3722371757030487,0.411021888256073,0.6723117232322693
20,456,243,223,kl,86.58,0.12000000000000455,0.3618406057357788,0.41534021496772766,0.6527560949325562
20,456,244,224,kl,86.42,-0.1599999999999966,0.4274415969848633,0.4436107575893402,0.7111964225769043
20,456,245,225,kl,86.78,0.35999999999999943,0.3383029103279114,0.42446598410606384,0.7160131335258484
20,456,246,226,kl,86.74,-0.04000000000000625,0.3143025040626526,0.42374876141548157,0.6553360819816589
20,456,247,227,kl,86.78,0.04000000000000625,0.3837495744228363,0.4332772195339203,0.6543275713920593
20,456,248,228,kl,86.56,-0.21999999999999886,0.37325239181518555,0.44537457823753357,0.7370293736457825
20,456,249,229,kl,86.8,0.23999999999999488,0.3709453046321869,0.4477843940258026,0.6787115931510925
20,456,250,230,kl,86.7,-0.09999999999999432,0.3486782908439636,0.4419823884963989,0.6757188439369202
20,456,251,231,kl,86.92,0.21999999999999886,0.3832240104675293,0.45905980467796326,0.7207793593406677
20,456,252,232,ce,86.56,-0.35999999999999943,0.3247106075286865,0.43906158208847046,1.0261292457580566
20,456,253,233,kl,86.68,0.12000000000000455,0.39839422702789307,0.47341135144233704,0.6510947346687317
20,456,254,234,kl,87.0,0.3199999999999932,0.4268529713153839,0.4766242802143097,0.7621604800224304
20,456,255,235,kl,86.74,-0.2600000000000051,0.34683942794799805,0.4651769995689392,0.6577528119087219
20,456,256,236,kl,87.02,0.28000000000000114,0.34278544783592224,0.4608733654022217,0.6807157397270203
20,456,257,237,kl,87.1,0.0799999999999983,0.38557499647140503,0.4813254773616791,0.6508905291557312
20,456,258,238,kl,87.16,0.060000000000002274,0.3360978364944458,0.4588207006454468,0.6557188630104065
20,456,259,239,kl,86.92,-0.23999999999999488,0.4091355800628662,0.4859330952167511,0.7370948195457458
20,456,260,240,kl,87.18,0.2600000000000051,0.34170207381248474,0.4588395953178406,0.6712828874588013
20,456,261,241,kl,86.88,-0.30000000000001137,0.3910927474498749,0.4857020378112793,0.7446735501289368
20,456,262,242,kl,87.12,0.2400000000000091,0.344127357006073,0.4745667576789856,0.7025131583213806
20,456,263,243,kl,86.62,-0.5,0.3876457214355469,0.4996986985206604,0.7208377718925476
20,456,264,244,kl,86.98,0.35999999999999943,0.46858537197113037,0.5292437076568604,0.8100324273109436
20,456,265,245,kl,87.06,0.0799999999999983,0.41062209010124207,0.5252660512924194,0.7494429349899292
20,456,266,246,kl,86.76,-0.29999999999999716,0.34323006868362427,0.5087984800338745,0.7404292821884155
20,456,267,247,kl,87.02,0.2599999999999909,0.3999478220939636,0.5200201869010925,0.7967705130577087
20,456,268,248,kl,87.08,0.060000000000002274,0.3635047972202301,0.5075803399085999,0.7878248691558838
20,456,269,249,kl,87.02,-0.060000000000002274,0.3727784752845764,0.5250473022460938,0.7912136912345886
20,456,270,250,kl,87.18,0.1600000000000108,0.3704369068145752,0.526397705078125,0.7857233285903931
20,456,271,251,kl,86.96,-0.22000000000001307,0.364271879196167,0.5281371474266052,0.8542987108230591
20,456,272,252,kl,86.82,-0.14000000000000057,0.39474964141845703,0.541835367679596,0.8042903542518616
20,456,273,253,ce,86.54,-0.2799999999999869,0.42400574684143066,0.5520198941230774,1.099633812904358
20,456,274,254,kl,87.04,0.5,0.3729115128517151,0.5418548583984375,0.821330726146698
20,456,275,255,kl,86.82,-0.22000000000001307,0.385124146938324,0.5582898855209351,0.8270891904830933
20,456,276,256,kl,87.16,0.3400000000000034,0.3620503544807434,0.5505420565605164,0.8737293481826782
20,456,277,257,kl,87.24,0.0799999999999983,0.448117733001709,0.5711984038352966,0.9229170680046082
20,456,278,258,kl,86.82,-0.4200000000000017,0.4114132523536682,0.5895271301269531,0.8699609637260437
20,456,279,259,kl,86.84,0.020000000000010232,0.38991779088974,0.5667780637741089,0.8788118958473206
20,456,280,260,kl,86.88,0.03999999999999204,0.331171452999115,0.5403429269790649,0.8415479063987732
20,456,281,261,kl,86.88,0.0,0.41781920194625854,0.5821623802185059,0.8887601494789124
20,456,282,262,kl,86.84,-0.03999999999999204,0.36025625467300415,0.5758882761001587,0.8147968053817749
20,456,283,263,kl,87.04,0.20000000000000284,0.45190444588661194,0.6154505014419556,0.8335083723068237
20,456,284,264,kl,87.08,0.03999999999999204,0.41755515336990356,0.5930125713348389,0.9009286761283875
20,456,285,265,kl,86.88,-0.20000000000000284,0.36626768112182617,0.5808482766151428,0.8823931217193604
20,456,286,266,kl,86.88,0.0,0.44716930389404297,0.6105567812919617,0.9225254058837891
20,456,287,267,kl,86.56,-0.3199999999999932,0.38518816232681274,0.6190658211708069,0.9482530355453491
20,456,288,268,kl,86.84,0.28000000000000114,0.43928080797195435,0.642350435256958,0.8495388031005859
20,456,289,269,kl,86.5,-0.3400000000000034,0.4274570941925049,0.6421242952346802,0.8424162268638611
20,456,290,270,kl,86.94,0.4399999999999977,0.4105592370033264,0.631885290145874,0.9115850925445557
20,456,291,271,kl,87.08,0.14000000000000057,0.32417938113212585,0.603466272354126,0.9111610651016235
20,456,292,272,kl,86.68,-0.3999999999999915,0.46932366490364075,0.6564511656761169,0.9852979183197021
20,456,293,273,kl,87.16,0.47999999999998977,0.43727970123291016,0.6502598524093628,1.0060651302337646
20,456,294,274,ce,87.12,-0.03999999999999204,0.3662804663181305,0.6045516729354858,1.340370774269104
20,456,295,275,kl,87.1,-0.020000000000010232,0.35286083817481995,0.6201961636543274,0.9269135594367981
20,456,296,276,kl,86.94,-0.1599999999999966,0.3657594621181488,0.6138271689414978,0.9815570712089539
20,456,297,277,kl,86.94,0.0,0.37900951504707336,0.6327583193778992,0.9647868275642395
20,456,298,278,kl,87.18,0.2400000000000091,0.40111467242240906,0.6450616121292114,1.0039598941802979
20,456,299,279,kl,86.88,-0.30000000000001137,0.3962876796722412,0.6658109426498413,1.0037734508514404
20,456,300,280,kl,87.02,0.14000000000000057,0.37612074613571167,0.6412544250488281,1.0337125062942505
20,456,301,281,kl,86.86,-0.1599999999999966,0.40884941816329956,0.6651858687400818,0.97214275598526
20,456,302,282,kl,87.1,0.23999999999999488,0.42425262928009033,0.6872000098228455,0.9584249258041382
20,456,303,283,kl,86.86,-0.23999999999999488,0.454103946685791,0.6575037837028503,1.0748971700668335
20,456,304,284,kl,86.64,-0.21999999999999886,0.43651044368743896,0.6914433240890503,1.1079790592193604
20,456,305,285,kl,86.62,-0.01999999999999602,0.35252633690834045,0.6510521769523621,0.9574291110038757
20,456,306,286,kl,86.74,0.11999999999999034,0.4762137234210968,0.6987165212631226,1.0816136598587036
20,456,307,287,kl,86.78,0.04000000000000625,0.4436526894569397,0.7042956948280334,1.0039687156677246
20,456,308,288,kl,86.86,0.0799999999999983,0.5102843046188354,0.743754506111145,1.0129257440567017
20,456,309,289,kl,87.04,0.18000000000000682,0.4264634847640991,0.7020970582962036,1.0144864320755005
20,456,310,290,kl,86.68,-0.35999999999999943,0.4620036482810974,0.7294756770133972,1.0658336877822876
20,456,311,291,kl,86.92,0.23999999999999488,0.41275033354759216,0.7093510031700134,1.0318065881729126
20,456,312,292,kl,86.58,-0.3400000000000034,0.40917760133743286,0.7012231945991516,1.0061485767364502
20,456,313,293,kl,86.84,0.2600000000000051,0.3829073905944824,0.695038914680481,1.0375099182128906
20,456,314,294,kl,86.62,-0.21999999999999886,0.4873819351196289,0.7725747227668762,1.1145495176315308
20,456,315,295,ce,86.32,-0.30000000000001137,0.39121121168136597,0.7094194889068604,1.4330295324325562
20,456,316,296,kl,86.5,0.18000000000000682,0.4690687656402588,0.7321134805679321,1.2524067163467407
20,456,317,297,kl,86.58,0.0799999999999983,0.38205116987228394,0.7271161675453186,1.147620439529419
20,456,318,298,kl,86.62,0.04000000000000625,0.47310206294059753,0.7900752425193787,1.2065846920013428
20,456,319,299,kl,86.78,0.1599999999999966,0.41419440507888794,0.7547792792320251,1.1093060970306396
20,456,320,300,kl,87.04,0.2600000000000051,0.3462507724761963,0.7184643149375916,1.1440101861953735
20,456,321,301,kl,87.12,0.0799999999999983,0.42984896898269653,0.7561770081520081,1.0299110412597656
20,456,322,302,kl,86.7,-0.4200000000000017,0.4185863137245178,0.7450168132781982,1.1076070070266724
20,456,323,303,kl,86.92,0.21999999999999886,0.42834270000457764,0.7563349008560181,1.105259656906128
20,456,324,304,kl,86.3,-0.6200000000000045,0.4163387417793274,0.762499213218689,1.2165199518203735
20,456,325,305,kl,86.24,-0.060000000000002274,0.46312469244003296,0.7851591110229492,1.2180026769638062
20,456,326,306,kl,86.6,0.35999999999999943,0.4645001292228699,0.8108769655227661,1.2100874185562134
20,456,327,307,kl,87.16,0.5600000000000023,0.4241965413093567,0.752781867980957,1.1152160167694092
20,456,328,308,kl,86.32,-0.8400000000000034,0.47276920080184937,0.8005114793777466,1.191939353942871
20,456,329,309,kl,86.84,0.5200000000000102,0.4254259467124939,0.7658182978630066,1.1432514190673828
20,456,330,310,kl,86.54,-0.29999999999999716,0.49344563484191895,0.8049341440200806,1.2618911266326904
20,456,331,311,kl,86.72,0.1799999999999926,0.3669455349445343,0.778573751449585,1.1473679542541504
20,456,332,312,kl,86.98,0.2600000000000051,0.43469053506851196,0.7983678579330444,1.202516794204712
20,456,333,313,kl,87.04,0.060000000000002274,0.43527552485466003,0.806035578250885,1.1680514812469482
20,456,334,314,kl,86.6,-0.44000000000001194,0.45811301469802856,0.8076168894767761,1.1741867065429688
20,456,335,315,kl,86.86,0.2600000000000051,0.43952834606170654,0.7687816023826599,1.1178483963012695
20,456,336,316,ce,85.88,-0.980000000000004,0.4633883833885193,0.8512403964996338,1.6622716188430786
20,456,337,317,kl,87.12,1.240000000000009,0.39583587646484375,0.7769852876663208,1.141585350036621
20,456,338,318,kl,87.2,0.0799999999999983,0.41526859998703003,0.7870252132415771,1.1236482858657837
20,456,339,319,kl,87.1,-0.10000000000000853,0.441017746925354,0.803407609462738,1.1646648645401
20,456,340,320,kl,87.28,0.18000000000000682,0.39236414432525635,0.7750251889228821,1.0686428546905518
20,456,341,321,kl,87.18,-0.09999999999999432,0.3998311758041382,0.7740679979324341,1.1182191371917725
20,456,342,322,kl,87.08,-0.10000000000000853,0.40054604411125183,0.7682083249092102,1.1186264753341675
20,456,343,323,kl,87.04,-0.03999999999999204,0.41030699014663696,0.7761359214782715,1.1837806701660156
20,456,344,324,kl,87.06,0.01999999999999602,0.4115228056907654,0.7787639498710632,1.1254569292068481
20,456,345,325,kl,87.24,0.1799999999999926,0.41280943155288696,0.7769172191619873,1.1248440742492676
20,456,346,326,kl,86.92,-0.3199999999999932,0.4142744839191437,0.7859249114990234,1.123647689819336
20,456,347,327,kl,87.12,0.20000000000000284,0.4293270409107208,0.8023459911346436,1.1420574188232422
20,456,348,328,kl,86.92,-0.20000000000000284,0.3945639729499817,0.7826177477836609,1.099843978881836
20,456,349,329,kl,86.98,0.060000000000002274,0.3897246718406677,0.795412540435791,1.1160281896591187
20,456,350,330,kl,87.3,0.3199999999999932,0.4313008785247803,0.7950347661972046,1.1453207731246948
20,456,351,331,kl,87.26,-0.03999999999999204,0.4314281940460205,0.8033782243728638,1.1521358489990234
20,456,352,332,kl,87.0,-0.2600000000000051,0.4032788872718811,0.7902423143386841,1.1302517652511597
20,456,353,333,kl,87.1,0.09999999999999432,0.3972000479698181,0.793626070022583,1.1380882263183594
20,456,354,334,kl,87.26,0.1600000000000108,0.39328768849372864,0.7852445840835571,1.157485842704773
20,456,355,335,kl,87.38,0.11999999999999034,0.3949282765388489,0.789593517780304,1.1432111263275146
20,456,356,336,kl,87.14,-0.23999999999999488,0.37641769647598267,0.7791478633880615,1.1258745193481445
20,456,357,337,ce,87.42,0.28000000000000114,0.398874968290329,0.8163188099861145,1.2469807863235474
20,456,358,338,kl,87.06,-0.35999999999999943,0.3902350068092346,0.7955650091171265,1.1536633968353271
20,456,359,339,kl,86.94,-0.12000000000000455,0.4086540937423706,0.8091387152671814,1.1854829788208008
20,456,360,340,kl,87.32,0.37999999999999545,0.389193594455719,0.7886914014816284,1.1430915594100952
20,456,361,341,kl,87.34,0.020000000000010232,0.4212719798088074,0.812835156917572,1.1731843948364258
20,456,362,342,kl,87.24,-0.10000000000000853,0.41050398349761963,0.7996186017990112,1.1879746913909912
20,456,363,343,kl,87.38,0.14000000000000057,0.39520663022994995,0.7942439317703247,1.1438913345336914
20,456,364,344,kl,87.2,-0.1799999999999926,0.3910210430622101,0.802864670753479,1.1662548780441284
20,456,365,345,kl,87.3,0.09999999999999432,0.40524256229400635,0.8113056421279907,1.161667823791504
20,456,366,346,kl,87.3,0.0,0.39117103815078735,0.8004371523857117,1.1615182161331177
20,456,367,347,kl,87.34,0.04000000000000625,0.4327816367149353,0.8096015453338623,1.1945624351501465
20,456,368,348,kl,87.24,-0.10000000000000853,0.41677379608154297,0.8254932165145874,1.1884055137634277
20,456,369,349,kl,87.18,-0.05999999999998806,0.40829867124557495,0.8238542675971985,1.1583143472671509
20,456,370,350,kl,87.0,-0.18000000000000682,0.4219149947166443,0.8260074257850647,1.1979377269744873
20,456,371,351,kl,87.1,0.09999999999999432,0.3928149342536926,0.8073586225509644,1.1736608743667603
20,456,372,352,kl,87.26,0.1600000000000108,0.41160082817077637,0.8248187303543091,1.1985461711883545
20,456,373,353,kl,87.2,-0.060000000000002274,0.39792102575302124,0.8106250762939453,1.1857858896255493
20,456,374,354,kl,87.08,-0.12000000000000455,0.416471004486084,0.829229474067688,1.1670780181884766
20,456,375,355,kl,87.24,0.1599999999999966,0.39628884196281433,0.8197553157806396,1.1690282821655273
20,456,376,356,kl,87.28,0.04000000000000625,0.4079170823097229,0.8304975628852844,1.1603931188583374
20,456,377,357,kl,87.16,-0.12000000000000455,0.39401787519454956,0.8309797644615173,1.173303484916687
20,456,378,358,ce,87.34,0.18000000000000682,0.4004400968551636,0.8335519433021545,1.2560123205184937
20,456,379,359,kl,87.06,-0.28000000000000114,0.38511890172958374,0.819638192653656,1.1523195505142212
20,456,380,360,kl,87.1,0.03999999999999204,0.42293238639831543,0.837123692035675,1.2155253887176514
20,456,381,361,kl,87.22,0.12000000000000455,0.426297664642334,0.8418910503387451,1.198494553565979
20,456,382,362,kl,87.14,-0.0799999999999983,0.4139171838760376,0.8377296924591064,1.1871716976165771
20,456,383,363,kl,87.06,-0.0799999999999983,0.4151427745819092,0.8396010398864746,1.1714459657669067
20,456,384,364,kl,87.3,0.23999999999999488,0.4150632321834564,0.8365076780319214,1.2276670932769775
20,456,385,365,kl,87.24,-0.060000000000002274,0.3896414637565613,0.827269971370697,1.1686002016067505
20,456,386,366,kl,87.26,0.020000000000010232,0.3881004750728607,0.8339772820472717,1.188388466835022
20,456,387,367,kl,87.2,-0.060000000000002274,0.40367719531059265,0.8314704298973083,1.166917085647583
20,456,388,368,kl,87.18,-0.01999999999999602,0.4150100350379944,0.8393082022666931,1.2428771257400513
20,456,389,369,kl,87.24,0.05999999999998806,0.4047577381134033,0.8453608751296997,1.1871272325515747
20,456,390,370,kl,87.26,0.020000000000010232,0.3832135796546936,0.8286439776420593,1.1757373809814453
20,456,391,371,kl,87.24,-0.020000000000010232,0.39399588108062744,0.8358268141746521,1.194621205329895
20,456,392,372,kl,87.22,-0.01999999999999602,0.4140905737876892,0.8531762957572937,1.2405304908752441
20,456,393,373,kl,87.34,0.12000000000000455,0.4236111640930176,0.8632450103759766,1.286892056465149
20,456,394,374,kl,87.04,-0.29999999999999716,0.38465869426727295,0.8332936763763428,1.203631043434143
20,456,395,375,kl,87.0,-0.04000000000000625,0.4038229286670685,0.8444650769233704,1.2312874794006348
20,456,396,376,kl,87.22,0.21999999999999886,0.4283410608768463,0.8694388270378113,1.293426752090454
20,456,397,377,kl,87.16,-0.060000000000002274,0.41685134172439575,0.8710085153579712,1.2491639852523804
20,456,398,378,kl,87.02,-0.14000000000000057,0.39711543917655945,0.8581264615058899,1.2152371406555176
20,456,399,379,ce,87.44,0.4200000000000017,0.479788213968277,0.9007506966590881,1.4413912296295166
20,456,400,380,kl,87.32,-0.12000000000000455,0.3874652683734894,0.8560085296630859,1.2007930278778076
20,456,401,381,kl,87.24,-0.0799999999999983,0.40625977516174316,0.8526489734649658,1.2378042936325073
20,456,402,382,kl,87.22,-0.01999999999999602,0.41258659958839417,0.8581945300102234,1.2401238679885864
20,456,403,383,kl,87.18,-0.03999999999999204,0.3850010633468628,0.8350643515586853,1.229753017425537
20,456,404,384,kl,87.14,-0.04000000000000625,0.4103729724884033,0.8636572957038879,1.241051197052002
20,456,405,385,kl,87.2,0.060000000000002274,0.41732966899871826,0.8637781143188477,1.2376301288604736
20,456,406,386,kl,87.14,-0.060000000000002274,0.4057120084762573,0.8628778457641602,1.2758082151412964
20,456,407,387,kl,87.12,-0.01999999999999602,0.3988758325576782,0.8518266677856445,1.2611677646636963
20,456,408,388,kl,87.16,0.03999999999999204,0.42156875133514404,0.8825389742851257,1.2845302820205688
20,456,409,389,kl,87.36,0.20000000000000284,0.4160735607147217,0.8783988952636719,1.3002690076828003
20,456,410,390,kl,87.26,-0.09999999999999432,0.42504194378852844,0.8776040077209473,1.2425177097320557
20,456,411,391,kl,87.26,0.0,0.3995964229106903,0.8611398339271545,1.263425588607788
20,456,412,392,kl,87.12,-0.14000000000000057,0.4178158640861511,0.8806730508804321,1.2847673892974854
20,456,413,393,kl,87.18,0.060000000000002274,0.4079976975917816,0.8781622052192688,1.2612913846969604
20,456,414,394,kl,87.06,-0.12000000000000455,0.4052274525165558,0.8798788189888,1.278755784034729
20,456,415,395,kl,87.26,0.20000000000000284,0.3968104124069214,0.8783712387084961,1.2656562328338623
20,456,416,396,kl,87.18,-0.0799999999999983,0.39184385538101196,0.8850666880607605,1.3097705841064453
20,456,417,397,kl,87.12,-0.060000000000002274,0.37942102551460266,0.8801626563072205,1.2756892442703247
20,456,418,398,kl,87.1,-0.020000000000010232,0.39665085077285767,0.8875724673271179,1.3199241161346436
20,456,419,399,kl,87.22,0.12000000000000455,0.42784199118614197,0.900600016117096,1.2848396301269531
20,456,420,400,ce,87.22,0.0,0.43089529871940613,0.9269509315490723,1.418847918510437
20,789,1,-19,kl,15.42,6.039999999999999,0.7817518711090088,1.2933094501495361,2.6583058834075928
20,789,2,-18,kl,40.08,24.659999999999997,0.16882717609405518,0.5485314130783081,1.0283678770065308
20,789,3,-17,kl,42.2,2.1200000000000045,0.7114745378494263,0.741256594657898,1.428253412246704
20,789,4,-16,kl,55.92,13.719999999999999,0.7040022015571594,0.6439902782440186,1.347581148147583
20,789,5,-15,kl,61.9,5.979999999999997,0.5677129030227661,0.4637560248374939,0.9899030923843384
20,789,6,-14,kl,63.78,1.8800000000000026,0.6141518354415894,0.4748421907424927,1.1582804918289185
20,789,7,-13,kl,71.2,7.420000000000002,0.5796573758125305,0.46168819069862366,1.0549644231796265
20,789,8,-12,kl,70.7,-0.5,0.5381808280944824,0.43213847279548645,0.9935373067855835
20,789,9,-11,kl,72.56,1.8599999999999994,0.5775608420372009,0.4260537922382355,1.0251168012619019
20,789,10,-10,kl,70.74,-1.8200000000000074,0.5718259215354919,0.47534969449043274,0.9047461748123169
20,789,11,-9,kl,73.86,3.1200000000000045,0.7260134220123291,0.471465140581131,1.0240625143051147
20,789,12,-8,kl,73.52,-0.3400000000000034,0.5345560312271118,0.45307350158691406,1.030513048171997
20,789,13,-7,kl,75.16,1.6400000000000006,0.6338653564453125,0.4769117534160614,1.2026381492614746
20,789,14,-6,kl,75.88,0.7199999999999989,0.4066799283027649,0.3764289915561676,0.8203227519989014
20,789,15,-5,kl,77.34,1.460000000000008,0.33523377776145935,0.41665229201316833,1.1180499792099
20,789,16,-4,kl,77.44,0.09999999999999432,0.49651408195495605,0.4095533788204193,0.8439478874206543
20,789,17,-3,kl,77.7,0.2600000000000051,0.5477958917617798,0.41144490242004395,1.0047214031219482
20,789,18,-2,kl,76.78,-0.9200000000000017,0.433107852935791,0.4407075047492981,1.1883528232574463
20,789,19,-1,kl,75.54,-1.2399999999999949,0.5608399510383606,0.4725026786327362,1.3594378232955933
20,789,20,0,kl,78.56,3.019999999999996,0.5392536520957947,0.36367902159690857,0.7754254937171936
20,789,21,1,ce,79.14,0.5799999999999983,0.26066020131111145,0.28978461027145386,1.8746345043182373
20,789,22,2,kl,76.28,-2.8599999999999994,0.6433764696121216,0.44758379459381104,0.9453951120376587
20,789,23,3,kl,77.02,0.7399999999999949,0.6727675795555115,0.5102093815803528,1.1569300889968872
20,789,24,4,kl,78.84,1.8200000000000074,0.6328465342521667,0.44325852394104004,0.8887231349945068
20,789,25,5,kl,79.76,0.9200000000000017,0.19797244668006897,0.34073978662490845,0.8545543551445007
20,789,26,6,kl,78.44,-1.3200000000000074,0.6603088974952698,0.45871588587760925,1.097175121307373
20,789,27,7,kl,79.18,0.7400000000000091,0.46303591132164,0.4392491281032562,1.2650477886199951
20,789,28,8,kl,79.76,0.5799999999999983,0.4446955919265747,0.39947402477264404,0.9454454183578491
20,789,29,9,kl,80.1,0.3399999999999892,0.5482492446899414,0.4231187403202057,0.8976404070854187
20,789,30,10,kl,79.56,-0.539999999999992,0.4482000470161438,0.40314802527427673,0.9661910533905029
20,789,31,11,kl,79.2,-0.35999999999999943,0.5985791087150574,0.4173373878002167,0.88120037317276
20,789,32,12,kl,79.9,0.7000000000000028,0.4011891782283783,0.42055246233940125,1.0469616651535034
20,789,33,13,kl,79.52,-0.38000000000000966,0.5817362070083618,0.43145182728767395,0.9591690301895142
20,789,34,14,kl,79.78,0.2600000000000051,0.3328595757484436,0.3625253438949585,0.8592566251754761
20,789,35,15,kl,80.62,0.8400000000000034,0.5454530119895935,0.40385496616363525,0.8165457844734192
20,789,36,16,kl,80.38,-0.2400000000000091,0.28408604860305786,0.336176335811615,0.9284085631370544
20,789,37,17,kl,80.7,0.3200000000000074,0.5797327756881714,0.4097907543182373,0.8495111465454102
20,789,38,18,kl,80.58,-0.12000000000000455,0.5603770017623901,0.41061607003211975,0.9275468587875366
20,789,39,19,kl,80.9,0.3200000000000074,0.40045487880706787,0.3824055790901184,0.9082353115081787
20,789,40,20,kl,81.38,0.47999999999998977,0.5039987564086914,0.3935545086860657,0.8205124139785767
20,789,41,21,kl,80.24,-1.1400000000000006,0.630537748336792,0.4433550536632538,0.9022464156150818
20,789,42,22,ce,80.24,0.0,0.3076035976409912,0.33167070150375366,1.854549765586853
20,789,43,23,kl,80.66,0.4200000000000017,0.4743077754974365,0.4023227393627167,0.8021345734596252
20,789,44,24,kl,81.5,0.8400000000000034,0.39691901206970215,0.3845255970954895,0.7900335788726807
20,789,45,25,kl,79.3,-2.200000000000003,0.49707406759262085,0.4601331651210785,1.2819606065750122
20,789,46,26,kl,80.54,1.240000000000009,0.46235203742980957,0.3992452323436737,0.9366971254348755
20,789,47,27,kl,81.12,0.5799999999999983,0.5260125994682312,0.3897092342376709,0.8607646226882935
20,789,48,28,kl,80.48,-0.6400000000000006,0.42754417657852173,0.3728846311569214,0.7017197608947754
20,789,49,29,kl,81.4,0.9200000000000017,0.4372515082359314,0.42678746581077576,1.0254426002502441
20,789,50,30,kl,81.54,0.14000000000000057,0.5344363451004028,0.41524240374565125,0.8777140974998474
20,789,51,31,kl,81.54,0.0,0.4812406599521637,0.4064675569534302,0.874367356300354
20,789,52,32,kl,81.2,-0.3400000000000034,0.5713346600532532,0.4311947822570801,1.0698920488357544
20,789,53,33,kl,81.5,0.29999999999999716,0.4821418523788452,0.39944520592689514,0.7684639692306519
20,789,54,34,kl,80.5,-1.0,0.5790836811065674,0.45055317878723145,1.0232144594192505
20,789,55,35,kl,81.3,0.7999999999999972,0.6701410412788391,0.49345922470092773,0.919185221195221
20,789,56,36,kl,80.8,-0.5,0.4553498923778534,0.39868593215942383,0.7893806099891663
20,789,57,37,kl,79.46,-1.3400000000000034,0.7067778706550598,0.5531157851219177,1.0895042419433594
20,789,58,38,kl,79.5,0.04000000000000625,0.5294889211654663,0.40472516417503357,0.9580626487731934
20,789,59,39,kl,81.04,1.5400000000000063,0.5172560811042786,0.41926196217536926,1.0854634046554565
20,789,60,40,kl,82.02,0.9799999999999898,0.5795114636421204,0.4281919002532959,0.9104062914848328
20,789,61,41,kl,81.38,-0.6400000000000006,0.33037078380584717,0.3541325330734253,0.9755584001541138
20,789,62,42,kl,81.04,-0.3399999999999892,0.6200114488601685,0.46385955810546875,0.9007877707481384
20,789,63,43,ce,81.32,0.2799999999999869,0.30134886503219604,0.34111106395721436,1.6506692171096802
20,789,64,44,kl,80.54,-0.7799999999999869,0.6386590600013733,0.4725702404975891,1.0007330179214478
20,789,65,45,kl,81.54,1.0,0.5282926559448242,0.435613751411438,0.9391577839851379
20,789,66,46,kl,80.38,-1.1600000000000108,0.6011278629302979,0.48921966552734375,1.231744647026062
20,789,67,47,kl,81.08,0.7000000000000028,0.5884126424789429,0.4660870432853699,0.955488920211792
20,789,68,48,kl,79.6,-1.480000000000004,0.5405005812644958,0.43599098920822144,1.186477780342102
20,789,69,49,kl,80.36,0.7600000000000051,0.5815730094909668,0.4892750084400177,1.1515755653381348
20,789,70,50,kl,81.0,0.6400000000000006,0.5550113916397095,0.451813668012619,0.8964036703109741
20,789,71,51,kl,81.44,0.4399999999999977,0.5991102457046509,0.4462412893772125,0.8199638724327087
20,789,72,52,kl,81.66,0.21999999999999886,0.7052120566368103,0.5268353223800659,1.072857141494751
20,789,73,53,kl,81.8,0.14000000000000057,0.5017428994178772,0.4322640299797058,0.8391607403755188
20,789,74,54,kl,82.0,0.20000000000000284,0.4968547523021698,0.43936434388160706,0.9594064950942993
20,789,75,55,kl,80.96,-1.0400000000000063,0.5921152830123901,0.474478155374527,0.9568320512771606
20,789,76,56,kl,80.84,-0.11999999999999034,0.7149481177330017,0.5483280420303345,1.2114604711532593
20,789,77,57,kl,80.5,-0.3400000000000034,0.4729155898094177,0.43020179867744446,0.8818432092666626
20,789,78,58,kl,81.5,1.0,0.4660685062408447,0.42631471157073975,0.9274864792823792
20,789,79,59,kl,81.24,-0.2600000000000051,0.5603734850883484,0.39956820011138916,0.970101535320282
20,789,80,60,kl,82.02,0.7800000000000011,0.4614877998828888,0.4367089867591858,0.9226911664009094
20,789,81,61,kl,82.04,0.020000000000010232,0.5112245082855225,0.45743805170059204,1.1007288694381714
20,789,82,62,kl,81.9,-0.14000000000000057,0.36602750420570374,0.4029214382171631,0.9722006320953369
20,789,83,63,kl,80.64,-1.2600000000000051,0.699914813041687,0.5277687311172485,0.9301639199256897
20,789,84,64,ce,80.66,0.01999999999999602,0.30316779017448425,0.34083205461502075,1.6791586875915527
20,789,85,65,kl,82.5,1.8400000000000034,0.5867345929145813,0.4649565517902374,0.8432731628417969
20,789,86,66,kl,81.4,-1.0999999999999943,0.6001443862915039,0.48831620812416077,0.9721444845199585
20,789,87,67,kl,82.44,1.039999999999992,0.5620853304862976,0.45248815417289734,0.9429904222488403
20,789,88,68,kl,80.64,-1.7999999999999972,0.5394620299339294,0.4770554006099701,1.2576396465301514
20,789,89,69,kl,83.06,2.4200000000000017,0.5019494295120239,0.4412896931171417,0.937503457069397
20,789,90,70,kl,81.44,-1.6200000000000045,0.5091772675514221,0.4507037401199341,0.9757751226425171
20,789,91,71,kl,81.38,-0.060000000000002274,0.48610734939575195,0.4072359800338745,0.8385142683982849
20,789,92,72,kl,82.36,0.980000000000004,0.5832585096359253,0.48000308871269226,1.2118971347808838
20,789,93,73,kl,80.4,-1.9599999999999937,0.4623222053050995,0.42861121892929077,1.1087960004806519
20,789,94,74,kl,81.54,1.1400000000000006,0.5649760365486145,0.43472304940223694,1.0523262023925781
20,789,95,75,kl,79.98,-1.5600000000000023,0.5246379375457764,0.44084039330482483,1.1651711463928223
20,789,96,76,kl,80.88,0.8999999999999915,0.581957221031189,0.4701767861843109,1.1943914890289307
20,789,97,77,kl,80.82,-0.060000000000002274,0.5482925176620483,0.455834299325943,0.978496789932251
20,789,98,78,kl,80.42,-0.3999999999999915,0.4658955931663513,0.420911580324173,0.9470947980880737
20,789,99,79,kl,79.74,-0.6800000000000068,0.5332071781158447,0.4460392892360687,1.1016968488693237
20,789,100,80,kl,80.2,0.46000000000000796,0.43966391682624817,0.4557807445526123,1.0670559406280518
20,789,101,81,kl,82.4,2.200000000000003,0.37150585651397705,0.3898159861564636,0.9205806255340576
20,789,102,82,kl,80.94,-1.460000000000008,0.5489516854286194,0.46435168385505676,0.9021509885787964
20,789,103,83,kl,81.06,0.12000000000000455,0.4150080680847168,0.39648959040641785,0.9768115878105164
20,789,104,84,kl,82.14,1.0799999999999983,0.5192057490348816,0.45215243101119995,0.7943882942199707
20,789,105,85,ce,82.62,0.480000000000004,0.27333611249923706,0.3448866903781891,1.6310476064682007
20,789,106,86,kl,80.48,-2.1400000000000006,0.48057830333709717,0.4597453474998474,1.076907992362976
20,789,107,87,kl,81.98,1.5,0.5001564621925354,0.4360031187534332,0.8511092066764832
20,789,108,88,kl,82.04,0.060000000000002274,0.5362808704376221,0.4684502184391022,1.1972873210906982
20,789,109,89,kl,82.08,0.03999999999999204,0.5187665224075317,0.4328822195529938,0.9762163162231445
20,789,110,90,kl,81.94,-0.14000000000000057,0.43936294317245483,0.4454851746559143,1.2092108726501465
20,789,111,91,kl,82.38,0.4399999999999977,0.45952388644218445,0.42994269728660583,1.0501141548156738
20,789,112,92,kl,82.0,-0.37999999999999545,0.5323571562767029,0.43477001786231995,1.075896978378296
20,789,113,93,kl,80.9,-1.0999999999999943,0.5202566385269165,0.45452651381492615,1.1777204275131226
20,789,114,94,kl,82.66,1.759999999999991,0.49477502703666687,0.4151249825954437,0.8006202578544617
20,789,115,95,kl,82.3,-0.35999999999999943,0.6181505918502808,0.4737100303173065,1.049629807472229
20,789,116,96,kl,82.22,-0.0799999999999983,0.4593723714351654,0.43616026639938354,0.9102635979652405
20,789,117,97,kl,82.16,-0.060000000000002274,0.6869480013847351,0.500944972038269,0.930348813533783
20,789,118,98,kl,82.44,0.28000000000000114,0.5632255673408508,0.456178218126297,0.8641132712364197
20,789,119,99,kl,81.54,-0.8999999999999915,0.5700387954711914,0.45419958233833313,0.9949730038642883
20,789,120,100,kl,80.96,-0.5800000000000125,0.564780056476593,0.5274447798728943,1.2346270084381104
20,789,121,101,kl,81.36,0.4000000000000057,0.6002519130706787,0.47943568229675293,0.932722270488739
20,789,122,102,kl,79.96,-1.4000000000000057,0.5923886299133301,0.49930697679519653,1.1040089130401611
20,789,123,103,kl,80.56,0.6000000000000085,0.629076361656189,0.5062655210494995,1.1050889492034912
20,789,124,104,kl,81.68,1.1200000000000045,0.4616428315639496,0.4005098342895508,0.8903948664665222
20,789,125,105,kl,82.02,0.3399999999999892,0.35076385736465454,0.4066850244998932,0.8849546313285828
20,789,126,106,ce,81.44,-0.5799999999999983,0.2928857207298279,0.363889217376709,1.5842684507369995
20,789,127,107,kl,81.84,0.4000000000000057,0.4315721094608307,0.4060738682746887,0.8778101205825806
20,789,128,108,kl,80.6,-1.240000000000009,0.6919445991516113,0.5204734802246094,1.3041388988494873
20,789,129,109,kl,82.16,1.5600000000000023,0.5430173277854919,0.43082961440086365,1.0555139780044556
20,789,130,110,kl,81.82,-0.3400000000000034,0.3862053155899048,0.405301958322525,0.8822022676467896
20,789,131,111,kl,80.88,-0.9399999999999977,0.4715661108493805,0.43415749073028564,0.9948698878288269
20,789,132,112,kl,80.38,-0.5,0.48364004492759705,0.417199969291687,1.0946699380874634
20,789,133,113,kl,80.92,0.5400000000000063,0.5678817629814148,0.468381404876709,1.0178943872451782
20,789,134,114,kl,81.72,0.7999999999999972,0.3705808222293854,0.39515799283981323,0.9943715929985046
20,789,135,115,kl,82.56,0.8400000000000034,0.2639663815498352,0.3702593743801117,1.0277488231658936
20,789,136,116,kl,82.96,0.3999999999999915,0.3095182776451111,0.384473979473114,0.8958452939987183
20,789,137,117,kl,80.62,-2.339999999999989,0.5781670808792114,0.49964091181755066,1.2106726169586182
20,789,138,118,kl,81.2,0.5799999999999983,0.3401082754135132,0.36718571186065674,0.9966206550598145
20,789,139,119,kl,81.72,0.519999999999996,0.5679200887680054,0.4614454507827759,1.024340033531189
20,789,140,120,kl,81.98,0.2600000000000051,0.44330987334251404,0.4184328019618988,0.769719660282135
20,789,141,121,kl,82.54,0.5600000000000023,0.6314101219177246,0.49339935183525085,1.0281368494033813
20,789,142,122,kl,81.18,-1.3599999999999994,0.5850900411605835,0.45460495352745056,0.9907712936401367
20,789,143,123,kl,82.42,1.2399999999999949,0.4626273214817047,0.4384767413139343,0.9516805410385132
20,789,144,124,kl,81.7,-0.7199999999999989,0.3957161605358124,0.3854665756225586,0.987007737159729
20,789,145,125,kl,82.98,1.2800000000000011,0.5351184010505676,0.4214453101158142,0.8677316904067993
20,789,146,126,kl,81.8,-1.1800000000000068,0.4355131983757019,0.4486524164676666,1.0164246559143066
20,789,147,127,ce,81.88,0.0799999999999983,0.36684292554855347,0.37431105971336365,1.7378836870193481
20,789,148,128,kl,81.74,-0.14000000000000057,0.5307456851005554,0.4604499638080597,1.1372274160385132
20,789,149,129,kl,81.02,-0.7199999999999989,0.33038896322250366,0.37907400727272034,1.1266059875488281
20,789,150,130,kl,78.8,-2.219999999999999,0.6352605819702148,0.5176247954368591,1.399112343788147
20,789,151,131,kl,82.1,3.299999999999997,0.337718665599823,0.39932772517204285,0.961331844329834
20,789,152,132,kl,82.16,0.060000000000002274,0.4757135510444641,0.42158350348472595,0.9359345436096191
20,789,153,133,kl,81.6,-0.5600000000000023,0.47166621685028076,0.44896963238716125,1.2528895139694214
20,789,154,134,kl,82.42,0.8200000000000074,0.41664132475852966,0.3815663456916809,0.7852844595909119
20,789,155,135,kl,81.58,-0.8400000000000034,0.5470823049545288,0.42119601368904114,0.941153347492218
20,789,156,136,kl,82.4,0.8200000000000074,0.497793048620224,0.4013075828552246,0.8315017819404602
20,789,157,137,kl,82.22,-0.18000000000000682,0.5076546669006348,0.4482232928276062,0.880104660987854
20,789,158,138,kl,81.82,-0.4000000000000057,0.4943026900291443,0.46086859703063965,1.1629884243011475
20,789,159,139,kl,82.88,1.0600000000000023,0.5124884247779846,0.4209776222705841,0.9355108737945557
20,789,160,140,kl,82.04,-0.8399999999999892,0.5376874208450317,0.4212692677974701,1.0216234922409058
20,789,161,141,kl,81.92,-0.12000000000000455,0.5020039081573486,0.4387013018131256,1.0000091791152954
20,789,162,142,kl,82.42,0.5,0.555829644203186,0.46888744831085205,1.091834306716919
20,789,163,143,kl,81.46,-0.960000000000008,0.4794010519981384,0.4141272008419037,0.9156553149223328
20,789,164,144,kl,82.78,1.3200000000000074,0.4071118235588074,0.4048376977443695,0.831152081489563
20,789,165,145,kl,82.0,-0.7800000000000011,0.4697863459587097,0.4210699200630188,1.0392526388168335
20,789,166,146,kl,81.26,-0.7399999999999949,0.4979403614997864,0.4683769643306732,1.1183356046676636
20,789,167,147,kl,80.34,-0.9200000000000017,0.6110840439796448,0.5448246002197266,1.1085941791534424
20,789,168,148,ce,81.24,0.8999999999999915,0.31587982177734375,0.32656341791152954,1.682652235031128
20,789,169,149,kl,81.56,0.3200000000000074,0.5165246725082397,0.4843231439590454,1.1771334409713745
20,789,170,150,kl,82.06,0.5,0.5958282947540283,0.48373499512672424,1.006473422050476
20,789,171,151,kl,82.84,0.7800000000000011,0.47730666399002075,0.4349517524242401,0.8769741654396057
20,789,172,152,kl,81.88,-0.960000000000008,0.4827009439468384,0.41371846199035645,0.9741857647895813
20,789,173,153,kl,79.64,-2.239999999999995,0.6820411682128906,0.5236331820487976,1.0581881999969482
20,789,174,154,kl,82.5,2.8599999999999994,0.3213137686252594,0.3935377299785614,0.9106442332267761
20,789,175,155,kl,82.42,-0.0799999999999983,0.39826756715774536,0.406113862991333,0.9496485590934753
20,789,176,156,kl,82.84,0.4200000000000017,0.5802451372146606,0.4693669378757477,0.829810619354248
20,789,177,157,kl,82.04,-0.7999999999999972,0.43444353342056274,0.4123080372810364,0.7518654465675354
20,789,178,158,kl,82.62,0.5799999999999983,0.447843998670578,0.3830851912498474,0.9780703783035278
20,789,179,159,kl,81.98,-0.6400000000000006,0.5149592161178589,0.4290876090526581,0.9004173874855042
20,789,180,160,kl,80.26,-1.7199999999999989,0.37589001655578613,0.40883901715278625,1.0676095485687256
20,789,181,161,kl,82.22,1.9599999999999937,0.3879457116127014,0.3834623098373413,0.9192810654640198
20,789,182,162,kl,81.86,-0.35999999999999943,0.48181119561195374,0.4421248733997345,0.9669535160064697
20,789,183,163,kl,82.38,0.519999999999996,0.5232952237129211,0.4406231939792633,0.8419777154922485
20,789,184,164,kl,81.48,-0.8999999999999915,0.38592231273651123,0.39942994713783264,0.8501688838005066
20,789,185,165,kl,80.58,-0.9000000000000057,0.44456398487091064,0.39591747522354126,0.8099958300590515
20,789,186,166,kl,81.86,1.2800000000000011,0.564193844795227,0.48293954133987427,1.0383708477020264
20,789,187,167,kl,81.6,-0.2600000000000051,0.39830470085144043,0.43239912390708923,0.899430513381958
20,789,188,168,kl,82.06,0.46000000000000796,0.5444797873497009,0.4828687608242035,1.0775939226150513
20,789,189,169,ce,82.14,0.0799999999999983,0.2710087299346924,0.36042848229408264,1.6631989479064941
20,789,190,170,kl,81.1,-1.0400000000000063,0.605610728263855,0.49031591415405273,0.9604588747024536
20,789,191,171,kl,81.92,0.8200000000000074,0.4050687849521637,0.401116281747818,0.9621717929840088
20,789,192,172,kl,82.64,0.7199999999999989,0.5130314826965332,0.44048091769218445,0.9213292598724365
20,789,193,173,kl,82.84,0.20000000000000284,0.49901777505874634,0.4346195161342621,1.0613553524017334
20,789,194,174,kl,81.82,-1.0200000000000102,0.5408881902694702,0.442791610956192,0.9589816331863403
20,789,195,175,kl,82.36,0.5400000000000063,0.49411776661872864,0.46030426025390625,1.1440072059631348
20,789,196,176,kl,80.74,-1.6200000000000045,0.5776752233505249,0.45825597643852234,1.056455373764038
20,789,197,177,kl,82.1,1.3599999999999994,0.49818819761276245,0.43916550278663635,1.0621371269226074
20,789,198,178,kl,82.34,0.2400000000000091,0.35059672594070435,0.3967092037200928,1.090975046157837
20,789,199,179,kl,82.22,-0.12000000000000455,0.384615421295166,0.4085119366645813,1.045465350151062
20,789,200,180,kl,82.46,0.23999999999999488,0.4413624405860901,0.42944613099098206,0.9488368034362793
20,789,201,181,kl,82.4,-0.05999999999998806,0.38682883977890015,0.3900151550769806,0.9792483448982239
20,789,202,182,kl,81.86,-0.5400000000000063,0.5665010213851929,0.4309535622596741,0.8958883881568909
20,789,203,183,kl,82.02,0.1599999999999966,0.5859426259994507,0.4702673554420471,0.8185131549835205
20,789,204,184,kl,81.38,-0.6400000000000006,0.5481717586517334,0.47887957096099854,0.9152845740318298
20,789,205,185,kl,80.8,-0.5799999999999983,0.37765851616859436,0.38168469071388245,1.0571938753128052
20,789,206,186,kl,81.98,1.1800000000000068,0.3464208245277405,0.389663428068161,1.0952543020248413
20,789,207,187,kl,82.0,0.01999999999999602,0.48946598172187805,0.4185715615749359,0.9792636632919312
20,789,208,188,kl,82.22,0.21999999999999886,0.4984096884727478,0.44338488578796387,0.8293297290802002
20,789,209,189,kl,81.84,-0.37999999999999545,0.5544354915618896,0.4585019052028656,1.07830011844635
20,789,210,190,ce,81.64,-0.20000000000000284,0.37268686294555664,0.33061426877975464,1.9734622240066528
20,789,211,191,kl,82.62,0.980000000000004,0.4503658711910248,0.4495853781700134,1.015199065208435
20,789,212,192,kl,81.78,-0.8400000000000034,0.4402329623699188,0.4247933328151703,0.936847984790802
20,789,213,193,kl,82.78,1.0,0.44912850856781006,0.41238394379615784,0.8914600610733032
20,789,214,194,kl,82.12,-0.6599999999999966,0.5114530920982361,0.44058579206466675,0.9694491028785706
20,789,215,195,kl,81.94,-0.18000000000000682,0.4874421954154968,0.44556891918182373,0.9314005374908447
20,789,216,196,kl,80.9,-1.039999999999992,0.48615673184394836,0.4200802445411682,1.033122181892395
20,789,217,197,kl,82.28,1.3799999999999955,0.4900546371936798,0.46782806515693665,0.9588266611099243
20,789,218,198,kl,82.54,0.2600000000000051,0.5603446960449219,0.44178110361099243,0.8654069900512695
20,789,219,199,kl,81.76,-0.7800000000000011,0.6095982789993286,0.45267945528030396,0.8762446641921997
20,789,220,200,kl,82.08,0.3199999999999932,0.37321001291275024,0.4137105345726013,0.8508515954017639
20,789,221,201,kl,82.14,0.060000000000002274,0.37026160955429077,0.38972392678260803,0.9351836442947388
20,789,222,202,kl,82.62,0.480000000000004,0.3559340238571167,0.3947201669216156,0.9513887763023376
20,789,223,203,kl,82.74,0.11999999999999034,0.40354615449905396,0.40327543020248413,0.8678563237190247
20,789,224,204,kl,81.98,-0.7599999999999909,0.5298547148704529,0.4759509563446045,1.0942376852035522
20,789,225,205,kl,81.96,-0.020000000000010232,0.5855923891067505,0.4831317663192749,0.9207797646522522
20,789,226,206,kl,82.02,0.060000000000002274,0.4621257483959198,0.41600894927978516,1.0198200941085815
20,789,227,207,kl,81.46,-0.5600000000000023,0.48536765575408936,0.4287354052066803,0.9347257614135742
20,789,228,208,kl,81.74,0.28000000000000114,0.3325398564338684,0.3888939321041107,0.7825431227684021
20,789,229,209,kl,82.68,0.9400000000000119,0.37922826409339905,0.4174821376800537,0.9478283524513245
20,789,230,210,kl,81.56,-1.1200000000000045,0.5252202153205872,0.4457213580608368,0.9226396083831787
20,789,231,211,ce,79.16,-2.4000000000000057,0.3865838646888733,0.4039941728115082,1.628889560699463
20,789,232,212,kl,85.56,6.400000000000006,0.2586592435836792,0.37473583221435547,0.7664146423339844
20,789,233,213,kl,85.4,-0.1599999999999966,0.23372428119182587,0.3591439723968506,0.7745841145515442
20,789,234,214,kl,85.32,-0.0800000000000125,0.23088574409484863,0.3647269904613495,0.7641222476959229
20,789,235,215,kl,85.38,0.060000000000002274,0.2564958930015564,0.3755764067173004,0.8262750506401062
20,789,236,216,kl,85.18,-0.19999999999998863,0.27749180793762207,0.3733901381492615,0.789432168006897
20,789,237,217,kl,85.6,0.4199999999999875,0.2735369801521301,0.384869784116745,0.7700384855270386
20,789,238,218,kl,85.5,-0.09999999999999432,0.33514562249183655,0.39973223209381104,0.8015018701553345
20,789,239,219,kl,85.24,-0.2600000000000051,0.26061317324638367,0.37773096561431885,0.8454464673995972
20,789,240,220,kl,85.44,0.20000000000000284,0.2847403585910797,0.39257630705833435,0.7412286996841431
20,789,241,221,kl,85.26,-0.1799999999999926,0.24618665874004364,0.3805319666862488,0.7849047780036926
20,789,242,222,kl,85.32,0.05999999999998806,0.2713450491428375,0.39799436926841736,0.8087255358695984
20,789,243,223,kl,85.1,-0.21999999999999886,0.34152889251708984,0.4168703854084015,0.823100209236145
20,789,244,224,kl,84.98,-0.11999999999999034,0.3184586465358734,0.41485005617141724,0.8943608999252319
20,789,245,225,kl,85.12,0.14000000000000057,0.2994006872177124,0.41179388761520386,0.8489753603935242
20,789,246,226,kl,85.04,-0.0799999999999983,0.31605786085128784,0.41352713108062744,0.9443020224571228
20,789,247,227,kl,84.8,-0.2400000000000091,0.28193408250808716,0.4192185699939728,0.8351154923439026
20,789,248,228,kl,85.36,0.5600000000000023,0.3407595157623291,0.43828800320625305,0.9272720217704773
20,789,249,229,kl,85.2,-0.1599999999999966,0.3263636529445648,0.4312918186187744,0.9197826981544495
20,789,250,230,kl,84.78,-0.4200000000000017,0.3424820601940155,0.446942001581192,0.9554916024208069
20,789,251,231,kl,85.0,0.21999999999999886,0.3264158070087433,0.4403322637081146,0.8429746031761169
20,789,252,232,ce,85.34,0.3400000000000034,0.37284979224205017,0.45447173714637756,1.1555323600769043
20,789,253,233,kl,85.02,-0.3200000000000074,0.28346800804138184,0.44969871640205383,0.972957968711853
20,789,254,234,kl,85.46,0.4399999999999977,0.2842719554901123,0.44748052954673767,0.9574101567268372
20,789,255,235,kl,85.18,-0.2799999999999869,0.2789609134197235,0.4422774910926819,0.956763505935669
20,789,256,236,kl,85.3,0.11999999999999034,0.298287034034729,0.45201805233955383,0.9569970369338989
20,789,257,237,kl,85.12,-0.1799999999999926,0.31650495529174805,0.45725417137145996,0.9688116312026978
20,789,258,238,kl,85.16,0.03999999999999204,0.36594706773757935,0.47908851504325867,1.1123188734054565
20,789,259,239,kl,85.26,0.10000000000000853,0.27879154682159424,0.45252007246017456,0.9745027422904968
20,789,260,240,kl,85.08,-0.18000000000000682,0.35942426323890686,0.4902099370956421,0.9811959266662598
20,789,261,241,kl,85.1,0.01999999999999602,0.3198085427284241,0.47999307513237,0.9685536623001099
20,789,262,242,kl,85.16,0.060000000000002274,0.3575357496738434,0.4972085654735565,0.9611193537712097
20,789,263,243,kl,85.2,0.04000000000000625,0.3388616740703583,0.49603182077407837,1.0665898323059082
20,789,264,244,kl,85.2,0.0,0.27331027388572693,0.4897928237915039,0.9852176308631897
20,789,265,245,kl,85.06,-0.14000000000000057,0.3488949239253998,0.5085650682449341,1.0739809274673462
20,789,266,246,kl,85.4,0.3400000000000034,0.24414700269699097,0.4898938834667206,0.9445210099220276
20,789,267,247,kl,85.06,-0.3400000000000034,0.30050456523895264,0.5106602907180786,1.0806584358215332
20,789,268,248,kl,85.14,0.0799999999999983,0.2840006649494171,0.5051134824752808,1.0913640260696411
20,789,269,249,kl,85.44,0.29999999999999716,0.2973257303237915,0.5095959305763245,1.089840292930603
20,789,270,250,kl,85.42,-0.01999999999999602,0.31230172514915466,0.5165895223617554,1.0378239154815674
20,789,271,251,kl,85.4,-0.01999999999999602,0.34128493070602417,0.5353993773460388,1.1411465406417847
20,789,272,252,kl,85.16,-0.2400000000000091,0.30922335386276245,0.530220627784729,1.0643985271453857
20,789,273,253,ce,85.56,0.4000000000000057,0.35573017597198486,0.5415966510772705,1.2723780870437622
20,789,274,254,kl,85.32,-0.2400000000000091,0.307463139295578,0.5307093858718872,1.0873429775238037
20,789,275,255,kl,85.3,-0.01999999999999602,0.31466883420944214,0.5493481159210205,1.1749571561813354
20,789,276,256,kl,85.22,-0.0799999999999983,0.30096790194511414,0.5177270770072937,1.051920771598816
20,789,277,257,kl,85.14,-0.0799999999999983,0.2559851408004761,0.5389561653137207,1.0594477653503418
20,789,278,258,kl,85.16,0.01999999999999602,0.35997045040130615,0.5720694065093994,1.1720004081726074
20,789,279,259,kl,85.18,0.020000000000010232,0.3602357804775238,0.5613163709640503,1.1737574338912964
20,789,280,260,kl,85.02,-0.1600000000000108,0.4235922694206238,0.6183340549468994,1.2649966478347778
20,789,281,261,kl,85.06,0.04000000000000625,0.38867130875587463,0.5919221043586731,1.2046853303909302
20,789,282,262,kl,84.92,-0.14000000000000057,0.3282654583454132,0.5738853812217712,1.1161805391311646
20,789,283,263,kl,85.32,0.3999999999999915,0.3770311772823334,0.60176020860672,1.400353193283081
20,789,284,264,kl,85.48,0.1600000000000108,0.36848220229148865,0.5748041868209839,1.2247130870819092
20,789,285,265,kl,85.14,-0.3400000000000034,0.29625198245048523,0.5672844052314758,1.1928691864013672
20,789,286,266,kl,85.42,0.28000000000000114,0.25044023990631104,0.5716354846954346,1.121999979019165
20,789,287,267,kl,85.82,0.3999999999999915,0.3081868290901184,0.5807702541351318,1.208470344543457
20,789,288,268,kl,85.44,-0.37999999999999545,0.29189273715019226,0.5983783602714539,1.2321085929870605
20,789,289,269,kl,84.74,-0.7000000000000028,0.3684266209602356,0.6209578514099121,1.3482152223587036
20,789,290,270,kl,85.66,0.9200000000000017,0.3072677552700043,0.5921446681022644,1.2571885585784912
20,789,291,271,kl,84.8,-0.8599999999999994,0.3381802439689636,0.6126722097396851,1.263625979423523
20,789,292,272,kl,85.42,0.6200000000000045,0.32547464966773987,0.624071478843689,1.1904021501541138
20,789,293,273,kl,85.08,-0.3400000000000034,0.32124561071395874,0.6182734966278076,1.3024994134902954
20,789,294,274,ce,84.82,-0.2600000000000051,0.3525431752204895,0.5928996205329895,1.5248796939849854
20,789,295,275,kl,85.2,0.38000000000000966,0.3948294222354889,0.6396549344062805,1.3066649436950684
20,789,296,276,kl,85.42,0.21999999999999886,0.31524282693862915,0.6067701578140259,1.2927279472351074
20,789,297,277,kl,85.26,-0.1599999999999966,0.34144365787506104,0.6192409992218018,1.3092164993286133
20,789,298,278,kl,85.18,-0.0799999999999983,0.4230048358440399,0.6736046671867371,1.4202998876571655
20,789,299,279,kl,85.16,-0.020000000000010232,0.34027984738349915,0.6364408731460571,1.280487060546875
20,789,300,280,kl,85.4,0.2400000000000091,0.29434746503829956,0.6105880737304688,1.1660525798797607
20,789,301,281,kl,84.86,-0.5400000000000063,0.3463331162929535,0.6360781192779541,1.296487808227539
20,789,302,282,kl,85.06,0.20000000000000284,0.3404979109764099,0.6506770849227905,1.3550834655761719
20,789,303,283,kl,84.78,-0.28000000000000114,0.38740962743759155,0.6677995920181274,1.4047176837921143
20,789,304,284,kl,84.82,0.03999999999999204,0.3505861759185791,0.6654722690582275,1.360915184020996
20,789,305,285,kl,85.04,0.22000000000001307,0.3006038963794708,0.6377624869346619,1.345770239830017
20,789,306,286,kl,84.84,-0.20000000000000284,0.33460894227027893,0.6765114068984985,1.372735857963562
20,789,307,287,kl,84.76,-0.0799999999999983,0.4078098237514496,0.7131925821304321,1.392354130744934
20,789,308,288,kl,85.4,0.6400000000000006,0.3889167606830597,0.7133658528327942,1.468446135520935
20,789,309,289,kl,84.66,-0.7400000000000091,0.29772523045539856,0.6785861253738403,1.4030636548995972
20,789,310,290,kl,85.5,0.8400000000000034,0.3026731610298157,0.6719156503677368,1.2604540586471558
20,789,311,291,kl,84.96,-0.5400000000000063,0.2964571714401245,0.6676082015037537,1.3978883028030396
20,789,312,292,kl,85.14,0.18000000000000682,0.37696996331214905,0.7376980185508728,1.350431203842163
20,789,313,293,kl,85.16,0.01999999999999602,0.39817118644714355,0.7135107517242432,1.4544999599456787
20,789,314,294,kl,85.08,-0.0799999999999983,0.33871397376060486,0.697859525680542,1.411952257156372
20,789,315,295,ce,85.0,-0.0799999999999983,0.3596838116645813,0.7277653217315674,1.6488091945648193
20,789,316,296,kl,84.94,-0.060000000000002274,0.2966861426830292,0.6804866194725037,1.423948884010315
20,789,317,297,kl,85.04,0.10000000000000853,0.3593864440917969,0.7308422327041626,1.4023935794830322
20,789,318,298,kl,85.06,0.01999999999999602,0.3962671160697937,0.739572286605835,1.4979256391525269
20,789,319,299,kl,85.36,0.29999999999999716,0.2874188721179962,0.7015089392662048,1.3659968376159668
20,789,320,300,kl,84.96,-0.4000000000000057,0.32640355825424194,0.703387439250946,1.4145305156707764
20,789,321,301,kl,84.8,-0.1599999999999966,0.385509729385376,0.7598513960838318,1.4269276857376099
20,789,322,302,kl,85.2,0.4000000000000057,0.3687902092933655,0.7439136505126953,1.5232834815979004
20,789,323,303,kl,85.16,-0.04000000000000625,0.29429030418395996,0.704117476940155,1.3942904472351074
20,789,324,304,kl,85.02,-0.14000000000000057,0.4027707576751709,0.7772778868675232,1.6974080801010132
20,789,325,305,kl,84.86,-0.1599999999999966,0.38319897651672363,0.766751229763031,1.455711007118225
20,789,326,306,kl,84.88,0.01999999999999602,0.3751520812511444,0.7522678375244141,1.4784266948699951
20,789,327,307,kl,84.82,-0.060000000000002274,0.3876175284385681,0.7596896290779114,1.4557466506958008
20,789,328,308,kl,84.78,-0.03999999999999204,0.3054381012916565,0.7388206124305725,1.4246395826339722
20,789,329,309,kl,84.48,-0.29999999999999716,0.37709054350852966,0.7780236601829529,1.5983437299728394
20,789,330,310,kl,84.92,0.4399999999999977,0.3245220482349396,0.7408443689346313,1.331745982170105
20,789,331,311,kl,84.74,-0.18000000000000682,0.38978758454322815,0.8014307618141174,1.3536821603775024
20,789,332,312,kl,84.4,-0.3399999999999892,0.27816587686538696,0.726455569267273,1.3260701894760132
20,789,333,313,kl,84.34,-0.060000000000002274,0.4271004796028137,0.8039620518684387,1.6059006452560425
20,789,334,314,kl,84.74,0.3999999999999915,0.3805621564388275,0.7847520112991333,1.510231852531433
20,789,335,315,kl,85.0,0.2600000000000051,0.3068733513355255,0.7731972336769104,1.422170877456665
20,789,336,316,ce,84.66,-0.3400000000000034,0.40527188777923584,0.8107213973999023,2.0694785118103027
20,789,337,317,kl,85.44,0.7800000000000011,0.3042168915271759,0.762054443359375,1.4784092903137207
20,789,338,318,kl,85.32,-0.12000000000000455,0.3493637442588806,0.7947099804878235,1.5246721506118774
20,789,339,319,kl,85.4,0.0800000000000125,0.32773151993751526,0.7848866581916809,1.4681793451309204
20,789,340,320,kl,85.26,-0.14000000000000057,0.3177739977836609,0.7829157114028931,1.4597891569137573
20,789,341,321,kl,85.08,-0.18000000000000682,0.3384871184825897,0.7866839170455933,1.5099951028823853
20,789,342,322,kl,85.2,0.12000000000000455,0.3365232050418854,0.7917318940162659,1.5102182626724243
20,789,343,323,kl,85.26,0.060000000000002274,0.33194130659103394,0.7846181988716125,1.4930051565170288
20,789,344,324,kl,85.16,-0.10000000000000853,0.3080254793167114,0.7744053602218628,1.4406070709228516
20,789,345,325,kl,85.26,0.10000000000000853,0.3107655346393585,0.7758272886276245,1.510433316230774
20,789,346,326,kl,85.26,0.0,0.3211447298526764,0.7852267026901245,1.454071044921875
20,789,347,327,kl,85.34,0.0799999999999983,0.28114232420921326,0.7666787505149841,1.5118675231933594
20,789,348,328,kl,85.18,-0.1599999999999966,0.2969092130661011,0.7735143899917603,1.5061722993850708
20,789,349,329,kl,85.16,-0.020000000000010232,0.2916402220726013,0.7833263278007507,1.472541093826294
20,789,350,330,kl,85.16,0.0,0.32155436277389526,0.7910515069961548,1.5711321830749512
20,789,351,331,kl,85.08,-0.0799999999999983,0.3071766495704651,0.7825927138328552,1.549302339553833
20,789,352,332,kl,85.06,-0.01999999999999602,0.32615846395492554,0.8040440082550049,1.5672962665557861
20,789,353,333,kl,85.24,0.1799999999999926,0.30130434036254883,0.784822940826416,1.537219762802124
20,789,354,334,kl,85.2,-0.03999999999999204,0.31279468536376953,0.7859144806861877,1.5611640214920044
20,789,355,335,kl,85.2,0.0,0.3133114278316498,0.7976603507995605,1.5200660228729248
20,789,356,336,kl,85.24,0.03999999999999204,0.30797579884529114,0.8000428080558777,1.5596132278442383
20,789,357,337,ce,85.22,-0.01999999999999602,0.32615190744400024,0.822912335395813,1.5905840396881104
20,789,358,338,kl,85.28,0.060000000000002274,0.315847247838974,0.8052623271942139,1.5702396631240845
20,789,359,339,kl,85.3,0.01999999999999602,0.32607415318489075,0.8105219006538391,1.5822910070419312
20,789,360,340,kl,85.22,-0.0799999999999983,0.30433762073516846,0.7964450716972351,1.5309587717056274
20,789,361,341,kl,85.2,-0.01999999999999602,0.28516885638237,0.792455792427063,1.5300239324569702
20,789,362,342,kl,85.32,0.11999999999999034,0.3107367753982544,0.8007351756095886,1.5512967109680176
20,789,363,343,kl,85.24,-0.0799999999999983,0.307406485080719,0.8059724569320679,1.5742720365524292
20,789,364,344,kl,85.28,0.04000000000000625,0.28108155727386475,0.7960213422775269,1.5429359674453735
20,789,365,345,kl,85.24,-0.04000000000000625,0.3081936240196228,0.8105791807174683,1.5834388732910156
20,789,366,346,kl,85.32,0.0799999999999983,0.3166344165802002,0.8173127770423889,1.613521695137024
20,789,367,347,kl,85.3,-0.01999999999999602,0.32419487833976746,0.81305992603302,1.6168164014816284
20,789,368,348,kl,85.26,-0.03999999999999204,0.2882380783557892,0.8027228116989136,1.5616353750228882
20,789,369,349,kl,85.26,0.0,0.2995719909667969,0.8166770935058594,1.5839818716049194
20,789,370,350,kl,85.22,-0.04000000000000625,0.3032822012901306,0.8183569312095642,1.5992833375930786
20,789,371,351,kl,85.28,0.060000000000002274,0.3116413950920105,0.8226675987243652,1.6062151193618774
20,789,372,352,kl,85.06,-0.21999999999999886,0.3004755973815918,0.8154904842376709,1.5903472900390625
20,789,373,353,kl,85.32,0.2599999999999909,0.3127008080482483,0.8311879634857178,1.619036316871643
20,789,374,354,kl,85.12,-0.19999999999998863,0.30457013845443726,0.8213316798210144,1.6170973777770996
20,789,375,355,kl,85.24,0.11999999999999034,0.29510968923568726,0.8229919672012329,1.5564196109771729
20,789,376,356,kl,85.3,0.060000000000002274,0.3038123548030853,0.8254545331001282,1.6061842441558838
20,789,377,357,kl,85.22,-0.0799999999999983,0.2940852642059326,0.8198413252830505,1.5788753032684326
20,789,378,358,ce,84.98,-0.23999999999999488,0.34721413254737854,0.8682865500450134,1.790387511253357
20,789,379,359,kl,85.28,0.29999999999999716,0.3110240697860718,0.8424609899520874,1.6257622241973877
20,789,380,360,kl,85.34,0.060000000000002274,0.2742791771888733,0.8220430016517639,1.6258056163787842
20,789,381,361,kl,85.12,-0.21999999999999886,0.31654947996139526,0.847461998462677,1.6551669836044312
20,789,382,362,kl,85.16,0.03999999999999204,0.2862480878829956,0.8367892503738403,1.6141762733459473
20,789,383,363,kl,85.0,-0.1599999999999966,0.3044266402721405,0.8352042436599731,1.6492836475372314
20,789,384,364,kl,85.2,0.20000000000000284,0.2909293472766876,0.8389185667037964,1.5984084606170654
20,789,385,365,kl,85.28,0.0799999999999983,0.29620832204818726,0.8315263390541077,1.6870747804641724
20,789,386,366,kl,85.24,-0.04000000000000625,0.300121545791626,0.8356271386146545,1.6526498794555664
20,789,387,367,kl,85.3,0.060000000000002274,0.2859318256378174,0.8346672654151917,1.6473058462142944
20,789,388,368,kl,85.28,-0.01999999999999602,0.28310370445251465,0.8413354158401489,1.6257209777832031
20,789,389,369,kl,85.0,-0.28000000000000114,0.33008038997650146,0.8612344264984131,1.6955618858337402
20,789,390,370,kl,85.26,0.2600000000000051,0.2849951684474945,0.843287467956543,1.679534912109375
20,789,391,371,kl,85.1,-0.1600000000000108,0.301140159368515,0.84555584192276,1.6910778284072876
20,789,392,372,kl,85.32,0.21999999999999886,0.3176446855068207,0.8570764660835266,1.715732455253601
20,789,393,373,kl,84.72,-0.5999999999999943,0.30616873502731323,0.849336564540863,1.694385290145874
20,789,394,374,kl,85.24,0.519999999999996,0.3033562898635864,0.8501327633857727,1.7206069231033325
20,789,395,375,kl,85.22,-0.01999999999999602,0.2954751253128052,0.8469430208206177,1.6375250816345215
20,789,396,376,kl,85.2,-0.01999999999999602,0.28946536779403687,0.8455220460891724,1.660218596458435
20,789,397,377,kl,85.32,0.11999999999999034,0.28840556740760803,0.85781329870224,1.6950098276138306
20,789,398,378,kl,85.04,-0.2799999999999869,0.31973710656166077,0.8667641878128052,1.7708802223205566
20,789,399,379,ce,85.32,0.2799999999999869,0.35594403743743896,0.9160707592964172,1.823901891708374
20,789,400,380,kl,84.82,-0.5,0.30079126358032227,0.8726559281349182,1.7015142440795898
20,789,401,381,kl,84.86,0.04000000000000625,0.29662448167800903,0.8654334545135498,1.7024574279785156
20,789,402,382,kl,85.16,0.29999999999999716,0.3101198375225067,0.8722883462905884,1.7666754722595215
20,789,403,383,kl,85.1,-0.060000000000002274,0.29865097999572754,0.8674569725990295,1.650106430053711
20,789,404,384,kl,85.08,-0.01999999999999602,0.3108259439468384,0.8753610253334045,1.7436195611953735
20,789,405,385,kl,85.16,0.0799999999999983,0.3150702118873596,0.874106228351593,1.6943060159683228
20,789,406,386,kl,85.14,-0.01999999999999602,0.34362468123435974,0.8869916796684265,1.7677583694458008
20,789,407,387,kl,84.9,-0.23999999999999488,0.3076331615447998,0.8660604357719421,1.7070375680923462
20,789,408,388,kl,84.96,0.05999999999998806,0.2969549894332886,0.8589044213294983,1.723127841949463
20,789,409,389,kl,84.78,-0.1799999999999926,0.3234596848487854,0.8935770988464355,1.7725105285644531
20,789,410,390,kl,85.0,0.21999999999999886,0.3176147937774658,0.8821160793304443,1.7601337432861328
20,789,411,391,kl,85.12,0.12000000000000455,0.3186750113964081,0.8824632167816162,1.7828991413116455
20,789,412,392,kl,85.12,0.0,0.308933287858963,0.8885259628295898,1.8010013103485107
20,789,413,393,kl,85.24,0.11999999999999034,0.32944488525390625,0.9033883810043335,1.8049628734588623
20,789,414,394,kl,85.14,-0.09999999999999432,0.3274999260902405,0.8932318687438965,1.7478622198104858
20,789,415,395,kl,85.1,-0.04000000000000625,0.3195618689060211,0.8951564431190491,1.804916262626648
20,789,416,396,kl,85.34,0.2400000000000091,0.288180947303772,0.8723009824752808,1.762622356414795
20,789,417,397,kl,84.96,-0.38000000000000966,0.3335101306438446,0.8997659087181091,1.8224925994873047
20,789,418,398,kl,85.08,0.12000000000000455,0.33535823225975037,0.907139003276825,1.8292365074157715
20,789,419,399,kl,85.22,0.14000000000000057,0.2772892415523529,0.8832383155822754,1.7438863515853882
20,789,420,400,ce,85.36,0.14000000000000057,0.3489672839641571,0.9425469040870667,1.8746875524520874
40,123,1,-39,kl,28.76,19.26,0.24815809726715088,0.766279399394989,1.4085204601287842
40,123,2,-38,kl,45.58,16.819999999999997,0.33681589365005493,0.5640391707420349,1.0933659076690674
40,123,3,-37,kl,47.7,2.1200000000000045,0.5572839975357056,0.6736159324645996,1.7950152158737183
40,123,4,-36,kl,58.38,10.68,0.553739607334137,0.5639604926109314,1.47633957862854
40,123,5,-35,kl,60.74,2.3599999999999994,0.33936312794685364,0.47205695509910583,1.281702995300293
40,123,6,-34,kl,65.52,4.779999999999994,0.3579123616218567,0.4568028450012207,1.138263463973999
40,123,7,-33,kl,69.34,3.8200000000000074,0.716596782207489,0.5217061042785645,1.183243989944458
40,123,8,-32,kl,71.94,2.5999999999999943,0.35095036029815674,0.38430705666542053,0.9933090806007385
40,123,9,-31,kl,70.84,-1.0999999999999943,0.6132403016090393,0.5134503245353699,1.3028626441955566
40,123,10,-30,kl,69.88,-0.960000000000008,0.6449888348579407,0.5224120020866394,1.1647151708602905
40,123,11,-29,kl,71.7,1.8200000000000074,0.5770930051803589,0.5078350901603699,1.2779450416564941
40,123,12,-28,kl,74.52,2.819999999999993,0.25114741921424866,0.3953630030155182,0.9721992611885071
40,123,13,-27,kl,75.32,0.7999999999999972,0.7108273506164551,0.5175135731697083,0.9627529978752136
40,123,14,-26,kl,74.12,-1.1999999999999886,0.6521415114402771,0.4513501822948456,0.8929886221885681
40,123,15,-25,kl,76.96,2.839999999999989,0.6936797499656677,0.4908312261104584,0.9900508522987366
40,123,16,-24,kl,76.36,-0.5999999999999943,0.5253432989120483,0.400453120470047,0.8373075127601624
40,123,17,-23,kl,75.02,-1.3400000000000034,0.6070766448974609,0.4977710545063019,1.0518932342529297
40,123,18,-22,kl,77.62,2.6000000000000085,0.6490989923477173,0.5029921531677246,1.1459777355194092
40,123,19,-21,kl,77.64,0.01999999999999602,0.6207571625709534,0.47942450642585754,1.131894588470459
40,123,20,-20,kl,78.98,1.3400000000000034,0.5770043134689331,0.48261240124702454,1.024104118347168
40,123,21,-19,kl,77.66,-1.3200000000000074,0.5602712631225586,0.47070181369781494,0.9902832508087158
40,123,22,-18,kl,78.22,0.5600000000000023,0.6696640253067017,0.4869946241378784,0.9171908497810364
40,123,23,-17,kl,78.04,-0.1799999999999926,0.6040937304496765,0.5205807089805603,1.1475470066070557
40,123,24,-16,kl,78.48,0.4399999999999977,0.5254294276237488,0.49408555030822754,1.0376828908920288
40,123,25,-15,kl,80.14,1.6599999999999966,0.5373941659927368,0.431628942489624,0.8869598507881165
40,123,26,-14,kl,78.42,-1.7199999999999989,0.6803592443466187,0.5095815062522888,1.0555888414382935
40,123,27,-13,kl,79.12,0.7000000000000028,0.5269150733947754,0.4215475618839264,0.8774948120117188
40,123,28,-12,kl,80.22,1.0999999999999943,0.3119053244590759,0.37744632363319397,0.9331337809562683
40,123,29,-11,kl,77.16,-3.0600000000000023,0.7024067044258118,0.5729700326919556,1.1384477615356445
40,123,30,-10,kl,79.94,2.780000000000001,0.6322635412216187,0.5278864502906799,1.0807121992111206
40,123,31,-9,kl,77.82,-2.1200000000000045,0.6798685193061829,0.5525440573692322,1.1018935441970825
40,123,32,-8,kl,80.0,2.180000000000007,0.5442765951156616,0.4702197015285492,0.8508977890014648
40,123,33,-7,kl,78.84,-1.1599999999999966,0.6199849843978882,0.5234013795852661,1.214355230331421
40,123,34,-6,kl,80.9,2.0600000000000023,0.4541887938976288,0.43054506182670593,0.7900033593177795
40,123,35,-5,kl,80.24,-0.6600000000000108,0.49188679456710815,0.5129486918449402,0.9702227115631104
40,123,36,-4,kl,79.58,-0.6599999999999966,0.5495741963386536,0.44230183959007263,0.748931884765625
40,123,37,-3,kl,79.32,-0.2600000000000051,0.5049084424972534,0.44975489377975464,1.0233447551727295
40,123,38,-2,kl,80.44,1.1200000000000045,0.6064582467079163,0.4482133090496063,0.8252496123313904
40,123,39,-1,kl,81.44,1.0,0.6490873098373413,0.4907248616218567,0.9311218857765198
40,123,40,0,kl,80.42,-1.019999999999996,0.5722180604934692,0.4614909589290619,0.9263798594474792
40,123,41,1,ce,82.16,1.7399999999999949,0.19394542276859283,0.3228575587272644,1.7759126424789429
40,123,42,2,kl,77.82,-4.340000000000003,0.5960667133331299,0.5212698578834534,1.1351088285446167
40,123,43,3,kl,80.08,2.260000000000005,0.54197096824646,0.472902774810791,0.9100304245948792
40,123,44,4,kl,81.0,0.9200000000000017,0.576238214969635,0.4591987729072571,0.847569465637207
40,123,45,5,kl,78.82,-2.180000000000007,0.6417014598846436,0.5445037484169006,1.1384655237197876
40,123,46,6,kl,79.66,0.8400000000000034,0.5899372696876526,0.4805932343006134,0.9893659949302673
40,123,47,7,kl,80.08,0.4200000000000017,0.5125415921211243,0.4849247336387634,0.8774495720863342
40,123,48,8,kl,81.9,1.8200000000000074,0.4325341582298279,0.4130551218986511,0.7775418758392334
40,123,49,9,kl,81.02,-0.8800000000000097,0.45706212520599365,0.44225457310676575,0.782853364944458
40,123,50,10,kl,80.48,-0.539999999999992,0.4533535838127136,0.4609778821468353,1.0411382913589478
40,123,51,11,kl,79.84,-0.6400000000000006,0.6295701265335083,0.4528311491012573,0.825694739818573
40,123,52,12,kl,80.1,0.2599999999999909,0.5711251497268677,0.5116525888442993,1.1317116022109985
40,123,53,13,kl,79.98,-0.11999999999999034,0.6630489826202393,0.5040208697319031,0.8732328414916992
40,123,54,14,kl,80.5,0.519999999999996,0.6188758611679077,0.49771249294281006,0.8896644711494446
40,123,55,15,kl,80.9,0.4000000000000057,0.4841078221797943,0.4506737291812897,0.8843727111816406
40,123,56,16,kl,81.4,0.5,0.5868395566940308,0.4875028133392334,0.9822325706481934
40,123,57,17,kl,81.56,0.1599999999999966,0.649581789970398,0.5509101748466492,0.9430553317070007
40,123,58,18,kl,81.26,-0.29999999999999716,0.43587255477905273,0.44316986203193665,0.8612836003303528
40,123,59,19,kl,80.48,-0.7800000000000011,0.6319926977157593,0.5372797250747681,1.230178952217102
40,123,60,20,kl,81.88,1.3999999999999915,0.5314140915870667,0.45479220151901245,0.8034077882766724
40,123,61,21,kl,81.56,-0.3199999999999932,0.5244169235229492,0.49543124437332153,1.1362906694412231
40,123,62,22,kl,81.88,0.3199999999999932,0.48809462785720825,0.45440545678138733,0.9848179817199707
40,123,63,23,kl,80.28,-1.5999999999999943,0.6621434688568115,0.5085923075675964,1.071773886680603
40,123,64,24,kl,80.12,-0.1599999999999966,0.364594966173172,0.4687023460865021,1.0660992860794067
40,123,65,25,kl,79.44,-0.6800000000000068,0.5421327352523804,0.47742319107055664,1.1251165866851807
40,123,66,26,kl,81.68,2.240000000000009,0.5064671039581299,0.4420255422592163,0.9504212737083435
40,123,67,27,kl,81.38,-0.30000000000001137,0.28833454847335815,0.3963282108306885,0.8332666754722595
40,123,68,28,kl,81.12,-0.2599999999999909,0.6541366577148438,0.46982014179229736,0.8508684635162354
40,123,69,29,kl,80.98,-0.14000000000000057,0.389723539352417,0.44993290305137634,0.8562949895858765
40,123,70,30,kl,81.28,0.29999999999999716,0.6392751336097717,0.4991346597671509,0.8149669170379639
40,123,71,31,kl,80.42,-0.8599999999999994,0.5138995051383972,0.47707095742225647,1.0200140476226807
40,123,72,32,kl,81.64,1.2199999999999989,0.5152162909507751,0.48272278904914856,0.9893753528594971
40,123,73,33,kl,81.72,0.0799999999999983,0.520942211151123,0.4615563154220581,0.8340557217597961
40,123,74,34,kl,81.58,-0.14000000000000057,0.5173132419586182,0.4676346778869629,0.7964814901351929
40,123,75,35,kl,81.42,-0.1599999999999966,0.5026054382324219,0.45659059286117554,0.8537026643753052
40,123,76,36,kl,80.14,-1.2800000000000011,0.3479299545288086,0.46121084690093994,1.1230897903442383
40,123,77,37,kl,82.5,2.3599999999999994,0.5811276435852051,0.4751937985420227,0.8538941144943237
40,123,78,38,kl,80.52,-1.980000000000004,0.47457975149154663,0.4840908348560333,1.1224112510681152
40,123,79,39,kl,81.04,0.5200000000000102,0.2994286119937897,0.43879076838493347,1.0020196437835693
40,123,80,40,kl,81.5,0.45999999999999375,0.4249893128871918,0.45673105120658875,0.8355005979537964
40,123,81,41,kl,82.04,0.5400000000000063,0.37682265043258667,0.4562799632549286,0.9179242849349976
40,123,82,42,ce,82.78,0.7399999999999949,0.1856110692024231,0.33778056502342224,1.9328253269195557
40,123,83,43,kl,80.9,-1.8799999999999955,0.560626745223999,0.5205026865005493,1.1771928071975708
40,123,84,44,kl,81.56,0.6599999999999966,0.5295615792274475,0.4669116139411926,0.9489608407020569
40,123,85,45,kl,81.84,0.28000000000000114,0.5383991003036499,0.5110149383544922,1.127740740776062
40,123,86,46,kl,80.76,-1.0799999999999983,0.6079708337783813,0.49590277671813965,1.014419674873352
40,123,87,47,kl,81.74,0.9799999999999898,0.5234534740447998,0.4765196144580841,0.893161952495575
40,123,88,48,kl,82.16,0.4200000000000017,0.5636624097824097,0.47286751866340637,1.0109426975250244
40,123,89,49,kl,80.4,-1.759999999999991,0.6564150452613831,0.504014790058136,0.949945330619812
40,123,90,50,kl,82.16,1.759999999999991,0.48954665660858154,0.43329668045043945,0.9670731425285339
40,123,91,51,kl,81.74,-0.4200000000000017,0.4930931627750397,0.4711105525493622,0.8995699286460876
40,123,92,52,kl,82.4,0.6600000000000108,0.511330783367157,0.42771729826927185,0.892070472240448
40,123,93,53,kl,81.36,-1.0400000000000063,0.4273109436035156,0.45075663924217224,0.8679520487785339
40,123,94,54,kl,82.06,0.7000000000000028,0.40878117084503174,0.43946221470832825,0.9062733054161072
40,123,95,55,kl,81.88,-0.18000000000000682,0.6486916542053223,0.5230213403701782,0.986366331577301
40,123,96,56,kl,81.58,-0.29999999999999716,0.6473242044448853,0.5172358751296997,1.0328606367111206
40,123,97,57,kl,82.62,1.0400000000000063,0.5872281789779663,0.5115454196929932,0.8423471450805664
40,123,98,58,kl,80.66,-1.960000000000008,0.6221616268157959,0.5411432385444641,1.0290066003799438
40,123,99,59,kl,81.2,0.5400000000000063,0.6933987736701965,0.5903066992759705,1.1653656959533691
40,123,100,60,kl,81.16,-0.04000000000000625,0.5794562697410583,0.46754777431488037,0.9117364883422852
40,123,101,61,kl,82.32,1.1599999999999966,0.5041424036026001,0.46079719066619873,0.8017387986183167
40,123,102,62,kl,80.6,-1.7199999999999989,0.6154360175132751,0.5198848247528076,0.9826783537864685
40,123,103,63,kl,81.72,1.1200000000000045,0.30526310205459595,0.407098650932312,0.8769551515579224
40,123,104,64,kl,81.08,-0.6400000000000006,0.5236149430274963,0.47878143191337585,0.8658261299133301
40,123,105,65,kl,82.28,1.2000000000000028,0.5341091156005859,0.46456602215766907,0.8803472518920898
40,123,106,66,kl,81.96,-0.3200000000000074,0.6504226922988892,0.509177029132843,0.9478947520256042
40,123,107,67,kl,80.22,-1.7399999999999949,0.6197195053100586,0.5076624155044556,0.9926263689994812
40,123,108,68,kl,81.66,1.4399999999999977,0.5965818762779236,0.4628078043460846,0.9365065693855286
40,123,109,69,kl,80.68,-0.9799999999999898,0.461578905582428,0.4502091407775879,0.8866063952445984
40,123,110,70,kl,82.08,1.3999999999999915,0.4870351552963257,0.4441757798194885,0.9183728694915771
40,123,111,71,kl,81.26,-0.8199999999999932,0.4861140847206116,0.4573173522949219,1.0006850957870483
40,123,112,72,kl,81.94,0.6799999999999926,0.541420578956604,0.45933303236961365,0.7997216582298279
40,123,113,73,kl,81.48,-0.45999999999999375,0.7053982019424438,0.5937052369117737,1.0448609590530396
40,123,114,74,kl,80.9,-0.5799999999999983,0.6352359652519226,0.5581292510032654,1.1180510520935059
40,123,115,75,kl,80.66,-0.2400000000000091,0.5684249997138977,0.4794774353504181,0.9686766862869263
40,123,116,76,kl,81.6,0.9399999999999977,0.5052592158317566,0.4610077738761902,0.8921512961387634
40,123,117,77,kl,81.78,0.18000000000000682,0.6006979942321777,0.48167192935943604,0.9213550686836243
40,123,118,78,kl,82.02,0.23999999999999488,0.6167415976524353,0.4774216413497925,0.9635217785835266
40,123,119,79,kl,80.66,-1.3599999999999994,0.34750616550445557,0.432902067899704,0.9669018983840942
40,123,120,80,kl,82.9,2.240000000000009,0.5451334714889526,0.45758700370788574,0.8763172626495361
40,123,121,81,kl,81.78,-1.1200000000000045,0.5224596858024597,0.4610544443130493,0.8741915822029114
40,123,122,82,kl,80.58,-1.2000000000000028,0.47639763355255127,0.47472718358039856,0.9761986136436462
40,123,123,83,ce,83.18,2.6000000000000085,0.25537824630737305,0.3747374415397644,1.8243852853775024
40,123,124,84,kl,81.18,-2.0,0.5651742219924927,0.491133451461792,0.9251936078071594
40,123,125,85,kl,81.04,-0.14000000000000057,0.5782334804534912,0.4750801622867584,0.9172004461288452
40,123,126,86,kl,79.48,-1.5600000000000023,0.6960403919219971,0.5241689085960388,1.105427861213684
40,123,127,87,kl,82.08,2.5999999999999943,0.44117456674575806,0.457258403301239,1.0019718408584595
40,123,128,88,kl,80.34,-1.7399999999999949,0.4389626979827881,0.4370398223400116,1.0060030221939087
40,123,129,89,kl,82.94,2.5999999999999943,0.5659841895103455,0.4464976489543915,0.7793385982513428
40,123,130,90,kl,81.5,-1.4399999999999977,0.4583824872970581,0.4761471450328827,1.0750079154968262
40,123,131,91,kl,82.54,1.0400000000000063,0.6102362275123596,0.4728412330150604,0.8788959980010986
40,123,132,92,kl,79.54,-3.0,0.6144624948501587,0.5080655217170715,0.9509342908859253
40,123,133,93,kl,82.42,2.8799999999999955,0.4657862186431885,0.4344460666179657,0.726769208908081
40,123,134,94,kl,79.92,-2.5,0.6752707362174988,0.5539272427558899,1.1413694620132446
40,123,135,95,kl,81.28,1.3599999999999994,0.5837526321411133,0.5399968028068542,1.3307747840881348
40,123,136,96,kl,82.28,1.0,0.5718026161193848,0.44381481409072876,0.7649558782577515
40,123,137,97,kl,81.12,-1.1599999999999966,0.722963809967041,0.5663813352584839,1.034901738166809
40,123,138,98,kl,81.64,0.519999999999996,0.5123471617698669,0.47900253534317017,0.9118126034736633
40,123,139,99,kl,79.7,-1.9399999999999977,0.5792413949966431,0.5368893146514893,1.0767955780029297
40,123,140,100,kl,82.22,2.519999999999996,0.3691883087158203,0.42956802248954773,0.908038854598999
40,123,141,101,kl,81.38,-0.8400000000000034,0.4940659999847412,0.44577527046203613,0.8681196570396423
40,123,142,102,kl,81.98,0.6000000000000085,0.5528606176376343,0.4857856333255768,0.9199094176292419
40,123,143,103,kl,81.34,-0.6400000000000006,0.3819615840911865,0.44407907128334045,0.9262086153030396
40,123,144,104,kl,82.68,1.3400000000000034,0.4471706449985504,0.4411221742630005,0.799848735332489
40,123,145,105,kl,81.98,-0.7000000000000028,0.4186071753501892,0.4625028669834137,0.9792871475219727
40,123,146,106,kl,81.14,-0.8400000000000034,0.6249690055847168,0.5762962102890015,1.1935222148895264
40,123,147,107,kl,82.82,1.6799999999999926,0.6771400570869446,0.526850700378418,0.9946209788322449
40,123,148,108,kl,81.82,-1.0,0.4251663088798523,0.43253812193870544,1.0512168407440186
40,123,149,109,kl,82.6,0.7800000000000011,0.6055792570114136,0.481095552444458,0.9268989562988281
40,123,150,110,kl,82.04,-0.5599999999999881,0.528302788734436,0.4794336259365082,0.9121595025062561
40,123,151,111,kl,81.4,-0.6400000000000006,0.5131592750549316,0.4535030722618103,1.0696828365325928
40,123,152,112,kl,81.52,0.11999999999999034,0.5294229388237,0.4907177984714508,1.052115797996521
40,123,153,113,kl,81.08,-0.4399999999999977,0.6315184831619263,0.48586931824684143,1.122186303138733
40,123,154,114,kl,81.28,0.20000000000000284,0.4635131359100342,0.4629986584186554,1.187278389930725
40,123,155,115,kl,82.42,1.1400000000000006,0.40273332595825195,0.43681633472442627,1.015295386314392
40,123,156,116,kl,80.86,-1.5600000000000023,0.480047345161438,0.4565778374671936,1.1039637327194214
40,123,157,117,kl,82.24,1.3799999999999955,0.5976597666740417,0.47937676310539246,1.0758599042892456
40,123,158,118,kl,81.22,-1.019999999999996,0.4391822814941406,0.4535594582557678,0.8456928133964539
40,123,159,119,kl,81.38,0.1599999999999966,0.42861202359199524,0.40515488386154175,0.8447297811508179
40,123,160,120,kl,79.26,-2.1199999999999903,0.7112451791763306,0.6280686259269714,1.2984809875488281
40,123,161,121,kl,81.3,2.039999999999992,0.5008061528205872,0.461906373500824,0.9506930112838745
40,123,162,122,kl,82.7,1.4000000000000057,0.7058727741241455,0.516528844833374,0.9091119170188904
40,123,163,123,kl,81.54,-1.1599999999999966,0.6084710359573364,0.47109439969062805,1.018134355545044
40,123,164,124,ce,82.72,1.1799999999999926,0.19929441809654236,0.3397555649280548,1.9504380226135254
40,123,165,125,kl,79.94,-2.780000000000001,0.6353697776794434,0.5345101952552795,1.0602900981903076
40,123,166,126,kl,82.12,2.180000000000007,0.48841753602027893,0.4880325198173523,1.0593522787094116
40,123,167,127,kl,81.8,-0.3200000000000074,0.632392406463623,0.5528357028961182,1.0253493785858154
40,123,168,128,kl,81.56,-0.23999999999999488,0.46799877285957336,0.4852176606655121,1.1564831733703613
40,123,169,129,kl,82.24,0.6799999999999926,0.5093857049942017,0.4715634286403656,0.8746430277824402
40,123,170,130,kl,80.52,-1.7199999999999989,0.5481945276260376,0.4913068413734436,1.1058138608932495
40,123,171,131,kl,79.86,-0.6599999999999966,0.6171040534973145,0.5439386963844299,1.2919694185256958
40,123,172,132,kl,81.3,1.4399999999999977,0.4550929665565491,0.4844672381877899,0.8845118284225464
40,123,173,133,kl,81.4,0.10000000000000853,0.6835719347000122,0.551109254360199,1.0974794626235962
40,123,174,134,kl,82.6,1.1999999999999886,0.44331949949264526,0.429534912109375,0.7460865378379822
40,123,175,135,kl,81.8,-0.7999999999999972,0.5548940896987915,0.46801164746284485,0.8763870000839233
40,123,176,136,kl,82.72,0.9200000000000017,0.5565956830978394,0.4601247310638428,1.0297749042510986
40,123,177,137,kl,81.52,-1.2000000000000028,0.48849645256996155,0.47061046957969666,0.9852637052536011
40,123,178,138,kl,81.4,-0.11999999999999034,0.5364317893981934,0.4681001603603363,0.9043801426887512
40,123,179,139,kl,81.86,0.45999999999999375,0.48225200176239014,0.46911871433258057,0.9105457067489624
40,123,180,140,kl,80.76,-1.0999999999999943,0.5694549083709717,0.5292482972145081,1.1318079233169556
40,123,181,141,kl,82.3,1.539999999999992,0.42283713817596436,0.4528962969779968,1.1014189720153809
40,123,182,142,kl,81.74,-0.5600000000000023,0.60817950963974,0.4986197352409363,0.8240764737129211
40,123,183,143,kl,82.12,0.38000000000000966,0.5510477423667908,0.4811631143093109,0.9389739632606506
40,123,184,144,kl,81.68,-0.4399999999999977,0.5121144652366638,0.4888728857040405,0.984282910823822
40,123,185,145,kl,80.86,-0.8200000000000074,0.5858101844787598,0.5089094042778015,1.0649747848510742
40,123,186,146,kl,80.6,-0.2600000000000051,0.5191112756729126,0.4698892831802368,1.0390294790267944
40,123,187,147,kl,82.92,2.3200000000000074,0.5920712351799011,0.5429945588111877,1.0289874076843262
40,123,188,148,kl,82.34,-0.5799999999999983,0.5605459213256836,0.5035961270332336,0.9780710339546204
40,123,189,149,kl,81.8,-0.5400000000000063,0.3485530614852905,0.41372552514076233,0.9474896192550659
40,123,190,150,kl,82.4,0.6000000000000085,0.4982703626155853,0.4735267460346222,1.0229763984680176
40,123,191,151,kl,82.6,0.19999999999998863,0.546389102935791,0.47656551003456116,0.8212548494338989
40,123,192,152,kl,82.12,-0.47999999999998977,0.5517293810844421,0.4561310112476349,0.8513864278793335
40,123,193,153,kl,82.76,0.6400000000000006,0.408564031124115,0.44431447982788086,0.7803159952163696
40,123,194,154,kl,81.94,-0.8200000000000074,0.5714125037193298,0.5483489632606506,1.090284824371338
40,123,195,155,kl,82.18,0.2400000000000091,0.3541252315044403,0.45037251710891724,1.0318881273269653
40,123,196,156,kl,81.82,-0.36000000000001364,0.3606623411178589,0.44757992029190063,1.0255690813064575
40,123,197,157,kl,79.5,-2.319999999999993,0.5922781229019165,0.5150865316390991,1.2700846195220947
40,123,198,158,kl,80.76,1.2600000000000051,0.6400498747825623,0.5504776239395142,1.3234952688217163
40,123,199,159,kl,82.72,1.9599999999999937,0.5477021336555481,0.48800477385520935,0.9892796277999878
40,123,200,160,kl,81.28,-1.4399999999999977,0.5813590288162231,0.5671660304069519,1.2313177585601807
40,123,201,161,kl,82.62,1.3400000000000034,0.5738149881362915,0.5025245547294617,0.9672883749008179
40,123,202,162,kl,81.28,-1.3400000000000034,0.6138490438461304,0.505503237247467,0.9550741314888
40,123,203,163,kl,83.08,1.7999999999999972,0.5350905060768127,0.46675682067871094,0.8091554045677185
40,123,204,164,kl,81.42,-1.6599999999999966,0.5526250600814819,0.4518967568874359,0.8805066347122192
40,123,205,165,ce,81.56,0.14000000000000057,0.2961866855621338,0.40955838561058044,1.7769310474395752
40,123,206,166,kl,80.84,-0.7199999999999989,0.6566421985626221,0.5431998372077942,1.1410218477249146
40,123,207,167,kl,81.16,0.3199999999999932,0.5795703530311584,0.5087497234344482,0.8327877521514893
40,123,208,168,kl,80.72,-0.4399999999999977,0.7382214069366455,0.5920978784561157,1.4032628536224365
40,123,209,169,kl,79.22,-1.5,0.42505133152008057,0.46810898184776306,1.2711154222488403
40,123,210,170,kl,81.6,2.3799999999999955,0.42822664976119995,0.4583513140678406,1.1857936382293701
40,123,211,171,kl,82.18,0.5800000000000125,0.4839809834957123,0.47080057859420776,1.0104074478149414
40,123,212,172,kl,82.94,0.7599999999999909,0.544304370880127,0.4681987166404724,1.0773811340332031
40,123,213,173,kl,82.0,-0.9399999999999977,0.44598543643951416,0.43698567152023315,0.7944687604904175
40,123,214,174,kl,81.58,-0.4200000000000017,0.42055296897888184,0.47193920612335205,1.083959937095642
40,123,215,175,kl,82.46,0.8799999999999955,0.5738228559494019,0.5261199474334717,0.992733359336853
40,123,216,176,kl,82.4,-0.05999999999998806,0.641691267490387,0.5184353590011597,0.9454678893089294
40,123,217,177,kl,82.18,-0.21999999999999886,0.6056391596794128,0.48663628101348877,1.0800247192382812
40,123,218,178,kl,82.14,-0.04000000000000625,0.43754565715789795,0.4297545254230499,0.834681510925293
40,123,219,179,kl,80.28,-1.8599999999999994,0.6389631628990173,0.572625994682312,1.179929494857788
40,123,220,180,kl,82.08,1.7999999999999972,0.5630428791046143,0.4966410994529724,0.9908601641654968
40,123,221,181,kl,82.52,0.4399999999999977,0.5745869278907776,0.483917772769928,0.8896355032920837
40,123,222,182,kl,81.42,-1.0999999999999943,0.5436913967132568,0.5089157223701477,1.0095385313034058
40,123,223,183,kl,81.42,0.0,0.41031304001808167,0.4732356071472168,0.9633152484893799
40,123,224,184,kl,80.72,-0.7000000000000028,0.6125543117523193,0.4939902722835541,1.0029622316360474
40,123,225,185,kl,78.68,-2.039999999999992,0.7148216962814331,0.6180697679519653,1.3420521020889282
40,123,226,186,kl,81.84,3.1599999999999966,0.5513193011283875,0.5153793096542358,0.9244723320007324
40,123,227,187,kl,81.8,-0.04000000000000625,0.7199417352676392,0.5558817982673645,1.0019959211349487
40,123,228,188,kl,79.9,-1.8999999999999915,0.7410008907318115,0.593737006187439,1.2146506309509277
40,123,229,189,kl,82.96,3.059999999999988,0.5368347764015198,0.4972926676273346,0.825688362121582
40,123,230,190,kl,81.68,-1.279999999999987,0.49936872720718384,0.49648740887641907,1.0088624954223633
40,123,231,191,kl,81.46,-0.22000000000001307,0.5904092788696289,0.5524512529373169,0.9904404878616333
40,123,232,192,kl,81.72,0.2600000000000051,0.5759356021881104,0.4737113416194916,0.8953247666358948
40,123,233,193,kl,83.26,1.5400000000000063,0.484429270029068,0.46778997778892517,0.8396084308624268
40,123,234,194,kl,81.54,-1.7199999999999989,0.5044352412223816,0.4910024106502533,1.0416265726089478
40,123,235,195,kl,82.12,0.5799999999999983,0.49410903453826904,0.5193803906440735,1.1500675678253174
40,123,236,196,kl,80.32,-1.8000000000000114,0.4394327998161316,0.46018606424331665,1.029458999633789
40,123,237,197,kl,82.14,1.8200000000000074,0.5913730263710022,0.5327344536781311,0.952916145324707
40,123,238,198,kl,80.8,-1.3400000000000034,0.5760823488235474,0.5046191215515137,1.1368074417114258
40,123,239,199,kl,81.42,0.6200000000000045,0.4942818880081177,0.4562649726867676,0.8813270926475525
40,123,240,200,kl,81.96,0.539999999999992,0.6031870245933533,0.5172992944717407,0.9667004942893982
40,123,241,201,kl,81.32,-0.6400000000000006,0.5887424349784851,0.503828763961792,0.9512146711349487
40,123,242,202,kl,81.14,-0.1799999999999926,0.6004669666290283,0.5017081499099731,0.9060590267181396
40,123,243,203,kl,82.08,0.9399999999999977,0.5361072421073914,0.5034211277961731,0.9830999374389648
40,123,244,204,kl,82.48,0.4000000000000057,0.42773211002349854,0.4431699812412262,0.7760425806045532
40,123,245,205,kl,81.9,-0.5799999999999983,0.5008689165115356,0.48001018166542053,1.0891505479812622
40,123,246,206,ce,82.98,1.0799999999999983,0.15137632191181183,0.3074004650115967,1.8526233434677124
40,123,247,207,kl,80.64,-2.3400000000000034,0.6239006519317627,0.551677405834198,1.1105157136917114
40,123,248,208,kl,78.58,-2.0600000000000023,0.6244105100631714,0.5243711471557617,0.9692317843437195
40,123,249,209,kl,80.44,1.8599999999999994,0.46201300621032715,0.46332964301109314,0.9499066472053528
40,123,250,210,kl,81.86,1.4200000000000017,0.5820204615592957,0.4826287627220154,0.9755827784538269
40,123,251,211,kl,82.58,0.7199999999999989,0.5582321286201477,0.476494699716568,0.9400303363800049
40,123,252,212,kl,82.28,-0.29999999999999716,0.43679577112197876,0.4703194200992584,0.9210202097892761
40,123,253,213,kl,82.9,0.6200000000000045,0.4858474135398865,0.49876514077186584,0.9662513136863708
40,123,254,214,kl,81.62,-1.2800000000000011,0.5920608043670654,0.5000309944152832,1.0993961095809937
40,123,255,215,kl,81.9,0.28000000000000114,0.6226094961166382,0.4816056191921234,0.8593539595603943
40,123,256,216,kl,82.1,0.19999999999998863,0.4822289049625397,0.4506535232067108,0.9390427470207214
40,123,257,217,kl,82.86,0.7600000000000051,0.608379602432251,0.5026451349258423,1.0027289390563965
40,123,258,218,kl,82.04,-0.8199999999999932,0.629292368888855,0.5364744067192078,1.0949760675430298
40,123,259,219,kl,81.7,-0.3400000000000034,0.5231211185455322,0.47526490688323975,1.0271345376968384
40,123,260,220,kl,79.04,-2.6599999999999966,0.5518422722816467,0.5061860084533691,1.095185399055481
40,123,261,221,kl,81.5,2.4599999999999937,0.621542751789093,0.4857502281665802,0.9380403757095337
40,123,262,222,kl,81.94,0.4399999999999977,0.6264181733131409,0.5105750560760498,1.0748693943023682
40,123,263,223,kl,82.4,0.46000000000000796,0.3902073800563812,0.4513327181339264,0.8585151433944702
40,123,264,224,kl,81.94,-0.46000000000000796,0.5979812145233154,0.49223271012306213,0.9899472594261169
40,123,265,225,kl,80.78,-1.1599999999999966,0.5795300006866455,0.5162192583084106,1.0583548545837402
40,123,266,226,kl,79.32,-1.460000000000008,0.4229203462600708,0.4411391615867615,1.128797173500061
40,123,267,227,kl,81.44,2.1200000000000045,0.4281628727912903,0.43538111448287964,0.8809692859649658
40,123,268,228,kl,81.66,0.21999999999999886,0.6364174485206604,0.5438141822814941,0.9789718985557556
40,123,269,229,kl,80.68,-0.9799999999999898,0.4935883581638336,0.4750811755657196,0.8717334270477295
40,123,270,230,kl,82.22,1.539999999999992,0.5074470043182373,0.49803295731544495,1.0173354148864746
40,123,271,231,kl,81.96,-0.2600000000000051,0.43198975920677185,0.46399739384651184,0.9091262817382812
40,123,272,232,kl,82.24,0.28000000000000114,0.6934938430786133,0.5966530442237854,1.2620707750320435
40,123,273,233,kl,83.06,0.8200000000000074,0.6112328767776489,0.5058384537696838,0.8933584690093994
40,123,274,234,kl,80.24,-2.8200000000000074,0.7077559232711792,0.5645835399627686,1.150357723236084
40,123,275,235,kl,82.32,2.0799999999999983,0.5688856840133667,0.5140045881271362,0.9675518870353699
40,123,276,236,kl,82.66,0.3400000000000034,0.5879189968109131,0.47991088032722473,0.831920862197876
40,123,277,237,kl,81.68,-0.9799999999999898,0.47643354535102844,0.43825793266296387,1.0561916828155518
40,123,278,238,kl,81.44,-0.2400000000000091,0.5692614316940308,0.5264953374862671,0.9936469793319702
40,123,279,239,kl,83.0,1.5600000000000023,0.5988332629203796,0.49814721941947937,1.0451329946517944
40,123,280,240,kl,81.04,-1.9599999999999937,0.4392566680908203,0.48257556557655334,0.8302278518676758
40,123,281,241,kl,82.66,1.6199999999999903,0.4179554879665375,0.45533549785614014,0.8563464879989624
40,123,282,242,kl,80.66,-2.0,0.6346912384033203,0.5116182565689087,1.035994529724121
40,123,283,243,kl,82.84,2.180000000000007,0.5633194446563721,0.4909321665763855,0.8915889859199524
40,123,284,244,kl,82.2,-0.6400000000000006,0.7033655643463135,0.5848032236099243,1.1750363111495972
40,123,285,245,kl,81.36,-0.8400000000000034,0.5175008177757263,0.4577487111091614,0.925492525100708
40,123,286,246,kl,82.84,1.480000000000004,0.5272557735443115,0.46664732694625854,0.9182568192481995
40,123,287,247,ce,83.48,0.6400000000000006,0.23014725744724274,0.31370583176612854,1.9002388715744019
40,123,288,248,kl,81.86,-1.6200000000000045,0.6426317691802979,0.5593727231025696,1.031064510345459
40,123,289,249,kl,81.32,-0.5400000000000063,0.5843833088874817,0.4870902895927429,1.0516462326049805
40,123,290,250,kl,78.94,-2.3799999999999955,0.7151275277137756,0.6009259819984436,1.4066612720489502
40,123,291,251,kl,81.18,2.240000000000009,0.6486266255378723,0.5458755493164062,0.9854315519332886
40,123,292,252,kl,80.8,-0.38000000000000966,0.6104686260223389,0.5402488112449646,1.1907992362976074
40,123,293,253,kl,81.54,0.7400000000000091,0.6021282076835632,0.47213640809059143,0.8780725598335266
40,123,294,254,kl,81.82,0.2799999999999869,0.38719987869262695,0.47224393486976624,1.05502450466156
40,123,295,255,kl,82.38,0.5600000000000023,0.5061238408088684,0.47413283586502075,1.043981909751892
40,123,296,256,kl,81.98,-0.3999999999999915,0.5510649085044861,0.483330100774765,0.8490344882011414
40,123,297,257,kl,81.98,0.0,0.46859315037727356,0.4642446041107178,1.0476492643356323
40,123,298,258,kl,82.88,0.8999999999999915,0.5753008723258972,0.4759758412837982,0.7846677303314209
40,123,299,259,kl,82.62,-0.2599999999999909,0.4677882790565491,0.43786075711250305,0.7189534902572632
40,123,300,260,kl,82.32,-0.30000000000001137,0.42147451639175415,0.43016520142555237,0.8061208724975586
40,123,301,261,kl,82.16,-0.1599999999999966,0.5004845857620239,0.4766281843185425,0.8906335234642029
40,123,302,262,kl,80.68,-1.4799999999999898,0.6090431213378906,0.5375959277153015,1.216888427734375
40,123,303,263,kl,82.86,2.1799999999999926,0.4180065989494324,0.4534754753112793,0.8280342221260071
40,123,304,264,kl,81.84,-1.019999999999996,0.6600239276885986,0.5364724397659302,1.1573807001113892
40,123,305,265,kl,82.12,0.28000000000000114,0.5741010904312134,0.4757111370563507,0.9332030415534973
40,123,306,266,kl,82.38,0.2599999999999909,0.5911544561386108,0.5186936259269714,0.9894797801971436
40,123,307,267,kl,82.18,-0.19999999999998863,0.4151790738105774,0.46604543924331665,0.9349012970924377
40,123,308,268,kl,82.66,0.47999999999998977,0.6153996586799622,0.47564420104026794,0.9740844964981079
40,123,309,269,kl,81.66,-1.0,0.7153037786483765,0.5517376661300659,0.9758851528167725
40,123,310,270,kl,83.04,1.3800000000000097,0.4716326594352722,0.4439454674720764,0.7989491820335388
40,123,311,271,kl,81.24,-1.8000000000000114,0.5092013478279114,0.5207902193069458,1.0082911252975464
40,123,312,272,kl,79.58,-1.6599999999999966,0.711550235748291,0.6284964680671692,1.3076903820037842
40,123,313,273,kl,82.76,3.180000000000007,0.5328785181045532,0.42865851521492004,0.7292026877403259
40,123,314,274,kl,83.1,0.3399999999999892,0.3586732745170593,0.43866053223609924,0.8866606950759888
40,123,315,275,kl,80.36,-2.739999999999995,0.535180926322937,0.523382842540741,1.2283653020858765
40,123,316,276,kl,80.8,0.4399999999999977,0.6719857454299927,0.5631319880485535,1.1870566606521606
40,123,317,277,kl,81.56,0.7600000000000051,0.6606020927429199,0.5153807997703552,0.9320667386054993
40,123,318,278,kl,83.24,1.6799999999999926,0.4116016626358032,0.42209985852241516,0.7410084009170532
40,123,319,279,kl,81.12,-2.1199999999999903,0.46350011229515076,0.5078325867652893,1.0151152610778809
40,123,320,280,kl,82.0,0.8799999999999955,0.46653416752815247,0.4413679540157318,0.9452758431434631
40,123,321,281,kl,82.28,0.28000000000000114,0.5969946384429932,0.5014979839324951,0.9879448413848877
40,123,322,282,kl,81.92,-0.35999999999999943,0.4689878821372986,0.4644659757614136,0.8546568751335144
40,123,323,283,kl,81.46,-0.46000000000000796,0.5917779207229614,0.5054258108139038,0.9687944054603577
40,123,324,284,kl,82.52,1.0600000000000023,0.5671541094779968,0.46519866585731506,0.907917857170105
40,123,325,285,kl,81.9,-0.6199999999999903,0.5810735821723938,0.498526394367218,1.040116310119629
40,123,326,286,kl,81.78,-0.12000000000000455,0.637214183807373,0.5297526121139526,1.1834399700164795
40,123,327,287,kl,82.08,0.29999999999999716,0.4083760976791382,0.4363386332988739,0.8729673624038696
40,123,328,288,ce,82.76,0.6800000000000068,0.16321083903312683,0.32784444093704224,1.963736653327942
40,123,329,289,kl,80.6,-2.160000000000011,0.6473674774169922,0.5832144021987915,1.2828456163406372
40,123,330,290,kl,79.82,-0.7800000000000011,0.6294596791267395,0.5460346341133118,1.2728699445724487
40,123,331,291,kl,82.98,3.160000000000011,0.5775188207626343,0.4901602566242218,0.9316115975379944
40,123,332,292,kl,82.12,-0.8599999999999994,0.4938892722129822,0.4760046601295471,0.946419894695282
40,123,333,293,kl,82.4,0.28000000000000114,0.388314425945282,0.44506973028182983,0.9295746088027954
40,123,334,294,kl,82.3,-0.10000000000000853,0.5909833908081055,0.48135724663734436,0.9799402952194214
40,123,335,295,kl,79.8,-2.5,0.5896620750427246,0.5482584238052368,1.1277333498001099
40,123,336,296,kl,82.32,2.519999999999996,0.4702146053314209,0.5201566219329834,1.0248262882232666
40,123,337,297,kl,81.44,-0.8799999999999955,0.46871981024742126,0.4933875501155853,1.1264218091964722
40,123,338,298,kl,82.14,0.7000000000000028,0.46916326880455017,0.45304074883461,0.8339550495147705
40,123,339,299,kl,83.5,1.3599999999999994,0.4358571767807007,0.4776766896247864,0.8532615303993225
40,123,340,300,kl,82.32,-1.1800000000000068,0.5895509719848633,0.4658370316028595,0.8842135667800903
40,123,341,301,kl,82.34,0.020000000000010232,0.5217724442481995,0.4937911033630371,0.8948718309402466
40,123,342,302,kl,82.38,0.03999999999999204,0.6681607961654663,0.5621911883354187,1.2581489086151123
40,123,343,303,kl,81.44,-0.9399999999999977,0.6340435743331909,0.5155820846557617,0.9889153242111206
40,123,344,304,kl,81.28,-0.1599999999999966,0.4874104857444763,0.47421595454216003,0.9851839542388916
40,123,345,305,kl,82.6,1.3199999999999932,0.5802508592605591,0.4956173896789551,0.9322066307067871
40,123,346,306,kl,82.12,-0.47999999999998977,0.6412532329559326,0.5090228319168091,0.9782398343086243
40,123,347,307,kl,81.62,-0.5,0.6075335144996643,0.49825677275657654,0.9560807943344116
40,123,348,308,kl,82.54,0.9200000000000017,0.45825788378715515,0.4723986089229584,0.8997597694396973
40,123,349,309,kl,81.24,-1.3000000000000114,0.6762255430221558,0.5568923950195312,1.1312190294265747
40,123,350,310,kl,81.46,0.21999999999999886,0.5161659717559814,0.4565398395061493,0.89983069896698
40,123,351,311,kl,82.48,1.0200000000000102,0.45680904388427734,0.4538729190826416,0.8565608263015747
40,123,352,312,kl,82.82,0.3399999999999892,0.6672272682189941,0.5515116453170776,1.0917658805847168
40,123,353,313,kl,82.54,-0.2799999999999869,0.5077379941940308,0.4632582366466522,1.0293606519699097
40,123,354,314,kl,82.4,-0.14000000000000057,0.5420075058937073,0.4813578128814697,0.9950891733169556
40,123,355,315,kl,82.7,0.29999999999999716,0.6610540151596069,0.5350807905197144,0.9683682322502136
40,123,356,316,kl,82.42,-0.28000000000000114,0.525802731513977,0.5022964477539062,0.9384949803352356
40,123,357,317,kl,81.42,-1.0,0.5904455184936523,0.5025198459625244,1.1410958766937256
40,123,358,318,kl,82.04,0.6200000000000045,0.6068837642669678,0.461367130279541,0.8780847191810608
40,123,359,319,kl,83.16,1.1199999999999903,0.46890079975128174,0.46540212631225586,0.7806368470191956
40,123,360,320,kl,81.72,-1.4399999999999977,0.5822556614875793,0.47695261240005493,0.980388879776001
40,123,361,321,kl,79.68,-2.039999999999992,0.5471919178962708,0.5455342531204224,1.1371431350708008
40,123,362,322,kl,83.06,3.3799999999999955,0.5841630101203918,0.5055666565895081,0.9604865908622742
40,123,363,323,kl,82.42,-0.6400000000000006,0.6902127265930176,0.5483139753341675,0.9651191830635071
40,123,364,324,kl,82.68,0.2600000000000051,0.4850078225135803,0.4560188353061676,0.856252133846283
40,123,365,325,kl,82.62,-0.060000000000002274,0.5351245999336243,0.5072739720344543,0.9028466939926147
40,123,366,326,kl,81.74,-0.8800000000000097,0.6338261365890503,0.5540168881416321,1.03201162815094
40,123,367,327,kl,82.24,0.5,0.541664183139801,0.4578527808189392,0.8662234544754028
40,123,368,328,kl,82.42,0.18000000000000682,0.4753433167934418,0.47549328207969666,0.9152249693870544
40,123,369,329,ce,83.78,1.3599999999999994,0.1283169984817505,0.31544214487075806,1.827293038368225
40,123,370,330,kl,82.72,-1.0600000000000023,0.3909211754798889,0.42533430457115173,1.0195003747940063
40,123,371,331,kl,80.54,-2.1799999999999926,0.5781423449516296,0.4777357876300812,0.9475273489952087
40,123,372,332,kl,82.32,1.779999999999987,0.47732242941856384,0.4613400399684906,0.8875899314880371
40,123,373,333,kl,83.0,0.6800000000000068,0.5477853417396545,0.4645523428916931,0.8269129991531372
40,123,374,334,kl,82.56,-0.4399999999999977,0.6217188239097595,0.5433770418167114,1.0697020292282104
40,123,375,335,kl,82.66,0.09999999999999432,0.5326880216598511,0.47322651743888855,0.8690139651298523
40,123,376,336,kl,81.82,-0.8400000000000034,0.6531131267547607,0.544217050075531,1.1814781427383423
40,123,377,337,kl,82.14,0.3200000000000074,0.725877046585083,0.5584088563919067,0.9817336797714233
40,123,378,338,kl,82.3,0.1599999999999966,0.6372997164726257,0.5148334503173828,0.8563369512557983
40,123,379,339,kl,81.56,-0.7399999999999949,0.6166708469390869,0.5330685377120972,1.0347862243652344
40,123,380,340,kl,81.0,-0.5600000000000023,0.4497436285018921,0.501050591468811,1.1482617855072021
40,123,381,341,kl,82.06,1.0600000000000023,0.5803110003471375,0.4895009696483612,0.888754665851593
40,123,382,342,kl,79.9,-2.1599999999999966,0.5312649011611938,0.4864533841609955,1.0554622411727905
40,123,383,343,kl,82.14,2.239999999999995,0.6068178415298462,0.5315872430801392,1.2155603170394897
40,123,384,344,kl,83.12,0.980000000000004,0.43911486864089966,0.47399869561195374,0.8782414197921753
40,123,385,345,kl,82.54,-0.5799999999999983,0.4644051194190979,0.4343973994255066,0.9856063723564148
40,123,386,346,kl,82.18,-0.35999999999999943,0.3697335720062256,0.4315341114997864,0.8576602935791016
40,123,387,347,kl,82.02,-0.1600000000000108,0.4966740906238556,0.5111415386199951,1.1647028923034668
40,123,388,348,kl,80.96,-1.0600000000000023,0.4544309675693512,0.46192362904548645,0.997141420841217
40,123,389,349,kl,80.96,0.0,0.679442286491394,0.5373208522796631,0.9599882960319519
40,123,390,350,kl,83.02,2.0600000000000023,0.40005287528038025,0.45545318722724915,0.91655033826828
40,123,391,351,kl,82.52,-0.5,0.4905617833137512,0.4573146104812622,0.9904894232749939
40,123,392,352,kl,82.56,0.04000000000000625,0.5052542090415955,0.45906251668930054,0.8473679423332214
40,123,393,353,kl,81.66,-0.9000000000000057,0.5764318108558655,0.5231348276138306,1.1934008598327637
40,123,394,354,kl,83.34,1.6800000000000068,0.4448053240776062,0.4882690906524658,0.8926189541816711
40,123,395,355,kl,83.24,-0.10000000000000853,0.455500066280365,0.4280705749988556,0.8248196840286255
40,123,396,356,kl,81.56,-1.6799999999999926,0.6852047443389893,0.5550912022590637,1.1361721754074097
40,123,397,357,kl,82.16,0.5999999999999943,0.6059437394142151,0.4799613654613495,0.9221451282501221
40,123,398,358,kl,81.52,-0.6400000000000006,0.5721117258071899,0.5231150984764099,1.2336153984069824
40,123,399,359,kl,81.76,0.2400000000000091,0.53470379114151,0.5165867209434509,1.0892409086227417
40,123,400,360,kl,82.9,1.1400000000000006,0.6565568447113037,0.5121038556098938,1.0986387729644775
40,123,401,361,kl,81.74,-1.1600000000000108,0.6393146514892578,0.5373551845550537,1.1863805055618286
40,123,402,362,kl,83.76,2.0200000000000102,0.44362497329711914,0.46102088689804077,0.9855650663375854
40,123,403,363,kl,82.74,-1.0200000000000102,0.7360692620277405,0.618582546710968,1.3497003316879272
40,123,404,364,kl,83.12,0.38000000000000966,0.5104528665542603,0.4395011067390442,0.7684987187385559
40,123,405,365,kl,82.72,-0.4000000000000057,0.6514550447463989,0.5154087543487549,1.046823263168335
40,123,406,366,kl,81.9,-0.8199999999999932,0.5534710884094238,0.49299612641334534,1.0754164457321167
40,123,407,367,kl,81.88,-0.020000000000010232,0.7078649997711182,0.5656334757804871,1.166071891784668
40,123,408,368,kl,82.16,0.28000000000000114,0.5058166980743408,0.5105798840522766,1.0150305032730103
40,123,409,369,kl,82.78,0.6200000000000045,0.34093791246414185,0.4550251066684723,1.00230872631073
40,123,410,370,ce,82.9,0.12000000000000455,0.12191158533096313,0.34910088777542114,1.6665263175964355
40,123,411,371,kl,81.8,-1.1000000000000085,0.5481095314025879,0.4910881519317627,0.9733160734176636
40,123,412,372,kl,81.58,-0.21999999999999886,0.3857131898403168,0.4591798484325409,1.0934436321258545
40,123,413,373,kl,81.74,0.1599999999999966,0.6738542318344116,0.5326826572418213,1.1699553728103638
40,123,414,374,kl,79.36,-2.3799999999999955,0.5587537288665771,0.48374074697494507,1.0021064281463623
40,123,415,375,kl,82.82,3.4599999999999937,0.35691434144973755,0.4303499758243561,0.911518931388855
40,123,416,376,kl,82.5,-0.3199999999999932,0.5005930662155151,0.45858651399612427,0.8997020721435547
40,123,417,377,kl,82.68,0.18000000000000682,0.5158513188362122,0.4927176535129547,1.0040076971054077
40,123,418,378,kl,81.3,-1.3800000000000097,0.5817376375198364,0.5559780597686768,1.198762059211731
40,123,419,379,kl,81.7,0.4000000000000057,0.5134768486022949,0.49812495708465576,1.1878223419189453
40,123,420,380,kl,82.28,0.5799999999999983,0.5931019186973572,0.4696371555328369,0.9606344699859619
40,123,421,381,kl,81.94,-0.3400000000000034,0.5746127367019653,0.5164050459861755,1.1732534170150757
40,123,422,382,kl,81.86,-0.0799999999999983,0.48873841762542725,0.48570263385772705,1.1033623218536377
40,123,423,383,kl,82.34,0.480000000000004,0.5556064248085022,0.5117033123970032,0.8873000144958496
40,123,424,384,kl,81.28,-1.0600000000000023,0.46001961827278137,0.4748578667640686,1.0271660089492798
40,123,425,385,kl,82.6,1.3199999999999932,0.37215378880500793,0.4565379321575165,0.9524429440498352
40,123,426,386,kl,82.18,-0.4199999999999875,0.5435028076171875,0.4917917847633362,0.9406026005744934
40,123,427,387,kl,82.8,0.6199999999999903,0.6194442510604858,0.5143393278121948,1.0215392112731934
40,123,428,388,kl,81.62,-1.1799999999999926,0.4228338301181793,0.4487113952636719,0.8959905505180359
40,123,429,389,kl,82.0,0.37999999999999545,0.6981303691864014,0.5657005310058594,1.3459084033966064
40,123,430,390,kl,80.74,-1.2600000000000051,0.4753507375717163,0.4374476373195648,1.0065513849258423
40,123,431,391,kl,82.22,1.480000000000004,0.5680408477783203,0.4889523684978485,1.0803472995758057
40,123,432,392,kl,82.32,0.09999999999999432,0.5031877160072327,0.4997093081474304,1.0477603673934937
40,123,433,393,kl,81.44,-0.8799999999999955,0.49164333939552307,0.5314865708351135,0.9444145560264587
40,123,434,394,kl,82.32,0.8799999999999955,0.6242845058441162,0.502956211566925,0.9202257990837097
40,123,435,395,kl,81.78,-0.539999999999992,0.6763783693313599,0.5565703511238098,1.0250434875488281
40,123,436,396,kl,81.68,-0.09999999999999432,0.5347084999084473,0.4964996576309204,1.0519558191299438
40,123,437,397,kl,82.9,1.2199999999999989,0.4337739050388336,0.46524909138679504,1.0438849925994873
40,123,438,398,kl,82.28,-0.6200000000000045,0.4690254330635071,0.4423676133155823,0.9814628958702087
40,123,439,399,kl,82.38,0.09999999999999432,0.42991018295288086,0.4566386640071869,0.8602275848388672
40,123,440,400,kl,81.58,-0.7999999999999972,0.3856903910636902,0.4547547399997711,0.9886388182640076
40,123,441,401,kl,83.08,1.5,0.48173052072525024,0.4423568546772003,0.9494484663009644
40,123,442,402,kl,82.4,-0.6799999999999926,0.3594823479652405,0.41896528005599976,0.8316164612770081
40,123,443,403,kl,82.32,-0.0800000000000125,0.43590444326400757,0.46757978200912476,0.9005743265151978
40,123,444,404,kl,83.12,0.8000000000000114,0.6491787433624268,0.49836719036102295,0.9276010394096375
40,123,445,405,kl,81.52,-1.6000000000000085,0.4236050248146057,0.4517752230167389,1.0603445768356323
40,123,446,406,kl,82.6,1.0799999999999983,0.535047173500061,0.4873493015766144,1.049582600593567
40,123,447,407,kl,82.56,-0.03999999999999204,0.5257985591888428,0.4908137619495392,1.1062512397766113
40,123,448,408,kl,82.48,-0.0799999999999983,0.5551894903182983,0.4907417893409729,1.0509917736053467
40,123,449,409,kl,82.84,0.35999999999999943,0.5245937705039978,0.4954960346221924,0.9026632308959961
40,123,450,410,kl,82.94,0.09999999999999432,0.42345380783081055,0.4517703056335449,0.9330253601074219
40,123,451,411,ce,82.44,-0.5,0.217328280210495,0.33190470933914185,1.9278150796890259
40,123,452,412,kl,86.54,4.1000000000000085,0.28997305035591125,0.3934444487094879,0.6842071413993835
40,123,453,413,kl,86.74,0.19999999999998863,0.26720869541168213,0.39256981015205383,0.7392916083335876
40,123,454,414,kl,86.76,0.020000000000010232,0.325145423412323,0.41519227623939514,0.6696951985359192
40,123,455,415,kl,86.76,0.0,0.3723616898059845,0.4252319931983948,0.6927420496940613
40,123,456,416,kl,86.66,-0.10000000000000853,0.30758824944496155,0.4185618460178375,0.7237216234207153
40,123,457,417,kl,86.98,0.3200000000000074,0.3221808969974518,0.41961175203323364,0.6594789028167725
40,123,458,418,kl,87.1,0.11999999999999034,0.31744590401649475,0.4168732464313507,0.6829759478569031
40,123,459,419,kl,86.86,-0.23999999999999488,0.2546533942222595,0.41374969482421875,0.69265216588974
40,123,460,420,kl,86.98,0.12000000000000455,0.2602154016494751,0.42163270711898804,0.7588024735450745
40,123,461,421,kl,86.88,-0.10000000000000853,0.3056139647960663,0.4323367774486542,0.749572217464447
40,123,462,422,kl,86.74,-0.14000000000000057,0.3297155797481537,0.44090160727500916,0.777969479560852
40,123,463,423,kl,86.88,0.14000000000000057,0.29438215494155884,0.4388326108455658,0.7679243683815002
40,123,464,424,kl,87.04,0.1600000000000108,0.3832908868789673,0.45524418354034424,0.7266502976417542
40,123,465,425,kl,86.84,-0.20000000000000284,0.3276716470718384,0.45421236753463745,0.7240660190582275
40,123,466,426,kl,86.88,0.03999999999999204,0.33580976724624634,0.4656003415584564,0.7132803201675415
40,123,467,427,kl,86.94,0.060000000000002274,0.3298988342285156,0.4578658640384674,0.7847189903259277
40,123,468,428,kl,86.84,-0.09999999999999432,0.2872493863105774,0.44828370213508606,0.7583646178245544
40,123,469,429,kl,86.72,-0.12000000000000455,0.3649764657020569,0.48620107769966125,0.7761181592941284
40,123,470,430,kl,87.06,0.3400000000000034,0.27064383029937744,0.46402502059936523,0.7783412337303162
40,123,471,431,kl,87.32,0.2599999999999909,0.3266317546367645,0.4688461720943451,0.7630303502082825
40,123,472,432,kl,86.84,-0.47999999999998977,0.2606191039085388,0.46553394198417664,0.7783189415931702
40,123,473,433,kl,86.94,0.09999999999999432,0.37130260467529297,0.4975804090499878,0.8080700039863586
40,123,474,434,kl,87.2,0.2600000000000051,0.3452659845352173,0.5045654773712158,0.8200035095214844
40,123,475,435,kl,87.08,-0.12000000000000455,0.31986331939697266,0.5025627613067627,0.8229323625564575
40,123,476,436,kl,87.28,0.20000000000000284,0.3654506206512451,0.5242903232574463,0.839061975479126
40,123,477,437,kl,87.08,-0.20000000000000284,0.2673340141773224,0.49827632308006287,0.8071191310882568
40,123,478,438,kl,87.12,0.04000000000000625,0.27641475200653076,0.49713462591171265,0.8043087720870972
40,123,479,439,kl,86.86,-0.2600000000000051,0.2864997982978821,0.5084038972854614,0.8616774082183838
40,123,480,440,kl,87.1,0.23999999999999488,0.3237205147743225,0.507354736328125,0.8525254726409912
40,123,481,441,kl,86.88,-0.21999999999999886,0.35538560152053833,0.5353575944900513,0.8202442526817322
40,123,482,442,kl,87.06,0.18000000000000682,0.3706512749195099,0.5259357690811157,0.8795279264450073
40,123,483,443,kl,86.84,-0.21999999999999886,0.308601051568985,0.5140631794929504,0.8411276340484619
40,123,484,444,kl,86.82,-0.020000000000010232,0.36346960067749023,0.5485911965370178,0.8707084059715271
40,123,485,445,kl,87.06,0.2400000000000091,0.25839993357658386,0.5271287560462952,0.8611670732498169
40,123,486,446,kl,86.66,-0.4000000000000057,0.3850657343864441,0.5744456052780151,0.9397718906402588
40,123,487,447,kl,86.96,0.29999999999999716,0.26961126923561096,0.540634036064148,0.9124786257743835
40,123,488,448,kl,86.7,-0.2599999999999909,0.28117117285728455,0.5503672361373901,0.8659159541130066
40,123,489,449,kl,87.26,0.5600000000000023,0.32739612460136414,0.5617415308952332,0.9249972701072693
40,123,490,450,kl,86.92,-0.3400000000000034,0.33528363704681396,0.5855775475502014,0.9339840412139893
40,123,491,451,kl,86.92,0.0,0.3312949240207672,0.5772578716278076,0.9464211463928223
40,123,492,452,ce,87.12,0.20000000000000284,0.2716017961502075,0.5289867520332336,1.2887383699417114
40,123,493,453,kl,87.44,0.3199999999999932,0.3747203052043915,0.5840389728546143,0.9930911660194397
40,123,494,454,kl,87.2,-0.23999999999999488,0.3444262742996216,0.5742315053939819,0.9272683262825012
40,123,495,455,kl,87.24,0.03999999999999204,0.3381590247154236,0.573990523815155,1.013850450515747
40,123,496,456,kl,87.18,-0.05999999999998806,0.257598876953125,0.5602232813835144,0.9575381278991699
40,123,497,457,kl,86.92,-0.2600000000000051,0.2668438255786896,0.5901385545730591,0.9479475021362305
40,123,498,458,kl,86.96,0.03999999999999204,0.3331458866596222,0.6028148531913757,0.961521327495575
40,123,499,459,kl,87.14,0.18000000000000682,0.3597356379032135,0.6216111183166504,0.9707034230232239
40,123,500,460,kl,86.8,-0.3400000000000034,0.32672691345214844,0.5910189747810364,0.9948258996009827
40,123,501,461,kl,87.16,0.35999999999999943,0.33575674891471863,0.6341879367828369,0.9105531573295593
40,123,502,462,kl,86.68,-0.47999999999998977,0.37158098816871643,0.6345860958099365,1.0536748170852661
40,123,503,463,kl,87.1,0.4199999999999875,0.395818829536438,0.6432400345802307,1.0338258743286133
40,123,504,464,kl,87.06,-0.03999999999999204,0.4166487157344818,0.6507237553596497,1.0267521142959595
40,123,505,465,kl,87.14,0.0799999999999983,0.2765694260597229,0.6340761184692383,0.9832475781440735
40,123,506,466,kl,86.98,-0.1599999999999966,0.3333861231803894,0.6452023983001709,0.9940736293792725
40,123,507,467,kl,87.28,0.29999999999999716,0.37542855739593506,0.6518033742904663,0.9282036423683167
40,123,508,468,kl,86.94,-0.3400000000000034,0.3649742007255554,0.6670339107513428,0.9649323225021362
40,123,509,469,kl,87.18,0.2400000000000091,0.3562653362751007,0.653751015663147,1.0160623788833618
40,123,510,470,kl,87.06,-0.12000000000000455,0.31374508142471313,0.6581465005874634,1.0506998300552368
40,123,511,471,kl,86.6,-0.46000000000000796,0.26069653034210205,0.6358624696731567,0.9780856370925903
40,123,512,472,kl,86.66,0.060000000000002274,0.3633871078491211,0.6797904372215271,0.9533377289772034
40,123,513,473,kl,86.72,0.060000000000002274,0.33809801936149597,0.6701205372810364,1.0663697719573975
40,123,514,474,kl,86.52,-0.20000000000000284,0.3816186487674713,0.7077986001968384,1.0453649759292603
40,123,515,475,kl,86.8,0.28000000000000114,0.37989872694015503,0.7085651755332947,1.0838940143585205
40,123,516,476,kl,86.76,-0.03999999999999204,0.3582797348499298,0.7217292189598083,1.1386600732803345
40,123,517,477,kl,86.98,0.21999999999999886,0.26143398880958557,0.6848329901695251,1.0527008771896362
40,123,518,478,kl,86.76,-0.21999999999999886,0.3784869909286499,0.7256836295127869,1.036946177482605
40,123,519,479,kl,86.82,0.05999999999998806,0.333149790763855,0.7180098295211792,1.1331661939620972
40,123,520,480,kl,86.92,0.10000000000000853,0.4576921761035919,0.7537214756011963,1.1324963569641113
40,123,521,481,kl,86.88,-0.04000000000000625,0.34321486949920654,0.7053745985031128,1.0622059106826782
40,123,522,482,kl,86.82,-0.060000000000002274,0.36202293634414673,0.7493603825569153,1.1150239706039429
40,123,523,483,kl,86.88,0.060000000000002274,0.3372245728969574,0.7208731174468994,1.2098755836486816
40,123,524,484,kl,86.82,-0.060000000000002274,0.3597709536552429,0.7244849801063538,1.2308552265167236
40,123,525,485,kl,86.92,0.10000000000000853,0.33358851075172424,0.7335667014122009,1.0853034257888794
40,123,526,486,kl,86.74,-0.18000000000000682,0.302074670791626,0.7102210521697998,1.2546594142913818
40,123,527,487,kl,86.88,0.14000000000000057,0.3600611686706543,0.7303964495658875,1.381933569908142
40,123,528,488,kl,86.72,-0.1599999999999966,0.3581797480583191,0.7368481755256653,1.265770673751831
40,123,529,489,kl,86.62,-0.09999999999999432,0.29438042640686035,0.7289358973503113,1.1510251760482788
40,123,530,490,kl,86.8,0.1799999999999926,0.3000398874282837,0.7231807112693787,1.1840484142303467
40,123,531,491,kl,86.68,-0.11999999999999034,0.395214319229126,0.7953099608421326,1.1896480321884155
40,123,532,492,kl,87.08,0.3999999999999915,0.4258313775062561,0.8182016611099243,1.226904034614563
40,123,533,493,ce,86.28,-0.7999999999999972,0.3586465120315552,0.794082760810852,1.573613166809082
40,123,534,494,kl,86.7,0.4200000000000017,0.3339366018772125,0.754499077796936,1.1311256885528564
40,123,535,495,kl,86.88,0.1799999999999926,0.3608880639076233,0.7886173129081726,1.1356899738311768
40,123,536,496,kl,86.54,-0.3399999999999892,0.3258221745491028,0.7808823585510254,1.1583294868469238
40,123,537,497,kl,86.76,0.21999999999999886,0.38572201132774353,0.8007312417030334,1.2657254934310913
40,123,538,498,kl,86.4,-0.35999999999999943,0.3518263101577759,0.7858409881591797,1.1648333072662354
40,123,539,499,kl,86.8,0.3999999999999915,0.37444376945495605,0.7973204255104065,1.2278740406036377
40,123,540,500,kl,87.02,0.21999999999999886,0.32593977451324463,0.7925138473510742,1.1747652292251587
40,123,541,501,kl,86.54,-0.47999999999998977,0.3999456763267517,0.8325510621070862,1.28935706615448
40,123,542,502,kl,86.72,0.1799999999999926,0.31150516867637634,0.8037954568862915,1.2296528816223145
40,123,543,503,kl,86.74,0.01999999999999602,0.37786030769348145,0.8316540122032166,1.254813551902771
40,123,544,504,kl,87.02,0.28000000000000114,0.289612352848053,0.7874006628990173,1.264535665512085
40,123,545,505,kl,87.04,0.020000000000010232,0.38613206148147583,0.8218027949333191,1.343409776687622
40,123,546,506,kl,86.54,-0.5,0.4085550010204315,0.8189975619316101,1.300167441368103
40,123,547,507,kl,86.62,0.0799999999999983,0.4290078282356262,0.8610394597053528,1.2568557262420654
40,123,548,508,kl,86.9,0.28000000000000114,0.3649040758609772,0.8162254691123962,1.2913188934326172
40,123,549,509,kl,86.84,-0.060000000000002274,0.30317139625549316,0.7815390825271606,1.2651809453964233
40,123,550,510,kl,87.16,0.3199999999999932,0.33768394589424133,0.8224072456359863,1.2124050855636597
40,123,551,511,kl,86.56,-0.5999999999999943,0.4041711091995239,0.8892484307289124,1.3129477500915527
40,123,552,512,kl,86.88,0.3199999999999932,0.3769804835319519,0.8350913524627686,1.3170722723007202
40,123,553,513,kl,86.66,-0.21999999999999886,0.339239239692688,0.8621970415115356,1.4931808710098267
40,123,554,514,kl,86.64,-0.01999999999999602,0.3578188419342041,0.8408911228179932,1.4404029846191406
40,123,555,515,kl,86.48,-0.1599999999999966,0.31949687004089355,0.8310540914535522,1.373672604560852
40,123,556,516,kl,86.84,0.35999999999999943,0.4085915684700012,0.8864213824272156,1.3727428913116455
40,123,557,517,kl,86.68,-0.1599999999999966,0.334547758102417,0.8277236819267273,1.2887388467788696
40,123,558,518,kl,86.32,-0.36000000000001364,0.3556215167045593,0.8735702037811279,1.2634862661361694
40,123,559,519,kl,87.18,0.8600000000000136,0.4042006731033325,0.9064343571662903,1.4082272052764893
40,123,560,520,kl,86.64,-0.5400000000000063,0.28148314356803894,0.8364770412445068,1.3372019529342651
40,123,561,521,kl,86.74,0.09999999999999432,0.35208386182785034,0.8639465570449829,1.3691169023513794
40,123,562,522,kl,86.42,-0.3199999999999932,0.3662056028842926,0.8886706233024597,1.3088866472244263
40,123,563,523,kl,86.58,0.1599999999999966,0.372624933719635,0.8687225580215454,1.4670426845550537
40,123,564,524,kl,86.38,-0.20000000000000284,0.43067246675491333,0.9543822407722473,1.5013785362243652
40,123,565,525,kl,86.66,0.28000000000000114,0.4102151393890381,0.9140404462814331,1.3531311750411987
40,123,566,526,kl,86.42,-0.23999999999999488,0.36504966020584106,0.9012256860733032,1.5022563934326172
40,123,567,527,kl,86.44,0.01999999999999602,0.378597617149353,0.894122302532196,1.380622148513794
40,123,568,528,kl,86.12,-0.3199999999999932,0.365398108959198,0.9246047735214233,1.3201707601547241
40,123,569,529,kl,86.54,0.4200000000000017,0.41777992248535156,0.9437339901924133,1.3739454746246338
40,123,570,530,kl,86.8,0.2599999999999909,0.3787730932235718,0.894210696220398,1.4273611307144165
40,123,571,531,kl,86.7,-0.09999999999999432,0.3909931182861328,0.9168252944946289,1.4670543670654297
40,123,572,532,kl,86.78,0.0799999999999983,0.36310458183288574,0.8923248052597046,1.402593970298767
40,123,573,533,kl,86.8,0.01999999999999602,0.4086989164352417,0.9195619225502014,1.4789199829101562
40,123,574,534,ce,86.64,-0.1599999999999966,0.2922995686531067,0.793916642665863,1.835705041885376
40,123,575,535,kl,86.38,-0.2600000000000051,0.3434194028377533,0.8695473670959473,1.5459272861480713
40,123,576,536,kl,86.84,0.46000000000000796,0.3876325786113739,0.9247202277183533,1.3809924125671387
40,123,577,537,kl,86.98,0.14000000000000057,0.3403644561767578,0.946638822555542,1.4236420392990112
40,123,578,538,kl,86.62,-0.35999999999999943,0.36440736055374146,0.9362589716911316,1.4560747146606445
40,123,579,539,kl,86.72,0.09999999999999432,0.3613630533218384,0.9125221371650696,1.503339171409607
40,123,580,540,kl,86.54,-0.1799999999999926,0.44114014506340027,0.939513623714447,1.560832142829895
40,123,581,541,kl,86.6,0.05999999999998806,0.35081857442855835,0.9256253838539124,1.4949662685394287
40,123,582,542,kl,86.88,0.28000000000000114,0.3694957494735718,0.9096582531929016,1.306272029876709
40,123,583,543,kl,86.88,0.0,0.39655154943466187,0.934222400188446,1.393293857574463
40,123,584,544,kl,86.82,-0.060000000000002274,0.407308965921402,0.9418677687644958,1.5666043758392334
40,123,585,545,kl,86.98,0.1600000000000108,0.36962470412254333,0.9375584125518799,1.4000418186187744
40,123,586,546,kl,86.74,-0.2400000000000091,0.3513222336769104,0.9466680288314819,1.617444396018982
40,123,587,547,kl,86.4,-0.3399999999999892,0.291448175907135,0.9049304127693176,1.557997465133667
40,123,588,548,kl,85.86,-0.5400000000000063,0.4958855211734772,1.0100857019424438,1.7602958679199219
40,123,589,549,kl,86.88,1.019999999999996,0.41806668043136597,1.019087314605713,1.515791654586792
40,123,590,550,kl,86.82,-0.060000000000002274,0.3264079988002777,0.9223699569702148,1.3541032075881958
40,123,591,551,kl,86.12,-0.6999999999999886,0.35922694206237793,0.9370567202568054,1.3009848594665527
40,123,592,552,kl,86.32,0.19999999999998863,0.3934113383293152,0.9697731733322144,1.547414779663086
40,123,593,553,kl,86.46,0.14000000000000057,0.44458770751953125,0.9933448433876038,1.5922578573226929
40,123,594,554,kl,86.56,0.10000000000000853,0.3964633047580719,1.0072154998779297,1.655298113822937
40,123,595,555,kl,86.52,-0.04000000000000625,0.4118034839630127,0.9840508699417114,1.690340280532837
40,123,596,556,kl,86.36,-0.1599999999999966,0.4735974073410034,0.9837645888328552,1.7312570810317993
40,123,597,557,kl,86.74,0.37999999999999545,0.36970293521881104,0.9509167075157166,1.5434157848358154
40,123,598,558,kl,86.66,-0.0799999999999983,0.42031195759773254,0.9834825992584229,1.6526403427124023
40,123,599,559,kl,86.1,-0.5600000000000023,0.4401673674583435,1.0422759056091309,1.6893671751022339
40,123,600,560,kl,86.5,0.4000000000000057,0.3940354883670807,0.9669770002365112,1.561753749847412
40,123,601,561,kl,86.68,0.18000000000000682,0.43660640716552734,1.0163730382919312,1.7245761156082153
40,123,602,562,kl,86.66,-0.020000000000010232,0.3289908766746521,0.9668097496032715,1.4842172861099243
40,123,603,563,kl,86.7,0.04000000000000625,0.4888893663883209,1.0396792888641357,1.5738701820373535
40,123,604,564,kl,86.42,-0.28000000000000114,0.4241429567337036,1.0288994312286377,1.5488569736480713
40,123,605,565,kl,86.26,-0.1599999999999966,0.3651043176651001,0.9458503723144531,1.615939974784851
40,123,606,566,kl,86.32,0.05999999999998806,0.43829190731048584,1.0536956787109375,1.6061450242996216
40,123,607,567,kl,86.78,0.46000000000000796,0.46425941586494446,1.0730173587799072,1.7629542350769043
40,123,608,568,kl,86.7,-0.0799999999999983,0.3418521285057068,0.9586668610572815,1.4620598554611206
40,123,609,569,kl,86.64,-0.060000000000002274,0.4486151933670044,1.0702358484268188,1.6549358367919922
40,123,610,570,kl,86.66,0.01999999999999602,0.40732353925704956,1.014976143836975,1.6880697011947632
40,123,611,571,kl,86.46,-0.20000000000000284,0.37614160776138306,0.9648476839065552,1.6361972093582153
40,123,612,572,kl,86.58,0.12000000000000455,0.37321704626083374,0.9706332087516785,1.4746183156967163
40,123,613,573,kl,86.22,-0.35999999999999943,0.4925154447555542,1.0690335035324097,1.6136449575424194
40,123,614,574,kl,86.52,0.29999999999999716,0.40358561277389526,1.0178556442260742,1.4555102586746216
40,123,615,575,ce,86.08,-0.4399999999999977,0.35765495896339417,1.0126428604125977,2.2413854598999023
40,123,616,576,kl,86.1,0.01999999999999602,0.3983902335166931,0.9828253984451294,1.6565089225769043
40,123,617,577,kl,86.84,0.7400000000000091,0.3599112033843994,0.9390038847923279,1.298897385597229
40,123,618,578,kl,86.48,-0.35999999999999943,0.36361241340637207,0.9941120147705078,1.455041766166687
40,123,619,579,kl,86.36,-0.12000000000000455,0.29028844833374023,0.9099740982055664,1.4229892492294312
40,123,620,580,kl,86.34,-0.01999999999999602,0.4567303955554962,0.99403977394104,1.6266683340072632
40,123,621,581,kl,86.34,0.0,0.3894263207912445,1.0046958923339844,1.5622820854187012
40,123,622,582,kl,86.44,0.09999999999999432,0.3644270896911621,0.983009934425354,1.6413041353225708
40,123,623,583,kl,86.34,-0.09999999999999432,0.34894099831581116,0.9726934432983398,1.526121973991394
40,123,624,584,kl,86.12,-0.21999999999999886,0.460928738117218,1.0592994689941406,1.5539352893829346
40,123,625,585,kl,86.38,0.2599999999999909,0.3982643485069275,1.0015393495559692,1.4579615592956543
40,123,626,586,kl,86.64,0.2600000000000051,0.5018563270568848,1.1057920455932617,1.589559555053711
40,123,627,587,kl,86.06,-0.5799999999999983,0.4072740077972412,1.0278937816619873,1.7075790166854858
40,123,628,588,kl,86.32,0.2599999999999909,0.3169057369232178,0.922631025314331,1.6775776147842407
40,123,629,589,kl,86.74,0.4200000000000017,0.47302865982055664,1.0809400081634521,1.6098194122314453
40,123,630,590,kl,86.24,-0.5,0.2781596779823303,0.9943246841430664,1.6238523721694946
40,123,631,591,kl,86.9,0.6600000000000108,0.34527015686035156,0.9911934733390808,1.4963079690933228
40,123,632,592,kl,86.54,-0.35999999999999943,0.3290475308895111,0.9518712162971497,1.3782987594604492
40,123,633,593,kl,86.34,-0.20000000000000284,0.4182581901550293,1.0281281471252441,1.5520216226577759
40,123,634,594,kl,86.5,0.1599999999999966,0.3980119228363037,1.0154706239700317,1.5384360551834106
40,123,635,595,kl,86.16,-0.3400000000000034,0.42102622985839844,0.9827646017074585,1.6375641822814941
40,123,636,596,kl,86.44,0.28000000000000114,0.3222796320915222,0.9413338899612427,1.5598798990249634
40,123,637,597,kl,86.28,-0.1599999999999966,0.3543930649757385,0.9731375575065613,1.6994295120239258
40,123,638,598,kl,85.98,-0.29999999999999716,0.42599180340766907,0.9952858686447144,2.0200839042663574
40,123,639,599,kl,85.94,-0.04000000000000625,0.40471726655960083,1.059593915939331,1.6656562089920044
40,123,640,600,kl,86.42,0.480000000000004,0.4161507189273834,1.0225155353546143,1.5548049211502075
40,123,641,601,kl,86.56,0.14000000000000057,0.44772547483444214,1.044657588005066,1.7059680223464966
40,123,642,602,kl,86.46,-0.10000000000000853,0.31689637899398804,0.9864893555641174,1.5859732627868652
40,123,643,603,kl,86.04,-0.4199999999999875,0.4426925778388977,1.0936857461929321,1.62925124168396
40,123,644,604,kl,86.66,0.6199999999999903,0.3533789813518524,0.9757956862449646,1.5318516492843628
40,123,645,605,kl,86.46,-0.20000000000000284,0.4470059275627136,1.0470147132873535,1.8700908422470093
40,123,646,606,kl,86.62,0.1600000000000108,0.3958543539047241,1.0314741134643555,1.6857210397720337
40,123,647,607,kl,86.52,-0.10000000000000853,0.39882320165634155,1.0475964546203613,1.7613145112991333
40,123,648,608,kl,86.28,-0.23999999999999488,0.3199007213115692,0.9860513806343079,1.4604729413986206
40,123,649,609,kl,86.4,0.12000000000000455,0.4138593077659607,1.0548897981643677,1.7589366436004639
40,123,650,610,kl,86.38,-0.020000000000010232,0.3846598267555237,1.0021073818206787,1.6211270093917847
40,123,651,611,kl,86.14,-0.23999999999999488,0.3706517815589905,1.0141617059707642,1.635976791381836
40,123,652,612,kl,86.18,0.04000000000000625,0.29771852493286133,0.9311556220054626,1.8588635921478271
40,123,653,613,kl,86.72,0.539999999999992,0.31313037872314453,0.9511662721633911,1.7748959064483643
40,123,654,614,kl,86.48,-0.23999999999999488,0.41836267709732056,1.0539089441299438,1.7346693277359009
40,123,655,615,kl,85.96,-0.5200000000000102,0.34659236669540405,0.9883555173873901,1.6187758445739746
40,123,656,616,ce,85.42,-0.539999999999992,0.3966534733772278,0.990196704864502,2.16715145111084
40,123,657,617,kl,86.98,1.5600000000000023,0.3167280852794647,0.9840918183326721,1.4491103887557983
40,123,658,618,kl,87.34,0.35999999999999943,0.2745625972747803,0.9521509408950806,1.4725128412246704
40,123,659,619,kl,87.18,-0.1599999999999966,0.25679415464401245,0.9212731122970581,1.4208691120147705
40,123,660,620,kl,87.1,-0.0800000000000125,0.2855035662651062,0.9533231854438782,1.4764082431793213
40,123,661,621,kl,87.12,0.020000000000010232,0.26397472620010376,0.9284000992774963,1.4446712732315063
40,123,662,622,kl,87.28,0.1599999999999966,0.2703258693218231,0.927183985710144,1.4571278095245361
40,123,663,623,kl,86.96,-0.3200000000000074,0.2781013250350952,0.9414379000663757,1.441392183303833
40,123,664,624,kl,87.18,0.22000000000001307,0.26197656989097595,0.9229373931884766,1.43907630443573
40,123,665,625,kl,87.38,0.19999999999998863,0.24902215600013733,0.9254106283187866,1.4789564609527588
40,123,666,626,kl,86.94,-0.4399999999999977,0.2562987804412842,0.9441693425178528,1.5187700986862183
40,123,667,627,kl,87.14,0.20000000000000284,0.2543281614780426,0.9514254331588745,1.4575222730636597
40,123,668,628,kl,87.16,0.01999999999999602,0.27463656663894653,0.9711116552352905,1.514513611793518
40,123,669,629,kl,87.04,-0.11999999999999034,0.2668066918849945,0.9547669887542725,1.4908279180526733
40,123,670,630,kl,87.2,0.1599999999999966,0.281799852848053,0.9587289690971375,1.5027588605880737
40,123,671,631,kl,87.26,0.060000000000002274,0.24588161706924438,0.95594322681427,1.4862747192382812
40,123,672,632,kl,87.28,0.01999999999999602,0.2695331275463104,0.9522964954376221,1.507035493850708
40,123,673,633,kl,86.94,-0.3400000000000034,0.27601438760757446,0.9656729102134705,1.5719220638275146
40,123,674,634,kl,87.2,0.2600000000000051,0.28653842210769653,0.9611209630966187,1.5401724576950073
40,123,675,635,kl,87.06,-0.14000000000000057,0.2715745270252228,0.9736706614494324,1.5169779062271118
40,123,676,636,kl,87.22,0.1599999999999966,0.2446434497833252,0.9482272863388062,1.534263014793396
40,123,677,637,kl,87.34,0.12000000000000455,0.24412895739078522,0.9445575475692749,1.4914486408233643
40,123,678,638,kl,87.3,-0.04000000000000625,0.28344324231147766,0.9676111936569214,1.5809924602508545
40,123,679,639,kl,86.98,-0.3199999999999932,0.24284809827804565,0.9537731409072876,1.5580286979675293
40,123,680,640,kl,87.48,0.5,0.2608991265296936,0.9509037733078003,1.5507348775863647
40,123,681,641,kl,87.34,-0.14000000000000057,0.2524951696395874,0.9673464894294739,1.5604560375213623
40,123,682,642,kl,87.3,-0.04000000000000625,0.2860194146633148,0.9873858094215393,1.5791043043136597
40,123,683,643,kl,87.18,-0.11999999999999034,0.28202635049819946,0.9948720335960388,1.548300862312317
40,123,684,644,kl,86.98,-0.20000000000000284,0.24882127344608307,0.9732934832572937,1.5257576704025269
40,123,685,645,kl,87.0,0.01999999999999602,0.2982988655567169,0.9928642511367798,1.5271626710891724
40,123,686,646,kl,87.14,0.14000000000000057,0.2747071385383606,0.9891462326049805,1.603564977645874
40,123,687,647,kl,87.26,0.12000000000000455,0.2803887724876404,1.008415937423706,1.5719046592712402
40,123,688,648,kl,87.2,-0.060000000000002274,0.2779538035392761,0.9937278628349304,1.5550317764282227
40,123,689,649,kl,87.0,-0.20000000000000284,0.2928769886493683,1.006862759590149,1.593536376953125
40,123,690,650,kl,87.42,0.4200000000000017,0.32073643803596497,1.007561445236206,1.594499111175537
40,123,691,651,kl,87.08,-0.3400000000000034,0.32096782326698303,0.9991550445556641,1.7256708145141602
40,123,692,652,kl,87.34,0.2600000000000051,0.2592475414276123,0.9873953461647034,1.5802336931228638
40,123,693,653,kl,87.36,0.01999999999999602,0.2714807093143463,0.9990426898002625,1.5822962522506714
40,123,694,654,kl,87.4,0.04000000000000625,0.2964828610420227,0.9988889098167419,1.639974594116211
40,123,695,655,kl,87.32,-0.0800000000000125,0.302509069442749,1.0199847221374512,1.610755205154419
40,123,696,656,kl,87.22,-0.09999999999999432,0.29127949476242065,1.016597032546997,1.580121397972107
40,123,697,657,ce,87.16,-0.060000000000002274,0.37004023790359497,1.074903964996338,1.764850378036499
40,123,698,658,kl,87.28,0.12000000000000455,0.2824760377407074,1.02312171459198,1.59542715549469
40,123,699,659,kl,87.28,0.0,0.24799953401088715,1.0125714540481567,1.6297123432159424
40,123,700,660,kl,87.22,-0.060000000000002274,0.26791417598724365,1.0148676633834839,1.6055852174758911
40,123,701,661,kl,87.2,-0.01999999999999602,0.25801119208335876,1.0230433940887451,1.6464340686798096
40,123,702,662,kl,87.2,0.0,0.2724744975566864,1.0158576965332031,1.6187705993652344
40,123,703,663,kl,87.2,0.0,0.28253626823425293,1.0410844087600708,1.641798973083496
40,123,704,664,kl,87.38,0.1799999999999926,0.23578721284866333,1.0099847316741943,1.6354812383651733
40,123,705,665,kl,87.48,0.10000000000000853,0.218265101313591,0.9961166381835938,1.5817382335662842
40,123,706,666,kl,87.36,-0.12000000000000455,0.2817137539386749,1.0344328880310059,1.667588472366333
40,123,707,667,kl,87.24,-0.12000000000000455,0.2860260605812073,1.030362606048584,1.601946234703064
40,123,708,668,kl,87.42,0.18000000000000682,0.2649587392807007,1.0289371013641357,1.6132404804229736
40,123,709,669,kl,87.1,-0.3200000000000074,0.2655565142631531,1.0236151218414307,1.5851320028305054
40,123,710,670,kl,87.18,0.0800000000000125,0.2841305434703827,1.0382975339889526,1.6465749740600586
40,123,711,671,kl,87.1,-0.0800000000000125,0.2561802864074707,1.0323796272277832,1.6139119863510132
40,123,712,672,kl,87.36,0.2600000000000051,0.26978135108947754,1.0325608253479004,1.66304612159729
40,123,713,673,kl,86.84,-0.519999999999996,0.2674475312232971,1.0257806777954102,1.7158772945404053
40,123,714,674,kl,87.06,0.21999999999999886,0.2766835391521454,1.0371851921081543,1.6928128004074097
40,123,715,675,kl,87.28,0.21999999999999886,0.2664395868778229,1.0401493310928345,1.6247154474258423
40,123,716,676,kl,86.88,-0.4000000000000057,0.33309292793273926,1.0805922746658325,1.7344980239868164
40,123,717,677,kl,87.32,0.4399999999999977,0.27278977632522583,1.0392814874649048,1.5912376642227173
40,123,718,678,kl,87.0,-0.3199999999999932,0.27175164222717285,1.041361927986145,1.69284188747406
40,123,719,679,kl,87.24,0.23999999999999488,0.2622476816177368,1.0346367359161377,1.7244796752929688
40,123,720,680,kl,87.18,-0.05999999999998806,0.294832706451416,1.0504685640335083,1.6008599996566772
40,123,721,681,kl,87.2,0.01999999999999602,0.2753550112247467,1.0377947092056274,1.6403298377990723
40,123,722,682,kl,87.14,-0.060000000000002274,0.2921373248100281,1.059140682220459,1.6861869096755981
40,123,723,683,kl,87.06,-0.0799999999999983,0.29992225766181946,1.0589380264282227,1.6300652027130127
40,123,724,684,kl,87.22,0.1599999999999966,0.2850913405418396,1.0516494512557983,1.7371480464935303
40,123,725,685,kl,87.28,0.060000000000002274,0.2898368239402771,1.0533697605133057,1.6595394611358643
40,123,726,686,kl,87.08,-0.20000000000000284,0.2904513478279114,1.062154769897461,1.6544599533081055
40,123,727,687,kl,87.42,0.3400000000000034,0.2627079486846924,1.0591081380844116,1.6022390127182007
40,123,728,688,kl,87.26,-0.1599999999999966,0.2705649137496948,1.053863286972046,1.6611433029174805
40,123,729,689,kl,87.24,-0.020000000000010232,0.2779076099395752,1.0667647123336792,1.6688921451568604
40,123,730,690,kl,87.44,0.20000000000000284,0.2660614848136902,1.055860161781311,1.7076356410980225
40,123,731,691,kl,87.22,-0.21999999999999886,0.2655409574508667,1.0701966285705566,1.6959763765335083
40,123,732,692,kl,87.08,-0.14000000000000057,0.24188359081745148,1.0469762086868286,1.7077438831329346
40,123,733,693,kl,87.32,0.23999999999999488,0.2596624195575714,1.063612699508667,1.717911958694458
40,123,734,694,kl,87.16,-0.1599999999999966,0.2886110544204712,1.0780127048492432,1.6911885738372803
40,123,735,695,kl,87.3,0.14000000000000057,0.27777716517448425,1.0744391679763794,1.7292734384536743
40,123,736,696,kl,87.24,-0.060000000000002274,0.26356518268585205,1.0688843727111816,1.702959418296814
40,123,737,697,kl,87.32,0.0799999999999983,0.298157274723053,1.0805187225341797,1.764885425567627
40,123,738,698,ce,87.04,-0.2799999999999869,0.39127853512763977,1.1732290983200073,1.9409363269805908
40,123,739,699,kl,87.28,0.23999999999999488,0.2854769229888916,1.0950627326965332,1.7221654653549194
40,123,740,700,kl,87.16,-0.12000000000000455,0.27550768852233887,1.0874977111816406,1.761285424232483
40,123,741,701,kl,87.34,0.18000000000000682,0.2809244990348816,1.0814529657363892,1.7156716585159302
40,123,742,702,kl,87.3,-0.04000000000000625,0.2271471917629242,1.0512334108352661,1.7087239027023315
40,123,743,703,kl,87.5,0.20000000000000284,0.2944032549858093,1.0979605913162231,1.7855640649795532
40,123,744,704,kl,87.4,-0.09999999999999432,0.2805171310901642,1.0803250074386597,1.7561135292053223
40,123,745,705,kl,87.14,-0.2600000000000051,0.27532583475112915,1.0811481475830078,1.721907377243042
40,123,746,706,kl,87.24,0.09999999999999432,0.2599131464958191,1.0806159973144531,1.7394564151763916
40,123,747,707,kl,87.26,0.020000000000010232,0.2543697953224182,1.0844850540161133,1.7418100833892822
40,123,748,708,kl,87.44,0.1799999999999926,0.2677045464515686,1.0756409168243408,1.7742453813552856
40,123,749,709,kl,87.36,-0.0799999999999983,0.2734609544277191,1.091812014579773,1.7470062971115112
40,123,750,710,kl,87.24,-0.12000000000000455,0.285725474357605,1.0982986688613892,1.8093416690826416
40,123,751,711,kl,87.28,0.04000000000000625,0.26155808568000793,1.085235595703125,1.7549108266830444
40,123,752,712,kl,87.36,0.0799999999999983,0.2634245753288269,1.0902413129806519,1.7653807401657104
40,123,753,713,kl,87.4,0.04000000000000625,0.26481232047080994,1.082198143005371,1.7484114170074463
40,123,754,714,kl,87.58,0.1799999999999926,0.2931998074054718,1.1090545654296875,1.8072984218597412
40,123,755,715,kl,87.16,-0.4200000000000017,0.27756163477897644,1.115156650543213,1.812700867652893
40,123,756,716,kl,87.3,0.14000000000000057,0.24834099411964417,1.0893126726150513,1.7596755027770996
40,123,757,717,kl,87.48,0.18000000000000682,0.23744189739227295,1.09682035446167,1.776265025138855
40,123,758,718,kl,87.44,-0.04000000000000625,0.23317904770374298,1.0826603174209595,1.8279162645339966
40,123,759,719,kl,87.22,-0.21999999999999886,0.2468729019165039,1.0946303606033325,1.797113060951233
40,123,760,720,kl,87.22,0.0,0.29936790466308594,1.137588620185852,1.7521387338638306
40,123,761,721,kl,87.5,0.28000000000000114,0.2864271104335785,1.113850474357605,1.7843611240386963
40,123,762,722,kl,87.52,0.01999999999999602,0.3031836748123169,1.1553691625595093,1.8515355587005615
40,123,763,723,kl,87.42,-0.09999999999999432,0.2772265672683716,1.1155884265899658,1.7421927452087402
40,123,764,724,kl,87.14,-0.28000000000000114,0.31988847255706787,1.1450289487838745,1.8323521614074707
40,123,765,725,kl,87.5,0.35999999999999943,0.2738621234893799,1.1299550533294678,1.8420082330703735
40,123,766,726,kl,87.52,0.01999999999999602,0.2665104866027832,1.1330269575119019,1.8159081935882568
40,123,767,727,kl,87.46,-0.060000000000002274,0.28162628412246704,1.1304588317871094,1.7696174383163452
40,123,768,728,kl,87.56,0.10000000000000853,0.26558980345726013,1.1223725080490112,1.8107824325561523
40,123,769,729,kl,87.46,-0.10000000000000853,0.27945756912231445,1.1503351926803589,1.8019561767578125
40,123,770,730,kl,87.36,-0.09999999999999432,0.27276939153671265,1.1501091718673706,1.8315156698226929
40,123,771,731,kl,87.48,0.12000000000000455,0.30377817153930664,1.1761856079101562,1.8372817039489746
40,123,772,732,kl,87.22,-0.2600000000000051,0.29219043254852295,1.167159080505371,1.9154988527297974
40,123,773,733,kl,87.38,0.1599999999999966,0.27237579226493835,1.1320583820343018,1.768444299697876
40,123,774,734,kl,87.28,-0.09999999999999432,0.2889450490474701,1.1414458751678467,1.8179209232330322
40,123,775,735,kl,87.24,-0.04000000000000625,0.2955867648124695,1.1573004722595215,1.9120675325393677
40,123,776,736,kl,87.14,-0.09999999999999432,0.2631932199001312,1.1490789651870728,1.8737218379974365
40,123,777,737,kl,87.4,0.2600000000000051,0.28471285104751587,1.141737461090088,1.7720448970794678
40,123,778,738,kl,87.46,0.05999999999998806,0.2691519260406494,1.126132607460022,1.8508766889572144
40,123,779,739,ce,87.28,-0.1799999999999926,0.3496061861515045,1.2390583753585815,1.9253913164138794
40,123,780,740,kl,87.3,0.01999999999999602,0.20556044578552246,1.1333191394805908,1.7727011442184448
40,123,781,741,kl,87.1,-0.20000000000000284,0.30792292952537537,1.189810037612915,1.9101409912109375
40,123,782,742,kl,87.54,0.44000000000001194,0.24785512685775757,1.1517040729522705,1.8353837728500366
40,123,783,743,kl,87.4,-0.14000000000000057,0.2725839614868164,1.1727917194366455,1.8514519929885864
40,123,784,744,kl,87.36,-0.04000000000000625,0.2664564847946167,1.1507211923599243,1.947982668876648
40,123,785,745,kl,87.4,0.04000000000000625,0.27473926544189453,1.16983962059021,1.8661338090896606
40,123,786,746,kl,87.56,0.1599999999999966,0.2465745359659195,1.1551198959350586,1.8341145515441895
40,123,787,747,kl,87.4,-0.1599999999999966,0.25481003522872925,1.1650224924087524,1.8233897686004639
40,123,788,748,kl,87.26,-0.14000000000000057,0.2576363980770111,1.1607240438461304,1.8634837865829468
40,123,789,749,kl,87.3,0.03999999999999204,0.2351369857788086,1.141025185585022,1.830299735069275
40,123,790,750,kl,87.4,0.10000000000000853,0.2849644422531128,1.1768187284469604,1.8784784078598022
40,123,791,751,kl,87.38,-0.020000000000010232,0.2697060704231262,1.1592540740966797,1.9693045616149902
40,123,792,752,kl,87.06,-0.3199999999999932,0.21263429522514343,1.1631145477294922,1.8222068548202515
40,123,793,753,kl,87.6,0.539999999999992,0.282880038022995,1.1775625944137573,1.9278264045715332
40,123,794,754,kl,87.48,-0.11999999999999034,0.25247466564178467,1.172192096710205,1.8441401720046997
40,123,795,755,kl,87.34,-0.14000000000000057,0.2845810055732727,1.1764273643493652,1.8905529975891113
40,123,796,756,kl,87.42,0.0799999999999983,0.3107425570487976,1.2017505168914795,1.8719127178192139
40,123,797,757,kl,87.3,-0.12000000000000455,0.3033831715583801,1.1764256954193115,1.9490195512771606
40,123,798,758,kl,87.28,-0.01999999999999602,0.251638799905777,1.1838350296020508,1.8629405498504639
40,123,799,759,kl,87.16,-0.12000000000000455,0.28024935722351074,1.1632710695266724,1.9758219718933105
40,123,800,760,kl,87.36,0.20000000000000284,0.2546624541282654,1.1870423555374146,1.7508533000946045
40,123,801,761,kl,87.28,-0.0799999999999983,0.30657246708869934,1.2106208801269531,1.918426513671875
40,123,802,762,kl,87.46,0.1799999999999926,0.2644226551055908,1.1925448179244995,1.9334286451339722
40,123,803,763,kl,87.48,0.020000000000010232,0.2786172330379486,1.2038919925689697,1.9586820602416992
40,123,804,764,kl,87.42,-0.060000000000002274,0.2702900171279907,1.2148855924606323,1.9542410373687744
40,123,805,765,kl,87.32,-0.10000000000000853,0.2453489750623703,1.1733354330062866,1.9097191095352173
40,123,806,766,kl,87.26,-0.05999999999998806,0.3123321533203125,1.2332854270935059,1.8689563274383545
40,123,807,767,kl,87.36,0.09999999999999432,0.2875334322452545,1.2241013050079346,1.9543814659118652
40,123,808,768,kl,87.5,0.14000000000000057,0.2559548616409302,1.2023426294326782,1.8912169933319092
40,123,809,769,kl,87.16,-0.3400000000000034,0.3169972896575928,1.2405953407287598,1.939292311668396
40,123,810,770,kl,87.2,0.04000000000000625,0.2646045982837677,1.1954071521759033,1.842910647392273
40,123,811,771,kl,87.34,0.14000000000000057,0.2843495011329651,1.2093971967697144,1.8830029964447021
40,123,812,772,kl,87.24,-0.10000000000000853,0.2573433518409729,1.1881768703460693,1.996279239654541
40,123,813,773,kl,87.06,-0.1799999999999926,0.27944618463516235,1.2277828454971313,1.8996427059173584
40,123,814,774,kl,87.2,0.14000000000000057,0.2570508122444153,1.2039815187454224,1.8908838033676147
40,123,815,775,kl,87.52,0.3199999999999932,0.29075556993484497,1.2091771364212036,1.9238853454589844
40,123,816,776,kl,87.52,0.0,0.2797468304634094,1.1962593793869019,1.9087766408920288
40,123,817,777,kl,87.52,0.0,0.2784247398376465,1.2236106395721436,1.9710307121276855
40,123,818,778,kl,87.18,-0.3399999999999892,0.3090989887714386,1.231968879699707,2.0737221240997314
40,123,819,779,kl,87.38,0.19999999999998863,0.28317970037460327,1.2165114879608154,1.977460503578186
40,123,820,780,ce,87.44,0.060000000000002274,0.3898908197879791,1.3773155212402344,2.2755141258239746
40,1337,1,-39,kl,28.18,15.92,0.7063508033752441,0.9989817142486572,1.7703149318695068
40,1337,2,-38,kl,46.78,18.6,0.6699275374412537,0.602271556854248,1.513643503189087
40,1337,3,-37,kl,52.2,5.420000000000002,0.6960919499397278,0.610558032989502,1.2770200967788696
40,1337,4,-36,kl,62.48,10.279999999999994,0.4191945195198059,0.4639134109020233,0.9865482449531555
40,1337,5,-35,kl,67.12,4.640000000000008,0.5937384366989136,0.5429370403289795,1.2302894592285156
40,1337,6,-34,kl,69.32,2.1999999999999886,0.5795088410377502,0.49978384375572205,1.1200345754623413
40,1337,7,-33,kl,71.42,2.1000000000000085,0.5592890381813049,0.47116050124168396,1.2169972658157349
40,1337,8,-32,kl,72.86,1.4399999999999977,0.5256076455116272,0.44973835349082947,1.0242944955825806
40,1337,9,-31,kl,73.58,0.7199999999999989,0.8034305572509766,0.5201616883277893,1.0368890762329102
40,1337,10,-30,kl,74.64,1.0600000000000023,0.5833619832992554,0.4460771977901459,1.0375515222549438
40,1337,11,-29,kl,75.4,0.7600000000000051,0.7232246398925781,0.5075466632843018,1.1733124256134033
40,1337,12,-28,kl,75.82,0.4199999999999875,0.16431023180484772,0.3765636384487152,1.0807769298553467
40,1337,13,-27,kl,76.3,0.480000000000004,0.6357129812240601,0.5351514220237732,1.0894004106521606
40,1337,14,-26,kl,76.94,0.6400000000000006,0.6706713438034058,0.46734902262687683,0.9558712840080261
40,1337,15,-25,kl,77.84,0.9000000000000057,0.5435050129890442,0.4483398497104645,0.8151548504829407
40,1337,16,-24,kl,76.62,-1.2199999999999989,0.47111478447914124,0.4042840003967285,0.8294594287872314
40,1337,17,-23,kl,76.98,0.35999999999999943,0.5262429118156433,0.4564545750617981,0.9162615537643433
40,1337,18,-22,kl,78.74,1.759999999999991,0.7096424102783203,0.5118709206581116,1.1409860849380493
40,1337,19,-21,kl,77.44,-1.2999999999999972,0.61922287940979,0.46434134244918823,0.9398036599159241
40,1337,20,-20,kl,80.38,2.9399999999999977,0.634445309638977,0.46393561363220215,0.9991657137870789
40,1337,21,-19,kl,78.8,-1.5799999999999983,0.5972099304199219,0.4969867467880249,0.9606286883354187
40,1337,22,-18,kl,77.9,-0.8999999999999915,0.6368616819381714,0.4960188567638397,1.023147463798523
40,1337,23,-17,kl,78.9,1.0,0.5268054604530334,0.470734566450119,0.9574475288391113
40,1337,24,-16,kl,80.3,1.3999999999999915,0.5157510042190552,0.43909990787506104,0.9235211610794067
40,1337,25,-15,kl,79.06,-1.2399999999999949,0.5622539520263672,0.4421875774860382,0.8722844123840332
40,1337,26,-14,kl,79.14,0.0799999999999983,0.6880191564559937,0.49528980255126953,0.979036808013916
40,1337,27,-13,kl,79.82,0.6799999999999926,0.4647568464279175,0.4088785648345947,0.9024919271469116
40,1337,28,-12,kl,78.62,-1.1999999999999886,0.6956636905670166,0.5390175580978394,1.1362699270248413
40,1337,29,-11,kl,81.12,2.5,0.5001604557037354,0.41555532813072205,0.8917245268821716
40,1337,30,-10,kl,80.4,-0.7199999999999989,0.5966917276382446,0.4442441463470459,0.8105136752128601
40,1337,31,-9,kl,80.86,0.45999999999999375,0.55390465259552,0.49193790555000305,1.1488299369812012
40,1337,32,-8,kl,81.86,1.0,0.3507670760154724,0.3989379107952118,0.7841017842292786
40,1337,33,-7,kl,79.8,-2.0600000000000023,0.581595778465271,0.45405885577201843,0.9807522296905518
40,1337,34,-6,kl,81.04,1.240000000000009,0.2887217104434967,0.3943084180355072,0.8274471163749695
40,1337,35,-5,kl,80.9,-0.14000000000000057,0.5379536151885986,0.47210314869880676,0.8858095407485962
40,1337,36,-4,kl,80.88,-0.020000000000010232,0.5213449001312256,0.449369341135025,0.8604056239128113
40,1337,37,-3,kl,80.98,0.10000000000000853,0.556133508682251,0.4518398940563202,0.8060213923454285
40,1337,38,-2,kl,80.76,-0.21999999999999886,0.5168607234954834,0.45200809836387634,0.990326464176178
40,1337,39,-1,kl,82.2,1.4399999999999977,0.528404951095581,0.44643545150756836,0.833177387714386
40,1337,40,0,kl,81.24,-0.960000000000008,0.41689637303352356,0.4585407078266144,0.765347421169281
40,1337,41,1,ce,80.94,-0.29999999999999716,0.24543024599552155,0.3465929925441742,1.614740014076233
40,1337,42,2,kl,80.82,-0.12000000000000455,0.5274782180786133,0.4688808023929596,0.9346384406089783
40,1337,43,3,kl,81.2,0.38000000000000966,0.507538378238678,0.46676650643348694,0.9536604285240173
40,1337,44,4,kl,81.16,-0.04000000000000625,0.49912625551223755,0.4138276278972626,0.8177601099014282
40,1337,45,5,kl,81.6,0.4399999999999977,0.4269905686378479,0.42372530698776245,0.9662289023399353
40,1337,46,6,kl,81.48,-0.11999999999999034,0.39573919773101807,0.4108467102050781,0.7549372911453247
40,1337,47,7,kl,79.52,-1.960000000000008,0.5366587042808533,0.506248414516449,1.005185842514038
40,1337,48,8,kl,81.2,1.6800000000000068,0.32916513085365295,0.4083418846130371,0.9162883758544922
40,1337,49,9,kl,80.82,-0.38000000000000966,0.5562732219696045,0.4521227777004242,1.0840389728546143
40,1337,50,10,kl,81.36,0.5400000000000063,0.45537763833999634,0.4039278030395508,0.9149581789970398
40,1337,51,11,kl,81.3,-0.060000000000002274,0.6348521113395691,0.511489987373352,0.9201372861862183
40,1337,52,12,kl,81.8,0.5,0.5428681373596191,0.4503694176673889,1.0238935947418213
40,1337,53,13,kl,82.3,0.5,0.5705264806747437,0.4638251066207886,0.9161431193351746
40,1337,54,14,kl,81.46,-0.8400000000000034,0.6483488082885742,0.5225587487220764,1.016201138496399
40,1337,55,15,kl,79.94,-1.519999999999996,0.6575107574462891,0.5100868344306946,0.9445730447769165
40,1337,56,16,kl,79.96,0.01999999999999602,0.6740780472755432,0.5435387492179871,1.2699265480041504
40,1337,57,17,kl,81.04,1.0800000000000125,0.5407023429870605,0.4539892077445984,0.8896867632865906
40,1337,58,18,kl,82.04,1.0,0.6149613261222839,0.48999953269958496,0.8873710036277771
40,1337,59,19,kl,81.1,-0.9400000000000119,0.475774884223938,0.4520694613456726,0.8954079747200012
40,1337,60,20,kl,81.0,-0.09999999999999432,0.5023162961006165,0.4600483477115631,0.843250572681427
40,1337,61,21,kl,82.88,1.8799999999999955,0.5098401308059692,0.42834919691085815,0.8586158156394958
40,1337,62,22,kl,80.28,-2.5999999999999943,0.6652726531028748,0.5546568632125854,1.1197553873062134
40,1337,63,23,kl,81.36,1.0799999999999983,0.5024693012237549,0.4507758915424347,0.8659796118736267
40,1337,64,24,kl,82.18,0.8200000000000074,0.37278440594673157,0.4207797050476074,0.8527871370315552
40,1337,65,25,kl,79.6,-2.5800000000000125,0.6883561015129089,0.5972645878791809,1.2657405138015747
40,1337,66,26,kl,80.6,1.0,0.6705421209335327,0.5624024868011475,1.2449500560760498
40,1337,67,27,kl,79.98,-0.6199999999999903,0.7485026717185974,0.5715566873550415,1.1063621044158936
40,1337,68,28,kl,81.44,1.4599999999999937,0.6128996014595032,0.45724448561668396,0.8606522083282471
40,1337,69,29,kl,83.0,1.5600000000000023,0.6500829458236694,0.47948983311653137,0.8393967747688293
40,1337,70,30,kl,81.22,-1.7800000000000011,0.5431152582168579,0.49942106008529663,1.0329402685165405
40,1337,71,31,kl,80.76,-0.45999999999999375,0.6517611145973206,0.49264320731163025,0.9412881135940552
40,1337,72,32,kl,82.38,1.6199999999999903,0.4024507999420166,0.42322030663490295,0.9703500866889954
40,1337,73,33,kl,80.76,-1.6199999999999903,0.5934075713157654,0.4761308431625366,0.901764988899231
40,1337,74,34,kl,82.52,1.759999999999991,0.5969107151031494,0.49348270893096924,0.9135146141052246
40,1337,75,35,kl,81.2,-1.3199999999999932,0.6244299411773682,0.44186776876449585,0.9649454355239868
40,1337,76,36,kl,81.42,0.21999999999999886,0.5014677047729492,0.42780497670173645,0.9137870669364929
40,1337,77,37,kl,82.18,0.7600000000000051,0.4333688020706177,0.4293004274368286,0.9204621315002441
40,1337,78,38,kl,82.58,0.3999999999999915,0.46134936809539795,0.43098053336143494,0.9235392808914185
40,1337,79,39,kl,82.06,-0.519999999999996,0.6003182530403137,0.5226591229438782,0.9427354335784912
40,1337,80,40,kl,80.74,-1.3200000000000074,0.6114525198936462,0.495781272649765,1.2061238288879395
40,1337,81,41,kl,81.4,0.6600000000000108,0.29641687870025635,0.41084450483322144,1.0206776857376099
40,1337,82,42,ce,81.6,0.19999999999998863,0.3473963141441345,0.40712636709213257,1.6214189529418945
40,1337,83,43,kl,81.3,-0.29999999999999716,0.40742552280426025,0.4507615268230438,1.084664225578308
40,1337,84,44,kl,80.58,-0.7199999999999989,0.5651862621307373,0.48049288988113403,0.9221741557121277
40,1337,85,45,kl,81.26,0.6800000000000068,0.5097907781600952,0.4306454360485077,0.9405843615531921
40,1337,86,46,kl,81.38,0.11999999999999034,0.44522565603256226,0.45780307054519653,0.8971410393714905
40,1337,87,47,kl,81.2,-0.1799999999999926,0.6562950611114502,0.5594442486763,1.2332632541656494
40,1337,88,48,kl,81.7,0.5,0.5325254201889038,0.47771182656288147,0.7257368564605713
40,1337,89,49,kl,81.56,-0.14000000000000057,0.5599459409713745,0.4846435785293579,1.025202989578247
40,1337,90,50,kl,81.38,-0.18000000000000682,0.49155133962631226,0.46071335673332214,0.917030930519104
40,1337,91,51,kl,82.02,0.6400000000000006,0.4689001441001892,0.45737043023109436,0.9580835103988647
40,1337,92,52,kl,81.24,-0.7800000000000011,0.42424505949020386,0.44391730427742004,0.9006747007369995
40,1337,93,53,kl,81.54,0.30000000000001137,0.3144451081752777,0.3994191884994507,0.6987797617912292
40,1337,94,54,kl,81.76,0.21999999999999886,0.41746342182159424,0.43861135840415955,0.8856353759765625
40,1337,95,55,kl,81.7,-0.060000000000002274,0.6501692533493042,0.4744018614292145,0.9828240275382996
40,1337,96,56,kl,82.18,0.480000000000004,0.5002248883247375,0.4635773003101349,1.1793780326843262
40,1337,97,57,kl,81.52,-0.6600000000000108,0.3629274368286133,0.4016655385494232,0.8428999781608582
40,1337,98,58,kl,80.98,-0.539999999999992,0.5572471022605896,0.47378474473953247,1.0534837245941162
40,1337,99,59,kl,81.28,0.29999999999999716,0.34168845415115356,0.4435432255268097,0.9287379384040833
40,1337,100,60,kl,83.02,1.7399999999999949,0.2975410223007202,0.40519142150878906,0.7592455744743347
40,1337,101,61,kl,82.08,-0.9399999999999977,0.5346928834915161,0.4562177360057831,0.8627687096595764
40,1337,102,62,kl,81.36,-0.7199999999999989,0.6179125308990479,0.5258722901344299,0.9082767963409424
40,1337,103,63,kl,82.74,1.3799999999999955,0.5758767127990723,0.4888121783733368,0.9720172882080078
40,1337,104,64,kl,81.84,-0.8999999999999915,0.4760153889656067,0.4534022808074951,0.8131786584854126
40,1337,105,65,kl,82.94,1.0999999999999943,0.5441133975982666,0.5028260946273804,1.0791569948196411
40,1337,106,66,kl,79.48,-3.4599999999999937,0.6133502721786499,0.5264763832092285,1.0300614833831787
40,1337,107,67,kl,81.24,1.759999999999991,0.5519405007362366,0.48808932304382324,0.8151496648788452
40,1337,108,68,kl,82.08,0.8400000000000034,0.6012541055679321,0.5103382468223572,0.8744544386863708
40,1337,109,69,kl,81.58,-0.5,0.43251776695251465,0.4240451455116272,0.778416633605957
40,1337,110,70,kl,81.24,-0.3400000000000034,0.6462889313697815,0.49022647738456726,0.835527777671814
40,1337,111,71,kl,82.1,0.8599999999999994,0.5183882117271423,0.4733625054359436,0.9509722590446472
40,1337,112,72,kl,81.18,-0.9199999999999875,0.6024340391159058,0.5005436539649963,0.9507859349250793
40,1337,113,73,kl,81.86,0.6799999999999926,0.524644672870636,0.46369150280952454,0.8795870542526245
40,1337,114,74,kl,82.42,0.5600000000000023,0.46116089820861816,0.49159562587738037,0.9928858280181885
40,1337,115,75,kl,82.34,-0.0799999999999983,0.4906946122646332,0.4272208511829376,0.6771976351737976
40,1337,116,76,kl,83.34,1.0,0.5602141618728638,0.4560731053352356,0.7725849747657776
40,1337,117,77,kl,81.12,-2.219999999999999,0.6919390559196472,0.5846741795539856,1.1256142854690552
40,1337,118,78,kl,82.32,1.1999999999999886,0.4769917130470276,0.44819357991218567,0.8444175720214844
40,1337,119,79,kl,81.6,-0.7199999999999989,0.6235828399658203,0.4902493953704834,0.9006985425949097
40,1337,120,80,kl,82.82,1.2199999999999989,0.5477859973907471,0.48946696519851685,0.9293259382247925
40,1337,121,81,kl,82.68,-0.13999999999998636,0.524398922920227,0.481515109539032,0.9499815106391907
40,1337,122,82,kl,82.18,-0.5,0.6079026460647583,0.4650106728076935,0.9778182506561279
40,1337,123,83,ce,82.1,-0.0800000000000125,0.2899895906448364,0.37906554341316223,1.609424352645874
40,1337,124,84,kl,81.64,-0.45999999999999375,0.4985846281051636,0.46734529733657837,1.0015453100204468
40,1337,125,85,kl,81.16,-0.480000000000004,0.44717875123023987,0.45251142978668213,1.1063445806503296
40,1337,126,86,kl,81.78,0.6200000000000045,0.6223412156105042,0.47495558857917786,0.9756405353546143
40,1337,127,87,kl,82.52,0.7399999999999949,0.4819999933242798,0.4458254277706146,0.8860073089599609
40,1337,128,88,kl,81.98,-0.539999999999992,0.45322680473327637,0.4839731752872467,0.9284729361534119
40,1337,129,89,kl,81.48,-0.5,0.47351202368736267,0.4414055347442627,0.8335673809051514
40,1337,130,90,kl,82.44,0.9599999999999937,0.5051378607749939,0.45138323307037354,0.9439483284950256
40,1337,131,91,kl,82.82,0.37999999999999545,0.6250346899032593,0.5282808542251587,1.0898553133010864
40,1337,132,92,kl,82.64,-0.1799999999999926,0.5554080009460449,0.46898120641708374,0.8674877285957336
40,1337,133,93,kl,80.38,-2.260000000000005,0.555945634841919,0.4602266252040863,0.8520335555076599
40,1337,134,94,kl,81.92,1.5400000000000063,0.5246286392211914,0.4475456476211548,0.9209582209587097
40,1337,135,95,kl,81.92,0.0,0.48205339908599854,0.44793450832366943,0.951428234577179
40,1337,136,96,kl,81.98,0.060000000000002274,0.7819554805755615,0.6033250093460083,1.0305596590042114
40,1337,137,97,kl,82.1,0.11999999999999034,0.4223725497722626,0.4425361752510071,0.8583555817604065
40,1337,138,98,kl,83.16,1.0600000000000023,0.4453986883163452,0.43485715985298157,0.7163740992546082
40,1337,139,99,kl,82.06,-1.0999999999999943,0.5465469360351562,0.4977113902568817,1.1231199502944946
40,1337,140,100,kl,82.08,0.01999999999999602,0.5568501353263855,0.5033547282218933,1.0507830381393433
40,1337,141,101,kl,81.4,-0.6799999999999926,0.6649459600448608,0.5371183156967163,0.9848408102989197
40,1337,142,102,kl,80.86,-0.5400000000000063,0.6399521827697754,0.5108610987663269,0.9974457025527954
40,1337,143,103,kl,81.62,0.7600000000000051,0.38973644375801086,0.4495479166507721,0.9391704797744751
40,1337,144,104,kl,81.98,0.35999999999999943,0.26560086011886597,0.42117154598236084,0.9170206785202026
40,1337,145,105,kl,82.44,0.45999999999999375,0.4010927379131317,0.4448202848434448,0.8153315186500549
40,1337,146,106,kl,82.84,0.4000000000000057,0.538976788520813,0.4986223876476288,0.9553077220916748
40,1337,147,107,kl,81.94,-0.9000000000000057,0.62862229347229,0.5131862163543701,0.995461642742157
40,1337,148,108,kl,81.32,-0.6200000000000045,0.4406295418739319,0.42884737253189087,0.8817692399024963
40,1337,149,109,kl,81.42,0.10000000000000853,0.6044129133224487,0.5457580089569092,0.9851688146591187
40,1337,150,110,kl,82.44,1.019999999999996,0.4717366397380829,0.45858076214790344,1.0519517660140991
40,1337,151,111,kl,81.5,-0.9399999999999977,0.5090864300727844,0.4617467522621155,0.8884610533714294
40,1337,152,112,kl,82.3,0.7999999999999972,0.33195459842681885,0.42403268814086914,0.9449888467788696
40,1337,153,113,kl,81.58,-0.7199999999999989,0.5576086044311523,0.5172321796417236,0.9382872581481934
40,1337,154,114,kl,80.66,-0.9200000000000017,0.41023024916648865,0.43742626905441284,1.0307432413101196
40,1337,155,115,kl,82.0,1.3400000000000034,0.5139069557189941,0.4880381226539612,0.8807594180107117
40,1337,156,116,kl,81.36,-0.6400000000000006,0.34948182106018066,0.43714842200279236,1.0614924430847168
40,1337,157,117,kl,81.94,0.5799999999999983,0.5323511958122253,0.46083542704582214,0.8327165842056274
40,1337,158,118,kl,80.6,-1.3400000000000034,0.681425929069519,0.5367147326469421,1.0512999296188354
40,1337,159,119,kl,79.66,-0.9399999999999977,0.45929592847824097,0.4564230740070343,0.9111353754997253
40,1337,160,120,kl,81.9,2.240000000000009,0.6085931658744812,0.503844678401947,0.8218023180961609
40,1337,161,121,kl,82.26,0.35999999999999943,0.5779220461845398,0.4690296947956085,0.9709011912345886
40,1337,162,122,kl,80.52,-1.740000000000009,0.6000745296478271,0.48804864287376404,1.0094870328903198
40,1337,163,123,kl,82.58,2.0600000000000023,0.5112006664276123,0.459472119808197,0.9040653705596924
40,1337,164,124,ce,82.24,-0.3400000000000034,0.21814817190170288,0.36197924613952637,1.5968974828720093
40,1337,165,125,kl,82.2,-0.03999999999999204,0.5732287764549255,0.5066356062889099,0.9717938303947449
40,1337,166,126,kl,81.32,-0.8800000000000097,0.6222724318504333,0.5471581816673279,1.045793890953064
40,1337,167,127,kl,83.58,2.260000000000005,0.4620972275733948,0.46553218364715576,0.8490464687347412
40,1337,168,128,kl,82.6,-0.980000000000004,0.49410808086395264,0.4286375939846039,0.7952796220779419
40,1337,169,129,kl,81.2,-1.3999999999999915,0.5497030019760132,0.5138031840324402,0.9620380997657776
40,1337,170,130,kl,83.04,1.8400000000000034,0.45774170756340027,0.448736310005188,0.9266698360443115
40,1337,171,131,kl,82.16,-0.8800000000000097,0.24115324020385742,0.40452998876571655,0.7790634632110596
40,1337,172,132,kl,82.94,0.7800000000000011,0.42551732063293457,0.43060800433158875,0.9561675190925598
40,1337,173,133,kl,81.78,-1.1599999999999966,0.5147781372070312,0.49707165360450745,0.9987038969993591
40,1337,174,134,kl,82.2,0.4200000000000017,0.6244342923164368,0.5336397290229797,1.0719889402389526
40,1337,175,135,kl,82.18,-0.01999999999999602,0.6144822835922241,0.5378369092941284,0.9636227488517761
40,1337,176,136,kl,82.22,0.03999999999999204,0.5186811089515686,0.46548983454704285,1.0477722883224487
40,1337,177,137,kl,82.44,0.21999999999999886,0.2764997184276581,0.4078894853591919,0.8516823649406433
40,1337,178,138,kl,82.26,-0.1799999999999926,0.45820796489715576,0.43756282329559326,0.8655651807785034
40,1337,179,139,kl,82.7,0.4399999999999977,0.5221168994903564,0.475444495677948,1.0671387910842896
40,1337,180,140,kl,81.78,-0.9200000000000017,0.5828418731689453,0.5105459690093994,0.7922709584236145
40,1337,181,141,kl,82.4,0.6200000000000045,0.6014995574951172,0.5166715979576111,0.9327276945114136
40,1337,182,142,kl,82.28,-0.12000000000000455,0.5391013622283936,0.48488134145736694,0.9153670072555542
40,1337,183,143,kl,77.84,-4.439999999999998,0.5702385902404785,0.535998523235321,1.096960425376892
40,1337,184,144,kl,81.0,3.1599999999999966,0.6400506496429443,0.5680814385414124,1.102720856666565
40,1337,185,145,kl,83.12,2.1200000000000045,0.28612834215164185,0.3799698054790497,0.7343080639839172
40,1337,186,146,kl,81.48,-1.6400000000000006,0.5412217378616333,0.47370296716690063,0.7979228496551514
40,1337,187,147,kl,81.06,-0.4200000000000017,0.5390623807907104,0.4524102210998535,0.8362321257591248
40,1337,188,148,kl,82.84,1.7800000000000011,0.41272011399269104,0.4001801908016205,0.7587428092956543
40,1337,189,149,kl,83.0,0.1599999999999966,0.5286295413970947,0.455644428730011,0.9401854276657104
40,1337,190,150,kl,80.8,-2.200000000000003,0.6237209439277649,0.5594503879547119,1.0577248334884644
40,1337,191,151,kl,83.64,2.8400000000000034,0.5293999910354614,0.4792120158672333,0.8914423584938049
40,1337,192,152,kl,82.16,-1.480000000000004,0.6674137711524963,0.516363799571991,0.8729687333106995
40,1337,193,153,kl,82.34,0.18000000000000682,0.6068598628044128,0.5180601477622986,0.9144864678382874
40,1337,194,154,kl,81.5,-0.8400000000000034,0.4871985912322998,0.4381233751773834,0.8792387843132019
40,1337,195,155,kl,81.9,0.4000000000000057,0.5929747819900513,0.5142064690589905,0.9630094170570374
40,1337,196,156,kl,81.64,-0.2600000000000051,0.4567590653896332,0.44019877910614014,1.068376898765564
40,1337,197,157,kl,82.46,0.8199999999999932,0.47326698899269104,0.40873289108276367,0.7531204223632812
40,1337,198,158,kl,81.42,-1.039999999999992,0.5592938661575317,0.49920567870140076,1.1193125247955322
40,1337,199,159,kl,82.7,1.2800000000000011,0.5369633436203003,0.42688632011413574,0.7718245387077332
40,1337,200,160,kl,82.36,-0.3400000000000034,0.4315405786037445,0.43896767497062683,0.950480580329895
40,1337,201,161,kl,82.08,-0.28000000000000114,0.5984514951705933,0.509589672088623,1.077663540840149
40,1337,202,162,kl,81.52,-0.5600000000000023,0.4040941596031189,0.46375370025634766,0.9992006421089172
40,1337,203,163,kl,83.16,1.6400000000000006,0.44660139083862305,0.4243227243423462,0.863132119178772
40,1337,204,164,kl,83.24,0.0799999999999983,0.2888191044330597,0.4155479669570923,0.8172011971473694
40,1337,205,165,ce,81.74,-1.5,0.23194727301597595,0.3839062750339508,1.6166112422943115
40,1337,206,166,kl,81.74,0.0,0.48237746953964233,0.4678608477115631,0.9447596073150635
40,1337,207,167,kl,81.6,-0.14000000000000057,0.3930087685585022,0.44184958934783936,0.8596389293670654
40,1337,208,168,kl,83.54,1.940000000000012,0.5549931526184082,0.4403843879699707,0.8061724305152893
40,1337,209,169,kl,81.72,-1.8200000000000074,0.5258815288543701,0.4930999279022217,0.9154385924339294
40,1337,210,170,kl,82.54,0.8200000000000074,0.5451526641845703,0.47421643137931824,0.8114061951637268
40,1337,211,171,kl,83.24,0.6999999999999886,0.45068883895874023,0.4444695711135864,0.7682504057884216
40,1337,212,172,kl,82.96,-0.28000000000000114,0.5298244953155518,0.49125635623931885,0.8533363938331604
40,1337,213,173,kl,82.02,-0.9399999999999977,0.4657031297683716,0.4907130002975464,1.0366932153701782
40,1337,214,174,kl,81.94,-0.0799999999999983,0.5247783660888672,0.4636170268058777,0.8109816312789917
40,1337,215,175,kl,82.08,0.14000000000000057,0.6441256999969482,0.5095220804214478,0.9657872915267944
40,1337,216,176,kl,81.98,-0.09999999999999432,0.6435675621032715,0.5502747297286987,0.9384281039237976
40,1337,217,177,kl,82.76,0.7800000000000011,0.5956241488456726,0.5239165425300598,1.0710567235946655
40,1337,218,178,kl,82.44,-0.3200000000000074,0.5473589301109314,0.4659092128276825,0.9165331721305847
40,1337,219,179,kl,82.9,0.46000000000000796,0.40866705775260925,0.4260977506637573,0.8557296991348267
40,1337,220,180,kl,82.62,-0.28000000000000114,0.48964589834213257,0.4465758204460144,0.8970192074775696
40,1337,221,181,kl,80.78,-1.8400000000000034,0.3429553210735321,0.4005490243434906,0.9362164735794067
40,1337,222,182,kl,82.62,1.8400000000000034,0.45749354362487793,0.445154070854187,0.795086681842804
40,1337,223,183,kl,82.26,-0.35999999999999943,0.5119404792785645,0.47049832344055176,0.9035145044326782
40,1337,224,184,kl,83.04,0.7800000000000011,0.5063002705574036,0.4506312310695648,0.9539439082145691
40,1337,225,185,kl,82.4,-0.6400000000000006,0.2969796657562256,0.40325093269348145,0.8749072551727295
40,1337,226,186,kl,80.36,-2.0400000000000063,0.5775971412658691,0.47287431359291077,1.0291848182678223
40,1337,227,187,kl,80.98,0.6200000000000045,0.35674598813056946,0.38576650619506836,0.7824305295944214
40,1337,228,188,kl,80.92,-0.060000000000002274,0.5504963994026184,0.4493703246116638,0.836293637752533
40,1337,229,189,kl,81.76,0.8400000000000034,0.6406737565994263,0.5065036416053772,1.1348578929901123
40,1337,230,190,kl,81.62,-0.14000000000000057,0.46974116563796997,0.45109811425209045,0.8924143314361572
40,1337,231,191,kl,82.02,0.3999999999999915,0.6735645532608032,0.5958750247955322,1.0821809768676758
40,1337,232,192,kl,83.22,1.2000000000000028,0.6240458488464355,0.5168914794921875,0.9313730001449585
40,1337,233,193,kl,80.8,-2.4200000000000017,0.590349018573761,0.5390539765357971,1.1558377742767334
40,1337,234,194,kl,82.8,2.0,0.5936901569366455,0.4741491675376892,0.9212503433227539
40,1337,235,195,kl,82.46,-0.3400000000000034,0.6215863823890686,0.47957944869995117,0.8799191117286682
40,1337,236,196,kl,81.1,-1.3599999999999994,0.6031522750854492,0.5103582739830017,1.117503046989441
40,1337,237,197,kl,83.44,2.3400000000000034,0.5376154184341431,0.45533502101898193,0.9538608193397522
40,1337,238,198,kl,81.5,-1.9399999999999977,0.721876859664917,0.5904867053031921,1.2533245086669922
40,1337,239,199,kl,82.7,1.2000000000000028,0.42126041650772095,0.4111305773258209,0.8218873739242554
40,1337,240,200,kl,82.68,-0.01999999999999602,0.6574071645736694,0.5235042572021484,0.9446131587028503
40,1337,241,201,kl,83.08,0.3999999999999915,0.6071064472198486,0.48034560680389404,0.8877629637718201
40,1337,242,202,kl,81.96,-1.1200000000000045,0.6538453698158264,0.5009545683860779,0.9719867706298828
40,1337,243,203,kl,82.88,0.9200000000000017,0.5868238806724548,0.4744330942630768,0.8256534934043884
40,1337,244,204,kl,81.26,-1.6199999999999903,0.7442023754119873,0.6039809584617615,1.1272443532943726
40,1337,245,205,kl,82.94,1.6799999999999926,0.5778154730796814,0.4788856506347656,1.0288195610046387
40,1337,246,206,ce,81.96,-0.980000000000004,0.3173275589942932,0.4219636619091034,1.6622693538665771
40,1337,247,207,kl,81.92,-0.03999999999999204,0.6233590245246887,0.4900220036506653,0.9147255420684814
40,1337,248,208,kl,82.98,1.0600000000000023,0.469693660736084,0.4530845880508423,0.809343159198761
40,1337,249,209,kl,82.38,-0.6000000000000085,0.5024628043174744,0.4414595365524292,0.8713980913162231
40,1337,250,210,kl,80.72,-1.6599999999999966,0.5532350540161133,0.4914487898349762,0.8590168356895447
40,1337,251,211,kl,82.72,2.0,0.5217506885528564,0.5629359483718872,1.1324365139007568
40,1337,252,212,kl,83.6,0.8799999999999955,0.5356346368789673,0.4847012758255005,0.8219925165176392
40,1337,253,213,kl,82.12,-1.4799999999999898,0.3506830334663391,0.40497544407844543,0.9045578241348267
40,1337,254,214,kl,82.62,0.5,0.5146839618682861,0.4925818145275116,0.8088548183441162
40,1337,255,215,kl,83.12,0.5,0.4193938970565796,0.44363147020339966,0.8189805150032043
40,1337,256,216,kl,82.88,-0.2400000000000091,0.608321487903595,0.5221730470657349,0.8609470129013062
40,1337,257,217,kl,82.5,-0.37999999999999545,0.7030813097953796,0.5435023307800293,0.9238826632499695
40,1337,258,218,kl,80.84,-1.6599999999999966,0.4843481183052063,0.4710337519645691,1.0971201658248901
40,1337,259,219,kl,81.4,0.5600000000000023,0.6141987442970276,0.5502886176109314,0.9671986103057861
40,1337,260,220,kl,81.98,0.5799999999999983,0.35249751806259155,0.4164992868900299,1.0468798875808716
40,1337,261,221,kl,82.76,0.7800000000000011,0.4884142577648163,0.478081077337265,0.9509091377258301
40,1337,262,222,kl,80.86,-1.9000000000000057,0.6229217052459717,0.5361045598983765,0.9977522492408752
40,1337,263,223,kl,81.28,0.4200000000000017,0.5160907506942749,0.5016577243804932,1.0952428579330444
40,1337,264,224,kl,82.64,1.3599999999999994,0.4573925733566284,0.4758153259754181,0.9425588846206665
40,1337,265,225,kl,82.4,-0.23999999999999488,0.508252739906311,0.4704033136367798,0.8547185659408569
40,1337,266,226,kl,81.74,-0.6600000000000108,0.6223265528678894,0.5570109486579895,1.194287657737732
40,1337,267,227,kl,82.28,0.5400000000000063,0.567212700843811,0.5249003767967224,0.8924627304077148
40,1337,268,228,kl,82.78,0.5,0.4621342122554779,0.43157804012298584,0.9163560271263123
40,1337,269,229,kl,82.32,-0.46000000000000796,0.5843944549560547,0.5113798379898071,1.0607788562774658
40,1337,270,230,kl,82.76,0.44000000000001194,0.5335001349449158,0.43760785460472107,0.9695959091186523
40,1337,271,231,kl,82.28,-0.480000000000004,0.6158965826034546,0.5541892647743225,1.1551228761672974
40,1337,272,232,kl,83.66,1.3799999999999955,0.4876919686794281,0.4269256591796875,0.7971377372741699
40,1337,273,233,kl,82.48,-1.1799999999999926,0.3678966462612152,0.4128451347351074,0.8200271129608154
40,1337,274,234,kl,82.48,0.0,0.6285068988800049,0.49889907240867615,0.7964381575584412
40,1337,275,235,kl,82.04,-0.4399999999999977,0.4904409945011139,0.4711984097957611,0.9383087754249573
40,1337,276,236,kl,80.74,-1.3000000000000114,0.6795753240585327,0.5490856170654297,1.159273624420166
40,1337,277,237,kl,83.92,3.180000000000007,0.4482882618904114,0.42762574553489685,0.7304237484931946
40,1337,278,238,kl,82.06,-1.8599999999999994,0.25539451837539673,0.3937698006629944,0.9957172274589539
40,1337,279,239,kl,82.52,0.45999999999999375,0.42813143134117126,0.42768433690071106,0.8777843713760376
40,1337,280,240,kl,81.38,-1.1400000000000006,0.554762065410614,0.4744957983493805,1.057548999786377
40,1337,281,241,kl,82.68,1.3000000000000114,0.7121915221214294,0.5616157650947571,1.1629709005355835
40,1337,282,242,kl,81.1,-1.5800000000000125,0.5611199736595154,0.512523889541626,1.0900764465332031
40,1337,283,243,kl,81.1,0.0,0.5261256694793701,0.4651145935058594,1.0223026275634766
40,1337,284,244,kl,83.18,2.0800000000000125,0.5781962871551514,0.47448912262916565,0.9062723517417908
40,1337,285,245,kl,80.26,-2.9200000000000017,0.5805246829986572,0.5106165409088135,0.884807825088501
40,1337,286,246,kl,82.16,1.8999999999999915,0.4613068103790283,0.4670383334159851,0.9031657576560974
40,1337,287,247,ce,82.7,0.5400000000000063,0.3103768229484558,0.37232697010040283,1.6538928747177124
40,1337,288,248,kl,83.18,0.480000000000004,0.5870106816291809,0.5051345825195312,0.9235467910766602
40,1337,289,249,kl,83.14,-0.04000000000000625,0.24597932398319244,0.42018312215805054,0.9970278143882751
40,1337,290,250,kl,80.98,-2.1599999999999966,0.6108266115188599,0.5599122047424316,1.0531444549560547
40,1337,291,251,kl,82.78,1.7999999999999972,0.3548366129398346,0.41701972484588623,0.9462518095970154
40,1337,292,252,kl,81.24,-1.5400000000000063,0.47583961486816406,0.4511401653289795,0.9055973291397095
40,1337,293,253,kl,80.56,-0.6799999999999926,0.6042430400848389,0.5189692378044128,1.0498733520507812
40,1337,294,254,kl,82.36,1.7999999999999972,0.5815980434417725,0.47345227003097534,0.8681874871253967
40,1337,295,255,kl,81.18,-1.1799999999999926,0.3001735806465149,0.4097304046154022,0.9653391242027283
40,1337,296,256,kl,82.42,1.2399999999999949,0.5953726768493652,0.5070700645446777,0.9682624936103821
40,1337,297,257,kl,82.66,0.23999999999999488,0.57718825340271,0.5014981031417847,1.0014580488204956
40,1337,298,258,kl,80.18,-2.4799999999999898,0.647555947303772,0.5382087230682373,1.0773711204528809
40,1337,299,259,kl,83.12,2.9399999999999977,0.6378110647201538,0.490401029586792,0.9583128690719604
40,1337,300,260,kl,83.42,0.29999999999999716,0.35613128542900085,0.43059685826301575,0.8433869481086731
40,1337,301,261,kl,82.3,-1.1200000000000045,0.5408717393875122,0.5041064620018005,0.8654783964157104
40,1337,302,262,kl,81.68,-0.6199999999999903,0.5278995633125305,0.5369125008583069,1.0746068954467773
40,1337,303,263,kl,82.34,0.6599999999999966,0.531514048576355,0.4509259760379791,0.8628854155540466
40,1337,304,264,kl,83.28,0.9399999999999977,0.44790852069854736,0.48123452067375183,0.9086732268333435
40,1337,305,265,kl,82.94,-0.3400000000000034,0.4735334515571594,0.4468481242656708,0.8675045371055603
40,1337,306,266,kl,81.16,-1.7800000000000011,0.3690502643585205,0.3968260586261749,0.96480792760849
40,1337,307,267,kl,82.7,1.5400000000000063,0.6179280877113342,0.5073224902153015,0.876908004283905
40,1337,308,268,kl,82.88,0.1799999999999926,0.5893542766571045,0.5045146942138672,1.0256738662719727
40,1337,309,269,kl,83.18,0.30000000000001137,0.3609258830547333,0.4323898255825043,0.9548649787902832
40,1337,310,270,kl,81.72,-1.460000000000008,0.3736732006072998,0.4161314368247986,0.7870568037033081
40,1337,311,271,kl,79.84,-1.8799999999999955,0.6574318408966064,0.5318699479103088,0.8487100601196289
40,1337,312,272,kl,82.46,2.6199999999999903,0.518180251121521,0.46459871530532837,0.9236143231391907
40,1337,313,273,kl,81.9,-0.5599999999999881,0.43567031621932983,0.38515475392341614,1.037575602531433
40,1337,314,274,kl,81.34,-0.5600000000000023,0.5367894172668457,0.522129237651825,1.1593776941299438
40,1337,315,275,kl,80.94,-0.4000000000000057,0.5809506773948669,0.5158151388168335,0.9171416163444519
40,1337,316,276,kl,81.88,0.9399999999999977,0.6201487183570862,0.4948928654193878,1.0801125764846802
40,1337,317,277,kl,81.84,-0.03999999999999204,0.5705879926681519,0.4734325110912323,0.879584789276123
40,1337,318,278,kl,81.66,-0.18000000000000682,0.32921305298805237,0.4470052719116211,0.9833878874778748
40,1337,319,279,kl,81.7,0.04000000000000625,0.5556564927101135,0.4934898316860199,1.0260201692581177
40,1337,320,280,kl,81.58,-0.12000000000000455,0.6830378174781799,0.5578398704528809,1.062528133392334
40,1337,321,281,kl,80.94,-0.6400000000000006,0.6141524314880371,0.5289056301116943,1.2865703105926514
40,1337,322,282,kl,82.64,1.7000000000000028,0.4345015287399292,0.4731979966163635,0.9593902230262756
40,1337,323,283,kl,81.2,-1.4399999999999977,0.7387726902961731,0.5879131555557251,1.0677539110183716
40,1337,324,284,kl,80.9,-0.29999999999999716,0.6530349254608154,0.5124768614768982,0.9065225124359131
40,1337,325,285,kl,82.32,1.4199999999999875,0.5741932392120361,0.4599163830280304,0.8945193290710449
40,1337,326,286,kl,81.56,-0.7599999999999909,0.5280380249023438,0.4569564461708069,0.9126822352409363
40,1337,327,287,kl,80.18,-1.3799999999999955,0.6405616998672485,0.5492919087409973,1.0841064453125
40,1337,328,288,ce,82.02,1.8399999999999892,0.3552439510822296,0.3770550489425659,1.6356955766677856
40,1337,329,289,kl,80.5,-1.519999999999996,0.45134302973747253,0.487423300743103,0.9045570492744446
40,1337,330,290,kl,82.84,2.3400000000000034,0.42733338475227356,0.45489034056663513,0.9249359369277954
40,1337,331,291,kl,82.24,-0.6000000000000085,0.5786674618721008,0.49454283714294434,0.9551029801368713
40,1337,332,292,kl,80.52,-1.7199999999999989,0.45009708404541016,0.43082520365715027,0.8835343718528748
40,1337,333,293,kl,81.08,0.5600000000000023,0.5655136108398438,0.5252044200897217,1.0811126232147217
40,1337,334,294,kl,83.44,2.3599999999999994,0.5341041088104248,0.45822635293006897,0.8707395195960999
40,1337,335,295,kl,82.24,-1.2000000000000028,0.5896885991096497,0.4930255115032196,0.8377605676651001
40,1337,336,296,kl,82.94,0.7000000000000028,0.42648425698280334,0.43886634707450867,1.0122302770614624
40,1337,337,297,kl,83.96,1.019999999999996,0.44559547305107117,0.4568597972393036,0.9062106013298035
40,1337,338,298,kl,82.36,-1.5999999999999943,0.7124393582344055,0.5332258343696594,1.199711561203003
40,1337,339,299,kl,83.16,0.7999999999999972,0.564896821975708,0.4628717601299286,0.9339398741722107
40,1337,340,300,kl,81.24,-1.9200000000000017,0.7781906127929688,0.6205231547355652,1.1707195043563843
40,1337,341,301,kl,82.2,0.960000000000008,0.5355852246284485,0.4640558660030365,0.7918087840080261
40,1337,342,302,kl,82.08,-0.12000000000000455,0.6358901858329773,0.5318752527236938,0.9201281666755676
40,1337,343,303,kl,82.8,0.7199999999999989,0.35787901282310486,0.40118488669395447,0.8332145810127258
40,1337,344,304,kl,80.74,-2.0600000000000023,0.49625134468078613,0.46203872561454773,0.9015761017799377
40,1337,345,305,kl,83.16,2.4200000000000017,0.6070469617843628,0.49421945214271545,0.9981815814971924
40,1337,346,306,kl,81.66,-1.5,0.5114248991012573,0.4543167054653168,1.0405246019363403
40,1337,347,307,kl,82.9,1.240000000000009,0.5173108577728271,0.4619956612586975,0.870067298412323
40,1337,348,308,kl,83.42,0.519999999999996,0.39450544118881226,0.45618513226509094,0.9735382795333862
40,1337,349,309,kl,80.46,-2.960000000000008,0.7165858149528503,0.6037490963935852,1.3927265405654907
40,1337,350,310,kl,81.82,1.3599999999999994,0.6665217280387878,0.5111616849899292,0.9297013282775879
40,1337,351,311,kl,81.66,-0.1599999999999966,0.6801899075508118,0.5372682809829712,0.8050248026847839
40,1337,352,312,kl,82.16,0.5,0.46973496675491333,0.42611387372016907,0.8194221258163452
40,1337,353,313,kl,81.44,-0.7199999999999989,0.5468523502349854,0.4901127517223358,1.0085970163345337
40,1337,354,314,kl,81.0,-0.4399999999999977,0.6352732181549072,0.5307715535163879,0.9205684661865234
40,1337,355,315,kl,82.44,1.4399999999999977,0.4753165543079376,0.47979456186294556,1.0209487676620483
40,1337,356,316,kl,80.72,-1.7199999999999989,0.5800392627716064,0.5340356230735779,1.2211012840270996
40,1337,357,317,kl,81.48,0.7600000000000051,0.531470000743866,0.49668723344802856,0.9530709385871887
40,1337,358,318,kl,82.64,1.1599999999999966,0.4201935827732086,0.444002240896225,0.9260643124580383
40,1337,359,319,kl,83.16,0.519999999999996,0.40222758054733276,0.4395526051521301,0.9963972568511963
40,1337,360,320,kl,82.52,-0.6400000000000006,0.3420153260231018,0.43845629692077637,0.8856517672538757
40,1337,361,321,kl,82.38,-0.14000000000000057,0.5881744027137756,0.5291012525558472,1.0438530445098877
40,1337,362,322,kl,81.48,-0.8999999999999915,0.557587206363678,0.49502623081207275,0.994804859161377
40,1337,363,323,kl,82.06,0.5799999999999983,0.4427751302719116,0.460073322057724,0.9505801796913147
40,1337,364,324,kl,82.56,0.5,0.427358478307724,0.4499340057373047,0.8841298222541809
40,1337,365,325,kl,81.44,-1.1200000000000045,0.6272709369659424,0.5400319695472717,1.0851969718933105
40,1337,366,326,kl,82.66,1.2199999999999989,0.6596402525901794,0.5355805158615112,1.0084941387176514
40,1337,367,327,kl,82.0,-0.6599999999999966,0.6023160219192505,0.48391300439834595,0.8180888295173645
40,1337,368,328,kl,82.94,0.9399999999999977,0.44300293922424316,0.47585609555244446,0.9295864105224609
40,1337,369,329,ce,82.02,-0.9200000000000017,0.23201771080493927,0.3657056391239166,1.6512696743011475
40,1337,370,330,kl,83.16,1.1400000000000006,0.5400724411010742,0.48488491773605347,0.8950319290161133
40,1337,371,331,kl,82.16,-1.0,0.5442421436309814,0.5050809979438782,1.046391248703003
40,1337,372,332,kl,80.68,-1.4799999999999898,0.6461286544799805,0.5706383585929871,1.0491303205490112
40,1337,373,333,kl,82.14,1.4599999999999937,0.33901578187942505,0.3920343816280365,0.9201415181159973
40,1337,374,334,kl,82.82,0.6799999999999926,0.3825323283672333,0.4615565836429596,1.139330267906189
40,1337,375,335,kl,82.68,-0.13999999999998636,0.6425938606262207,0.5451238751411438,1.1135770082473755
40,1337,376,336,kl,81.96,-0.7200000000000131,0.6114175915718079,0.49742069840431213,0.8060029745101929
40,1337,377,337,kl,82.56,0.6000000000000085,0.512519121170044,0.46801552176475525,0.8565407395362854
40,1337,378,338,kl,82.8,0.23999999999999488,0.569848895072937,0.4848964810371399,1.0018903017044067
40,1337,379,339,kl,82.86,0.060000000000002274,0.5272657871246338,0.46126997470855713,0.741499662399292
40,1337,380,340,kl,83.5,0.6400000000000006,0.5275067090988159,0.4873460531234741,0.8714053630828857
40,1337,381,341,kl,81.92,-1.5799999999999983,0.5727697014808655,0.5106477737426758,0.8517062664031982
40,1337,382,342,kl,80.64,-1.2800000000000011,0.6762763261795044,0.5852304697036743,1.1501826047897339
40,1337,383,343,kl,82.7,2.0600000000000023,0.572839617729187,0.5238129496574402,0.8420262336730957
40,1337,384,344,kl,81.96,-0.7400000000000091,0.5026228427886963,0.4609183669090271,1.0689595937728882
40,1337,385,345,kl,82.44,0.480000000000004,0.559102475643158,0.4903518259525299,0.9217955470085144
40,1337,386,346,kl,81.4,-1.039999999999992,0.6084312200546265,0.546672523021698,1.0167804956436157
40,1337,387,347,kl,82.16,0.7599999999999909,0.5165656208992004,0.4802019000053406,0.9193024635314941
40,1337,388,348,kl,82.6,0.4399999999999977,0.4352020025253296,0.4344198703765869,0.9159027338027954
40,1337,389,349,kl,83.14,0.5400000000000063,0.3572688400745392,0.41911962628364563,0.8963020443916321
40,1337,390,350,kl,82.4,-0.7399999999999949,0.5760272741317749,0.5115806460380554,0.9944546818733215
40,1337,391,351,kl,80.76,-1.6400000000000006,0.7501446008682251,0.6186329126358032,1.2137532234191895
40,1337,392,352,kl,81.14,0.37999999999999545,0.6495392918586731,0.5181839466094971,0.9930994510650635
40,1337,393,353,kl,82.16,1.019999999999996,0.6520854234695435,0.5521290898323059,1.039063572883606
40,1337,394,354,kl,82.56,0.4000000000000057,0.5692341923713684,0.5296015739440918,0.9942818880081177
40,1337,395,355,kl,83.54,0.980000000000004,0.49723443388938904,0.4483849108219147,0.9257583022117615
40,1337,396,356,kl,82.04,-1.5,0.5544767379760742,0.5257563591003418,0.9856078028678894
40,1337,397,357,kl,82.32,0.2799999999999869,0.6167010068893433,0.4873664081096649,0.9253291487693787
40,1337,398,358,kl,81.9,-0.4199999999999875,0.6097235679626465,0.53338223695755,0.8900445699691772
40,1337,399,359,kl,81.54,-0.35999999999999943,0.5327455997467041,0.4670754075050354,0.9956895709037781
40,1337,400,360,kl,82.86,1.3199999999999932,0.5979136228561401,0.4986726641654968,0.9180094003677368
40,1337,401,361,kl,83.0,0.14000000000000057,0.5891470909118652,0.49515873193740845,0.8621325492858887
40,1337,402,362,kl,82.12,-0.8799999999999955,0.5220404863357544,0.5264124870300293,0.9405902028083801
40,1337,403,363,kl,82.94,0.8199999999999932,0.5558453798294067,0.4681803286075592,1.0248074531555176
40,1337,404,364,kl,81.92,-1.019999999999996,0.3875501751899719,0.40411603450775146,0.8065592050552368
40,1337,405,365,kl,81.38,-0.5400000000000063,0.339304119348526,0.4292127192020416,0.9147905707359314
40,1337,406,366,kl,82.1,0.7199999999999989,0.44759076833724976,0.48175275325775146,1.0171241760253906
40,1337,407,367,kl,82.82,0.7199999999999989,0.5420522689819336,0.45359158515930176,0.9121407270431519
40,1337,408,368,kl,81.3,-1.519999999999996,0.5910021066665649,0.47463342547416687,1.1069077253341675
40,1337,409,369,kl,81.82,0.519999999999996,0.36919859051704407,0.42135804891586304,0.9961991906166077
40,1337,410,370,ce,80.18,-1.6399999999999864,0.3150172829627991,0.4268905818462372,1.7456609010696411
40,1337,411,371,kl,82.9,2.719999999999999,0.538928747177124,0.5091440677642822,0.8830002546310425
40,1337,412,372,kl,81.86,-1.0400000000000063,0.38437724113464355,0.4775131046772003,0.9643288254737854
40,1337,413,373,kl,82.5,0.6400000000000006,0.6863712668418884,0.5511648058891296,1.0813028812408447
40,1337,414,374,kl,82.28,-0.21999999999999886,0.46023476123809814,0.46052226424217224,0.8819811344146729
40,1337,415,375,kl,81.3,-0.980000000000004,0.7004964351654053,0.5587354898452759,1.0256931781768799
40,1337,416,376,kl,82.62,1.3200000000000074,0.5637490749359131,0.4800131022930145,1.0807451009750366
40,1337,417,377,kl,81.4,-1.2199999999999989,0.5792075395584106,0.5043328404426575,1.1168497800827026
40,1337,418,378,kl,82.26,0.8599999999999994,0.4338396191596985,0.4671157896518707,0.9932861328125
40,1337,419,379,kl,82.5,0.23999999999999488,0.555473804473877,0.4800832271575928,0.8275595307350159
40,1337,420,380,kl,82.58,0.0799999999999983,0.593112051486969,0.48296621441841125,0.9165072441101074
40,1337,421,381,kl,83.44,0.8599999999999994,0.5445388555526733,0.5046653151512146,0.9761404395103455
40,1337,422,382,kl,82.94,-0.5,0.44587674736976624,0.46609988808631897,0.9323762059211731
40,1337,423,383,kl,82.76,-0.1799999999999926,0.3930325210094452,0.4684027433395386,0.9308650493621826
40,1337,424,384,kl,82.84,0.0799999999999983,0.5194016098976135,0.48948246240615845,0.796901524066925
40,1337,425,385,kl,81.42,-1.4200000000000017,0.6599832773208618,0.5316739082336426,1.0849443674087524
40,1337,426,386,kl,83.1,1.6799999999999926,0.508132815361023,0.45550695061683655,0.764914333820343
40,1337,427,387,kl,81.36,-1.7399999999999949,0.6754470467567444,0.5929015874862671,1.3137083053588867
40,1337,428,388,kl,82.96,1.5999999999999943,0.5011461973190308,0.45384007692337036,0.8713741302490234
40,1337,429,389,kl,82.14,-0.8199999999999932,0.5235310792922974,0.47255298495292664,0.9794571995735168
40,1337,430,390,kl,81.9,-0.23999999999999488,0.36765536665916443,0.4653720259666443,0.7881203293800354
40,1337,431,391,kl,83.26,1.3599999999999994,0.40727993845939636,0.4563579559326172,0.9620342254638672
40,1337,432,392,kl,82.42,-0.8400000000000034,0.4873783588409424,0.49768540263175964,0.9925908446311951
40,1337,433,393,kl,82.22,-0.20000000000000284,0.5956918597221375,0.5546923279762268,1.1321799755096436
40,1337,434,394,kl,82.3,0.0799999999999983,0.45825111865997314,0.4810034930706024,1.001245379447937
40,1337,435,395,kl,81.3,-1.0,0.6289570331573486,0.571306586265564,1.209206461906433
40,1337,436,396,kl,81.82,0.519999999999996,0.6055028438568115,0.5168436169624329,1.0285550355911255
40,1337,437,397,kl,81.98,0.1600000000000108,0.5514523983001709,0.5008712410926819,0.980540931224823
40,1337,438,398,kl,82.84,0.8599999999999994,0.4596377909183502,0.4645164906978607,0.9298244118690491
40,1337,439,399,kl,83.32,0.47999999999998977,0.5431764721870422,0.49247127771377563,0.9078901410102844
40,1337,440,400,kl,82.86,-0.45999999999999375,0.610483705997467,0.4774904251098633,0.8426211476325989
40,1337,441,401,kl,83.38,0.519999999999996,0.3178872764110565,0.42715319991111755,0.9390461444854736
40,1337,442,402,kl,82.52,-0.8599999999999994,0.5719034075737,0.46635228395462036,0.7739102840423584
40,1337,443,403,kl,82.68,0.1600000000000108,0.5854310989379883,0.4874833822250366,0.9640576243400574
40,1337,444,404,kl,83.0,0.3199999999999932,0.33953696489334106,0.4117698073387146,0.8966162800788879
40,1337,445,405,kl,83.3,0.29999999999999716,0.5052356123924255,0.45883968472480774,0.9181492924690247
40,1337,446,406,kl,82.0,-1.2999999999999972,0.48838379979133606,0.47345662117004395,0.9525929093360901
40,1337,447,407,kl,81.98,-0.01999999999999602,0.5584213137626648,0.46337369084358215,0.8249332904815674
40,1337,448,408,kl,80.24,-1.740000000000009,0.48471784591674805,0.4589678645133972,0.7426773309707642
40,1337,449,409,kl,82.56,2.3200000000000074,0.42084357142448425,0.4425900876522064,0.7890143990516663
40,1337,450,410,kl,80.48,-2.0799999999999983,0.5444409251213074,0.5212795734405518,1.2080963850021362
40,1337,451,411,ce,81.42,0.9399999999999977,0.31608152389526367,0.4491249918937683,1.5171887874603271
40,1337,452,412,kl,85.6,4.179999999999993,0.2540731430053711,0.4007827341556549,0.6044576168060303
40,1337,453,413,kl,85.86,0.2600000000000051,0.2692519724369049,0.3963681161403656,0.6326817274093628
40,1337,454,414,kl,85.9,0.04000000000000625,0.2728933095932007,0.38912898302078247,0.6630253195762634
40,1337,455,415,kl,86.08,0.1799999999999926,0.25473371148109436,0.3913782835006714,0.6297929883003235
40,1337,456,416,kl,86.4,0.3200000000000074,0.2695494592189789,0.3987380266189575,0.5949491262435913
40,1337,457,417,kl,86.24,-0.1600000000000108,0.2205670177936554,0.3891677260398865,0.7416182160377502
40,1337,458,418,kl,86.1,-0.14000000000000057,0.2672734260559082,0.42166537046432495,0.6826061606407166
40,1337,459,419,kl,86.34,0.2400000000000091,0.2944326400756836,0.4234277307987213,0.717379629611969
40,1337,460,420,kl,86.24,-0.10000000000000853,0.3352213501930237,0.4318660795688629,0.7901178002357483
40,1337,461,421,kl,86.2,-0.03999999999999204,0.31413912773132324,0.4235460162162781,0.6935398578643799
40,1337,462,422,kl,85.96,-0.2400000000000091,0.333079069852829,0.4357180595397949,0.7521795630455017
40,1337,463,423,kl,86.44,0.480000000000004,0.31921160221099854,0.44139036536216736,0.7242029309272766
40,1337,464,424,kl,86.22,-0.21999999999999886,0.316925048828125,0.437248170375824,0.7448793053627014
40,1337,465,425,kl,86.26,0.04000000000000625,0.29588475823402405,0.43404802680015564,0.7240017056465149
40,1337,466,426,kl,86.44,0.1799999999999926,0.32128384709358215,0.44707128405570984,0.7614468336105347
40,1337,467,427,kl,86.08,-0.35999999999999943,0.2388952672481537,0.4395250082015991,0.7919805645942688
40,1337,468,428,kl,86.32,0.23999999999999488,0.1925765424966812,0.43022283911705017,0.7662580013275146
40,1337,469,429,kl,86.58,0.2600000000000051,0.3184531331062317,0.4573568105697632,0.8351076245307922
40,1337,470,430,kl,86.92,0.3400000000000034,0.30200254917144775,0.4624119699001312,0.7847415804862976
40,1337,471,431,kl,86.36,-0.5600000000000023,0.37793415784835815,0.49049416184425354,0.7761924862861633
40,1337,472,432,kl,86.4,0.04000000000000625,0.3266739845275879,0.4827282726764679,0.7636064887046814
40,1337,473,433,kl,86.74,0.3399999999999892,0.2269483059644699,0.4611709415912628,0.7221998572349548
40,1337,474,434,kl,86.42,-0.3199999999999932,0.23803839087486267,0.4718664586544037,0.7680028080940247
40,1337,475,435,kl,86.44,0.01999999999999602,0.2895788550376892,0.4813922941684723,0.835627555847168
40,1337,476,436,kl,86.56,0.12000000000000455,0.24805958569049835,0.46789494156837463,0.7928684949874878
40,1337,477,437,kl,86.8,0.23999999999999488,0.24287933111190796,0.4834196865558624,0.8271615505218506
40,1337,478,438,kl,86.32,-0.480000000000004,0.28549453616142273,0.4977668821811676,0.7684288024902344
40,1337,479,439,kl,86.94,0.6200000000000045,0.3137141466140747,0.4817332625389099,0.7648191452026367
40,1337,480,440,kl,86.84,-0.09999999999999432,0.282829225063324,0.5011440515518188,0.787411093711853
40,1337,481,441,kl,86.64,-0.20000000000000284,0.2340724766254425,0.48829329013824463,0.8509767055511475
40,1337,482,442,kl,86.86,0.21999999999999886,0.394001305103302,0.5420241355895996,0.8839771151542664
40,1337,483,443,kl,86.68,-0.1799999999999926,0.31737637519836426,0.5403595566749573,0.8493979573249817
40,1337,484,444,kl,86.8,0.11999999999999034,0.2777935266494751,0.5200099945068359,0.9218514561653137
40,1337,485,445,kl,86.54,-0.2599999999999909,0.2932893633842468,0.5315643548965454,0.9610514640808105
40,1337,486,446,kl,87.02,0.47999999999998977,0.337118536233902,0.5416633486747742,0.9520308375358582
40,1337,487,447,kl,86.52,-0.5,0.2674548625946045,0.5335221886634827,0.8727704882621765
40,1337,488,448,kl,86.86,0.3400000000000034,0.22826430201530457,0.5096035003662109,0.8912554383277893
40,1337,489,449,kl,86.98,0.12000000000000455,0.2891455888748169,0.5285405516624451,0.869297444820404
40,1337,490,450,kl,86.52,-0.46000000000000796,0.3226490914821625,0.5520958304405212,0.9132967591285706
40,1337,491,451,kl,86.7,0.18000000000000682,0.2670072913169861,0.5432297587394714,0.861247181892395
40,1337,492,452,ce,86.06,-0.6400000000000006,0.34438130259513855,0.5819636583328247,1.152923345565796
40,1337,493,453,kl,86.84,0.7800000000000011,0.3181701898574829,0.5573588013648987,1.0770796537399292
40,1337,494,454,kl,86.86,0.01999999999999602,0.32830172777175903,0.5602230429649353,0.9477437138557434
40,1337,495,455,kl,86.16,-0.7000000000000028,0.36821448802948,0.6053133010864258,1.001328945159912
40,1337,496,456,kl,86.7,0.5400000000000063,0.29265403747558594,0.5663703680038452,0.9872030019760132
40,1337,497,457,kl,86.56,-0.14000000000000057,0.3000752329826355,0.5782482624053955,0.9590166211128235
40,1337,498,458,kl,86.56,0.0,0.30707642436027527,0.5756703019142151,0.9653388261795044
40,1337,499,459,kl,86.74,0.1799999999999926,0.3032592535018921,0.5903666019439697,1.0049513578414917
40,1337,500,460,kl,86.7,-0.03999999999999204,0.3642403483390808,0.6031982898712158,1.018156886100769
40,1337,501,461,kl,86.58,-0.12000000000000455,0.31343770027160645,0.5942193865776062,1.07779061794281
40,1337,502,462,kl,86.54,-0.03999999999999204,0.35903504490852356,0.6044893860816956,1.0833266973495483
40,1337,503,463,kl,86.9,0.35999999999999943,0.3219069242477417,0.5931928157806396,0.9731729030609131
40,1337,504,464,kl,86.98,0.0799999999999983,0.3021557033061981,0.6211811304092407,0.9912295937538147
40,1337,505,465,kl,86.94,-0.04000000000000625,0.372419536113739,0.6218590140342712,1.1071372032165527
40,1337,506,466,kl,86.42,-0.519999999999996,0.33156585693359375,0.6148520112037659,1.1265100240707397
40,1337,507,467,kl,86.32,-0.10000000000000853,0.3731520473957062,0.6426358222961426,0.9921992421150208
40,1337,508,468,kl,86.32,0.0,0.4003705680370331,0.640531063079834,1.0279911756515503
40,1337,509,469,kl,86.44,0.12000000000000455,0.36539405584335327,0.6391519904136658,1.113438367843628
40,1337,510,470,kl,86.78,0.3400000000000034,0.3556686043739319,0.6287615299224854,1.0963579416275024
40,1337,511,471,kl,86.18,-0.5999999999999943,0.31539687514305115,0.631402313709259,0.9721606969833374
40,1337,512,472,kl,86.22,0.03999999999999204,0.3497622013092041,0.641785740852356,0.9637169241905212
40,1337,513,473,kl,86.68,0.46000000000000796,0.23104658722877502,0.6091894507408142,1.0485996007919312
40,1337,514,474,kl,86.5,-0.18000000000000682,0.3046186566352844,0.6666911840438843,1.1124342679977417
40,1337,515,475,kl,86.68,0.18000000000000682,0.2189004123210907,0.6081055402755737,1.05326247215271
40,1337,516,476,kl,86.74,0.05999999999998806,0.38428813219070435,0.6938487887382507,1.004725456237793
40,1337,517,477,kl,86.36,-0.37999999999999545,0.38838431239128113,0.6838734149932861,1.0854088068008423
40,1337,518,478,kl,86.56,0.20000000000000284,0.3121250569820404,0.6630241274833679,1.1951769590377808
40,1337,519,479,kl,86.68,0.12000000000000455,0.3257937729358673,0.6444727778434753,1.1302571296691895
40,1337,520,480,kl,86.58,-0.10000000000000853,0.3490283787250519,0.680975615978241,1.112237572669983
40,1337,521,481,kl,86.24,-0.3400000000000034,0.2900213301181793,0.6604534387588501,1.0456124544143677
40,1337,522,482,kl,86.44,0.20000000000000284,0.3036242425441742,0.6621711850166321,1.044825553894043
40,1337,523,483,kl,86.78,0.3400000000000034,0.42317861318588257,0.6767040491104126,1.2507754564285278
40,1337,524,484,kl,86.26,-0.519999999999996,0.46077126264572144,0.7459113597869873,1.314002513885498
40,1337,525,485,kl,86.72,0.45999999999999375,0.4001779556274414,0.7287279963493347,1.184055209159851
40,1337,526,486,kl,86.6,-0.12000000000000455,0.3971472382545471,0.7462049722671509,1.2842795848846436
40,1337,527,487,kl,86.16,-0.4399999999999977,0.4136595129966736,0.7362160682678223,1.2850329875946045
40,1337,528,488,kl,86.64,0.480000000000004,0.342411071062088,0.6898461580276489,1.1220701932907104
40,1337,529,489,kl,86.52,-0.12000000000000455,0.40295347571372986,0.744670569896698,1.442875862121582
40,1337,530,490,kl,86.64,0.12000000000000455,0.355499267578125,0.7256543636322021,1.2853366136550903
40,1337,531,491,kl,86.38,-0.2600000000000051,0.40297070145606995,0.739913821220398,1.2305954694747925
40,1337,532,492,kl,85.84,-0.539999999999992,0.4757201373577118,0.8218843936920166,1.3410470485687256
40,1337,533,493,ce,86.48,0.6400000000000006,0.40372103452682495,0.8033280372619629,1.545093297958374
40,1337,534,494,kl,86.54,0.060000000000002274,0.39743027091026306,0.7670559883117676,1.357682466506958
40,1337,535,495,kl,86.48,-0.060000000000002274,0.41571906208992004,0.7551396489143372,1.235480785369873
40,1337,536,496,kl,86.6,0.11999999999999034,0.3563341498374939,0.7328349947929382,1.3018913269042969
40,1337,537,497,kl,86.3,-0.29999999999999716,0.4089837968349457,0.7501236200332642,1.2026143074035645
40,1337,538,498,kl,86.4,0.10000000000000853,0.38899409770965576,0.7909695506095886,1.2969499826431274
40,1337,539,499,kl,86.92,0.519999999999996,0.33467352390289307,0.7457746863365173,1.1894633769989014
40,1337,540,500,kl,86.36,-0.5600000000000023,0.33281734585762024,0.742476224899292,1.279472827911377
40,1337,541,501,kl,86.42,0.060000000000002274,0.4009783864021301,0.7731984257698059,1.2799075841903687
40,1337,542,502,kl,86.34,-0.0799999999999983,0.34811028838157654,0.751241147518158,1.3053860664367676
40,1337,543,503,kl,86.12,-0.21999999999999886,0.3359048366546631,0.8061283230781555,1.4218190908432007
40,1337,544,504,kl,86.88,0.7599999999999909,0.3664160668849945,0.7598209977149963,1.3747894763946533
40,1337,545,505,kl,85.92,-0.9599999999999937,0.4059737026691437,0.8333730697631836,1.364537239074707
40,1337,546,506,kl,86.12,0.20000000000000284,0.47891029715538025,0.8627761006355286,1.5104135274887085
40,1337,547,507,kl,86.32,0.19999999999998863,0.31989800930023193,0.7606456875801086,1.3846324682235718
40,1337,548,508,kl,85.74,-0.5799999999999983,0.4481322169303894,0.8960064649581909,1.3914179801940918
40,1337,549,509,kl,86.02,0.28000000000000114,0.32790422439575195,0.8414885401725769,1.3293499946594238
40,1337,550,510,kl,86.28,0.2600000000000051,0.33756303787231445,0.8484970927238464,1.2266594171524048
40,1337,551,511,kl,86.54,0.2600000000000051,0.34299302101135254,0.8023477792739868,1.3336673974990845
40,1337,552,512,kl,86.42,-0.12000000000000455,0.44248145818710327,0.8479706645011902,1.2520626783370972
40,1337,553,513,kl,86.56,0.14000000000000057,0.360799640417099,0.8143253922462463,1.1891672611236572
40,1337,554,514,kl,86.4,-0.1599999999999966,0.48023563623428345,0.8579798936843872,1.5167219638824463
40,1337,555,515,kl,86.4,0.0,0.4849189817905426,0.8811587691307068,1.7259430885314941
40,1337,556,516,kl,86.6,0.19999999999998863,0.3196101486682892,0.7661264538764954,1.3708568811416626
40,1337,557,517,kl,86.18,-0.4199999999999875,0.4559187591075897,0.8617123365402222,1.4248758554458618
40,1337,558,518,kl,86.32,0.13999999999998636,0.42922648787498474,0.8708465099334717,1.2283200025558472
40,1337,559,519,kl,86.86,0.5400000000000063,0.3295465111732483,0.7750274538993835,1.3250315189361572
40,1337,560,520,kl,86.3,-0.5600000000000023,0.2424456924200058,0.7901225686073303,1.3519747257232666
40,1337,561,521,kl,86.48,0.18000000000000682,0.30170297622680664,0.8207904100418091,1.4486395120620728
40,1337,562,522,kl,86.68,0.20000000000000284,0.41944363713264465,0.8504113554954529,1.4509581327438354
40,1337,563,523,kl,86.52,-0.1600000000000108,0.48342999815940857,0.8853577375411987,1.6134686470031738
40,1337,564,524,kl,86.12,-0.3999999999999915,0.44045931100845337,0.935141921043396,1.5434743165969849
40,1337,565,525,kl,86.4,0.28000000000000114,0.44496992230415344,0.9207957983016968,1.5722240209579468
40,1337,566,526,kl,86.12,-0.28000000000000114,0.40223145484924316,0.8527549505233765,1.5757213830947876
40,1337,567,527,kl,86.5,0.37999999999999545,0.4674147665500641,0.914262592792511,1.4276480674743652
40,1337,568,528,kl,86.46,-0.04000000000000625,0.519133985042572,0.9268427491188049,1.438820242881775
40,1337,569,529,kl,86.4,-0.05999999999998806,0.3487130403518677,0.8932194709777832,1.4321695566177368
40,1337,570,530,kl,86.24,-0.1600000000000108,0.48608505725860596,0.9205064177513123,1.3913352489471436
40,1337,571,531,kl,85.82,-0.4200000000000017,0.4429433345794678,0.925740122795105,1.3735629320144653
40,1337,572,532,kl,86.02,0.20000000000000284,0.3016263246536255,0.8113976120948792,1.2484445571899414
40,1337,573,533,kl,86.28,0.2600000000000051,0.43659818172454834,0.9053316116333008,1.5790352821350098
40,1337,574,534,ce,85.56,-0.7199999999999989,0.43144166469573975,0.933492124080658,2.059022903442383
40,1337,575,535,kl,86.42,0.8599999999999994,0.3756120800971985,0.8685694336891174,1.4599641561508179
40,1337,576,536,kl,86.58,0.1599999999999966,0.3636874854564667,0.8311629295349121,1.4711225032806396
40,1337,577,537,kl,86.4,-0.1799999999999926,0.33199062943458557,0.8420594334602356,1.4167860746383667
40,1337,578,538,kl,86.5,0.09999999999999432,0.36594659090042114,0.896602988243103,1.5029339790344238
40,1337,579,539,kl,86.2,-0.29999999999999716,0.4299035668373108,0.9181722402572632,1.447414755821228
40,1337,580,540,kl,86.56,0.35999999999999943,0.4885389804840088,0.9622927308082581,1.6145976781845093
40,1337,581,541,kl,86.32,-0.2400000000000091,0.36317160725593567,0.8807849287986755,1.4925159215927124
40,1337,582,542,kl,86.22,-0.09999999999999432,0.42694008350372314,0.8789769411087036,1.548912525177002
40,1337,583,543,kl,85.98,-0.23999999999999488,0.5198692083358765,0.9576336741447449,1.667375922203064
40,1337,584,544,kl,86.36,0.37999999999999545,0.31255269050598145,0.8717795014381409,1.3559913635253906
40,1337,585,545,kl,86.68,0.3200000000000074,0.41705718636512756,0.9224409461021423,1.4882428646087646
40,1337,586,546,kl,86.6,-0.0800000000000125,0.4466581344604492,0.9128302335739136,1.4585840702056885
40,1337,587,547,kl,86.3,-0.29999999999999716,0.2705236077308655,0.858478307723999,1.4708541631698608
40,1337,588,548,kl,86.06,-0.23999999999999488,0.4912170469760895,0.9796090722084045,1.6471281051635742
40,1337,589,549,kl,86.22,0.1599999999999966,0.4366759955883026,0.9335402846336365,1.6298205852508545
40,1337,590,550,kl,86.38,0.1599999999999966,0.40047430992126465,0.9420055747032166,1.4181904792785645
40,1337,591,551,kl,86.44,0.060000000000002274,0.2881678342819214,0.8795595169067383,1.4618252515792847
40,1337,592,552,kl,85.84,-0.5999999999999943,0.34243446588516235,0.8943319916725159,1.4048714637756348
40,1337,593,553,kl,86.34,0.5,0.3871775269508362,0.8981525897979736,1.5522958040237427
40,1337,594,554,kl,86.7,0.35999999999999943,0.3897892236709595,0.8927698135375977,1.5463314056396484
40,1337,595,555,kl,85.78,-0.9200000000000017,0.44417551159858704,0.9853575229644775,1.8440406322479248
40,1337,596,556,kl,85.98,0.20000000000000284,0.4390827417373657,0.9484638571739197,1.6253348588943481
40,1337,597,557,kl,85.92,-0.060000000000002274,0.4048701226711273,0.8961359858512878,1.5431689023971558
40,1337,598,558,kl,86.24,0.3199999999999932,0.4112853407859802,0.9199829697608948,1.6859594583511353
40,1337,599,559,kl,86.7,0.46000000000000796,0.3320293724536896,0.8660658001899719,1.5226160287857056
40,1337,600,560,kl,86.18,-0.519999999999996,0.400270938873291,0.9377692937850952,1.6411024332046509
40,1337,601,561,kl,86.02,-0.1600000000000108,0.41840481758117676,0.9941738247871399,1.7064570188522339
40,1337,602,562,kl,86.74,0.7199999999999989,0.4556492865085602,0.9679309725761414,1.8877917528152466
40,1337,603,563,kl,86.2,-0.539999999999992,0.47031134366989136,1.0045297145843506,1.678835153579712
40,1337,604,564,kl,86.48,0.28000000000000114,0.36636701226234436,0.8885499238967896,1.567068099975586
40,1337,605,565,kl,86.42,-0.060000000000002274,0.420267254114151,0.9490268230438232,1.640708565711975
40,1337,606,566,kl,86.4,-0.01999999999999602,0.47680729627609253,1.0249278545379639,1.768674373626709
40,1337,607,567,kl,86.34,-0.060000000000002274,0.5153878331184387,1.0017368793487549,1.6866936683654785
40,1337,608,568,kl,86.34,0.0,0.48284342885017395,1.009354829788208,1.7791273593902588
40,1337,609,569,kl,86.32,-0.020000000000010232,0.43698298931121826,0.9609373807907104,1.5637818574905396
40,1337,610,570,kl,86.4,0.0800000000000125,0.487758070230484,0.9718562364578247,1.590802550315857
40,1337,611,571,kl,85.98,-0.4200000000000017,0.38239213824272156,0.9166747331619263,1.6415226459503174
40,1337,612,572,kl,85.9,-0.0799999999999983,0.39831095933914185,0.9660015106201172,1.4720202684402466
40,1337,613,573,kl,86.06,0.1599999999999966,0.4504530727863312,0.9743472337722778,1.8160815238952637
40,1337,614,574,kl,86.1,0.03999999999999204,0.30134034156799316,0.9095510244369507,1.4339780807495117
40,1337,615,575,ce,85.58,-0.519999999999996,0.3765578866004944,0.8807867169380188,2.3071277141571045
40,1337,616,576,kl,86.48,0.9000000000000057,0.5344168543815613,1.0040547847747803,1.6893113851547241
40,1337,617,577,kl,86.5,0.01999999999999602,0.37977832555770874,0.9103843569755554,1.4427794218063354
40,1337,618,578,kl,86.4,-0.09999999999999432,0.39760255813598633,0.9437653422355652,1.59151291847229
40,1337,619,579,kl,86.24,-0.1600000000000108,0.3842039704322815,0.9701180458068848,1.6378449201583862
40,1337,620,580,kl,86.58,0.3400000000000034,0.42482176423072815,0.9656054377555847,1.7464245557785034
40,1337,621,581,kl,85.9,-0.6799999999999926,0.37507152557373047,0.9218602180480957,1.4067977666854858
40,1337,622,582,kl,86.24,0.3399999999999892,0.4432094693183899,0.9933831095695496,1.7786681652069092
40,1337,623,583,kl,85.88,-0.35999999999999943,0.3558756709098816,0.8821024298667908,1.768012285232544
40,1337,624,584,kl,86.06,0.18000000000000682,0.35417893528938293,0.9528629183769226,1.4795000553131104
40,1337,625,585,kl,86.14,0.0799999999999983,0.4814035892486572,1.0033838748931885,1.645581841468811
40,1337,626,586,kl,85.9,-0.23999999999999488,0.2661835551261902,0.9101777076721191,1.5676240921020508
40,1337,627,587,kl,85.8,-0.10000000000000853,0.40529191493988037,0.9904016256332397,1.6363732814788818
40,1337,628,588,kl,86.44,0.6400000000000006,0.3915870785713196,0.9602828621864319,1.7092528343200684
40,1337,629,589,kl,86.0,-0.4399999999999977,0.3585667014122009,0.9692636728286743,1.5675078630447388
40,1337,630,590,kl,86.12,0.12000000000000455,0.42372483015060425,0.9753018617630005,1.590741515159607
40,1337,631,591,kl,86.3,0.1799999999999926,0.39471590518951416,0.972310483455658,1.5169681310653687
40,1337,632,592,kl,85.98,-0.3199999999999932,0.3886183202266693,1.003536581993103,1.6820255517959595
40,1337,633,593,kl,85.7,-0.28000000000000114,0.28652098774909973,0.9381194710731506,1.4453407526016235
40,1337,634,594,kl,86.64,0.9399999999999977,0.39055129885673523,0.9676015377044678,1.6668939590454102
40,1337,635,595,kl,86.42,-0.21999999999999886,0.43830186128616333,0.9986144304275513,1.7307652235031128
40,1337,636,596,kl,86.32,-0.10000000000000853,0.4160282611846924,0.9474982023239136,1.641892910003662
40,1337,637,597,kl,86.5,0.18000000000000682,0.32666850090026855,0.9455974102020264,1.5592530965805054
40,1337,638,598,kl,86.28,-0.21999999999999886,0.31438374519348145,0.9286682605743408,1.5332379341125488
40,1337,639,599,kl,86.66,0.37999999999999545,0.3935810327529907,0.9759567975997925,1.8300725221633911
40,1337,640,600,kl,86.62,-0.03999999999999204,0.46050918102264404,1.0137137174606323,1.7502872943878174
40,1337,641,601,kl,86.22,-0.4000000000000057,0.3851426839828491,0.9736751914024353,1.9499776363372803
40,1337,642,602,kl,85.94,-0.28000000000000114,0.3095589876174927,0.8985065221786499,1.453379511833191
40,1337,643,603,kl,86.08,0.14000000000000057,0.29279786348342896,0.9004397392272949,1.6018280982971191
40,1337,644,604,kl,85.9,-0.1799999999999926,0.5076645612716675,1.1457175016403198,1.9653170108795166
40,1337,645,605,kl,86.6,0.6999999999999886,0.3954579532146454,0.9581025838851929,1.6382575035095215
40,1337,646,606,kl,85.96,-0.6400000000000006,0.3775869309902191,0.9826917052268982,1.469180703163147
40,1337,647,607,kl,86.36,0.4000000000000057,0.44336140155792236,1.0056027173995972,1.641597032546997
40,1337,648,608,kl,86.04,-0.3199999999999932,0.42655104398727417,1.010893702507019,1.621031403541565
40,1337,649,609,kl,86.64,0.5999999999999943,0.3719385862350464,0.9373478293418884,1.7788078784942627
40,1337,650,610,kl,85.56,-1.0799999999999983,0.4887099266052246,1.0332305431365967,1.673072338104248
40,1337,651,611,kl,85.28,-0.28000000000000114,0.5530438423156738,1.0765457153320312,1.9548043012619019
40,1337,652,612,kl,86.24,0.9599999999999937,0.34061336517333984,0.9568584561347961,1.6587022542953491
40,1337,653,613,kl,85.92,-0.3199999999999932,0.5221878290176392,1.0815582275390625,1.7946069240570068
40,1337,654,614,kl,85.92,0.0,0.41320687532424927,0.9716142416000366,1.3958740234375
40,1337,655,615,kl,86.52,0.5999999999999943,0.36620432138442993,0.9710251688957214,1.788832187652588
40,1337,656,616,ce,85.54,-0.9799999999999898,0.330543577671051,0.9203609228134155,2.055034875869751
40,1337,657,617,kl,86.74,1.1999999999999886,0.32971590757369995,0.9185229539871216,1.5136916637420654
40,1337,658,618,kl,86.72,-0.01999999999999602,0.34313884377479553,0.9120807647705078,1.5779086351394653
40,1337,659,619,kl,86.9,0.18000000000000682,0.34759286046028137,0.9113202095031738,1.576328158378601
40,1337,660,620,kl,87.1,0.19999999999998863,0.3580910861492157,0.9116250276565552,1.594731330871582
40,1337,661,621,kl,86.9,-0.19999999999998863,0.332667738199234,0.9079747200012207,1.5575790405273438
40,1337,662,622,kl,86.72,-0.18000000000000682,0.34623461961746216,0.904093325138092,1.5394405126571655
40,1337,663,623,kl,86.78,0.060000000000002274,0.34161576628685,0.9171906113624573,1.563661813735962
40,1337,664,624,kl,87.06,0.28000000000000114,0.3409115672111511,0.915605366230011,1.5985666513442993
40,1337,665,625,kl,86.84,-0.21999999999999886,0.31824392080307007,0.9153605699539185,1.600430965423584
40,1337,666,626,kl,86.84,0.0,0.3365449905395508,0.9224295020103455,1.612619161605835
40,1337,667,627,kl,86.88,0.03999999999999204,0.3494654893875122,0.9314997792243958,1.6097201108932495
40,1337,668,628,kl,86.8,-0.0799999999999983,0.34963130950927734,0.9292868971824646,1.588370442390442
40,1337,669,629,kl,86.88,0.0799999999999983,0.32820239663124084,0.912161648273468,1.56693434715271
40,1337,670,630,kl,86.82,-0.060000000000002274,0.3109769821166992,0.9163016080856323,1.555940866470337
40,1337,671,631,kl,86.98,0.1600000000000108,0.362669438123703,0.9508451223373413,1.6454108953475952
40,1337,672,632,kl,86.78,-0.20000000000000284,0.35656091570854187,0.9491751790046692,1.6538604497909546
40,1337,673,633,kl,87.04,0.2600000000000051,0.3315717279911041,0.9319519400596619,1.5898884534835815
40,1337,674,634,kl,86.76,-0.28000000000000114,0.3576357066631317,0.9530081152915955,1.6415208578109741
40,1337,675,635,kl,87.24,0.47999999999998977,0.3306461572647095,0.9334851503372192,1.6301475763320923
40,1337,676,636,kl,86.66,-0.5799999999999983,0.34545761346817017,0.9495784044265747,1.664750337600708
40,1337,677,637,kl,86.56,-0.09999999999999432,0.330179363489151,0.9461439251899719,1.6262924671173096
40,1337,678,638,kl,86.78,0.21999999999999886,0.3351927399635315,0.9355190396308899,1.6608541011810303
40,1337,679,639,kl,86.94,0.1599999999999966,0.3805427551269531,0.9822604656219482,1.7175030708312988
40,1337,680,640,kl,87.0,0.060000000000002274,0.3315486013889313,0.9535694718360901,1.7146965265274048
40,1337,681,641,kl,86.68,-0.3199999999999932,0.3542662560939789,0.961997926235199,1.695257306098938
40,1337,682,642,kl,86.78,0.09999999999999432,0.32204198837280273,0.9598957300186157,1.64713454246521
40,1337,683,643,kl,86.78,0.0,0.32569196820259094,0.9589952230453491,1.6227296590805054
40,1337,684,644,kl,87.16,0.37999999999999545,0.35482057929039,0.9770556688308716,1.6824324131011963
40,1337,685,645,kl,86.96,-0.20000000000000284,0.3300323784351349,0.9605545401573181,1.6591126918792725
40,1337,686,646,kl,87.1,0.14000000000000057,0.35406017303466797,0.9779905676841736,1.6826642751693726
40,1337,687,647,kl,87.32,0.21999999999999886,0.3223474323749542,0.9617652297019958,1.649466633796692
40,1337,688,648,kl,87.18,-0.13999999999998636,0.32298946380615234,0.9672459363937378,1.7185477018356323
40,1337,689,649,kl,86.94,-0.2400000000000091,0.29638028144836426,0.9542875289916992,1.591428279876709
40,1337,690,650,kl,87.06,0.12000000000000455,0.33128049969673157,0.9706003665924072,1.6864073276519775
40,1337,691,651,kl,87.16,0.09999999999999432,0.35993680357933044,0.994880735874176,1.723293423652649
40,1337,692,652,kl,87.0,-0.1599999999999966,0.35552817583084106,0.9828585386276245,1.6931028366088867
40,1337,693,653,kl,86.76,-0.23999999999999488,0.29229289293289185,0.9414313435554504,1.7026749849319458
40,1337,694,654,kl,87.0,0.23999999999999488,0.31092602014541626,0.9716124534606934,1.701095461845398
40,1337,695,655,kl,86.96,-0.04000000000000625,0.31173938512802124,0.967914879322052,1.6964465379714966
40,1337,696,656,kl,87.08,0.12000000000000455,0.2819404900074005,0.9552955031394958,1.6633644104003906
40,1337,697,657,ce,87.32,0.23999999999999488,0.3732815384864807,1.0255461931228638,2.0338451862335205
40,1337,698,658,kl,86.9,-0.4199999999999875,0.3105970621109009,0.9743822813034058,1.6887714862823486
40,1337,699,659,kl,86.94,0.03999999999999204,0.36162543296813965,1.0084352493286133,1.7744592428207397
40,1337,700,660,kl,86.82,-0.12000000000000455,0.31283849477767944,0.9755730628967285,1.7172852754592896
40,1337,701,661,kl,87.04,0.22000000000001307,0.33062440156936646,0.9730742573738098,1.7888846397399902
40,1337,702,662,kl,86.9,-0.14000000000000057,0.32617390155792236,0.9671748280525208,1.7565433979034424
40,1337,703,663,kl,86.92,0.01999999999999602,0.34889423847198486,0.9895949959754944,1.7804338932037354
40,1337,704,664,kl,87.06,0.14000000000000057,0.33612334728240967,0.9885508418083191,1.7356051206588745
40,1337,705,665,kl,86.92,-0.14000000000000057,0.3557041883468628,1.0152345895767212,1.7573814392089844
40,1337,706,666,kl,86.86,-0.060000000000002274,0.3492254912853241,1.0027368068695068,1.697332501411438
40,1337,707,667,kl,86.96,0.09999999999999432,0.35086289048194885,1.0121183395385742,1.7854537963867188
40,1337,708,668,kl,87.1,0.14000000000000057,0.3249199390411377,0.9824457764625549,1.7572399377822876
40,1337,709,669,kl,86.96,-0.14000000000000057,0.3842582106590271,1.0263603925704956,1.889662742614746
40,1337,710,670,kl,87.16,0.20000000000000284,0.32984620332717896,0.9978896975517273,1.7639871835708618
40,1337,711,671,kl,87.1,-0.060000000000002274,0.3538765609264374,0.9979750514030457,1.8382660150527954
40,1337,712,672,kl,87.1,0.0,0.3386583626270294,0.9962885975837708,1.7704707384109497
40,1337,713,673,kl,86.96,-0.14000000000000057,0.36670976877212524,0.9998152852058411,1.8855513334274292
40,1337,714,674,kl,86.9,-0.05999999999998806,0.3175957202911377,0.9776363968849182,1.7286674976348877
40,1337,715,675,kl,87.02,0.11999999999999034,0.3158332109451294,0.9955790638923645,1.7616207599639893
40,1337,716,676,kl,87.0,-0.01999999999999602,0.3252711892127991,0.9986813068389893,1.7679396867752075
40,1337,717,677,kl,87.04,0.04000000000000625,0.3115653991699219,0.9824188947677612,1.8185763359069824
40,1337,718,678,kl,86.94,-0.10000000000000853,0.34735462069511414,1.016383409500122,1.8582260608673096
40,1337,719,679,kl,86.8,-0.14000000000000057,0.33603984117507935,1.0082980394363403,1.7796854972839355
40,1337,720,680,kl,87.14,0.3400000000000034,0.3281494677066803,1.0147294998168945,1.7876348495483398
40,1337,721,681,kl,87.2,0.060000000000002274,0.3369830250740051,1.0177416801452637,1.8797056674957275
40,1337,722,682,kl,87.06,-0.14000000000000057,0.3202185034751892,1.0094993114471436,1.8087157011032104
40,1337,723,683,kl,86.94,-0.12000000000000455,0.32523322105407715,1.0175831317901611,1.7785203456878662
40,1337,724,684,kl,86.92,-0.01999999999999602,0.35413047671318054,1.0486823320388794,1.8547027111053467
40,1337,725,685,kl,86.96,0.03999999999999204,0.36122071743011475,1.0577250719070435,1.8793574571609497
40,1337,726,686,kl,87.16,0.20000000000000284,0.34561887383461,1.0343281030654907,1.8622289896011353
40,1337,727,687,kl,86.88,-0.28000000000000114,0.313647985458374,1.0211225748062134,1.8284821510314941
40,1337,728,688,kl,86.96,0.0799999999999983,0.37933534383773804,1.0737745761871338,1.9091079235076904
40,1337,729,689,kl,86.98,0.020000000000010232,0.3479650020599365,1.0581932067871094,1.7642675638198853
40,1337,730,690,kl,86.9,-0.0799999999999983,0.34764617681503296,1.035693883895874,1.868612289428711
40,1337,731,691,kl,87.16,0.2599999999999909,0.3363797664642334,1.053049921989441,1.8588186502456665
40,1337,732,692,kl,86.58,-0.5799999999999983,0.3475945293903351,1.0492632389068604,1.8948837518692017
40,1337,733,693,kl,86.78,0.20000000000000284,0.3485136032104492,1.0461044311523438,1.9181262254714966
40,1337,734,694,kl,86.78,0.0,0.30451700091362,1.01924467086792,1.8326892852783203
40,1337,735,695,kl,86.74,-0.04000000000000625,0.3697206377983093,1.0784720182418823,1.9354922771453857
40,1337,736,696,kl,87.04,0.30000000000001137,0.34813767671585083,1.0546761751174927,1.8731377124786377
40,1337,737,697,kl,86.96,-0.0800000000000125,0.36236149072647095,1.0599687099456787,1.9400211572647095
40,1337,738,698,ce,86.96,0.0,0.45374345779418945,1.2086538076400757,2.4615044593811035
40,1337,739,699,kl,86.84,-0.11999999999999034,0.35109615325927734,1.084475040435791,1.923781394958496
40,1337,740,700,kl,87.02,0.1799999999999926,0.3596074879169464,1.0896438360214233,1.9901652336120605
40,1337,741,701,kl,86.78,-0.23999999999999488,0.3431171178817749,1.0685757398605347,1.9009870290756226
40,1337,742,702,kl,86.9,0.12000000000000455,0.3461872339248657,1.0575608015060425,1.935220718383789
40,1337,743,703,kl,86.94,0.03999999999999204,0.32792574167251587,1.0525321960449219,1.857975721359253
40,1337,744,704,kl,86.74,-0.20000000000000284,0.2959159016609192,1.0410560369491577,1.7873591184616089
40,1337,745,705,kl,86.86,0.12000000000000455,0.3389706313610077,1.0652250051498413,1.8835960626602173
40,1337,746,706,kl,86.9,0.04000000000000625,0.32639455795288086,1.059984564781189,1.9212596416473389
40,1337,747,707,kl,86.8,-0.10000000000000853,0.3244882822036743,1.0616761445999146,2.0258259773254395
40,1337,748,708,kl,86.64,-0.1599999999999966,0.35935744643211365,1.090880036354065,1.9985600709915161
40,1337,749,709,kl,86.92,0.28000000000000114,0.3339976370334625,1.0845508575439453,1.984439492225647
40,1337,750,710,kl,86.62,-0.29999999999999716,0.3354393541812897,1.0873889923095703,1.9228140115737915
40,1337,751,711,kl,86.84,0.21999999999999886,0.34995996952056885,1.0949393510818481,2.05918025970459
40,1337,752,712,kl,87.1,0.2599999999999909,0.3074337840080261,1.0626169443130493,1.9894448518753052
40,1337,753,713,kl,86.96,-0.14000000000000057,0.32770246267318726,1.0635764598846436,1.9735080003738403
40,1337,754,714,kl,87.06,0.10000000000000853,0.35307326912879944,1.0777448415756226,2.001326084136963
40,1337,755,715,kl,86.86,-0.20000000000000284,0.337615430355072,1.0805925130844116,1.9273322820663452
40,1337,756,716,kl,86.9,0.04000000000000625,0.34186863899230957,1.0824846029281616,1.9490501880645752
40,1337,757,717,kl,87.04,0.14000000000000057,0.3385646343231201,1.0811959505081177,1.924173355102539
40,1337,758,718,kl,86.94,-0.10000000000000853,0.3596501350402832,1.0845882892608643,1.9962962865829468
40,1337,759,719,kl,87.06,0.12000000000000455,0.3450091779232025,1.089713454246521,1.9107073545455933
40,1337,760,720,kl,86.84,-0.21999999999999886,0.3562030792236328,1.1074572801589966,2.0046730041503906
40,1337,761,721,kl,86.96,0.11999999999999034,0.34544146060943604,1.0815614461898804,1.969372034072876
40,1337,762,722,kl,86.96,0.0,0.34985798597335815,1.104264736175537,2.0181219577789307
40,1337,763,723,kl,86.96,0.0,0.3217255175113678,1.1072180271148682,1.9522985219955444
40,1337,764,724,kl,87.08,0.12000000000000455,0.35104215145111084,1.1184463500976562,2.0297398567199707
40,1337,765,725,kl,86.72,-0.35999999999999943,0.3481830358505249,1.1035288572311401,1.9722942113876343
40,1337,766,726,kl,86.9,0.18000000000000682,0.34287089109420776,1.1045355796813965,1.9868896007537842
40,1337,767,727,kl,87.16,0.2599999999999909,0.3186866044998169,1.0802152156829834,2.002856492996216
40,1337,768,728,kl,86.96,-0.20000000000000284,0.33234044909477234,1.1028130054473877,1.922755479812622
40,1337,769,729,kl,87.1,0.14000000000000057,0.37059536576271057,1.1362605094909668,2.0526742935180664
40,1337,770,730,kl,86.9,-0.19999999999998863,0.36870622634887695,1.1480318307876587,2.111520767211914
40,1337,771,731,kl,87.12,0.21999999999999886,0.3560413718223572,1.1404515504837036,2.0266661643981934
40,1337,772,732,kl,86.88,-0.2400000000000091,0.39272451400756836,1.1662949323654175,2.112922191619873
40,1337,773,733,kl,86.7,-0.1799999999999926,0.37007591128349304,1.156339406967163,2.006319522857666
40,1337,774,734,kl,86.66,-0.04000000000000625,0.3497762382030487,1.1310006380081177,2.006964921951294
40,1337,775,735,kl,86.9,0.2400000000000091,0.384705126285553,1.1708004474639893,2.004920482635498
40,1337,776,736,kl,86.86,-0.04000000000000625,0.385662704706192,1.158485770225525,2.1066172122955322
40,1337,777,737,kl,87.04,0.18000000000000682,0.36801761388778687,1.1493362188339233,2.0442733764648438
40,1337,778,738,kl,86.84,-0.20000000000000284,0.3796957731246948,1.1485086679458618,2.0482962131500244
40,1337,779,739,ce,86.78,-0.060000000000002274,0.47013193368911743,1.28921639919281,2.5177042484283447
40,1337,780,740,kl,86.84,0.060000000000002274,0.35999107360839844,1.1366658210754395,2.1143710613250732
40,1337,781,741,kl,86.98,0.14000000000000057,0.36161190271377563,1.1407697200775146,2.1119284629821777
40,1337,782,742,kl,86.88,-0.10000000000000853,0.33360761404037476,1.1186089515686035,2.025484561920166
40,1337,783,743,kl,86.7,-0.1799999999999926,0.3556063175201416,1.1553640365600586,2.058670997619629
40,1337,784,744,kl,86.94,0.23999999999999488,0.31317004561424255,1.1087538003921509,2.0563933849334717
40,1337,785,745,kl,86.78,-0.1599999999999966,0.336409330368042,1.1401594877243042,2.0646753311157227
40,1337,786,746,kl,86.86,0.0799999999999983,0.32035085558891296,1.1230411529541016,2.1614232063293457
40,1337,787,747,kl,86.9,0.04000000000000625,0.29807159304618835,1.1108129024505615,2.012632369995117
40,1337,788,748,kl,86.74,-0.1600000000000108,0.2980716824531555,1.1128325462341309,2.084526300430298
40,1337,789,749,kl,87.18,0.44000000000001194,0.3414030075073242,1.1434499025344849,2.12265682220459
40,1337,790,750,kl,86.82,-0.36000000000001364,0.3614880442619324,1.1706511974334717,2.1882638931274414
40,1337,791,751,kl,86.66,-0.1599999999999966,0.33183690905570984,1.1235246658325195,2.0536370277404785
40,1337,792,752,kl,86.72,0.060000000000002274,0.34811586141586304,1.1509333848953247,2.196319341659546
40,1337,793,753,kl,86.86,0.14000000000000057,0.36164698004722595,1.165136456489563,2.119664192199707
40,1337,794,754,kl,86.68,-0.1799999999999926,0.3297155499458313,1.1477651596069336,2.104853630065918
40,1337,795,755,kl,86.72,0.03999999999999204,0.3452341556549072,1.172415852546692,2.2104291915893555
40,1337,796,756,kl,86.68,-0.03999999999999204,0.3405607342720032,1.1459184885025024,2.08707857131958
40,1337,797,757,kl,86.72,0.03999999999999204,0.3404816687107086,1.1622353792190552,2.1602630615234375
40,1337,798,758,kl,86.74,0.01999999999999602,0.31125330924987793,1.1496237516403198,2.1705687046051025
40,1337,799,759,kl,86.82,0.0799999999999983,0.3277660012245178,1.1504813432693481,2.1760847568511963
40,1337,800,760,kl,86.88,0.060000000000002274,0.3426322340965271,1.1599369049072266,2.0932607650756836
40,1337,801,761,kl,86.9,0.020000000000010232,0.36772921681404114,1.1813045740127563,2.182166814804077
40,1337,802,762,kl,86.8,-0.10000000000000853,0.35285621881484985,1.1712684631347656,2.2169370651245117
40,1337,803,763,kl,86.86,0.060000000000002274,0.34907442331314087,1.1711291074752808,2.1909801959991455
40,1337,804,764,kl,86.74,-0.12000000000000455,0.373971164226532,1.1891790628433228,2.258240222930908
40,1337,805,765,kl,86.7,-0.03999999999999204,0.3404831886291504,1.1813474893569946,2.148190975189209
40,1337,806,766,kl,86.92,0.21999999999999886,0.36037319898605347,1.1802318096160889,2.3337559700012207
40,1337,807,767,kl,86.78,-0.14000000000000057,0.3397985100746155,1.1774898767471313,2.2123656272888184
40,1337,808,768,kl,86.74,-0.04000000000000625,0.3059685230255127,1.139854907989502,2.179314374923706
40,1337,809,769,kl,86.94,0.20000000000000284,0.3625170588493347,1.163644552230835,2.140408515930176
40,1337,810,770,kl,86.8,-0.14000000000000057,0.34918859601020813,1.162876844406128,2.190347909927368
40,1337,811,771,kl,86.8,0.0,0.35938113927841187,1.195472002029419,2.203801393508911
40,1337,812,772,kl,86.9,0.10000000000000853,0.32091033458709717,1.1597284078598022,2.0488088130950928
40,1337,813,773,kl,86.54,-0.35999999999999943,0.4003101885318756,1.2348626852035522,2.302976131439209
40,1337,814,774,kl,86.88,0.3399999999999892,0.31102824211120605,1.1461055278778076,2.143402338027954
40,1337,815,775,kl,86.82,-0.060000000000002274,0.3475138545036316,1.1947758197784424,2.1850664615631104
40,1337,816,776,kl,86.64,-0.1799999999999926,0.31656140089035034,1.1645232439041138,2.176673173904419
40,1337,817,777,kl,86.8,0.1599999999999966,0.3522023558616638,1.184395432472229,2.183530569076538
40,1337,818,778,kl,86.6,-0.20000000000000284,0.34332162141799927,1.1840720176696777,2.136141777038574
40,1337,819,779,kl,86.88,0.28000000000000114,0.32579731941223145,1.1576437950134277,2.1231563091278076
40,1337,820,780,ce,86.9,0.020000000000010232,0.48032182455062866,1.370172142982483,2.626176118850708
40,42,1,-39,kl,34.46,25.04,0.6687896251678467,1.0038710832595825,1.3627456426620483
40,42,2,-38,kl,48.82,14.36,0.632181704044342,0.6728265285491943,1.1822742223739624
40,42,3,-37,kl,51.92,3.1000000000000014,0.2867654263973236,0.5274187922477722,1.4177672863006592
40,42,4,-36,kl,60.56,8.64,0.5899580121040344,0.5655304789543152,1.3305251598358154
40,42,5,-35,kl,67.3,6.739999999999995,0.41566020250320435,0.4851645529270172,1.1536452770233154
40,42,6,-34,kl,69.68,2.3800000000000097,0.6253966093063354,0.5148114562034607,1.048170566558838
40,42,7,-33,kl,69.2,-0.480000000000004,0.5392330288887024,0.5087290406227112,1.0736106634140015
40,42,8,-32,kl,72.56,3.3599999999999994,0.3942795991897583,0.43015533685684204,1.0427221059799194
40,42,9,-31,kl,72.96,0.3999999999999915,0.6864447593688965,0.5134488940238953,1.0572832822799683
40,42,10,-30,kl,75.3,2.3400000000000034,0.6618547439575195,0.48985618352890015,1.0703048706054688
40,42,11,-29,kl,76.52,1.2199999999999989,0.41341283917427063,0.38971325755119324,0.7747809886932373
40,42,12,-28,kl,75.6,-0.9200000000000017,0.5209949016571045,0.5260429978370667,1.2101539373397827
40,42,13,-27,kl,77.42,1.8200000000000074,0.5224659442901611,0.453568696975708,0.9836591482162476
40,42,14,-26,kl,77.24,-0.18000000000000682,0.47806552052497864,0.44262439012527466,0.754249095916748
40,42,15,-25,kl,78.08,0.8400000000000034,0.6506167650222778,0.5842506885528564,1.1688814163208008
40,42,16,-24,kl,77.32,-0.7600000000000051,0.4041104316711426,0.4510308504104614,1.0775563716888428
40,42,17,-23,kl,77.16,-0.1599999999999966,0.43018490076065063,0.49622902274131775,1.065908432006836
40,42,18,-22,kl,78.64,1.480000000000004,0.5600941181182861,0.4582681655883789,0.9135755896568298
40,42,19,-21,kl,78.94,0.29999999999999716,0.41391831636428833,0.47433674335479736,1.0875158309936523
40,42,20,-20,kl,78.42,-0.519999999999996,0.6232045888900757,0.539836049079895,1.092128038406372
40,42,21,-19,kl,79.54,1.1200000000000045,0.6253385543823242,0.4701688587665558,0.8541264533996582
40,42,22,-18,kl,80.06,0.519999999999996,0.3648017644882202,0.46037808060646057,1.1077791452407837
40,42,23,-17,kl,79.58,-0.480000000000004,0.538641631603241,0.46945950388908386,0.7964226007461548
40,42,24,-16,kl,79.82,0.23999999999999488,0.41414836049079895,0.4315478205680847,0.8184654116630554
40,42,25,-15,kl,80.74,0.9200000000000017,0.5146930813789368,0.42055973410606384,0.7246937155723572
40,42,26,-14,kl,78.92,-1.8199999999999932,0.5038689374923706,0.48186179995536804,1.0516294240951538
40,42,27,-13,kl,80.16,1.2399999999999949,0.48609501123428345,0.4567015767097473,1.1430600881576538
40,42,28,-12,kl,78.66,-1.5,0.4786543548107147,0.4903142750263214,1.1316800117492676
40,42,29,-11,kl,80.24,1.5799999999999983,0.5617088079452515,0.4949607253074646,1.1144585609436035
40,42,30,-10,kl,79.58,-0.6599999999999966,0.48982468247413635,0.510084331035614,1.28868567943573
40,42,31,-9,kl,81.22,1.6400000000000006,0.589779794216156,0.49816274642944336,0.91323322057724
40,42,32,-8,kl,81.6,0.37999999999999545,0.6617336273193359,0.49616292119026184,0.8437589406967163
40,42,33,-7,kl,79.7,-1.8999999999999915,0.4958428740501404,0.4783456027507782,1.055008053779602
40,42,34,-6,kl,80.16,0.45999999999999375,0.5325506329536438,0.48906195163726807,0.9612221717834473
40,42,35,-5,kl,79.22,-0.9399999999999977,0.4647682309150696,0.49176347255706787,1.0735337734222412
40,42,36,-4,kl,81.14,1.9200000000000017,0.41914400458335876,0.49955689907073975,1.089263916015625
40,42,37,-3,kl,81.82,0.6799999999999926,0.5952762365341187,0.5168383717536926,1.0393381118774414
40,42,38,-2,kl,80.6,-1.2199999999999989,0.41435569524765015,0.4560142457485199,1.0553748607635498
40,42,39,-1,kl,82.32,1.7199999999999989,0.4095788598060608,0.4456620216369629,0.9295670390129089
40,42,40,0,kl,80.92,-1.3999999999999915,0.45148566365242004,0.4681687355041504,0.9296550750732422
40,42,41,1,ce,80.42,-0.5,0.3558870553970337,0.44636544585227966,1.8163788318634033
40,42,42,2,kl,80.7,0.28000000000000114,0.6571142673492432,0.5297905206680298,0.9525647163391113
40,42,43,3,kl,80.0,-0.7000000000000028,0.5634737014770508,0.49896085262298584,1.090796947479248
40,42,44,4,kl,79.08,-0.9200000000000017,0.48412224650382996,0.502654492855072,1.0108451843261719
40,42,45,5,kl,81.68,2.6000000000000085,0.652408242225647,0.5351812243461609,1.0239546298980713
40,42,46,6,kl,81.9,0.21999999999999886,0.5781314969062805,0.4474375247955322,0.7365737557411194
40,42,47,7,kl,81.76,-0.14000000000000057,0.722129225730896,0.595405101776123,1.2890582084655762
40,42,48,8,kl,82.3,0.539999999999992,0.5947303771972656,0.5170059204101562,0.9013495445251465
40,42,49,9,kl,80.02,-2.280000000000001,0.6495586633682251,0.5691456198692322,1.2546786069869995
40,42,50,10,kl,82.56,2.5400000000000063,0.43713507056236267,0.46620023250579834,0.7329925298690796
40,42,51,11,kl,82.5,-0.060000000000002274,0.5739961862564087,0.4731481373310089,0.7995859384536743
40,42,52,12,kl,81.68,-0.8199999999999932,0.5834623575210571,0.4957553446292877,0.9691521525382996
40,42,53,13,kl,79.46,-2.220000000000013,0.518628716468811,0.5162907242774963,1.1502199172973633
40,42,54,14,kl,81.02,1.5600000000000023,0.661537766456604,0.5662099719047546,1.138359785079956
40,42,55,15,kl,82.02,1.0,0.577850878238678,0.48319074511528015,1.0678017139434814
40,42,56,16,kl,81.52,-0.5,0.5606549978256226,0.5847863554954529,1.171515703201294
40,42,57,17,kl,81.08,-0.4399999999999977,0.5971752405166626,0.5260918736457825,1.110770344734192
40,42,58,18,kl,80.14,-0.9399999999999977,0.5401042699813843,0.5355952978134155,1.1146270036697388
40,42,59,19,kl,82.32,2.1799999999999926,0.613090991973877,0.5240123867988586,0.8458333015441895
40,42,60,20,kl,80.94,-1.3799999999999955,0.651086151599884,0.580302357673645,1.2310504913330078
40,42,61,21,kl,80.58,-0.35999999999999943,0.6549394130706787,0.4991569221019745,0.9914637207984924
40,42,62,22,kl,82.68,2.1000000000000085,0.3947974443435669,0.43292462825775146,0.8373411893844604
40,42,63,23,kl,83.18,0.5,0.47062230110168457,0.46949443221092224,0.788410484790802
40,42,64,24,kl,81.76,-1.4200000000000017,0.500983476638794,0.4798682928085327,0.8951230049133301
40,42,65,25,kl,83.52,1.759999999999991,0.39524880051612854,0.41657525300979614,0.8040279746055603
40,42,66,26,kl,79.84,-3.6799999999999926,0.7547919750213623,0.6817646622657776,1.7243491411209106
40,42,67,27,kl,82.22,2.3799999999999955,0.5165524482727051,0.47137925028800964,1.0332533121109009
40,42,68,28,kl,81.7,-0.519999999999996,0.6568986177444458,0.5474881529808044,0.9489307999610901
40,42,69,29,kl,81.28,-0.4200000000000017,0.2845304012298584,0.4329010546207428,0.9612246155738831
40,42,70,30,kl,81.64,0.35999999999999943,0.4932737350463867,0.4690825045108795,1.0464638471603394
40,42,71,31,kl,82.42,0.7800000000000011,0.674522340297699,0.5616403818130493,0.9465837478637695
40,42,72,32,kl,82.1,-0.3200000000000074,0.5697291493415833,0.5240130424499512,0.9757822751998901
40,42,73,33,kl,81.94,-0.1599999999999966,0.6761112213134766,0.5687825679779053,1.0047330856323242
40,42,74,34,kl,81.88,-0.060000000000002274,0.677492082118988,0.5509031414985657,0.989861786365509
40,42,75,35,kl,82.0,0.12000000000000455,0.36631572246551514,0.4386691451072693,0.8875755667686462
40,42,76,36,kl,80.84,-1.1599999999999966,0.5928628444671631,0.5461704730987549,1.007365345954895
40,42,77,37,kl,82.02,1.1799999999999926,0.4575856328010559,0.45864006876945496,0.9317781925201416
40,42,78,38,kl,81.22,-0.7999999999999972,0.6220053434371948,0.5368672013282776,1.3052924871444702
40,42,79,39,kl,80.82,-0.4000000000000057,0.5070376396179199,0.475257933139801,0.93229740858078
40,42,80,40,kl,82.4,1.5800000000000125,0.6159360408782959,0.5559343099594116,0.988159716129303
40,42,81,41,kl,84.34,1.9399999999999977,0.467512309551239,0.4271804392337799,0.7728586792945862
40,42,82,42,ce,82.46,-1.8800000000000097,0.1785845160484314,0.285834401845932,1.9012030363082886
40,42,83,43,kl,81.98,-0.47999999999998977,0.4293540120124817,0.47431430220603943,0.8347935676574707
40,42,84,44,kl,82.74,0.7599999999999909,0.5139225721359253,0.47500619292259216,0.7824853658676147
40,42,85,45,kl,81.72,-1.019999999999996,0.548592746257782,0.519412636756897,1.0033766031265259
40,42,86,46,kl,80.68,-1.039999999999992,0.6434571146965027,0.5562761425971985,1.1232001781463623
40,42,87,47,kl,83.58,2.8999999999999915,0.5424914360046387,0.5268534421920776,0.9535751342773438
40,42,88,48,kl,81.58,-2.0,0.3473232686519623,0.43252575397491455,0.888023316860199
40,42,89,49,kl,83.02,1.4399999999999977,0.5977620482444763,0.5608706474304199,1.131144642829895
40,42,90,50,kl,82.88,-0.14000000000000057,0.5402313470840454,0.4482749402523041,0.9158614873886108
40,42,91,51,kl,82.56,-0.3199999999999932,0.4588056206703186,0.45997369289398193,1.0048589706420898
40,42,92,52,kl,82.02,-0.5400000000000063,0.5440793037414551,0.4998641610145569,0.9040117263793945
40,42,93,53,kl,81.68,-0.3399999999999892,0.5458340048789978,0.4932064116001129,0.9544939398765564
40,42,94,54,kl,81.06,-0.6200000000000045,0.4285622835159302,0.46270760893821716,0.8680751919746399
40,42,95,55,kl,81.6,0.539999999999992,0.5173879265785217,0.4821775555610657,0.9880848526954651
40,42,96,56,kl,81.66,0.060000000000002274,0.6135361194610596,0.5470206141471863,1.1181710958480835
40,42,97,57,kl,81.64,-0.01999999999999602,0.6081362962722778,0.5589597821235657,1.0582544803619385
40,42,98,58,kl,83.16,1.519999999999996,0.5204871296882629,0.48176950216293335,0.7934809923171997
40,42,99,59,kl,82.26,-0.8999999999999915,0.44973695278167725,0.46533873677253723,0.9750967621803284
40,42,100,60,kl,81.72,-0.5400000000000063,0.7226533889770508,0.6076422929763794,1.2921093702316284
40,42,101,61,kl,82.5,0.7800000000000011,0.6188217401504517,0.5241267681121826,0.9408087730407715
40,42,102,62,kl,82.42,-0.0799999999999983,0.29606249928474426,0.46137019991874695,1.000022053718567
40,42,103,63,kl,81.68,-0.7399999999999949,0.6898892521858215,0.6131774187088013,1.1750823259353638
40,42,104,64,kl,82.94,1.259999999999991,0.46634453535079956,0.5039997100830078,0.9840312004089355
40,42,105,65,kl,82.36,-0.5799999999999983,0.5844234824180603,0.5518064498901367,0.9899542331695557
40,42,106,66,kl,83.58,1.2199999999999989,0.47614461183547974,0.45839354395866394,0.8231597542762756
40,42,107,67,kl,82.76,-0.8199999999999932,0.6929035782814026,0.5645369291305542,0.9294275641441345
40,42,108,68,kl,82.34,-0.4200000000000017,0.4357411563396454,0.48000866174697876,1.0019341707229614
40,42,109,69,kl,80.16,-2.180000000000007,0.49085426330566406,0.507011353969574,1.017051100730896
40,42,110,70,kl,82.34,2.180000000000007,0.6031663417816162,0.5791684985160828,1.1345484256744385
40,42,111,71,kl,81.84,-0.5,0.6695963740348816,0.5939725041389465,1.0559630393981934
40,42,112,72,kl,81.58,-0.2600000000000051,0.5866554975509644,0.5145509839057922,0.8674915432929993
40,42,113,73,kl,80.66,-0.9200000000000017,0.6215845346450806,0.5721084475517273,1.2110655307769775
40,42,114,74,kl,80.78,0.12000000000000455,0.6660279631614685,0.5673339366912842,1.1983212232589722
40,42,115,75,kl,83.44,2.6599999999999966,0.3544835150241852,0.46116551756858826,0.856040358543396
40,42,116,76,kl,81.74,-1.7000000000000028,0.44337815046310425,0.5165756940841675,1.0893328189849854
40,42,117,77,kl,81.12,-0.6199999999999903,0.6145483255386353,0.515206515789032,0.920644998550415
40,42,118,78,kl,80.0,-1.1200000000000045,0.6424668431282043,0.5722714066505432,1.116273283958435
40,42,119,79,kl,81.48,1.480000000000004,0.6064913272857666,0.5499299764633179,1.1013680696487427
40,42,120,80,kl,82.58,1.0999999999999943,0.5470148324966431,0.4960634410381317,0.9925051331520081
40,42,121,81,kl,83.32,0.7399999999999949,0.5731015205383301,0.5031124949455261,1.0398032665252686
40,42,122,82,kl,82.22,-1.0999999999999943,0.5369535088539124,0.4881417155265808,0.8921788334846497
40,42,123,83,ce,81.94,-0.28000000000000114,0.22565503418445587,0.343143105506897,1.7381647825241089
40,42,124,84,kl,81.48,-0.45999999999999375,0.5236510038375854,0.48916497826576233,0.8543781042098999
40,42,125,85,kl,80.46,-1.0200000000000102,0.5753319263458252,0.5215831995010376,1.2217684984207153
40,42,126,86,kl,82.52,2.0600000000000023,0.596062421798706,0.5237849950790405,0.8545950651168823
40,42,127,87,kl,82.72,0.20000000000000284,0.39273807406425476,0.4373427629470825,0.9779213666915894
40,42,128,88,kl,82.3,-0.4200000000000017,0.5223343372344971,0.5082557797431946,0.849463164806366
40,42,129,89,kl,81.14,-1.1599999999999966,0.5494173765182495,0.4956328868865967,0.7991441488265991
40,42,130,90,kl,82.64,1.5,0.5220640897750854,0.4540223777294159,0.8623723387718201
40,42,131,91,kl,83.06,0.4200000000000017,0.5521154999732971,0.4927377998828888,0.8487048745155334
40,42,132,92,kl,81.26,-1.7999999999999972,0.574958086013794,0.5159284472465515,0.9924504160881042
40,42,133,93,kl,81.54,0.28000000000000114,0.5842834711074829,0.5070792436599731,1.076067566871643
40,42,134,94,kl,81.36,-0.18000000000000682,0.5697059035301208,0.48072344064712524,0.9168424606323242
40,42,135,95,kl,82.92,1.5600000000000023,0.5272878408432007,0.5058910250663757,0.8855793476104736
40,42,136,96,kl,82.58,-0.3400000000000034,0.4719991683959961,0.4695501923561096,0.9355072379112244
40,42,137,97,kl,82.66,0.0799999999999983,0.6175272464752197,0.5490415692329407,0.9995490908622742
40,42,138,98,kl,82.28,-0.37999999999999545,0.3900466561317444,0.45503002405166626,1.0797768831253052
40,42,139,99,kl,82.18,-0.09999999999999432,0.5351661443710327,0.4813835024833679,0.9755532145500183
40,42,140,100,kl,82.3,0.11999999999999034,0.409686803817749,0.4530066251754761,0.8090909719467163
40,42,141,101,kl,82.28,-0.01999999999999602,0.4704091250896454,0.4679175317287445,0.7932866811752319
40,42,142,102,kl,82.26,-0.01999999999999602,0.5485548973083496,0.556592583656311,1.0928914546966553
40,42,143,103,kl,80.96,-1.3000000000000114,0.6524158120155334,0.577060878276825,1.0021291971206665
40,42,144,104,kl,81.74,0.7800000000000011,0.6305271983146667,0.5754338502883911,1.071022629737854
40,42,145,105,kl,83.88,2.1400000000000006,0.35328409075737,0.4429740309715271,0.9702808260917664
40,42,146,106,kl,82.6,-1.2800000000000011,0.5390241742134094,0.5119290947914124,1.089432716369629
40,42,147,107,kl,83.68,1.0800000000000125,0.5725482106208801,0.49505701661109924,0.8776813745498657
40,42,148,108,kl,83.64,-0.04000000000000625,0.6268067359924316,0.5256202220916748,0.8735221028327942
40,42,149,109,kl,82.28,-1.3599999999999994,0.5246108770370483,0.5327688455581665,0.8601099252700806
40,42,150,110,kl,82.3,0.01999999999999602,0.3828454613685608,0.4697689414024353,1.058137059211731
40,42,151,111,kl,83.14,0.8400000000000034,0.5307586193084717,0.4803643226623535,0.9632315635681152
40,42,152,112,kl,83.26,0.12000000000000455,0.4802497625350952,0.4475361108779907,0.6966084241867065
40,42,153,113,kl,83.18,-0.0799999999999983,0.5399313569068909,0.49705076217651367,0.9125328063964844
40,42,154,114,kl,83.48,0.29999999999999716,0.5383331775665283,0.487338662147522,0.8482235670089722
40,42,155,115,kl,83.44,-0.04000000000000625,0.37059229612350464,0.4341771900653839,0.844186544418335
40,42,156,116,kl,82.08,-1.3599999999999994,0.6303162574768066,0.562399685382843,1.0864834785461426
40,42,157,117,kl,83.62,1.5400000000000063,0.44786208868026733,0.4647391736507416,0.8598326444625854
40,42,158,118,kl,82.1,-1.5200000000000102,0.6907195448875427,0.6104314923286438,1.243594765663147
40,42,159,119,kl,81.92,-0.1799999999999926,0.5592429637908936,0.4862492084503174,0.9031134247779846
40,42,160,120,kl,81.8,-0.12000000000000455,0.49937546253204346,0.4891971945762634,1.0033482313156128
40,42,161,121,kl,81.94,0.14000000000000057,0.6415937542915344,0.5214478373527527,1.0555751323699951
40,42,162,122,kl,80.58,-1.3599999999999994,0.5970803499221802,0.5330082178115845,1.2017523050308228
40,42,163,123,kl,82.24,1.6599999999999966,0.6427647471427917,0.5667270421981812,1.019404649734497
40,42,164,124,ce,82.68,0.44000000000001194,0.17480045557022095,0.345723956823349,1.7382110357284546
40,42,165,125,kl,82.64,-0.04000000000000625,0.6557942032814026,0.5572106242179871,1.038225531578064
40,42,166,126,kl,81.82,-0.8200000000000074,0.42425841093063354,0.48356667160987854,0.9856300354003906
40,42,167,127,kl,83.64,1.8200000000000074,0.5960599780082703,0.550825834274292,0.9018511772155762
40,42,168,128,kl,83.1,-0.5400000000000063,0.4040461778640747,0.47488677501678467,0.90592360496521
40,42,169,129,kl,82.0,-1.0999999999999943,0.4957485795021057,0.4756599962711334,0.8660523891448975
40,42,170,130,kl,82.42,0.4200000000000017,0.5438363552093506,0.4602968096733093,0.7819555997848511
40,42,171,131,kl,83.14,0.7199999999999989,0.2871711552143097,0.4160366356372833,0.8727143406867981
40,42,172,132,kl,82.08,-1.0600000000000023,0.5354238152503967,0.46159353852272034,0.7947354912757874
40,42,173,133,kl,82.38,0.29999999999999716,0.4951160252094269,0.5312603712081909,1.3148630857467651
40,42,174,134,kl,82.38,0.0,0.5367306470870972,0.5136275291442871,0.937739908695221
40,42,175,135,kl,81.76,-0.6199999999999903,0.6344519853591919,0.5524705052375793,1.1733238697052002
40,42,176,136,kl,81.48,-0.28000000000000114,0.5896787643432617,0.5095083713531494,1.083322525024414
40,42,177,137,kl,81.84,0.35999999999999943,0.5766468048095703,0.5612920522689819,1.2680461406707764
40,42,178,138,kl,84.1,2.259999999999991,0.5370886325836182,0.4959886372089386,0.7891796231269836
40,42,179,139,kl,81.64,-2.4599999999999937,0.6346105337142944,0.5673120617866516,0.982468843460083
40,42,180,140,kl,83.7,2.0600000000000023,0.3269088864326477,0.4444197118282318,0.8618564605712891
40,42,181,141,kl,81.06,-2.6400000000000006,0.6877666711807251,0.5830047726631165,1.2259191274642944
40,42,182,142,kl,81.92,0.8599999999999994,0.5591157674789429,0.5183987021446228,1.0889772176742554
40,42,183,143,kl,82.44,0.519999999999996,0.39917656779289246,0.4144129455089569,0.840508759021759
40,42,184,144,kl,82.04,-0.3999999999999915,0.5127021074295044,0.5282585024833679,1.052893042564392
40,42,185,145,kl,82.7,0.6599999999999966,0.5156230926513672,0.49038878083229065,1.0003947019577026
40,42,186,146,kl,83.72,1.019999999999996,0.5389145016670227,0.49620863795280457,0.89128178358078
40,42,187,147,kl,83.34,-0.37999999999999545,0.5394893288612366,0.48682841658592224,1.06459641456604
40,42,188,148,kl,82.86,-0.480000000000004,0.6123921871185303,0.523325502872467,1.0230673551559448
40,42,189,149,kl,81.84,-1.019999999999996,0.6267081499099731,0.5298753976821899,0.9740238189697266
40,42,190,150,kl,82.12,0.28000000000000114,0.4700542390346527,0.456694096326828,0.9473438858985901
40,42,191,151,kl,82.4,0.28000000000000114,0.44344717264175415,0.4866538345813751,0.9678550958633423
40,42,192,152,kl,82.46,0.05999999999998806,0.41156524419784546,0.4240891933441162,0.8252614140510559
40,42,193,153,kl,82.3,-0.1599999999999966,0.5258558988571167,0.5000700354576111,0.9593875408172607
40,42,194,154,kl,83.36,1.0600000000000023,0.5446311235427856,0.4981245696544647,0.9490119218826294
40,42,195,155,kl,82.48,-0.8799999999999955,0.6853456497192383,0.569469690322876,1.0520219802856445
40,42,196,156,kl,83.0,0.519999999999996,0.6285086870193481,0.5442180633544922,0.965142011642456
40,42,197,157,kl,82.78,-0.21999999999999886,0.5364195704460144,0.5134968161582947,0.9861076474189758
40,42,198,158,kl,83.26,0.480000000000004,0.5712577700614929,0.4933429956436157,0.8041796088218689
40,42,199,159,kl,82.66,-0.6000000000000085,0.5909466743469238,0.5208192467689514,0.9926809072494507
40,42,200,160,kl,82.58,-0.0799999999999983,0.5425761938095093,0.4950893819332123,0.8956693410873413
40,42,201,161,kl,81.78,-0.7999999999999972,0.6871922016143799,0.5716878175735474,1.4064334630966187
40,42,202,162,kl,82.8,1.019999999999996,0.3751303255558014,0.41724416613578796,0.7668268084526062
40,42,203,163,kl,81.72,-1.0799999999999983,0.5274609327316284,0.5428200364112854,1.0756205320358276
40,42,204,164,kl,82.98,1.2600000000000051,0.4340917468070984,0.4466598629951477,0.8591804504394531
40,42,205,165,ce,83.34,0.35999999999999943,0.23949477076530457,0.37550222873687744,1.6630160808563232
40,42,206,166,kl,82.3,-1.0400000000000063,0.5329108238220215,0.48115143179893494,0.861099898815155
40,42,207,167,kl,81.62,-0.6799999999999926,0.5627291202545166,0.5025879144668579,0.8410801887512207
40,42,208,168,kl,80.04,-1.5799999999999983,0.7458151578903198,0.615577220916748,1.19203519821167
40,42,209,169,kl,82.82,2.779999999999987,0.4618417024612427,0.48858141899108887,1.0184742212295532
40,42,210,170,kl,83.02,0.20000000000000284,0.47792476415634155,0.484987735748291,0.9491572380065918
40,42,211,171,kl,82.1,-0.9200000000000017,0.5112373232841492,0.5053800940513611,0.9455117583274841
40,42,212,172,kl,82.9,0.8000000000000114,0.5972990989685059,0.54704749584198,0.9737098813056946
40,42,213,173,kl,83.52,0.6199999999999903,0.5821189880371094,0.5435601472854614,1.097930908203125
40,42,214,174,kl,81.42,-2.0999999999999943,0.7140551805496216,0.6076009273529053,1.236878752708435
40,42,215,175,kl,83.48,2.0600000000000023,0.6985765099525452,0.5766159296035767,0.9682173728942871
40,42,216,176,kl,84.5,1.019999999999996,0.501455545425415,0.4703325927257538,0.8091247081756592
40,42,217,177,kl,83.68,-0.8199999999999932,0.46228253841400146,0.478097140789032,1.0375384092330933
40,42,218,178,kl,81.44,-2.240000000000009,0.5091959238052368,0.5056881904602051,0.9468536972999573
40,42,219,179,kl,82.36,0.9200000000000017,0.3887295722961426,0.4764006733894348,0.8459188938140869
40,42,220,180,kl,82.86,0.5,0.6765246391296387,0.5625653862953186,0.8855471611022949
40,42,221,181,kl,83.62,0.7600000000000051,0.5040537714958191,0.4534282088279724,0.8475396037101746
40,42,222,182,kl,83.44,-0.18000000000000682,0.37031304836273193,0.47247380018234253,0.8038436770439148
40,42,223,183,kl,81.96,-1.480000000000004,0.6673967242240906,0.55228191614151,1.0468961000442505
40,42,224,184,kl,83.9,1.940000000000012,0.5223253965377808,0.486349493265152,0.9043571352958679
40,42,225,185,kl,82.12,-1.7800000000000011,0.4991055727005005,0.5253432989120483,1.0100159645080566
40,42,226,186,kl,82.2,0.0799999999999983,0.5361042022705078,0.4713687300682068,0.8998594880104065
40,42,227,187,kl,82.68,0.480000000000004,0.6259725689888,0.5019087195396423,1.0927740335464478
40,42,228,188,kl,83.92,1.2399999999999949,0.4439406394958496,0.48332393169403076,0.9321886897087097
40,42,229,189,kl,82.08,-1.8400000000000034,0.635974109172821,0.5696375370025635,0.9592393040657043
40,42,230,190,kl,81.66,-0.4200000000000017,0.5496104955673218,0.5109918713569641,0.9406499862670898
40,42,231,191,kl,82.22,0.5600000000000023,0.5923062562942505,0.5023733973503113,0.9642980098724365
40,42,232,192,kl,80.92,-1.2999999999999972,0.5225905179977417,0.5129028558731079,1.0173026323318481
40,42,233,193,kl,84.08,3.1599999999999966,0.46641042828559875,0.47835999727249146,0.7731776237487793
40,42,234,194,kl,82.88,-1.2000000000000028,0.533003032207489,0.4812556803226471,0.8781681060791016
40,42,235,195,kl,83.04,0.1600000000000108,0.4923015236854553,0.5204390287399292,0.992200493812561
40,42,236,196,kl,82.56,-0.480000000000004,0.3817126154899597,0.47403356432914734,0.9812834858894348
40,42,237,197,kl,83.56,1.0,0.6579009890556335,0.5385894775390625,0.9518507122993469
40,42,238,198,kl,84.26,0.7000000000000028,0.29559236764907837,0.41457659006118774,1.0691450834274292
40,42,239,199,kl,83.42,-0.8400000000000034,0.5033119916915894,0.4625120460987091,0.8947730660438538
40,42,240,200,kl,80.82,-2.6000000000000085,0.41068488359451294,0.4756161570549011,1.0617541074752808
40,42,241,201,kl,81.74,0.9200000000000017,0.5339102745056152,0.5057766437530518,0.8384863138198853
40,42,242,202,kl,80.18,-1.559999999999988,0.5286970734596252,0.49669191241264343,0.9131001234054565
40,42,243,203,kl,81.38,1.1999999999999886,0.692406952381134,0.5751078724861145,1.0153309106826782
40,42,244,204,kl,83.46,2.0799999999999983,0.5533479452133179,0.49312350153923035,0.9388401508331299
40,42,245,205,kl,82.44,-1.019999999999996,0.6787781119346619,0.5730007886886597,0.9969658851623535
40,42,246,206,ce,79.98,-2.4599999999999937,0.2366182953119278,0.3711097240447998,1.5668574571609497
40,42,247,207,kl,82.16,2.1799999999999926,0.5025628805160522,0.4981497824192047,1.0594569444656372
40,42,248,208,kl,82.16,0.0,0.6052398085594177,0.5386243462562561,1.087455153465271
40,42,249,209,kl,81.56,-0.5999999999999943,0.3881097435951233,0.4705098867416382,1.006186604499817
40,42,250,210,kl,83.3,1.7399999999999949,0.5552070140838623,0.4850918650627136,0.9749491214752197
40,42,251,211,kl,82.96,-0.3400000000000034,0.5853174328804016,0.5309898257255554,0.9609522819519043
40,42,252,212,kl,83.44,0.480000000000004,0.6466127038002014,0.5291517972946167,1.0108221769332886
40,42,253,213,kl,81.98,-1.4599999999999937,0.5482291579246521,0.5161123871803284,0.9860145449638367
40,42,254,214,kl,82.84,0.8599999999999994,0.4990852475166321,0.4772190749645233,0.8831192255020142
40,42,255,215,kl,80.84,-2.0,0.6052260994911194,0.49750420451164246,0.9833988547325134
40,42,256,216,kl,84.2,3.3599999999999994,0.2389700710773468,0.4457024335861206,0.8998650908470154
40,42,257,217,kl,81.6,-2.6000000000000085,0.6439213752746582,0.5273045897483826,1.059486985206604
40,42,258,218,kl,83.18,1.5800000000000125,0.6319128274917603,0.5189405083656311,0.9562209844589233
40,42,259,219,kl,81.6,-1.5800000000000125,0.5636512041091919,0.5507540702819824,1.0484999418258667
40,42,260,220,kl,83.22,1.6200000000000045,0.517788290977478,0.4923213720321655,0.8877648115158081
40,42,261,221,kl,82.82,-0.4000000000000057,0.6369926929473877,0.5855364799499512,1.1261184215545654
40,42,262,222,kl,84.22,1.4000000000000057,0.5668826103210449,0.4999317228794098,0.7972347140312195
40,42,263,223,kl,82.86,-1.3599999999999994,0.40563085675239563,0.4877673089504242,0.9474666714668274
40,42,264,224,kl,82.38,-0.480000000000004,0.5079861283302307,0.4751325249671936,0.950237512588501
40,42,265,225,kl,83.6,1.2199999999999989,0.6379108428955078,0.5418642163276672,0.9084592461585999
40,42,266,226,kl,83.44,-0.1599999999999966,0.47208547592163086,0.4801541864871979,0.7744346261024475
40,42,267,227,kl,83.46,0.01999999999999602,0.3986670672893524,0.44247716665267944,0.9189603328704834
40,42,268,228,kl,83.08,-0.37999999999999545,0.7059710621833801,0.6190547347068787,1.2445499897003174
40,42,269,229,kl,83.24,0.1599999999999966,0.436996191740036,0.46007800102233887,1.0838737487792969
40,42,270,230,kl,83.04,-0.19999999999998863,0.5167802572250366,0.49576109647750854,1.0601179599761963
40,42,271,231,kl,81.04,-2.0,0.7135381698608398,0.647025465965271,1.3335601091384888
40,42,272,232,kl,83.62,2.5799999999999983,0.5884409546852112,0.5029187798500061,0.936082661151886
40,42,273,233,kl,83.76,0.14000000000000057,0.5457786917686462,0.4763466715812683,0.9509438276290894
40,42,274,234,kl,83.38,-0.38000000000000966,0.5306385159492493,0.47628456354141235,0.9536555409431458
40,42,275,235,kl,81.92,-1.4599999999999937,0.4686245322227478,0.48509976267814636,0.9890967607498169
40,42,276,236,kl,83.04,1.1200000000000045,0.5340469479560852,0.49141237139701843,1.0714657306671143
40,42,277,237,kl,81.8,-1.240000000000009,0.5657491683959961,0.5058878660202026,0.9840295910835266
40,42,278,238,kl,82.64,0.8400000000000034,0.558668851852417,0.5079404711723328,0.9378568530082703
40,42,279,239,kl,82.48,-0.1599999999999966,0.625895082950592,0.5008175373077393,1.0095245838165283
40,42,280,240,kl,81.72,-0.7600000000000051,0.5298405885696411,0.48937326669692993,0.8702367544174194
40,42,281,241,kl,82.22,0.5,0.6090102791786194,0.5126014351844788,1.0123779773712158
40,42,282,242,kl,81.04,-1.1799999999999926,0.4853841960430145,0.4566197991371155,0.9060541987419128
40,42,283,243,kl,81.32,0.2799999999999869,0.33107712864875793,0.41139525175094604,0.84937584400177
40,42,284,244,kl,82.1,0.7800000000000011,0.5005115866661072,0.47337883710861206,1.044265627861023
40,42,285,245,kl,82.36,0.2600000000000051,0.5825685262680054,0.5458909869194031,1.204654574394226
40,42,286,246,kl,83.58,1.2199999999999989,0.5865222215652466,0.5165408849716187,0.8238096237182617
40,42,287,247,ce,82.66,-0.9200000000000017,0.32356351613998413,0.40663397312164307,1.6787114143371582
40,42,288,248,kl,81.66,-1.0,0.41689157485961914,0.4775495231151581,0.8617497086524963
40,42,289,249,kl,82.74,1.0799999999999983,0.5527304410934448,0.47799310088157654,0.8079819679260254
40,42,290,250,kl,83.7,0.960000000000008,0.4190209209918976,0.436887264251709,0.8963239789009094
40,42,291,251,kl,81.72,-1.980000000000004,0.44347065687179565,0.46339502930641174,0.9167713522911072
40,42,292,252,kl,83.38,1.6599999999999966,0.31214627623558044,0.41656675934791565,0.9927998185157776
40,42,293,253,kl,82.54,-0.8399999999999892,0.39771220088005066,0.4307219684123993,0.8613775968551636
40,42,294,254,kl,83.08,0.539999999999992,0.5270096063613892,0.510773241519928,1.0142581462860107
40,42,295,255,kl,82.18,-0.8999999999999915,0.5982933044433594,0.5281723737716675,0.9711145162582397
40,42,296,256,kl,83.22,1.039999999999992,0.6490479707717896,0.5686066150665283,0.8993947505950928
40,42,297,257,kl,83.66,0.4399999999999977,0.5431323647499084,0.48326218128204346,0.8715282082557678
40,42,298,258,kl,81.9,-1.759999999999991,0.5385510325431824,0.5363956689834595,1.0555009841918945
40,42,299,259,kl,81.2,-0.7000000000000028,0.4083745777606964,0.4987252950668335,1.1750458478927612
40,42,300,260,kl,82.5,1.2999999999999972,0.26016026735305786,0.433005154132843,0.8061215281486511
40,42,301,261,kl,82.1,-0.4000000000000057,0.5226706266403198,0.49838119745254517,0.9246959686279297
40,42,302,262,kl,82.62,0.5200000000000102,0.5657029747962952,0.5220816135406494,1.008644461631775
40,42,303,263,kl,82.74,0.11999999999999034,0.5866736173629761,0.535856306552887,1.072232723236084
40,42,304,264,kl,82.8,0.060000000000002274,0.3975049555301666,0.4701937437057495,0.9489511251449585
40,42,305,265,kl,81.5,-1.2999999999999972,0.6543595194816589,0.5609208345413208,1.0859253406524658
40,42,306,266,kl,82.34,0.8400000000000034,0.5210907459259033,0.4804714024066925,0.9322319030761719
40,42,307,267,kl,82.38,0.03999999999999204,0.4521767497062683,0.4560939073562622,0.8390353322029114
40,42,308,268,kl,83.8,1.4200000000000017,0.6331572532653809,0.5138208866119385,0.9515414237976074
40,42,309,269,kl,82.04,-1.759999999999991,0.4941519498825073,0.4615214765071869,0.8950243592262268
40,42,310,270,kl,82.96,0.9199999999999875,0.6846595406532288,0.580869734287262,1.1230350732803345
40,42,311,271,kl,82.1,-0.8599999999999994,0.4797610938549042,0.50076824426651,0.9674266576766968
40,42,312,272,kl,82.92,0.8200000000000074,0.6151785850524902,0.5529502034187317,1.1690056324005127
40,42,313,273,kl,82.46,-0.46000000000000796,0.6914796233177185,0.5521093606948853,1.0421010255813599
40,42,314,274,kl,83.22,0.7600000000000051,0.4841354489326477,0.47671234607696533,0.8449201583862305
40,42,315,275,kl,82.98,-0.23999999999999488,0.4029510021209717,0.4783179461956024,1.0521821975708008
40,42,316,276,kl,82.72,-0.2600000000000051,0.5258234739303589,0.4755690395832062,0.9503316879272461
40,42,317,277,kl,82.72,0.0,0.6567312479019165,0.5884396433830261,1.2137550115585327
40,42,318,278,kl,82.62,-0.09999999999999432,0.4875188171863556,0.4755975902080536,0.8451269865036011
40,42,319,279,kl,80.94,-1.6800000000000068,0.5808544158935547,0.5191406607627869,1.099623441696167
40,42,320,280,kl,82.7,1.7600000000000051,0.5192387700080872,0.4748697578907013,0.7515586614608765
40,42,321,281,kl,82.58,-0.12000000000000455,0.4479042887687683,0.479297012090683,1.0495773553848267
40,42,322,282,kl,82.08,-0.5,0.5999259352684021,0.5255840420722961,0.900748610496521
40,42,323,283,kl,82.06,-0.01999999999999602,0.6532055139541626,0.6080901622772217,1.179718017578125
40,42,324,284,kl,83.26,1.2000000000000028,0.6666901707649231,0.5698229074478149,1.0864182710647583
40,42,325,285,kl,83.3,0.03999999999999204,0.3787250518798828,0.4713932275772095,0.7391863465309143
40,42,326,286,kl,81.8,-1.5,0.6790547370910645,0.5630714893341064,1.133659839630127
40,42,327,287,kl,82.24,0.4399999999999977,0.5652116537094116,0.48359838128089905,0.8894528746604919
40,42,328,288,ce,83.76,1.5200000000000102,0.22680547833442688,0.3925202488899231,1.7277034521102905
40,42,329,289,kl,84.04,0.28000000000000114,0.506637692451477,0.4967709183692932,0.8483244776725769
40,42,330,290,kl,83.34,-0.7000000000000028,0.4219123125076294,0.46527165174484253,0.9526359438896179
40,42,331,291,kl,82.8,-0.5400000000000063,0.6014428734779358,0.5570683479309082,1.0021198987960815
40,42,332,292,kl,81.66,-1.1400000000000006,0.7070184350013733,0.6308445334434509,1.2200636863708496
40,42,333,293,kl,81.72,0.060000000000002274,0.5985047817230225,0.5803133845329285,1.1870741844177246
40,42,334,294,kl,82.84,1.1200000000000045,0.45644432306289673,0.4867461621761322,0.8425076603889465
40,42,335,295,kl,83.58,0.7399999999999949,0.5320374965667725,0.48108920454978943,0.7957679629325867
40,42,336,296,kl,83.6,0.01999999999999602,0.517551064491272,0.5136935710906982,0.8963304758071899
40,42,337,297,kl,83.32,-0.28000000000000114,0.6546471118927002,0.5874943733215332,1.0882383584976196
40,42,338,298,kl,81.12,-2.1999999999999886,0.6689728498458862,0.565930962562561,1.1441504955291748
40,42,339,299,kl,83.72,2.5999999999999943,0.566189706325531,0.5181798934936523,0.9861730933189392
40,42,340,300,kl,82.82,-0.9000000000000057,0.675600528717041,0.6027889847755432,1.2635855674743652
40,42,341,301,kl,83.9,1.0800000000000125,0.41069668531417847,0.436675488948822,0.8906399011611938
40,42,342,302,kl,83.84,-0.060000000000002274,0.3661588430404663,0.45459747314453125,0.8968358039855957
40,42,343,303,kl,82.56,-1.2800000000000011,0.5390257835388184,0.5241783261299133,0.9643728733062744
40,42,344,304,kl,82.48,-0.0799999999999983,0.5790032744407654,0.4927077293395996,0.8973338603973389
40,42,345,305,kl,83.2,0.7199999999999989,0.5026606321334839,0.48449525237083435,0.7883750200271606
40,42,346,306,kl,83.08,-0.12000000000000455,0.6662883162498474,0.5424551963806152,1.005142092704773
40,42,347,307,kl,83.04,-0.03999999999999204,0.41255709528923035,0.4858974814414978,0.8345494270324707
40,42,348,308,kl,81.3,-1.740000000000009,0.5826424360275269,0.5204235315322876,0.9294765591621399
40,42,349,309,kl,82.78,1.480000000000004,0.515143632888794,0.47107788920402527,0.9786118268966675
40,42,350,310,kl,82.76,-0.01999999999999602,0.5430423021316528,0.5048858523368835,0.9662574529647827
40,42,351,311,kl,82.62,-0.14000000000000057,0.5771788954734802,0.51419997215271,1.054619312286377
40,42,352,312,kl,84.06,1.4399999999999977,0.5638469457626343,0.47454044222831726,0.797473669052124
40,42,353,313,kl,82.8,-1.2600000000000051,0.49648794531822205,0.46323612332344055,0.8974074721336365
40,42,354,314,kl,83.12,0.3200000000000074,0.6228324174880981,0.5357163548469543,0.9733313918113708
40,42,355,315,kl,82.16,-0.960000000000008,0.6148397922515869,0.5581591129302979,1.1709396839141846
40,42,356,316,kl,83.44,1.2800000000000011,0.5657531023025513,0.48253124952316284,0.72858065366745
40,42,357,317,kl,83.06,-0.37999999999999545,0.3223629891872406,0.44267693161964417,0.8316952586174011
40,42,358,318,kl,83.7,0.6400000000000006,0.6243204474449158,0.5203330516815186,0.8588941693305969
40,42,359,319,kl,83.4,-0.29999999999999716,0.43530410528182983,0.44838279485702515,0.8417144417762756
40,42,360,320,kl,82.24,-1.1600000000000108,0.6109589338302612,0.5355928540229797,0.8379570841789246
40,42,361,321,kl,83.46,1.2199999999999989,0.48899418115615845,0.4817885160446167,0.9977303743362427
40,42,362,322,kl,81.64,-1.8199999999999932,0.5441114902496338,0.524506151676178,1.0373731851577759
40,42,363,323,kl,82.86,1.2199999999999989,0.45674559473991394,0.49612125754356384,0.9804845452308655
40,42,364,324,kl,82.84,-0.01999999999999602,0.5463644862174988,0.5042034983634949,1.0044529438018799
40,42,365,325,kl,80.68,-2.1599999999999966,0.4353817105293274,0.46703141927719116,0.9888167977333069
40,42,366,326,kl,83.04,2.3599999999999994,0.4282101094722748,0.4942190647125244,0.9658485651016235
40,42,367,327,kl,83.26,0.21999999999999886,0.4680222272872925,0.4750426709651947,0.9024801254272461
40,42,368,328,kl,82.92,-0.3400000000000034,0.4628884792327881,0.46609795093536377,0.8424203991889954
40,42,369,329,ce,81.4,-1.519999999999996,0.27033236622810364,0.40670841932296753,1.5318864583969116
40,42,370,330,kl,82.78,1.3799999999999955,0.5403324365615845,0.5142610669136047,0.8519695997238159
40,42,371,331,kl,81.72,-1.0600000000000023,0.6171627044677734,0.5567317008972168,1.0729005336761475
40,42,372,332,kl,83.22,1.5,0.37075960636138916,0.4710644483566284,0.9254525899887085
40,42,373,333,kl,83.14,-0.0799999999999983,0.5147969722747803,0.49355408549308777,0.9025908708572388
40,42,374,334,kl,82.88,-0.2600000000000051,0.44028931856155396,0.4958377778530121,1.0325552225112915
40,42,375,335,kl,82.1,-0.7800000000000011,0.6744500398635864,0.5911084413528442,1.1621614694595337
40,42,376,336,kl,83.54,1.440000000000012,0.5274546146392822,0.48649147152900696,0.8575122356414795
40,42,377,337,kl,83.82,0.2799999999999869,0.542442798614502,0.48900189995765686,0.8237287402153015
40,42,378,338,kl,82.76,-1.059999999999988,0.5510472059249878,0.4907768964767456,0.9940139055252075
40,42,379,339,kl,82.06,-0.7000000000000028,0.5999407172203064,0.5129427909851074,1.0005756616592407
40,42,380,340,kl,82.6,0.539999999999992,0.5344424247741699,0.49888119101524353,0.8673468828201294
40,42,381,341,kl,82.88,0.28000000000000114,0.36833304166793823,0.45415765047073364,0.9678724408149719
40,42,382,342,kl,83.62,0.7400000000000091,0.4277883470058441,0.44253385066986084,0.764708936214447
40,42,383,343,kl,83.54,-0.0799999999999983,0.5155242681503296,0.4979076683521271,0.9159912467002869
40,42,384,344,kl,83.36,-0.18000000000000682,0.5352640151977539,0.536832332611084,0.9432709217071533
40,42,385,345,kl,83.84,0.480000000000004,0.3594532907009125,0.4667162597179413,0.944436252117157
40,42,386,346,kl,83.78,-0.060000000000002274,0.345206618309021,0.4456409811973572,0.8346880674362183
40,42,387,347,kl,81.54,-2.239999999999995,0.5854637622833252,0.506169319152832,1.028076410293579
40,42,388,348,kl,81.86,0.3199999999999932,0.560472309589386,0.507037878036499,0.9078109264373779
40,42,389,349,kl,82.9,1.0400000000000063,0.4932795464992523,0.5094907283782959,1.0260778665542603
40,42,390,350,kl,83.44,0.539999999999992,0.5138669013977051,0.5269895792007446,1.1829761266708374
40,42,391,351,kl,82.76,-0.6799999999999926,0.40954285860061646,0.4964107871055603,1.0167540311813354
40,42,392,352,kl,83.76,1.0,0.2921994924545288,0.425974577665329,0.8089962005615234
40,42,393,353,kl,82.2,-1.5600000000000023,0.5598537921905518,0.5376349091529846,1.1594685316085815
40,42,394,354,kl,82.88,0.6799999999999926,0.47365280985832214,0.443475604057312,0.80754554271698
40,42,395,355,kl,83.64,0.7600000000000051,0.535818874835968,0.5130797028541565,0.7982951402664185
40,42,396,356,kl,83.26,-0.37999999999999545,0.5829695463180542,0.4890829920768738,0.9327191114425659
40,42,397,357,kl,83.06,-0.20000000000000284,0.5295799374580383,0.4932667911052704,0.9802466034889221
40,42,398,358,kl,81.96,-1.1000000000000085,0.4191269278526306,0.47501659393310547,0.9038791656494141
40,42,399,359,kl,82.66,0.7000000000000028,0.4008248448371887,0.471746563911438,0.9003540277481079
40,42,400,360,kl,81.44,-1.2199999999999989,0.5791320204734802,0.49927714467048645,1.001773476600647
40,42,401,361,kl,81.96,0.519999999999996,0.6622785329818726,0.6183098554611206,1.3313164710998535
40,42,402,362,kl,83.42,1.460000000000008,0.674878716468811,0.516694962978363,0.8983567357063293
40,42,403,363,kl,83.48,0.060000000000002274,0.5062814950942993,0.48703864216804504,0.8624925017356873
40,42,404,364,kl,82.28,-1.2000000000000028,0.5642855763435364,0.48448848724365234,0.8265327215194702
40,42,405,365,kl,83.34,1.0600000000000023,0.46075424551963806,0.4583723843097687,0.8877305388450623
40,42,406,366,kl,82.94,-0.4000000000000057,0.24655170738697052,0.4128904342651367,0.9661335945129395
40,42,407,367,kl,83.4,0.46000000000000796,0.48856666684150696,0.5096484422683716,0.8737370371818542
40,42,408,368,kl,82.7,-0.7000000000000028,0.674065113067627,0.5659776329994202,1.0817899703979492
40,42,409,369,kl,83.26,0.5600000000000023,0.5872132778167725,0.48751914501190186,0.9012450575828552
40,42,410,370,ce,83.62,0.35999999999999943,0.2253115028142929,0.35453441739082336,1.6668695211410522
40,42,411,371,kl,83.12,-0.5,0.5213385820388794,0.5045527219772339,0.9379627704620361
40,42,412,372,kl,83.54,0.4200000000000017,0.5502960681915283,0.48590219020843506,0.8888427019119263
40,42,413,373,kl,83.1,-0.44000000000001194,0.6734485030174255,0.6420605182647705,1.1553510427474976
40,42,414,374,kl,82.16,-0.9399999999999977,0.5425679683685303,0.563379168510437,1.0901631116867065
40,42,415,375,kl,82.86,0.7000000000000028,0.5564773678779602,0.5012354850769043,1.041560173034668
40,42,416,376,kl,82.62,-0.23999999999999488,0.40381234884262085,0.4304646849632263,1.160097599029541
40,42,417,377,kl,82.84,0.21999999999999886,0.4211823642253876,0.4570295810699463,0.7987226247787476
40,42,418,378,kl,83.08,0.23999999999999488,0.5421003699302673,0.4899654984474182,0.8710399866104126
40,42,419,379,kl,81.3,-1.7800000000000011,0.6215035915374756,0.5525237321853638,1.2088369131088257
40,42,420,380,kl,82.66,1.3599999999999994,0.45174962282180786,0.48158207535743713,0.9984368085861206
40,42,421,381,kl,83.8,1.1400000000000006,0.4825994670391083,0.44802945852279663,0.8434687852859497
40,42,422,382,kl,83.02,-0.7800000000000011,0.5206952691078186,0.5043743252754211,0.8376104831695557
40,42,423,383,kl,82.88,-0.14000000000000057,0.5137841105461121,0.4669368863105774,0.7755119800567627
40,42,424,384,kl,83.1,0.21999999999999886,0.5777581930160522,0.516027569770813,1.0413355827331543
40,42,425,385,kl,82.52,-0.5799999999999983,0.4597053527832031,0.47957679629325867,0.9995920658111572
40,42,426,386,kl,82.82,0.29999999999999716,0.6517237424850464,0.5137330889701843,0.9613998532295227
40,42,427,387,kl,81.88,-0.9399999999999977,0.6881268620491028,0.5815334916114807,0.9086338877677917
40,42,428,388,kl,84.26,2.3800000000000097,0.4880802035331726,0.48353439569473267,1.0420104265213013
40,42,429,389,kl,82.9,-1.3599999999999994,0.5829030275344849,0.5213887095451355,0.9064826369285583
40,42,430,390,kl,81.74,-1.1600000000000108,0.5588515400886536,0.5178539752960205,1.1449960470199585
40,42,431,391,kl,83.5,1.7600000000000051,0.27681607007980347,0.3818816840648651,0.8341079950332642
40,42,432,392,kl,83.04,-0.45999999999999375,0.41856759786605835,0.444672167301178,0.8789016604423523
40,42,433,393,kl,83.6,0.5599999999999881,0.40695619583129883,0.42363983392715454,0.7568098902702332
40,42,434,394,kl,83.56,-0.03999999999999204,0.3987262547016144,0.45783087611198425,1.0149444341659546
40,42,435,395,kl,83.86,0.29999999999999716,0.6377041339874268,0.5199546813964844,0.7999809384346008
40,42,436,396,kl,82.86,-1.0,0.5273963212966919,0.5217115879058838,0.9682871103286743
40,42,437,397,kl,83.3,0.4399999999999977,0.6339144706726074,0.5321314930915833,0.9766949415206909
40,42,438,398,kl,83.44,0.14000000000000057,0.587324857711792,0.5439640879631042,1.0865229368209839
40,42,439,399,kl,82.24,-1.2000000000000028,0.36793282628059387,0.42780399322509766,0.9415811896324158
40,42,440,400,kl,83.16,0.9200000000000017,0.4918087124824524,0.4722352623939514,0.8065025210380554
40,42,441,401,kl,81.22,-1.9399999999999977,0.6925212144851685,0.5938364267349243,1.3299109935760498
40,42,442,402,kl,82.6,1.3799999999999955,0.3754226267337799,0.4241918921470642,0.8495097756385803
40,42,443,403,kl,82.86,0.2600000000000051,0.6024801731109619,0.516899585723877,0.7711585164070129
40,42,444,404,kl,83.32,0.45999999999999375,0.5623801946640015,0.5160033702850342,0.8080460429191589
40,42,445,405,kl,83.02,-0.29999999999999716,0.40099191665649414,0.47208285331726074,0.9464892745018005
40,42,446,406,kl,81.96,-1.0600000000000023,0.40978217124938965,0.4869541525840759,1.127932071685791
40,42,447,407,kl,83.94,1.980000000000004,0.476412832736969,0.43796035647392273,0.8567997813224792
40,42,448,408,kl,82.12,-1.8199999999999932,0.49386078119277954,0.5125696063041687,1.1149250268936157
40,42,449,409,kl,84.0,1.8799999999999955,0.2714967727661133,0.4280931055545807,0.9147894978523254
40,42,450,410,kl,82.74,-1.2600000000000051,0.4743512272834778,0.49134841561317444,1.0868138074874878
40,42,451,411,ce,83.54,0.8000000000000114,0.1791447252035141,0.41089147329330444,1.523236870765686
40,42,452,412,kl,86.98,3.4399999999999977,0.34488844871520996,0.4325754642486572,0.6203141212463379
40,42,453,413,kl,87.04,0.060000000000002274,0.20467543601989746,0.3973574638366699,0.6796792149543762
40,42,454,414,kl,87.32,0.2799999999999869,0.3032520115375519,0.41418784856796265,0.6214324235916138
40,42,455,415,kl,87.02,-0.29999999999999716,0.24288564920425415,0.4021909534931183,0.6914283037185669
40,42,456,416,kl,87.54,0.5200000000000102,0.30584150552749634,0.42052504420280457,0.6464139819145203
40,42,457,417,kl,87.52,-0.020000000000010232,0.2970793843269348,0.42297181487083435,0.6504126787185669
40,42,458,418,kl,87.36,-0.1599999999999966,0.28133490681648254,0.41346225142478943,0.6460944414138794
40,42,459,419,kl,87.34,-0.01999999999999602,0.26896119117736816,0.4180745780467987,0.7040663957595825
40,42,460,420,kl,87.44,0.09999999999999432,0.34317880868911743,0.4390427768230438,0.6848778128623962
40,42,461,421,kl,87.54,0.10000000000000853,0.2507333755493164,0.420653373003006,0.6662357449531555
40,42,462,422,kl,87.38,-0.1600000000000108,0.2645368278026581,0.4164809584617615,0.6754045486450195
40,42,463,423,kl,87.6,0.21999999999999886,0.26262715458869934,0.4361197352409363,0.7543020248413086
40,42,464,424,kl,87.4,-0.19999999999998863,0.32485800981521606,0.43812280893325806,0.7742223143577576
40,42,465,425,kl,87.46,0.05999999999998806,0.33268141746520996,0.46140220761299133,0.7242806553840637
40,42,466,426,kl,87.6,0.14000000000000057,0.2801317870616913,0.4511108100414276,0.7437942624092102
40,42,467,427,kl,87.56,-0.03999999999999204,0.2959998548030853,0.4417595863342285,0.7432487607002258
40,42,468,428,kl,87.72,0.1599999999999966,0.2361147403717041,0.4417368471622467,0.7725229859352112
40,42,469,429,kl,87.8,0.0799999999999983,0.3244464099407196,0.4709627628326416,0.8075118660926819
40,42,470,430,kl,87.52,-0.28000000000000114,0.3172066807746887,0.4876329302787781,0.7476776242256165
40,42,471,431,kl,87.44,-0.0799999999999983,0.26572754979133606,0.4586443305015564,0.8045825958251953
40,42,472,432,kl,87.42,-0.01999999999999602,0.29062142968177795,0.4641000032424927,0.833549439907074
40,42,473,433,kl,87.48,0.060000000000002274,0.382968008518219,0.5092209577560425,0.8308572173118591
40,42,474,434,kl,87.62,0.14000000000000057,0.3067052960395813,0.480510413646698,0.8425390720367432
40,42,475,435,kl,87.56,-0.060000000000002274,0.316938191652298,0.4902191460132599,0.8342558145523071
40,42,476,436,kl,87.34,-0.21999999999999886,0.33496934175491333,0.5092007517814636,0.8489391207695007
40,42,477,437,kl,87.54,0.20000000000000284,0.3081020414829254,0.5055536031723022,0.8836207389831543
40,42,478,438,kl,87.34,-0.20000000000000284,0.3476312756538391,0.535503625869751,0.8330280780792236
40,42,479,439,kl,87.26,-0.0799999999999983,0.3961246609687805,0.5403361320495605,0.8948217034339905
40,42,480,440,kl,87.52,0.2599999999999909,0.35346418619155884,0.5320302844047546,0.8689047694206238
40,42,481,441,kl,87.32,-0.20000000000000284,0.35344988107681274,0.5310380458831787,0.9020227193832397
40,42,482,442,kl,87.6,0.28000000000000114,0.32963329553604126,0.5309653878211975,0.9194398522377014
40,42,483,443,kl,87.48,-0.11999999999999034,0.3562118411064148,0.5443645119667053,0.9246265292167664
40,42,484,444,kl,87.82,0.3399999999999892,0.3597489893436432,0.5681107640266418,0.875522792339325
40,42,485,445,kl,87.36,-0.45999999999999375,0.3263002038002014,0.5349810123443604,0.9259780049324036
40,42,486,446,kl,87.6,0.23999999999999488,0.29983413219451904,0.5488696098327637,0.8867433071136475
40,42,487,447,kl,87.7,0.10000000000000853,0.28601786494255066,0.545403778553009,0.9172277450561523
40,42,488,448,kl,87.32,-0.38000000000000966,0.3047495484352112,0.5697533488273621,0.8705840110778809
40,42,489,449,kl,87.04,-0.2799999999999869,0.44092902541160583,0.6355270743370056,1.045168399810791
40,42,490,450,kl,87.04,0.0,0.35178643465042114,0.5760573148727417,0.9424422383308411
40,42,491,451,kl,87.24,0.19999999999998863,0.31524360179901123,0.5630819201469421,0.9592210650444031
40,42,492,452,ce,87.3,0.060000000000002274,0.30477309226989746,0.5882346630096436,1.2272074222564697
40,42,493,453,kl,87.36,0.060000000000002274,0.29875367879867554,0.5607422590255737,0.9986594915390015
40,42,494,454,kl,87.7,0.3400000000000034,0.3256226181983948,0.5647227764129639,0.9788607954978943
40,42,495,455,kl,87.44,-0.2600000000000051,0.2845618724822998,0.5823169946670532,0.8436978459358215
40,42,496,456,kl,87.44,0.0,0.3076275885105133,0.5944740772247314,0.9394587278366089
40,42,497,457,kl,87.52,0.0799999999999983,0.333138108253479,0.580437958240509,0.9397206902503967
40,42,498,458,kl,87.56,0.04000000000000625,0.34424906969070435,0.6112276911735535,0.9248171448707581
40,42,499,459,kl,87.5,-0.060000000000002274,0.3370022773742676,0.6174995303153992,0.9925262331962585
40,42,500,460,kl,87.76,0.2600000000000051,0.3741091787815094,0.6514557003974915,1.0544523000717163
40,42,501,461,kl,87.56,-0.20000000000000284,0.32686203718185425,0.6128367781639099,0.9983890056610107
40,42,502,462,kl,87.16,-0.4000000000000057,0.40640801191329956,0.6697908043861389,1.146865725517273
40,42,503,463,kl,87.46,0.29999999999999716,0.3919106423854828,0.654371440410614,1.036143183708191
40,42,504,464,kl,87.44,-0.01999999999999602,0.35814136266708374,0.6320328712463379,0.9929068088531494
40,42,505,465,kl,87.08,-0.35999999999999943,0.36574888229370117,0.6448115110397339,1.0425587892532349
40,42,506,466,kl,87.54,0.46000000000000796,0.33032363653182983,0.6590843200683594,1.0279603004455566
40,42,507,467,kl,87.68,0.14000000000000057,0.3858811855316162,0.6483018398284912,1.0844688415527344
40,42,508,468,kl,87.26,-0.4200000000000017,0.4243360161781311,0.6835615038871765,1.1956819295883179
40,42,509,469,kl,87.06,-0.20000000000000284,0.41925621032714844,0.7004513740539551,1.166548728942871
40,42,510,470,kl,87.44,0.37999999999999545,0.33861008286476135,0.6724340915679932,1.0417883396148682
40,42,511,471,kl,87.36,-0.0799999999999983,0.31893566250801086,0.6545583009719849,1.0912050008773804
40,42,512,472,kl,87.16,-0.20000000000000284,0.44874125719070435,0.7330622673034668,1.215371012687683
40,42,513,473,kl,87.22,0.060000000000002274,0.3325750231742859,0.6654276847839355,1.081849217414856
40,42,514,474,kl,87.7,0.480000000000004,0.40223556756973267,0.7037535309791565,1.1732730865478516
40,42,515,475,kl,87.0,-0.7000000000000028,0.40936222672462463,0.7367029190063477,1.2202033996582031
40,42,516,476,kl,87.36,0.35999999999999943,0.411504328250885,0.7118257880210876,1.2427940368652344
40,42,517,477,kl,87.28,-0.0799999999999983,0.3873252868652344,0.7253714799880981,1.2594373226165771
40,42,518,478,kl,87.08,-0.20000000000000284,0.42975783348083496,0.7423471808433533,1.2148809432983398
40,42,519,479,kl,86.92,-0.1599999999999966,0.3554540276527405,0.7147570848464966,1.0998238325119019
40,42,520,480,kl,87.22,0.29999999999999716,0.3677551746368408,0.7117912769317627,1.133387565612793
40,42,521,481,kl,87.64,0.4200000000000017,0.3743884861469269,0.71150141954422,1.2747877836227417
40,42,522,482,kl,87.34,-0.29999999999999716,0.3842015862464905,0.6990121006965637,1.2601391077041626
40,42,523,483,kl,87.54,0.20000000000000284,0.34578365087509155,0.6899400949478149,1.2565195560455322
40,42,524,484,kl,87.4,-0.14000000000000057,0.3642078638076782,0.7046947479248047,1.0933483839035034
40,42,525,485,kl,87.14,-0.2600000000000051,0.46617019176483154,0.7755687236785889,1.3975986242294312
40,42,526,486,kl,87.48,0.3400000000000034,0.48250874876976013,0.7958093285560608,1.2349052429199219
40,42,527,487,kl,87.1,-0.38000000000000966,0.43001365661621094,0.7641159892082214,1.2148362398147583
40,42,528,488,kl,87.28,0.18000000000000682,0.4048425257205963,0.7373821139335632,1.3290278911590576
40,42,529,489,kl,87.28,0.0,0.3947266936302185,0.7257724404335022,1.268471598625183
40,42,530,490,kl,87.22,-0.060000000000002274,0.3566210865974426,0.7499114871025085,1.2499821186065674
40,42,531,491,kl,86.96,-0.2600000000000051,0.49803417921066284,0.8481811285018921,1.4867221117019653
40,42,532,492,kl,87.1,0.14000000000000057,0.3195553123950958,0.7224693298339844,1.10085928440094
40,42,533,493,ce,86.94,-0.1599999999999966,0.4369252920150757,0.7694101929664612,1.7381435632705688
40,42,534,494,kl,87.32,0.37999999999999545,0.4370988607406616,0.8475440144538879,1.2432795763015747
40,42,535,495,kl,87.42,0.10000000000000853,0.40979066491127014,0.7876187562942505,1.237201452255249
40,42,536,496,kl,87.3,-0.12000000000000455,0.3796803951263428,0.7915284633636475,1.2747522592544556
40,42,537,497,kl,87.22,-0.0799999999999983,0.47446003556251526,0.8808849453926086,1.3316470384597778
40,42,538,498,kl,87.42,0.20000000000000284,0.40508055686950684,0.7799531817436218,1.274130940437317
40,42,539,499,kl,87.42,0.0,0.32373547554016113,0.7770885229110718,1.1895310878753662
40,42,540,500,kl,87.3,-0.12000000000000455,0.41571933031082153,0.8402115702629089,1.3804078102111816
40,42,541,501,kl,86.88,-0.4200000000000017,0.44128698110580444,0.8438557386398315,1.4590380191802979
40,42,542,502,kl,87.12,0.2400000000000091,0.4399741291999817,0.8499969244003296,1.3122563362121582
40,42,543,503,kl,87.28,0.1599999999999966,0.4030117392539978,0.8600005507469177,1.314919114112854
40,42,544,504,kl,87.02,-0.2600000000000051,0.43726229667663574,0.8807461261749268,1.253890037536621
40,42,545,505,kl,87.04,0.020000000000010232,0.33597004413604736,0.7899689674377441,1.1892004013061523
40,42,546,506,kl,87.22,0.1799999999999926,0.3974819779396057,0.8830258250236511,1.4316315650939941
40,42,547,507,kl,87.18,-0.03999999999999204,0.4763171076774597,0.9437195658683777,1.5851894617080688
40,42,548,508,kl,87.32,0.13999999999998636,0.4215121269226074,0.8701601624488831,1.470811367034912
40,42,549,509,kl,87.42,0.10000000000000853,0.4041658043861389,0.8536823987960815,1.4454935789108276
40,42,550,510,kl,87.14,-0.28000000000000114,0.38280153274536133,0.8314799070358276,1.367210865020752
40,42,551,511,kl,87.1,-0.04000000000000625,0.4137684106826782,0.843404233455658,1.5291553735733032
40,42,552,512,kl,87.62,0.5200000000000102,0.4817105233669281,0.944069504737854,1.5809845924377441
40,42,553,513,kl,87.36,-0.2600000000000051,0.32313773036003113,0.8441331386566162,1.3861323595046997
40,42,554,514,kl,87.28,-0.0799999999999983,0.4507196545600891,0.9509187340736389,1.4743947982788086
40,42,555,515,kl,87.42,0.14000000000000057,0.42222219705581665,0.9204428791999817,1.48917555809021
40,42,556,516,kl,87.2,-0.21999999999999886,0.495998352766037,0.9326896667480469,1.5986354351043701
40,42,557,517,kl,87.18,-0.01999999999999602,0.5399552583694458,0.9978249073028564,1.5623821020126343
40,42,558,518,kl,87.08,-0.10000000000000853,0.3334885537624359,0.8445310592651367,1.3281875848770142
40,42,559,519,kl,87.08,0.0,0.41827160120010376,0.9446235299110413,1.4116755723953247
40,42,560,520,kl,87.02,-0.060000000000002274,0.40216541290283203,0.9052028656005859,1.3683239221572876
40,42,561,521,kl,86.66,-0.35999999999999943,0.4175063967704773,0.9225072264671326,1.489398717880249
40,42,562,522,kl,87.32,0.6599999999999966,0.3797529339790344,0.9234530925750732,1.330852746963501
40,42,563,523,kl,87.28,-0.03999999999999204,0.3811286687850952,0.890798807144165,1.4503049850463867
40,42,564,524,kl,87.62,0.3400000000000034,0.4022812843322754,0.8669710159301758,1.4761054515838623
40,42,565,525,kl,86.96,-0.6600000000000108,0.4440220594406128,0.9396535158157349,1.548991322517395
40,42,566,526,kl,87.08,0.12000000000000455,0.3689836263656616,0.8671335577964783,1.3800731897354126
40,42,567,527,kl,87.32,0.23999999999999488,0.4269889295101166,0.9307249784469604,1.682046890258789
40,42,568,528,kl,86.86,-0.45999999999999375,0.40826407074928284,0.9107537865638733,1.3576909303665161
40,42,569,529,kl,87.18,0.3200000000000074,0.4942744970321655,0.9551334977149963,1.6547951698303223
40,42,570,530,kl,87.3,0.11999999999999034,0.3363650441169739,0.8547940850257874,1.3122150897979736
40,42,571,531,kl,87.14,-0.1599999999999966,0.46766018867492676,0.9215914011001587,1.6566367149353027
40,42,572,532,kl,87.46,0.3199999999999932,0.44213542342185974,0.9490391612052917,1.4823135137557983
40,42,573,533,kl,87.02,-0.4399999999999977,0.45546168088912964,0.9237810969352722,1.5490206480026245
40,42,574,534,ce,86.54,-0.47999999999998977,0.44808799028396606,0.9585396647453308,1.9265758991241455
40,42,575,535,kl,87.38,0.8399999999999892,0.447073757648468,0.9053129553794861,1.483916163444519
40,42,576,536,kl,87.2,-0.1799999999999926,0.4009641110897064,0.8857253789901733,1.4482100009918213
40,42,577,537,kl,86.86,-0.3400000000000034,0.4614298939704895,0.9705206751823425,1.4077497720718384
40,42,578,538,kl,87.18,0.3200000000000074,0.40299421548843384,0.8853289484977722,1.3568068742752075
40,42,579,539,kl,86.9,-0.28000000000000114,0.49011287093162537,0.9256155490875244,1.5290770530700684
40,42,580,540,kl,86.94,0.03999999999999204,0.43450698256492615,0.9361296892166138,1.4678843021392822
40,42,581,541,kl,87.08,0.14000000000000057,0.5522714257240295,1.0475969314575195,1.5617426633834839
40,42,582,542,kl,87.5,0.4200000000000017,0.4080026149749756,0.9370518326759338,1.450884461402893
40,42,583,543,kl,87.44,-0.060000000000002274,0.40700599551200867,0.9104455709457397,1.512991189956665
40,42,584,544,kl,87.26,-0.1799999999999926,0.4095253348350525,0.9362967610359192,1.5150985717773438
40,42,585,545,kl,87.76,0.5,0.45874732732772827,0.9532068371772766,1.4458281993865967
40,42,586,546,kl,86.98,-0.7800000000000011,0.5556737780570984,1.0400019884109497,1.6699235439300537
40,42,587,547,kl,87.34,0.35999999999999943,0.4676721692085266,0.9764488339424133,1.703556776046753
40,42,588,548,kl,86.76,-0.5799999999999983,0.4137223958969116,0.9277443289756775,1.5605326890945435
40,42,589,549,kl,86.58,-0.18000000000000682,0.504288375377655,1.0694587230682373,1.7132107019424438
40,42,590,550,kl,86.82,0.23999999999999488,0.40894055366516113,0.9539656639099121,1.6509978771209717
40,42,591,551,kl,87.12,0.30000000000001137,0.4433997869491577,0.9760087132453918,1.5455162525177002
40,42,592,552,kl,86.92,-0.20000000000000284,0.4669850468635559,0.9418258666992188,1.6122455596923828
40,42,593,553,kl,86.7,-0.21999999999999886,0.4362865686416626,0.9451207518577576,1.4651962518692017
40,42,594,554,kl,86.64,-0.060000000000002274,0.45975032448768616,0.9820206165313721,1.5767053365707397
40,42,595,555,kl,86.58,-0.060000000000002274,0.4725538194179535,0.9842926859855652,1.651414394378662
40,42,596,556,kl,86.66,0.0799999999999983,0.39505499601364136,0.9263453483581543,1.5848777294158936
40,42,597,557,kl,86.94,0.28000000000000114,0.35937628149986267,0.9342762231826782,1.3794928789138794
40,42,598,558,kl,86.84,-0.09999999999999432,0.427786648273468,0.9873794317245483,1.5703916549682617
40,42,599,559,kl,87.14,0.29999999999999716,0.3555506467819214,0.9429692029953003,1.531071662902832
40,42,600,560,kl,87.24,0.09999999999999432,0.3369637727737427,0.9196864366531372,1.5414068698883057
40,42,601,561,kl,87.18,-0.05999999999998806,0.45117247104644775,0.9397464394569397,1.5275418758392334
40,42,602,562,kl,87.1,-0.0800000000000125,0.4444935917854309,0.9565283060073853,1.636492133140564
40,42,603,563,kl,86.9,-0.19999999999998863,0.4013737440109253,0.987178385257721,1.617518424987793
40,42,604,564,kl,87.14,0.23999999999999488,0.45803502202033997,1.0024755001068115,1.7016159296035767
40,42,605,565,kl,87.0,-0.14000000000000057,0.4774734079837799,1.005680799484253,1.610595703125
40,42,606,566,kl,87.02,0.01999999999999602,0.4040059745311737,0.9552229046821594,1.584621787071228
40,42,607,567,kl,87.12,0.10000000000000853,0.5747900009155273,1.1100420951843262,1.69290030002594
40,42,608,568,kl,86.88,-0.2400000000000091,0.49234068393707275,1.010749340057373,1.6295504570007324
40,42,609,569,kl,86.84,-0.03999999999999204,0.44970282912254333,1.0085139274597168,1.695881724357605
40,42,610,570,kl,86.88,0.03999999999999204,0.45274877548217773,1.020648717880249,1.7653958797454834
40,42,611,571,kl,86.78,-0.09999999999999432,0.4362594485282898,0.9566817879676819,1.6347099542617798
40,42,612,572,kl,86.22,-0.5600000000000023,0.45809149742126465,1.0128731727600098,1.686059594154358
40,42,613,573,kl,86.96,0.7399999999999949,0.45091038942337036,0.9905967116355896,1.6936681270599365
40,42,614,574,kl,87.28,0.3200000000000074,0.37644582986831665,0.9762875437736511,1.5866090059280396
40,42,615,575,ce,86.7,-0.5799999999999983,0.339709997177124,0.9089515209197998,1.9906585216522217
40,42,616,576,kl,87.04,0.3400000000000034,0.42534470558166504,0.9898564219474792,1.7542998790740967
40,42,617,577,kl,86.5,-0.5400000000000063,0.5634340047836304,1.1124149560928345,1.7823692560195923
40,42,618,578,kl,86.96,0.45999999999999375,0.5079736113548279,1.0618199110031128,1.8141850233078003
40,42,619,579,kl,86.9,-0.05999999999998806,0.43453449010849,0.9872097969055176,1.5785202980041504
40,42,620,580,kl,86.66,-0.2400000000000091,0.4602227210998535,0.9715219736099243,1.4709303379058838
40,42,621,581,kl,87.02,0.35999999999999943,0.4256587624549866,0.9993224740028381,1.8046071529388428
40,42,622,582,kl,86.6,-0.4200000000000017,0.43731439113616943,1.0006229877471924,1.7205252647399902
40,42,623,583,kl,87.16,0.5600000000000023,0.3751116991043091,0.9329748153686523,1.5656908750534058
40,42,624,584,kl,87.12,-0.03999999999999204,0.41055768728256226,1.0041056871414185,1.6638908386230469
40,42,625,585,kl,86.7,-0.4200000000000017,0.5578968524932861,1.0932732820510864,1.9218192100524902
40,42,626,586,kl,86.86,0.1599999999999966,0.4574522376060486,0.9926571249961853,1.7167214155197144
40,42,627,587,kl,87.02,0.1599999999999966,0.44702446460723877,0.9973444938659668,1.7766802310943604
40,42,628,588,kl,87.32,0.29999999999999716,0.44712594151496887,1.0204912424087524,1.521468997001648
40,42,629,589,kl,86.66,-0.6599999999999966,0.37059104442596436,0.9680755734443665,1.6067954301834106
40,42,630,590,kl,86.98,0.3200000000000074,0.4686174690723419,1.0459818840026855,1.846533179283142
40,42,631,591,kl,87.06,0.0799999999999983,0.4431166350841522,1.0012478828430176,1.7151427268981934
40,42,632,592,kl,86.84,-0.21999999999999886,0.46756771206855774,0.9983863830566406,1.7450453042984009
40,42,633,593,kl,86.82,-0.020000000000010232,0.3899937868118286,0.9749260544776917,1.6491683721542358
40,42,634,594,kl,86.72,-0.09999999999999432,0.475973516702652,1.0099093914031982,1.7131870985031128
40,42,635,595,kl,86.8,0.0799999999999983,0.5326148271560669,1.0909420251846313,1.8596640825271606
40,42,636,596,kl,86.58,-0.21999999999999886,0.4643027186393738,1.0632573366165161,1.5572152137756348
40,42,637,597,kl,86.78,0.20000000000000284,0.4408649504184723,1.0311249494552612,1.5739132165908813
40,42,638,598,kl,86.8,0.01999999999999602,0.46651023626327515,1.0451432466506958,1.6978654861450195
40,42,639,599,kl,86.82,0.01999999999999602,0.39883971214294434,0.963368833065033,1.5741668939590454
40,42,640,600,kl,87.08,0.2600000000000051,0.553856372833252,1.1225528717041016,1.9421818256378174
40,42,641,601,kl,86.56,-0.519999999999996,0.5545867085456848,1.1060795783996582,1.7944308519363403
40,42,642,602,kl,86.9,0.3400000000000034,0.5359176397323608,1.1428887844085693,1.8365124464035034
40,42,643,603,kl,86.94,0.03999999999999204,0.4127542972564697,0.9851749539375305,1.5651826858520508
40,42,644,604,kl,86.48,-0.45999999999999375,0.3925708532333374,0.9764717817306519,1.4845688343048096
40,42,645,605,kl,86.76,0.28000000000000114,0.46265628933906555,1.0099133253097534,1.7285220623016357
40,42,646,606,kl,86.1,-0.6600000000000108,0.50217604637146,1.093659520149231,1.7414417266845703
40,42,647,607,kl,86.46,0.35999999999999943,0.3404207229614258,1.0394114255905151,1.6408580541610718
40,42,648,608,kl,86.62,0.1600000000000108,0.4591841995716095,1.0724810361862183,1.6620771884918213
40,42,649,609,kl,86.8,0.1799999999999926,0.4759256839752197,1.1112853288650513,1.621682047843933
40,42,650,610,kl,86.64,-0.1599999999999966,0.44254666566848755,1.053751826286316,1.7863552570343018
40,42,651,611,kl,86.06,-0.5799999999999983,0.43081629276275635,1.0415306091308594,1.6639407873153687
40,42,652,612,kl,86.88,0.8199999999999932,0.4927845597267151,1.0792356729507446,1.8018280267715454
40,42,653,613,kl,86.96,0.0799999999999983,0.42419135570526123,1.0323351621627808,1.7027530670166016
40,42,654,614,kl,86.9,-0.05999999999998806,0.4363628625869751,1.046586275100708,1.6043167114257812
40,42,655,615,kl,86.3,-0.6000000000000085,0.4634990692138672,1.068047046661377,1.6373941898345947
40,42,656,616,ce,85.58,-0.7199999999999989,0.35245758295059204,0.9278527498245239,2.3813538551330566
40,42,657,617,kl,87.78,2.200000000000003,0.3723701238632202,0.9982945919036865,1.5669310092926025
40,42,658,618,kl,87.8,0.01999999999999602,0.4257076382637024,1.024848222732544,1.6244463920593262
40,42,659,619,kl,87.68,-0.11999999999999034,0.4148154854774475,1.02865731716156,1.5621528625488281
40,42,660,620,kl,87.76,0.0799999999999983,0.3867259621620178,1.0086703300476074,1.5501714944839478
40,42,661,621,kl,87.56,-0.20000000000000284,0.3818570375442505,1.0018409490585327,1.5425812005996704
40,42,662,622,kl,87.82,0.2599999999999909,0.3827413022518158,0.9866923689842224,1.5281769037246704
40,42,663,623,kl,87.72,-0.09999999999999432,0.38128215074539185,0.9864374995231628,1.5574182271957397
40,42,664,624,kl,87.6,-0.12000000000000455,0.37938904762268066,0.9884049892425537,1.5787599086761475
40,42,665,625,kl,87.62,0.020000000000010232,0.39417126774787903,1.0157541036605835,1.5466492176055908
40,42,666,626,kl,87.64,0.01999999999999602,0.37546223402023315,0.9960687160491943,1.5517513751983643
40,42,667,627,kl,87.64,0.0,0.3816261291503906,1.0018091201782227,1.5601539611816406
40,42,668,628,kl,87.54,-0.09999999999999432,0.3735928535461426,0.9944158792495728,1.5622903108596802
40,42,669,629,kl,87.52,-0.020000000000010232,0.40336108207702637,1.0077069997787476,1.6363954544067383
40,42,670,630,kl,87.84,0.3200000000000074,0.38276827335357666,0.9996861219406128,1.6114463806152344
40,42,671,631,kl,87.84,0.0,0.4219356179237366,1.0205333232879639,1.7135639190673828
40,42,672,632,kl,87.68,-0.1599999999999966,0.3933716118335724,1.0295900106430054,1.6624832153320312
40,42,673,633,kl,87.72,0.03999999999999204,0.4269355833530426,1.0419987440109253,1.6677110195159912
40,42,674,634,kl,87.6,-0.12000000000000455,0.41148316860198975,1.0287386178970337,1.664693832397461
40,42,675,635,kl,87.74,0.14000000000000057,0.42373234033584595,1.0490925312042236,1.6466656923294067
40,42,676,636,kl,87.7,-0.03999999999999204,0.42144596576690674,1.031355619430542,1.6257399320602417
40,42,677,637,kl,87.76,0.060000000000002274,0.4043138027191162,1.042387843132019,1.6083885431289673
40,42,678,638,kl,87.64,-0.12000000000000455,0.42647960782051086,1.0648536682128906,1.6515368223190308
40,42,679,639,kl,87.82,0.1799999999999926,0.42768973112106323,1.0480589866638184,1.7257143259048462
40,42,680,640,kl,87.7,-0.11999999999999034,0.4103461503982544,1.0332437753677368,1.6176276206970215
40,42,681,641,kl,87.78,0.0799999999999983,0.4449697732925415,1.0689479112625122,1.6821843385696411
40,42,682,642,kl,87.92,0.14000000000000057,0.4468671679496765,1.0625200271606445,1.68698251247406
40,42,683,643,kl,87.68,-0.23999999999999488,0.41542261838912964,1.0459071397781372,1.6482781171798706
40,42,684,644,kl,87.78,0.09999999999999432,0.43503451347351074,1.0573817491531372,1.6670299768447876
40,42,685,645,kl,87.72,-0.060000000000002274,0.43966394662857056,1.0671625137329102,1.7252509593963623
40,42,686,646,kl,87.78,0.060000000000002274,0.4483039975166321,1.0639218091964722,1.7395604848861694
40,42,687,647,kl,87.62,-0.1599999999999966,0.4262598156929016,1.0804814100265503,1.7096143960952759
40,42,688,648,kl,87.62,0.0,0.423132061958313,1.0696135759353638,1.7106512784957886
40,42,689,649,kl,87.58,-0.04000000000000625,0.41481757164001465,1.0593969821929932,1.6841615438461304
40,42,690,650,kl,87.46,-0.12000000000000455,0.3970089554786682,1.0433411598205566,1.6199899911880493
40,42,691,651,kl,87.46,0.0,0.45440778136253357,1.0994983911514282,1.759726643562317
40,42,692,652,kl,87.5,0.04000000000000625,0.43618813157081604,1.1049407720565796,1.763709306716919
40,42,693,653,kl,87.46,-0.04000000000000625,0.4360237121582031,1.1069142818450928,1.7764904499053955
40,42,694,654,kl,87.48,0.020000000000010232,0.41366544365882874,1.0834122896194458,1.6815385818481445
40,42,695,655,kl,87.56,0.0799999999999983,0.4114505648612976,1.0620591640472412,1.7062510251998901
40,42,696,656,kl,87.46,-0.10000000000000853,0.4348191022872925,1.0988109111785889,1.733894944190979
40,42,697,657,ce,87.64,0.18000000000000682,0.4169805347919464,1.1091326475143433,1.8121733665466309
40,42,698,658,kl,87.64,0.0,0.4282808005809784,1.1062554121017456,1.7964553833007812
40,42,699,659,kl,87.78,0.14000000000000057,0.42870664596557617,1.0987555980682373,1.788185715675354
40,42,700,660,kl,87.36,-0.4200000000000017,0.4236370921134949,1.096320629119873,1.8068773746490479
40,42,701,661,kl,87.4,0.04000000000000625,0.40762048959732056,1.0811874866485596,1.7143590450286865
40,42,702,662,kl,87.56,0.1599999999999966,0.4314438998699188,1.107753872871399,1.8106790781021118
40,42,703,663,kl,87.38,-0.18000000000000682,0.4044986963272095,1.0772498846054077,1.7909268140792847
40,42,704,664,kl,87.66,0.28000000000000114,0.460104376077652,1.1198680400848389,1.8692281246185303
40,42,705,665,kl,87.44,-0.21999999999999886,0.45116138458251953,1.132973551750183,1.8515692949295044
40,42,706,666,kl,87.52,0.0799999999999983,0.402205228805542,1.089113473892212,1.7597200870513916
40,42,707,667,kl,87.7,0.18000000000000682,0.4119871258735657,1.1028481721878052,1.8158068656921387
40,42,708,668,kl,87.42,-0.28000000000000114,0.4160441756248474,1.1178913116455078,1.7769607305526733
40,42,709,669,kl,87.28,-0.14000000000000057,0.4179714024066925,1.1080546379089355,1.8061434030532837
40,42,710,670,kl,87.36,0.0799999999999983,0.4460469186306,1.1351577043533325,1.8798599243164062
40,42,711,671,kl,87.44,0.0799999999999983,0.3964412808418274,1.102412223815918,1.8074052333831787
40,42,712,672,kl,87.62,0.18000000000000682,0.4611504375934601,1.154056191444397,1.891788363456726
40,42,713,673,kl,87.56,-0.060000000000002274,0.4362969994544983,1.1576050519943237,1.830013394355774
40,42,714,674,kl,87.36,-0.20000000000000284,0.41561493277549744,1.1271905899047852,1.8412415981292725
40,42,715,675,kl,87.48,0.12000000000000455,0.4178972840309143,1.1185013055801392,1.8085565567016602
40,42,716,676,kl,87.5,0.01999999999999602,0.3910970687866211,1.1083632707595825,1.7559163570404053
40,42,717,677,kl,87.58,0.0799999999999983,0.42961201071739197,1.131725549697876,1.7532607316970825
40,42,718,678,kl,87.44,-0.14000000000000057,0.4426206648349762,1.1488804817199707,1.9118361473083496
40,42,719,679,kl,87.18,-0.2599999999999909,0.43538907170295715,1.143068552017212,1.8550729751586914
40,42,720,680,kl,87.56,0.37999999999999545,0.4234131872653961,1.1280007362365723,1.7874246835708618
40,42,721,681,kl,87.46,-0.10000000000000853,0.44278961420059204,1.1561293601989746,1.8750356435775757
40,42,722,682,kl,87.68,0.22000000000001307,0.4161067008972168,1.123304843902588,1.8037421703338623
40,42,723,683,kl,87.56,-0.12000000000000455,0.44713425636291504,1.1251381635665894,1.8659669160842896
40,42,724,684,kl,87.42,-0.14000000000000057,0.4052731394767761,1.1042633056640625,1.8353487253189087
40,42,725,685,kl,87.3,-0.12000000000000455,0.4521142542362213,1.1470173597335815,1.8921699523925781
40,42,726,686,kl,87.46,0.1599999999999966,0.45239245891571045,1.1538559198379517,1.9567588567733765
40,42,727,687,kl,87.46,0.0,0.4173094928264618,1.1326920986175537,1.8324787616729736
40,42,728,688,kl,87.38,-0.0799999999999983,0.41117167472839355,1.1144219636917114,1.8148740530014038
40,42,729,689,kl,87.28,-0.09999999999999432,0.4185369610786438,1.1483713388442993,1.9345744848251343
40,42,730,690,kl,87.5,0.21999999999999886,0.4248698353767395,1.1225128173828125,1.8682997226715088
40,42,731,691,kl,87.16,-0.3400000000000034,0.46362143754959106,1.1750138998031616,1.896985650062561
40,42,732,692,kl,87.5,0.3400000000000034,0.4527767300605774,1.154356837272644,1.8878415822982788
40,42,733,693,kl,87.52,0.01999999999999602,0.42220064997673035,1.1522663831710815,1.8872140645980835
40,42,734,694,kl,87.42,-0.09999999999999432,0.4198704957962036,1.1464698314666748,1.7992862462997437
40,42,735,695,kl,87.44,0.01999999999999602,0.42788103222846985,1.1634238958358765,1.889549732208252
40,42,736,696,kl,87.34,-0.09999999999999432,0.4483254551887512,1.1635648012161255,1.919782280921936
40,42,737,697,kl,87.52,0.1799999999999926,0.40826094150543213,1.1475343704223633,1.7987314462661743
40,42,738,698,ce,87.52,0.0,0.46199119091033936,1.184758186340332,2.089338779449463
40,42,739,699,kl,87.64,0.12000000000000455,0.39689362049102783,1.145101547241211,1.866253137588501
40,42,740,700,kl,87.54,-0.09999999999999432,0.4512646794319153,1.189478874206543,1.9348496198654175
40,42,741,701,kl,87.58,0.03999999999999204,0.4114147424697876,1.1540435552597046,1.8708281517028809
40,42,742,702,kl,87.72,0.14000000000000057,0.41927236318588257,1.1509785652160645,1.8695542812347412
40,42,743,703,kl,87.46,-0.2600000000000051,0.43055278062820435,1.1656885147094727,1.920568823814392
40,42,744,704,kl,87.64,0.18000000000000682,0.43919211626052856,1.1834796667099,1.9659223556518555
40,42,745,705,kl,87.48,-0.1599999999999966,0.468065470457077,1.2075073719024658,2.0005111694335938
40,42,746,706,kl,87.28,-0.20000000000000284,0.44571858644485474,1.1896289587020874,1.9738086462020874
40,42,747,707,kl,87.6,0.3199999999999932,0.41481462121009827,1.1669049263000488,1.9377517700195312
40,42,748,708,kl,87.58,-0.01999999999999602,0.4313776195049286,1.1819978952407837,1.948137879371643
40,42,749,709,kl,87.44,-0.14000000000000057,0.4431699514389038,1.205600619316101,2.019221305847168
40,42,750,710,kl,87.56,0.12000000000000455,0.448175847530365,1.189970850944519,2.0303292274475098
40,42,751,711,kl,87.54,-0.01999999999999602,0.41720035672187805,1.176877737045288,1.894034743309021
40,42,752,712,kl,87.46,-0.0800000000000125,0.4077393412590027,1.1624057292938232,1.9329756498336792
40,42,753,713,kl,87.54,0.0800000000000125,0.4463759660720825,1.1903492212295532,1.9795136451721191
40,42,754,714,kl,87.72,0.1799999999999926,0.44300851225852966,1.2013280391693115,1.9261648654937744
40,42,755,715,kl,87.52,-0.20000000000000284,0.43557366728782654,1.1961699724197388,1.9388093948364258
40,42,756,716,kl,87.5,-0.01999999999999602,0.4269043803215027,1.2038573026657104,1.9754080772399902
40,42,757,717,kl,87.48,-0.01999999999999602,0.4244382083415985,1.1933461427688599,1.9834240674972534
40,42,758,718,kl,87.46,-0.020000000000010232,0.43106400966644287,1.2152271270751953,1.953182578086853
40,42,759,719,kl,87.54,0.0800000000000125,0.4665065109729767,1.2331684827804565,2.0885884761810303
40,42,760,720,kl,87.62,0.0799999999999983,0.455893337726593,1.2128269672393799,2.025709629058838
40,42,761,721,kl,87.34,-0.28000000000000114,0.43409717082977295,1.2058144807815552,2.0022878646850586
40,42,762,722,kl,87.26,-0.0799999999999983,0.43944114446640015,1.2124927043914795,1.9838001728057861
40,42,763,723,kl,87.3,0.03999999999999204,0.43473750352859497,1.2060229778289795,1.9737130403518677
40,42,764,724,kl,87.5,0.20000000000000284,0.4521488547325134,1.203589677810669,2.040499210357666
40,42,765,725,kl,87.54,0.04000000000000625,0.4339473843574524,1.1976398229599,2.047583818435669
40,42,766,726,kl,87.68,0.14000000000000057,0.4225148856639862,1.208943247795105,1.9984396696090698
40,42,767,727,kl,87.68,0.0,0.42525002360343933,1.208910584449768,1.9786297082901
40,42,768,728,kl,87.64,-0.04000000000000625,0.4729275107383728,1.2593357563018799,2.0892937183380127
40,42,769,729,kl,87.44,-0.20000000000000284,0.4524195194244385,1.2430508136749268,2.0769457817077637
40,42,770,730,kl,87.56,0.12000000000000455,0.4365197718143463,1.2276887893676758,2.029540538787842
40,42,771,731,kl,87.38,-0.18000000000000682,0.41853323578834534,1.232003092765808,1.990036964416504
40,42,772,732,kl,87.44,0.060000000000002274,0.46389520168304443,1.2681909799575806,2.0454394817352295
40,42,773,733,kl,87.56,0.12000000000000455,0.4703487455844879,1.2785879373550415,2.0930442810058594
40,42,774,734,kl,87.62,0.060000000000002274,0.45744556188583374,1.257622241973877,2.091613292694092
40,42,775,735,kl,87.54,-0.0799999999999983,0.46033862233161926,1.2710142135620117,2.0693984031677246
40,42,776,736,kl,87.3,-0.2400000000000091,0.4432505667209625,1.253013253211975,2.1125380992889404
40,42,777,737,kl,87.38,0.0799999999999983,0.462493896484375,1.252893090248108,2.065708875656128
40,42,778,738,kl,87.46,0.0799999999999983,0.44128167629241943,1.2715060710906982,2.097912311553955
40,42,779,739,ce,87.58,0.12000000000000455,0.4307173490524292,1.2536075115203857,2.098235845565796
40,42,780,740,kl,87.36,-0.21999999999999886,0.47273287177085876,1.3005030155181885,2.1614623069763184
40,42,781,741,kl,87.46,0.09999999999999432,0.45816755294799805,1.2696086168289185,2.0378599166870117
40,42,782,742,kl,87.42,-0.03999999999999204,0.431526243686676,1.2548437118530273,2.1098172664642334
40,42,783,743,kl,87.5,0.0799999999999983,0.44324803352355957,1.2412790060043335,2.126755714416504
40,42,784,744,kl,87.48,-0.01999999999999602,0.44917115569114685,1.2587307691574097,2.1125850677490234
40,42,785,745,kl,87.4,-0.0799999999999983,0.47101518511772156,1.2929232120513916,2.096808671951294
40,42,786,746,kl,87.34,-0.060000000000002274,0.42714717984199524,1.2479901313781738,2.0752785205841064
40,42,787,747,kl,87.48,0.14000000000000057,0.4603617787361145,1.2603120803833008,2.1089305877685547
40,42,788,748,kl,87.5,0.01999999999999602,0.4610152244567871,1.289875864982605,2.1469674110412598
40,42,789,749,kl,87.48,-0.01999999999999602,0.48832303285598755,1.3262604475021362,2.143770217895508
40,42,790,750,kl,87.58,0.09999999999999432,0.4316423535346985,1.2767659425735474,2.1135668754577637
40,42,791,751,kl,87.48,-0.09999999999999432,0.4429064393043518,1.2686816453933716,2.0999813079833984
40,42,792,752,kl,87.5,0.01999999999999602,0.4690360128879547,1.2924374341964722,2.136906385421753
40,42,793,753,kl,87.7,0.20000000000000284,0.4580872654914856,1.2954444885253906,2.153726816177368
40,42,794,754,kl,87.24,-0.46000000000000796,0.3787807822227478,1.2220380306243896,1.9475345611572266
40,42,795,755,kl,87.56,0.3200000000000074,0.3952889144420624,1.2535195350646973,2.0170249938964844
40,42,796,756,kl,87.56,0.0,0.4672935903072357,1.296960711479187,2.2542150020599365
40,42,797,757,kl,87.6,0.03999999999999204,0.4311544597148895,1.2754899263381958,2.134841203689575
40,42,798,758,kl,87.48,-0.11999999999999034,0.45698919892311096,1.2839117050170898,2.1102871894836426
40,42,799,759,kl,87.54,0.060000000000002274,0.4550135135650635,1.296492576599121,2.0861494541168213
40,42,800,760,kl,87.26,-0.28000000000000114,0.44349485635757446,1.2924989461898804,2.1240220069885254
40,42,801,761,kl,87.58,0.3199999999999932,0.4485148787498474,1.3037751913070679,2.1375579833984375
40,42,802,762,kl,87.28,-0.29999999999999716,0.44144415855407715,1.2996302843093872,2.175244092941284
40,42,803,763,kl,87.4,0.12000000000000455,0.45971065759658813,1.3081716299057007,2.2090237140655518
40,42,804,764,kl,87.38,-0.020000000000010232,0.4491051137447357,1.3021912574768066,2.1626100540161133
40,42,805,765,kl,87.48,0.10000000000000853,0.40631693601608276,1.2687292098999023,2.0781874656677246
40,42,806,766,kl,87.3,-0.18000000000000682,0.41890862584114075,1.2790348529815674,2.075218677520752
40,42,807,767,kl,87.38,0.0799999999999983,0.4526349604129791,1.3172053098678589,2.202303886413574
40,42,808,768,kl,87.38,0.0,0.45293471217155457,1.3116724491119385,2.1985788345336914
40,42,809,769,kl,87.48,0.10000000000000853,0.43683329224586487,1.3043535947799683,2.140381336212158
40,42,810,770,kl,87.18,-0.29999999999999716,0.4491724371910095,1.3121761083602905,2.3024895191192627
40,42,811,771,kl,87.32,0.13999999999998636,0.4585832357406616,1.3160266876220703,2.216977119445801
40,42,812,772,kl,87.26,-0.05999999999998806,0.41826295852661133,1.2792127132415771,2.1376702785491943
40,42,813,773,kl,87.22,-0.04000000000000625,0.47475823760032654,1.34378981590271,2.245389461517334
40,42,814,774,kl,87.5,0.28000000000000114,0.48502910137176514,1.33830988407135,2.2043023109436035
40,42,815,775,kl,87.44,-0.060000000000002274,0.45370158553123474,1.335079550743103,2.1184160709381104
40,42,816,776,kl,87.38,-0.060000000000002274,0.4440120756626129,1.3034623861312866,2.1563944816589355
40,42,817,777,kl,87.48,0.10000000000000853,0.4689280688762665,1.3550574779510498,2.186971664428711
40,42,818,778,kl,87.56,0.0799999999999983,0.4592060446739197,1.3188011646270752,2.278698444366455
40,42,819,779,kl,87.56,0.0,0.48084592819213867,1.3498363494873047,2.2743613719940186
40,42,820,780,ce,87.8,0.23999999999999488,0.42330625653266907,1.3170080184936523,2.2503974437713623
40,456,1,-39,kl,34.02,24.340000000000003,0.6672551035881042,0.9199263453483582,1.538153052330017
40,456,2,-38,kl,43.52,9.5,0.5648211240768433,0.6520738005638123,1.0232738256454468
40,456,3,-37,kl,51.06,7.539999999999999,0.5655927658081055,0.5874127745628357,1.3577300310134888
40,456,4,-36,kl,59.54,8.479999999999997,0.39772674441337585,0.4539373517036438,1.0666061639785767
40,456,5,-35,kl,62.68,3.1400000000000006,0.31563040614128113,0.4215078055858612,0.9327003359794617
40,456,6,-34,kl,69.32,6.6399999999999935,0.3071187138557434,0.425400972366333,0.931264340877533
40,456,7,-33,kl,69.18,-0.13999999999998636,0.6339848637580872,0.46733543276786804,0.9166303873062134
40,456,8,-32,kl,72.08,2.8999999999999915,0.6535918116569519,0.4935726523399353,0.8126869797706604
40,456,9,-31,kl,72.56,0.480000000000004,0.7384891510009766,0.5319523811340332,1.139670491218567
40,456,10,-30,kl,72.9,0.3400000000000034,0.7580650448799133,0.555126965045929,1.4753433465957642
40,456,11,-29,kl,75.42,2.519999999999996,0.5024949312210083,0.425888329744339,0.822218120098114
40,456,12,-28,kl,75.06,-0.35999999999999943,0.7612543106079102,0.5556743144989014,1.067988634109497
40,456,13,-27,kl,77.88,2.819999999999993,0.5279679298400879,0.43039631843566895,0.8731977939605713
40,456,14,-26,kl,75.86,-2.019999999999996,0.7732830047607422,0.5552546977996826,1.063897967338562
40,456,15,-25,kl,76.98,1.1200000000000045,0.6883537769317627,0.5023945569992065,0.994471549987793
40,456,16,-24,kl,76.9,-0.0799999999999983,0.4451266825199127,0.4713071584701538,1.020561933517456
40,456,17,-23,kl,78.7,1.7999999999999972,0.5727150440216064,0.416079044342041,0.9759846925735474
40,456,18,-22,kl,78.06,-0.6400000000000006,0.6493983268737793,0.4641452133655548,1.0576767921447754
40,456,19,-21,kl,78.94,0.8799999999999955,0.3443562686443329,0.42221128940582275,0.9437189102172852
40,456,20,-20,kl,78.04,-0.8999999999999915,0.630800724029541,0.47411996126174927,0.8372100591659546
40,456,21,-19,kl,76.72,-1.3200000000000074,0.6796160936355591,0.49827489256858826,0.9637717008590698
40,456,22,-18,kl,78.52,1.7999999999999972,0.7524244785308838,0.5473827719688416,1.1296604871749878
40,456,23,-17,kl,79.74,1.2199999999999989,0.5388135313987732,0.4343293309211731,0.8695902824401855
40,456,24,-16,kl,79.06,-0.6799999999999926,0.6324021816253662,0.46245425939559937,0.9910364151000977
40,456,25,-15,kl,79.84,0.7800000000000011,0.5197277069091797,0.40859121084213257,0.7492961883544922
40,456,26,-14,kl,80.12,0.28000000000000114,0.6266254186630249,0.4843747019767761,0.954384446144104
40,456,27,-13,kl,79.52,-0.6000000000000085,0.7215104103088379,0.5326207876205444,1.1877832412719727
40,456,28,-12,kl,80.26,0.7400000000000091,0.4474782347679138,0.41555657982826233,0.8126417994499207
40,456,29,-11,kl,79.92,-0.3400000000000034,0.6507740020751953,0.5227298736572266,1.0099990367889404
40,456,30,-10,kl,80.78,0.8599999999999994,0.4170278310775757,0.4110751152038574,0.8559336066246033
40,456,31,-9,kl,79.44,-1.3400000000000034,0.7370015382766724,0.5548102259635925,1.0464175939559937
40,456,32,-8,kl,79.7,0.2600000000000051,0.6525219678878784,0.4787244200706482,0.7770695090293884
40,456,33,-7,kl,80.68,0.980000000000004,0.7393711805343628,0.503650963306427,0.9017709493637085
40,456,34,-6,kl,79.5,-1.1800000000000068,0.6803559064865112,0.49767550826072693,0.9997345805168152
40,456,35,-5,kl,80.28,0.7800000000000011,0.5781790018081665,0.4608495235443115,0.9545285701751709
40,456,36,-4,kl,81.6,1.3199999999999932,0.6377512216567993,0.4777987599372864,0.8720502257347107
40,456,37,-3,kl,81.1,-0.5,0.6896137595176697,0.5141345858573914,0.8776587843894958
40,456,38,-2,kl,81.32,0.21999999999999886,0.536051869392395,0.46115660667419434,0.9425498843193054
40,456,39,-1,kl,81.14,-0.1799999999999926,0.6799047589302063,0.5114924311637878,0.9726904034614563
40,456,40,0,kl,81.36,0.21999999999999886,0.5936916470527649,0.4779299795627594,0.7866249084472656
40,456,41,1,ce,79.92,-1.4399999999999977,0.2565232515335083,0.3744896948337555,1.6562883853912354
40,456,42,2,kl,77.26,-2.6599999999999966,0.5955928564071655,0.49750426411628723,0.9781917333602905
40,456,43,3,kl,80.06,2.799999999999997,0.5187281966209412,0.47441959381103516,0.7907485961914062
40,456,44,4,kl,81.18,1.1200000000000045,0.6267214417457581,0.48602378368377686,0.9414207935333252
40,456,45,5,kl,81.62,0.4399999999999977,0.518335223197937,0.478858083486557,0.8420146703720093
40,456,46,6,kl,81.52,-0.10000000000000853,0.6612018346786499,0.526422917842865,1.0846298933029175
40,456,47,7,kl,81.62,0.10000000000000853,0.6589627861976624,0.49915680289268494,1.0870182514190674
40,456,48,8,kl,78.5,-3.1200000000000045,0.6553349494934082,0.5178700089454651,1.0227372646331787
40,456,49,9,kl,80.98,2.480000000000004,0.6821810007095337,0.5486529469490051,1.0808221101760864
40,456,50,10,kl,81.08,0.09999999999999432,0.6325385570526123,0.4693411886692047,0.7876408100128174
40,456,51,11,kl,82.02,0.9399999999999977,0.46113622188568115,0.42858612537384033,0.8719279170036316
40,456,52,12,kl,79.4,-2.6199999999999903,0.6466288566589355,0.46213504672050476,0.8449816107749939
40,456,53,13,kl,78.02,-1.3800000000000097,0.5827834606170654,0.5261040329933167,1.0453253984451294
40,456,54,14,kl,79.26,1.240000000000009,0.7093471884727478,0.5430082678794861,1.0319864749908447
40,456,55,15,kl,81.82,2.559999999999988,0.4883212745189667,0.44857197999954224,0.8207029104232788
40,456,56,16,kl,81.52,-0.29999999999999716,0.6616350412368774,0.4884442090988159,0.8404552340507507
40,456,57,17,kl,81.26,-0.2599999999999909,0.5891947746276855,0.5153668522834778,1.0142900943756104
40,456,58,18,kl,82.12,0.8599999999999994,0.6091590523719788,0.4760056436061859,0.9121790528297424
40,456,59,19,kl,80.76,-1.3599999999999994,0.6084413528442383,0.4965628385543823,0.9422651529312134
40,456,60,20,kl,81.12,0.35999999999999943,0.667892336845398,0.5165500640869141,0.9635409116744995
40,456,61,21,kl,81.48,0.35999999999999943,0.6252164840698242,0.4974959194660187,1.1187676191329956
40,456,62,22,kl,79.76,-1.7199999999999989,0.5679876804351807,0.4843454957008362,0.967361569404602
40,456,63,23,kl,81.98,2.219999999999999,0.6250416040420532,0.45859724283218384,0.8005679845809937
40,456,64,24,kl,82.04,0.060000000000002274,0.6319555044174194,0.4710625410079956,0.8811653852462769
40,456,65,25,kl,81.62,-0.4200000000000017,0.6597180366516113,0.5207247734069824,0.8575283885002136
40,456,66,26,kl,80.88,-0.7400000000000091,0.40675681829452515,0.4392220079898834,1.0534566640853882
40,456,67,27,kl,82.02,1.1400000000000006,0.6268055438995361,0.5085738301277161,0.9896445870399475
40,456,68,28,kl,82.84,0.8200000000000074,0.5654069185256958,0.4483996331691742,0.8848930597305298
40,456,69,29,kl,81.36,-1.480000000000004,0.6925958395004272,0.5212494730949402,0.9539055824279785
40,456,70,30,kl,80.94,-0.4200000000000017,0.5698632001876831,0.488167405128479,0.9846708178520203
40,456,71,31,kl,82.96,2.019999999999996,0.6469230055809021,0.4958668053150177,0.8785471320152283
40,456,72,32,kl,82.26,-0.6999999999999886,0.562301516532898,0.47447389364242554,0.8845031261444092
40,456,73,33,kl,79.3,-2.960000000000008,0.7308794260025024,0.5699568390846252,1.09017813205719
40,456,74,34,kl,77.04,-2.259999999999991,0.860664427280426,0.7953743934631348,1.706053376197815
40,456,75,35,kl,79.76,2.719999999999999,0.7504523992538452,0.6155509948730469,1.2903591394424438
40,456,76,36,kl,81.72,1.9599999999999937,0.533888041973114,0.4492100179195404,0.7227433323860168
40,456,77,37,kl,81.06,-0.6599999999999966,0.6652057766914368,0.5188637375831604,0.9481182098388672
40,456,78,38,kl,81.62,0.5600000000000023,0.5031012296676636,0.47958895564079285,0.9485828280448914
40,456,79,39,kl,81.3,-0.3200000000000074,0.6373915076255798,0.528285026550293,1.1145116090774536
40,456,80,40,kl,79.78,-1.519999999999996,0.36614924669265747,0.42322003841400146,0.9041907787322998
40,456,81,41,kl,80.78,1.0,0.6264334917068481,0.5152302980422974,1.0539809465408325
40,456,82,42,ce,83.34,2.5600000000000023,0.21790146827697754,0.36567533016204834,1.450560212135315
40,456,83,43,kl,80.4,-2.9399999999999977,0.7146893739700317,0.5956828594207764,1.0488897562026978
40,456,84,44,kl,81.16,0.7599999999999909,0.7048859596252441,0.5716325044631958,0.9926621317863464
40,456,85,45,kl,82.2,1.0400000000000063,0.6387228965759277,0.4749133288860321,0.8766664862632751
40,456,86,46,kl,81.38,-0.8200000000000074,0.5334818363189697,0.4531250298023224,0.857316255569458
40,456,87,47,kl,82.34,0.960000000000008,0.6571648120880127,0.5064399838447571,0.8916506767272949
40,456,88,48,kl,82.82,0.47999999999998977,0.46745502948760986,0.45000743865966797,0.7759647965431213
40,456,89,49,kl,81.8,-1.019999999999996,0.5489189624786377,0.4713977873325348,0.7712307572364807
40,456,90,50,kl,81.86,0.060000000000002274,0.5264242887496948,0.4624861180782318,1.0750923156738281
40,456,91,51,kl,82.14,0.28000000000000114,0.685737133026123,0.4996122717857361,0.9619303345680237
40,456,92,52,kl,81.46,-0.6800000000000068,0.5494517683982849,0.4949035048484802,0.8652856349945068
40,456,93,53,kl,82.04,0.5800000000000125,0.4997306168079376,0.43969830870628357,0.8111369609832764
40,456,94,54,kl,81.56,-0.480000000000004,0.5320858359336853,0.45374947786331177,0.9686284065246582
40,456,95,55,kl,81.36,-0.20000000000000284,0.4033648371696472,0.47152891755104065,0.9659707546234131
40,456,96,56,kl,83.56,2.200000000000003,0.5622425675392151,0.4462525546550751,0.8192689418792725
40,456,97,57,kl,82.9,-0.6599999999999966,0.5035973787307739,0.44686460494995117,0.7857972979545593
40,456,98,58,kl,82.62,-0.28000000000000114,0.5299023985862732,0.46408191323280334,1.027775764465332
40,456,99,59,kl,83.1,0.47999999999998977,0.5952266454696655,0.4702812731266022,0.8098058104515076
40,456,100,60,kl,81.28,-1.8199999999999932,0.5691704750061035,0.4629823565483093,1.019181489944458
40,456,101,61,kl,80.32,-0.960000000000008,0.6691707968711853,0.5672027468681335,0.9774499535560608
40,456,102,62,kl,82.06,1.740000000000009,0.6603037118911743,0.5002957582473755,0.9537995457649231
40,456,103,63,kl,82.22,0.1599999999999966,0.41652238368988037,0.4353165030479431,0.8100124597549438
40,456,104,64,kl,81.26,-0.9599999999999937,0.5996677279472351,0.5007906556129456,1.1269972324371338
40,456,105,65,kl,83.02,1.759999999999991,0.5267386436462402,0.4713725447654724,0.9241685271263123
40,456,106,66,kl,82.54,-0.47999999999998977,0.5826832056045532,0.48844507336616516,0.8548102378845215
40,456,107,67,kl,82.84,0.29999999999999716,0.5935112237930298,0.49656814336776733,0.8223105072975159
40,456,108,68,kl,82.74,-0.10000000000000853,0.5018337965011597,0.43340155482292175,0.6716857552528381
40,456,109,69,kl,82.16,-0.5799999999999983,0.5322843790054321,0.46513625979423523,0.9442843198776245
40,456,110,70,kl,82.72,0.5600000000000023,0.6177687644958496,0.4826476573944092,0.8077628016471863
40,456,111,71,kl,82.2,-0.519999999999996,0.4936347007751465,0.46980801224708557,0.8877487182617188
40,456,112,72,kl,81.86,-0.3400000000000034,0.47689515352249146,0.44243353605270386,0.9023826122283936
40,456,113,73,kl,81.3,-0.5600000000000023,0.5992214679718018,0.47230443358421326,0.8391530513763428
40,456,114,74,kl,82.6,1.2999999999999972,0.43221616744995117,0.43296733498573303,0.898668110370636
40,456,115,75,kl,81.82,-0.7800000000000011,0.5623564124107361,0.47165897488594055,0.861758291721344
40,456,116,76,kl,80.54,-1.279999999999987,0.6331837773323059,0.5360484719276428,1.0815495252609253
40,456,117,77,kl,82.06,1.519999999999996,0.5977309346199036,0.48251399397850037,0.8816217184066772
40,456,118,78,kl,82.76,0.7000000000000028,0.4317459166049957,0.45858633518218994,0.9687104225158691
40,456,119,79,kl,82.0,-0.7600000000000051,0.4810701012611389,0.4554169774055481,0.8780370950698853
40,456,120,80,kl,81.38,-0.6200000000000045,0.5940454006195068,0.4839843809604645,0.9555827975273132
40,456,121,81,kl,79.46,-1.9200000000000017,0.7422738075256348,0.5749927759170532,0.9999591112136841
40,456,122,82,kl,82.76,3.3000000000000114,0.4706224501132965,0.4472912847995758,0.6971538662910461
40,456,123,83,ce,82.6,-0.1600000000000108,0.11469194293022156,0.32493191957473755,1.5631662607192993
40,456,124,84,kl,79.34,-3.259999999999991,0.6358369588851929,0.5509757995605469,1.067400336265564
40,456,125,85,kl,81.18,1.8400000000000034,0.5222037434577942,0.50621497631073,0.967854917049408
40,456,126,86,kl,82.62,1.4399999999999977,0.6172052621841431,0.5001389980316162,1.1928023099899292
40,456,127,87,kl,81.12,-1.5,0.6409425735473633,0.5334385633468628,0.922056257724762
40,456,128,88,kl,81.6,0.47999999999998977,0.4788413941860199,0.4764329493045807,0.8329641819000244
40,456,129,89,kl,82.08,0.480000000000004,0.48798084259033203,0.44131872057914734,0.9208986163139343
40,456,130,90,kl,80.06,-2.019999999999996,0.7010226249694824,0.5709844827651978,1.2938941717147827
40,456,131,91,kl,81.86,1.7999999999999972,0.4267818033695221,0.44748449325561523,0.9396539926528931
40,456,132,92,kl,83.5,1.6400000000000006,0.5553584098815918,0.4307612180709839,0.9205633401870728
40,456,133,93,kl,81.86,-1.6400000000000006,0.5810731649398804,0.48383426666259766,0.7747219800949097
40,456,134,94,kl,82.24,0.37999999999999545,0.5817460417747498,0.4844530522823334,0.9494936466217041
40,456,135,95,kl,82.08,-0.1599999999999966,0.576890766620636,0.48044121265411377,0.7513302564620972
40,456,136,96,kl,80.78,-1.2999999999999972,0.6790485382080078,0.5519770383834839,1.1091127395629883
40,456,137,97,kl,82.52,1.7399999999999949,0.4950792193412781,0.46302738785743713,0.8240513205528259
40,456,138,98,kl,82.16,-0.35999999999999943,0.663548469543457,0.5081348419189453,0.9968605637550354
40,456,139,99,kl,79.86,-2.299999999999997,0.7858676910400391,0.6304497718811035,1.2221537828445435
40,456,140,100,kl,82.48,2.6200000000000045,0.6495789289474487,0.5282193422317505,0.9483429789543152
40,456,141,101,kl,82.02,-0.46000000000000796,0.49398964643478394,0.48257678747177124,0.9461385607719421
40,456,142,102,kl,82.72,0.7000000000000028,0.48474156856536865,0.4505263864994049,1.0045318603515625
40,456,143,103,kl,81.6,-1.1200000000000045,0.5250856280326843,0.40572065114974976,0.8947892189025879
40,456,144,104,kl,82.12,0.5200000000000102,0.512116014957428,0.4529536962509155,0.8317185640335083
40,456,145,105,kl,82.5,0.37999999999999545,0.6410138607025146,0.483431875705719,0.984051525592804
40,456,146,106,kl,81.86,-0.6400000000000006,0.6344667673110962,0.4816419780254364,0.9079598188400269
40,456,147,107,kl,82.22,0.35999999999999943,0.6576409339904785,0.542824387550354,0.8336837887763977
40,456,148,108,kl,80.14,-2.0799999999999983,0.5246701240539551,0.5214645266532898,1.080626130104065
40,456,149,109,kl,80.58,0.4399999999999977,0.4733906388282776,0.4957103729248047,0.9744697213172913
40,456,150,110,kl,81.5,0.9200000000000017,0.6086442470550537,0.4943639039993286,0.875861644744873
40,456,151,111,kl,83.7,2.200000000000003,0.5555664896965027,0.46821725368499756,0.8561481833457947
40,456,152,112,kl,80.6,-3.1000000000000085,0.6075499653816223,0.5711766481399536,1.0967159271240234
40,456,153,113,kl,82.26,1.6600000000000108,0.563275933265686,0.4593733847141266,0.7726070284843445
40,456,154,114,kl,83.16,0.8999999999999915,0.4648115932941437,0.452453076839447,0.8972122073173523
40,456,155,115,kl,82.88,-0.28000000000000114,0.5867130160331726,0.47347989678382874,0.8481783270835876
40,456,156,116,kl,81.54,-1.3399999999999892,0.39540737867355347,0.4341982901096344,1.0517674684524536
40,456,157,117,kl,82.18,0.6400000000000006,0.6729975938796997,0.5646178126335144,1.2131047248840332
40,456,158,118,kl,83.26,1.0799999999999983,0.45673274993896484,0.4215073883533478,0.8657767176628113
40,456,159,119,kl,82.28,-0.980000000000004,0.5200372338294983,0.49857857823371887,0.9047350883483887
40,456,160,120,kl,81.96,-0.3200000000000074,0.6239649057388306,0.4969841241836548,0.9557811617851257
40,456,161,121,kl,82.18,0.22000000000001307,0.6185423135757446,0.4848230481147766,0.9826611280441284
40,456,162,122,kl,81.86,-0.3200000000000074,0.6319177150726318,0.498617559671402,0.8201718926429749
40,456,163,123,kl,81.78,-0.0799999999999983,0.5196523666381836,0.4939229488372803,0.9958232641220093
40,456,164,124,ce,82.54,0.7600000000000051,0.2732274532318115,0.39078354835510254,1.3774696588516235
40,456,165,125,kl,82.38,-0.1600000000000108,0.5044308304786682,0.41872119903564453,0.7684854865074158
40,456,166,126,kl,80.8,-1.5799999999999983,0.5213449001312256,0.51890629529953,0.9986740350723267
40,456,167,127,kl,81.6,0.7999999999999972,0.6228663921356201,0.5412052273750305,0.9609542489051819
40,456,168,128,kl,82.48,0.8800000000000097,0.6031439900398254,0.48448967933654785,0.8657721877098083
40,456,169,129,kl,82.4,-0.0799999999999983,0.40074920654296875,0.4507589638233185,1.0426545143127441
40,456,170,130,kl,80.82,-1.5800000000000125,0.5094297528266907,0.4645513892173767,0.9420908093452454
40,456,171,131,kl,82.92,2.1000000000000085,0.5919036269187927,0.4954160451889038,0.8433240056037903
40,456,172,132,kl,79.58,-3.3400000000000034,0.8146263360977173,0.6873791813850403,1.5066568851470947
40,456,173,133,kl,82.06,2.480000000000004,0.6259437799453735,0.5400952100753784,1.1366904973983765
40,456,174,134,kl,81.36,-0.7000000000000028,0.619951605796814,0.5288879871368408,1.157034993171692
40,456,175,135,kl,82.42,1.0600000000000023,0.6649961471557617,0.5092886090278625,0.8428515791893005
40,456,176,136,kl,82.68,0.2600000000000051,0.5638272166252136,0.48850199580192566,0.9568502902984619
40,456,177,137,kl,82.34,-0.3400000000000034,0.38996773958206177,0.4356590807437897,0.7614278197288513
40,456,178,138,kl,82.16,-0.18000000000000682,0.5707753896713257,0.4789082705974579,0.8761724233627319
40,456,179,139,kl,83.7,1.5400000000000063,0.6191506385803223,0.4962443709373474,0.8890699148178101
40,456,180,140,kl,81.82,-1.8800000000000097,0.456371009349823,0.4194979667663574,0.7105230689048767
40,456,181,141,kl,82.18,0.36000000000001364,0.5086463093757629,0.4736012816429138,0.8936055898666382
40,456,182,142,kl,83.16,0.9799999999999898,0.4663815200328827,0.46822401881217957,0.7947505116462708
40,456,183,143,kl,81.9,-1.259999999999991,0.6691853404045105,0.5388509035110474,1.1392645835876465
40,456,184,144,kl,82.96,1.059999999999988,0.6335083246231079,0.46993622183799744,0.8157035112380981
40,456,185,145,kl,82.6,-0.35999999999999943,0.6398453712463379,0.5216705203056335,0.9012265205383301
40,456,186,146,kl,83.42,0.8200000000000074,0.29882729053497314,0.41722503304481506,0.9089816808700562
40,456,187,147,kl,83.4,-0.01999999999999602,0.4367890954017639,0.4425433874130249,0.9734920859336853
40,456,188,148,kl,83.06,-0.3400000000000034,0.5300654172897339,0.4642970860004425,0.8977627158164978
40,456,189,149,kl,82.7,-0.35999999999999943,0.6440926194190979,0.4869579076766968,0.810502290725708
40,456,190,150,kl,83.3,0.5999999999999943,0.5075868368148804,0.43918493390083313,0.7749459743499756
40,456,191,151,kl,80.58,-2.719999999999999,0.6163320541381836,0.5289027094841003,1.1748830080032349
40,456,192,152,kl,83.34,2.760000000000005,0.382461816072464,0.3953602910041809,0.6401110887527466
40,456,193,153,kl,82.8,-0.5400000000000063,0.662603497505188,0.4939126670360565,0.8254439830780029
40,456,194,154,kl,81.48,-1.3199999999999932,0.6623154878616333,0.5186392068862915,0.9576042890548706
40,456,195,155,kl,83.2,1.7199999999999989,0.5095250606536865,0.465380996465683,0.7537410855293274
40,456,196,156,kl,83.18,-0.01999999999999602,0.48271089792251587,0.4661228060722351,0.8421080112457275
40,456,197,157,kl,79.5,-3.680000000000007,0.5441675782203674,0.521647036075592,1.1867259740829468
40,456,198,158,kl,82.72,3.219999999999999,0.4312921166419983,0.457777738571167,0.7898680567741394
40,456,199,159,kl,80.9,-1.8199999999999932,0.6674445867538452,0.5143498182296753,0.9910550117492676
40,456,200,160,kl,83.62,2.719999999999999,0.5068126320838928,0.46468859910964966,0.9299480319023132
40,456,201,161,kl,81.52,-2.1000000000000085,0.6749442219734192,0.5844245553016663,1.1363188028335571
40,456,202,162,kl,83.5,1.980000000000004,0.42784667015075684,0.4367748498916626,0.7951006889343262
40,456,203,163,kl,82.2,-1.2999999999999972,0.6167396903038025,0.49583137035369873,0.9291608333587646
40,456,204,164,kl,82.76,0.5600000000000023,0.6696680784225464,0.5569083094596863,1.0843243598937988
40,456,205,165,ce,83.96,1.1999999999999886,0.3161861300468445,0.39042413234710693,1.648524522781372
40,456,206,166,kl,82.82,-1.1400000000000006,0.6521807312965393,0.5416795611381531,1.0099029541015625
40,456,207,167,kl,81.92,-0.8999999999999915,0.5548254251480103,0.5075269341468811,1.0597271919250488
40,456,208,168,kl,82.46,0.539999999999992,0.6508846282958984,0.537179708480835,0.8778925538063049
40,456,209,169,kl,81.68,-0.7799999999999869,0.450480580329895,0.4562816321849823,0.8524636030197144
40,456,210,170,kl,82.34,0.6599999999999966,0.626701831817627,0.5334110260009766,0.924006462097168
40,456,211,171,kl,83.02,0.6799999999999926,0.6162490844726562,0.4661861062049866,0.8813034296035767
40,456,212,172,kl,83.0,-0.01999999999999602,0.6497693657875061,0.5084673166275024,0.8734349012374878
40,456,213,173,kl,82.58,-0.4200000000000017,0.6439767479896545,0.53485506772995,1.0312803983688354
40,456,214,174,kl,81.48,-1.0999999999999943,0.483516126871109,0.49406731128692627,0.953265368938446
40,456,215,175,kl,82.36,0.8799999999999955,0.6685271859169006,0.5083385705947876,0.8579686284065247
40,456,216,176,kl,82.64,0.28000000000000114,0.38115742802619934,0.42383500933647156,0.8007970452308655
40,456,217,177,kl,81.5,-1.1400000000000006,0.5476295351982117,0.4884152412414551,0.986659824848175
40,456,218,178,kl,82.78,1.2800000000000011,0.5225281119346619,0.47558343410491943,0.8080752491950989
40,456,219,179,kl,80.62,-2.1599999999999966,0.5006948709487915,0.5474880337715149,1.0394407510757446
40,456,220,180,kl,82.56,1.9399999999999977,0.44082239270210266,0.4770777225494385,0.923458456993103
40,456,221,181,kl,82.08,-0.480000000000004,0.6289275884628296,0.46858954429626465,0.7919577360153198
40,456,222,182,kl,82.6,0.519999999999996,0.6234531402587891,0.5010761618614197,0.9414196610450745
40,456,223,183,kl,83.6,1.0,0.5728167295455933,0.4766380190849304,0.9153833985328674
40,456,224,184,kl,81.38,-2.219999999999999,0.5775927305221558,0.5617976188659668,1.2694815397262573
40,456,225,185,kl,83.1,1.7199999999999989,0.5371911525726318,0.4386947453022003,0.7898809313774109
40,456,226,186,kl,83.78,0.6800000000000068,0.4114439785480499,0.4501968324184418,0.8469085097312927
40,456,227,187,kl,82.24,-1.5400000000000063,0.5957536101341248,0.4987438917160034,1.1648764610290527
40,456,228,188,kl,81.36,-0.8799999999999955,0.48776522278785706,0.46963316202163696,0.8449701070785522
40,456,229,189,kl,83.24,1.8799999999999955,0.6663409471511841,0.5056864023208618,0.8882584571838379
40,456,230,190,kl,82.42,-0.8199999999999932,0.5679733753204346,0.4798918068408966,0.8536339998245239
40,456,231,191,kl,83.16,0.7399999999999949,0.27043113112449646,0.42203330993652344,0.8962081074714661
40,456,232,192,kl,82.3,-0.8599999999999994,0.5242761373519897,0.47493070363998413,0.8448858261108398
40,456,233,193,kl,82.12,-0.1799999999999926,0.5828658938407898,0.529775857925415,1.0015218257904053
40,456,234,194,kl,83.4,1.2800000000000011,0.5716658234596252,0.4822556972503662,0.9229043126106262
40,456,235,195,kl,83.3,-0.10000000000000853,0.37678784132003784,0.43852314352989197,0.8525509238243103
40,456,236,196,kl,81.88,-1.4200000000000017,0.5237853527069092,0.43949729204177856,0.790597677230835
40,456,237,197,kl,81.3,-0.5799999999999983,0.5132242441177368,0.48622971773147583,0.8533828854560852
40,456,238,198,kl,82.52,1.2199999999999989,0.624832272529602,0.5139665603637695,1.1141818761825562
40,456,239,199,kl,82.68,0.1600000000000108,0.6147421598434448,0.4707924425601959,0.886044442653656
40,456,240,200,kl,84.22,1.539999999999992,0.5813375115394592,0.45504632592201233,0.670658528804779
40,456,241,201,kl,81.12,-3.0999999999999943,0.6502752304077148,0.5241326689720154,0.9509075284004211
40,456,242,202,kl,82.5,1.3799999999999955,0.5386712551116943,0.4178013801574707,0.8076608180999756
40,456,243,203,kl,82.74,0.23999999999999488,0.5858771800994873,0.5100041627883911,0.8125641345977783
40,456,244,204,kl,80.92,-1.8199999999999932,0.7403082251548767,0.5731397867202759,1.0294685363769531
40,456,245,205,kl,82.56,1.6400000000000006,0.6017124652862549,0.4794936180114746,0.8976526260375977
40,456,246,206,ce,82.82,0.2599999999999909,0.27340060472488403,0.40674808621406555,1.5164154767990112
40,456,247,207,kl,83.0,0.18000000000000682,0.5654717683792114,0.44560423493385315,0.8004001975059509
40,456,248,208,kl,81.78,-1.2199999999999989,0.7182245254516602,0.5935685038566589,1.2690716981887817
40,456,249,209,kl,82.48,0.7000000000000028,0.6736724376678467,0.510654091835022,0.8109719753265381
40,456,250,210,kl,81.72,-0.7600000000000051,0.5873770713806152,0.5091741681098938,0.8873334527015686
40,456,251,211,kl,81.94,0.21999999999999886,0.5066121816635132,0.4576404094696045,0.8682026267051697
40,456,252,212,kl,81.04,-0.8999999999999915,0.6869015693664551,0.5272824168205261,0.9570396542549133
40,456,253,213,kl,82.58,1.539999999999992,0.655486524105072,0.5251726508140564,0.9856162071228027
40,456,254,214,kl,82.9,0.3200000000000074,0.6860927939414978,0.5567516088485718,1.068073034286499
40,456,255,215,kl,82.62,-0.28000000000000114,0.5703940391540527,0.48146411776542664,0.777274489402771
40,456,256,216,kl,82.32,-0.30000000000001137,0.6544315814971924,0.5107135772705078,0.9232985973358154
40,456,257,217,kl,82.4,0.0800000000000125,0.6403045654296875,0.5595111846923828,0.9837232232093811
40,456,258,218,kl,81.88,-0.5200000000000102,0.6521000862121582,0.48939967155456543,0.8304435610771179
40,456,259,219,kl,82.68,0.8000000000000114,0.6520290374755859,0.48646244406700134,0.8460986614227295
40,456,260,220,kl,82.96,0.2799999999999869,0.42258119583129883,0.4584633409976959,0.9113474488258362
40,456,261,221,kl,82.84,-0.11999999999999034,0.5910466909408569,0.4752929210662842,0.9432278871536255
40,456,262,222,kl,82.66,-0.18000000000000682,0.5064378976821899,0.47612810134887695,0.8844928741455078
40,456,263,223,kl,83.12,0.46000000000000796,0.5494562387466431,0.443561315536499,0.8453157544136047
40,456,264,224,kl,82.6,-0.5200000000000102,0.6113044619560242,0.4885002374649048,0.7817662358283997
40,456,265,225,kl,82.86,0.2600000000000051,0.5878783464431763,0.5013111233711243,0.8010732531547546
40,456,266,226,kl,82.74,-0.12000000000000455,0.7095479965209961,0.5478858351707458,0.928753674030304
40,456,267,227,kl,81.82,-0.9200000000000017,0.5767672061920166,0.5060252547264099,0.9088531732559204
40,456,268,228,kl,82.56,0.7400000000000091,0.5513383746147156,0.4721130132675171,0.8610321283340454
40,456,269,229,kl,80.06,-2.5,0.5544176697731018,0.4814146161079407,0.7251163721084595
40,456,270,230,kl,83.06,3.0,0.5703660845756531,0.4732503890991211,0.9286889433860779
40,456,271,231,kl,82.26,-0.7999999999999972,0.6409058570861816,0.5160894989967346,0.8868289589881897
40,456,272,232,kl,81.48,-0.7800000000000011,0.5816000699996948,0.5080186128616333,0.8570651412010193
40,456,273,233,kl,83.14,1.6599999999999966,0.513919472694397,0.4640425741672516,0.878542423248291
40,456,274,234,kl,81.34,-1.7999999999999972,0.6262683272361755,0.4859435260295868,0.8517797589302063
40,456,275,235,kl,82.58,1.2399999999999949,0.5441285967826843,0.5102853178977966,1.0080841779708862
40,456,276,236,kl,82.76,0.18000000000000682,0.621738851070404,0.5056250095367432,0.8874971270561218
40,456,277,237,kl,82.12,-0.6400000000000006,0.6402325630187988,0.51313316822052,0.7791138291358948
40,456,278,238,kl,83.1,0.9799999999999898,0.4984073042869568,0.47415003180503845,0.7355552911758423
40,456,279,239,kl,82.08,-1.019999999999996,0.719789981842041,0.5572943091392517,1.0341401100158691
40,456,280,240,kl,81.88,-0.20000000000000284,0.5010454058647156,0.4944499135017395,0.9585455060005188
40,456,281,241,kl,83.42,1.5400000000000063,0.5302387475967407,0.4464736580848694,0.8366488814353943
40,456,282,242,kl,82.14,-1.2800000000000011,0.5955936908721924,0.4804447889328003,0.816769540309906
40,456,283,243,kl,82.16,0.01999999999999602,0.6787679195404053,0.5668864250183105,1.0966887474060059
40,456,284,244,kl,82.64,0.480000000000004,0.4092555642127991,0.4501602053642273,0.878218412399292
40,456,285,245,kl,82.96,0.3199999999999932,0.6216745376586914,0.5059259533882141,0.9005711078643799
40,456,286,246,kl,81.04,-1.9199999999999875,0.592082679271698,0.4530932307243347,0.772516131401062
40,456,287,247,ce,81.6,0.5599999999999881,0.24345655739307404,0.3995921015739441,1.4437905550003052
40,456,288,248,kl,81.96,0.35999999999999943,0.441345751285553,0.4558289647102356,1.0069890022277832
40,456,289,249,kl,82.58,0.6200000000000045,0.6238173246383667,0.5090067386627197,0.8786966800689697
40,456,290,250,kl,82.46,-0.12000000000000455,0.5026590824127197,0.467521995306015,0.951866865158081
40,456,291,251,kl,82.24,-0.21999999999999886,0.6039867401123047,0.4993278682231903,0.9407728910446167
40,456,292,252,kl,83.8,1.5600000000000023,0.505906343460083,0.4451756775379181,0.9190059304237366
40,456,293,253,kl,82.26,-1.539999999999992,0.6584488153457642,0.5329187512397766,0.9717095494270325
40,456,294,254,kl,81.88,-0.38000000000000966,0.4815695285797119,0.4632837772369385,0.9080466032028198
40,456,295,255,kl,80.6,-1.2800000000000011,0.6922460198402405,0.5586233139038086,0.9411095380783081
40,456,296,256,kl,83.18,2.5800000000000125,0.6527367830276489,0.5085285305976868,0.9715268611907959
40,456,297,257,kl,82.34,-0.8400000000000034,0.6088294982910156,0.48400092124938965,0.8755375742912292
40,456,298,258,kl,82.2,-0.14000000000000057,0.5914679765701294,0.5012719631195068,0.9538209438323975
40,456,299,259,kl,81.74,-0.46000000000000796,0.5846797227859497,0.5435380339622498,1.215330719947815
40,456,300,260,kl,82.52,0.7800000000000011,0.5762526988983154,0.4948495030403137,0.8679438233375549
40,456,301,261,kl,82.62,0.10000000000000853,0.4548490643501282,0.4549776613712311,0.8642400503158569
40,456,302,262,kl,82.86,0.23999999999999488,0.5593764185905457,0.456900030374527,0.7664368748664856
40,456,303,263,kl,81.46,-1.4000000000000057,0.5687280893325806,0.49341461062431335,0.9280505180358887
40,456,304,264,kl,81.86,0.4000000000000057,0.525127112865448,0.46122410893440247,0.7929884195327759
40,456,305,265,kl,82.48,0.6200000000000045,0.43048930168151855,0.44278210401535034,0.9007426500320435
40,456,306,266,kl,79.96,-2.5200000000000102,0.642584502696991,0.4977973401546478,1.036502718925476
40,456,307,267,kl,82.02,2.0600000000000023,0.6058734655380249,0.5194023251533508,1.0029370784759521
40,456,308,268,kl,82.9,0.8800000000000097,0.616951584815979,0.4726355969905853,0.7858192920684814
40,456,309,269,kl,82.98,0.0799999999999983,0.6239176988601685,0.5041607022285461,0.9034481644630432
40,456,310,270,kl,83.62,0.6400000000000006,0.4649335741996765,0.4456079602241516,0.7336876392364502
40,456,311,271,kl,82.24,-1.3800000000000097,0.5599915385246277,0.482013076543808,0.8919045925140381
40,456,312,272,kl,83.4,1.1600000000000108,0.5234723091125488,0.44541940093040466,0.8394824266433716
40,456,313,273,kl,81.5,-1.9000000000000057,0.625952959060669,0.5156283974647522,0.9189633727073669
40,456,314,274,kl,82.18,0.6800000000000068,0.5314165353775024,0.5232482552528381,1.0347139835357666
40,456,315,275,kl,81.16,-1.0200000000000102,0.6947716474533081,0.5472318530082703,0.9239990711212158
40,456,316,276,kl,82.08,0.9200000000000017,0.5575816035270691,0.4664323031902313,0.8753739595413208
40,456,317,277,kl,82.12,0.04000000000000625,0.613003134727478,0.47892671823501587,0.8824580311775208
40,456,318,278,kl,81.3,-0.8200000000000074,0.7362542152404785,0.5777031779289246,1.083160400390625
40,456,319,279,kl,81.44,0.14000000000000057,0.6048039197921753,0.5008012056350708,0.8992122411727905
40,456,320,280,kl,82.68,1.240000000000009,0.5575941205024719,0.48021432757377625,0.8896692991256714
40,456,321,281,kl,82.86,0.1799999999999926,0.549553394317627,0.4839167296886444,0.6837683916091919
40,456,322,282,kl,82.08,-0.7800000000000011,0.6818681955337524,0.529801607131958,0.8878906965255737
40,456,323,283,kl,83.54,1.460000000000008,0.5836552381515503,0.4602471590042114,0.724962592124939
40,456,324,284,kl,82.34,-1.2000000000000028,0.5613265037536621,0.48163464665412903,0.9603692889213562
40,456,325,285,kl,80.98,-1.3599999999999994,0.6149613857269287,0.5274560451507568,1.0033254623413086
40,456,326,286,kl,82.94,1.9599999999999937,0.6472931504249573,0.4807461202144623,0.8252382874488831
40,456,327,287,kl,82.52,-0.4200000000000017,0.5966710448265076,0.48488035798072815,0.85615074634552
40,456,328,288,ce,81.9,-0.6199999999999903,0.24660737812519073,0.3782443702220917,1.7355000972747803
40,456,329,289,kl,82.38,0.47999999999998977,0.48200738430023193,0.4476989507675171,0.9146222472190857
40,456,330,290,kl,78.4,-3.9799999999999898,0.7988096475601196,0.7084910273551941,1.558722734451294
40,456,331,291,kl,82.18,3.780000000000001,0.48366010189056396,0.45612481236457825,0.957273006439209
40,456,332,292,kl,82.74,0.5599999999999881,0.6465822458267212,0.5543569922447205,0.9297149181365967
40,456,333,293,kl,82.6,-0.14000000000000057,0.6229302883148193,0.47907012701034546,0.9718825221061707
40,456,334,294,kl,83.96,1.3599999999999994,0.33544373512268066,0.3928152918815613,0.758003830909729
40,456,335,295,kl,81.86,-2.0999999999999943,0.6647449731826782,0.5022662878036499,0.9039494395256042
40,456,336,296,kl,82.48,0.6200000000000045,0.6030229330062866,0.47157880663871765,0.9309354424476624
40,456,337,297,kl,82.08,-0.4000000000000057,0.6122093796730042,0.5289802551269531,1.0268150568008423
40,456,338,298,kl,82.18,0.10000000000000853,0.5343922972679138,0.4720904231071472,0.7702798843383789
40,456,339,299,kl,81.96,-0.22000000000001307,0.6505236625671387,0.5004494786262512,0.9064497351646423
40,456,340,300,kl,82.22,0.2600000000000051,0.6967025399208069,0.5879761576652527,1.1575027704238892
40,456,341,301,kl,82.82,0.5999999999999943,0.7002023458480835,0.5182663202285767,0.8662431836128235
40,456,342,302,kl,82.74,-0.0799999999999983,0.6103525757789612,0.47981277108192444,0.9108132123947144
40,456,343,303,kl,81.38,-1.3599999999999994,0.729678213596344,0.5892081260681152,1.0616419315338135
40,456,344,304,kl,83.06,1.6800000000000068,0.6645442247390747,0.5346556901931763,0.9102745652198792
40,456,345,305,kl,82.68,-0.37999999999999545,0.5664108991622925,0.5026169419288635,0.8608423471450806
40,456,346,306,kl,83.06,0.37999999999999545,0.5888218879699707,0.46911558508872986,0.7152741551399231
40,456,347,307,kl,82.36,-0.7000000000000028,0.5815142393112183,0.5013275146484375,0.8912107944488525
40,456,348,308,kl,82.58,0.21999999999999886,0.6644638180732727,0.4930064082145691,1.0048682689666748
40,456,349,309,kl,83.46,0.8799999999999955,0.5394653081893921,0.47729232907295227,0.8995122313499451
40,456,350,310,kl,83.1,-0.35999999999999943,0.6266334056854248,0.5181136131286621,0.8366902470588684
40,456,351,311,kl,83.48,0.38000000000000966,0.6602244973182678,0.4936746060848236,0.9689894914627075
40,456,352,312,kl,82.84,-0.6400000000000006,0.39394843578338623,0.47394612431526184,1.138860821723938
40,456,353,313,kl,82.62,-0.21999999999999886,0.6145985722541809,0.48045042157173157,0.9924933314323425
40,456,354,314,kl,82.06,-0.5600000000000023,0.4735674262046814,0.4647034704685211,1.015982747077942
40,456,355,315,kl,82.92,0.8599999999999994,0.5747667551040649,0.49331825971603394,0.907265841960907
40,456,356,316,kl,81.46,-1.460000000000008,0.5716688632965088,0.4823722839355469,1.0292428731918335
40,456,357,317,kl,82.84,1.3800000000000097,0.5378683805465698,0.47412076592445374,0.9590771794319153
40,456,358,318,kl,83.86,1.019999999999996,0.4962272047996521,0.4387615919113159,0.8466280698776245
40,456,359,319,kl,82.42,-1.4399999999999977,0.6375687718391418,0.49774661660194397,0.8233762979507446
40,456,360,320,kl,82.12,-0.29999999999999716,0.6055861711502075,0.5233783721923828,0.987991988658905
40,456,361,321,kl,82.24,0.11999999999999034,0.6259263753890991,0.4982461929321289,0.9401353001594543
40,456,362,322,kl,80.74,-1.5,0.5438470840454102,0.5003389716148376,1.0170104503631592
40,456,363,323,kl,83.72,2.980000000000004,0.3992060124874115,0.4648718535900116,0.8373021483421326
40,456,364,324,kl,83.42,-0.29999999999999716,0.5712006092071533,0.5012539029121399,0.7335817813873291
40,456,365,325,kl,82.28,-1.1400000000000006,0.5828852653503418,0.48752063512802124,0.8046883344650269
40,456,366,326,kl,82.08,-0.20000000000000284,0.6842639446258545,0.5087708234786987,1.0610352754592896
40,456,367,327,kl,82.68,0.6000000000000085,0.508183479309082,0.43948981165885925,0.8387396931648254
40,456,368,328,kl,82.96,0.2799999999999869,0.5726889967918396,0.4598405957221985,0.8014476299285889
40,456,369,329,ce,82.42,-0.539999999999992,0.24376808106899261,0.3639090955257416,1.4860931634902954
40,456,370,330,kl,81.46,-0.960000000000008,0.5016031861305237,0.47016045451164246,0.8755853176116943
40,456,371,331,kl,82.0,0.5400000000000063,0.538259744644165,0.5069499611854553,1.0565695762634277
40,456,372,332,kl,83.54,1.5400000000000063,0.47899413108825684,0.45065104961395264,0.9478442072868347
40,456,373,333,kl,82.26,-1.2800000000000011,0.4762272536754608,0.44962072372436523,0.8652533292770386
40,456,374,334,kl,83.32,1.059999999999988,0.6461420059204102,0.523607611656189,1.1328184604644775
40,456,375,335,kl,83.12,-0.19999999999998863,0.586016058921814,0.5154808163642883,0.874286413192749
40,456,376,336,kl,82.3,-0.8200000000000074,0.6780312657356262,0.5295258164405823,0.8965393304824829
40,456,377,337,kl,82.64,0.3400000000000034,0.6435950398445129,0.5133451819419861,0.9779742360115051
40,456,378,338,kl,83.1,0.45999999999999375,0.6269193887710571,0.5125065445899963,0.9226654767990112
40,456,379,339,kl,82.16,-0.9399999999999977,0.4757038354873657,0.42732810974121094,0.7291272878646851
40,456,380,340,kl,81.42,-0.7399999999999949,0.6433530449867249,0.5288633108139038,0.987733781337738
40,456,381,341,kl,82.28,0.8599999999999994,0.6822823286056519,0.5377713441848755,0.9585564136505127
40,456,382,342,kl,82.58,0.29999999999999716,0.6792548894882202,0.5569795370101929,0.8713539838790894
40,456,383,343,kl,80.64,-1.9399999999999977,0.5895844101905823,0.5005865693092346,0.9096726775169373
40,456,384,344,kl,82.9,2.260000000000005,0.5821593999862671,0.5030324459075928,0.9793885946273804
40,456,385,345,kl,83.24,0.3399999999999892,0.5211602449417114,0.46506989002227783,0.8974651098251343
40,456,386,346,kl,83.58,0.3400000000000034,0.6192793846130371,0.48976948857307434,1.0342143774032593
40,456,387,347,kl,82.04,-1.539999999999992,0.5970711708068848,0.5056753754615784,1.0554975271224976
40,456,388,348,kl,83.46,1.4199999999999875,0.6247535347938538,0.5051748752593994,0.7345148921012878
40,456,389,349,kl,83.46,0.0,0.49208760261535645,0.44791197776794434,0.8440629243850708
40,456,390,350,kl,83.42,-0.03999999999999204,0.5045359134674072,0.450437068939209,0.8126224279403687
40,456,391,351,kl,82.96,-0.46000000000000796,0.635115385055542,0.5149673223495483,0.8963531255722046
40,456,392,352,kl,81.0,-1.9599999999999937,0.5447472929954529,0.46478965878486633,1.0827502012252808
40,456,393,353,kl,83.3,2.299999999999997,0.5837138891220093,0.5187626481056213,1.0553908348083496
40,456,394,354,kl,81.56,-1.7399999999999949,0.6507662534713745,0.5110977292060852,1.012438178062439
40,456,395,355,kl,83.06,1.5,0.5933506488800049,0.49120160937309265,0.8627578020095825
40,456,396,356,kl,82.76,-0.29999999999999716,0.6634290218353271,0.535073459148407,1.0420743227005005
40,456,397,357,kl,83.84,1.0799999999999983,0.5547537803649902,0.44891446828842163,0.8146225810050964
40,456,398,358,kl,83.62,-0.21999999999999886,0.6356975436210632,0.486358106136322,0.8488409519195557
40,456,399,359,kl,79.98,-3.6400000000000006,0.7011486291885376,0.5892391204833984,1.0582797527313232
40,456,400,360,kl,82.64,2.6599999999999966,0.6706149578094482,0.5034566521644592,0.93885737657547
40,456,401,361,kl,83.48,0.8400000000000034,0.2983648478984833,0.4019535183906555,1.0699824094772339
40,456,402,362,kl,82.98,-0.5,0.5189136862754822,0.4752217233181,0.8777173161506653
40,456,403,363,kl,80.84,-2.1400000000000006,0.567670464515686,0.5148447751998901,1.008213996887207
40,456,404,364,kl,82.8,1.9599999999999937,0.5910265445709229,0.4988061487674713,0.9545703530311584
40,456,405,365,kl,82.7,-0.09999999999999432,0.5094203352928162,0.45718780159950256,0.8582265377044678
40,456,406,366,kl,82.38,-0.3200000000000074,0.5420321226119995,0.45405977964401245,0.8371143937110901
40,456,407,367,kl,82.4,0.020000000000010232,0.5670653581619263,0.4929324686527252,0.7822840809822083
40,456,408,368,kl,82.28,-0.12000000000000455,0.6012485027313232,0.48820632696151733,0.9689151644706726
40,456,409,369,kl,82.44,0.1599999999999966,0.48276379704475403,0.4720759689807892,0.8313663005828857
40,456,410,370,ce,82.64,0.20000000000000284,0.25422537326812744,0.4025864005088806,1.4879488945007324
40,456,411,371,kl,82.52,-0.12000000000000455,0.5581179857254028,0.4770861566066742,1.0701320171356201
40,456,412,372,kl,79.9,-2.6199999999999903,0.7273659706115723,0.6517477035522461,1.4206757545471191
40,456,413,373,kl,80.22,0.3199999999999932,0.6568689346313477,0.5458662509918213,1.0253626108169556
40,456,414,374,kl,81.96,1.7399999999999949,0.6841175556182861,0.5308454036712646,0.905159056186676
40,456,415,375,kl,81.26,-0.6999999999999886,0.5683587193489075,0.5040582418441772,0.8774910569190979
40,456,416,376,kl,81.78,0.519999999999996,0.5903524160385132,0.5007599592208862,1.0225963592529297
40,456,417,377,kl,83.06,1.2800000000000011,0.4262234568595886,0.436626136302948,0.7977066040039062
40,456,418,378,kl,83.2,0.14000000000000057,0.5614563226699829,0.47760412096977234,0.7999972105026245
40,456,419,379,kl,83.04,-0.1599999999999966,0.5478370785713196,0.47950002551078796,0.828189492225647
40,456,420,380,kl,80.62,-2.4200000000000017,0.645500659942627,0.5579964518547058,1.1090041399002075
40,456,421,381,kl,79.16,-1.460000000000008,0.6635133028030396,0.5103106498718262,1.0480492115020752
40,456,422,382,kl,82.36,3.200000000000003,0.7303876876831055,0.596264660358429,1.2150235176086426
40,456,423,383,kl,82.46,0.09999999999999432,0.6337258815765381,0.49630263447761536,1.0313950777053833
40,456,424,384,kl,82.56,0.10000000000000853,0.6537591218948364,0.4933466911315918,1.0574454069137573
40,456,425,385,kl,82.56,0.0,0.5560067296028137,0.4543595612049103,0.8696821331977844
40,456,426,386,kl,82.86,0.29999999999999716,0.4831286072731018,0.45949026942253113,0.7722691893577576
40,456,427,387,kl,82.34,-0.519999999999996,0.5871909260749817,0.49064162373542786,0.9098053574562073
40,456,428,388,kl,82.42,0.0799999999999983,0.596868634223938,0.5029467344284058,0.7691691517829895
40,456,429,389,kl,82.7,0.28000000000000114,0.5937685370445251,0.48880892992019653,0.8311368227005005
40,456,430,390,kl,82.96,0.2599999999999909,0.4605120122432709,0.4467659890651703,0.8109610676765442
40,456,431,391,kl,80.32,-2.6400000000000006,0.6990373134613037,0.577713131904602,1.0197182893753052
40,456,432,392,kl,82.48,2.160000000000011,0.4898691773414612,0.4465949535369873,0.7726954817771912
40,456,433,393,kl,82.08,-0.4000000000000057,0.585296630859375,0.47682058811187744,0.8106748461723328
40,456,434,394,kl,81.3,-0.7800000000000011,0.4780952036380768,0.45737358927726746,0.8595820069313049
40,456,435,395,kl,82.76,1.460000000000008,0.6263583898544312,0.5253395438194275,0.9383783340454102
40,456,436,396,kl,82.92,0.1599999999999966,0.6301344633102417,0.5263940691947937,1.1002464294433594
40,456,437,397,kl,83.0,0.0799999999999983,0.5150697231292725,0.4616650938987732,0.7200287580490112
40,456,438,398,kl,82.96,-0.04000000000000625,0.6065545082092285,0.5000276565551758,0.8127273321151733
40,456,439,399,kl,82.4,-0.5599999999999881,0.6867333650588989,0.5526838302612305,0.96019047498703
40,456,440,400,kl,81.86,-0.5400000000000063,0.6218950748443604,0.52253258228302,1.01789128780365
40,456,441,401,kl,82.28,0.4200000000000017,0.4388383626937866,0.45726269483566284,0.8533545136451721
40,456,442,402,kl,83.26,0.980000000000004,0.5982467532157898,0.530664324760437,0.9261599183082581
40,456,443,403,kl,82.56,-0.7000000000000028,0.538752555847168,0.44833943247795105,0.6849191188812256
40,456,444,404,kl,81.9,-0.6599999999999966,0.6616759300231934,0.545754611492157,0.9302685856819153
40,456,445,405,kl,82.8,0.8999999999999915,0.665228545665741,0.5130681395530701,0.9770927429199219
40,456,446,406,kl,83.36,0.5600000000000023,0.6501030325889587,0.5032910108566284,0.9688411951065063
40,456,447,407,kl,83.36,0.0,0.5766428709030151,0.47307705879211426,0.971985399723053
40,456,448,408,kl,84.0,0.6400000000000006,0.4595091938972473,0.4683225452899933,0.8108190894126892
40,456,449,409,kl,83.4,-0.5999999999999943,0.5509591698646545,0.4939669072628021,0.8513050675392151
40,456,450,410,kl,82.12,-1.2800000000000011,0.591927170753479,0.49885204434394836,0.9493902325630188
40,456,451,411,ce,82.62,0.5,0.21947330236434937,0.36848077178001404,1.47128164768219
40,456,452,412,kl,85.92,3.299999999999997,0.3716185688972473,0.3873908519744873,0.5658004879951477
40,456,453,413,kl,85.66,-0.2600000000000051,0.43556004762649536,0.4148815870285034,0.5751637816429138
40,456,454,414,kl,86.08,0.4200000000000017,0.36152368783950806,0.3892875015735626,0.552635669708252
40,456,455,415,kl,86.14,0.060000000000002274,0.3820284605026245,0.4089818596839905,0.5766965746879578
40,456,456,416,kl,86.46,0.3199999999999932,0.3746635913848877,0.4084227383136749,0.5474842190742493
40,456,457,417,kl,86.2,-0.2599999999999909,0.36587440967559814,0.41316184401512146,0.5650839805603027
40,456,458,418,kl,86.34,0.14000000000000057,0.3711146116256714,0.4109252691268921,0.5693281292915344
40,456,459,419,kl,86.32,-0.020000000000010232,0.39976799488067627,0.42495715618133545,0.5879154801368713
40,456,460,420,kl,86.42,0.10000000000000853,0.40267759561538696,0.4245204031467438,0.6304880976676941
40,456,461,421,kl,86.66,0.23999999999999488,0.36936742067337036,0.4206864535808563,0.6205292344093323
40,456,462,422,kl,86.5,-0.1599999999999966,0.32686173915863037,0.4186905026435852,0.6114711165428162
40,456,463,423,kl,86.74,0.23999999999999488,0.2826891541481018,0.4239683747291565,0.6687638163566589
40,456,464,424,kl,86.34,-0.3999999999999915,0.3703538775444031,0.439865380525589,0.653448224067688
40,456,465,425,kl,86.24,-0.10000000000000853,0.37404316663742065,0.44858917593955994,0.6126503944396973
40,456,466,426,kl,86.5,0.2600000000000051,0.33828842639923096,0.43134576082229614,0.5850129723548889
40,456,467,427,kl,86.22,-0.28000000000000114,0.3668608069419861,0.45715904235839844,0.6983396410942078
40,456,468,428,kl,86.02,-0.20000000000000284,0.44703298807144165,0.49018394947052,0.7244696617126465
40,456,469,429,kl,86.36,0.3400000000000034,0.3513491153717041,0.46623483300209045,0.6920675039291382
40,456,470,430,kl,86.54,0.18000000000000682,0.3732132613658905,0.45431527495384216,0.6832974553108215
40,456,471,431,kl,86.48,-0.060000000000002274,0.3679533004760742,0.45135563611984253,0.6938205361366272
40,456,472,432,kl,86.3,-0.18000000000000682,0.42105332016944885,0.49271637201309204,0.7217769622802734
40,456,473,433,kl,86.3,0.0,0.3313691020011902,0.4691498279571533,0.6635287404060364
40,456,474,434,kl,86.28,-0.01999999999999602,0.3915213942527771,0.4896509647369385,0.7074211835861206
40,456,475,435,kl,86.44,0.1599999999999966,0.46584591269493103,0.5085091590881348,0.7837449908256531
40,456,476,436,kl,86.46,0.01999999999999602,0.42758041620254517,0.49884551763534546,0.6843938231468201
40,456,477,437,kl,86.76,0.30000000000001137,0.3727434575557709,0.4829894006252289,0.7108628153800964
40,456,478,438,kl,86.52,-0.2400000000000091,0.3891206383705139,0.48578134179115295,0.6896066665649414
40,456,479,439,kl,86.74,0.21999999999999886,0.3670307397842407,0.4934649169445038,0.7541909217834473
40,456,480,440,kl,86.74,0.0,0.4094930589199066,0.511775553226471,0.7067778706550598
40,456,481,441,kl,86.3,-0.4399999999999977,0.45971041917800903,0.5309547781944275,0.7563709616661072
40,456,482,442,kl,86.72,0.4200000000000017,0.2988467216491699,0.48197540640830994,0.7177127599716187
40,456,483,443,kl,86.72,0.0,0.4026380181312561,0.5226566791534424,0.718406617641449
40,456,484,444,kl,86.64,-0.0799999999999983,0.39935699105262756,0.5342428684234619,0.7989009618759155
40,456,485,445,kl,86.12,-0.519999999999996,0.5026571154594421,0.5935372710227966,0.8411617279052734
40,456,486,446,kl,86.1,-0.020000000000010232,0.42408445477485657,0.5720160603523254,0.808107852935791
40,456,487,447,kl,86.32,0.21999999999999886,0.38911187648773193,0.5433119535446167,0.8476940989494324
40,456,488,448,kl,86.52,0.20000000000000284,0.3334636092185974,0.5372924208641052,0.7342180609703064
40,456,489,449,kl,86.52,0.0,0.44246116280555725,0.5714636445045471,0.8742232918739319
40,456,490,450,kl,86.68,0.1600000000000108,0.4235580563545227,0.5767245888710022,0.7765957117080688
40,456,491,451,kl,86.22,-0.46000000000000796,0.3518185615539551,0.5457723736763,0.7437313795089722
40,456,492,452,ce,86.48,0.2600000000000051,0.31161805987358093,0.5591785311698914,0.9844617247581482
40,456,493,453,kl,86.56,0.0799999999999983,0.378216028213501,0.5677698850631714,0.8270554542541504
40,456,494,454,kl,86.78,0.21999999999999886,0.37836143374443054,0.5702340006828308,0.8040374517440796
40,456,495,455,kl,86.76,-0.01999999999999602,0.40855368971824646,0.577700138092041,0.8310400247573853
40,456,496,456,kl,86.56,-0.20000000000000284,0.3585713505744934,0.5663094520568848,0.888779878616333
40,456,497,457,kl,86.24,-0.3200000000000074,0.3961530923843384,0.576759934425354,0.9635311961174011
40,456,498,458,kl,86.78,0.5400000000000063,0.4914654493331909,0.6374132633209229,0.969494640827179
40,456,499,459,kl,86.52,-0.2600000000000051,0.4708287715911865,0.6416795253753662,0.9419164657592773
40,456,500,460,kl,86.5,-0.01999999999999602,0.39456707239151,0.6011621952056885,0.8305706977844238
40,456,501,461,kl,86.62,0.12000000000000455,0.4457409679889679,0.6268926858901978,0.8800484538078308
40,456,502,462,kl,86.32,-0.30000000000001137,0.3407074809074402,0.5715314149856567,0.8418018817901611
40,456,503,463,kl,86.46,0.14000000000000057,0.42367061972618103,0.6183035373687744,0.876625657081604
40,456,504,464,kl,86.3,-0.1599999999999966,0.4250674247741699,0.6212804317474365,0.8149033188819885
40,456,505,465,kl,86.52,0.21999999999999886,0.41322240233421326,0.6204274892807007,0.8617793917655945
40,456,506,466,kl,86.4,-0.11999999999999034,0.4546642303466797,0.6529191732406616,0.9538710117340088
40,456,507,467,kl,86.48,0.0799999999999983,0.4463541507720947,0.6445964574813843,0.9655660390853882
40,456,508,468,kl,86.74,0.2599999999999909,0.2559884786605835,0.5830250382423401,0.8435786962509155
40,456,509,469,kl,86.34,-0.3999999999999915,0.32091277837753296,0.6038955450057983,0.7910600304603577
40,456,510,470,kl,86.74,0.3999999999999915,0.393841415643692,0.6201449036598206,0.9706897735595703
40,456,511,471,kl,86.58,-0.1599999999999966,0.36413896083831787,0.6189354062080383,0.867996335029602
40,456,512,472,kl,86.48,-0.09999999999999432,0.4561287760734558,0.6687130928039551,0.9272586703300476
40,456,513,473,kl,86.28,-0.20000000000000284,0.35870957374572754,0.6309831142425537,0.949065625667572
40,456,514,474,kl,86.74,0.45999999999999375,0.4222901463508606,0.6645975708961487,0.9483862519264221
40,456,515,475,kl,86.52,-0.21999999999999886,0.3412623405456543,0.6420620083808899,0.9208529591560364
40,456,516,476,kl,86.32,-0.20000000000000284,0.3296552300453186,0.6399722099304199,0.9279654026031494
40,456,517,477,kl,86.52,0.20000000000000284,0.35496649146080017,0.6720680594444275,0.9426041841506958
40,456,518,478,kl,86.56,0.04000000000000625,0.3710787892341614,0.6817463636398315,1.009337067604065
40,456,519,479,kl,86.54,-0.01999999999999602,0.42748141288757324,0.6876757144927979,0.9926221370697021
40,456,520,480,kl,86.52,-0.020000000000010232,0.35144752264022827,0.6606030464172363,0.9063997268676758
40,456,521,481,kl,86.56,0.04000000000000625,0.4343642294406891,0.6919931173324585,1.0343096256256104
40,456,522,482,kl,86.28,-0.28000000000000114,0.39702898263931274,0.6927995085716248,0.9911653995513916
40,456,523,483,kl,86.68,0.4000000000000057,0.5005460381507874,0.7466089129447937,1.1094330549240112
40,456,524,484,kl,86.24,-0.44000000000001194,0.4116004407405853,0.6970732808113098,0.922616183757782
40,456,525,485,kl,86.76,0.5200000000000102,0.3849543035030365,0.6911935210227966,1.0773775577545166
40,456,526,486,kl,86.82,0.05999999999998806,0.4563308358192444,0.7388157844543457,1.019305944442749
40,456,527,487,kl,86.34,-0.47999999999998977,0.48108038306236267,0.7762351632118225,1.1300995349884033
40,456,528,488,kl,86.38,0.03999999999999204,0.4446416199207306,0.7650967836380005,1.0713822841644287
40,456,529,489,kl,86.26,-0.11999999999999034,0.396730899810791,0.7505849599838257,1.06587553024292
40,456,530,490,kl,86.38,0.11999999999999034,0.41313156485557556,0.7235918045043945,1.0685646533966064
40,456,531,491,kl,86.62,0.2400000000000091,0.40283650159835815,0.7660366296768188,1.048642873764038
40,456,532,492,kl,86.14,-0.480000000000004,0.4100709557533264,0.7549980878829956,1.0369846820831299
40,456,533,493,ce,86.3,0.1599999999999966,0.3239765763282776,0.712502658367157,1.5126742124557495
40,456,534,494,kl,86.3,0.0,0.41027194261550903,0.7323892116546631,1.1548502445220947
40,456,535,495,kl,86.58,0.28000000000000114,0.41669318079948425,0.7331154942512512,1.1561801433563232
40,456,536,496,kl,86.26,-0.3199999999999932,0.37881821393966675,0.7471572160720825,1.0335428714752197
40,456,537,497,kl,86.56,0.29999999999999716,0.38972824811935425,0.7260018587112427,1.1584564447402954
40,456,538,498,kl,86.26,-0.29999999999999716,0.3944551944732666,0.7514382600784302,1.0396816730499268
40,456,539,499,kl,86.0,-0.2600000000000051,0.44616591930389404,0.773322343826294,1.171831488609314
40,456,540,500,kl,86.38,0.37999999999999545,0.4131883382797241,0.7698579430580139,1.1368008852005005
40,456,541,501,kl,86.68,0.30000000000001137,0.4688272774219513,0.7886232137680054,1.2091830968856812
40,456,542,502,kl,86.2,-0.480000000000004,0.47279149293899536,0.8190822601318359,1.2495423555374146
40,456,543,503,kl,86.44,0.23999999999999488,0.4059884250164032,0.7494439482688904,1.0523624420166016
40,456,544,504,kl,86.52,0.0799999999999983,0.4455225467681885,0.7782511115074158,1.1322100162506104
40,456,545,505,kl,86.48,-0.03999999999999204,0.36528271436691284,0.7751885652542114,1.1371411085128784
40,456,546,506,kl,86.18,-0.29999999999999716,0.46535494923591614,0.8080303072929382,1.1803390979766846
40,456,547,507,kl,86.42,0.23999999999999488,0.45743054151535034,0.8103543519973755,1.255279541015625
40,456,548,508,kl,86.28,-0.14000000000000057,0.44337308406829834,0.8634691834449768,1.1194192171096802
40,456,549,509,kl,86.26,-0.01999999999999602,0.4484105706214905,0.8050121068954468,1.1363219022750854
40,456,550,510,kl,86.64,0.37999999999999545,0.41346418857574463,0.7927629351615906,1.2042466402053833
40,456,551,511,kl,86.42,-0.21999999999999886,0.4332781136035919,0.8263495564460754,1.1801117658615112
40,456,552,512,kl,86.38,-0.04000000000000625,0.5085626840591431,0.8541274070739746,1.2825554609298706
40,456,553,513,kl,86.22,-0.1599999999999966,0.4744054675102234,0.861763596534729,1.1989272832870483
40,456,554,514,kl,86.24,0.01999999999999602,0.47731101512908936,0.8638924360275269,1.1646764278411865
40,456,555,515,kl,86.22,-0.01999999999999602,0.4778093099594116,0.852780818939209,1.298547387123108
40,456,556,516,kl,86.16,-0.060000000000002274,0.4584881663322449,0.8590508103370667,1.1510199308395386
40,456,557,517,kl,86.42,0.2600000000000051,0.37830108404159546,0.790951669216156,1.1316797733306885
40,456,558,518,kl,86.1,-0.3200000000000074,0.4314572215080261,0.8490431904792786,1.2566176652908325
40,456,559,519,kl,86.38,0.28000000000000114,0.41960859298706055,0.8491308093070984,1.2112168073654175
40,456,560,520,kl,86.02,-0.35999999999999943,0.5053874254226685,0.8845949769020081,1.2955141067504883
40,456,561,521,kl,86.26,0.2400000000000091,0.5010729432106018,0.9124981164932251,1.433951735496521
40,456,562,522,kl,86.04,-0.21999999999999886,0.46706342697143555,0.8757134079933167,1.3953399658203125
40,456,563,523,kl,86.36,0.3199999999999932,0.3950079083442688,0.8005338907241821,1.1716505289077759
40,456,564,524,kl,86.0,-0.35999999999999943,0.5054876208305359,0.9273095726966858,1.3788646459579468
40,456,565,525,kl,86.1,0.09999999999999432,0.4902457594871521,0.8965742588043213,1.3684591054916382
40,456,566,526,kl,86.14,0.04000000000000625,0.36910271644592285,0.8148819804191589,1.3119490146636963
40,456,567,527,kl,86.08,-0.060000000000002274,0.43674176931381226,0.8508868217468262,1.1711968183517456
40,456,568,528,kl,86.26,0.18000000000000682,0.46355730295181274,0.8833980560302734,1.2562459707260132
40,456,569,529,kl,86.34,0.0799999999999983,0.47332626581192017,0.8947955369949341,1.2031382322311401
40,456,570,530,kl,86.22,-0.12000000000000455,0.41398289799690247,0.878430187702179,1.2091110944747925
40,456,571,531,kl,86.62,0.4000000000000057,0.41646116971969604,0.908156156539917,1.3559755086898804
40,456,572,532,kl,86.28,-0.3400000000000034,0.4547564387321472,0.9064083099365234,1.3390202522277832
40,456,573,533,kl,86.54,0.2600000000000051,0.43804407119750977,0.9053283333778381,1.3324373960494995
40,456,574,534,ce,85.28,-1.2600000000000051,0.4001949429512024,0.8852977752685547,1.8056551218032837
40,456,575,535,kl,86.52,1.2399999999999949,0.44496726989746094,0.8759225010871887,1.2848339080810547
40,456,576,536,kl,86.18,-0.3399999999999892,0.4295900762081146,0.8965104818344116,1.254451870918274
40,456,577,537,kl,86.04,-0.14000000000000057,0.5095667839050293,0.9708475470542908,1.4314817190170288
40,456,578,538,kl,86.16,0.11999999999999034,0.4069317579269409,0.8895807266235352,1.1532604694366455
40,456,579,539,kl,86.12,-0.03999999999999204,0.449078768491745,0.913407027721405,1.3135261535644531
40,456,580,540,kl,86.08,-0.04000000000000625,0.4984266459941864,0.9574262499809265,1.3974660634994507
40,456,581,541,kl,86.4,0.3200000000000074,0.4775547683238983,0.9283031821250916,1.335131049156189
40,456,582,542,kl,86.2,-0.20000000000000284,0.4199853837490082,0.879850447177887,1.2232179641723633
40,456,583,543,kl,86.26,0.060000000000002274,0.4479445815086365,0.9264814257621765,1.3243626356124878
40,456,584,544,kl,86.12,-0.14000000000000057,0.42409926652908325,0.9046580791473389,1.4176799058914185
40,456,585,545,kl,86.52,0.3999999999999915,0.3948745131492615,0.8743438720703125,1.3417645692825317
40,456,586,546,kl,86.48,-0.03999999999999204,0.4359155297279358,0.9319292902946472,1.310356616973877
40,456,587,547,kl,85.92,-0.5600000000000023,0.4217614531517029,0.9426831603050232,1.3555207252502441
40,456,588,548,kl,86.46,0.539999999999992,0.3633350729942322,0.8659201860427856,1.3475189208984375
40,456,589,549,kl,85.98,-0.47999999999998977,0.46496060490608215,0.9338399171829224,1.317385196685791
40,456,590,550,kl,85.76,-0.21999999999999886,0.4692487120628357,0.9420397281646729,1.5598398447036743
40,456,591,551,kl,86.02,0.2599999999999909,0.41061508655548096,0.9132335782051086,1.3971434831619263
40,456,592,552,kl,86.26,0.2400000000000091,0.43543413281440735,0.9490594267845154,1.3185346126556396
40,456,593,553,kl,86.12,-0.14000000000000057,0.5115618705749512,0.9682577252388,1.3293910026550293
40,456,594,554,kl,86.54,0.4200000000000017,0.3209928274154663,0.886452853679657,1.3047373294830322
40,456,595,555,kl,85.84,-0.7000000000000028,0.5357642769813538,1.0707513093948364,1.5918564796447754
40,456,596,556,kl,85.72,-0.12000000000000455,0.43955039978027344,0.9292704463005066,1.3370261192321777
40,456,597,557,kl,86.04,0.3200000000000074,0.45017769932746887,0.9565636515617371,1.3973400592803955
40,456,598,558,kl,86.42,0.37999999999999545,0.3597075343132019,0.8671258091926575,1.3429880142211914
40,456,599,559,kl,85.8,-0.6200000000000045,0.4053025245666504,0.9191773533821106,1.2214298248291016
40,456,600,560,kl,85.94,0.14000000000000057,0.41057685017585754,0.8984691500663757,1.4051361083984375
40,456,601,561,kl,86.54,0.6000000000000085,0.4343118667602539,0.9339056611061096,1.252842664718628
40,456,602,562,kl,86.2,-0.3400000000000034,0.36447787284851074,0.8743449449539185,1.1635949611663818
40,456,603,563,kl,86.3,0.09999999999999432,0.5663573741912842,1.06596040725708,1.765191912651062
40,456,604,564,kl,86.08,-0.21999999999999886,0.45781418681144714,0.9488651156425476,1.445619821548462
40,456,605,565,kl,86.28,0.20000000000000284,0.4359770119190216,0.9508805274963379,1.3305435180664062
40,456,606,566,kl,85.9,-0.37999999999999545,0.435861200094223,0.9392907619476318,1.3866605758666992
40,456,607,567,kl,86.24,0.3399999999999892,0.4201767146587372,0.9347196221351624,1.4345732927322388
40,456,608,568,kl,86.1,-0.14000000000000057,0.5179538726806641,0.9956273436546326,1.7013565301895142
40,456,609,569,kl,85.92,-0.1799999999999926,0.3509067893028259,0.9207683801651001,1.3288114070892334
40,456,610,570,kl,86.18,0.2600000000000051,0.40936723351478577,0.9065354466438293,1.3566261529922485
40,456,611,571,kl,86.14,-0.04000000000000625,0.40946871042251587,0.9598830938339233,1.3730114698410034
40,456,612,572,kl,86.44,0.29999999999999716,0.3882724344730377,0.9398374557495117,1.258313775062561
40,456,613,573,kl,86.42,-0.01999999999999602,0.4413639307022095,0.9274682998657227,1.447235107421875
40,456,614,574,kl,86.34,-0.0799999999999983,0.4116687774658203,0.9448380470275879,1.5364210605621338
40,456,615,575,ce,85.14,-1.2000000000000028,0.4114153981208801,0.9552487134933472,2.0643370151519775
40,456,616,576,kl,86.18,1.0400000000000063,0.5078903436660767,0.964825451374054,1.6116176843643188
40,456,617,577,kl,86.06,-0.12000000000000455,0.49939674139022827,0.9546970129013062,1.423054575920105
40,456,618,578,kl,86.22,0.1599999999999966,0.47026312351226807,0.9673786163330078,1.4227895736694336
40,456,619,579,kl,86.16,-0.060000000000002274,0.45608291029930115,0.9513673782348633,1.3799777030944824
40,456,620,580,kl,85.96,-0.20000000000000284,0.44562631845474243,0.9348402619361877,1.4225244522094727
40,456,621,581,kl,86.04,0.0800000000000125,0.4351041913032532,0.9193874001502991,1.5327521562576294
40,456,622,582,kl,86.02,-0.020000000000010232,0.46352890133857727,0.9561688899993896,1.448609471321106
40,456,623,583,kl,85.98,-0.03999999999999204,0.5772615671157837,1.0493756532669067,1.61335027217865
40,456,624,584,kl,86.28,0.29999999999999716,0.5601226091384888,1.0680865049362183,1.6426907777786255
40,456,625,585,kl,86.64,0.35999999999999943,0.4303758144378662,0.961431622505188,1.4323595762252808
40,456,626,586,kl,86.52,-0.12000000000000455,0.4762835204601288,0.9902163147926331,1.3862366676330566
40,456,627,587,kl,86.46,-0.060000000000002274,0.399045467376709,0.9467166066169739,1.2408087253570557
40,456,628,588,kl,85.9,-0.5599999999999881,0.43624353408813477,0.9868755340576172,1.5592851638793945
40,456,629,589,kl,86.34,0.4399999999999977,0.4928776025772095,0.9960915446281433,1.3371282815933228
40,456,630,590,kl,86.32,-0.020000000000010232,0.4247215986251831,0.9810866117477417,1.4791816473007202
40,456,631,591,kl,85.96,-0.35999999999999943,0.43573102355003357,0.9754735827445984,1.3742120265960693
40,456,632,592,kl,86.12,0.1600000000000108,0.45775479078292847,1.0048071146011353,1.4329297542572021
40,456,633,593,kl,86.02,-0.10000000000000853,0.48056915402412415,0.9920581579208374,1.604675054550171
40,456,634,594,kl,86.66,0.6400000000000006,0.48326438665390015,1.0046072006225586,1.379725694656372
40,456,635,595,kl,86.08,-0.5799999999999983,0.43055054545402527,0.9801791310310364,1.3787803649902344
40,456,636,596,kl,86.62,0.5400000000000063,0.48150506615638733,1.016165852546692,1.3812532424926758
40,456,637,597,kl,86.14,-0.480000000000004,0.5003803968429565,1.0185891389846802,1.4853010177612305
40,456,638,598,kl,86.24,0.09999999999999432,0.469549298286438,1.000605583190918,1.3978623151779175
40,456,639,599,kl,86.1,-0.14000000000000057,0.4438110291957855,0.968171238899231,1.4558058977127075
40,456,640,600,kl,86.14,0.04000000000000625,0.45788124203681946,0.994940459728241,1.3806509971618652
40,456,641,601,kl,85.94,-0.20000000000000284,0.3997598886489868,0.9691666960716248,1.4081157445907593
40,456,642,602,kl,86.26,0.3200000000000074,0.4284929931163788,0.9462234973907471,1.4742218255996704
40,456,643,603,kl,86.48,0.21999999999999886,0.3803548216819763,0.9369269013404846,1.3516210317611694
40,456,644,604,kl,85.78,-0.7000000000000028,0.45373469591140747,0.9662534594535828,1.522065281867981
40,456,645,605,kl,86.26,0.480000000000004,0.47725361585617065,1.0181177854537964,1.4981790781021118
40,456,646,606,kl,85.7,-0.5600000000000023,0.4290822148323059,1.0070446729660034,1.4460653066635132
40,456,647,607,kl,85.78,0.0799999999999983,0.3620951175689697,0.9337882399559021,1.3627632856369019
40,456,648,608,kl,86.2,0.4200000000000017,0.43030521273612976,0.9474955201148987,1.4075517654418945
40,456,649,609,kl,86.3,0.09999999999999432,0.5147671699523926,1.0656206607818604,1.567038655281067
40,456,650,610,kl,86.06,-0.23999999999999488,0.48118752241134644,1.0648859739303589,1.525202751159668
40,456,651,611,kl,86.06,0.0,0.46761128306388855,0.998117983341217,1.3833296298980713
40,456,652,612,kl,86.06,0.0,0.4369814991950989,1.0238313674926758,1.435305118560791
40,456,653,613,kl,86.34,0.28000000000000114,0.5225469470024109,1.0460422039031982,1.5989282131195068
40,456,654,614,kl,86.12,-0.21999999999999886,0.4254664182662964,0.9734081625938416,1.329909324645996
40,456,655,615,kl,86.08,-0.04000000000000625,0.4794052541255951,1.0068379640579224,1.4771366119384766
40,456,656,616,ce,85.5,-0.5799999999999983,0.40001577138900757,0.9850231409072876,1.850951075553894
40,456,657,617,kl,86.62,1.1200000000000045,0.40881311893463135,0.9711117744445801,1.3570897579193115
40,456,658,618,kl,87.06,0.4399999999999977,0.35163038969039917,0.9341093897819519,1.284997582435608
40,456,659,619,kl,87.02,-0.04000000000000625,0.3505227863788605,0.9228346943855286,1.2578489780426025
40,456,660,620,kl,86.9,-0.11999999999999034,0.3645901381969452,0.946260392665863,1.354191541671753
40,456,661,621,kl,87.04,0.14000000000000057,0.33440765738487244,0.9237125515937805,1.2691887617111206
40,456,662,622,kl,87.16,0.11999999999999034,0.31925612688064575,0.9266414046287537,1.269587516784668
40,456,663,623,kl,86.84,-0.3199999999999932,0.35438400506973267,0.9398841857910156,1.283778190612793
40,456,664,624,kl,87.04,0.20000000000000284,0.36439812183380127,0.9482010006904602,1.3232365846633911
40,456,665,625,kl,86.92,-0.12000000000000455,0.3485276699066162,0.9499486684799194,1.2925045490264893
40,456,666,626,kl,87.14,0.21999999999999886,0.3766856789588928,0.9472306370735168,1.3258602619171143
40,456,667,627,kl,86.8,-0.3400000000000034,0.3468305468559265,0.9520489573478699,1.2795584201812744
40,456,668,628,kl,86.82,0.01999999999999602,0.33633747696876526,0.94465172290802,1.2627314329147339
40,456,669,629,kl,86.98,0.1600000000000108,0.36694493889808655,0.9716466665267944,1.333960771560669
40,456,670,630,kl,86.96,-0.020000000000010232,0.36548668146133423,0.9616900682449341,1.3267176151275635
40,456,671,631,kl,86.8,-0.1599999999999966,0.34472769498825073,0.9545801281929016,1.2879278659820557
40,456,672,632,kl,87.0,0.20000000000000284,0.3355594873428345,0.9451963305473328,1.3080894947052002
40,456,673,633,kl,86.78,-0.21999999999999886,0.3586429953575134,0.9629836082458496,1.3230485916137695
40,456,674,634,kl,87.08,0.29999999999999716,0.3523242175579071,0.960777997970581,1.3677343130111694
40,456,675,635,kl,86.92,-0.1599999999999966,0.35044294595718384,0.9621422290802002,1.2935571670532227
40,456,676,636,kl,86.98,0.060000000000002274,0.35214298963546753,0.9472982883453369,1.3537331819534302
40,456,677,637,kl,86.9,-0.0799999999999983,0.3577461242675781,0.959721565246582,1.3356640338897705
40,456,678,638,kl,87.06,0.1599999999999966,0.3670676350593567,0.9601549506187439,1.3440994024276733
40,456,679,639,kl,86.92,-0.14000000000000057,0.3517632782459259,0.9625831842422485,1.314921498298645
40,456,680,640,kl,86.86,-0.060000000000002274,0.3533080220222473,0.9757956266403198,1.315804123878479
40,456,681,641,kl,86.94,0.0799999999999983,0.36589372158050537,0.98140949010849,1.332964539527893
40,456,682,642,kl,86.92,-0.01999999999999602,0.3455234169960022,0.9830418825149536,1.3450723886489868
40,456,683,643,kl,86.86,-0.060000000000002274,0.3625693917274475,0.9769293665885925,1.2933154106140137
40,456,684,644,kl,86.98,0.12000000000000455,0.34779131412506104,0.9828097820281982,1.304641842842102
40,456,685,645,kl,87.04,0.060000000000002274,0.35365942120552063,0.9867749214172363,1.3279149532318115
40,456,686,646,kl,86.86,-0.18000000000000682,0.37221038341522217,0.9886156320571899,1.3884717226028442
40,456,687,647,kl,87.06,0.20000000000000284,0.3267486095428467,0.9716928005218506,1.3046990633010864
40,456,688,648,kl,86.92,-0.14000000000000057,0.36541521549224854,1.0108067989349365,1.3855863809585571
40,456,689,649,kl,86.88,-0.04000000000000625,0.3426365554332733,0.9770834445953369,1.3913971185684204
40,456,690,650,kl,86.7,-0.1799999999999926,0.3815246820449829,1.0004287958145142,1.3691329956054688
40,456,691,651,kl,86.98,0.28000000000000114,0.39133816957473755,1.006219506263733,1.4006778001785278
40,456,692,652,kl,86.86,-0.12000000000000455,0.37051457166671753,1.003479242324829,1.3823665380477905
40,456,693,653,kl,86.8,-0.060000000000002274,0.3370264768600464,0.9876971244812012,1.3033677339553833
40,456,694,654,kl,86.88,0.0799999999999983,0.341474324464798,1.0158144235610962,1.3506717681884766
40,456,695,655,kl,86.88,0.0,0.3612954020500183,1.0128978490829468,1.4149752855300903
40,456,696,656,kl,86.88,0.0,0.3123215138912201,0.9854129552841187,1.3039567470550537
40,456,697,657,ce,86.98,0.10000000000000853,0.37774670124053955,1.049181580543518,1.5472301244735718
40,456,698,658,kl,86.86,-0.12000000000000455,0.37350988388061523,1.028520941734314,1.4536776542663574
40,456,699,659,kl,86.96,0.09999999999999432,0.3415333926677704,0.9919799566268921,1.3932338953018188
40,456,700,660,kl,86.92,-0.03999999999999204,0.34258392453193665,1.019794225692749,1.3684221506118774
40,456,701,661,kl,86.8,-0.12000000000000455,0.34303656220436096,1.0253926515579224,1.3525570631027222
40,456,702,662,kl,86.86,0.060000000000002274,0.3167862296104431,1.00042724609375,1.3414344787597656
40,456,703,663,kl,86.88,0.01999999999999602,0.334982693195343,1.0221055746078491,1.3541845083236694
40,456,704,664,kl,86.72,-0.1599999999999966,0.3257584273815155,1.007036805152893,1.3843611478805542
40,456,705,665,kl,87.1,0.37999999999999545,0.33365386724472046,1.0125569105148315,1.3650684356689453
40,456,706,666,kl,86.98,-0.11999999999999034,0.3132932484149933,1.0041667222976685,1.3874764442443848
40,456,707,667,kl,86.98,0.0,0.34844282269477844,1.0148582458496094,1.4083251953125
40,456,708,668,kl,87.0,0.01999999999999602,0.3664374351501465,1.0352535247802734,1.417525291442871
40,456,709,669,kl,86.74,-0.2600000000000051,0.3844379186630249,1.0408843755722046,1.4974887371063232
40,456,710,670,kl,86.84,0.10000000000000853,0.3571329414844513,1.0485585927963257,1.4344130754470825
40,456,711,671,kl,86.96,0.11999999999999034,0.36016905307769775,1.035730242729187,1.4114739894866943
40,456,712,672,kl,86.78,-0.1799999999999926,0.34985044598579407,1.0242431163787842,1.4484970569610596
40,456,713,673,kl,86.82,0.03999999999999204,0.360719233751297,1.0389397144317627,1.472912073135376
40,456,714,674,kl,87.04,0.22000000000001307,0.3564721643924713,1.0220842361450195,1.4431484937667847
40,456,715,675,kl,86.92,-0.12000000000000455,0.3182600736618042,1.0255517959594727,1.3394712209701538
40,456,716,676,kl,87.02,0.09999999999999432,0.3474646806716919,1.0328840017318726,1.4554115533828735
40,456,717,677,kl,87.0,-0.01999999999999602,0.36231935024261475,1.0441683530807495,1.4917385578155518
40,456,718,678,kl,86.88,-0.12000000000000455,0.3451101779937744,1.0270239114761353,1.432309627532959
40,456,719,679,kl,87.08,0.20000000000000284,0.373939573764801,1.053629755973816,1.4920790195465088
40,456,720,680,kl,86.84,-0.23999999999999488,0.38464003801345825,1.0537563562393188,1.5261613130569458
40,456,721,681,kl,87.06,0.21999999999999886,0.36023077368736267,1.0540090799331665,1.47345769405365
40,456,722,682,kl,87.06,0.0,0.3615037500858307,1.0477584600448608,1.4647730588912964
40,456,723,683,kl,86.9,-0.1599999999999966,0.35752248764038086,1.045206069946289,1.4785144329071045
40,456,724,684,kl,86.88,-0.020000000000010232,0.36664095520973206,1.0440927743911743,1.4487942457199097
40,456,725,685,kl,86.88,0.0,0.35861361026763916,1.0474344491958618,1.5081934928894043
40,456,726,686,kl,86.82,-0.060000000000002274,0.3585110604763031,1.0459145307540894,1.4468227624893188
40,456,727,687,kl,86.98,0.1600000000000108,0.35825857520103455,1.047762155532837,1.4563778638839722
40,456,728,688,kl,87.08,0.09999999999999432,0.35112524032592773,1.0440136194229126,1.4497381448745728
40,456,729,689,kl,87.02,-0.060000000000002274,0.32682645320892334,1.0350836515426636,1.4512912034988403
40,456,730,690,kl,86.78,-0.23999999999999488,0.3686465322971344,1.0565810203552246,1.539528250694275
40,456,731,691,kl,86.86,0.0799999999999983,0.35402339696884155,1.0425572395324707,1.488027811050415
40,456,732,692,kl,86.9,0.04000000000000625,0.3646574318408966,1.0604007244110107,1.5135372877120972
40,456,733,693,kl,86.88,-0.020000000000010232,0.3408074378967285,1.0462157726287842,1.428145408630371
40,456,734,694,kl,86.8,-0.0799999999999983,0.3658468723297119,1.0626459121704102,1.535417079925537
40,456,735,695,kl,86.84,0.04000000000000625,0.37112823128700256,1.0705914497375488,1.5055406093597412
40,456,736,696,kl,86.88,0.03999999999999204,0.36385011672973633,1.0639636516571045,1.5084410905838013
40,456,737,697,kl,86.98,0.10000000000000853,0.35463452339172363,1.0646320581436157,1.4624184370040894
40,456,738,698,ce,86.96,-0.020000000000010232,0.3953649699687958,1.117447018623352,1.7666844129562378
40,456,739,699,kl,87.1,0.14000000000000057,0.35159140825271606,1.091638445854187,1.4153602123260498
40,456,740,700,kl,86.96,-0.14000000000000057,0.3843282461166382,1.0979716777801514,1.5133949518203735
40,456,741,701,kl,86.78,-0.1799999999999926,0.3646298348903656,1.1111743450164795,1.4926557540893555
40,456,742,702,kl,87.02,0.23999999999999488,0.3415822982788086,1.0844390392303467,1.5008939504623413
40,456,743,703,kl,87.06,0.04000000000000625,0.3659995198249817,1.090296745300293,1.5478638410568237
40,456,744,704,kl,87.04,-0.01999999999999602,0.34179258346557617,1.083297848701477,1.487157940864563
40,456,745,705,kl,86.98,-0.060000000000002274,0.36829787492752075,1.1094928979873657,1.520263910293579
40,456,746,706,kl,86.86,-0.12000000000000455,0.3578948676586151,1.092882513999939,1.5514987707138062
40,456,747,707,kl,86.84,-0.01999999999999602,0.3416644334793091,1.0877164602279663,1.5529723167419434
40,456,748,708,kl,86.82,-0.020000000000010232,0.388235867023468,1.1244794130325317,1.550553560256958
40,456,749,709,kl,86.76,-0.05999999999998806,0.35661575198173523,1.0891962051391602,1.5816057920455933
40,456,750,710,kl,86.96,0.19999999999998863,0.3815991282463074,1.107889175415039,1.6096129417419434
40,456,751,711,kl,86.7,-0.2599999999999909,0.4049721360206604,1.1339831352233887,1.6543002128601074
40,456,752,712,kl,86.7,0.0,0.37911900877952576,1.1108112335205078,1.6236364841461182
40,456,753,713,kl,86.9,0.20000000000000284,0.3721005916595459,1.0888267755508423,1.599164366722107
40,456,754,714,kl,86.68,-0.21999999999999886,0.3735155463218689,1.1163445711135864,1.5640861988067627
40,456,755,715,kl,86.86,0.1799999999999926,0.3520270586013794,1.1065574884414673,1.5422245264053345
40,456,756,716,kl,86.84,-0.01999999999999602,0.3890469968318939,1.1260714530944824,1.6443684101104736
40,456,757,717,kl,86.66,-0.18000000000000682,0.4020870327949524,1.1261506080627441,1.5787811279296875
40,456,758,718,kl,86.76,0.10000000000000853,0.3928491473197937,1.1437227725982666,1.5975064039230347
40,456,759,719,kl,86.94,0.1799999999999926,0.4350285232067108,1.1664721965789795,1.6833550930023193
40,456,760,720,kl,86.72,-0.21999999999999886,0.3715479373931885,1.1211695671081543,1.5824965238571167
40,456,761,721,kl,86.68,-0.03999999999999204,0.34399914741516113,1.0835204124450684,1.5824227333068848
40,456,762,722,kl,86.78,0.09999999999999432,0.40513643622398376,1.136245846748352,1.6364675760269165
40,456,763,723,kl,86.82,0.03999999999999204,0.40690210461616516,1.1417980194091797,1.7087961435317993
40,456,764,724,kl,87.04,0.22000000000001307,0.37469208240509033,1.1161550283432007,1.5681957006454468
40,456,765,725,kl,86.82,-0.22000000000001307,0.359957754611969,1.1089308261871338,1.635250449180603
40,456,766,726,kl,86.48,-0.3399999999999892,0.3662506639957428,1.1265051364898682,1.5929371118545532
40,456,767,727,kl,86.62,0.14000000000000057,0.3576054573059082,1.1299079656600952,1.5964800119400024
40,456,768,728,kl,86.64,0.01999999999999602,0.35029691457748413,1.1031676530838013,1.5974900722503662
40,456,769,729,kl,86.9,0.2600000000000051,0.3480660319328308,1.1275690793991089,1.5371222496032715
40,456,770,730,kl,86.78,-0.12000000000000455,0.37770968675613403,1.1332727670669556,1.6616638898849487
40,456,771,731,kl,86.86,0.0799999999999983,0.39963048696517944,1.1465415954589844,1.7277511358261108
40,456,772,732,kl,87.1,0.23999999999999488,0.3679348826408386,1.1278400421142578,1.6044691801071167
40,456,773,733,kl,86.6,-0.5,0.3808566927909851,1.1449966430664062,1.6649329662322998
40,456,774,734,kl,86.64,0.04000000000000625,0.36302340030670166,1.1323667764663696,1.6376919746398926
40,456,775,735,kl,86.78,0.14000000000000057,0.35549503564834595,1.129267930984497,1.6015352010726929
40,456,776,736,kl,86.52,-0.2600000000000051,0.39172157645225525,1.1533406972885132,1.6127278804779053
40,456,777,737,kl,86.82,0.29999999999999716,0.3787332773208618,1.1274126768112183,1.765729546546936
40,456,778,738,kl,86.76,-0.05999999999998806,0.37213265895843506,1.1261930465698242,1.661039113998413
40,456,779,739,ce,86.74,-0.020000000000010232,0.43274733424186707,1.2335443496704102,1.928076148033142
40,456,780,740,kl,86.86,0.12000000000000455,0.35187095403671265,1.1474833488464355,1.6701819896697998
40,456,781,741,kl,87.06,0.20000000000000284,0.3494766056537628,1.1375411748886108,1.670090675354004
40,456,782,742,kl,86.88,-0.18000000000000682,0.36053135991096497,1.148985743522644,1.6469330787658691
40,456,783,743,kl,86.68,-0.19999999999998863,0.3745529353618622,1.1546002626419067,1.6270596981048584
40,456,784,744,kl,86.86,0.1799999999999926,0.3901623487472534,1.1607778072357178,1.6043885946273804
40,456,785,745,kl,86.62,-0.23999999999999488,0.3665059208869934,1.167582631111145,1.637233018875122
40,456,786,746,kl,86.7,0.0799999999999983,0.3549131155014038,1.1496690511703491,1.649160385131836
40,456,787,747,kl,86.98,0.28000000000000114,0.33921876549720764,1.1458399295806885,1.6263043880462646
40,456,788,748,kl,86.78,-0.20000000000000284,0.35815662145614624,1.1519417762756348,1.6770014762878418
40,456,789,749,kl,86.74,-0.04000000000000625,0.37127014994621277,1.163752555847168,1.6412354707717896
40,456,790,750,kl,86.78,0.04000000000000625,0.3804677724838257,1.1587852239608765,1.653524398803711
40,456,791,751,kl,86.98,0.20000000000000284,0.38847485184669495,1.1792618036270142,1.676237940788269
40,456,792,752,kl,86.7,-0.28000000000000114,0.39281031489372253,1.1805299520492554,1.674342393875122
40,456,793,753,kl,86.84,0.14000000000000057,0.35676318407058716,1.1654289960861206,1.6275968551635742
40,456,794,754,kl,86.78,-0.060000000000002274,0.3543680012226105,1.1632747650146484,1.6527745723724365
40,456,795,755,kl,86.58,-0.20000000000000284,0.34711378812789917,1.1471357345581055,1.6734908819198608
40,456,796,756,kl,86.88,0.29999999999999716,0.36554229259490967,1.1648634672164917,1.668670415878296
40,456,797,757,kl,86.8,-0.0799999999999983,0.3783561587333679,1.1862314939498901,1.7431827783584595
40,456,798,758,kl,86.74,-0.060000000000002274,0.3683510422706604,1.1914188861846924,1.7435822486877441
40,456,799,759,kl,86.56,-0.1799999999999926,0.38242214918136597,1.186046838760376,1.732028603553772
40,456,800,760,kl,86.88,0.3199999999999932,0.3936385214328766,1.207794189453125,1.7536180019378662
40,456,801,761,kl,86.62,-0.2599999999999909,0.3594295382499695,1.1885751485824585,1.725335955619812
40,456,802,762,kl,86.66,0.03999999999999204,0.38967615365982056,1.200803518295288,1.7593934535980225
40,456,803,763,kl,86.7,0.04000000000000625,0.38452449440956116,1.198101282119751,1.7060240507125854
40,456,804,764,kl,86.72,0.01999999999999602,0.34357744455337524,1.165513277053833,1.6804440021514893
40,456,805,765,kl,86.86,0.14000000000000057,0.3766621947288513,1.178694248199463,1.7803784608840942
40,456,806,766,kl,86.76,-0.09999999999999432,0.40497931838035583,1.209033727645874,1.7864056825637817
40,456,807,767,kl,86.72,-0.04000000000000625,0.39100366830825806,1.1928424835205078,1.8162131309509277
40,456,808,768,kl,86.8,0.0799999999999983,0.36340388655662537,1.1910890340805054,1.707451581954956
40,456,809,769,kl,86.88,0.0799999999999983,0.38706716895103455,1.2018091678619385,1.7163023948669434
40,456,810,770,kl,86.88,0.0,0.4130464494228363,1.2328057289123535,1.8173266649246216
40,456,811,771,kl,86.84,-0.03999999999999204,0.3817935883998871,1.2049616575241089,1.7553459405899048
40,456,812,772,kl,86.88,0.03999999999999204,0.3699408769607544,1.2167030572891235,1.687982201576233
40,456,813,773,kl,87.08,0.20000000000000284,0.3597206473350525,1.1997690200805664,1.7665115594863892
40,456,814,774,kl,86.78,-0.29999999999999716,0.43365105986595154,1.2500330209732056,1.9125072956085205
40,456,815,775,kl,86.92,0.14000000000000057,0.3893532454967499,1.2218761444091797,1.7906452417373657
40,456,816,776,kl,86.76,-0.1599999999999966,0.36020997166633606,1.203291654586792,1.7138031721115112
40,456,817,777,kl,86.84,0.0799999999999983,0.40605735778808594,1.2498576641082764,1.7461751699447632
40,456,818,778,kl,86.76,-0.0799999999999983,0.3899567127227783,1.2505812644958496,1.7728667259216309
40,456,819,779,kl,86.84,0.0799999999999983,0.3550492525100708,1.21699059009552,1.7110480070114136
40,456,820,780,ce,87.02,0.1799999999999926,0.3815692663192749,1.2629798650741577,1.7951042652130127
40,789,1,-39,kl,15.42,6.039999999999999,0.7817518711090088,1.2933094501495361,2.6583058834075928
40,789,2,-38,kl,40.08,24.659999999999997,0.16882717609405518,0.5485314130783081,1.0283678770065308
40,789,3,-37,kl,42.2,2.1200000000000045,0.7114745378494263,0.741256594657898,1.428253412246704
40,789,4,-36,kl,55.92,13.719999999999999,0.7040022015571594,0.6439902782440186,1.347581148147583
40,789,5,-35,kl,61.9,5.979999999999997,0.5677129030227661,0.4637560248374939,0.9899030923843384
40,789,6,-34,kl,63.78,1.8800000000000026,0.6141518354415894,0.4748421907424927,1.1582804918289185
40,789,7,-33,kl,71.2,7.420000000000002,0.5796573758125305,0.46168819069862366,1.0549644231796265
40,789,8,-32,kl,70.7,-0.5,0.5381808280944824,0.43213847279548645,0.9935373067855835
40,789,9,-31,kl,72.56,1.8599999999999994,0.5775608420372009,0.4260537922382355,1.0251168012619019
40,789,10,-30,kl,70.74,-1.8200000000000074,0.5718259215354919,0.47534969449043274,0.9047461748123169
40,789,11,-29,kl,73.86,3.1200000000000045,0.7260134220123291,0.471465140581131,1.0240625143051147
40,789,12,-28,kl,73.52,-0.3400000000000034,0.5345560312271118,0.45307350158691406,1.030513048171997
40,789,13,-27,kl,75.16,1.6400000000000006,0.6338653564453125,0.4769117534160614,1.2026381492614746
40,789,14,-26,kl,75.88,0.7199999999999989,0.4066799283027649,0.3764289915561676,0.8203227519989014
40,789,15,-25,kl,77.34,1.460000000000008,0.33523377776145935,0.41665229201316833,1.1180499792099
40,789,16,-24,kl,77.44,0.09999999999999432,0.49651408195495605,0.4095533788204193,0.8439478874206543
40,789,17,-23,kl,77.7,0.2600000000000051,0.5477958917617798,0.41144490242004395,1.0047214031219482
40,789,18,-22,kl,76.78,-0.9200000000000017,0.433107852935791,0.4407075047492981,1.1883528232574463
40,789,19,-21,kl,75.54,-1.2399999999999949,0.5608399510383606,0.4725026786327362,1.3594378232955933
40,789,20,-20,kl,78.56,3.019999999999996,0.5392536520957947,0.36367902159690857,0.7754254937171936
40,789,21,-19,kl,75.3,-3.260000000000005,0.6591171026229858,0.5096344947814941,1.0527204275131226
40,789,22,-18,kl,77.88,2.5799999999999983,0.47943633794784546,0.3928455710411072,0.9292561411857605
40,789,23,-17,kl,79.38,1.5,0.5858990550041199,0.4032329320907593,0.8618000745773315
40,789,24,-16,kl,78.8,-0.5799999999999983,0.6185854077339172,0.4584008455276489,1.008546233177185
40,789,25,-15,kl,79.02,0.21999999999999886,0.6223376989364624,0.4458354413509369,0.9429132342338562
40,789,26,-14,kl,78.98,-0.03999999999999204,0.5788914561271667,0.41895875334739685,0.895983874797821
40,789,27,-13,kl,81.32,2.339999999999989,0.3730278015136719,0.346805602312088,0.7766757011413574
40,789,28,-12,kl,79.2,-2.1199999999999903,0.635278582572937,0.45225322246551514,1.0416607856750488
40,789,29,-11,kl,79.44,0.23999999999999488,0.4895726442337036,0.41573065519332886,1.073181390762329
40,789,30,-10,kl,80.48,1.0400000000000063,0.42147570848464966,0.37868112325668335,0.9414938688278198
40,789,31,-9,kl,80.36,-0.12000000000000455,0.5390961170196533,0.42319878935813904,0.788544237613678
40,789,32,-8,kl,79.58,-0.7800000000000011,0.5869967937469482,0.43865349888801575,0.8839928507804871
40,789,33,-7,kl,79.72,0.14000000000000057,0.5444358587265015,0.4068269431591034,0.8702447414398193
40,789,34,-6,kl,80.82,1.0999999999999943,0.5263884663581848,0.4423578083515167,1.1207844018936157
40,789,35,-5,kl,80.54,-0.2799999999999869,0.5779004096984863,0.4157499372959137,0.8222292065620422
40,789,36,-4,kl,81.4,0.8599999999999994,0.2889336049556732,0.3787226378917694,0.816746711730957
40,789,37,-3,kl,81.12,-0.28000000000000114,0.5690648555755615,0.42952290177345276,0.8243114352226257
40,789,38,-2,kl,78.7,-2.4200000000000017,0.40041297674179077,0.37709397077560425,1.084334135055542
40,789,39,-1,kl,80.78,2.0799999999999983,0.6468127965927124,0.44731903076171875,1.0314700603485107
40,789,40,0,kl,80.42,-0.35999999999999943,0.5206366181373596,0.40650656819343567,0.9064470529556274
40,789,41,1,ce,80.8,0.37999999999999545,0.22126534581184387,0.29895561933517456,1.6862138509750366
40,789,42,2,kl,77.72,-3.0799999999999983,0.5946351289749146,0.43299949169158936,1.2549865245819092
40,789,43,3,kl,80.56,2.8400000000000034,0.5697137117385864,0.4606040120124817,0.8950923681259155
40,789,44,4,kl,81.64,1.0799999999999983,0.39531296491622925,0.388208270072937,0.7814856171607971
40,789,45,5,kl,81.12,-0.519999999999996,0.3351272940635681,0.3641885817050934,0.7755674123764038
40,789,46,6,kl,80.36,-0.7600000000000051,0.396200567483902,0.4179045855998993,0.8265301585197449
40,789,47,7,kl,80.86,0.5,0.4492517113685608,0.43630698323249817,1.1517252922058105
40,789,48,8,kl,79.54,-1.3199999999999932,0.5291573405265808,0.4607786238193512,1.0048528909683228
40,789,49,9,kl,80.78,1.2399999999999949,0.4851212501525879,0.4191734492778778,0.9950281381607056
40,789,50,10,kl,80.6,-0.18000000000000682,0.4099058210849762,0.38087689876556396,0.7982308864593506
40,789,51,11,kl,80.22,-0.37999999999999545,0.5408207774162292,0.4557315409183502,1.1608952283859253
40,789,52,12,kl,80.14,-0.0799999999999983,0.4507993459701538,0.4121052026748657,0.9509959816932678
40,789,53,13,kl,81.08,0.9399999999999977,0.37306612730026245,0.37234243750572205,0.8104748725891113
40,789,54,14,kl,82.02,0.9399999999999977,0.5243141651153564,0.42213237285614014,0.9619266986846924
40,789,55,15,kl,81.4,-0.6199999999999903,0.4343286156654358,0.3726155757904053,0.8344718217849731
40,789,56,16,kl,81.5,0.09999999999999432,0.4751175045967102,0.42307183146476746,0.8489266037940979
40,789,57,17,kl,81.02,-0.480000000000004,0.5969550013542175,0.47074735164642334,0.8723747730255127
40,789,58,18,kl,79.62,-1.3999999999999915,0.4984554946422577,0.3825311064720154,0.8901159763336182
40,789,59,19,kl,81.36,1.7399999999999949,0.5639781951904297,0.43010732531547546,0.8047655820846558
40,789,60,20,kl,81.0,-0.35999999999999943,0.40899375081062317,0.38129180669784546,0.8144009113311768
40,789,61,21,kl,81.64,0.6400000000000006,0.4858306646347046,0.4069778323173523,1.1465309858322144
40,789,62,22,kl,82.18,0.5400000000000063,0.4824584126472473,0.40386784076690674,0.8606951832771301
40,789,63,23,kl,81.48,-0.7000000000000028,0.22548283636569977,0.3477109670639038,1.0530601739883423
40,789,64,24,kl,80.42,-1.0600000000000023,0.5167978405952454,0.42463570833206177,0.7995063662528992
40,789,65,25,kl,80.96,0.539999999999992,0.4775209128856659,0.4114086329936981,1.050450325012207
40,789,66,26,kl,82.16,1.2000000000000028,0.34120994806289673,0.38987064361572266,1.0503770112991333
40,789,67,27,kl,81.52,-0.6400000000000006,0.3402947187423706,0.37087732553482056,0.9795559644699097
40,789,68,28,kl,78.86,-2.6599999999999966,0.7121317386627197,0.5397924780845642,1.2379673719406128
40,789,69,29,kl,81.18,2.3200000000000074,0.6380850076675415,0.5065971612930298,0.9532085061073303
40,789,70,30,kl,80.9,-0.28000000000000114,0.46975523233413696,0.44259482622146606,1.1404876708984375
40,789,71,31,kl,79.58,-1.3200000000000074,0.6155421733856201,0.5229194760322571,1.190989375114441
40,789,72,32,kl,81.8,2.219999999999999,0.48204147815704346,0.40649256110191345,0.9396023750305176
40,789,73,33,kl,80.74,-1.0600000000000023,0.5012453198432922,0.44825685024261475,1.0618586540222168
40,789,74,34,kl,81.94,1.2000000000000028,0.5907800197601318,0.4628082513809204,0.9535568356513977
40,789,75,35,kl,81.04,-0.8999999999999915,0.6090087890625,0.47383609414100647,0.8393874168395996
40,789,76,36,kl,81.2,0.1599999999999966,0.6438990831375122,0.47639891505241394,0.9542325735092163
40,789,77,37,kl,81.32,0.11999999999999034,0.47232910990715027,0.4240478575229645,0.763429582118988
40,789,78,38,kl,81.08,-0.23999999999999488,0.5405418276786804,0.4544519782066345,0.9050074815750122
40,789,79,39,kl,80.98,-0.09999999999999432,0.5402862429618835,0.46614593267440796,0.9246432781219482
40,789,80,40,kl,81.44,0.45999999999999375,0.6445538997650146,0.4628990888595581,0.8743254542350769
40,789,81,41,kl,80.5,-0.9399999999999977,0.5522048473358154,0.46177515387535095,1.0648765563964844
40,789,82,42,ce,81.46,0.9599999999999937,0.3038504719734192,0.3586544692516327,1.810492992401123
40,789,83,43,kl,81.38,-0.0799999999999983,0.4865679442882538,0.44137099385261536,1.1411945819854736
40,789,84,44,kl,78.42,-2.9599999999999937,0.505784809589386,0.47064709663391113,1.156131386756897
40,789,85,45,kl,82.34,3.9200000000000017,0.6696515083312988,0.4827854335308075,0.8971322178840637
40,789,86,46,kl,81.56,-0.7800000000000011,0.43267717957496643,0.4027291536331177,0.8742557764053345
40,789,87,47,kl,82.8,1.2399999999999949,0.5509250164031982,0.43919768929481506,0.8044553995132446
40,789,88,48,kl,81.22,-1.5799999999999983,0.6217309236526489,0.496396541595459,0.9461906552314758
40,789,89,49,kl,81.96,0.7399999999999949,0.5095576643943787,0.4124983251094818,0.7476287484169006
40,789,90,50,kl,81.58,-0.37999999999999545,0.6142011880874634,0.47715261578559875,1.003487467765808
40,789,91,51,kl,82.46,0.8799999999999955,0.5312610268592834,0.4348883330821991,0.9082708954811096
40,789,92,52,kl,82.24,-0.21999999999999886,0.4162023365497589,0.3906651735305786,1.123704433441162
40,789,93,53,kl,81.36,-0.8799999999999955,0.5241007804870605,0.45209720730781555,1.0509387254714966
40,789,94,54,kl,81.28,-0.0799999999999983,0.4962993264198303,0.42551717162132263,0.9123885035514832
40,789,95,55,kl,81.22,-0.060000000000002274,0.5271153450012207,0.40420857071876526,0.9085657000541687
40,789,96,56,kl,80.4,-0.8199999999999932,0.6160072088241577,0.4837798774242401,1.0496586561203003
40,789,97,57,kl,82.24,1.8399999999999892,0.4554707705974579,0.4033373296260834,1.1730868816375732
40,789,98,58,kl,80.98,-1.259999999999991,0.5840674638748169,0.4573799967765808,1.0900399684906006
40,789,99,59,kl,81.62,0.6400000000000006,0.5231031775474548,0.43653056025505066,1.0634921789169312
40,789,100,60,kl,79.62,-2.0,0.6559200286865234,0.5414032936096191,1.3774868249893188
40,789,101,61,kl,81.18,1.5600000000000023,0.45858949422836304,0.4099142849445343,1.0084344148635864
40,789,102,62,kl,81.02,-0.1600000000000108,0.40432244539260864,0.3878366947174072,0.9149264097213745
40,789,103,63,kl,81.46,0.4399999999999977,0.4857451319694519,0.4610781967639923,0.999804675579071
40,789,104,64,kl,80.2,-1.259999999999991,0.46762815117836,0.4478295147418976,1.0693728923797607
40,789,105,65,kl,82.14,1.9399999999999977,0.4490637183189392,0.40486863255500793,0.9765872359275818
40,789,106,66,kl,81.06,-1.0799999999999983,0.6338127851486206,0.4956594705581665,0.9757124185562134
40,789,107,67,kl,82.36,1.2999999999999972,0.4748498499393463,0.4184109568595886,0.9091328382492065
40,789,108,68,kl,82.06,-0.29999999999999716,0.5247009992599487,0.4676130414009094,0.9796108603477478
40,789,109,69,kl,82.28,0.21999999999999886,0.5184911489486694,0.42506644129753113,0.8364944458007812
40,789,110,70,kl,80.18,-2.0999999999999943,0.6410374045372009,0.5348491668701172,1.1316726207733154
40,789,111,71,kl,80.52,0.3399999999999892,0.5026487112045288,0.4277089536190033,0.9399747252464294
40,789,112,72,kl,80.24,-0.28000000000000114,0.5466427803039551,0.4776999354362488,1.0652029514312744
40,789,113,73,kl,81.62,1.3800000000000097,0.6403073668479919,0.49029049277305603,1.1664777994155884
40,789,114,74,kl,80.7,-0.9200000000000017,0.5783674120903015,0.4986933767795563,1.1387420892715454
40,789,115,75,kl,81.36,0.6599999999999966,0.5985661745071411,0.47725778818130493,1.1769047975540161
40,789,116,76,kl,80.34,-1.019999999999996,0.4922172427177429,0.4584624171257019,1.2968751192092896
40,789,117,77,kl,82.46,2.1199999999999903,0.3657585382461548,0.39674869179725647,0.9607952237129211
40,789,118,78,kl,81.6,-0.8599999999999994,0.5098811388015747,0.4417498707771301,0.9906848073005676
40,789,119,79,kl,80.18,-1.4199999999999875,0.4445810616016388,0.4247378408908844,1.2308945655822754
40,789,120,80,kl,82.2,2.019999999999996,0.5798115134239197,0.45288723707199097,0.8855966329574585
40,789,121,81,kl,82.8,0.5999999999999943,0.4698708653450012,0.40222588181495667,0.8565990924835205
40,789,122,82,kl,82.26,-0.539999999999992,0.4759540557861328,0.41460707783699036,0.9086857438087463
40,789,123,83,ce,81.82,-0.44000000000001194,0.35048019886016846,0.37533241510391235,1.5917794704437256
40,789,124,84,kl,81.18,-0.6399999999999864,0.38997212052345276,0.43450087308883667,1.1061148643493652
40,789,125,85,kl,82.08,0.8999999999999915,0.516606330871582,0.4483155310153961,0.7952337861061096
40,789,126,86,kl,79.7,-2.3799999999999955,0.5351677536964417,0.4712202548980713,1.0788203477859497
40,789,127,87,kl,81.42,1.7199999999999989,0.5316795706748962,0.45415258407592773,0.9353950023651123
40,789,128,88,kl,81.74,0.3199999999999932,0.549951434135437,0.4495924413204193,0.9781871438026428
40,789,129,89,kl,82.04,0.30000000000001137,0.37317484617233276,0.4009082615375519,0.885901927947998
40,789,130,90,kl,80.92,-1.1200000000000045,0.5410600900650024,0.46339133381843567,1.139206886291504
40,789,131,91,kl,81.32,0.3999999999999915,0.3941026031970978,0.41569003462791443,0.9462640285491943
40,789,132,92,kl,82.12,0.8000000000000114,0.4350453019142151,0.4493533968925476,1.02016282081604
40,789,133,93,kl,80.62,-1.5,0.5832987427711487,0.47477951645851135,1.1917130947113037
40,789,134,94,kl,81.34,0.7199999999999989,0.5210568904876709,0.42278507351875305,0.9310295581817627
40,789,135,95,kl,81.8,0.45999999999999375,0.5667078495025635,0.4626345932483673,0.9697533249855042
40,789,136,96,kl,83.3,1.5,0.3620716333389282,0.38930660486221313,0.8146315813064575
40,789,137,97,kl,82.12,-1.1799999999999926,0.4524309039115906,0.41636332869529724,0.9544397592544556
40,789,138,98,kl,82.24,0.11999999999999034,0.4740232527256012,0.4283086061477661,0.9354506134986877
40,789,139,99,kl,81.64,-0.5999999999999943,0.5197292566299438,0.4198361337184906,0.8684271574020386
40,789,140,100,kl,81.94,0.29999999999999716,0.37060609459877014,0.4121837913990021,0.8767465353012085
40,789,141,101,kl,82.26,0.3200000000000074,0.3999261260032654,0.42555034160614014,1.0105434656143188
40,789,142,102,kl,81.8,-0.46000000000000796,0.4152061343193054,0.4262840747833252,0.9495046138763428
40,789,143,103,kl,81.02,-0.7800000000000011,0.6650518774986267,0.5431482195854187,1.320181965827942
40,789,144,104,kl,80.36,-0.6599999999999966,0.29222172498703003,0.37713512778282166,0.8805601000785828
40,789,145,105,kl,81.7,1.3400000000000034,0.5442580580711365,0.44914790987968445,0.984632134437561
40,789,146,106,kl,81.44,-0.2600000000000051,0.5862604379653931,0.4539012908935547,0.8947073221206665
40,789,147,107,kl,81.54,0.10000000000000853,0.5705251097679138,0.475013792514801,0.9615858197212219
40,789,148,108,kl,80.96,-0.5800000000000125,0.6544021368026733,0.5275210738182068,1.086403489112854
40,789,149,109,kl,82.3,1.3400000000000034,0.5661749839782715,0.47957703471183777,0.9868668913841248
40,789,150,110,kl,82.26,-0.03999999999999204,0.3525315821170807,0.38780924677848816,0.963627815246582
40,789,151,111,kl,81.08,-1.1800000000000068,0.48929616808891296,0.4284742474555969,0.7761775255203247
40,789,152,112,kl,82.0,0.9200000000000017,0.3966396749019623,0.43695345520973206,0.9867181777954102
40,789,153,113,kl,81.96,-0.04000000000000625,0.5007302761077881,0.43600016832351685,1.0710595846176147
40,789,154,114,kl,82.64,0.6800000000000068,0.29663434624671936,0.36991071701049805,0.9889458417892456
40,789,155,115,kl,80.38,-2.260000000000005,0.4031345844268799,0.41039854288101196,1.1323707103729248
40,789,156,116,kl,82.58,2.200000000000003,0.4410873055458069,0.42888015508651733,0.9046487212181091
40,789,157,117,kl,80.26,-2.319999999999993,0.413644939661026,0.41503316164016724,1.288762092590332
40,789,158,118,kl,80.32,0.05999999999998806,0.4425785541534424,0.42552128434181213,1.1203166246414185
40,789,159,119,kl,81.82,1.5,0.3764623999595642,0.39446505904197693,0.915774405002594
40,789,160,120,kl,82.3,0.480000000000004,0.43121248483657837,0.39598822593688965,0.9344781041145325
40,789,161,121,kl,82.0,-0.29999999999999716,0.315265953540802,0.3929709792137146,1.1280878782272339
40,789,162,122,kl,81.82,-0.18000000000000682,0.43510890007019043,0.405446857213974,0.9486199021339417
40,789,163,123,kl,82.3,0.480000000000004,0.500418484210968,0.4138178825378418,0.896760106086731
40,789,164,124,ce,82.36,0.060000000000002274,0.2696959376335144,0.31567877531051636,1.7649650573730469
40,789,165,125,kl,82.06,-0.29999999999999716,0.4536871910095215,0.4320944845676422,0.9101402163505554
40,789,166,126,kl,81.48,-0.5799999999999983,0.5626245737075806,0.43755510449409485,1.037927269935608
40,789,167,127,kl,82.26,0.7800000000000011,0.5084927082061768,0.44654664397239685,0.8734467029571533
40,789,168,128,kl,80.96,-1.3000000000000114,0.5602797269821167,0.4924897849559784,1.1627269983291626
40,789,169,129,kl,79.96,-1.0,0.5698994398117065,0.4478006362915039,1.1992417573928833
40,789,170,130,kl,80.78,0.8200000000000074,0.4837087094783783,0.4435769021511078,1.0067657232284546
40,789,171,131,kl,81.56,0.7800000000000011,0.4649560749530792,0.4476969540119171,1.1763900518417358
40,789,172,132,kl,82.0,0.4399999999999977,0.4029126763343811,0.4260692894458771,0.8859217166900635
40,789,173,133,kl,81.12,-0.8799999999999955,0.5739297270774841,0.49648550152778625,1.2238680124282837
40,789,174,134,kl,83.02,1.8999999999999915,0.50273597240448,0.40867653489112854,1.0122511386871338
40,789,175,135,kl,81.76,-1.259999999999991,0.586940348148346,0.4643053412437439,1.043028473854065
40,789,176,136,kl,82.3,0.539999999999992,0.4380424916744232,0.4058530330657959,0.9895930290222168
40,789,177,137,kl,81.3,-1.0,0.5485868453979492,0.4639289677143097,1.1426546573638916
40,789,178,138,kl,82.58,1.2800000000000011,0.47172150015830994,0.44130852818489075,1.001965880393982
40,789,179,139,kl,82.32,-0.2600000000000051,0.4255290627479553,0.4407497048377991,0.8361968398094177
40,789,180,140,kl,81.14,-1.1799999999999926,0.5446904301643372,0.4479999840259552,1.0140875577926636
40,789,181,141,kl,81.12,-0.01999999999999602,0.6692600250244141,0.5132381916046143,0.9940078258514404
40,789,182,142,kl,81.18,0.060000000000002274,0.3948346972465515,0.4273754954338074,0.9588812589645386
40,789,183,143,kl,82.22,1.039999999999992,0.42479637265205383,0.40140268206596375,0.8884206414222717
40,789,184,144,kl,82.28,0.060000000000002274,0.5041311979293823,0.41568249464035034,0.8069979548454285
40,789,185,145,kl,82.52,0.23999999999999488,0.5074281692504883,0.4300205409526825,0.8453189134597778
40,789,186,146,kl,82.46,-0.060000000000002274,0.4901847243309021,0.43860018253326416,1.005737543106079
40,789,187,147,kl,79.52,-2.9399999999999977,0.45589420199394226,0.4220910668373108,0.9456910490989685
40,789,188,148,kl,79.72,0.20000000000000284,0.42435336112976074,0.4615187346935272,1.015388011932373
40,789,189,149,kl,81.44,1.7199999999999989,0.4441790282726288,0.42672020196914673,1.0865546464920044
40,789,190,150,kl,80.4,-1.039999999999992,0.5118312239646912,0.46389326453208923,1.0553350448608398
40,789,191,151,kl,82.92,2.519999999999996,0.4828141927719116,0.398197203874588,0.8770872354507446
40,789,192,152,kl,81.0,-1.9200000000000017,0.43445658683776855,0.4083079397678375,0.9401376247406006
40,789,193,153,kl,81.26,0.2600000000000051,0.447455495595932,0.4180510342121124,0.7639491558074951
40,789,194,154,kl,81.76,0.5,0.3954946994781494,0.4068489372730255,0.9289728999137878
40,789,195,155,kl,82.14,0.37999999999999545,0.42237013578414917,0.42876097559928894,0.8601183891296387
40,789,196,156,kl,82.02,-0.12000000000000455,0.5171595811843872,0.4583287537097931,0.9246618151664734
40,789,197,157,kl,79.98,-2.039999999999992,0.5104235410690308,0.4630570113658905,1.1178864240646362
40,789,198,158,kl,80.9,0.9200000000000017,0.5291743874549866,0.4413939416408539,1.0878779888153076
40,789,199,159,kl,82.08,1.1799999999999926,0.5080267190933228,0.42393600940704346,0.9075168967247009
40,789,200,160,kl,80.62,-1.4599999999999937,0.6042702794075012,0.4821695387363434,1.0037413835525513
40,789,201,161,kl,82.06,1.4399999999999977,0.42852938175201416,0.4163742661476135,0.795162558555603
40,789,202,162,kl,82.18,0.12000000000000455,0.4751209020614624,0.4348107874393463,0.9325125813484192
40,789,203,163,kl,81.22,-0.960000000000008,0.5772238969802856,0.4654516279697418,1.1613821983337402
40,789,204,164,kl,82.44,1.2199999999999989,0.5060908794403076,0.44299161434173584,0.8965227603912354
40,789,205,165,ce,79.26,-3.1799999999999926,0.3621448576450348,0.4204905033111572,1.661671757698059
40,789,206,166,kl,81.28,2.019999999999996,0.251655638217926,0.35422810912132263,1.025771975517273
40,789,207,167,kl,80.9,-0.37999999999999545,0.4273417294025421,0.4336073696613312,1.0457394123077393
40,789,208,168,kl,80.72,-0.18000000000000682,0.4890362024307251,0.4130903482437134,0.9009160399436951
40,789,209,169,kl,82.34,1.6200000000000045,0.47277045249938965,0.4150731563568115,0.9833565950393677
40,789,210,170,kl,81.78,-0.5600000000000023,0.537868320941925,0.41910260915756226,0.8078239560127258
40,789,211,171,kl,82.62,0.8400000000000034,0.5928673148155212,0.458187073469162,0.7723550796508789
40,789,212,172,kl,82.26,-0.35999999999999943,0.5421412587165833,0.456794798374176,0.8132412433624268
40,789,213,173,kl,81.38,-0.8800000000000097,0.33563339710235596,0.37215906381607056,0.9852154850959778
40,789,214,174,kl,82.64,1.2600000000000051,0.3436506390571594,0.40978410840034485,1.246235966682434
40,789,215,175,kl,81.98,-0.6599999999999966,0.509289026260376,0.4353134036064148,0.8879858255386353
40,789,216,176,kl,81.76,-0.21999999999999886,0.49918484687805176,0.447295606136322,0.9573803544044495
40,789,217,177,kl,81.72,-0.04000000000000625,0.45808494091033936,0.43027666211128235,0.9150447249412537
40,789,218,178,kl,82.36,0.6400000000000006,0.5550131797790527,0.4752282202243805,1.0372551679611206
40,789,219,179,kl,82.44,0.0799999999999983,0.38114121556282043,0.3725402057170868,0.9369069933891296
40,789,220,180,kl,79.6,-2.8400000000000034,0.40744486451148987,0.4429716169834137,1.0339725017547607
40,789,221,181,kl,82.14,2.5400000000000063,0.4822343587875366,0.45439890027046204,0.9908379316329956
40,789,222,182,kl,81.86,-0.28000000000000114,0.40732502937316895,0.4227612316608429,0.8396597504615784
40,789,223,183,kl,81.12,-0.7399999999999949,0.48716866970062256,0.41268953680992126,0.910895824432373
40,789,224,184,kl,82.74,1.6199999999999903,0.5420928001403809,0.437826544046402,0.829859733581543
40,789,225,185,kl,81.38,-1.3599999999999994,0.6366279125213623,0.4772484600543976,0.9062790870666504
40,789,226,186,kl,81.42,0.04000000000000625,0.36256852746009827,0.4093244671821594,0.8622600436210632
40,789,227,187,kl,82.02,0.5999999999999943,0.41075611114501953,0.4424607455730438,0.9246463775634766
40,789,228,188,kl,82.5,0.480000000000004,0.4567936062812805,0.4131148159503937,0.8593738675117493
40,789,229,189,kl,80.64,-1.8599999999999994,0.6097014546394348,0.482401043176651,1.0138728618621826
40,789,230,190,kl,82.88,2.239999999999995,0.4053885340690613,0.43152040243148804,0.8350825905799866
40,789,231,191,kl,82.12,-0.7599999999999909,0.34386155009269714,0.3869069218635559,0.9678081274032593
40,789,232,192,kl,82.12,0.0,0.31110745668411255,0.37763649225234985,0.8983753323554993
40,789,233,193,kl,83.1,0.9799999999999898,0.31457996368408203,0.35984528064727783,0.7777292728424072
40,789,234,194,kl,82.26,-0.8399999999999892,0.4041133522987366,0.43413910269737244,0.9897797107696533
40,789,235,195,kl,81.84,-0.4200000000000017,0.6179705858230591,0.4907808303833008,0.9850739240646362
40,789,236,196,kl,82.04,0.20000000000000284,0.433963418006897,0.4062369763851166,1.1556462049484253
40,789,237,197,kl,82.88,0.8399999999999892,0.4712539315223694,0.40839239954948425,0.8982753157615662
40,789,238,198,kl,81.3,-1.5799999999999983,0.4323263168334961,0.4055194854736328,0.8397625088691711
40,789,239,199,kl,82.52,1.2199999999999989,0.5115416646003723,0.4539077877998352,1.0176057815551758
40,789,240,200,kl,81.08,-1.4399999999999977,0.46615350246429443,0.43455588817596436,0.8292598724365234
40,789,241,201,kl,81.96,0.8799999999999955,0.41060927510261536,0.4168536067008972,0.8877050876617432
40,789,242,202,kl,81.04,-0.9199999999999875,0.5071374177932739,0.4481947422027588,1.0583213567733765
40,789,243,203,kl,81.68,0.6400000000000006,0.44050201773643494,0.4204726219177246,0.8810943365097046
40,789,244,204,kl,81.52,-0.1600000000000108,0.6349661350250244,0.4949442148208618,1.1466684341430664
40,789,245,205,kl,81.9,0.38000000000000966,0.5191690921783447,0.4466235935688019,0.9856522679328918
40,789,246,206,ce,81.92,0.01999999999999602,0.241987407207489,0.349931538105011,1.6309654712677002
40,789,247,207,kl,81.96,0.03999999999999204,0.4595585763454437,0.43884310126304626,0.8814558386802673
40,789,248,208,kl,82.06,0.10000000000000853,0.48338568210601807,0.4348226487636566,0.8357609510421753
40,789,249,209,kl,82.32,0.2599999999999909,0.39184659719467163,0.41682541370391846,0.9216994047164917
40,789,250,210,kl,81.68,-0.6399999999999864,0.41755789518356323,0.40898460149765015,0.8783883452415466
40,789,251,211,kl,81.7,0.01999999999999602,0.46749383211135864,0.43259528279304504,1.156136155128479
40,789,252,212,kl,82.54,0.8400000000000034,0.39270538091659546,0.4053093492984772,0.9682711958885193
40,789,253,213,kl,80.3,-2.240000000000009,0.4382439851760864,0.42283162474632263,1.032562017440796
40,789,254,214,kl,81.96,1.6599999999999966,0.4598834812641144,0.43058687448501587,1.1213412284851074
40,789,255,215,kl,82.2,0.2400000000000091,0.49426496028900146,0.4515804350376129,0.8839704990386963
40,789,256,216,kl,82.16,-0.04000000000000625,0.3903266489505768,0.3936155140399933,0.9044607281684875
40,789,257,217,kl,81.92,-0.23999999999999488,0.5746344923973083,0.44306710362434387,0.8349552750587463
40,789,258,218,kl,82.18,0.2600000000000051,0.4088096022605896,0.42033836245536804,0.9000431299209595
40,789,259,219,kl,83.12,0.9399999999999977,0.39771994948387146,0.40012264251708984,0.9540924429893494
40,789,260,220,kl,82.04,-1.0799999999999983,0.4654041528701782,0.41916942596435547,0.8286454677581787
40,789,261,221,kl,82.16,0.11999999999999034,0.490376353263855,0.4739696979522705,0.9243065118789673
40,789,262,222,kl,82.54,0.38000000000000966,0.5077638626098633,0.40904104709625244,0.672480583190918
40,789,263,223,kl,82.04,-0.5,0.5598649978637695,0.44679296016693115,0.9700902104377747
40,789,264,224,kl,82.36,0.3199999999999932,0.4560779333114624,0.4560787081718445,1.0369518995285034
40,789,265,225,kl,82.5,0.14000000000000057,0.525905966758728,0.4584929943084717,0.8738059997558594
40,789,266,226,kl,82.76,0.2600000000000051,0.4623037874698639,0.4209161102771759,1.1461975574493408
40,789,267,227,kl,82.66,-0.10000000000000853,0.4587264657020569,0.41378486156463623,0.8686268329620361
40,789,268,228,kl,82.66,0.0,0.5305118560791016,0.408711314201355,0.921943724155426
40,789,269,229,kl,81.86,-0.7999999999999972,0.5219563841819763,0.4723905622959137,1.0612220764160156
40,789,270,230,kl,83.18,1.3200000000000074,0.3113991618156433,0.37811681628227234,0.8764960765838623
40,789,271,231,kl,83.24,0.05999999999998806,0.37900564074516296,0.39242738485336304,0.7341107726097107
40,789,272,232,kl,82.1,-1.1400000000000006,0.5129966139793396,0.4446799159049988,0.8801921010017395
40,789,273,233,kl,81.14,-0.9599999999999937,0.5413391590118408,0.43795710802078247,0.9294814467430115
40,789,274,234,kl,81.22,0.0799999999999983,0.4945337176322937,0.4423682987689972,0.9608691930770874
40,789,275,235,kl,82.52,1.2999999999999972,0.38018128275871277,0.41694721579551697,0.9631195664405823
40,789,276,236,kl,82.74,0.21999999999999886,0.4594841003417969,0.4078691601753235,0.9767566323280334
40,789,277,237,kl,82.06,-0.6799999999999926,0.5033488273620605,0.4384836256504059,1.078653335571289
40,789,278,238,kl,82.38,0.3199999999999932,0.4168110191822052,0.3859477639198303,0.8527358770370483
40,789,279,239,kl,83.22,0.8400000000000034,0.39865684509277344,0.4282490015029907,0.9509724378585815
40,789,280,240,kl,82.18,-1.039999999999992,0.3593778610229492,0.41806358098983765,0.8988590836524963
40,789,281,241,kl,81.26,-0.9200000000000017,0.5524694323539734,0.453366219997406,1.1035726070404053
40,789,282,242,kl,82.36,1.0999999999999943,0.47820109128952026,0.4322623610496521,0.9222161173820496
40,789,283,243,kl,82.14,-0.21999999999999886,0.6280345916748047,0.49583542346954346,1.1250743865966797
40,789,284,244,kl,81.52,-0.6200000000000045,0.45607230067253113,0.44715437293052673,1.0611177682876587
40,789,285,245,kl,80.8,-0.7199999999999989,0.5207830667495728,0.46044260263442993,1.1795415878295898
40,789,286,246,kl,82.76,1.960000000000008,0.4381554126739502,0.4204298257827759,0.9650814533233643
40,789,287,247,ce,81.9,-0.8599999999999994,0.30450573563575745,0.3469337522983551,1.8699299097061157
40,789,288,248,kl,81.92,0.01999999999999602,0.4657209515571594,0.44155630469322205,1.03923761844635
40,789,289,249,kl,81.94,0.01999999999999602,0.447700560092926,0.4575332701206207,0.9400743246078491
40,789,290,250,kl,81.34,-0.5999999999999943,0.45381540060043335,0.43743428587913513,0.9576268792152405
40,789,291,251,kl,82.52,1.1799999999999926,0.34724515676498413,0.40231671929359436,1.1499592065811157
40,789,292,252,kl,81.54,-0.9799999999999898,0.508044958114624,0.4282197058200836,1.0128604173660278
40,789,293,253,kl,82.92,1.3799999999999955,0.4509800672531128,0.437254399061203,0.987587571144104
40,789,294,254,kl,78.46,-4.460000000000008,0.5974611043930054,0.5043621063232422,1.3378962278366089
40,789,295,255,kl,81.82,3.3599999999999994,0.4421740770339966,0.40868043899536133,0.9070197343826294
40,789,296,256,kl,82.94,1.1200000000000045,0.48562711477279663,0.4352421760559082,0.8657982349395752
40,789,297,257,kl,78.5,-4.439999999999998,0.6729254722595215,0.5408369898796082,1.4481537342071533
40,789,298,258,kl,82.28,3.780000000000001,0.5225813984870911,0.432716965675354,0.7915443181991577
40,789,299,259,kl,81.14,-1.1400000000000006,0.5930815935134888,0.45169246196746826,0.9301178455352783
40,789,300,260,kl,82.42,1.2800000000000011,0.5503458976745605,0.45379894971847534,0.9404895305633545
40,789,301,261,kl,80.58,-1.8400000000000034,0.4446525275707245,0.42053964734077454,1.1700111627578735
40,789,302,262,kl,83.66,3.0799999999999983,0.46354079246520996,0.4271872639656067,0.7870454788208008
40,789,303,263,kl,80.92,-2.739999999999995,0.5206407308578491,0.4585625231266022,1.0284312963485718
40,789,304,264,kl,80.98,0.060000000000002274,0.5868584513664246,0.5176137089729309,1.2755874395370483
40,789,305,265,kl,82.56,1.5799999999999983,0.35210442543029785,0.39685937762260437,0.9215167760848999
40,789,306,266,kl,81.56,-1.0,0.3891361355781555,0.4142899513244629,0.8770443201065063
40,789,307,267,kl,82.16,0.5999999999999943,0.40500760078430176,0.39323264360427856,0.9709844589233398
40,789,308,268,kl,82.82,0.6599999999999966,0.3711143732070923,0.3930208384990692,0.9446302056312561
40,789,309,269,kl,82.06,-0.7599999999999909,0.38437598943710327,0.41811439394950867,0.7804854512214661
40,789,310,270,kl,81.42,-0.6400000000000006,0.5298710465431213,0.45124509930610657,1.172611951828003
40,789,311,271,kl,81.74,0.3199999999999932,0.5619054436683655,0.4871114492416382,1.0237252712249756
40,789,312,272,kl,82.16,0.4200000000000017,0.4348558783531189,0.41805896162986755,0.9271296262741089
40,789,313,273,kl,82.58,0.4200000000000017,0.49380484223365784,0.4397117495536804,1.030603289604187
40,789,314,274,kl,81.08,-1.5,0.4538979232311249,0.42775869369506836,0.9615477919578552
40,789,315,275,kl,79.48,-1.5999999999999943,0.44183549284935,0.4451233744621277,1.031951665878296
40,789,316,276,kl,81.64,2.1599999999999966,0.5545182824134827,0.4632100760936737,0.9849183559417725
40,789,317,277,kl,81.18,-0.45999999999999375,0.6196644306182861,0.498892217874527,1.156929612159729
40,789,318,278,kl,81.9,0.7199999999999989,0.46220582723617554,0.3882215619087219,0.9049365520477295
40,789,319,279,kl,83.1,1.1999999999999886,0.5781071782112122,0.45930710434913635,0.9366236329078674
40,789,320,280,kl,82.36,-0.7399999999999949,0.5723480582237244,0.46851325035095215,0.8517209887504578
40,789,321,281,kl,82.4,0.04000000000000625,0.5713784694671631,0.4709829092025757,0.8973239064216614
40,789,322,282,kl,81.54,-0.8599999999999994,0.5272588729858398,0.493033766746521,0.9345843195915222
40,789,323,283,kl,82.18,0.6400000000000006,0.5603249073028564,0.45809268951416016,1.0120068788528442
40,789,324,284,kl,81.86,-0.3200000000000074,0.585229754447937,0.46972358226776123,0.8987980484962463
40,789,325,285,kl,83.6,1.7399999999999949,0.30636000633239746,0.3892424702644348,0.9921656250953674
40,789,326,286,kl,82.48,-1.1199999999999903,0.4328509569168091,0.44736289978027344,1.056294322013855
40,789,327,287,kl,82.76,0.28000000000000114,0.42367592453956604,0.4086756706237793,0.8425693511962891
40,789,328,288,ce,81.98,-0.7800000000000011,0.20376193523406982,0.33834606409072876,1.5213220119476318
40,789,329,289,kl,81.9,-0.0799999999999983,0.6032382845878601,0.5085089206695557,1.0471868515014648
40,789,330,290,kl,82.36,0.45999999999999375,0.6470044851303101,0.5154275298118591,1.1316601037979126
40,789,331,291,kl,81.94,-0.4200000000000017,0.42842358350753784,0.3954944312572479,1.0194900035858154
40,789,332,292,kl,82.76,0.8200000000000074,0.566141664981842,0.5331916213035583,1.1995179653167725
40,789,333,293,kl,82.4,-0.35999999999999943,0.45044660568237305,0.4131256639957428,0.7536278963088989
40,789,334,294,kl,82.26,-0.14000000000000057,0.527080774307251,0.4136837124824524,0.9171746373176575
40,789,335,295,kl,82.16,-0.10000000000000853,0.3160319924354553,0.4151843786239624,0.9194229245185852
40,789,336,296,kl,82.16,0.0,0.4740457534790039,0.4252624213695526,0.8225402235984802
40,789,337,297,kl,82.46,0.29999999999999716,0.3789485991001129,0.40036478638648987,0.9494135975837708
40,789,338,298,kl,80.86,-1.5999999999999943,0.7231231927871704,0.5702704787254333,1.325387716293335
40,789,339,299,kl,82.22,1.3599999999999994,0.627161979675293,0.49412864446640015,1.0418964624404907
40,789,340,300,kl,81.66,-0.5600000000000023,0.5983070135116577,0.4849907457828522,1.0783512592315674
40,789,341,301,kl,83.04,1.3800000000000097,0.44819432497024536,0.42072802782058716,0.9392679333686829
40,789,342,302,kl,82.36,-0.6800000000000068,0.5423681735992432,0.4773039221763611,0.9912312030792236
40,789,343,303,kl,81.78,-0.5799999999999983,0.4313441514968872,0.43296298384666443,0.9013694524765015
40,789,344,304,kl,81.16,-0.6200000000000045,0.6147476434707642,0.4631308615207672,0.9876862168312073
40,789,345,305,kl,81.82,0.6599999999999966,0.5518620014190674,0.47549110651016235,0.9510805010795593
40,789,346,306,kl,81.74,-0.0799999999999983,0.49522078037261963,0.4350806772708893,0.8737325072288513
40,789,347,307,kl,82.28,0.5400000000000063,0.49952149391174316,0.4461316466331482,1.0045082569122314
40,789,348,308,kl,81.76,-0.519999999999996,0.5922609567642212,0.48625507950782776,1.1130952835083008
40,789,349,309,kl,82.14,0.37999999999999545,0.40857625007629395,0.4204826056957245,0.9705228209495544
40,789,350,310,kl,82.64,0.5,0.35692572593688965,0.41181516647338867,0.898600697517395
40,789,351,311,kl,82.3,-0.3400000000000034,0.4345259368419647,0.4468027949333191,1.1565008163452148
40,789,352,312,kl,81.26,-1.039999999999992,0.49834105372428894,0.4824618697166443,1.1069648265838623
40,789,353,313,kl,81.52,0.2599999999999909,0.4336737394332886,0.4298771619796753,0.9184837937355042
40,789,354,314,kl,81.3,-0.21999999999999886,0.45189541578292847,0.4366740584373474,0.8679166436195374
40,789,355,315,kl,81.0,-0.29999999999999716,0.564751923084259,0.49900901317596436,1.1810357570648193
40,789,356,316,kl,81.82,0.8199999999999932,0.5350958108901978,0.443918377161026,0.9074848294258118
40,789,357,317,kl,81.66,-0.1599999999999966,0.4442455768585205,0.391594797372818,0.9529412388801575
40,789,358,318,kl,81.54,-0.11999999999999034,0.5338583588600159,0.46281343698501587,1.004673719406128
40,789,359,319,kl,82.56,1.019999999999996,0.6074990034103394,0.5028717517852783,0.8743637204170227
40,789,360,320,kl,82.54,-0.01999999999999602,0.4636844992637634,0.41212746500968933,0.8053904175758362
40,789,361,321,kl,81.24,-1.3000000000000114,0.46365809440612793,0.4269088804721832,0.9718418717384338
40,789,362,322,kl,81.6,0.35999999999999943,0.5489786863327026,0.4679534435272217,1.027051568031311
40,789,363,323,kl,82.14,0.5400000000000063,0.5128052830696106,0.42477482557296753,0.8343542218208313
40,789,364,324,kl,81.24,-0.9000000000000057,0.4007663130760193,0.4083675146102905,0.8925927877426147
40,789,365,325,kl,83.04,1.8000000000000114,0.5609062910079956,0.4269751012325287,0.8890440464019775
40,789,366,326,kl,82.52,-0.5200000000000102,0.35693082213401794,0.39535093307495117,0.8001747727394104
40,789,367,327,kl,81.68,-0.8399999999999892,0.5544970035552979,0.4528603255748749,0.9744133949279785
40,789,368,328,kl,82.3,0.6199999999999903,0.5887637138366699,0.48009344935417175,1.147957682609558
40,789,369,329,ce,81.38,-0.9200000000000017,0.42847293615341187,0.410556823015213,1.7954567670822144
40,789,370,330,kl,82.28,0.9000000000000057,0.3968522548675537,0.42841947078704834,1.0568398237228394
40,789,371,331,kl,81.82,-0.46000000000000796,0.4894588589668274,0.46362772583961487,1.0630342960357666
40,789,372,332,kl,81.0,-0.8199999999999932,0.46216726303100586,0.40463054180145264,0.7808780074119568
40,789,373,333,kl,84.02,3.019999999999996,0.3243131637573242,0.3807716369628906,0.8873311877250671
40,789,374,334,kl,82.82,-1.2000000000000028,0.4255066514015198,0.43397027254104614,0.8194139003753662
40,789,375,335,kl,82.46,-0.35999999999999943,0.5438242554664612,0.4602658748626709,0.9735618829727173
40,789,376,336,kl,83.46,1.0,0.37707000970840454,0.4022633135318756,0.9069349765777588
40,789,377,337,kl,81.76,-1.6999999999999886,0.38759440183639526,0.40543243288993835,1.0224143266677856
40,789,378,338,kl,83.04,1.2800000000000011,0.23308196663856506,0.3566822111606598,0.9729492664337158
40,789,379,339,kl,82.8,-0.2400000000000091,0.46563053131103516,0.43857884407043457,0.9734822511672974
40,789,380,340,kl,82.38,-0.4200000000000017,0.4878540635108948,0.4347939193248749,0.8383998274803162
40,789,381,341,kl,82.86,0.480000000000004,0.48868328332901,0.4348962903022766,0.8540615439414978
40,789,382,342,kl,82.08,-0.7800000000000011,0.3828165829181671,0.41271814703941345,1.0249162912368774
40,789,383,343,kl,83.58,1.5,0.44715794920921326,0.3885740339756012,0.8678321838378906
40,789,384,344,kl,81.82,-1.7600000000000051,0.6114585399627686,0.4727393388748169,0.9940728545188904
40,789,385,345,kl,82.5,0.6800000000000068,0.43778344988822937,0.42342227697372437,0.8462657928466797
40,789,386,346,kl,82.22,-0.28000000000000114,0.6457597613334656,0.5050240159034729,1.0963906049728394
40,789,387,347,kl,82.1,-0.12000000000000455,0.40503427386283875,0.4296231269836426,1.0076838731765747
40,789,388,348,kl,82.04,-0.05999999999998806,0.5681002140045166,0.447883665561676,1.0306565761566162
40,789,389,349,kl,82.1,0.05999999999998806,0.38400697708129883,0.40848442912101746,1.0720582008361816
40,789,390,350,kl,82.9,0.8000000000000114,0.5095549821853638,0.4309937059879303,0.8703862428665161
40,789,391,351,kl,82.32,-0.5800000000000125,0.33387574553489685,0.4014712870121002,1.131111979484558
40,789,392,352,kl,81.7,-0.6199999999999903,0.5251060724258423,0.45923104882240295,0.8716424107551575
40,789,393,353,kl,82.52,0.8199999999999932,0.509036123752594,0.45484963059425354,1.215698480606079
40,789,394,354,kl,83.02,0.5,0.4972163438796997,0.43168458342552185,1.0782182216644287
40,789,395,355,kl,82.0,-1.019999999999996,0.537840723991394,0.43566229939460754,0.871991753578186
40,789,396,356,kl,82.52,0.519999999999996,0.38462793827056885,0.4164981245994568,1.0124270915985107
40,789,397,357,kl,80.76,-1.759999999999991,0.5740609169006348,0.4588375389575958,0.8884372711181641
40,789,398,358,kl,81.62,0.8599999999999994,0.5113807916641235,0.45870572328567505,1.0513769388198853
40,789,399,359,kl,81.1,-0.5200000000000102,0.4929159879684448,0.43100014328956604,1.0217379331588745
40,789,400,360,kl,80.72,-0.37999999999999545,0.5647276043891907,0.47062116861343384,0.9757547974586487
40,789,401,361,kl,82.18,1.460000000000008,0.5453272461891174,0.47617173194885254,1.0364820957183838
40,789,402,362,kl,80.68,-1.5,0.6142014265060425,0.468947172164917,1.0603562593460083
40,789,403,363,kl,82.08,1.3999999999999915,0.4902784526348114,0.4490596652030945,1.1082837581634521
40,789,404,364,kl,81.74,-0.3400000000000034,0.4461238384246826,0.4315238296985626,0.983981192111969
40,789,405,365,kl,82.18,0.44000000000001194,0.5220126509666443,0.43793413043022156,0.972719132900238
40,789,406,366,kl,80.64,-1.5400000000000063,0.5690001845359802,0.49207359552383423,1.1333527565002441
40,789,407,367,kl,81.52,0.8799999999999955,0.5542356967926025,0.45219412446022034,0.9067646861076355
40,789,408,368,kl,81.98,0.46000000000000796,0.4422793984413147,0.4515027105808258,0.8222554326057434
40,789,409,369,kl,81.98,0.0,0.6005237698554993,0.4896346628665924,1.1006665229797363
40,789,410,370,ce,81.82,-0.1600000000000108,0.33733272552490234,0.36648038029670715,1.6851462125778198
40,789,411,371,kl,81.88,0.060000000000002274,0.575291633605957,0.4632936418056488,1.0712504386901855
40,789,412,372,kl,83.32,1.4399999999999977,0.599928617477417,0.43932145833969116,0.9507951140403748
40,789,413,373,kl,81.94,-1.3799999999999955,0.5180641412734985,0.4703526198863983,0.9201584458351135
40,789,414,374,kl,81.18,-0.7599999999999909,0.6309228539466858,0.49900132417678833,1.2699462175369263
40,789,415,375,kl,82.74,1.559999999999988,0.4699590802192688,0.405048131942749,0.984530508518219
40,789,416,376,kl,82.64,-0.09999999999999432,0.500734269618988,0.4324284493923187,1.0038520097732544
40,789,417,377,kl,79.38,-3.260000000000005,0.6524597406387329,0.5550982356071472,1.1856582164764404
40,789,418,378,kl,83.44,4.060000000000002,0.5378163456916809,0.421435683965683,0.7714576125144958
40,789,419,379,kl,75.78,-7.659999999999997,0.6936867237091064,0.583474338054657,1.6117624044418335
40,789,420,380,kl,82.24,6.459999999999994,0.47162407636642456,0.411469042301178,0.8614941835403442
40,789,421,381,kl,81.76,-0.47999999999998977,0.5202001333236694,0.4303010106086731,0.9562861919403076
40,789,422,382,kl,82.48,0.7199999999999989,0.5309550762176514,0.42141398787498474,0.8979721069335938
40,789,423,383,kl,82.76,0.28000000000000114,0.5898406505584717,0.4573608338832855,0.9172271490097046
40,789,424,384,kl,81.6,-1.1600000000000108,0.6757367849349976,0.5227168798446655,1.2392823696136475
40,789,425,385,kl,82.9,1.3000000000000114,0.2691614627838135,0.34682926535606384,0.9309020638465881
40,789,426,386,kl,80.86,-2.0400000000000063,0.5297094583511353,0.4591621160507202,1.17023766040802
40,789,427,387,kl,82.14,1.2800000000000011,0.4379284381866455,0.4533024728298187,0.8619746565818787
40,789,428,388,kl,83.36,1.2199999999999989,0.5418460369110107,0.4666700065135956,0.9717022180557251
40,789,429,389,kl,82.2,-1.1599999999999966,0.49860289692878723,0.44032055139541626,0.9209908843040466
40,789,430,390,kl,81.64,-0.5600000000000023,0.4431781768798828,0.4299037754535675,0.9962182641029358
40,789,431,391,kl,83.16,1.519999999999996,0.39710569381713867,0.41490137577056885,0.9412971138954163
40,789,432,392,kl,83.12,-0.03999999999999204,0.5005025863647461,0.4339291453361511,0.8042535185813904
40,789,433,393,kl,81.4,-1.7199999999999989,0.5772485733032227,0.47777822613716125,1.1187396049499512
40,789,434,394,kl,81.84,0.4399999999999977,0.47463956475257874,0.4393703043460846,0.9435310959815979
40,789,435,395,kl,82.42,0.5799999999999983,0.5587339401245117,0.45445021986961365,0.9594857692718506
40,789,436,396,kl,82.54,0.12000000000000455,0.47610729932785034,0.420484334230423,0.8880950212478638
40,789,437,397,kl,82.22,-0.3200000000000074,0.552786111831665,0.46251702308654785,0.9621225595474243
40,789,438,398,kl,81.02,-1.2000000000000028,0.5590826272964478,0.4753479063510895,1.151911973953247
40,789,439,399,kl,82.12,1.1000000000000085,0.5046815872192383,0.4270087778568268,0.9211594462394714
40,789,440,400,kl,81.52,-0.6000000000000085,0.44191181659698486,0.40876978635787964,0.9425222277641296
40,789,441,401,kl,82.54,1.0200000000000102,0.45975497364997864,0.42864954471588135,0.9260873198509216
40,789,442,402,kl,82.44,-0.10000000000000853,0.49776947498321533,0.4214140474796295,0.889096200466156
40,789,443,403,kl,81.94,-0.5,0.47116145491600037,0.4504040777683258,1.0053043365478516
40,789,444,404,kl,81.7,-0.23999999999999488,0.47766441106796265,0.4574069380760193,1.1179182529449463
40,789,445,405,kl,81.74,0.03999999999999204,0.32370734214782715,0.3838860094547272,1.000187635421753
40,789,446,406,kl,81.08,-0.6599999999999966,0.5203723907470703,0.47020643949508667,0.9288394451141357
40,789,447,407,kl,83.24,2.1599999999999966,0.4395543932914734,0.40436646342277527,0.9414687156677246
40,789,448,408,kl,81.42,-1.8199999999999932,0.548073410987854,0.4394756853580475,0.8683416247367859
40,789,449,409,kl,81.02,-0.4000000000000057,0.5028426647186279,0.45363277196884155,0.9922840595245361
40,789,450,410,kl,81.74,0.7199999999999989,0.46791064739227295,0.43331265449523926,0.9274237751960754
40,789,451,411,ce,81.62,-0.11999999999999034,0.30435678362846375,0.3593313992023468,1.6999918222427368
40,789,452,412,kl,85.28,3.6599999999999966,0.28794166445732117,0.36893293261528015,0.7876913547515869
40,789,453,413,kl,85.28,0.0,0.2905426025390625,0.3710605204105377,0.7500789761543274
40,789,454,414,kl,85.42,0.14000000000000057,0.3001747727394104,0.3775385022163391,0.8056075572967529
40,789,455,415,kl,85.6,0.1799999999999926,0.3291349411010742,0.3814602792263031,0.790113627910614
40,789,456,416,kl,85.18,-0.4199999999999875,0.29141753911972046,0.3799624443054199,0.7776596546173096
40,789,457,417,kl,85.52,0.3399999999999892,0.3190118968486786,0.3949005603790283,0.7681005597114563
40,789,458,418,kl,85.7,0.18000000000000682,0.2878706455230713,0.38640180230140686,0.7790646553039551
40,789,459,419,kl,85.32,-0.38000000000000966,0.3186867833137512,0.4025800824165344,0.837337076663971
40,789,460,420,kl,85.44,0.12000000000000455,0.2633506655693054,0.3965670168399811,0.8173399567604065
40,789,461,421,kl,85.62,0.18000000000000682,0.313332736492157,0.39374813437461853,0.7867226004600525
40,789,462,422,kl,85.6,-0.020000000000010232,0.31706705689430237,0.41426050662994385,0.8128701448440552
40,789,463,423,kl,85.62,0.020000000000010232,0.2895525395870209,0.4099750816822052,0.8303042650222778
40,789,464,424,kl,85.3,-0.3200000000000074,0.3256692886352539,0.416355699300766,0.7842057347297668
40,789,465,425,kl,85.02,-0.28000000000000114,0.30066150426864624,0.4230054020881653,0.8100941181182861
40,789,466,426,kl,85.26,0.2400000000000091,0.3172195553779602,0.43660855293273926,0.87135910987854
40,789,467,427,kl,85.18,-0.0799999999999983,0.3528757691383362,0.44434642791748047,0.8706095218658447
40,789,468,428,kl,85.2,0.01999999999999602,0.27007484436035156,0.4291003942489624,0.9049933552742004
40,789,469,429,kl,85.54,0.3400000000000034,0.3029060363769531,0.43376508355140686,0.8521214723587036
40,789,470,430,kl,85.18,-0.35999999999999943,0.3702981472015381,0.459154337644577,0.8750355243682861
40,789,471,431,kl,85.42,0.23999999999999488,0.330657422542572,0.45618027448654175,0.8507772088050842
40,789,472,432,kl,85.54,0.12000000000000455,0.33520179986953735,0.4637221395969391,0.8916714787483215
40,789,473,433,kl,85.4,-0.14000000000000057,0.3384466767311096,0.4704115688800812,0.9198920726776123
40,789,474,434,kl,85.36,-0.04000000000000625,0.2833479940891266,0.4482961595058441,0.8588411808013916
40,789,475,435,kl,85.38,0.01999999999999602,0.3032604455947876,0.4622979164123535,0.9742392897605896
40,789,476,436,kl,85.06,-0.3199999999999932,0.36250442266464233,0.5013939738273621,0.945732593536377
40,789,477,437,kl,85.3,0.23999999999999488,0.31083106994628906,0.4779841899871826,0.9198741912841797
40,789,478,438,kl,85.18,-0.11999999999999034,0.33581656217575073,0.4851109981536865,0.9654920101165771
40,789,479,439,kl,85.26,0.0799999999999983,0.30436015129089355,0.48983120918273926,0.9377971291542053
40,789,480,440,kl,85.08,-0.18000000000000682,0.295837938785553,0.4810170829296112,0.9368797540664673
40,789,481,441,kl,85.3,0.21999999999999886,0.3112332224845886,0.4857308566570282,0.985359787940979
40,789,482,442,kl,85.6,0.29999999999999716,0.379189670085907,0.5199486017227173,0.9534431099891663
40,789,483,443,kl,85.24,-0.35999999999999943,0.27606505155563354,0.4782212972640991,0.9625959396362305
40,789,484,444,kl,85.5,0.2600000000000051,0.37233293056488037,0.5263634324073792,0.9795315265655518
40,789,485,445,kl,84.86,-0.6400000000000006,0.31534337997436523,0.5198997259140015,1.0155543088912964
40,789,486,446,kl,85.08,0.21999999999999886,0.30986422300338745,0.5169287919998169,1.0000883340835571
40,789,487,447,kl,85.24,0.1599999999999966,0.35895708203315735,0.5364909172058105,1.037536859512329
40,789,488,448,kl,85.16,-0.0799999999999983,0.3228120803833008,0.5346143841743469,1.010184645652771
40,789,489,449,kl,85.42,0.2600000000000051,0.3607912063598633,0.53756183385849,1.0490819215774536
40,789,490,450,kl,85.24,-0.18000000000000682,0.32618290185928345,0.5412423014640808,1.0615777969360352
40,789,491,451,kl,85.34,0.10000000000000853,0.3598616123199463,0.5550765991210938,1.0377970933914185
40,789,492,452,ce,85.5,0.1599999999999966,0.34429308772087097,0.548875629901886,1.1626832485198975
40,789,493,453,kl,85.26,-0.23999999999999488,0.37274450063705444,0.5602020025253296,1.1234110593795776
40,789,494,454,kl,84.96,-0.30000000000001137,0.3615296483039856,0.5664127469062805,1.0882662534713745
40,789,495,455,kl,85.24,0.28000000000000114,0.34592851996421814,0.5617159008979797,1.1479206085205078
40,789,496,456,kl,84.96,-0.28000000000000114,0.28334176540374756,0.5414746999740601,1.145596981048584
40,789,497,457,kl,85.3,0.3400000000000034,0.38615038990974426,0.581685483455658,1.210397720336914
40,789,498,458,kl,84.98,-0.3199999999999932,0.2941645383834839,0.5599412322044373,1.0834102630615234
40,789,499,459,kl,85.26,0.28000000000000114,0.3165057301521301,0.5619908571243286,1.1761524677276611
40,789,500,460,kl,85.22,-0.04000000000000625,0.31359609961509705,0.5657331347465515,1.1452906131744385
40,789,501,461,kl,85.32,0.09999999999999432,0.29457175731658936,0.5663009881973267,1.1430060863494873
40,789,502,462,kl,85.26,-0.05999999999998806,0.35268956422805786,0.5983476042747498,1.1686619520187378
40,789,503,463,kl,85.14,-0.12000000000000455,0.3289564251899719,0.5782585740089417,1.2545011043548584
40,789,504,464,kl,85.28,0.14000000000000057,0.3665357828140259,0.5991016626358032,1.2155301570892334
40,789,505,465,kl,85.3,0.01999999999999602,0.2670961916446686,0.5709196925163269,1.082300066947937
40,789,506,466,kl,85.44,0.14000000000000057,0.3403143584728241,0.598202645778656,1.224226713180542
40,789,507,467,kl,85.22,-0.21999999999999886,0.3380221128463745,0.5998170375823975,1.1756147146224976
40,789,508,468,kl,85.28,0.060000000000002274,0.2965686321258545,0.5988999605178833,1.202671766281128
40,789,509,469,kl,85.22,-0.060000000000002274,0.3230493664741516,0.6110961437225342,1.2122154235839844
40,789,510,470,kl,85.22,0.0,0.3568282425403595,0.635455310344696,1.2124239206314087
40,789,511,471,kl,85.18,-0.03999999999999204,0.3124852776527405,0.6094518303871155,1.202014446258545
40,789,512,472,kl,85.34,0.1599999999999966,0.34301477670669556,0.6261047124862671,1.1929905414581299
40,789,513,473,kl,85.16,-0.18000000000000682,0.3073664903640747,0.6130041480064392,1.2484833002090454
40,789,514,474,kl,84.98,-0.1799999999999926,0.3879550099372864,0.6673423647880554,1.266250491142273
40,789,515,475,kl,85.24,0.2599999999999909,0.32848891615867615,0.6342799067497253,1.3199189901351929
40,789,516,476,kl,85.1,-0.14000000000000057,0.3511512279510498,0.641516387462616,1.1674208641052246
40,789,517,477,kl,84.84,-0.2599999999999909,0.3609027862548828,0.6604124903678894,1.249259352684021
40,789,518,478,kl,85.18,0.3400000000000034,0.33156147599220276,0.6492614150047302,1.3161354064941406
40,789,519,479,kl,85.22,0.03999999999999204,0.3744657635688782,0.6597467064857483,1.392924189567566
40,789,520,480,kl,84.74,-0.480000000000004,0.3922543227672577,0.6927589774131775,1.3682568073272705
40,789,521,481,kl,85.38,0.6400000000000006,0.31327059864997864,0.6384602189064026,1.3166518211364746
40,789,522,482,kl,85.04,-0.3399999999999892,0.4083951413631439,0.7061119675636292,1.377084732055664
40,789,523,483,kl,85.48,0.4399999999999977,0.40568429231643677,0.6773084402084351,1.427984356880188
40,789,524,484,kl,84.7,-0.7800000000000011,0.36068153381347656,0.6877002120018005,1.3424036502838135
40,789,525,485,kl,85.34,0.6400000000000006,0.42550069093704224,0.720359742641449,1.288382649421692
40,789,526,486,kl,85.52,0.1799999999999926,0.383757084608078,0.7190158367156982,1.3693574666976929
40,789,527,487,kl,84.74,-0.7800000000000011,0.386294424533844,0.6996307969093323,1.4013559818267822
40,789,528,488,kl,84.52,-0.21999999999999886,0.3593066930770874,0.6981368064880371,1.4466376304626465
40,789,529,489,kl,84.84,0.3200000000000074,0.3219757676124573,0.6998367309570312,1.3728843927383423
40,789,530,490,kl,85.1,0.2599999999999909,0.36871132254600525,0.7479872107505798,1.40843665599823
40,789,531,491,kl,85.24,0.14000000000000057,0.3998507261276245,0.7185169458389282,1.4509320259094238
40,789,532,492,kl,85.38,0.14000000000000057,0.32958972454071045,0.6928605437278748,1.3781896829605103
40,789,533,493,ce,84.86,-0.519999999999996,0.48147428035736084,0.8034334778785706,1.6055399179458618
40,789,534,494,kl,85.02,0.1599999999999966,0.36025846004486084,0.7203378677368164,1.3996087312698364
40,789,535,495,kl,84.98,-0.03999999999999204,0.36048656702041626,0.7105887532234192,1.323632001876831
40,789,536,496,kl,85.26,0.28000000000000114,0.38309574127197266,0.725125789642334,1.4462735652923584
40,789,537,497,kl,84.98,-0.28000000000000114,0.4558546543121338,0.7662837505340576,1.573728084564209
40,789,538,498,kl,84.7,-0.28000000000000114,0.36646318435668945,0.7240266799926758,1.425734519958496
40,789,539,499,kl,84.98,0.28000000000000114,0.40684324502944946,0.7404616475105286,1.5035141706466675
40,789,540,500,kl,85.0,0.01999999999999602,0.3966965675354004,0.7630077600479126,1.478602409362793
40,789,541,501,kl,84.84,-0.1599999999999966,0.44093334674835205,0.7988898158073425,1.463862657546997
40,789,542,502,kl,85.1,0.2599999999999909,0.3083135485649109,0.7160691022872925,1.5125772953033447
40,789,543,503,kl,85.08,-0.01999999999999602,0.3692392110824585,0.7589290738105774,1.410684585571289
40,789,544,504,kl,85.08,0.0,0.33973047137260437,0.7284036874771118,1.5125832557678223
40,789,545,505,kl,84.94,-0.14000000000000057,0.3357834219932556,0.7514012455940247,1.5017127990722656
40,789,546,506,kl,85.24,0.29999999999999716,0.31852060556411743,0.7585017681121826,1.5084432363510132
40,789,547,507,kl,85.1,-0.14000000000000057,0.4459104537963867,0.7877000570297241,1.4950778484344482
40,789,548,508,kl,84.94,-0.1599999999999966,0.3033899962902069,0.7158865332603455,1.4380972385406494
40,789,549,509,kl,85.46,0.519999999999996,0.37984034419059753,0.7796188592910767,1.4679595232009888
40,789,550,510,kl,84.94,-0.519999999999996,0.31023627519607544,0.752472996711731,1.4539893865585327
40,789,551,511,kl,85.08,0.14000000000000057,0.40464308857917786,0.8189156651496887,1.5542606115341187
40,789,552,512,kl,85.4,0.3200000000000074,0.37754935026168823,0.7831628918647766,1.5830422639846802
40,789,553,513,kl,84.98,-0.4200000000000017,0.3125572204589844,0.7648699283599854,1.546868085861206
40,789,554,514,kl,84.94,-0.04000000000000625,0.39600324630737305,0.8237366080284119,1.5235369205474854
40,789,555,515,kl,85.04,0.10000000000000853,0.4039030969142914,0.8180865049362183,1.5202118158340454
40,789,556,516,kl,85.22,0.1799999999999926,0.4289771318435669,0.8418233394622803,1.698190689086914
40,789,557,517,kl,85.06,-0.1599999999999966,0.40410763025283813,0.7900625467300415,1.5642353296279907
40,789,558,518,kl,85.4,0.3400000000000034,0.3675697445869446,0.8049824237823486,1.5678319931030273
40,789,559,519,kl,85.14,-0.2600000000000051,0.4479806423187256,0.8610207438468933,1.4922953844070435
40,789,560,520,kl,84.76,-0.37999999999999545,0.4679090976715088,0.8711278438568115,1.8407586812973022
40,789,561,521,kl,84.82,0.05999999999998806,0.36544695496559143,0.8191088438034058,1.4761219024658203
40,789,562,522,kl,85.28,0.46000000000000796,0.3603366017341614,0.8218958377838135,1.5963506698608398
40,789,563,523,kl,85.06,-0.21999999999999886,0.31340378522872925,0.7920275330543518,1.5182043313980103
40,789,564,524,kl,85.04,-0.01999999999999602,0.3855608105659485,0.824438750743866,1.5899478197097778
40,789,565,525,kl,84.96,-0.0800000000000125,0.3800427317619324,0.846163809299469,1.423188328742981
40,789,566,526,kl,84.8,-0.1599999999999966,0.38161012530326843,0.8269948363304138,1.6927998065948486
40,789,567,527,kl,84.96,0.1599999999999966,0.3491060137748718,0.8071243762969971,1.6158357858657837
40,789,568,528,kl,84.78,-0.1799999999999926,0.3308561146259308,0.8140596747398376,1.5750654935836792
40,789,569,529,kl,84.92,0.14000000000000057,0.3419859707355499,0.8432878255844116,1.6186788082122803
40,789,570,530,kl,84.92,0.0,0.33410191535949707,0.836247980594635,1.5864651203155518
40,789,571,531,kl,84.36,-0.5600000000000023,0.3947017788887024,0.8477361798286438,1.7738159894943237
40,789,572,532,kl,85.1,0.7399999999999949,0.35666322708129883,0.8308643698692322,1.539651870727539
40,789,573,533,kl,84.76,-0.3399999999999892,0.36347025632858276,0.8621470332145691,1.669080138206482
40,789,574,534,ce,84.52,-0.2400000000000091,0.3939821124076843,0.8131507039070129,2.030465602874756
40,789,575,535,kl,85.08,0.5600000000000023,0.32208868861198425,0.8315856456756592,1.5326865911483765
40,789,576,536,kl,84.78,-0.29999999999999716,0.41060870885849,0.8744470477104187,1.8031240701675415
40,789,577,537,kl,84.78,0.0,0.4223041832447052,0.8770079016685486,1.8539091348648071
40,789,578,538,kl,84.84,0.060000000000002274,0.37261250615119934,0.8523174524307251,1.5154964923858643
40,789,579,539,kl,84.84,0.0,0.39197227358818054,0.8630582094192505,1.7019984722137451
40,789,580,540,kl,85.28,0.4399999999999977,0.37069499492645264,0.863101065158844,1.660431981086731
40,789,581,541,kl,84.6,-0.6800000000000068,0.35812893509864807,0.8289233446121216,1.584025263786316
40,789,582,542,kl,84.96,0.35999999999999943,0.3854740858078003,0.8735859990119934,1.7438921928405762
40,789,583,543,kl,84.7,-0.2599999999999909,0.39913684129714966,0.879741907119751,1.7419419288635254
40,789,584,544,kl,85.12,0.4200000000000017,0.44074368476867676,0.8821638822555542,1.8740473985671997
40,789,585,545,kl,84.46,-0.6600000000000108,0.3755621314048767,0.8726307153701782,1.8287866115570068
40,789,586,546,kl,84.8,0.3400000000000034,0.3777698278427124,0.8937913179397583,1.652538537979126
40,789,587,547,kl,84.82,0.01999999999999602,0.349765419960022,0.8587508797645569,1.5349011421203613
40,789,588,548,kl,84.54,-0.2799999999999869,0.38452744483947754,0.8639941215515137,1.795305609703064
40,789,589,549,kl,84.94,0.3999999999999915,0.42915141582489014,0.9032717347145081,1.778631567955017
40,789,590,550,kl,84.72,-0.21999999999999886,0.4695476293563843,0.9349252581596375,1.9875898361206055
40,789,591,551,kl,84.52,-0.20000000000000284,0.4591714143753052,0.9209259152412415,2.320629835128784
40,789,592,552,kl,84.1,-0.4200000000000017,0.37739354372024536,0.9167988300323486,1.5355497598648071
40,789,593,553,kl,84.58,0.480000000000004,0.348884642124176,0.8529024124145508,1.6633055210113525
40,789,594,554,kl,84.7,0.12000000000000455,0.381901353597641,0.8890936374664307,1.8166099786758423
40,789,595,555,kl,84.46,-0.2400000000000091,0.45457425713539124,0.9316303730010986,1.8721232414245605
40,789,596,556,kl,85.14,0.6800000000000068,0.3962964415550232,0.9172226190567017,1.5834035873413086
40,789,597,557,kl,84.6,-0.5400000000000063,0.3713626265525818,0.8971232175827026,1.7210705280303955
40,789,598,558,kl,84.74,0.14000000000000057,0.4816623628139496,0.955725908279419,1.8571397066116333
40,789,599,559,kl,84.28,-0.45999999999999375,0.3899381458759308,0.9258213639259338,1.739466905593872
40,789,600,560,kl,84.2,-0.0799999999999983,0.4043317437171936,0.9071373343467712,1.9046686887741089
40,789,601,561,kl,84.4,0.20000000000000284,0.3440881371498108,0.9137048125267029,1.6657837629318237
40,789,602,562,kl,84.72,0.3199999999999932,0.405331015586853,0.9396336674690247,1.7734359502792358
40,789,603,563,kl,84.98,0.2600000000000051,0.3707084357738495,0.8907433748245239,1.702694058418274
40,789,604,564,kl,84.32,-0.6600000000000108,0.37135422229766846,0.9062073230743408,1.6356079578399658
40,789,605,565,kl,84.68,0.36000000000001364,0.4482727646827698,0.9319487810134888,1.8493688106536865
40,789,606,566,kl,84.66,-0.020000000000010232,0.39029499888420105,0.9086483716964722,1.6112232208251953
40,789,607,567,kl,84.7,0.04000000000000625,0.3917998671531677,0.9103174209594727,1.618428111076355
40,789,608,568,kl,84.12,-0.5799999999999983,0.4111400544643402,0.9420229196548462,1.8927046060562134
40,789,609,569,kl,85.0,0.8799999999999955,0.4743537902832031,0.9861593246459961,1.8121532201766968
40,789,610,570,kl,84.46,-0.5400000000000063,0.3858760893344879,0.9298387765884399,1.654750108718872
40,789,611,571,kl,85.08,0.6200000000000045,0.3694859743118286,0.9037693738937378,1.698377251625061
40,789,612,572,kl,85.04,-0.03999999999999204,0.4215545058250427,0.9228715300559998,1.67909836769104
40,789,613,573,kl,84.82,-0.22000000000001307,0.44406697154045105,0.9682934880256653,1.730289340019226
40,789,614,574,kl,84.64,-0.1799999999999926,0.4130707383155823,0.9456265568733215,1.926291823387146
40,789,615,575,ce,84.18,-0.45999999999999375,0.2929481267929077,0.8629634380340576,2.2611186504364014
40,789,616,576,kl,84.64,0.45999999999999375,0.4152836799621582,0.9588419795036316,1.7246432304382324
40,789,617,577,kl,84.88,0.23999999999999488,0.45504385232925415,0.9480815529823303,1.891143560409546
40,789,618,578,kl,84.54,-0.3399999999999892,0.4589492082595825,0.9647207856178284,1.763706088066101
40,789,619,579,kl,84.44,-0.10000000000000853,0.4040606617927551,0.9073100090026855,1.685909390449524
40,789,620,580,kl,84.32,-0.12000000000000455,0.38968756794929504,0.9453259110450745,1.7913739681243896
40,789,621,581,kl,84.68,0.36000000000001364,0.36708128452301025,0.8781092166900635,1.6093968152999878
40,789,622,582,kl,84.78,0.09999999999999432,0.47568029165267944,0.9990943074226379,1.918463945388794
40,789,623,583,kl,85.12,0.3400000000000034,0.42303797602653503,0.9294789433479309,1.9295490980148315
40,789,624,584,kl,84.78,-0.3400000000000034,0.47460609674453735,0.9912996292114258,2.064185619354248
40,789,625,585,kl,84.72,-0.060000000000002274,0.35726016759872437,0.9190090298652649,1.7369238138198853
40,789,626,586,kl,84.62,-0.09999999999999432,0.39392605423927307,0.9394023418426514,1.8845068216323853
40,789,627,587,kl,84.74,0.11999999999999034,0.3991307020187378,0.9212702512741089,1.7472165822982788
40,789,628,588,kl,84.76,0.020000000000010232,0.3690796494483948,0.9308677315711975,1.6833102703094482
40,789,629,589,kl,84.3,-0.46000000000000796,0.4247434139251709,0.9476260542869568,1.65847647190094
40,789,630,590,kl,84.7,0.4000000000000057,0.43219879269599915,0.9510214924812317,1.6999081373214722
40,789,631,591,kl,84.42,-0.28000000000000114,0.3905552923679352,0.9283983111381531,1.8136736154556274
40,789,632,592,kl,84.82,0.3999999999999915,0.3541868329048157,0.9068263173103333,1.6755714416503906
40,789,633,593,kl,84.26,-0.5599999999999881,0.4445413649082184,0.9449467062950134,1.9372210502624512
40,789,634,594,kl,84.56,0.29999999999999716,0.4267021119594574,0.950386643409729,1.7799807786941528
40,789,635,595,kl,85.0,0.4399999999999977,0.38996413350105286,0.9128803610801697,1.7299284934997559
40,789,636,596,kl,84.96,-0.04000000000000625,0.39503422379493713,0.9321293830871582,1.7247350215911865
40,789,637,597,kl,84.68,-0.2799999999999869,0.41582441329956055,0.9539963006973267,1.9982359409332275
40,789,638,598,kl,84.96,0.2799999999999869,0.4048256576061249,0.931934118270874,1.8446316719055176
40,789,639,599,kl,84.72,-0.23999999999999488,0.41666293144226074,0.943397581577301,1.8363662958145142
40,789,640,600,kl,85.16,0.4399999999999977,0.3639451563358307,0.9118691682815552,1.7914379835128784
40,789,641,601,kl,84.5,-0.6599999999999966,0.34328800439834595,0.8751511573791504,1.5637147426605225
40,789,642,602,kl,84.8,0.29999999999999716,0.48256415128707886,0.9775058627128601,2.05031418800354
40,789,643,603,kl,84.76,-0.03999999999999204,0.4638857841491699,0.9757108688354492,1.8345756530761719
40,789,644,604,kl,84.64,-0.12000000000000455,0.3766632676124573,0.9003068804740906,1.762168288230896
40,789,645,605,kl,84.98,0.3400000000000034,0.44910699129104614,0.9599006772041321,1.8023542165756226
40,789,646,606,kl,84.74,-0.2400000000000091,0.3441014885902405,0.8870353698730469,1.6793781518936157
40,789,647,607,kl,84.64,-0.09999999999999432,0.43590599298477173,0.9833555817604065,1.6361392736434937
40,789,648,608,kl,84.38,-0.2600000000000051,0.39382126927375793,0.9236775636672974,1.7542203664779663
40,789,649,609,kl,84.96,0.5799999999999983,0.3951640725135803,0.8851706981658936,1.774012565612793
40,789,650,610,kl,84.34,-0.6199999999999903,0.3562855124473572,0.9405496716499329,1.893947958946228
40,789,651,611,kl,84.54,0.20000000000000284,0.497530996799469,0.9737683534622192,1.9863839149475098
40,789,652,612,kl,84.42,-0.12000000000000455,0.38168567419052124,0.913261890411377,1.6635794639587402
40,789,653,613,kl,84.78,0.35999999999999943,0.48560622334480286,0.9985612034797668,1.9233849048614502
40,789,654,614,kl,84.84,0.060000000000002274,0.45176514983177185,0.9597022533416748,2.0294692516326904
40,789,655,615,kl,84.18,-0.6599999999999966,0.37795963883399963,0.9588961601257324,1.7218254804611206
40,789,656,616,ce,83.64,-0.5400000000000063,0.46822667121887207,0.9914875626564026,2.437263011932373
40,789,657,617,kl,85.32,1.6799999999999926,0.34823793172836304,0.8990405797958374,1.6610987186431885
40,789,658,618,kl,85.34,0.020000000000010232,0.3471519947052002,0.8905770182609558,1.7805711030960083
40,789,659,619,kl,85.34,0.0,0.3634144067764282,0.9023141860961914,1.7873013019561768
40,789,660,620,kl,85.44,0.09999999999999432,0.3641650378704071,0.9006525874137878,1.821618914604187
40,789,661,621,kl,85.38,-0.060000000000002274,0.35535043478012085,0.8875832557678223,1.7978729009628296
40,789,662,622,kl,85.16,-0.21999999999999886,0.3540041446685791,0.9009102582931519,1.7289289236068726
40,789,663,623,kl,85.3,0.14000000000000057,0.3617110848426819,0.8961123824119568,1.7969634532928467
40,789,664,624,kl,85.48,0.18000000000000682,0.3618123531341553,0.9022369980812073,1.7668498754501343
40,789,665,625,kl,85.26,-0.21999999999999886,0.3722482919692993,0.908115029335022,1.7434957027435303
40,789,666,626,kl,85.54,0.28000000000000114,0.3234598636627197,0.8888951539993286,1.7099682092666626
40,789,667,627,kl,85.38,-0.1600000000000108,0.36785513162612915,0.9078188538551331,1.7687504291534424
40,789,668,628,kl,85.3,-0.0799999999999983,0.37998178601264954,0.929654598236084,1.825777530670166
40,789,669,629,kl,85.32,0.01999999999999602,0.35854780673980713,0.9070788025856018,1.761568546295166
40,789,670,630,kl,85.12,-0.19999999999998863,0.3776315152645111,0.9211082458496094,1.8371577262878418
40,789,671,631,kl,85.36,0.23999999999999488,0.3596036732196808,0.9178206920623779,1.8313332796096802
40,789,672,632,kl,85.1,-0.2600000000000051,0.35392457246780396,0.927932620048523,1.8038349151611328
40,789,673,633,kl,85.2,0.10000000000000853,0.3470432162284851,0.9217638373374939,1.7942489385604858
40,789,674,634,kl,85.2,0.0,0.34020698070526123,0.9204775094985962,1.7840821743011475
40,789,675,635,kl,85.36,0.1599999999999966,0.36065322160720825,0.9372749924659729,1.8686355352401733
40,789,676,636,kl,85.04,-0.3199999999999932,0.36309367418289185,0.9360970854759216,1.8394992351531982
40,789,677,637,kl,84.98,-0.060000000000002274,0.3619953989982605,0.9284636974334717,1.8269156217575073
40,789,678,638,kl,85.18,0.20000000000000284,0.35940977931022644,0.9332376718521118,1.8115171194076538
40,789,679,639,kl,84.94,-0.2400000000000091,0.3559314012527466,0.9303059577941895,1.8219196796417236
40,789,680,640,kl,84.98,0.04000000000000625,0.37045732140541077,0.9443133473396301,1.9188051223754883
40,789,681,641,kl,85.28,0.29999999999999716,0.35973867774009705,0.9502091407775879,1.8590680360794067
40,789,682,642,kl,85.28,0.0,0.3738834261894226,0.9456411600112915,1.8847850561141968
40,789,683,643,kl,85.22,-0.060000000000002274,0.36296892166137695,0.9507713317871094,1.8626426458358765
40,789,684,644,kl,84.98,-0.23999999999999488,0.3414127826690674,0.9311400651931763,1.879117727279663
40,789,685,645,kl,85.12,0.14000000000000057,0.3749971389770508,0.9513161778450012,1.9396966695785522
40,789,686,646,kl,85.14,0.01999999999999602,0.33734697103500366,0.9338650107383728,1.8890199661254883
40,789,687,647,kl,85.18,0.04000000000000625,0.3783484697341919,0.9641274213790894,1.901002287864685
40,789,688,648,kl,85.16,-0.020000000000010232,0.3911557197570801,0.9683664441108704,1.9406155347824097
40,789,689,649,kl,85.16,0.0,0.37030455470085144,0.9526892900466919,1.8762034177780151
40,789,690,650,kl,84.86,-0.29999999999999716,0.3863743543624878,0.9594380855560303,1.9491543769836426
40,789,691,651,kl,85.42,0.5600000000000023,0.36476224660873413,0.9586321711540222,1.8811012506484985
40,789,692,652,kl,85.08,-0.3400000000000034,0.3673538863658905,0.9575362205505371,1.8830418586730957
40,789,693,653,kl,85.16,0.0799999999999983,0.3682570159435272,0.9649506211280823,1.8697725534439087
40,789,694,654,kl,85.16,0.0,0.38622796535491943,0.9720376133918762,1.9794602394104004
40,789,695,655,kl,84.86,-0.29999999999999716,0.35685965418815613,0.9672694206237793,1.8766708374023438
40,789,696,656,kl,84.94,0.0799999999999983,0.39307159185409546,0.9823192954063416,1.9523078203201294
40,789,697,657,ce,85.48,0.5400000000000063,0.40562260150909424,1.03556227684021,1.9318217039108276
40,789,698,658,kl,85.06,-0.4200000000000017,0.33907854557037354,0.9603161811828613,1.8261693716049194
40,789,699,659,kl,85.2,0.14000000000000057,0.39942824840545654,1.0064865350723267,1.9845198392868042
40,789,700,660,kl,85.3,0.09999999999999432,0.3844388723373413,0.9976325631141663,1.993607521057129
40,789,701,661,kl,85.22,-0.0799999999999983,0.37093695998191833,0.9786202907562256,1.9199156761169434
40,789,702,662,kl,85.1,-0.12000000000000455,0.38706403970718384,0.9871055483818054,1.9730751514434814
40,789,703,663,kl,85.36,0.2600000000000051,0.3951658606529236,1.003151535987854,2.0326929092407227
40,789,704,664,kl,84.92,-0.4399999999999977,0.3693655729293823,0.9839075207710266,2.017662763595581
40,789,705,665,kl,84.9,-0.01999999999999602,0.36870473623275757,0.992674708366394,1.9315871000289917
40,789,706,666,kl,85.1,0.19999999999998863,0.37386181950569153,0.9918413758277893,1.927970051765442
40,789,707,667,kl,85.22,0.12000000000000455,0.36264386773109436,0.9895546436309814,1.928631067276001
40,789,708,668,kl,85.16,-0.060000000000002274,0.3635208010673523,0.9937464594841003,1.923068881034851
40,789,709,669,kl,85.02,-0.14000000000000057,0.38963884115219116,1.0122745037078857,2.0747339725494385
40,789,710,670,kl,84.94,-0.0799999999999983,0.4052574038505554,1.0282295942306519,2.027223825454712
40,789,711,671,kl,85.12,0.18000000000000682,0.37105539441108704,1.0186506509780884,1.9793435335159302
40,789,712,672,kl,85.06,-0.060000000000002274,0.3799779415130615,1.0154956579208374,1.9372382164001465
40,789,713,673,kl,84.84,-0.21999999999999886,0.3881836533546448,1.0368283987045288,2.0400161743164062
40,789,714,674,kl,85.28,0.4399999999999977,0.3895341455936432,1.0256057977676392,2.079441785812378
40,789,715,675,kl,85.12,-0.1599999999999966,0.3800152838230133,1.0256707668304443,2.0425097942352295
40,789,716,676,kl,85.08,-0.04000000000000625,0.3913593292236328,1.0387537479400635,2.024214267730713
40,789,717,677,kl,85.02,-0.060000000000002274,0.3861084580421448,1.028361439704895,2.0306575298309326
40,789,718,678,kl,85.08,0.060000000000002274,0.4110129475593567,1.0458953380584717,2.0256152153015137
40,789,719,679,kl,85.4,0.3200000000000074,0.39951837062835693,1.0322644710540771,2.0835676193237305
40,789,720,680,kl,85.1,-0.30000000000001137,0.3957233726978302,1.0452582836151123,2.0252609252929688
40,789,721,681,kl,85.06,-0.03999999999999204,0.3939025104045868,1.0388306379318237,2.056758403778076
40,789,722,682,kl,85.04,-0.01999999999999602,0.39321255683898926,1.0465619564056396,2.021933078765869
40,789,723,683,kl,85.06,0.01999999999999602,0.38807064294815063,1.0380537509918213,2.022690534591675
40,789,724,684,kl,85.1,0.03999999999999204,0.38893717527389526,1.0431791543960571,2.081176996231079
40,789,725,685,kl,84.96,-0.14000000000000057,0.4106149673461914,1.0565707683563232,2.1094553470611572
40,789,726,686,kl,85.2,0.2400000000000091,0.3942691385746002,1.0472627878189087,2.0493292808532715
40,789,727,687,kl,85.16,-0.04000000000000625,0.41366851329803467,1.0700900554656982,2.047123670578003
40,789,728,688,kl,84.78,-0.37999999999999545,0.38437098264694214,1.050297737121582,2.054265260696411
40,789,729,689,kl,85.18,0.4000000000000057,0.3782798647880554,1.055245280265808,2.1443374156951904
40,789,730,690,kl,85.14,-0.04000000000000625,0.40656939148902893,1.0624356269836426,2.1189894676208496
40,789,731,691,kl,85.18,0.04000000000000625,0.38801130652427673,1.0431252717971802,2.1380646228790283
40,789,732,692,kl,85.2,0.01999999999999602,0.39642733335494995,1.0604134798049927,2.072944402694702
40,789,733,693,kl,84.94,-0.2600000000000051,0.41904085874557495,1.0697593688964844,2.179645299911499
40,789,734,694,kl,84.96,0.01999999999999602,0.38468438386917114,1.0602755546569824,2.1086859703063965
40,789,735,695,kl,85.14,0.18000000000000682,0.3945090174674988,1.0549012422561646,2.120986223220825
40,789,736,696,kl,85.12,-0.01999999999999602,0.4048130214214325,1.0724526643753052,2.137716054916382
40,789,737,697,kl,85.3,0.1799999999999926,0.421025812625885,1.0727792978286743,2.1784889698028564
40,789,738,698,ce,85.12,-0.1799999999999926,0.38011568784713745,1.115207314491272,2.0831658840179443
40,789,739,699,kl,85.22,0.09999999999999432,0.3739626705646515,1.052943229675293,2.1452431678771973
40,789,740,700,kl,85.46,0.23999999999999488,0.4097800850868225,1.0903735160827637,2.2150955200195312
40,789,741,701,kl,85.18,-0.2799999999999869,0.3701186180114746,1.059627652168274,2.102478504180908
40,789,742,702,kl,85.1,-0.0800000000000125,0.3760448098182678,1.0696394443511963,2.137518882751465
40,789,743,703,kl,85.2,0.10000000000000853,0.3802432417869568,1.0532315969467163,2.1060421466827393
40,789,744,704,kl,85.4,0.20000000000000284,0.3666802644729614,1.0647486448287964,2.0622165203094482
40,789,745,705,kl,85.1,-0.30000000000001137,0.4095284342765808,1.085696816444397,2.2485291957855225
40,789,746,706,kl,85.04,-0.05999999999998806,0.3805620074272156,1.0772744417190552,2.1153247356414795
40,789,747,707,kl,85.2,0.1599999999999966,0.385355681180954,1.0840562582015991,2.1740949153900146
40,789,748,708,kl,84.86,-0.3400000000000034,0.4008851647377014,1.1044782400131226,2.13553786277771
40,789,749,709,kl,84.9,0.04000000000000625,0.3980422616004944,1.0846091508865356,2.2467143535614014
40,789,750,710,kl,85.38,0.47999999999998977,0.3960081934928894,1.0886163711547852,2.1521778106689453
40,789,751,711,kl,85.16,-0.21999999999999886,0.36380451917648315,1.069954752922058,2.1052567958831787
40,789,752,712,kl,85.32,0.1599999999999966,0.4006827771663666,1.091058611869812,2.200490951538086
40,789,753,713,kl,85.24,-0.0799999999999983,0.394814670085907,1.0872623920440674,2.223402976989746
40,789,754,714,kl,85.0,-0.23999999999999488,0.36285167932510376,1.0900723934173584,2.2097325325012207
40,789,755,715,kl,85.26,0.2600000000000051,0.3938320279121399,1.0932459831237793,2.191995143890381
40,789,756,716,kl,85.2,-0.060000000000002274,0.37951767444610596,1.0886963605880737,2.1366961002349854
40,789,757,717,kl,85.32,0.11999999999999034,0.38139280676841736,1.0878708362579346,2.18715500831604
40,789,758,718,kl,85.4,0.0800000000000125,0.41244828701019287,1.1089991331100464,2.242908477783203
40,789,759,719,kl,85.3,-0.10000000000000853,0.39457589387893677,1.1037838459014893,2.1969146728515625
40,789,760,720,kl,85.3,0.0,0.40616244077682495,1.1023415327072144,2.2514467239379883
40,789,761,721,kl,85.5,0.20000000000000284,0.3920741081237793,1.104920506477356,2.2662572860717773
40,789,762,722,kl,85.52,0.01999999999999602,0.38195276260375977,1.103334665298462,2.15842604637146
40,789,763,723,kl,85.5,-0.01999999999999602,0.3847459554672241,1.1005995273590088,2.2476720809936523
40,789,764,724,kl,85.34,-0.1599999999999966,0.36350610852241516,1.0822299718856812,2.1372487545013428
40,789,765,725,kl,85.28,-0.060000000000002274,0.3896200656890869,1.110932469367981,2.221175193786621
40,789,766,726,kl,85.42,0.14000000000000057,0.37365204095840454,1.1032072305679321,2.175874710083008
40,789,767,727,kl,85.26,-0.1599999999999966,0.38037317991256714,1.1191462278366089,2.3216588497161865
40,789,768,728,kl,85.34,0.0799999999999983,0.4093196988105774,1.1398136615753174,2.310405969619751
40,789,769,729,kl,85.3,-0.04000000000000625,0.39068371057510376,1.1144404411315918,2.262989044189453
40,789,770,730,kl,85.18,-0.11999999999999034,0.36579668521881104,1.1155056953430176,2.268195152282715
40,789,771,731,kl,85.34,0.1599999999999966,0.387247234582901,1.1295655965805054,2.1997106075286865
40,789,772,732,kl,85.08,-0.2600000000000051,0.37708884477615356,1.1236505508422852,2.27486252784729
40,789,773,733,kl,85.26,0.18000000000000682,0.39713847637176514,1.1320223808288574,2.287991523742676
40,789,774,734,kl,85.28,0.01999999999999602,0.3955075442790985,1.1218221187591553,2.3076751232147217
40,789,775,735,kl,85.4,0.12000000000000455,0.4045982360839844,1.150753140449524,2.37363338470459
40,789,776,736,kl,85.3,-0.10000000000000853,0.3926115036010742,1.1567918062210083,2.2665953636169434
40,789,777,737,kl,85.14,-0.1599999999999966,0.3856428265571594,1.1538466215133667,2.2560815811157227
40,789,778,738,kl,85.02,-0.12000000000000455,0.3448256254196167,1.1127851009368896,2.2254183292388916
40,789,779,739,ce,85.24,0.21999999999999886,0.43154752254486084,1.224448561668396,2.1786000728607178
40,789,780,740,kl,85.14,-0.09999999999999432,0.38230520486831665,1.1548194885253906,2.1995673179626465
40,789,781,741,kl,85.38,0.23999999999999488,0.3950046896934509,1.1508758068084717,2.384056806564331
40,789,782,742,kl,85.26,-0.11999999999999034,0.3877696990966797,1.147066354751587,2.409334421157837
40,789,783,743,kl,85.24,-0.020000000000010232,0.3913314938545227,1.1492995023727417,2.377466917037964
40,789,784,744,kl,85.12,-0.11999999999999034,0.38596147298812866,1.1546374559402466,2.376551628112793
40,789,785,745,kl,85.04,-0.0799999999999983,0.370004266500473,1.1435717344284058,2.417804479598999
40,789,786,746,kl,85.26,0.21999999999999886,0.3829801082611084,1.1567116975784302,2.3288121223449707
40,789,787,747,kl,85.56,0.29999999999999716,0.38574904203414917,1.153165340423584,2.295809030532837
40,789,788,748,kl,85.3,-0.2600000000000051,0.37449854612350464,1.1560691595077515,2.3416032791137695
40,789,789,749,kl,85.22,-0.0799999999999983,0.3758287727832794,1.1573741436004639,2.2822983264923096
40,789,790,750,kl,84.96,-0.2600000000000051,0.40593910217285156,1.172467827796936,2.3851728439331055
40,789,791,751,kl,85.32,0.35999999999999943,0.3980269134044647,1.179780125617981,2.3164284229278564
40,789,792,752,kl,84.96,-0.35999999999999943,0.39862796664237976,1.1804778575897217,2.3595499992370605
40,789,793,753,kl,85.42,0.46000000000000796,0.3525685667991638,1.152254581451416,2.2882721424102783
40,789,794,754,kl,85.0,-0.4200000000000017,0.3762668967247009,1.1699172258377075,2.342954158782959
40,789,795,755,kl,85.08,0.0799999999999983,0.42354705929756165,1.1938824653625488,2.4108569622039795
40,789,796,756,kl,84.98,-0.09999999999999432,0.37047111988067627,1.17709481716156,2.356839179992676
40,789,797,757,kl,85.46,0.47999999999998977,0.37139493227005005,1.1625727415084839,2.4243998527526855
40,789,798,758,kl,85.16,-0.29999999999999716,0.40655145049095154,1.1994092464447021,2.4835779666900635
40,789,799,759,kl,85.04,-0.11999999999999034,0.38266879320144653,1.1763317584991455,2.5037670135498047
40,789,800,760,kl,85.2,0.1599999999999966,0.3626181483268738,1.1586729288101196,2.3660857677459717
40,789,801,761,kl,85.12,-0.0799999999999983,0.3805990517139435,1.1787030696868896,2.3146886825561523
40,789,802,762,kl,85.12,0.0,0.4076416790485382,1.1956562995910645,2.4924845695495605
40,789,803,763,kl,85.04,-0.0799999999999983,0.3939712941646576,1.1840819120407104,2.433257579803467
40,789,804,764,kl,85.18,0.14000000000000057,0.405059814453125,1.1826032400131226,2.3969507217407227
40,789,805,765,kl,85.02,-0.1600000000000108,0.427377849817276,1.2253605127334595,2.424431085586548
40,789,806,766,kl,85.1,0.0799999999999983,0.38437774777412415,1.1956055164337158,2.415656805038452
40,789,807,767,kl,85.28,0.18000000000000682,0.3566642999649048,1.1705306768417358,2.3374719619750977
40,789,808,768,kl,85.3,0.01999999999999602,0.38479217886924744,1.1845580339431763,2.3952739238739014
40,789,809,769,kl,85.14,-0.1599999999999966,0.38175496459007263,1.1795204877853394,2.3873753547668457
40,789,810,770,kl,85.12,-0.01999999999999602,0.3923688530921936,1.1882836818695068,2.380037546157837
40,789,811,771,kl,85.28,0.1599999999999966,0.3755742311477661,1.161941647529602,2.3520069122314453
40,789,812,772,kl,85.32,0.03999999999999204,0.3775809109210968,1.1795836687088013,2.3918614387512207
40,789,813,773,kl,84.92,-0.3999999999999915,0.3803340494632721,1.183397889137268,2.3847415447235107
40,789,814,774,kl,85.14,0.21999999999999886,0.3885364532470703,1.2009551525115967,2.313967704772949
40,789,815,775,kl,84.96,-0.18000000000000682,0.40602245926856995,1.2236956357955933,2.4797720909118652
40,789,816,776,kl,85.22,0.2600000000000051,0.411644846200943,1.220565676689148,2.439497470855713
40,789,817,777,kl,85.12,-0.09999999999999432,0.38694843649864197,1.2062962055206299,2.4856162071228027
40,789,818,778,kl,85.12,0.0,0.3935871124267578,1.2023643255233765,2.469627618789673
40,789,819,779,kl,85.02,-0.10000000000000853,0.43425458669662476,1.2523882389068604,2.5588748455047607
40,789,820,780,ce,85.06,0.04000000000000625,0.4783482551574707,1.3238441944122314,2.5330917835235596
