group,seed,round_index,relative_round,phase,val_acc,delta_acc,cos_ce_kl,g_ce_norm,g_kl_norm
20,123,1,-19,kl,28.76,19.26,0.24815809726715088,0.766279399394989,1.4085204601287842
20,123,2,-18,kl,45.58,16.819999999999997,0.33681589365005493,0.5640391707420349,1.0933659076690674
20,123,3,-17,kl,47.7,2.1200000000000045,0.5572839975357056,0.6736159324645996,1.7950152158737183
20,123,4,-16,kl,58.38,10.68,0.553739607334137,0.5639604926109314,1.47633957862854
20,123,5,-15,kl,60.74,2.3599999999999994,0.33936312794685364,0.47205695509910583,1.281702995300293
20,123,6,-14,kl,65.52,4.779999999999994,0.3579123616218567,0.4568028450012207,1.138263463973999
20,123,7,-13,kl,69.34,3.8200000000000074,0.716596782207489,0.5217061042785645,1.183243989944458
20,123,8,-12,kl,71.94,2.5999999999999943,0.35095036029815674,0.38430705666542053,0.9933090806007385
20,123,9,-11,kl,70.84,-1.0999999999999943,0.6132403016090393,0.5134503245353699,1.3028626441955566
20,123,10,-10,kl,69.88,-0.960000000000008,0.6449888348579407,0.5224120020866394,1.1647151708602905
20,123,11,-9,kl,71.7,1.8200000000000074,0.5770930051803589,0.5078350901603699,1.2779450416564941
20,123,12,-8,kl,74.52,2.819999999999993,0.25114741921424866,0.3953630030155182,0.9721992611885071
20,123,13,-7,kl,75.32,0.7999999999999972,0.7108273506164551,0.5175135731697083,0.9627529978752136
20,123,14,-6,kl,74.12,-1.1999999999999886,0.6521415114402771,0.4513501822948456,0.8929886221885681
20,123,15,-5,kl,76.96,2.839999999999989,0.6936797499656677,0.4908312261104584,0.9900508522987366
20,123,16,-4,kl,76.36,-0.5999999999999943,0.5253432989120483,0.400453120470047,0.8373075127601624
20,123,17,-3,kl,75.02,-1.3400000000000034,0.6070766448974609,0.4977710545063019,1.0518932342529297
20,123,18,-2,kl,77.62,2.6000000000000085,0.6490989923477173,0.5029921531677246,1.1459777355194092
20,123,19,-1,kl,77.64,0.01999999999999602,0.6207571625709534,0.47942450642585754,1.131894588470459
20,123,20,0,kl,78.98,1.3400000000000034,0.5770043134689331,0.48261240124702454,1.024104118347168
20,123,21,1,ce,79.34,0.35999999999999943,0.16389092803001404,0.2831890881061554,1.9669374227523804
20,123,22,2,kl,78.38,-0.960000000000008,0.5439159870147705,0.4948921501636505,1.0134336948394775
20,123,23,3,kl,79.6,1.2199999999999989,0.42275238037109375,0.40380918979644775,0.8175057768821716
20,123,24,4,kl,77.96,-1.6400000000000006,0.6032830476760864,0.4795362651348114,0.9635478854179382
20,123,25,5,kl,78.44,0.480000000000004,0.5018680691719055,0.44613271951675415,0.9219849109649658
20,123,26,6,kl,79.54,1.1000000000000085,0.39523443579673767,0.3996083438396454,0.8587853312492371
20,123,27,7,kl,78.5,-1.0400000000000063,0.6107064485549927,0.4999869167804718,1.065933346748352
20,123,28,8,kl,79.38,0.8799999999999955,0.503329873085022,0.47313931584358215,0.9112340211868286
20,123,29,9,kl,78.16,-1.2199999999999989,0.6650636792182922,0.5140024423599243,1.0796550512313843
20,123,30,10,kl,78.84,0.6800000000000068,0.5325413942337036,0.4233788549900055,0.8639540076255798
20,123,31,11,kl,78.08,-0.7600000000000051,0.5406533479690552,0.47111332416534424,1.0891283750534058
20,123,32,12,kl,80.24,2.1599999999999966,0.4568159580230713,0.4405795633792877,0.7844949960708618
20,123,33,13,kl,76.66,-3.5799999999999983,0.6599112749099731,0.6149184107780457,1.2862329483032227
20,123,34,14,kl,80.44,3.780000000000001,0.49321112036705017,0.4302970767021179,0.7336609959602356
20,123,35,15,kl,79.62,-0.8199999999999932,0.5823012590408325,0.4790037274360657,1.0206716060638428
20,123,36,16,kl,80.42,0.7999999999999972,0.6152782440185547,0.45521026849746704,0.8004792332649231
20,123,37,17,kl,80.44,0.01999999999999602,0.5636171698570251,0.46175986528396606,0.9252094030380249
20,123,38,18,kl,80.5,0.060000000000002274,0.5194302201271057,0.45045486092567444,0.9289808869361877
20,123,39,19,kl,81.06,0.5600000000000023,0.49948984384536743,0.46880123019218445,0.8390330076217651
20,123,40,20,kl,80.02,-1.0400000000000063,0.676054835319519,0.5114870667457581,1.140000581741333
20,123,41,21,kl,80.26,0.2400000000000091,0.484110951423645,0.45412155985832214,0.9274015426635742
20,123,42,22,ce,82.06,1.7999999999999972,0.2236131876707077,0.31842491030693054,2.0335981845855713
20,123,43,23,kl,79.42,-2.6400000000000006,0.6525583267211914,0.5593812465667725,1.2246569395065308
20,123,44,24,kl,79.44,0.01999999999999602,0.7039635181427002,0.5594686269760132,1.2058411836624146
20,123,45,25,kl,79.5,0.060000000000002274,0.4440850019454956,0.4931713044643402,0.925235390663147
20,123,46,26,kl,80.34,0.8400000000000034,0.528738260269165,0.4360603094100952,0.8059688210487366
20,123,47,27,kl,81.16,0.8199999999999932,0.6075564622879028,0.4701046347618103,0.7335439324378967
20,123,48,28,kl,79.82,-1.3400000000000034,0.6486746072769165,0.5591175556182861,1.1136497259140015
20,123,49,29,kl,80.36,0.5400000000000063,0.64055997133255,0.45817869901657104,0.7272385954856873
20,123,50,30,kl,78.96,-1.4000000000000057,0.5498872399330139,0.4829216003417969,1.0959093570709229
20,123,51,31,kl,80.2,1.240000000000009,0.6590685844421387,0.46722280979156494,0.9224048256874084
20,123,52,32,kl,80.64,0.4399999999999977,0.5782535076141357,0.4519934058189392,0.8017340302467346
20,123,53,33,kl,80.12,-0.519999999999996,0.5471987128257751,0.4791569709777832,0.7855814695358276
20,123,54,34,kl,79.84,-0.28000000000000114,0.663896381855011,0.5130576491355896,1.1230086088180542
20,123,55,35,kl,81.3,1.4599999999999937,0.596866250038147,0.45960259437561035,0.7983471751213074
20,123,56,36,kl,80.36,-0.9399999999999977,0.38718390464782715,0.41569119691848755,0.9056196808815002
20,123,57,37,kl,81.76,1.4000000000000057,0.5409641861915588,0.505450427532196,1.086951732635498
20,123,58,38,kl,80.18,-1.5799999999999983,0.5886157155036926,0.43171021342277527,0.8645464777946472
20,123,59,39,kl,80.24,0.05999999999998806,0.49781280755996704,0.4877261221408844,1.1629695892333984
20,123,60,40,kl,81.28,1.0400000000000063,0.40709662437438965,0.4208456873893738,1.0317552089691162
20,123,61,41,kl,82.1,0.8199999999999932,0.5599207282066345,0.44796645641326904,0.7592480778694153
20,123,62,42,kl,81.38,-0.7199999999999989,0.27905458211898804,0.4298054277896881,0.9421188831329346
20,123,63,43,ce,81.82,0.4399999999999977,0.16587266325950623,0.2828886806964874,1.8010331392288208
20,123,64,44,kl,80.6,-1.2199999999999989,0.7295843362808228,0.5674058198928833,1.0762776136398315
20,123,65,45,kl,80.44,-0.1599999999999966,0.3714447021484375,0.4253697693347931,0.9304690957069397
20,123,66,46,kl,80.8,0.35999999999999943,0.6168266534805298,0.48882171511650085,1.018441081047058
20,123,67,47,kl,81.0,0.20000000000000284,0.4383432865142822,0.46977052092552185,1.0008440017700195
20,123,68,48,kl,81.38,0.37999999999999545,0.33507513999938965,0.43804165720939636,0.9800823926925659
20,123,69,49,kl,80.7,-0.6799999999999926,0.49917468428611755,0.4766792953014374,0.9353601336479187
20,123,70,50,kl,81.58,0.8799999999999955,0.48369017243385315,0.43551528453826904,0.8150103688240051
20,123,71,51,kl,80.8,-0.7800000000000011,0.6347972750663757,0.49890682101249695,1.0287587642669678
20,123,72,52,kl,79.94,-0.8599999999999994,0.41954749822616577,0.4750813841819763,0.99151211977005
20,123,73,53,kl,80.08,0.14000000000000057,0.6714443564414978,0.5202803611755371,1.1205360889434814
20,123,74,54,kl,81.86,1.7800000000000011,0.46324366331100464,0.4506937563419342,0.992047905921936
20,123,75,55,kl,81.48,-0.37999999999999545,0.2996171712875366,0.41846829652786255,0.9656220078468323
20,123,76,56,kl,81.74,0.2599999999999909,0.44181084632873535,0.4594371020793915,0.8217093348503113
20,123,77,57,kl,82.06,0.3200000000000074,0.47028541564941406,0.45275506377220154,0.9271317720413208
20,123,78,58,kl,81.22,-0.8400000000000034,0.5651804804801941,0.48350995779037476,1.1106196641921997
20,123,79,59,kl,79.54,-1.6799999999999926,0.43999597430229187,0.47144344449043274,1.139528512954712
20,123,80,60,kl,82.02,2.4799999999999898,0.462105393409729,0.4519880712032318,0.8427010774612427
20,123,81,61,kl,80.0,-2.019999999999996,0.540436327457428,0.49095889925956726,1.1564096212387085
20,123,82,62,kl,82.66,2.6599999999999966,0.35878080129623413,0.4045342803001404,0.9054956436157227
20,123,83,63,kl,81.04,-1.6199999999999903,0.506008505821228,0.4719555079936981,1.102094292640686
20,123,84,64,ce,82.88,1.8399999999999892,0.15916846692562103,0.29904064536094666,1.915378451347351
20,123,85,65,kl,80.4,-2.4799999999999898,0.6063703298568726,0.5030914545059204,0.950005292892456
20,123,86,66,kl,80.5,0.09999999999999432,0.5960907936096191,0.49092772603034973,0.9941787123680115
20,123,87,67,kl,82.24,1.7399999999999949,0.4408700466156006,0.4447445571422577,0.9127572774887085
20,123,88,68,kl,80.28,-1.9599999999999937,0.5198137760162354,0.4571705162525177,0.9388565421104431
20,123,89,69,kl,79.84,-0.4399999999999977,0.4356117844581604,0.4144292175769806,0.954602062702179
20,123,90,70,kl,81.7,1.8599999999999994,0.5305274128913879,0.4734307825565338,0.8179424405097961
20,123,91,71,kl,81.42,-0.28000000000000114,0.6856948733329773,0.5178201198577881,0.9120746850967407
20,123,92,72,kl,80.2,-1.2199999999999989,0.7150110006332397,0.5490482449531555,1.1820324659347534
20,123,93,73,kl,81.96,1.759999999999991,0.5626676082611084,0.42773109674453735,0.7003556489944458
20,123,94,74,kl,81.26,-0.6999999999999886,0.6108173131942749,0.5398950576782227,1.1359037160873413
20,123,95,75,kl,80.04,-1.2199999999999989,0.6835026144981384,0.5811206102371216,1.3090184926986694
20,123,96,76,kl,82.64,2.5999999999999943,0.519034743309021,0.4327223002910614,0.7473132014274597
20,123,97,77,kl,81.98,-0.6599999999999966,0.6003547310829163,0.46423161029815674,0.9090966582298279
20,123,98,78,kl,81.16,-0.8200000000000074,0.6696797609329224,0.5489174127578735,1.0188837051391602
20,123,99,79,kl,81.46,0.29999999999999716,0.45147034525871277,0.4550968110561371,0.8075146675109863
20,123,100,80,kl,81.52,0.060000000000002274,0.5081778764724731,0.45580530166625977,0.8687788248062134
20,123,101,81,kl,82.14,0.6200000000000045,0.6452733278274536,0.4886062741279602,0.9548040628433228
20,123,102,82,kl,80.66,-1.480000000000004,0.5951363444328308,0.47762590646743774,0.8847771883010864
20,123,103,83,kl,81.74,1.0799999999999983,0.4349633455276489,0.42577362060546875,0.8170979619026184
20,123,104,84,kl,81.8,0.060000000000002274,0.3834278881549835,0.41210347414016724,0.7525545358657837
20,123,105,85,ce,82.72,0.9200000000000017,0.19439850747585297,0.3414187431335449,1.852195143699646
20,123,106,86,kl,82.02,-0.7000000000000028,0.5161877870559692,0.468921422958374,0.8470630049705505
20,123,107,87,kl,80.04,-1.9799999999999898,0.6881991624832153,0.5521681308746338,1.0589358806610107
20,123,108,88,kl,80.14,0.09999999999999432,0.6168662905693054,0.5129039287567139,1.0069925785064697
20,123,109,89,kl,82.1,1.9599999999999937,0.521037220954895,0.45162373781204224,1.02727210521698
20,123,110,90,kl,82.16,0.060000000000002274,0.41982725262641907,0.4614456593990326,0.8993557691574097
20,123,111,91,kl,82.08,-0.0799999999999983,0.5718264579772949,0.481125146150589,0.8517156839370728
20,123,112,92,kl,81.94,-0.14000000000000057,0.5709760189056396,0.4660305976867676,0.8885135650634766
20,123,113,93,kl,81.96,0.01999999999999602,0.3359719514846802,0.44185343384742737,1.0379114151000977
20,123,114,94,kl,81.22,-0.7399999999999949,0.6596647500991821,0.5421657562255859,1.0752149820327759
20,123,115,95,kl,81.58,0.35999999999999943,0.6125099062919617,0.5172090530395508,0.9977162480354309
20,123,116,96,kl,82.4,0.8200000000000074,0.3983931839466095,0.4164251685142517,0.8288483023643494
20,123,117,97,kl,81.62,-0.7800000000000011,0.6700348854064941,0.5508924722671509,1.2324495315551758
20,123,118,98,kl,80.34,-1.2800000000000011,0.5135032534599304,0.49598953127861023,1.0519251823425293
20,123,119,99,kl,80.58,0.23999999999999488,0.5992187261581421,0.50458824634552,1.091742992401123
20,123,120,100,kl,82.26,1.6800000000000068,0.4077116549015045,0.4393119513988495,0.7418815493583679
20,123,121,101,kl,81.52,-0.7400000000000091,0.5324990153312683,0.4574940800666809,0.9046623706817627
20,123,122,102,kl,82.28,0.7600000000000051,0.4373396635055542,0.4244258999824524,0.8605704307556152
20,123,123,103,kl,82.5,0.21999999999999886,0.47003617882728577,0.4687208831310272,0.962904155254364
20,123,124,104,kl,81.38,-1.1200000000000045,0.3693128228187561,0.4449514150619507,0.8489197492599487
20,123,125,105,kl,82.46,1.0799999999999983,0.48839157819747925,0.44264453649520874,0.792509138584137
20,123,126,106,ce,83.12,0.6600000000000108,0.2466026395559311,0.3447614908218384,1.8783683776855469
20,123,127,107,kl,80.66,-2.460000000000008,0.598060131072998,0.5089849829673767,0.9070307016372681
20,123,128,108,kl,81.14,0.480000000000004,0.6496493816375732,0.555408775806427,1.0233864784240723
20,123,129,109,kl,78.52,-2.6200000000000045,0.5429251790046692,0.5589680671691895,1.400838017463684
20,123,130,110,kl,82.42,3.9000000000000057,0.6005914807319641,0.46328404545783997,0.8361085653305054
20,123,131,111,kl,80.82,-1.6000000000000085,0.719719409942627,0.553106963634491,1.1108757257461548
20,123,132,112,kl,82.06,1.240000000000009,0.625883936882019,0.537236750125885,1.0791807174682617
20,123,133,113,kl,81.22,-0.8400000000000034,0.49218133091926575,0.4591909646987915,0.8744477033615112
20,123,134,114,kl,82.32,1.0999999999999943,0.37328261137008667,0.4529634714126587,1.0212152004241943
20,123,135,115,kl,79.46,-2.8599999999999994,0.6822187900543213,0.5353655219078064,1.0524910688400269
20,123,136,116,kl,82.28,2.8200000000000074,0.4980452060699463,0.4409148395061493,0.8257877826690674
20,123,137,117,kl,80.68,-1.5999999999999943,0.41073140501976013,0.44198206067085266,0.9077904224395752
20,123,138,118,kl,81.52,0.8399999999999892,0.4996802806854248,0.44674456119537354,0.9049130082130432
20,123,139,119,kl,82.86,1.3400000000000034,0.146419495344162,0.36293575167655945,0.8326765298843384
20,123,140,120,kl,81.18,-1.6799999999999926,0.5297601819038391,0.509086012840271,1.112138032913208
20,123,141,121,kl,82.4,1.2199999999999989,0.5541955828666687,0.4794168174266815,0.7649042010307312
20,123,142,122,kl,81.68,-0.7199999999999989,0.3783439099788666,0.4320448338985443,0.9343077540397644
20,123,143,123,kl,82.16,0.47999999999998977,0.3857629597187042,0.42382198572158813,0.8177785277366638
20,123,144,124,kl,81.76,-0.3999999999999915,0.5470911860466003,0.48893237113952637,0.9630163311958313
20,123,145,125,kl,80.62,-1.1400000000000006,0.5058349370956421,0.4657019376754761,1.0535705089569092
20,123,146,126,kl,81.92,1.2999999999999972,0.47869062423706055,0.4930276572704315,0.9568145871162415
20,123,147,127,ce,82.26,0.3400000000000034,0.2258968949317932,0.3316686451435089,1.9157414436340332
20,123,148,128,kl,78.98,-3.280000000000001,0.5346381664276123,0.5520427823066711,1.2924264669418335
20,123,149,129,kl,81.7,2.719999999999999,0.5844032764434814,0.5238708853721619,1.1114574670791626
20,123,150,130,kl,81.18,-0.519999999999996,0.5279124975204468,0.5084633231163025,1.023290753364563
20,123,151,131,kl,80.98,-0.20000000000000284,0.4026908278465271,0.47843480110168457,1.0453654527664185
20,123,152,132,kl,80.34,-0.6400000000000006,0.670391857624054,0.5461661219596863,1.1055434942245483
20,123,153,133,kl,81.02,0.6799999999999926,0.5764434337615967,0.5129740834236145,0.9241063594818115
20,123,154,134,kl,81.72,0.7000000000000028,0.6476633548736572,0.518038809299469,0.9800847768783569
20,123,155,135,kl,82.18,0.46000000000000796,0.6221997737884521,0.49437469244003296,0.9974510073661804
20,123,156,136,kl,82.48,0.29999999999999716,0.6613234281539917,0.5384833216667175,1.1089712381362915
20,123,157,137,kl,81.7,-0.7800000000000011,0.5447604656219482,0.4561585485935211,0.8869648575782776
20,123,158,138,kl,82.42,0.7199999999999989,0.36860644817352295,0.44110623002052307,1.0448389053344727
20,123,159,139,kl,81.08,-1.3400000000000034,0.5925111174583435,0.5223023295402527,1.0231037139892578
20,123,160,140,kl,80.04,-1.039999999999992,0.5199489593505859,0.5251221656799316,1.0840473175048828
20,123,161,141,kl,81.06,1.019999999999996,0.6856720447540283,0.5381931066513062,1.0849615335464478
20,123,162,142,kl,81.0,-0.060000000000002274,0.5673497319221497,0.48709940910339355,1.1368567943572998
20,123,163,143,kl,81.88,0.8799999999999955,0.4652804732322693,0.44447964429855347,0.8582941889762878
20,123,164,144,kl,81.9,0.020000000000010232,0.4871876835823059,0.47761791944503784,1.0793795585632324
20,123,165,145,kl,81.24,-0.6600000000000108,0.5138356685638428,0.45886245369911194,1.0137187242507935
20,123,166,146,kl,82.76,1.5200000000000102,0.40365004539489746,0.4137643277645111,0.8349003195762634
20,123,167,147,kl,81.76,-1.0,0.49023962020874023,0.4669030010700226,0.8791179656982422
20,123,168,148,ce,82.34,0.5799999999999983,0.19850769639015198,0.3510444164276123,1.8680634498596191
20,123,169,149,kl,80.6,-1.740000000000009,0.4300030767917633,0.4489859938621521,0.9350046515464783
20,123,170,150,kl,81.64,1.0400000000000063,0.6092314720153809,0.4961603879928589,0.824752926826477
20,123,171,151,kl,82.22,0.5799999999999983,0.4340294301509857,0.445862740278244,0.9751625061035156
20,123,172,152,kl,82.6,0.37999999999999545,0.47194430232048035,0.4645386338233948,0.9830103516578674
20,123,173,153,kl,81.66,-0.9399999999999977,0.5344231128692627,0.5131270289421082,1.1012407541275024
20,123,174,154,kl,82.18,0.5200000000000102,0.5613127946853638,0.4982127547264099,0.8890189528465271
20,123,175,155,kl,81.12,-1.0600000000000023,0.4992202818393707,0.47640880942344666,0.8571210503578186
20,123,176,156,kl,81.54,0.4200000000000017,0.4757739007472992,0.4660957455635071,0.9967048764228821
20,123,177,157,kl,83.04,1.5,0.43922391533851624,0.45050323009490967,0.905919075012207
20,123,178,158,kl,81.04,-2.0,0.5134119987487793,0.4855507016181946,1.0550751686096191
20,123,179,159,kl,81.18,0.14000000000000057,0.5788083076477051,0.5249384641647339,1.0421558618545532
20,123,180,160,kl,82.16,0.9799999999999898,0.6500982046127319,0.5160651206970215,0.9734178781509399
20,123,181,161,kl,81.18,-0.9799999999999898,0.541433572769165,0.4996807873249054,1.0397814512252808
20,123,182,162,kl,82.14,0.9599999999999937,0.4317319095134735,0.46595728397369385,1.0021207332611084
20,123,183,163,kl,81.04,-1.0999999999999943,0.6729120016098022,0.5260022282600403,1.0099090337753296
20,123,184,164,kl,81.3,0.2599999999999909,0.5981559157371521,0.5273991823196411,1.1865803003311157
20,123,185,165,kl,82.26,0.960000000000008,0.5772070288658142,0.4952838718891144,0.939081072807312
20,123,186,166,kl,82.16,-0.10000000000000853,0.5467830896377563,0.5216092467308044,0.9075968265533447
20,123,187,167,kl,81.26,-0.8999999999999915,0.41423317790031433,0.4580114185810089,0.9339301586151123
20,123,188,168,kl,81.72,0.45999999999999375,0.498961478471756,0.471669465303421,0.9855217337608337
20,123,189,169,ce,82.94,1.2199999999999989,0.15326860547065735,0.33296579122543335,1.7523818016052246
20,123,190,170,kl,81.36,-1.5799999999999983,0.6092122793197632,0.5654417276382446,1.1444950103759766
20,123,191,171,kl,81.84,0.480000000000004,0.5247277021408081,0.49301326274871826,0.8737857937812805
20,123,192,172,kl,80.74,-1.1000000000000085,0.5378764271736145,0.4762769937515259,0.9513071179389954
20,123,193,173,kl,82.2,1.460000000000008,0.5831172466278076,0.46696144342422485,0.9615058302879333
20,123,194,174,kl,82.34,0.14000000000000057,0.6144634485244751,0.4841309189796448,0.9186466932296753
20,123,195,175,kl,82.3,-0.04000000000000625,0.5929892659187317,0.46890151500701904,0.8532152771949768
20,123,196,176,kl,80.8,-1.5,0.52080237865448,0.5099395513534546,1.1654646396636963
20,123,197,177,kl,80.96,0.1599999999999966,0.6292018294334412,0.5627721548080444,1.1399012804031372
20,123,198,178,kl,81.4,0.44000000000001194,0.6235887408256531,0.49230533838272095,1.0596792697906494
20,123,199,179,kl,82.1,0.6999999999999886,0.5948070287704468,0.48963895440101624,0.8897841572761536
20,123,200,180,kl,82.08,-0.01999999999999602,0.689918041229248,0.546275794506073,1.1331113576889038
20,123,201,181,kl,80.64,-1.4399999999999977,0.45005837082862854,0.49019140005111694,1.2943265438079834
20,123,202,182,kl,81.66,1.019999999999996,0.4156205356121063,0.46999695897102356,1.1725174188613892
20,123,203,183,kl,81.96,0.29999999999999716,0.6847292184829712,0.525756299495697,0.8820689916610718
20,123,204,184,kl,82.34,0.38000000000000966,0.5649856328964233,0.5330528020858765,1.2682867050170898
20,123,205,185,kl,81.18,-1.1599999999999966,0.5059776902198792,0.48218539357185364,0.9209645986557007
20,123,206,186,kl,81.96,0.7799999999999869,0.515639066696167,0.47779253125190735,1.3139361143112183
20,123,207,187,kl,81.86,-0.09999999999999432,0.6065292358398438,0.5201087594032288,0.9271365404129028
20,123,208,188,kl,82.56,0.7000000000000028,0.6078149080276489,0.46554043889045715,0.7815521359443665
20,123,209,189,kl,83.16,0.5999999999999943,0.6660976409912109,0.48769229650497437,0.8777833580970764
20,123,210,190,ce,83.1,-0.060000000000002274,0.18414467573165894,0.3480769693851471,1.7841389179229736
20,123,211,191,kl,81.72,-1.3799999999999955,0.6358278393745422,0.5298715829849243,0.9879879355430603
20,123,212,192,kl,81.9,0.18000000000000682,0.5313341617584229,0.47706809639930725,0.9410716891288757
20,123,213,193,kl,81.78,-0.12000000000000455,0.48975488543510437,0.4589177072048187,1.0247342586517334
20,123,214,194,kl,81.74,-0.04000000000000625,0.6277587413787842,0.5179058909416199,0.8709716796875
20,123,215,195,kl,81.52,-0.21999999999999886,0.5513602495193481,0.5190592408180237,1.0845857858657837
20,123,216,196,kl,81.5,-0.01999999999999602,0.4908307194709778,0.48435384035110474,1.045544981956482
20,123,217,197,kl,82.9,1.4000000000000057,0.7126654982566833,0.5603865385055542,0.970869779586792
20,123,218,198,kl,82.1,-0.8000000000000114,0.5993913412094116,0.4883005619049072,0.9944146871566772
20,123,219,199,kl,81.62,-0.47999999999998977,0.5482869744300842,0.4762502908706665,0.9854581356048584
20,123,220,200,kl,81.98,0.35999999999999943,0.4634678065776825,0.4404452443122864,0.8077943921089172
20,123,221,201,kl,81.94,-0.04000000000000625,0.6214986443519592,0.5296072959899902,0.9309101700782776
20,123,222,202,kl,82.54,0.6000000000000085,0.5870532989501953,0.45738914608955383,0.8037970066070557
20,123,223,203,kl,82.82,0.2799999999999869,0.3859601616859436,0.4303991496562958,0.8727049827575684
20,123,224,204,kl,80.32,-2.5,0.45189380645751953,0.5023190379142761,1.0950809717178345
20,123,225,205,kl,82.3,1.980000000000004,0.485149621963501,0.4575679302215576,1.0781747102737427
20,123,226,206,kl,81.58,-0.7199999999999989,0.4604770541191101,0.45507606863975525,0.8712089657783508
20,123,227,207,kl,82.32,0.7399999999999949,0.570777416229248,0.5012266039848328,0.9449099898338318
20,123,228,208,kl,81.86,-0.45999999999999375,0.5204687118530273,0.47910815477371216,1.1056797504425049
20,123,229,209,kl,82.52,0.6599999999999966,0.4846888482570648,0.44266584515571594,0.9006640315055847
20,123,230,210,kl,83.04,0.5200000000000102,0.5281945466995239,0.4857431948184967,1.059881567955017
20,123,231,211,ce,83.12,0.0799999999999983,0.11353219300508499,0.3138876259326935,1.7955209016799927
20,123,232,212,kl,80.52,-2.6000000000000085,0.6365010738372803,0.5338529348373413,1.0753493309020996
20,123,233,213,kl,81.66,1.1400000000000006,0.5038045644760132,0.46852824091911316,1.0548069477081299
20,123,234,214,kl,81.78,0.12000000000000455,0.5682172179222107,0.48089098930358887,0.8941181302070618
20,123,235,215,kl,83.02,1.2399999999999949,0.5023616552352905,0.4564724266529083,1.0039185285568237
20,123,236,216,kl,81.6,-1.4200000000000017,0.5860259532928467,0.4836481213569641,1.0386914014816284
20,123,237,217,kl,79.6,-2.0,0.6612539291381836,0.6068956851959229,1.2632718086242676
20,123,238,218,kl,81.48,1.8800000000000097,0.6503773927688599,0.5412740707397461,1.0241737365722656
20,123,239,219,kl,81.4,-0.0799999999999983,0.3708077669143677,0.45937731862068176,1.0113645792007446
20,123,240,220,kl,82.14,0.7399999999999949,0.5840312838554382,0.4843747913837433,0.920706033706665
20,123,241,221,kl,82.7,0.5600000000000023,0.46011975407600403,0.4644254744052887,0.9007523655891418
20,123,242,222,kl,82.54,-0.1599999999999966,0.5112696886062622,0.47670143842697144,0.7464536428451538
20,123,243,223,kl,78.76,-3.780000000000001,0.6393568515777588,0.5860732793807983,1.19704008102417
20,123,244,224,kl,81.94,3.1799999999999926,0.5612824559211731,0.4640241265296936,0.9698225259780884
20,123,245,225,kl,82.64,0.7000000000000028,0.37293756008148193,0.4320472776889801,0.8089562058448792
20,123,246,226,kl,81.66,-0.980000000000004,0.49170005321502686,0.4786687195301056,0.8398863673210144
20,123,247,227,kl,83.4,1.740000000000009,0.6703937649726868,0.520403265953064,1.030646562576294
20,123,248,228,kl,81.24,-2.160000000000011,0.5825899839401245,0.5050884485244751,1.0186512470245361
20,123,249,229,kl,81.88,0.6400000000000006,0.5099587440490723,0.46889185905456543,1.076741099357605
20,123,250,230,kl,81.24,-0.6400000000000006,0.5729740858078003,0.4854572117328644,0.9255140423774719
20,123,251,231,kl,82.68,1.440000000000012,0.5997677445411682,0.516128420829773,1.0339703559875488
20,123,252,232,ce,83.44,0.7599999999999909,0.10623271763324738,0.2995413541793823,1.7676634788513184
20,123,253,233,kl,81.96,-1.480000000000004,0.5265565514564514,0.5168141722679138,1.0520877838134766
20,123,254,234,kl,81.32,-0.6400000000000006,0.586848795413971,0.5816201567649841,1.1069093942642212
20,123,255,235,kl,80.34,-0.9799999999999898,0.6887941360473633,0.5681772232055664,1.3448463678359985
20,123,256,236,kl,82.1,1.759999999999991,0.6217647790908813,0.48766839504241943,0.9485912919044495
20,123,257,237,kl,82.5,0.4000000000000057,0.534393310546875,0.45888176560401917,0.9099122881889343
20,123,258,238,kl,81.82,-0.6800000000000068,0.514986515045166,0.4793584942817688,0.9845876097679138
20,123,259,239,kl,82.78,0.960000000000008,0.5399032831192017,0.49946328997612,0.889016330242157
20,123,260,240,kl,83.08,0.29999999999999716,0.7061548233032227,0.5729407072067261,1.2517081499099731
20,123,261,241,kl,82.02,-1.0600000000000023,0.45192229747772217,0.45635414123535156,0.9167504906654358
20,123,262,242,kl,81.38,-0.6400000000000006,0.643567681312561,0.5312585234642029,1.0985771417617798
20,123,263,243,kl,82.66,1.2800000000000011,0.639202356338501,0.5267592072486877,1.029916524887085
20,123,264,244,kl,82.2,-0.45999999999999375,0.5910284519195557,0.4435957372188568,0.9073227047920227
20,123,265,245,kl,81.34,-0.8599999999999994,0.5479427576065063,0.4659450352191925,1.0628507137298584
20,123,266,246,kl,80.26,-1.0799999999999983,0.6472657322883606,0.550172746181488,1.1715142726898193
20,123,267,247,kl,81.4,1.1400000000000006,0.6006379127502441,0.5075995326042175,1.0539436340332031
20,123,268,248,kl,81.38,-0.020000000000010232,0.34094172716140747,0.4608837366104126,1.0196820497512817
20,123,269,249,kl,82.42,1.0400000000000063,0.4327496588230133,0.4757196307182312,0.9328413605690002
20,123,270,250,kl,82.2,-0.21999999999999886,0.6280065178871155,0.5024021863937378,0.9924964904785156
20,123,271,251,kl,83.16,0.9599999999999937,0.5135060548782349,0.4727190136909485,0.7825806736946106
20,123,272,252,kl,81.7,-1.4599999999999937,0.650050163269043,0.5249453783035278,1.065798044204712
20,123,273,253,ce,83.24,1.539999999999992,0.20622305572032928,0.35435616970062256,1.7318729162216187
20,123,274,254,kl,79.26,-3.9799999999999898,0.7015403509140015,0.6370964646339417,1.313711166381836
20,123,275,255,kl,81.2,1.9399999999999977,0.4188697338104248,0.45819345116615295,1.006807804107666
20,123,276,256,kl,81.7,0.5,0.6159850358963013,0.573316216468811,1.0319287776947021
20,123,277,257,kl,81.8,0.09999999999999432,0.7127844095230103,0.5692574381828308,1.2204087972640991
20,123,278,258,kl,79.94,-1.8599999999999994,0.7300080060958862,0.6205273270606995,1.2105833292007446
20,123,279,259,kl,81.2,1.2600000000000051,0.5785969495773315,0.5407958626747131,1.0414050817489624
20,123,280,260,kl,82.08,0.8799999999999955,0.5675092339515686,0.5448196530342102,1.0616101026535034
20,123,281,261,kl,82.54,0.46000000000000796,0.5893804430961609,0.48911765217781067,0.936777651309967
20,123,282,262,kl,83.1,0.5599999999999881,0.4084666669368744,0.44527769088745117,1.0139251947402954
20,123,283,263,kl,81.4,-1.6999999999999886,0.5397186875343323,0.5107194185256958,1.2655586004257202
20,123,284,264,kl,82.58,1.1799999999999926,0.5168945789337158,0.4854954481124878,0.8256130814552307
20,123,285,265,kl,82.18,-0.3999999999999915,0.4935320019721985,0.4643328785896301,0.9909048676490784
20,123,286,266,kl,82.5,0.3199999999999932,0.6066125631332397,0.5034297108650208,0.8361422419548035
20,123,287,267,kl,80.84,-1.6599999999999966,0.5729602575302124,0.4884501099586487,0.8574135303497314
20,123,288,268,kl,81.98,1.1400000000000006,0.4361875057220459,0.4414636492729187,0.9200555086135864
20,123,289,269,kl,80.6,-1.3800000000000097,0.559171199798584,0.5284926891326904,1.2312721014022827
20,123,290,270,kl,81.16,0.5600000000000023,0.617103636264801,0.5687015652656555,1.0231248140335083
20,123,291,271,kl,82.3,1.1400000000000006,0.33838534355163574,0.4273262023925781,0.8786996006965637
20,123,292,272,kl,81.28,-1.019999999999996,0.4878137707710266,0.4683700501918793,1.0667860507965088
20,123,293,273,kl,82.9,1.6200000000000045,0.560643196105957,0.4811442196369171,0.8207383751869202
20,123,294,274,ce,83.64,0.7399999999999949,0.27485528588294983,0.3797934949398041,1.6637247800827026
20,123,295,275,kl,82.74,-0.9000000000000057,0.6686197519302368,0.5530257821083069,0.992676317691803
20,123,296,276,kl,82.2,-0.539999999999992,0.5212450623512268,0.4798887372016907,1.0403043031692505
20,123,297,277,kl,80.4,-1.7999999999999972,0.4403584599494934,0.4822198748588562,0.9406871199607849
20,123,298,278,kl,82.38,1.9799999999999898,0.4701005518436432,0.476226806640625,0.8723040223121643
20,123,299,279,kl,83.44,1.0600000000000023,0.5036138296127319,0.4232591986656189,0.8829856514930725
20,123,300,280,kl,82.04,-1.3999999999999915,0.4784316420555115,0.47240588068962097,1.1073790788650513
20,123,301,281,kl,81.94,-0.10000000000000853,0.5322061777114868,0.5466558933258057,1.1891634464263916
20,123,302,282,kl,81.16,-0.7800000000000011,0.6843277215957642,0.5550447106361389,1.0350663661956787
20,123,303,283,kl,82.18,1.0200000000000102,0.6687045693397522,0.5350709557533264,0.9859616160392761
20,123,304,284,kl,82.62,0.4399999999999977,0.5031707286834717,0.45993098616600037,0.7129623293876648
20,123,305,285,kl,82.2,-0.4200000000000017,0.4450591206550598,0.4656921923160553,0.8595326542854309
20,123,306,286,kl,82.52,0.3199999999999932,0.41257351636886597,0.4366893172264099,0.8754284977912903
20,123,307,287,kl,82.78,0.2600000000000051,0.4693753719329834,0.4591050446033478,0.8859552145004272
20,123,308,288,kl,81.34,-1.4399999999999977,0.6379116773605347,0.5356706976890564,1.0548899173736572
20,123,309,289,kl,81.52,0.1799999999999926,0.4648914635181427,0.452826589345932,0.9215698838233948
20,123,310,290,kl,81.88,0.35999999999999943,0.6244925856590271,0.5061290264129639,1.0928466320037842
20,123,311,291,kl,82.8,0.9200000000000017,0.45468974113464355,0.43459001183509827,0.9334469437599182
20,123,312,292,kl,82.9,0.10000000000000853,0.3977283239364624,0.427137553691864,0.8140941262245178
20,123,313,293,kl,81.88,-1.0200000000000102,0.47389817237854004,0.42174234986305237,0.8834242224693298
20,123,314,294,kl,83.4,1.5200000000000102,0.41006574034690857,0.4345061182975769,0.7531856298446655
20,123,315,295,ce,82.66,-0.7400000000000091,0.23537297546863556,0.31771543622016907,1.8220360279083252
20,123,316,296,kl,80.98,-1.6799999999999926,0.6623812913894653,0.5732492804527283,1.3150910139083862
20,123,317,297,kl,82.22,1.2399999999999949,0.624234676361084,0.5087265372276306,0.9008932113647461
20,123,318,298,kl,82.12,-0.09999999999999432,0.564014196395874,0.4897368252277374,0.8407815098762512
20,123,319,299,kl,82.02,-0.10000000000000853,0.43650609254837036,0.4644619822502136,1.033666729927063
20,123,320,300,kl,82.54,0.5200000000000102,0.567943274974823,0.507912278175354,0.9340256452560425
20,123,321,301,kl,79.7,-2.8400000000000034,0.5688759684562683,0.5395198464393616,1.1718289852142334
20,123,322,302,kl,81.14,1.4399999999999977,0.5967162251472473,0.5225228667259216,1.0802093744277954
20,123,323,303,kl,81.42,0.28000000000000114,0.4697815179824829,0.47096699476242065,1.0579217672348022
20,123,324,304,kl,82.42,1.0,0.6345550417900085,0.5401773452758789,1.0342497825622559
20,123,325,305,kl,82.1,-0.3200000000000074,0.4984106123447418,0.49173763394355774,0.9574550986289978
20,123,326,306,kl,82.58,0.480000000000004,0.6557399034500122,0.5529523491859436,0.9199571013450623
20,123,327,307,kl,81.04,-1.539999999999992,0.5842480659484863,0.5188842415809631,0.9237603545188904
20,123,328,308,kl,81.7,0.6599999999999966,0.6744608879089355,0.534433901309967,1.1585593223571777
20,123,329,309,kl,82.24,0.539999999999992,0.5331871509552002,0.4768790900707245,0.9018341898918152
20,123,330,310,kl,81.96,-0.28000000000000114,0.46162623167037964,0.44630205631256104,0.8709447979927063
20,123,331,311,kl,82.42,0.46000000000000796,0.6235014200210571,0.5014152526855469,0.7727190256118774
20,123,332,312,kl,82.44,0.01999999999999602,0.5857060551643372,0.5030142068862915,0.8618348240852356
20,123,333,313,kl,82.24,-0.20000000000000284,0.6083746552467346,0.4940192699432373,0.8872789144515991
20,123,334,314,kl,81.82,-0.4200000000000017,0.6124720573425293,0.538949191570282,1.0040297508239746
20,123,335,315,kl,81.92,0.10000000000000853,0.6457477807998657,0.5670872330665588,1.0882676839828491
20,123,336,316,ce,84.46,2.539999999999992,0.20761878788471222,0.3108725845813751,1.7233998775482178
20,123,337,317,kl,81.42,-3.039999999999992,0.4443681538105011,0.48840710520744324,0.9456350803375244
20,123,338,318,kl,80.46,-0.960000000000008,0.5950456857681274,0.5522292256355286,1.1607227325439453
20,123,339,319,kl,81.68,1.220000000000013,0.6976628303527832,0.5706222057342529,1.0052655935287476
20,123,340,320,kl,80.16,-1.5200000000000102,0.6854039430618286,0.5891483426094055,1.1860089302062988
20,123,341,321,kl,82.22,2.0600000000000023,0.46175074577331543,0.4493069052696228,1.029282569885254
20,123,342,322,kl,81.12,-1.0999999999999943,0.7496703863143921,0.6013810038566589,1.3224915266036987
20,123,343,323,kl,81.86,0.7399999999999949,0.6165969371795654,0.5521783828735352,0.9718567132949829
20,123,344,324,kl,82.84,0.980000000000004,0.3783095180988312,0.414167582988739,0.9059386253356934
20,123,345,325,kl,82.54,-0.29999999999999716,0.42853862047195435,0.48361799120903015,0.8870109915733337
20,123,346,326,kl,82.44,-0.10000000000000853,0.5721187591552734,0.49743953347206116,0.8520326018333435
20,123,347,327,kl,82.62,0.18000000000000682,0.6363167762756348,0.5219040513038635,0.9077008366584778
20,123,348,328,kl,82.82,0.19999999999998863,0.5333925485610962,0.47899651527404785,0.8780069947242737
20,123,349,329,kl,82.38,-0.4399999999999977,0.5864534378051758,0.5536630749702454,1.0915285348892212
20,123,350,330,kl,79.5,-2.8799999999999955,0.5840318202972412,0.5188944339752197,1.1057052612304688
20,123,351,331,kl,82.28,2.780000000000001,0.6435614824295044,0.5134859085083008,1.070167899131775
20,123,352,332,kl,82.42,0.14000000000000057,0.5357004404067993,0.512775182723999,0.9667695164680481
20,123,353,333,kl,83.24,0.8199999999999932,0.5390400886535645,0.5065972805023193,0.8629438877105713
20,123,354,334,kl,83.72,0.480000000000004,0.4581577181816101,0.43981754779815674,0.7750165462493896
20,123,355,335,kl,80.18,-3.539999999999992,0.6714795827865601,0.5654208660125732,1.1173158884048462
20,123,356,336,kl,83.02,2.839999999999989,0.3177928328514099,0.43054673075675964,1.106476902961731
20,123,357,337,ce,83.76,0.7400000000000091,0.21937443315982819,0.3602522313594818,1.7683627605438232
20,123,358,338,kl,81.88,-1.8800000000000097,0.6323696374893188,0.5673823356628418,1.0849692821502686
20,123,359,339,kl,80.72,-1.1599999999999966,0.6017203330993652,0.5285793542861938,0.9428042769432068
20,123,360,340,kl,80.24,-0.480000000000004,0.7331945896148682,0.6569663882255554,1.5914157629013062
20,123,361,341,kl,81.66,1.4200000000000017,0.6031609773635864,0.4895554482936859,0.9296685457229614
20,123,362,342,kl,83.24,1.5799999999999983,0.46042120456695557,0.4447164833545685,0.8689911365509033
20,123,363,343,kl,82.78,-0.45999999999999375,0.5186880230903625,0.45160290598869324,0.9434107542037964
20,123,364,344,kl,81.9,-0.8799999999999955,0.46732985973358154,0.47901225090026855,0.8757694959640503
20,123,365,345,kl,82.68,0.7800000000000011,0.5546523332595825,0.4752953350543976,0.9754173159599304
20,123,366,346,kl,79.86,-2.8200000000000074,0.5227046012878418,0.477400541305542,1.0763912200927734
20,123,367,347,kl,82.54,2.680000000000007,0.5299406051635742,0.49775180220603943,0.8163936734199524
20,123,368,348,kl,82.0,-0.5400000000000063,0.5153922438621521,0.546452522277832,1.033553123474121
20,123,369,349,kl,82.56,0.5600000000000023,0.41453346610069275,0.44588279724121094,0.9416366815567017
20,123,370,350,kl,82.24,-0.3200000000000074,0.4366961121559143,0.4637010395526886,0.8686292171478271
20,123,371,351,kl,77.24,-5.0,0.6301066875457764,0.6104971766471863,1.444209098815918
20,123,372,352,kl,81.16,3.9200000000000017,0.5514413118362427,0.49574074149131775,0.9958050847053528
20,123,373,353,kl,82.5,1.3400000000000034,0.7016698122024536,0.566159188747406,1.095153570175171
20,123,374,354,kl,83.32,0.8199999999999932,0.33263516426086426,0.421151727437973,0.7257463932037354
20,123,375,355,kl,82.04,-1.279999999999987,0.5812060236930847,0.48762455582618713,1.1276636123657227
20,123,376,356,kl,82.68,0.6400000000000006,0.5454362034797668,0.4722099304199219,0.9412475228309631
20,123,377,357,kl,83.02,0.3399999999999892,0.4887165129184723,0.45352402329444885,1.0767521858215332
20,123,378,358,ce,83.78,0.7600000000000051,0.1946808248758316,0.35664862394332886,1.813772201538086
20,123,379,359,kl,80.46,-3.3200000000000074,0.5584834218025208,0.5132372379302979,1.0722928047180176
20,123,380,360,kl,81.74,1.2800000000000011,0.4837040305137634,0.4864486753940582,1.150446891784668
20,123,381,361,kl,82.56,0.8200000000000074,0.6380226016044617,0.5340179800987244,0.979932427406311
20,123,382,362,kl,82.78,0.21999999999999886,0.6221360564231873,0.5077561140060425,1.0515398979187012
20,123,383,363,kl,82.44,-0.3400000000000034,0.45291799306869507,0.4427861273288727,0.8905850052833557
20,123,384,364,kl,82.76,0.3200000000000074,0.486511766910553,0.4833434522151947,1.0026171207427979
20,123,385,365,kl,81.9,-0.8599999999999994,0.6898849010467529,0.5773496627807617,1.1377359628677368
20,123,386,366,kl,82.68,0.7800000000000011,0.4572327733039856,0.4774067997932434,0.7752794027328491
20,123,387,367,kl,81.7,-0.980000000000004,0.7287147045135498,0.5764119625091553,1.2557402849197388
20,123,388,368,kl,82.88,1.1799999999999926,0.5749174356460571,0.48140379786491394,0.9435696601867676
20,123,389,369,kl,82.16,-0.7199999999999989,0.6469064950942993,0.5168479681015015,1.1163872480392456
20,123,390,370,kl,81.2,-0.9599999999999937,0.456148624420166,0.4744392931461334,1.0825430154800415
20,123,391,371,kl,80.92,-0.28000000000000114,0.359055757522583,0.47792837023735046,1.0252231359481812
20,123,392,372,kl,82.0,1.0799999999999983,0.6089339256286621,0.5214701294898987,1.0983922481536865
20,123,393,373,kl,83.34,1.3400000000000034,0.4958392083644867,0.5266980528831482,1.0011324882507324
20,123,394,374,kl,82.66,-0.6800000000000068,0.5920172929763794,0.4976879060268402,0.7881356477737427
20,123,395,375,kl,82.98,0.3200000000000074,0.46100616455078125,0.46015071868896484,0.7725203633308411
20,123,396,376,kl,82.68,-0.29999999999999716,0.3951398730278015,0.4446070194244385,1.0467629432678223
20,123,397,377,kl,81.66,-1.0200000000000102,0.44739171862602234,0.4417794644832611,0.9537037014961243
20,123,398,378,kl,80.82,-0.8400000000000034,0.5563428401947021,0.49087226390838623,0.9782876968383789
20,123,399,379,ce,83.5,2.680000000000007,0.19512876868247986,0.2932974100112915,1.926110029220581
20,123,400,380,kl,81.28,-2.219999999999999,0.5359234809875488,0.5323781967163086,1.1235830783843994
20,123,401,381,kl,82.62,1.3400000000000034,0.5750221610069275,0.4944276511669159,1.0206612348556519
20,123,402,382,kl,81.62,-1.0,0.4646241068840027,0.46938008069992065,0.8712900876998901
20,123,403,383,kl,82.34,0.7199999999999989,0.44912654161453247,0.4976547658443451,0.967579185962677
20,123,404,384,kl,82.62,0.28000000000000114,0.48990100622177124,0.49392983317375183,1.0474519729614258
20,123,405,385,kl,81.84,-0.7800000000000011,0.6705957651138306,0.576526403427124,1.1552830934524536
20,123,406,386,kl,82.72,0.8799999999999955,0.5559473037719727,0.5010010600090027,0.9201722741127014
20,123,407,387,kl,83.24,0.519999999999996,0.5377477407455444,0.5005631446838379,0.946031928062439
20,123,408,388,kl,80.6,-2.6400000000000006,0.6574910879135132,0.5748111009597778,1.2494075298309326
20,123,409,389,kl,82.12,1.5200000000000102,0.5122179985046387,0.4746825695037842,1.0048214197158813
20,123,410,390,kl,82.7,0.5799999999999983,0.42383676767349243,0.44522571563720703,0.9237238168716431
20,123,411,391,kl,82.54,-0.1599999999999966,0.6481956243515015,0.5546380281448364,1.2101466655731201
20,123,412,392,kl,82.92,0.37999999999999545,0.22796010971069336,0.39540132880210876,0.8727529048919678
20,123,413,393,kl,82.5,-0.4200000000000017,0.6196973919868469,0.5307118892669678,1.1677525043487549
20,123,414,394,kl,82.54,0.04000000000000625,0.49945589900016785,0.4914865791797638,1.1049045324325562
20,123,415,395,kl,82.86,0.3199999999999932,0.4742536246776581,0.4603351056575775,0.8493868708610535
20,123,416,396,kl,82.8,-0.060000000000002274,0.4860880374908447,0.4479818642139435,0.6982474327087402
20,123,417,397,kl,82.34,-0.45999999999999375,0.5635218024253845,0.47285133600234985,0.8965173363685608
20,123,418,398,kl,82.92,0.5799999999999983,0.654922366142273,0.5193156003952026,0.92835932970047
20,123,419,399,kl,82.46,-0.46000000000000796,0.4998558759689331,0.5169132947921753,1.1270649433135986
20,123,420,400,ce,83.82,1.3599999999999994,0.18212193250656128,0.31018468737602234,1.8293359279632568
20,1337,1,-19,kl,28.18,15.92,0.7063508033752441,0.9989817142486572,1.7703149318695068
20,1337,2,-18,kl,46.78,18.6,0.6699275374412537,0.602271556854248,1.513643503189087
20,1337,3,-17,kl,52.2,5.420000000000002,0.6960919499397278,0.610558032989502,1.2770200967788696
20,1337,4,-16,kl,62.48,10.279999999999994,0.4191945195198059,0.4639134109020233,0.9865482449531555
20,1337,5,-15,kl,67.12,4.640000000000008,0.5937384366989136,0.5429370403289795,1.2302894592285156
20,1337,6,-14,kl,69.32,2.1999999999999886,0.5795088410377502,0.49978384375572205,1.1200345754623413
20,1337,7,-13,kl,71.42,2.1000000000000085,0.5592890381813049,0.47116050124168396,1.2169972658157349
20,1337,8,-12,kl,72.86,1.4399999999999977,0.5256076455116272,0.44973835349082947,1.0242944955825806
20,1337,9,-11,kl,73.58,0.7199999999999989,0.8034305572509766,0.5201616883277893,1.0368890762329102
20,1337,10,-10,kl,74.64,1.0600000000000023,0.5833619832992554,0.4460771977901459,1.0375515222549438
20,1337,11,-9,kl,75.4,0.7600000000000051,0.7232246398925781,0.5075466632843018,1.1733124256134033
20,1337,12,-8,kl,75.82,0.4199999999999875,0.16431023180484772,0.3765636384487152,1.0807769298553467
20,1337,13,-7,kl,76.3,0.480000000000004,0.6357129812240601,0.5351514220237732,1.0894004106521606
20,1337,14,-6,kl,76.94,0.6400000000000006,0.6706713438034058,0.46734902262687683,0.9558712840080261
20,1337,15,-5,kl,77.84,0.9000000000000057,0.5435050129890442,0.4483398497104645,0.8151548504829407
20,1337,16,-4,kl,76.62,-1.2199999999999989,0.47111478447914124,0.4042840003967285,0.8294594287872314
20,1337,17,-3,kl,76.98,0.35999999999999943,0.5262429118156433,0.4564545750617981,0.9162615537643433
20,1337,18,-2,kl,78.74,1.759999999999991,0.7096424102783203,0.5118709206581116,1.1409860849380493
20,1337,19,-1,kl,77.44,-1.2999999999999972,0.61922287940979,0.46434134244918823,0.9398036599159241
20,1337,20,0,kl,80.38,2.9399999999999977,0.634445309638977,0.46393561363220215,0.9991657137870789
20,1337,21,1,ce,80.3,-0.0799999999999983,0.1895088106393814,0.26780062913894653,1.8520373106002808
20,1337,22,2,kl,77.06,-3.239999999999995,0.5561155080795288,0.4356965720653534,0.8870206475257874
20,1337,23,3,kl,79.68,2.6200000000000045,0.5421857833862305,0.43994763493537903,0.9852119088172913
20,1337,24,4,kl,78.9,-0.7800000000000011,0.705686628818512,0.48388227820396423,1.070600986480713
20,1337,25,5,kl,79.44,0.539999999999992,0.4366961717605591,0.4073171317577362,0.919034481048584
20,1337,26,6,kl,79.34,-0.09999999999999432,0.6345474720001221,0.49777790904045105,0.9613469243049622
20,1337,27,7,kl,79.72,0.37999999999999545,0.49328723549842834,0.40804359316825867,0.83595871925354
20,1337,28,8,kl,79.86,0.14000000000000057,0.6885378956794739,0.46697285771369934,0.8205912709236145
20,1337,29,9,kl,79.56,-0.29999999999999716,0.4205811023712158,0.41688790917396545,0.869706928730011
20,1337,30,10,kl,81.54,1.980000000000004,0.37078365683555603,0.4058469831943512,0.8221919536590576
20,1337,31,11,kl,79.48,-2.0600000000000023,0.47203537821769714,0.4302375912666321,0.9468606114387512
20,1337,32,12,kl,79.76,0.28000000000000114,0.3967195153236389,0.398882120847702,0.7594879269599915
20,1337,33,13,kl,80.76,1.0,0.4669545888900757,0.4479614496231079,0.919768750667572
20,1337,34,14,kl,80.7,-0.060000000000002274,0.5772397518157959,0.4916621446609497,0.8439399003982544
20,1337,35,15,kl,81.54,0.8400000000000034,0.4875379800796509,0.4143645465373993,0.8600736260414124
20,1337,36,16,kl,80.34,-1.2000000000000028,0.4720095694065094,0.41229933500289917,0.9398928284645081
20,1337,37,17,kl,81.42,1.0799999999999983,0.5901246070861816,0.4893219769001007,0.8896850347518921
20,1337,38,18,kl,78.62,-2.799999999999997,0.5428735613822937,0.5018585920333862,0.9085349440574646
20,1337,39,19,kl,81.48,2.8599999999999994,0.5207663178443909,0.4404979348182678,0.983615517616272
20,1337,40,20,kl,80.68,-0.7999999999999972,0.578703761100769,0.4582469165325165,0.7997215390205383
20,1337,41,21,kl,81.2,0.519999999999996,0.5032404065132141,0.43974316120147705,0.8765588402748108
20,1337,42,22,ce,80.64,-0.5600000000000023,0.2444966435432434,0.3648933172225952,1.6483194828033447
20,1337,43,23,kl,79.6,-1.0400000000000063,0.43839123845100403,0.4828071892261505,0.919668972492218
20,1337,44,24,kl,80.46,0.8599999999999994,0.41580021381378174,0.4106127917766571,0.9748963713645935
20,1337,45,25,kl,79.76,-0.6999999999999886,0.4175032377243042,0.4267558455467224,0.9123901128768921
20,1337,46,26,kl,80.0,0.23999999999999488,0.5875356197357178,0.5179319381713867,1.1485636234283447
20,1337,47,27,kl,81.56,1.5600000000000023,0.49014127254486084,0.41854363679885864,0.9582945108413696
20,1337,48,28,kl,81.86,0.29999999999999716,0.37063145637512207,0.41165831685066223,0.8477424383163452
20,1337,49,29,kl,81.3,-0.5600000000000023,0.5999565124511719,0.4806559681892395,0.892474889755249
20,1337,50,30,kl,82.02,0.7199999999999989,0.6179563999176025,0.48723703622817993,1.0347661972045898
20,1337,51,31,kl,81.78,-0.23999999999999488,0.544459342956543,0.4228766858577728,0.7723973989486694
20,1337,52,32,kl,80.64,-1.1400000000000006,0.6637762784957886,0.5405470132827759,1.1518818140029907
20,1337,53,33,kl,81.14,0.5,0.6765966415405273,0.5102723836898804,0.886376142501831
20,1337,54,34,kl,79.52,-1.6200000000000045,0.6005771160125732,0.5062511563301086,1.0903929471969604
20,1337,55,35,kl,81.94,2.4200000000000017,0.5672491192817688,0.5011885762214661,0.8859635591506958
20,1337,56,36,kl,81.58,-0.35999999999999943,0.6297996640205383,0.4988730549812317,0.9791573286056519
20,1337,57,37,kl,81.04,-0.539999999999992,0.559755802154541,0.4965306222438812,0.9010904431343079
20,1337,58,38,kl,81.34,0.29999999999999716,0.5259795784950256,0.4484851360321045,0.8796819448471069
20,1337,59,39,kl,81.78,0.4399999999999977,0.3928145170211792,0.4173975884914398,0.7783108949661255
20,1337,60,40,kl,81.64,-0.14000000000000057,0.5500600337982178,0.48286283016204834,0.8991793990135193
20,1337,61,41,kl,81.52,-0.12000000000000455,0.5407648086547852,0.4736865162849426,0.9357495903968811
20,1337,62,42,kl,82.58,1.0600000000000023,0.4352564811706543,0.4281224310398102,0.9212506413459778
20,1337,63,43,ce,82.34,-0.23999999999999488,0.2516694664955139,0.35111314058303833,1.7062312364578247
20,1337,64,44,kl,80.7,-1.6400000000000006,0.6548593640327454,0.5006597638130188,0.8961469531059265
20,1337,65,45,kl,82.62,1.9200000000000017,0.6289098262786865,0.5077545642852783,0.8468413949012756
20,1337,66,46,kl,80.52,-2.1000000000000085,0.5568870306015015,0.5126957297325134,1.0918692350387573
20,1337,67,47,kl,81.14,0.6200000000000045,0.5456895232200623,0.47046616673469543,0.9018008708953857
20,1337,68,48,kl,81.48,0.3400000000000034,0.4407406747341156,0.46009403467178345,1.0622467994689941
20,1337,69,49,kl,81.78,0.29999999999999716,0.4650406241416931,0.45204269886016846,0.9719906449317932
20,1337,70,50,kl,80.56,-1.2199999999999989,0.6330381631851196,0.5182781219482422,1.1050400733947754
20,1337,71,51,kl,81.8,1.2399999999999949,0.607495903968811,0.47682100534439087,0.8503506183624268
20,1337,72,52,kl,80.32,-1.480000000000004,0.44515836238861084,0.42567333579063416,0.9116038084030151
20,1337,73,53,kl,80.54,0.22000000000001307,0.4394236207008362,0.46147656440734863,0.8244926929473877
20,1337,74,54,kl,82.24,1.6999999999999886,0.5349867939949036,0.46560704708099365,1.011938214302063
20,1337,75,55,kl,82.28,0.04000000000000625,0.4757286608219147,0.44276338815689087,0.8692145347595215
20,1337,76,56,kl,81.2,-1.0799999999999983,0.6283227801322937,0.5062717795372009,1.1980210542678833
20,1337,77,57,kl,79.92,-1.2800000000000011,0.483233779668808,0.5036671161651611,1.114397644996643
20,1337,78,58,kl,81.3,1.3799999999999955,0.5203425884246826,0.4360359013080597,0.7327381372451782
20,1337,79,59,kl,79.94,-1.3599999999999994,0.7510823011398315,0.5847495198249817,1.2335186004638672
20,1337,80,60,kl,81.94,2.0,0.4302903413772583,0.43200916051864624,0.825603723526001
20,1337,81,61,kl,81.7,-0.23999999999999488,0.3217851519584656,0.4237824082374573,1.1361980438232422
20,1337,82,62,kl,81.16,-0.5400000000000063,0.5645023584365845,0.44758498668670654,0.8247473835945129
20,1337,83,63,kl,81.86,0.7000000000000028,0.5800435543060303,0.4657955467700958,0.980193018913269
20,1337,84,64,ce,81.8,-0.060000000000002274,0.38648855686187744,0.3859224021434784,1.7853461503982544
20,1337,85,65,kl,81.32,-0.480000000000004,0.4944536089897156,0.44669073820114136,0.9153673648834229
20,1337,86,66,kl,79.94,-1.3799999999999955,0.40916550159454346,0.44239115715026855,0.8385795950889587
20,1337,87,67,kl,81.38,1.4399999999999977,0.4864201247692108,0.4468972384929657,1.1054290533065796
20,1337,88,68,kl,81.52,0.14000000000000057,0.45367804169654846,0.4770229756832123,0.883418083190918
20,1337,89,69,kl,83.02,1.5,0.2898835241794586,0.3721555471420288,0.7306004166603088
20,1337,90,70,kl,81.86,-1.1599999999999966,0.5014586448669434,0.47707781195640564,0.8721131682395935
20,1337,91,71,kl,80.72,-1.1400000000000006,0.6753929853439331,0.49852412939071655,0.9842349886894226
20,1337,92,72,kl,81.34,0.6200000000000045,0.4282659590244293,0.45288383960723877,1.1760882139205933
20,1337,93,73,kl,81.62,0.28000000000000114,0.5077707171440125,0.4199279844760895,0.91917884349823
20,1337,94,74,kl,82.12,0.5,0.5015577077865601,0.4757240116596222,0.955411970615387
20,1337,95,75,kl,81.16,-0.960000000000008,0.4290315806865692,0.4717748761177063,1.0968421697616577
20,1337,96,76,kl,83.1,1.9399999999999977,0.37698161602020264,0.4321776032447815,0.7540090680122375
20,1337,97,77,kl,82.7,-0.3999999999999915,0.528757631778717,0.44785603880882263,0.8729296326637268
20,1337,98,78,kl,81.42,-1.2800000000000011,0.6548585891723633,0.5553176403045654,1.039211630821228
20,1337,99,79,kl,83.42,2.0,0.5873589515686035,0.4679592251777649,1.0802326202392578
20,1337,100,80,kl,81.52,-1.9000000000000057,0.4496372938156128,0.42300650477409363,0.837451159954071
20,1337,101,81,kl,82.68,1.1600000000000108,0.5092872381210327,0.46792301535606384,1.064933180809021
20,1337,102,82,kl,79.62,-3.0600000000000023,0.5349389910697937,0.4853661358356476,1.0122381448745728
20,1337,103,83,kl,82.36,2.739999999999995,0.44892942905426025,0.45411863923072815,0.8314438462257385
20,1337,104,84,kl,81.06,-1.2999999999999972,0.5529851913452148,0.4813397228717804,0.8683391213417053
20,1337,105,85,ce,80.86,-0.20000000000000284,0.2900996804237366,0.41053372621536255,1.7117998600006104
20,1337,106,86,kl,82.72,1.8599999999999994,0.539170503616333,0.4640827178955078,0.9144980907440186
20,1337,107,87,kl,82.6,-0.12000000000000455,0.5461928248405457,0.485115110874176,0.9936833381652832
20,1337,108,88,kl,80.86,-1.7399999999999949,0.5502671003341675,0.4976876378059387,1.117296576499939
20,1337,109,89,kl,82.88,2.019999999999996,0.4594927728176117,0.42538100481033325,0.7216712832450867
20,1337,110,90,kl,82.96,0.0799999999999983,0.5178103446960449,0.4248241186141968,0.8059733510017395
20,1337,111,91,kl,81.9,-1.059999999999988,0.3736794590950012,0.4446656405925751,0.8603351712226868
20,1337,112,92,kl,82.76,0.8599999999999994,0.48410114645957947,0.45648735761642456,0.7912064790725708
20,1337,113,93,kl,82.68,-0.0799999999999983,0.5922931432723999,0.4886023998260498,0.8372166156768799
20,1337,114,94,kl,82.7,0.01999999999999602,0.4263300895690918,0.42364537715911865,0.6979565620422363
20,1337,115,95,kl,80.84,-1.8599999999999994,0.5522045493125916,0.5063871145248413,1.049192190170288
20,1337,116,96,kl,82.26,1.4200000000000017,0.6523216962814331,0.47794198989868164,0.9831650853157043
20,1337,117,97,kl,82.2,-0.060000000000002274,0.424991250038147,0.4676629602909088,0.806028425693512
20,1337,118,98,kl,80.22,-1.980000000000004,0.5422310829162598,0.5212294459342957,1.127848744392395
20,1337,119,99,kl,80.02,-0.20000000000000284,0.5808523893356323,0.5280758142471313,0.9810931086540222
20,1337,120,100,kl,83.18,3.160000000000011,0.41224348545074463,0.44451791048049927,0.9273289442062378
20,1337,121,101,kl,82.1,-1.0800000000000125,0.4221141040325165,0.4553222358226776,1.0122103691101074
20,1337,122,102,kl,81.88,-0.21999999999999886,0.723223865032196,0.6086291074752808,1.0976433753967285
20,1337,123,103,kl,83.0,1.1200000000000045,0.5376624464988708,0.5181953310966492,0.9531834721565247
20,1337,124,104,kl,80.94,-2.0600000000000023,0.5359392166137695,0.5072038769721985,1.0528806447982788
20,1337,125,105,kl,81.98,1.0400000000000063,0.5165430307388306,0.4610329866409302,0.7763269543647766
20,1337,126,106,ce,82.3,0.3199999999999932,0.3051529824733734,0.3436623513698578,1.7744451761245728
20,1337,127,107,kl,80.38,-1.9200000000000017,0.575067400932312,0.5006511807441711,1.00064218044281
20,1337,128,108,kl,81.76,1.3800000000000097,0.5623489618301392,0.46220090985298157,0.8819894790649414
20,1337,129,109,kl,81.3,-0.46000000000000796,0.4986918568611145,0.47132784128189087,0.8241503238677979
20,1337,130,110,kl,81.4,0.10000000000000853,0.7367190718650818,0.5732287168502808,0.9283708333969116
20,1337,131,111,kl,82.34,0.9399999999999977,0.3841729760169983,0.411192387342453,0.7664501070976257
20,1337,132,112,kl,82.44,0.09999999999999432,0.6213561296463013,0.4849897027015686,0.9710068702697754
20,1337,133,113,kl,81.7,-0.7399999999999949,0.583626925945282,0.5184917449951172,1.1444779634475708
20,1337,134,114,kl,81.88,0.1799999999999926,0.3549903631210327,0.4080484211444855,0.9135254621505737
20,1337,135,115,kl,82.3,0.4200000000000017,0.5478504300117493,0.45746633410453796,0.7603877186775208
20,1337,136,116,kl,81.38,-0.9200000000000017,0.586396336555481,0.4667511582374573,0.9310522675514221
20,1337,137,117,kl,82.22,0.8400000000000034,0.48440873622894287,0.4564186930656433,0.8395487666130066
20,1337,138,118,kl,81.54,-0.6799999999999926,0.29342973232269287,0.422820508480072,1.0753260850906372
20,1337,139,119,kl,82.48,0.9399999999999977,0.3884713053703308,0.41547951102256775,0.7450990080833435
20,1337,140,120,kl,82.8,0.3199999999999932,0.45858055353164673,0.4572928845882416,0.9797114729881287
20,1337,141,121,kl,81.7,-1.0999999999999943,0.633111834526062,0.540651798248291,1.055126428604126
20,1337,142,122,kl,81.54,-0.1599999999999966,0.5167924165725708,0.4821076989173889,0.9131839871406555
20,1337,143,123,kl,80.02,-1.5200000000000102,0.5888912677764893,0.5482315421104431,1.0032529830932617
20,1337,144,124,kl,81.92,1.9000000000000057,0.5061768889427185,0.4915284812450409,1.2024306058883667
20,1337,145,125,kl,82.38,0.45999999999999375,0.5151155591011047,0.4818803369998932,0.9554113745689392
20,1337,146,126,kl,81.92,-0.45999999999999375,0.39464443922042847,0.48226985335350037,0.9131166338920593
20,1337,147,127,ce,82.76,0.8400000000000034,0.24094395339488983,0.3588470220565796,1.7550104856491089
20,1337,148,128,kl,82.48,-0.28000000000000114,0.34429267048835754,0.47444334626197815,1.0012547969818115
20,1337,149,129,kl,82.74,0.2599999999999909,0.4443226456642151,0.4422236382961273,0.9078836441040039
20,1337,150,130,kl,78.7,-4.039999999999992,0.6096763610839844,0.5133056044578552,0.8956390023231506
20,1337,151,131,kl,81.8,3.0999999999999943,0.552281379699707,0.504324197769165,1.0608742237091064
20,1337,152,132,kl,81.56,-0.23999999999999488,0.5747628211975098,0.5263262391090393,0.8778238892555237
20,1337,153,133,kl,81.94,0.37999999999999545,0.5869389772415161,0.46143627166748047,1.1614129543304443
20,1337,154,134,kl,82.3,0.35999999999999943,0.3651805818080902,0.4176010489463806,0.6813761591911316
20,1337,155,135,kl,81.62,-0.6799999999999926,0.5409926176071167,0.505513608455658,0.941423237323761
20,1337,156,136,kl,81.72,0.09999999999999432,0.5876564979553223,0.5441750884056091,1.1082799434661865
20,1337,157,137,kl,82.38,0.6599999999999966,0.5992584824562073,0.48997825384140015,0.9369882345199585
20,1337,158,138,kl,82.46,0.0799999999999983,0.4453656077384949,0.4370322525501251,0.66824871301651
20,1337,159,139,kl,80.98,-1.4799999999999898,0.5655593276023865,0.47630155086517334,0.8251391053199768
20,1337,160,140,kl,81.46,0.47999999999998977,0.6052515506744385,0.5015884041786194,1.0850049257278442
20,1337,161,141,kl,82.62,1.1600000000000108,0.5246655941009521,0.4794764816761017,0.8855223059654236
20,1337,162,142,kl,82.28,-0.3400000000000034,0.39183205366134644,0.4134727120399475,0.7893313765525818
20,1337,163,143,kl,82.44,0.1599999999999966,0.4914596676826477,0.4469200670719147,0.9386600255966187
20,1337,164,144,kl,82.88,0.4399999999999977,0.6068708300590515,0.48990529775619507,1.0531980991363525
20,1337,165,145,kl,82.12,-0.7599999999999909,0.4698747396469116,0.4170018136501312,0.7568401098251343
20,1337,166,146,kl,81.86,-0.2600000000000051,0.44152262806892395,0.4477532207965851,0.8472939729690552
20,1337,167,147,kl,81.98,0.12000000000000455,0.5718095302581787,0.48207956552505493,0.8265478610992432
20,1337,168,148,ce,81.06,-0.9200000000000017,0.27482131123542786,0.3686460852622986,1.7360162734985352
20,1337,169,149,kl,82.3,1.2399999999999949,0.4435722231864929,0.4651263952255249,0.940153181552887
20,1337,170,150,kl,82.32,0.01999999999999602,0.37231409549713135,0.42662692070007324,1.0336872339248657
20,1337,171,151,kl,83.04,0.7200000000000131,0.49101388454437256,0.4680196940898895,0.9330488443374634
20,1337,172,152,kl,81.68,-1.3599999999999994,0.5595271587371826,0.47871410846710205,0.8802663683891296
20,1337,173,153,kl,82.62,0.9399999999999977,0.48705461621284485,0.46147680282592773,0.7646839022636414
20,1337,174,154,kl,81.3,-1.3200000000000074,0.5767568349838257,0.4848408102989197,0.9674704074859619
20,1337,175,155,kl,80.38,-0.9200000000000017,0.3797275424003601,0.462880939245224,0.9150673747062683
20,1337,176,156,kl,83.44,3.0600000000000023,0.607740044593811,0.5217381715774536,1.031150460243225
20,1337,177,157,kl,82.66,-0.7800000000000011,0.29150694608688354,0.3999995291233063,0.7880993485450745
20,1337,178,158,kl,81.12,-1.539999999999992,0.558925986289978,0.5052927136421204,0.8755570650100708
20,1337,179,159,kl,82.32,1.1999999999999886,0.48031526803970337,0.4359891712665558,0.8457843065261841
20,1337,180,160,kl,82.42,0.10000000000000853,0.5664479732513428,0.4641363024711609,0.9291812777519226
20,1337,181,161,kl,82.0,-0.4200000000000017,0.5571420192718506,0.5028968453407288,0.9421412348747253
20,1337,182,162,kl,82.08,0.0799999999999983,0.6217288970947266,0.5503150224685669,1.0074509382247925
20,1337,183,163,kl,82.58,0.5,0.4981536865234375,0.4596638083457947,0.8595383763313293
20,1337,184,164,kl,81.7,-0.8799999999999955,0.5824215412139893,0.49991682171821594,0.8916809558868408
20,1337,185,165,kl,81.46,-0.2400000000000091,0.5616850852966309,0.5215252637863159,0.8399354219436646
20,1337,186,166,kl,81.94,0.480000000000004,0.46241068840026855,0.4637810289859772,0.8123557567596436
20,1337,187,167,kl,80.24,-1.7000000000000028,0.5465060472488403,0.5062951445579529,0.9588461518287659
20,1337,188,168,kl,81.8,1.5600000000000023,0.4136398732662201,0.4550023376941681,0.9897028207778931
20,1337,189,169,ce,81.18,-0.6199999999999903,0.350791871547699,0.43061599135398865,1.601554036140442
20,1337,190,170,kl,82.26,1.0799999999999983,0.5759820938110352,0.5387276411056519,1.1453499794006348
20,1337,191,171,kl,81.58,-0.6800000000000068,0.5210154056549072,0.5083419680595398,1.1150195598602295
20,1337,192,172,kl,79.54,-2.039999999999992,0.3895255923271179,0.424441397190094,1.076869010925293
20,1337,193,173,kl,79.32,-0.22000000000001307,0.5871154069900513,0.5065101981163025,0.9918156862258911
20,1337,194,174,kl,80.12,0.8000000000000114,0.4921923875808716,0.4784581661224365,1.0680440664291382
20,1337,195,175,kl,82.72,2.5999999999999943,0.6004736423492432,0.5207750201225281,0.9954719543457031
20,1337,196,176,kl,83.08,0.35999999999999943,0.5035609006881714,0.4449518918991089,0.8960205316543579
20,1337,197,177,kl,82.02,-1.0600000000000023,0.649948000907898,0.5552331209182739,1.0133718252182007
20,1337,198,178,kl,81.58,-0.4399999999999977,0.4088936746120453,0.42573511600494385,0.7988764643669128
20,1337,199,179,kl,82.02,0.4399999999999977,0.38812533020973206,0.4306708872318268,0.7874659895896912
20,1337,200,180,kl,82.5,0.480000000000004,0.5988035202026367,0.4828711152076721,0.8737503886222839
20,1337,201,181,kl,82.92,0.4200000000000017,0.6512227654457092,0.5339252352714539,0.9747250080108643
20,1337,202,182,kl,82.1,-0.8200000000000074,0.561517596244812,0.46190452575683594,0.8685703873634338
20,1337,203,183,kl,82.78,0.6800000000000068,0.6204601526260376,0.5091453790664673,0.8648238182067871
20,1337,204,184,kl,83.16,0.37999999999999545,0.4960273206233978,0.4635218679904938,0.8043212890625
20,1337,205,185,kl,82.74,-0.4200000000000017,0.4726700782775879,0.48936447501182556,1.016377568244934
20,1337,206,186,kl,81.3,-1.4399999999999977,0.5347598195075989,0.4480310380458832,0.9805691242218018
20,1337,207,187,kl,82.3,1.0,0.6816643476486206,0.5414131879806519,1.0687696933746338
20,1337,208,188,kl,82.5,0.20000000000000284,0.48626193404197693,0.46804162859916687,0.8053543567657471
20,1337,209,189,kl,83.36,0.8599999999999994,0.42168518900871277,0.44177570939064026,0.9960184693336487
20,1337,210,190,ce,82.34,-1.019999999999996,0.31167617440223694,0.41191041469573975,1.7140586376190186
20,1337,211,191,kl,81.0,-1.3400000000000034,0.4508610963821411,0.48061686754226685,1.118070363998413
20,1337,212,192,kl,82.88,1.8799999999999955,0.46195557713508606,0.46820420026779175,0.9039938449859619
20,1337,213,193,kl,81.06,-1.8199999999999932,0.6029940843582153,0.5572031736373901,1.055010199546814
20,1337,214,194,kl,81.66,0.5999999999999943,0.4994761645793915,0.4793619215488434,1.0409269332885742
20,1337,215,195,kl,81.7,0.04000000000000625,0.497933566570282,0.46146637201309204,0.9246679544448853
20,1337,216,196,kl,80.72,-0.980000000000004,0.7026075124740601,0.5681606531143188,1.1366000175476074
20,1337,217,197,kl,82.04,1.3200000000000074,0.358404278755188,0.3806588053703308,0.7425370216369629
20,1337,218,198,kl,82.26,0.21999999999999886,0.5257678031921387,0.48698148131370544,1.0412640571594238
20,1337,219,199,kl,81.88,-0.38000000000000966,0.47509872913360596,0.4411059617996216,1.0129798650741577
20,1337,220,200,kl,82.18,0.30000000000001137,0.4497028887271881,0.4404435455799103,0.9936673045158386
20,1337,221,201,kl,82.84,0.6599999999999966,0.5836731195449829,0.47497138381004333,0.8718624114990234
20,1337,222,202,kl,82.54,-0.29999999999999716,0.5363760590553284,0.4732359051704407,0.9054028987884521
20,1337,223,203,kl,81.1,-1.440000000000012,0.581659197807312,0.505283772945404,1.118252158164978
20,1337,224,204,kl,80.68,-0.4199999999999875,0.7335525155067444,0.5808045864105225,1.0604273080825806
20,1337,225,205,kl,82.78,2.0999999999999943,0.6537746787071228,0.5238229632377625,1.0196115970611572
20,1337,226,206,kl,82.78,0.0,0.5453603267669678,0.47496873140335083,1.084428071975708
20,1337,227,207,kl,82.16,-0.6200000000000045,0.6019747257232666,0.49503055214881897,0.9233887195587158
20,1337,228,208,kl,82.62,0.46000000000000796,0.5729313492774963,0.4976233243942261,0.9527230858802795
20,1337,229,209,kl,81.96,-0.6600000000000108,0.49999552965164185,0.4851981997489929,0.901528000831604
20,1337,230,210,kl,82.5,0.5400000000000063,0.6013355255126953,0.47671204805374146,0.8669282793998718
20,1337,231,211,ce,81.88,-0.6200000000000045,0.4675939083099365,0.5025132894515991,1.8365684747695923
20,1337,232,212,kl,81.5,-0.37999999999999545,0.5192838907241821,0.48139113187789917,0.8879473209381104
20,1337,233,213,kl,82.64,1.1400000000000006,0.5361205339431763,0.4537775218486786,0.9198201894760132
20,1337,234,214,kl,82.12,-0.519999999999996,0.6304906010627747,0.49888908863067627,0.9614970684051514
20,1337,235,215,kl,78.94,-3.180000000000007,0.7169777154922485,0.5883076190948486,1.1571487188339233
20,1337,236,216,kl,82.76,3.8200000000000074,0.4806266129016876,0.43783366680145264,0.7869260907173157
20,1337,237,217,kl,83.04,0.28000000000000114,0.5288450121879578,0.4548533856868744,0.7936591506004333
20,1337,238,218,kl,82.66,-0.38000000000000966,0.5044541358947754,0.4502456486225128,0.8530179262161255
20,1337,239,219,kl,84.08,1.4200000000000017,0.38560882210731506,0.38594451546669006,0.8249987959861755
20,1337,240,220,kl,81.66,-2.4200000000000017,0.49746954441070557,0.4747858941555023,0.8859342336654663
20,1337,241,221,kl,82.58,0.9200000000000017,0.2923772931098938,0.4256953299045563,1.0828748941421509
20,1337,242,222,kl,83.46,0.8799999999999955,0.5951759815216064,0.4766649007797241,0.806577742099762
20,1337,243,223,kl,82.54,-0.9199999999999875,0.32254400849342346,0.38676440715789795,0.9834667444229126
20,1337,244,224,kl,81.34,-1.2000000000000028,0.6746997833251953,0.5730747580528259,1.0751214027404785
20,1337,245,225,kl,82.5,1.1599999999999966,0.41782790422439575,0.414093017578125,0.7972331643104553
20,1337,246,226,kl,82.1,-0.4000000000000057,0.6431832313537598,0.4888565242290497,0.9730504751205444
20,1337,247,227,kl,82.42,0.3200000000000074,0.6599522233009338,0.5384615063667297,0.992925226688385
20,1337,248,228,kl,81.62,-0.7999999999999972,0.39245036244392395,0.44540369510650635,1.0635669231414795
20,1337,249,229,kl,82.14,0.519999999999996,0.5403038859367371,0.47372835874557495,0.8240258097648621
20,1337,250,230,kl,81.78,-0.35999999999999943,0.4696402847766876,0.4721647799015045,1.084816336631775
20,1337,251,231,kl,82.18,0.4000000000000057,0.47063544392585754,0.44888147711753845,0.9146415591239929
20,1337,252,232,ce,81.26,-0.9200000000000017,0.21461424231529236,0.3719865679740906,1.3572512865066528
20,1337,253,233,kl,81.98,0.7199999999999989,0.5440412759780884,0.5133318305015564,1.0306555032730103
20,1337,254,234,kl,80.74,-1.240000000000009,0.7204020023345947,0.6174391508102417,1.2148466110229492
20,1337,255,235,kl,81.88,1.1400000000000006,0.5145570635795593,0.5010865926742554,0.8678299188613892
20,1337,256,236,kl,83.76,1.8800000000000097,0.41090086102485657,0.4160577356815338,0.8935778737068176
20,1337,257,237,kl,82.2,-1.5600000000000023,0.6654187440872192,0.5621492266654968,1.1384810209274292
20,1337,258,238,kl,83.0,0.7999999999999972,0.4208943247795105,0.42997899651527405,0.9567570686340332
20,1337,259,239,kl,81.42,-1.5799999999999983,0.5572708249092102,0.5296274423599243,1.2092586755752563
20,1337,260,240,kl,81.72,0.29999999999999716,0.5991947650909424,0.5169441103935242,0.8717859983444214
20,1337,261,241,kl,81.96,0.23999999999999488,0.3413662612438202,0.4147743284702301,0.9805289506912231
20,1337,262,242,kl,81.54,-0.4199999999999875,0.6763491630554199,0.5720875263214111,1.1071316003799438
20,1337,263,243,kl,82.52,0.9799999999999898,0.4785759449005127,0.4694448709487915,0.9364907741546631
20,1337,264,244,kl,82.42,-0.09999999999999432,0.6346132159233093,0.5424737334251404,1.2713021039962769
20,1337,265,245,kl,83.18,0.7600000000000051,0.5229156017303467,0.4643961489200592,0.8291295766830444
20,1337,266,246,kl,83.74,0.5599999999999881,0.40003758668899536,0.47337937355041504,1.0302709341049194
20,1337,267,247,kl,84.04,0.30000000000001137,0.4615446925163269,0.4454459846019745,0.9502778649330139
20,1337,268,248,kl,83.14,-0.9000000000000057,0.5174136161804199,0.4812386631965637,0.9157512187957764
20,1337,269,249,kl,81.86,-1.2800000000000011,0.555060863494873,0.4604409635066986,0.9099560976028442
20,1337,270,250,kl,82.86,1.0,0.5417873859405518,0.4916548728942871,1.0558000802993774
20,1337,271,251,kl,82.86,0.0,0.4125829041004181,0.43026041984558105,0.9013849496841431
20,1337,272,252,kl,83.06,0.20000000000000284,0.5478809475898743,0.4628013074398041,0.8085653781890869
20,1337,273,253,ce,81.34,-1.7199999999999989,0.3206072747707367,0.36981260776519775,1.7125307321548462
20,1337,274,254,kl,82.64,1.2999999999999972,0.6062390208244324,0.5370197296142578,1.1187617778778076
20,1337,275,255,kl,83.0,0.35999999999999943,0.4469565153121948,0.46138378977775574,0.9398112297058105
20,1337,276,256,kl,82.36,-0.6400000000000006,0.6550363302230835,0.4867132604122162,0.9026447534561157
20,1337,277,257,kl,82.8,0.4399999999999977,0.3768066167831421,0.45014825463294983,1.051990032196045
20,1337,278,258,kl,81.32,-1.480000000000004,0.6123011112213135,0.4914214015007019,0.8822692036628723
20,1337,279,259,kl,81.78,0.46000000000000796,0.41016262769699097,0.4167066812515259,1.0439766645431519
20,1337,280,260,kl,80.92,-0.8599999999999994,0.4930286407470703,0.4711741507053375,1.016122579574585
20,1337,281,261,kl,80.98,0.060000000000002274,0.6306560039520264,0.5481445789337158,1.074534296989441
20,1337,282,262,kl,81.58,0.5999999999999943,0.40921691060066223,0.4417482912540436,0.8276854753494263
20,1337,283,263,kl,82.0,0.4200000000000017,0.31360065937042236,0.43557682633399963,0.9427788853645325
20,1337,284,264,kl,80.1,-1.9000000000000057,0.6577866077423096,0.5304787158966064,0.9376018643379211
20,1337,285,265,kl,82.14,2.0400000000000063,0.6227551698684692,0.5250917077064514,0.9442781209945679
20,1337,286,266,kl,81.76,-0.37999999999999545,0.5826945304870605,0.5019700527191162,1.0191386938095093
20,1337,287,267,kl,83.14,1.3799999999999955,0.5591539144515991,0.4339689314365387,0.7791981101036072
20,1337,288,268,kl,83.66,0.519999999999996,0.37701624631881714,0.4244250953197479,0.8617369532585144
20,1337,289,269,kl,81.94,-1.7199999999999989,0.5005483031272888,0.4805726408958435,0.8163728713989258
20,1337,290,270,kl,81.54,-0.3999999999999915,0.44214004278182983,0.4412592351436615,0.9070988297462463
20,1337,291,271,kl,82.44,0.8999999999999915,0.5753051042556763,0.5044060349464417,0.7932554483413696
20,1337,292,272,kl,81.8,-0.6400000000000006,0.6031438708305359,0.521293580532074,0.8980255126953125
20,1337,293,273,kl,83.16,1.3599999999999994,0.4309574365615845,0.4565240442752838,0.8461459279060364
20,1337,294,274,ce,82.86,-0.29999999999999716,0.2742075026035309,0.3722231090068817,1.762290120124817
20,1337,295,275,kl,82.64,-0.21999999999999886,0.42746102809906006,0.4052022099494934,1.019873023033142
20,1337,296,276,kl,81.6,-1.0400000000000063,0.5577044486999512,0.49257123470306396,0.9823243021965027
20,1337,297,277,kl,81.28,-0.3199999999999932,0.6658748388290405,0.55787193775177,1.0621943473815918
20,1337,298,278,kl,82.84,1.5600000000000023,0.5586950778961182,0.4886372983455658,0.9486114978790283
20,1337,299,279,kl,82.4,-0.4399999999999977,0.5034513473510742,0.4307582676410675,0.8616555333137512
20,1337,300,280,kl,81.1,-1.3000000000000114,0.471190869808197,0.5189595818519592,1.0602279901504517
20,1337,301,281,kl,81.98,0.8800000000000097,0.5316953659057617,0.4972647428512573,0.8510531187057495
20,1337,302,282,kl,80.26,-1.7199999999999989,0.6401890516281128,0.5556412935256958,1.273407220840454
20,1337,303,283,kl,82.22,1.9599999999999937,0.4158700406551361,0.42538589239120483,0.7302436828613281
20,1337,304,284,kl,80.98,-1.2399999999999949,0.4275566637516022,0.4691708981990814,1.015763521194458
20,1337,305,285,kl,82.3,1.3199999999999932,0.48021721839904785,0.458639532327652,1.000406265258789
20,1337,306,286,kl,80.8,-1.5,0.6385955810546875,0.5452806353569031,1.0093059539794922
20,1337,307,287,kl,80.46,-0.3400000000000034,0.4499386250972748,0.4430951774120331,1.0926060676574707
20,1337,308,288,kl,82.22,1.7600000000000051,0.3830112814903259,0.4218520522117615,0.9830602407455444
20,1337,309,289,kl,82.48,0.2600000000000051,0.6701635122299194,0.524647057056427,0.9547315239906311
20,1337,310,290,kl,81.92,-0.5600000000000023,0.7020946741104126,0.5323231220245361,0.8998612761497498
20,1337,311,291,kl,81.18,-0.7399999999999949,0.6665492057800293,0.5868051648139954,1.2266862392425537
20,1337,312,292,kl,81.9,0.7199999999999989,0.5153791904449463,0.47191470861434937,0.8861681222915649
20,1337,313,293,kl,82.9,1.0,0.39149823784828186,0.43161728978157043,0.9345924854278564
20,1337,314,294,kl,83.48,0.5799999999999983,0.4204871952533722,0.42851340770721436,0.8355279564857483
20,1337,315,295,ce,82.68,-0.7999999999999972,0.20043468475341797,0.3593406677246094,1.5833934545516968
20,1337,316,296,kl,81.96,-0.7200000000000131,0.4467412233352661,0.4505065977573395,0.9034297466278076
20,1337,317,297,kl,82.48,0.5200000000000102,0.6068091988563538,0.4982985854148865,0.9860413074493408
20,1337,318,298,kl,83.04,0.5600000000000023,0.33717167377471924,0.434853196144104,0.8019901514053345
20,1337,319,299,kl,81.62,-1.4200000000000017,0.5157740116119385,0.46599483489990234,0.9451102018356323
20,1337,320,300,kl,82.14,0.519999999999996,0.5703374147415161,0.5005994439125061,0.9209160208702087
20,1337,321,301,kl,83.06,0.9200000000000017,0.5268082618713379,0.4729783535003662,0.775187075138092
20,1337,322,302,kl,80.66,-2.4000000000000057,0.527739942073822,0.5000753998756409,0.8787318468093872
20,1337,323,303,kl,82.84,2.180000000000007,0.4509902596473694,0.4681791365146637,1.0152509212493896
20,1337,324,304,kl,83.02,0.1799999999999926,0.706868588924408,0.5547569394111633,1.1187548637390137
20,1337,325,305,kl,81.28,-1.7399999999999949,0.48168399930000305,0.4564524292945862,0.945125937461853
20,1337,326,306,kl,81.44,0.1599999999999966,0.7237981557846069,0.5319455862045288,1.0789300203323364
20,1337,327,307,kl,82.66,1.2199999999999989,0.4548467993736267,0.4424048960208893,0.7727663516998291
20,1337,328,308,kl,81.74,-0.9200000000000017,0.6300448179244995,0.5313509106636047,0.9665039777755737
20,1337,329,309,kl,82.72,0.980000000000004,0.31577885150909424,0.41460368037223816,0.8287954330444336
20,1337,330,310,kl,80.84,-1.8799999999999955,0.684389591217041,0.5671496391296387,1.165320873260498
20,1337,331,311,kl,81.36,0.519999999999996,0.4321098327636719,0.4569963216781616,0.9345337748527527
20,1337,332,312,kl,81.7,0.3400000000000034,0.5142738819122314,0.4577087163925171,1.0686061382293701
20,1337,333,313,kl,82.16,0.45999999999999375,0.5485384464263916,0.456963449716568,0.8980165719985962
20,1337,334,314,kl,82.62,0.46000000000000796,0.4176573157310486,0.450691819190979,0.8626881837844849
20,1337,335,315,kl,81.78,-0.8400000000000034,0.6138193607330322,0.4787023365497589,1.091299295425415
20,1337,336,316,ce,82.02,0.23999999999999488,0.31454306840896606,0.4151366949081421,1.3987939357757568
20,1337,337,317,kl,80.96,-1.0600000000000023,0.48162680864334106,0.47967952489852905,0.9538331627845764
20,1337,338,318,kl,81.96,1.0,0.6537225246429443,0.5367499589920044,0.9391639828681946
20,1337,339,319,kl,81.68,-0.2799999999999869,0.4333485960960388,0.4657972455024719,0.985297441482544
20,1337,340,320,kl,79.28,-2.4000000000000057,0.6164439916610718,0.5448148846626282,1.1084442138671875
20,1337,341,321,kl,81.5,2.219999999999999,0.5162943005561829,0.48358163237571716,0.9851350784301758
20,1337,342,322,kl,81.72,0.21999999999999886,0.5228391885757446,0.47112902998924255,0.9514604210853577
20,1337,343,323,kl,82.74,1.019999999999996,0.5380071997642517,0.5066162943840027,1.2846659421920776
20,1337,344,324,kl,82.92,0.18000000000000682,0.33317869901657104,0.41301068663597107,0.9031643867492676
20,1337,345,325,kl,82.18,-0.7399999999999949,0.522023618221283,0.48414215445518494,0.8926029205322266
20,1337,346,326,kl,81.04,-1.1400000000000006,0.5780057311058044,0.4907836616039276,1.0682594776153564
20,1337,347,327,kl,81.74,0.6999999999999886,0.44325363636016846,0.4336492717266083,0.8652595281600952
20,1337,348,328,kl,83.46,1.7199999999999989,0.40492957830429077,0.4282331168651581,0.8833736181259155
20,1337,349,329,kl,82.68,-0.7799999999999869,0.6362144947052002,0.5269379615783691,1.0212340354919434
20,1337,350,330,kl,82.7,0.01999999999999602,0.4958643913269043,0.46796637773513794,0.8149406909942627
20,1337,351,331,kl,79.86,-2.8400000000000034,0.5490224957466125,0.4957350790500641,1.0740708112716675
20,1337,352,332,kl,83.2,3.3400000000000034,0.37637537717819214,0.40591931343078613,0.8281107544898987
20,1337,353,333,kl,83.42,0.21999999999999886,0.6242316961288452,0.5193261504173279,0.909512996673584
20,1337,354,334,kl,83.16,-0.2600000000000051,0.5701194405555725,0.45764535665512085,0.8490127921104431
20,1337,355,335,kl,83.56,0.4000000000000057,0.38079410791397095,0.4031488001346588,0.8139510750770569
20,1337,356,336,kl,82.52,-1.0400000000000063,0.5114040374755859,0.47306108474731445,0.9285492300987244
20,1337,357,337,ce,81.82,-0.7000000000000028,0.2855450510978699,0.4212598502635956,1.7964848279953003
20,1337,358,338,kl,81.88,0.060000000000002274,0.34223809838294983,0.45559605956077576,0.9834215641021729
20,1337,359,339,kl,83.1,1.2199999999999989,0.5039734244346619,0.462980717420578,0.8682617545127869
20,1337,360,340,kl,82.12,-0.9799999999999898,0.6642100811004639,0.5137717723846436,0.823815643787384
20,1337,361,341,kl,82.4,0.28000000000000114,0.555530309677124,0.5001979470252991,0.886101484298706
20,1337,362,342,kl,81.24,-1.1600000000000108,0.5469791889190674,0.4707275629043579,1.0039973258972168
20,1337,363,343,kl,81.88,0.6400000000000006,0.5765228867530823,0.47659996151924133,0.858954906463623
20,1337,364,344,kl,82.82,0.9399999999999977,0.5673454999923706,0.4567880630493164,0.8693367838859558
20,1337,365,345,kl,81.4,-1.4199999999999875,0.6706739664077759,0.5259548425674438,0.8267075419425964
20,1337,366,346,kl,79.86,-1.5400000000000063,0.7236519455909729,0.6147209405899048,1.1744543313980103
20,1337,367,347,kl,82.98,3.1200000000000045,0.5712676644325256,0.4834955334663391,0.8023409843444824
20,1337,368,348,kl,82.92,-0.060000000000002274,0.4782997667789459,0.4383980333805084,0.923858106136322
20,1337,369,349,kl,81.22,-1.7000000000000028,0.6975901126861572,0.5692428946495056,0.9703357815742493
20,1337,370,350,kl,82.78,1.5600000000000023,0.5847502946853638,0.45966413617134094,0.8627336025238037
20,1337,371,351,kl,82.72,-0.060000000000002274,0.4666440784931183,0.44917580485343933,0.8047053217887878
20,1337,372,352,kl,83.04,0.3200000000000074,0.5043516755104065,0.4438651204109192,0.7612396478652954
20,1337,373,353,kl,83.34,0.29999999999999716,0.37549322843551636,0.4408026337623596,0.812300443649292
20,1337,374,354,kl,82.44,-0.9000000000000057,0.5368032455444336,0.47546350955963135,0.9858762621879578
20,1337,375,355,kl,81.46,-0.980000000000004,0.7128362655639648,0.5592501759529114,0.9388225078582764
20,1337,376,356,kl,83.0,1.5400000000000063,0.6457442045211792,0.5285791158676147,1.04166579246521
20,1337,377,357,kl,81.64,-1.3599999999999994,0.6637352108955383,0.5670492649078369,1.002923607826233
20,1337,378,358,ce,82.72,1.0799999999999983,0.23043060302734375,0.3703102767467499,1.4436192512512207
20,1337,379,359,kl,82.02,-0.7000000000000028,0.5652452707290649,0.5105055570602417,0.984656035900116
20,1337,380,360,kl,81.58,-0.4399999999999977,0.6240929365158081,0.511677086353302,0.9061038494110107
20,1337,381,361,kl,83.2,1.6200000000000045,0.40020623803138733,0.4175594449043274,0.8126733899116516
20,1337,382,362,kl,83.92,0.7199999999999989,0.5564500689506531,0.46356919407844543,1.007171630859375
20,1337,383,363,kl,83.14,-0.7800000000000011,0.5043455362319946,0.4878942370414734,0.8882653117179871
20,1337,384,364,kl,82.16,-0.980000000000004,0.6536213159561157,0.5665265917778015,0.9831203818321228
20,1337,385,365,kl,82.36,0.20000000000000284,0.6561923027038574,0.5519716739654541,1.0921907424926758
20,1337,386,366,kl,81.38,-0.980000000000004,0.5250763297080994,0.49000513553619385,0.8937435150146484
20,1337,387,367,kl,82.46,1.0799999999999983,0.445911169052124,0.46277469396591187,1.0481339693069458
20,1337,388,368,kl,82.92,0.46000000000000796,0.326536625623703,0.4024065434932709,0.8978416919708252
20,1337,389,369,kl,80.08,-2.8400000000000034,0.5782970786094666,0.5069509744644165,1.0816121101379395
20,1337,390,370,kl,81.58,1.5,0.6069375276565552,0.5001686811447144,0.9881704449653625
20,1337,391,371,kl,83.1,1.519999999999996,0.36803215742111206,0.39188677072525024,0.9326223731040955
20,1337,392,372,kl,82.94,-0.1599999999999966,0.5071104764938354,0.46899211406707764,0.8880091905593872
20,1337,393,373,kl,82.3,-0.6400000000000006,0.5185025334358215,0.48057350516319275,0.8567546606063843
20,1337,394,374,kl,82.18,-0.11999999999999034,0.46766579151153564,0.45593443512916565,0.9777740836143494
20,1337,395,375,kl,83.9,1.7199999999999989,0.46614062786102295,0.45980462431907654,0.8272244334220886
20,1337,396,376,kl,82.12,-1.7800000000000011,0.3902378976345062,0.45877814292907715,0.9626876711845398
20,1337,397,377,kl,81.7,-0.4200000000000017,0.5045753121376038,0.4556291997432709,0.9455932378768921
20,1337,398,378,kl,82.3,0.5999999999999943,0.6205166578292847,0.5125267505645752,0.9429372549057007
20,1337,399,379,ce,81.72,-0.5799999999999983,0.27087658643722534,0.37078937888145447,1.7073087692260742
20,1337,400,380,kl,82.3,0.5799999999999983,0.5226145386695862,0.48836708068847656,1.0835376977920532
20,1337,401,381,kl,81.22,-1.0799999999999983,0.5601717233657837,0.5072857141494751,0.9666613340377808
20,1337,402,382,kl,81.68,0.46000000000000796,0.5562907457351685,0.4996463656425476,1.0001590251922607
20,1337,403,383,kl,82.24,0.5599999999999881,0.6088008880615234,0.5173608064651489,0.9727990627288818
20,1337,404,384,kl,82.88,0.6400000000000006,0.41391634941101074,0.4431687891483307,0.7921044230461121
20,1337,405,385,kl,81.84,-1.039999999999992,0.5226165652275085,0.5579227209091187,1.0234086513519287
20,1337,406,386,kl,81.98,0.14000000000000057,0.5554322004318237,0.47613760828971863,0.8630062937736511
20,1337,407,387,kl,82.36,0.37999999999999545,0.6211026310920715,0.48447486758232117,0.9512338638305664
20,1337,408,388,kl,82.4,0.04000000000000625,0.5190466642379761,0.47518035769462585,0.7921329736709595
20,1337,409,389,kl,81.72,-0.6800000000000068,0.4733384847640991,0.47465166449546814,1.0677865743637085
20,1337,410,390,kl,82.84,1.1200000000000045,0.5415531992912292,0.47057491540908813,0.8512669205665588
20,1337,411,391,kl,81.1,-1.740000000000009,0.6112039089202881,0.5055562853813171,0.9764906167984009
20,1337,412,392,kl,81.44,0.3400000000000034,0.33579951524734497,0.4065181016921997,0.898330807685852
20,1337,413,393,kl,82.32,0.8799999999999955,0.4159662425518036,0.45935487747192383,0.9213578701019287
20,1337,414,394,kl,81.4,-0.9199999999999875,0.6135001182556152,0.5415999889373779,1.0166457891464233
20,1337,415,395,kl,82.22,0.8199999999999932,0.4923285245895386,0.49911734461784363,1.0534415245056152
20,1337,416,396,kl,81.72,-0.5,0.5461477041244507,0.4971306025981903,1.0714572668075562
20,1337,417,397,kl,79.36,-2.3599999999999994,0.614170491695404,0.5674648284912109,1.2153810262680054
20,1337,418,398,kl,82.46,3.0999999999999943,0.578667163848877,0.503843367099762,0.8531922101974487
20,1337,419,399,kl,81.5,-0.9599999999999937,0.6032842397689819,0.5230571627616882,0.9447658061981201
20,1337,420,400,ce,82.94,1.4399999999999977,0.23894654214382172,0.3355981707572937,1.7736910581588745
20,42,1,-19,kl,34.46,25.04,0.6687896251678467,1.0038710832595825,1.3627456426620483
20,42,2,-18,kl,48.82,14.36,0.632181704044342,0.6728265285491943,1.1822742223739624
20,42,3,-17,kl,51.92,3.1000000000000014,0.2867654263973236,0.5274187922477722,1.4177672863006592
20,42,4,-16,kl,60.56,8.64,0.5899580121040344,0.5655304789543152,1.3305251598358154
20,42,5,-15,kl,67.3,6.739999999999995,0.41566020250320435,0.4851645529270172,1.1536452770233154
20,42,6,-14,kl,69.68,2.3800000000000097,0.6253966093063354,0.5148114562034607,1.048170566558838
20,42,7,-13,kl,69.2,-0.480000000000004,0.5392330288887024,0.5087290406227112,1.0736106634140015
20,42,8,-12,kl,72.56,3.3599999999999994,0.3942795991897583,0.43015533685684204,1.0427221059799194
20,42,9,-11,kl,72.96,0.3999999999999915,0.6864447593688965,0.5134488940238953,1.0572832822799683
20,42,10,-10,kl,75.3,2.3400000000000034,0.6618547439575195,0.48985618352890015,1.0703048706054688
20,42,11,-9,kl,76.52,1.2199999999999989,0.41341283917427063,0.38971325755119324,0.7747809886932373
20,42,12,-8,kl,75.6,-0.9200000000000017,0.5209949016571045,0.5260429978370667,1.2101539373397827
20,42,13,-7,kl,77.42,1.8200000000000074,0.5224659442901611,0.453568696975708,0.9836591482162476
20,42,14,-6,kl,77.24,-0.18000000000000682,0.47806552052497864,0.44262439012527466,0.754249095916748
20,42,15,-5,kl,78.08,0.8400000000000034,0.6506167650222778,0.5842506885528564,1.1688814163208008
20,42,16,-4,kl,77.32,-0.7600000000000051,0.4041104316711426,0.4510308504104614,1.0775563716888428
20,42,17,-3,kl,77.16,-0.1599999999999966,0.43018490076065063,0.49622902274131775,1.065908432006836
20,42,18,-2,kl,78.64,1.480000000000004,0.5600941181182861,0.4582681655883789,0.9135755896568298
20,42,19,-1,kl,78.94,0.29999999999999716,0.41391831636428833,0.47433674335479736,1.0875158309936523
20,42,20,0,kl,78.42,-0.519999999999996,0.6232045888900757,0.539836049079895,1.092128038406372
20,42,21,1,ce,80.92,2.5,0.2232152670621872,0.3540574312210083,2.004910945892334
20,42,22,2,kl,79.56,-1.3599999999999994,0.4555498957633972,0.4386555254459381,0.828725278377533
20,42,23,3,kl,79.84,0.28000000000000114,0.628510057926178,0.46744415163993835,0.8641951084136963
20,42,24,4,kl,78.5,-1.3400000000000034,0.47680729627609253,0.4521678686141968,1.0194114446640015
20,42,25,5,kl,79.18,0.6800000000000068,0.451081246137619,0.44781097769737244,1.1600826978683472
20,42,26,6,kl,76.56,-2.6200000000000045,0.6163709163665771,0.5673240423202515,1.255742073059082
20,42,27,7,kl,80.08,3.519999999999996,0.6422086954116821,0.548482358455658,1.1496669054031372
20,42,28,8,kl,79.58,-0.5,0.4475696086883545,0.47527462244033813,1.0095781087875366
20,42,29,9,kl,80.36,0.7800000000000011,0.6947452425956726,0.564100444316864,1.0273634195327759
20,42,30,10,kl,81.58,1.2199999999999989,0.6862653493881226,0.5153695940971375,0.8969371914863586
20,42,31,11,kl,81.38,-0.20000000000000284,0.4367300570011139,0.44121626019477844,0.9869371652603149
20,42,32,12,kl,81.76,0.38000000000000966,0.5080341100692749,0.43843886256217957,0.782806396484375
20,42,33,13,kl,80.48,-1.2800000000000011,0.34966525435447693,0.45275765657424927,1.0686225891113281
20,42,34,14,kl,80.58,0.09999999999999432,0.35570958256721497,0.4583371579647064,1.1450395584106445
20,42,35,15,kl,81.46,0.8799999999999955,0.5354441404342651,0.4999640882015228,0.9436435103416443
20,42,36,16,kl,81.28,-0.1799999999999926,0.5332149267196655,0.4831776022911072,1.0058369636535645
20,42,37,17,kl,81.38,0.09999999999999432,0.3510568141937256,0.4291330873966217,0.8931127190589905
20,42,38,18,kl,81.14,-0.23999999999999488,0.551903247833252,0.4864954948425293,1.0110622644424438
20,42,39,19,kl,79.88,-1.2600000000000051,0.7263104915618896,0.5461860299110413,0.9070590734481812
20,42,40,20,kl,78.64,-1.2399999999999949,0.6522696018218994,0.6100203394889832,1.2996331453323364
20,42,41,21,kl,82.12,3.480000000000004,0.5194262862205505,0.4556178152561188,0.7618036270141602
20,42,42,22,ce,83.02,0.8999999999999915,0.18205714225769043,0.33113279938697815,1.7870982885360718
20,42,43,23,kl,80.1,-2.9200000000000017,0.6670396327972412,0.5799223780632019,1.2383211851119995
20,42,44,24,kl,81.04,0.9400000000000119,0.613589882850647,0.5191899538040161,0.9461784362792969
20,42,45,25,kl,80.48,-0.5600000000000023,0.7476490139961243,0.622303307056427,1.3326592445373535
20,42,46,26,kl,82.36,1.8799999999999955,0.6999220848083496,0.5515776872634888,0.9732418656349182
20,42,47,27,kl,81.46,-0.9000000000000057,0.5994346141815186,0.5092821717262268,1.1118664741516113
20,42,48,28,kl,83.02,1.5600000000000023,0.373248428106308,0.4212971031665802,0.732109785079956
20,42,49,29,kl,82.12,-0.8999999999999915,0.5826183557510376,0.5020515322685242,0.8484355211257935
20,42,50,30,kl,82.04,-0.0799999999999983,0.5826844573020935,0.4902106523513794,0.9042262434959412
20,42,51,31,kl,80.68,-1.3599999999999994,0.28063374757766724,0.4203146696090698,1.0417792797088623
20,42,52,32,kl,79.44,-1.240000000000009,0.7048447132110596,0.6603632569313049,1.3687609434127808
20,42,53,33,kl,80.98,1.5400000000000063,0.6555517911911011,0.5555806756019592,1.2247954607009888
20,42,54,34,kl,81.22,0.23999999999999488,0.4827355444431305,0.5095799565315247,1.0847179889678955
20,42,55,35,kl,82.38,1.1599999999999966,0.6015433669090271,0.5127597451210022,1.1085764169692993
20,42,56,36,kl,81.9,-0.47999999999998977,0.4791736602783203,0.4647769629955292,0.9999560713768005
20,42,57,37,kl,81.38,-0.5200000000000102,0.5976516008377075,0.4992343485355377,1.031320571899414
20,42,58,38,kl,81.12,-0.2599999999999909,0.6063902974128723,0.5425610542297363,1.161228895187378
20,42,59,39,kl,82.0,0.8799999999999955,0.6505708694458008,0.48397406935691833,0.866531491279602
20,42,60,40,kl,81.44,-0.5600000000000023,0.6181268692016602,0.5125267505645752,1.002547025680542
20,42,61,41,kl,82.82,1.3799999999999955,0.38276246190071106,0.43448445200920105,0.7747750878334045
20,42,62,42,kl,81.24,-1.5799999999999983,0.5382065773010254,0.4747900366783142,0.8904885053634644
20,42,63,43,ce,81.74,0.5,0.2674708068370819,0.39504915475845337,1.8074427843093872
20,42,64,44,kl,82.44,0.7000000000000028,0.40026211738586426,0.43686750531196594,0.8579919934272766
20,42,65,45,kl,82.1,-0.3400000000000034,0.2850707471370697,0.4291726350784302,1.0239646434783936
20,42,66,46,kl,81.8,-0.29999999999999716,0.47172248363494873,0.46572914719581604,1.0861058235168457
20,42,67,47,kl,80.78,-1.019999999999996,0.6007634401321411,0.531535804271698,0.9471161365509033
20,42,68,48,kl,82.32,1.539999999999992,0.4892982244491577,0.46838387846946716,0.9135910272598267
20,42,69,49,kl,83.32,1.0,0.5773828029632568,0.47440531849861145,0.7318244576454163
20,42,70,50,kl,82.92,-0.3999999999999915,0.6700838804244995,0.5495483875274658,1.0223586559295654
20,42,71,51,kl,81.42,-1.5,0.5342703461647034,0.492374986410141,0.899213433265686
20,42,72,52,kl,81.68,0.2600000000000051,0.6469110250473022,0.563714325428009,1.1135927438735962
20,42,73,53,kl,82.3,0.6199999999999903,0.4323854446411133,0.47644850611686707,0.8323422074317932
20,42,74,54,kl,83.56,1.2600000000000051,0.5339603424072266,0.49853119254112244,0.9447057247161865
20,42,75,55,kl,82.46,-1.1000000000000085,0.4934956729412079,0.4576820731163025,0.9486114978790283
20,42,76,56,kl,82.36,-0.09999999999999432,0.5198141932487488,0.4887745678424835,0.9788904190063477
20,42,77,57,kl,84.12,1.7600000000000051,0.5746023654937744,0.45716655254364014,0.839090883731842
20,42,78,58,kl,82.82,-1.3000000000000114,0.47416138648986816,0.4619298577308655,0.9298743605613708
20,42,79,59,kl,82.46,-0.35999999999999943,0.45605629682540894,0.4945000112056732,1.0539524555206299
20,42,80,60,kl,83.04,0.5800000000000125,0.440436989068985,0.4626547396183014,0.9533988237380981
20,42,81,61,kl,81.5,-1.5400000000000063,0.4242798686027527,0.4717024266719818,0.8360358476638794
20,42,82,62,kl,82.24,0.7399999999999949,0.5824029445648193,0.5254793167114258,1.0696355104446411
20,42,83,63,kl,83.48,1.240000000000009,0.5745258331298828,0.4953899085521698,0.9804010987281799
20,42,84,64,ce,83.28,-0.20000000000000284,0.21013687551021576,0.37882980704307556,1.592856526374817
20,42,85,65,kl,81.32,-1.960000000000008,0.49146026372909546,0.5145595073699951,0.9767118692398071
20,42,86,66,kl,83.18,1.8600000000000136,0.41902756690979004,0.42923399806022644,0.8195415735244751
20,42,87,67,kl,81.96,-1.220000000000013,0.5716529488563538,0.5303671956062317,1.179060459136963
20,42,88,68,kl,81.8,-0.1599999999999966,0.5755904912948608,0.5109954476356506,1.0625133514404297
20,42,89,69,kl,83.0,1.2000000000000028,0.6146620512008667,0.5347941517829895,0.9818314909934998
20,42,90,70,kl,82.78,-0.21999999999999886,0.3750150203704834,0.44509652256965637,0.8054909706115723
20,42,91,71,kl,81.56,-1.2199999999999989,0.5283752679824829,0.49047085642814636,0.9633135199546814
20,42,92,72,kl,81.32,-0.2400000000000091,0.546410083770752,0.5006474852561951,0.9998030662536621
20,42,93,73,kl,81.44,0.12000000000000455,0.6643674373626709,0.576454758644104,1.0727416276931763
20,42,94,74,kl,82.9,1.460000000000008,0.546485185623169,0.4679121673107147,0.7765913605690002
20,42,95,75,kl,78.46,-4.440000000000012,0.6290587782859802,0.5381172299385071,1.3386584520339966
20,42,96,76,kl,83.24,4.780000000000001,0.6192346215248108,0.5145024061203003,0.877694845199585
20,42,97,77,kl,81.68,-1.559999999999988,0.6404580473899841,0.5563724637031555,1.0436378717422485
20,42,98,78,kl,82.88,1.1999999999999886,0.29033762216567993,0.43777692317962646,0.8784632682800293
20,42,99,79,kl,82.96,0.0799999999999983,0.6925678253173828,0.5948359966278076,1.2507834434509277
20,42,100,80,kl,82.88,-0.0799999999999983,0.38380303978919983,0.43166399002075195,0.9844366312026978
20,42,101,81,kl,82.06,-0.8199999999999932,0.5969582796096802,0.5259206891059875,1.0844935178756714
20,42,102,82,kl,83.5,1.4399999999999977,0.48990869522094727,0.4649799168109894,0.9214087128639221
20,42,103,83,kl,82.34,-1.1599999999999966,0.6771613359451294,0.5601924061775208,0.9170546531677246
20,42,104,84,kl,81.96,-0.38000000000000966,0.7207750082015991,0.5817005038261414,1.3005231618881226
20,42,105,85,ce,82.9,0.9400000000000119,0.20322205126285553,0.3547004461288452,1.7493607997894287
20,42,106,86,kl,82.08,-0.8200000000000074,0.5588714480400085,0.4878638982772827,0.8969398140907288
20,42,107,87,kl,77.92,-4.159999999999997,0.6525164842605591,0.660668134689331,1.4164572954177856
20,42,108,88,kl,83.0,5.079999999999998,0.5462592840194702,0.4639507532119751,1.0430198907852173
20,42,109,89,kl,82.5,-0.5,0.4701223373413086,0.4687761962413788,0.7958940863609314
20,42,110,90,kl,83.06,0.5600000000000023,0.2930903434753418,0.4108591079711914,0.9473820328712463
20,42,111,91,kl,83.46,0.3999999999999915,0.5356928110122681,0.47497883439064026,0.7928259372711182
20,42,112,92,kl,80.86,-2.5999999999999943,0.5829212665557861,0.49444374442100525,0.9626407623291016
20,42,113,93,kl,80.72,-0.14000000000000057,0.7068515419960022,0.6255336403846741,1.150481104850769
20,42,114,94,kl,82.64,1.9200000000000017,0.5590192079544067,0.4816862642765045,0.8138706088066101
20,42,115,95,kl,83.22,0.5799999999999983,0.602289080619812,0.49300408363342285,0.8955492377281189
20,42,116,96,kl,82.56,-0.6599999999999966,0.516876757144928,0.46177324652671814,0.8923429250717163
20,42,117,97,kl,82.76,0.20000000000000284,0.6468859910964966,0.571253776550293,1.1571446657180786
20,42,118,98,kl,82.64,-0.12000000000000455,0.6286858320236206,0.5636242628097534,1.1466877460479736
20,42,119,99,kl,81.04,-1.5999999999999943,0.6529719829559326,0.5607516765594482,1.2020357847213745
20,42,120,100,kl,81.22,0.1799999999999926,0.6295284032821655,0.5124571919441223,0.9336134195327759
20,42,121,101,kl,82.34,1.1200000000000045,0.3891233205795288,0.45020636916160583,0.9356449246406555
20,42,122,102,kl,83.36,1.019999999999996,0.6215118765830994,0.5175111293792725,0.8769611716270447
20,42,123,103,kl,82.98,-0.37999999999999545,0.4060218334197998,0.45786818861961365,0.9688202738761902
20,42,124,104,kl,81.22,-1.7600000000000051,0.6020946502685547,0.5230340957641602,0.9436856508255005
20,42,125,105,kl,81.66,0.4399999999999977,0.6245014667510986,0.5433876514434814,0.9406670928001404
20,42,126,106,ce,83.44,1.7800000000000011,0.3118894100189209,0.38473889231681824,1.6782810688018799
20,42,127,107,kl,83.06,-0.37999999999999545,0.5479826927185059,0.49567270278930664,0.9391517639160156
20,42,128,108,kl,82.6,-0.46000000000000796,0.5733418464660645,0.49960505962371826,0.726299524307251
20,42,129,109,kl,82.14,-0.45999999999999375,0.5717798471450806,0.5064323544502258,1.0398635864257812
20,42,130,110,kl,81.74,-0.4000000000000057,0.5445013642311096,0.4915182590484619,0.9915787577629089
20,42,131,111,kl,83.32,1.5799999999999983,0.5760171413421631,0.5166754722595215,0.8715611100196838
20,42,132,112,kl,83.3,-0.01999999999999602,0.43233758211135864,0.48221465945243835,1.0644785165786743
20,42,133,113,kl,83.78,0.480000000000004,0.4893260896205902,0.4577593505382538,0.843084990978241
20,42,134,114,kl,82.8,-0.980000000000004,0.4694535732269287,0.4638788104057312,1.0145951509475708
20,42,135,115,kl,82.9,0.10000000000000853,0.42554619908332825,0.4130341708660126,0.8797956109046936
20,42,136,116,kl,83.36,0.45999999999999375,0.41413214802742004,0.4642976224422455,0.9883476495742798
20,42,137,117,kl,81.8,-1.5600000000000023,0.6384178400039673,0.5736029744148254,1.062965989112854
20,42,138,118,kl,81.74,-0.060000000000002274,0.6533955335617065,0.5569489598274231,0.980361819267273
20,42,139,119,kl,84.12,2.3800000000000097,0.4522950053215027,0.472674697637558,0.8920968770980835
20,42,140,120,kl,82.36,-1.7600000000000051,0.3242105543613434,0.4280332326889038,0.9622713327407837
20,42,141,121,kl,82.96,0.5999999999999943,0.5266438722610474,0.5100902915000916,0.9180217981338501
20,42,142,122,kl,83.66,0.7000000000000028,0.5415730476379395,0.4891386926174164,0.9633401036262512
20,42,143,123,kl,82.8,-0.8599999999999994,0.3734121322631836,0.4596171975135803,0.8111732006072998
20,42,144,124,kl,83.08,0.28000000000000114,0.4614863395690918,0.5136429071426392,1.0124512910842896
20,42,145,125,kl,83.7,0.6200000000000045,0.5571917295455933,0.5246268510818481,1.0378824472427368
20,42,146,126,kl,83.82,0.11999999999999034,0.5082999467849731,0.47354018688201904,0.8042659759521484
20,42,147,127,ce,82.66,-1.1599999999999966,0.23969055712223053,0.3681821823120117,1.538356065750122
20,42,148,128,kl,82.0,-0.6599999999999966,0.605699896812439,0.53440922498703,1.0597944259643555
20,42,149,129,kl,82.68,0.6800000000000068,0.4406459927558899,0.46725913882255554,0.9531601071357727
20,42,150,130,kl,82.3,-0.38000000000000966,0.6319093704223633,0.5397202968597412,1.1567366123199463
20,42,151,131,kl,82.7,0.4000000000000057,0.5335479974746704,0.5058810114860535,0.9508612155914307
20,42,152,132,kl,81.22,-1.480000000000004,0.5762616991996765,0.527049720287323,1.0814719200134277
20,42,153,133,kl,83.08,1.8599999999999994,0.6051279306411743,0.5188696384429932,0.943626344203949
20,42,154,134,kl,79.94,-3.1400000000000006,0.6385369300842285,0.5473024249076843,1.226080298423767
20,42,155,135,kl,83.16,3.219999999999999,0.5713692903518677,0.5176153779029846,0.9403105974197388
20,42,156,136,kl,82.52,-0.6400000000000006,0.5612585544586182,0.5160452723503113,0.859305202960968
20,42,157,137,kl,83.18,0.6600000000000108,0.425912082195282,0.5025647282600403,0.9097853302955627
20,42,158,138,kl,83.58,0.3999999999999915,0.5167315602302551,0.49301663041114807,0.9445570111274719
20,42,159,139,kl,82.44,-1.1400000000000006,0.4920726418495178,0.4528389275074005,0.8793865442276001
20,42,160,140,kl,80.96,-1.480000000000004,0.5034927129745483,0.5198342204093933,1.1341357231140137
20,42,161,141,kl,82.2,1.240000000000009,0.5718839764595032,0.5191556811332703,0.9247692227363586
20,42,162,142,kl,82.06,-0.14000000000000057,0.5572733879089355,0.5188890695571899,1.0838472843170166
20,42,163,143,kl,82.72,0.6599999999999966,0.4337104558944702,0.453014612197876,0.7496548295021057
20,42,164,144,kl,82.66,-0.060000000000002274,0.6190646886825562,0.4933180510997772,0.8426052927970886
20,42,165,145,kl,82.44,-0.21999999999999886,0.33652347326278687,0.4263443946838379,0.9205194115638733
20,42,166,146,kl,82.48,0.04000000000000625,0.6275873780250549,0.5297806859016418,0.9009851813316345
20,42,167,147,kl,82.32,-0.1600000000000108,0.4524557590484619,0.5173730254173279,1.1070923805236816
20,42,168,148,ce,82.94,0.6200000000000045,0.27107638120651245,0.3995130956172943,1.7721538543701172
20,42,169,149,kl,83.18,0.2400000000000091,0.5130524039268494,0.5146199464797974,1.0291814804077148
20,42,170,150,kl,84.14,0.9599999999999937,0.45834892988204956,0.4530564248561859,0.7409591674804688
20,42,171,151,kl,81.5,-2.6400000000000006,0.6184098124504089,0.6129277944564819,1.1131786108016968
20,42,172,152,kl,82.34,0.8400000000000034,0.48775556683540344,0.488882839679718,0.9447055459022522
20,42,173,153,kl,82.36,0.01999999999999602,0.6371058225631714,0.5201144218444824,1.1374506950378418
20,42,174,154,kl,82.3,-0.060000000000002274,0.5286192893981934,0.5047897100448608,1.0324584245681763
20,42,175,155,kl,82.08,-0.21999999999999886,0.60666424036026,0.5316720008850098,1.1411086320877075
20,42,176,156,kl,82.54,0.46000000000000796,0.5841776132583618,0.5429841876029968,0.9956531524658203
20,42,177,157,kl,83.32,0.7799999999999869,0.5180035829544067,0.46216917037963867,1.004205584526062
20,42,178,158,kl,82.7,-0.6199999999999903,0.4965837299823761,0.49382585287094116,0.8436760902404785
20,42,179,159,kl,83.0,0.29999999999999716,0.4671304523944855,0.47739356756210327,0.9793012142181396
20,42,180,160,kl,83.74,0.7399999999999949,0.6126477718353271,0.5000606179237366,0.9516330361366272
20,42,181,161,kl,83.04,-0.6999999999999886,0.48659563064575195,0.4872879981994629,0.9726464748382568
20,42,182,162,kl,81.78,-1.2600000000000051,0.4758388102054596,0.4721836447715759,0.8542770743370056
20,42,183,163,kl,82.84,1.0600000000000023,0.42705845832824707,0.45853346586227417,1.0112437009811401
20,42,184,164,kl,83.62,0.7800000000000011,0.3399021625518799,0.413730263710022,0.7582170963287354
20,42,185,165,kl,83.44,-0.18000000000000682,0.45720621943473816,0.47013407945632935,0.8922856450080872
20,42,186,166,kl,83.88,0.4399999999999977,0.5286625027656555,0.4907873272895813,0.8120629787445068
20,42,187,167,kl,82.3,-1.5799999999999983,0.5783716440200806,0.5072996020317078,0.8488106727600098
20,42,188,168,kl,83.76,1.460000000000008,0.5386350154876709,0.4856358468532562,0.8781501054763794
20,42,189,169,ce,83.2,-0.5600000000000023,0.3467983603477478,0.441217839717865,1.7298963069915771
20,42,190,170,kl,82.88,-0.3200000000000074,0.38118383288383484,0.44834813475608826,0.8464733958244324
20,42,191,171,kl,81.18,-1.6999999999999886,0.6477838754653931,0.6361285448074341,1.3555270433425903
20,42,192,172,kl,82.34,1.1599999999999966,0.4803902506828308,0.4741026759147644,0.9359664916992188
20,42,193,173,kl,82.8,0.45999999999999375,0.3563278317451477,0.4625698924064636,0.9720357656478882
20,42,194,174,kl,83.2,0.4000000000000057,0.48028138279914856,0.4714950621128082,0.858823299407959
20,42,195,175,kl,82.82,-0.38000000000000966,0.4659455418586731,0.48421016335487366,0.9941899180412292
20,42,196,176,kl,83.48,0.6600000000000108,0.6185832023620605,0.4952305853366852,1.0144176483154297
20,42,197,177,kl,83.36,-0.12000000000000455,0.36215800046920776,0.43497785925865173,0.8700127601623535
20,42,198,178,kl,83.04,-0.3199999999999932,0.5727064609527588,0.4757572412490845,0.7524893879890442
20,42,199,179,kl,82.02,-1.0200000000000102,0.48343706130981445,0.46613040566444397,0.9360910058021545
20,42,200,180,kl,81.88,-0.14000000000000057,0.6894913911819458,0.596924901008606,1.1377791166305542
20,42,201,181,kl,83.72,1.8400000000000034,0.45068293809890747,0.44570663571357727,1.0248183012008667
20,42,202,182,kl,83.06,-0.6599999999999966,0.4531181752681732,0.48541954159736633,0.808509111404419
20,42,203,183,kl,82.44,-0.6200000000000045,0.4871926009654999,0.48291105031967163,0.9216000437736511
20,42,204,184,kl,82.86,0.4200000000000017,0.49737387895584106,0.5238866806030273,0.9607521891593933
20,42,205,185,kl,82.02,-0.8400000000000034,0.6947423219680786,0.5681189298629761,1.12631094455719
20,42,206,186,kl,83.46,1.4399999999999977,0.5541682243347168,0.5383890867233276,1.003089427947998
20,42,207,187,kl,83.74,0.28000000000000114,0.6265943646430969,0.5388512015342712,0.8837229013442993
20,42,208,188,kl,83.82,0.0799999999999983,0.5385153293609619,0.4825017750263214,0.9258573651313782
20,42,209,189,kl,83.0,-0.8199999999999932,0.4920516014099121,0.504414975643158,0.9990482926368713
20,42,210,190,ce,82.48,-0.519999999999996,0.249359130859375,0.3549180030822754,1.758657455444336
20,42,211,191,kl,82.1,-0.38000000000000966,0.576640248298645,0.5211355686187744,1.0479172468185425
20,42,212,192,kl,83.1,1.0,0.3738729953765869,0.44501203298568726,0.8334828615188599
20,42,213,193,kl,82.9,-0.19999999999998863,0.6331321597099304,0.5199410915374756,0.9698736667633057
20,42,214,194,kl,84.12,1.2199999999999989,0.5676043033599854,0.47862809896469116,0.9136322140693665
20,42,215,195,kl,81.72,-2.4000000000000057,0.49359840154647827,0.5353428721427917,0.9661599397659302
20,42,216,196,kl,82.38,0.6599999999999966,0.6443909406661987,0.542194664478302,1.0006455183029175
20,42,217,197,kl,83.02,0.6400000000000006,0.6142077445983887,0.5049174427986145,0.9615691900253296
20,42,218,198,kl,84.2,1.1800000000000068,0.3432528078556061,0.452231764793396,0.8262737393379211
20,42,219,199,kl,81.8,-2.4000000000000057,0.5861251354217529,0.4933299720287323,1.0438991785049438
20,42,220,200,kl,83.26,1.460000000000008,0.6112231016159058,0.5046716928482056,0.982810914516449
20,42,221,201,kl,84.1,0.8399999999999892,0.5840166807174683,0.4964199960231781,0.8659163117408752
20,42,222,202,kl,83.4,-0.6999999999999886,0.48871752619743347,0.4762013554573059,0.9230036735534668
20,42,223,203,kl,81.64,-1.7600000000000051,0.4944833517074585,0.48105448484420776,0.7507079839706421
20,42,224,204,kl,83.3,1.6599999999999966,0.5549904704093933,0.5173930525779724,0.8912075161933899
20,42,225,205,kl,81.32,-1.980000000000004,0.6258850693702698,0.5529124736785889,1.0570114850997925
20,42,226,206,kl,82.08,0.7600000000000051,0.5425235629081726,0.519146740436554,1.0278468132019043
20,42,227,207,kl,83.32,1.2399999999999949,0.5955948233604431,0.5165005326271057,0.8664806485176086
20,42,228,208,kl,82.86,-0.45999999999999375,0.3385680615901947,0.4503808915615082,1.0276477336883545
20,42,229,209,kl,82.72,-0.14000000000000057,0.5483424663543701,0.5039048790931702,0.9473602175712585
20,42,230,210,kl,83.02,0.29999999999999716,0.3349861800670624,0.4489254057407379,0.9575170874595642
20,42,231,211,ce,81.98,-1.039999999999992,0.17655491828918457,0.3572869896888733,1.6670409440994263
20,42,232,212,kl,81.96,-0.020000000000010232,0.5608502626419067,0.509419858455658,0.8804435729980469
20,42,233,213,kl,82.42,0.46000000000000796,0.6786179542541504,0.5632715821266174,1.255731463432312
20,42,234,214,kl,83.08,0.6599999999999966,0.6209773421287537,0.5665087699890137,0.9540086388587952
20,42,235,215,kl,83.9,0.8200000000000074,0.5863251686096191,0.498105525970459,0.9239396452903748
20,42,236,216,kl,82.54,-1.3599999999999994,0.5137197971343994,0.49563977122306824,1.0747766494750977
20,42,237,217,kl,83.52,0.9799999999999898,0.5653896927833557,0.5191650390625,0.9672035574913025
20,42,238,218,kl,82.6,-0.9200000000000017,0.5942813754081726,0.5318483114242554,0.9627033472061157
20,42,239,219,kl,82.14,-0.45999999999999375,0.37157124280929565,0.43948885798454285,0.8492960929870605
20,42,240,220,kl,82.26,0.12000000000000455,0.47778722643852234,0.46431416273117065,0.9435796141624451
20,42,241,221,kl,83.3,1.039999999999992,0.5268194079399109,0.4575975239276886,0.8342698216438293
20,42,242,222,kl,82.1,-1.2000000000000028,0.7052703499794006,0.5754636526107788,1.03229820728302
20,42,243,223,kl,82.92,0.8200000000000074,0.5821361541748047,0.5010228753089905,0.9821364879608154
20,42,244,224,kl,82.92,0.0,0.6549005508422852,0.5668122172355652,1.0211936235427856
20,42,245,225,kl,82.9,-0.01999999999999602,0.517858624458313,0.46394848823547363,0.8454533815383911
20,42,246,226,kl,83.34,0.4399999999999977,0.3661012053489685,0.4486524164676666,0.9884390830993652
20,42,247,227,kl,78.8,-4.540000000000006,0.7197482585906982,0.638905942440033,1.4594438076019287
20,42,248,228,kl,81.72,2.9200000000000017,0.5872629880905151,0.5029076933860779,0.8945333957672119
20,42,249,229,kl,83.54,1.8200000000000074,0.5562137961387634,0.48849421739578247,0.8693078756332397
20,42,250,230,kl,83.3,-0.2400000000000091,0.3731381297111511,0.43464726209640503,0.9587786197662354
20,42,251,231,kl,83.22,-0.0799999999999983,0.6254237294197083,0.5630903244018555,1.0359416007995605
20,42,252,232,ce,83.86,0.6400000000000006,0.19021369516849518,0.35144129395484924,1.7668533325195312
20,42,253,233,kl,82.06,-1.7999999999999972,0.6300046443939209,0.5485687851905823,1.103996753692627
20,42,254,234,kl,82.44,0.37999999999999545,0.5599789023399353,0.5019530057907104,1.0260781049728394
20,42,255,235,kl,83.0,0.5600000000000023,0.46669095754623413,0.47667232155799866,1.010493278503418
20,42,256,236,kl,82.68,-0.3199999999999932,0.65655517578125,0.575563371181488,1.1238057613372803
20,42,257,237,kl,82.76,0.0799999999999983,0.4062788486480713,0.4585410952568054,1.1951857805252075
20,42,258,238,kl,83.0,0.23999999999999488,0.5202542543411255,0.48225468397140503,0.9237760305404663
20,42,259,239,kl,81.44,-1.5600000000000023,0.6133325099945068,0.5568700432777405,1.2033449411392212
20,42,260,240,kl,83.64,2.200000000000003,0.6250745058059692,0.5494962930679321,0.8480867743492126
20,42,261,241,kl,83.9,0.2600000000000051,0.4340285062789917,0.4437851011753082,0.7894306778907776
20,42,262,242,kl,82.34,-1.5600000000000023,0.646658182144165,0.5114859342575073,0.9949015974998474
20,42,263,243,kl,82.54,0.20000000000000284,0.5845240950584412,0.5190282464027405,1.0042723417282104
20,42,264,244,kl,82.32,-0.22000000000001307,0.5103902816772461,0.5254947543144226,0.9209980368614197
20,42,265,245,kl,82.44,0.12000000000000455,0.5227536559104919,0.47955819964408875,0.8822531700134277
20,42,266,246,kl,82.94,0.5,0.6060450077056885,0.5225682258605957,0.9175641536712646
20,42,267,247,kl,80.82,-2.1200000000000045,0.6246960163116455,0.5675094127655029,1.1283128261566162
20,42,268,248,kl,83.42,2.6000000000000085,0.3931644856929779,0.43656420707702637,0.7866722941398621
20,42,269,249,kl,82.46,-0.960000000000008,0.4852253794670105,0.47306063771247864,0.9842153191566467
20,42,270,250,kl,81.88,-0.5799999999999983,0.561774730682373,0.5216245651245117,1.072514533996582
20,42,271,251,kl,81.9,0.020000000000010232,0.43738898634910583,0.4572816789150238,0.9847805500030518
20,42,272,252,kl,82.9,1.0,0.42936456203460693,0.45116564631462097,0.7788180112838745
20,42,273,253,ce,83.04,0.14000000000000057,0.2946639955043793,0.38412949442863464,1.6967490911483765
20,42,274,254,kl,80.22,-2.8200000000000074,0.7394934892654419,0.638613224029541,1.4886624813079834
20,42,275,255,kl,81.68,1.460000000000008,0.6939592361450195,0.6085408926010132,1.2494629621505737
20,42,276,256,kl,81.46,-0.22000000000001307,0.5091919302940369,0.49965015053749084,0.8917614817619324
20,42,277,257,kl,83.22,1.7600000000000051,0.418967068195343,0.47785836458206177,0.7366889119148254
20,42,278,258,kl,83.44,0.21999999999999886,0.4399779140949249,0.4328954815864563,0.757954478263855
20,42,279,259,kl,82.3,-1.1400000000000006,0.44835957884788513,0.46890124678611755,0.971960186958313
20,42,280,260,kl,80.64,-1.6599999999999966,0.4785343408584595,0.4733165204524994,1.187304973602295
20,42,281,261,kl,81.64,1.0,0.4614931344985962,0.4628930389881134,1.0096949338912964
20,42,282,262,kl,83.98,2.3400000000000034,0.4348984956741333,0.4865782856941223,0.8472236394882202
20,42,283,263,kl,84.04,0.060000000000002274,0.4614534080028534,0.453243225812912,0.8751183748245239
20,42,284,264,kl,82.94,-1.1000000000000085,0.4987443685531616,0.49663951992988586,0.8185544610023499
20,42,285,265,kl,83.82,0.8799999999999955,0.5995672941207886,0.49667593836784363,0.7814264297485352
20,42,286,266,kl,83.2,-0.6199999999999903,0.494223415851593,0.5037235021591187,0.9876452684402466
20,42,287,267,kl,80.84,-2.3599999999999994,0.5419118404388428,0.5169457793235779,1.2706917524337769
20,42,288,268,kl,81.24,0.3999999999999915,0.47971102595329285,0.4870777428150177,1.077938199043274
20,42,289,269,kl,80.82,-0.4200000000000017,0.4712904095649719,0.4813011884689331,0.8950628638267517
20,42,290,270,kl,82.86,2.0400000000000063,0.6590157151222229,0.5357893705368042,1.0700749158859253
20,42,291,271,kl,83.54,0.6800000000000068,0.500100314617157,0.46078988909721375,0.8514407873153687
20,42,292,272,kl,82.14,-1.4000000000000057,0.4826997220516205,0.5139365792274475,1.0603383779525757
20,42,293,273,kl,83.36,1.2199999999999989,0.5307342410087585,0.4602370858192444,0.9490535855293274
20,42,294,274,ce,80.68,-2.6799999999999926,0.3714681565761566,0.4064919054508209,1.8368440866470337
20,42,295,275,kl,82.1,1.4199999999999875,0.602521538734436,0.5220853686332703,1.1533559560775757
20,42,296,276,kl,82.84,0.7400000000000091,0.634867250919342,0.5580901503562927,1.1290842294692993
20,42,297,277,kl,81.18,-1.6599999999999966,0.4865458011627197,0.4835229516029358,1.0685080289840698
20,42,298,278,kl,83.14,1.9599999999999937,0.5654643774032593,0.5327531099319458,1.0202454328536987
20,42,299,279,kl,83.34,0.20000000000000284,0.6476819515228271,0.5092321038246155,1.0165330171585083
20,42,300,280,kl,82.78,-0.5600000000000023,0.5447391271591187,0.5220541954040527,0.9898150563240051
20,42,301,281,kl,82.22,-0.5600000000000023,0.3756300210952759,0.46045076847076416,1.1616228818893433
20,42,302,282,kl,84.0,1.7800000000000011,0.547853946685791,0.4816829562187195,0.8827120661735535
20,42,303,283,kl,81.54,-2.4599999999999937,0.6661597490310669,0.5813767910003662,1.1836239099502563
20,42,304,284,kl,82.72,1.1799999999999926,0.556824803352356,0.4897047281265259,0.9502770900726318
20,42,305,285,kl,83.08,0.35999999999999943,0.4971171021461487,0.46193212270736694,0.9502800703048706
20,42,306,286,kl,83.7,0.6200000000000045,0.580639123916626,0.49193885922431946,0.7150415778160095
20,42,307,287,kl,82.82,-0.8800000000000097,0.32019269466400146,0.42060405015945435,1.0414475202560425
20,42,308,288,kl,81.68,-1.1399999999999864,0.6869865655899048,0.586736798286438,1.0287562608718872
20,42,309,289,kl,84.64,2.9599999999999937,0.5639293789863586,0.5104891061782837,0.9739863276481628
20,42,310,290,kl,83.84,-0.7999999999999972,0.6671521663665771,0.5661169290542603,1.1441980600357056
20,42,311,291,kl,83.18,-0.6599999999999966,0.5167562365531921,0.5145025849342346,0.9530642032623291
20,42,312,292,kl,83.2,0.01999999999999602,0.6913127899169922,0.5839499831199646,0.9537101984024048
20,42,313,293,kl,81.12,-2.0799999999999983,0.5654803514480591,0.4894690215587616,0.8242261409759521
20,42,314,294,kl,82.64,1.519999999999996,0.5268702507019043,0.4970235526561737,0.9169188737869263
20,42,315,295,ce,82.3,-0.3400000000000034,0.19280630350112915,0.3572717010974884,1.6201722621917725
20,42,316,296,kl,83.46,1.1599999999999966,0.32397136092185974,0.42684391140937805,1.0015578269958496
20,42,317,297,kl,83.28,-0.1799999999999926,0.6438552737236023,0.5610980987548828,0.9820165634155273
20,42,318,298,kl,81.8,-1.480000000000004,0.5940011739730835,0.5495680570602417,1.0361747741699219
20,42,319,299,kl,82.82,1.019999999999996,0.5383930206298828,0.5059220194816589,1.088983178138733
20,42,320,300,kl,83.06,0.2400000000000091,0.50362229347229,0.4986068904399872,0.8761661052703857
20,42,321,301,kl,82.92,-0.14000000000000057,0.648298978805542,0.5665625333786011,1.044014573097229
20,42,322,302,kl,83.68,0.7600000000000051,0.4963702857494354,0.49186524748802185,0.9587147831916809
20,42,323,303,kl,82.7,-0.980000000000004,0.5718340873718262,0.5329250693321228,0.9811205267906189
20,42,324,304,kl,82.42,-0.28000000000000114,0.4915730357170105,0.46909964084625244,0.982492208480835
20,42,325,305,kl,81.24,-1.1800000000000068,0.6466645002365112,0.5781075954437256,1.2752704620361328
20,42,326,306,kl,81.26,0.020000000000010232,0.6955498456954956,0.6533967852592468,1.2985016107559204
20,42,327,307,kl,83.96,2.6999999999999886,0.4617769718170166,0.45272645354270935,0.9065890908241272
20,42,328,308,kl,83.38,-0.5799999999999983,0.5008612871170044,0.5069581866264343,1.0091580152511597
20,42,329,309,kl,83.88,0.5,0.4303615391254425,0.46314290165901184,0.7917923331260681
20,42,330,310,kl,82.1,-1.7800000000000011,0.5922643542289734,0.5017803311347961,0.8972800970077515
20,42,331,311,kl,81.98,-0.11999999999999034,0.591781497001648,0.5010806918144226,0.798106849193573
20,42,332,312,kl,83.34,1.3599999999999994,0.6310202479362488,0.517302930355072,0.9989222884178162
20,42,333,313,kl,84.1,0.7599999999999909,0.3840672969818115,0.4336691200733185,0.8309231996536255
20,42,334,314,kl,82.72,-1.3799999999999955,0.5082137584686279,0.48614999651908875,0.8077085018157959
20,42,335,315,kl,81.04,-1.6799999999999926,0.577612578868866,0.4960775375366211,1.017916202545166
20,42,336,316,ce,83.84,2.799999999999997,0.19780707359313965,0.3974095582962036,1.5215381383895874
20,42,337,317,kl,82.62,-1.2199999999999989,0.5378965735435486,0.526063859462738,0.9378713965415955
20,42,338,318,kl,83.44,0.8199999999999932,0.568631649017334,0.5006228685379028,0.9668689370155334
20,42,339,319,kl,81.26,-2.1799999999999926,0.6607238054275513,0.5672601461410522,1.0595628023147583
20,42,340,320,kl,83.02,1.759999999999991,0.441192090511322,0.48156285285949707,0.8106498122215271
20,42,341,321,kl,83.48,0.46000000000000796,0.48198994994163513,0.4996454417705536,0.9138277769088745
20,42,342,322,kl,83.68,0.20000000000000284,0.5171383619308472,0.4927917718887329,0.7662273645401001
20,42,343,323,kl,82.6,-1.0800000000000125,0.38475173711776733,0.46199753880500793,0.765815258026123
20,42,344,324,kl,83.24,0.6400000000000006,0.4729287624359131,0.47735753655433655,0.7552319765090942
20,42,345,325,kl,83.6,0.35999999999999943,0.5523276925086975,0.516355574131012,1.0151903629302979
20,42,346,326,kl,81.96,-1.6400000000000006,0.5906831622123718,0.5595947504043579,1.1721073389053345
20,42,347,327,kl,82.56,0.6000000000000085,0.4014511704444885,0.4452767074108124,0.9603224992752075
20,42,348,328,kl,81.96,-0.6000000000000085,0.5928179621696472,0.5414352416992188,1.229833960533142
20,42,349,329,kl,82.68,0.7200000000000131,0.46194589138031006,0.43484970927238464,0.8173723220825195
20,42,350,330,kl,83.7,1.019999999999996,0.41940945386886597,0.4650138020515442,0.9560728073120117
20,42,351,331,kl,82.96,-0.7400000000000091,0.39367517828941345,0.44502124190330505,0.930748701095581
20,42,352,332,kl,84.64,1.6800000000000068,0.47883105278015137,0.46264004707336426,0.8693599104881287
20,42,353,333,kl,83.0,-1.6400000000000006,0.6943166255950928,0.6002427339553833,1.1526660919189453
20,42,354,334,kl,82.24,-0.7600000000000051,0.6879578232765198,0.6093207001686096,1.1488349437713623
20,42,355,335,kl,82.9,0.6600000000000108,0.44488757848739624,0.46507003903388977,0.9228948354721069
20,42,356,336,kl,83.36,0.45999999999999375,0.5601539015769958,0.5303443074226379,0.7238867282867432
20,42,357,337,ce,83.02,-0.3400000000000034,0.34594666957855225,0.46836328506469727,1.6504426002502441
20,42,358,338,kl,80.8,-2.219999999999999,0.5586722493171692,0.5190804600715637,1.1456252336502075
20,42,359,339,kl,82.52,1.7199999999999989,0.5028067231178284,0.48301130533218384,0.912956714630127
20,42,360,340,kl,83.28,0.7600000000000051,0.5863020420074463,0.503543496131897,1.1253622770309448
20,42,361,341,kl,84.12,0.8400000000000034,0.5784341096878052,0.5106078386306763,0.781987190246582
20,42,362,342,kl,82.96,-1.1600000000000108,0.48442375659942627,0.4807690978050232,0.934489905834198
20,42,363,343,kl,83.28,0.3200000000000074,0.53851318359375,0.5149271488189697,0.8818837404251099
20,42,364,344,kl,82.62,-0.6599999999999966,0.6246532201766968,0.5117160081863403,1.0454078912734985
20,42,365,345,kl,83.6,0.9799999999999898,0.5522355437278748,0.536973237991333,0.98757004737854
20,42,366,346,kl,83.14,-0.45999999999999375,0.39547932147979736,0.44985586404800415,0.7083247303962708
20,42,367,347,kl,80.64,-2.5,0.6473767161369324,0.5161399841308594,0.9837626814842224
20,42,368,348,kl,83.94,3.299999999999997,0.5605049133300781,0.5179236531257629,1.0282013416290283
20,42,369,349,kl,82.58,-1.3599999999999994,0.580930233001709,0.5119853615760803,1.0704940557479858
20,42,370,350,kl,82.46,-0.12000000000000455,0.5851800441741943,0.5132255554199219,1.1173239946365356
20,42,371,351,kl,83.98,1.5200000000000102,0.502757728099823,0.4744391143321991,0.8553817272186279
20,42,372,352,kl,82.76,-1.2199999999999989,0.5207310914993286,0.5000559091567993,0.9761468768119812
20,42,373,353,kl,82.68,-0.0799999999999983,0.46973705291748047,0.46994173526763916,1.0115491151809692
20,42,374,354,kl,81.96,-0.7200000000000131,0.5063810348510742,0.5055214166641235,1.1926478147506714
20,42,375,355,kl,83.46,1.5,0.5549834966659546,0.5431483387947083,1.0326673984527588
20,42,376,356,kl,83.6,0.14000000000000057,0.4363318085670471,0.4349161684513092,0.8306925296783447
20,42,377,357,kl,81.36,-2.239999999999995,0.6877379417419434,0.5706062316894531,1.3041568994522095
20,42,378,358,ce,81.44,0.0799999999999983,0.3388670086860657,0.4528263807296753,1.638597846031189
20,42,379,359,kl,82.66,1.2199999999999989,0.5347837209701538,0.5213272571563721,1.057889699935913
20,42,380,360,kl,81.76,-0.8999999999999915,0.44896388053894043,0.47977131605148315,0.9846408367156982
20,42,381,361,kl,81.58,-0.18000000000000682,0.442378968000412,0.4624554514884949,1.0810365676879883
20,42,382,362,kl,83.9,2.3200000000000074,0.5862036943435669,0.537302553653717,0.8864487409591675
20,42,383,363,kl,80.44,-3.460000000000008,0.6169446706771851,0.5294199585914612,1.104728102684021
20,42,384,364,kl,83.76,3.3200000000000074,0.6445720195770264,0.5031435489654541,0.9404636025428772
20,42,385,365,kl,81.74,-2.0200000000000102,0.6545355319976807,0.5508753061294556,0.9222775101661682
20,42,386,366,kl,82.78,1.0400000000000063,0.6242417097091675,0.5454275608062744,0.9901596307754517
20,42,387,367,kl,82.78,0.0,0.5300290584564209,0.4986591637134552,0.9639064073562622
20,42,388,368,kl,82.74,-0.04000000000000625,0.48218047618865967,0.5199527740478516,1.0960841178894043
20,42,389,369,kl,83.92,1.1800000000000068,0.4502413868904114,0.47127410769462585,0.7855542898178101
20,42,390,370,kl,83.7,-0.21999999999999886,0.7017179131507874,0.5617308616638184,1.017472505569458
20,42,391,371,kl,83.12,-0.5799999999999983,0.5726354122161865,0.47713932394981384,0.9954859614372253
20,42,392,372,kl,83.22,0.09999999999999432,0.5788764953613281,0.5192275047302246,1.1519252061843872
20,42,393,373,kl,81.5,-1.7199999999999989,0.4943186044692993,0.46418991684913635,0.9288133978843689
20,42,394,374,kl,82.12,0.6200000000000045,0.5347995162010193,0.4970092177391052,0.7930824756622314
20,42,395,375,kl,83.2,1.0799999999999983,0.503005862236023,0.49240443110466003,0.926483154296875
20,42,396,376,kl,83.64,0.4399999999999977,0.52910315990448,0.4882391095161438,0.8943190574645996
20,42,397,377,kl,83.66,0.01999999999999602,0.6919792890548706,0.6208510398864746,1.2645334005355835
20,42,398,378,kl,82.78,-0.8799999999999955,0.5622621774673462,0.5545048713684082,1.1038461923599243
20,42,399,379,ce,82.82,0.03999999999999204,0.2702420651912689,0.4042813777923584,1.778714656829834
20,42,400,380,kl,83.16,0.3400000000000034,0.6479785442352295,0.5954194068908691,1.0257827043533325
20,42,401,381,kl,83.08,-0.0799999999999983,0.5955010652542114,0.5348713994026184,1.0889918804168701
20,42,402,382,kl,82.36,-0.7199999999999989,0.4309810996055603,0.4659287929534912,0.9271811842918396
20,42,403,383,kl,82.86,0.5,0.4333127439022064,0.4671385884284973,0.9139266610145569
20,42,404,384,kl,83.46,0.5999999999999943,0.502945601940155,0.49419349431991577,0.8837431073188782
20,42,405,385,kl,82.46,-1.0,0.5268475413322449,0.4711441993713379,0.9525596499443054
20,42,406,386,kl,82.46,0.0,0.592452883720398,0.5180686116218567,1.0463948249816895
20,42,407,387,kl,82.7,0.2400000000000091,0.5594068765640259,0.5359848141670227,1.1662800312042236
20,42,408,388,kl,83.4,0.7000000000000028,0.5121365189552307,0.472472608089447,0.8833902478218079
20,42,409,389,kl,83.82,0.4199999999999875,0.5840902924537659,0.47272300720214844,0.7588658332824707
20,42,410,390,kl,83.46,-0.35999999999999943,0.523770272731781,0.5049537420272827,1.0174169540405273
20,42,411,391,kl,81.96,-1.5,0.5199174284934998,0.49014347791671753,0.9498891234397888
20,42,412,392,kl,82.22,0.2600000000000051,0.5039737224578857,0.502784013748169,1.1159648895263672
20,42,413,393,kl,82.44,0.21999999999999886,0.3631612956523895,0.4506615400314331,0.9462778568267822
20,42,414,394,kl,83.82,1.3799999999999955,0.4458851218223572,0.46039512753486633,0.7932746410369873
20,42,415,395,kl,83.96,0.14000000000000057,0.534630298614502,0.47292694449424744,0.933539092540741
20,42,416,396,kl,83.08,-0.8799999999999955,0.4098771810531616,0.46870407462120056,1.0323493480682373
20,42,417,397,kl,83.98,0.9000000000000057,0.4960232675075531,0.4691431522369385,0.7372635006904602
20,42,418,398,kl,82.6,-1.3800000000000097,0.47266992926597595,0.5094110369682312,0.8792687058448792
20,42,419,399,kl,83.8,1.2000000000000028,0.6005222797393799,0.5485357046127319,1.0438435077667236
20,42,420,400,ce,83.02,-0.7800000000000011,0.16434937715530396,0.39008983969688416,1.4807709455490112
20,456,1,-19,kl,34.02,24.340000000000003,0.6672551035881042,0.9199263453483582,1.538153052330017
20,456,2,-18,kl,43.52,9.5,0.5648211240768433,0.6520738005638123,1.0232738256454468
20,456,3,-17,kl,51.06,7.539999999999999,0.5655927658081055,0.5874127745628357,1.3577300310134888
20,456,4,-16,kl,59.54,8.479999999999997,0.39772674441337585,0.4539373517036438,1.0666061639785767
20,456,5,-15,kl,62.68,3.1400000000000006,0.31563040614128113,0.4215078055858612,0.9327003359794617
20,456,6,-14,kl,69.32,6.6399999999999935,0.3071187138557434,0.425400972366333,0.931264340877533
20,456,7,-13,kl,69.18,-0.13999999999998636,0.6339848637580872,0.46733543276786804,0.9166303873062134
20,456,8,-12,kl,72.08,2.8999999999999915,0.6535918116569519,0.4935726523399353,0.8126869797706604
20,456,9,-11,kl,72.56,0.480000000000004,0.7384891510009766,0.5319523811340332,1.139670491218567
20,456,10,-10,kl,72.9,0.3400000000000034,0.7580650448799133,0.555126965045929,1.4753433465957642
20,456,11,-9,kl,75.42,2.519999999999996,0.5024949312210083,0.425888329744339,0.822218120098114
20,456,12,-8,kl,75.06,-0.35999999999999943,0.7612543106079102,0.5556743144989014,1.067988634109497
20,456,13,-7,kl,77.88,2.819999999999993,0.5279679298400879,0.43039631843566895,0.8731977939605713
20,456,14,-6,kl,75.86,-2.019999999999996,0.7732830047607422,0.5552546977996826,1.063897967338562
20,456,15,-5,kl,76.98,1.1200000000000045,0.6883537769317627,0.5023945569992065,0.994471549987793
20,456,16,-4,kl,76.9,-0.0799999999999983,0.4451266825199127,0.4713071584701538,1.020561933517456
20,456,17,-3,kl,78.7,1.7999999999999972,0.5727150440216064,0.416079044342041,0.9759846925735474
20,456,18,-2,kl,78.06,-0.6400000000000006,0.6493983268737793,0.4641452133655548,1.0576767921447754
20,456,19,-1,kl,78.94,0.8799999999999955,0.3443562686443329,0.42221128940582275,0.9437189102172852
20,456,20,0,kl,78.04,-0.8999999999999915,0.630800724029541,0.47411996126174927,0.8372100591659546
20,456,21,1,ce,80.54,2.5,0.2275668978691101,0.27022868394851685,1.8990238904953003
20,456,22,2,kl,78.28,-2.260000000000005,0.6189092397689819,0.4797087609767914,0.9196277260780334
20,456,23,3,kl,79.46,1.1799999999999926,0.473614901304245,0.40610912442207336,0.8014604449272156
20,456,24,4,kl,79.96,0.5,0.582668662071228,0.4468327462673187,0.9545661211013794
20,456,25,5,kl,78.88,-1.0799999999999983,0.5616691708564758,0.4351252615451813,0.8682224154472351
20,456,26,6,kl,79.58,0.7000000000000028,0.44804269075393677,0.4092143177986145,0.9552691578865051
20,456,27,7,kl,77.24,-2.3400000000000034,0.7857675552368164,0.6349241733551025,1.2626696825027466
20,456,28,8,kl,80.26,3.0200000000000102,0.3436683416366577,0.37708351016044617,0.9009283781051636
20,456,29,9,kl,80.06,-0.20000000000000284,0.662942111492157,0.4859425127506256,0.8339996933937073
20,456,30,10,kl,80.32,0.2599999999999909,0.6274402737617493,0.451945960521698,0.8074581027030945
20,456,31,11,kl,79.4,-0.9199999999999875,0.7380585670471191,0.5259817838668823,0.9982333779335022
20,456,32,12,kl,78.9,-0.5,0.6887121200561523,0.5311790108680725,0.9973790049552917
20,456,33,13,kl,79.54,0.6400000000000006,0.5808886289596558,0.45212996006011963,1.0248463153839111
20,456,34,14,kl,79.84,0.29999999999999716,0.6626390814781189,0.4964970648288727,0.940563440322876
20,456,35,15,kl,79.92,0.0799999999999983,0.636664867401123,0.48408520221710205,0.9588695764541626
20,456,36,16,kl,79.42,-0.5,0.5656284093856812,0.4937603175640106,1.0748634338378906
20,456,37,17,kl,80.76,1.3400000000000034,0.6601439118385315,0.4774313271045685,0.8363357186317444
20,456,38,18,kl,81.66,0.8999999999999915,0.5187016129493713,0.4499638080596924,0.7610457539558411
20,456,39,19,kl,79.82,-1.8400000000000034,0.530817985534668,0.42504963278770447,0.9504333138465881
20,456,40,20,kl,80.62,0.8000000000000114,0.6857250928878784,0.5287321209907532,0.8933813571929932
20,456,41,21,kl,80.1,-0.5200000000000102,0.6239697933197021,0.4826037287712097,0.9107164144515991
20,456,42,22,ce,80.98,0.8800000000000097,0.21473993360996246,0.31816354393959045,1.5430220365524292
20,456,43,23,kl,78.02,-2.960000000000008,0.6172188520431519,0.5269696712493896,1.0407682657241821
20,456,44,24,kl,79.2,1.1800000000000068,0.627514660358429,0.5358594059944153,1.042121410369873
20,456,45,25,kl,80.2,1.0,0.6857613325119019,0.5155522227287292,1.1024342775344849
20,456,46,26,kl,77.96,-2.240000000000009,0.625834584236145,0.5090380907058716,0.9738006591796875
20,456,47,27,kl,81.16,3.200000000000003,0.6667208671569824,0.5279809832572937,1.0284152030944824
20,456,48,28,kl,81.26,0.10000000000000853,0.42772066593170166,0.4077485501766205,0.8168593645095825
20,456,49,29,kl,80.92,-0.3400000000000034,0.492719829082489,0.4230566918849945,0.921013593673706
20,456,50,30,kl,80.34,-0.5799999999999983,0.6363694071769714,0.45187124609947205,0.8567715883255005
20,456,51,31,kl,78.54,-1.7999999999999972,0.7121037840843201,0.5702541470527649,1.1777735948562622
20,456,52,32,kl,80.1,1.559999999999988,0.6469871401786804,0.4941715598106384,0.9370373487472534
20,456,53,33,kl,81.34,1.240000000000009,0.4575578570365906,0.43114009499549866,0.8367328643798828
20,456,54,34,kl,81.54,0.20000000000000284,0.6272732615470886,0.4637017250061035,0.7214698791503906
20,456,55,35,kl,80.84,-0.7000000000000028,0.503679633140564,0.48873037099838257,0.949884831905365
20,456,56,36,kl,81.72,0.8799999999999955,0.5356128811836243,0.4421064257621765,0.9734266996383667
20,456,57,37,kl,81.42,-0.29999999999999716,0.5232552289962769,0.43521973490715027,0.786052405834198
20,456,58,38,kl,82.54,1.1200000000000045,0.5507895946502686,0.45278993248939514,0.7211794257164001
20,456,59,39,kl,80.72,-1.8200000000000074,0.5643337368965149,0.46815136075019836,1.012965440750122
20,456,60,40,kl,81.0,0.28000000000000114,0.5992794036865234,0.4821094572544098,0.9402312636375427
20,456,61,41,kl,82.52,1.519999999999996,0.6065006852149963,0.4417220950126648,0.7171806693077087
20,456,62,42,kl,82.8,0.28000000000000114,0.6353965997695923,0.48749756813049316,0.8316102623939514
20,456,63,43,ce,82.08,-0.7199999999999989,0.21744972467422485,0.34580832719802856,1.4498963356018066
20,456,64,44,kl,80.46,-1.6200000000000045,0.7087057828903198,0.5608638525009155,1.0820050239562988
20,456,65,45,kl,81.74,1.2800000000000011,0.5938488245010376,0.49121490120887756,0.9294078350067139
20,456,66,46,kl,81.36,-0.37999999999999545,0.6092853546142578,0.47760382294654846,0.8581815958023071
20,456,67,47,kl,81.28,-0.0799999999999983,0.6072653532028198,0.5030633807182312,0.8884196877479553
20,456,68,48,kl,81.74,0.45999999999999375,0.5561109781265259,0.46566537022590637,0.9699755311012268
20,456,69,49,kl,81.72,-0.01999999999999602,0.5599744319915771,0.4490727186203003,0.9313293695449829
20,456,70,50,kl,79.1,-2.6200000000000045,0.7548984885215759,0.619772732257843,1.2481606006622314
20,456,71,51,kl,79.22,0.12000000000000455,0.7360998392105103,0.5559161901473999,0.990875780582428
20,456,72,52,kl,80.66,1.4399999999999977,0.5919184684753418,0.4673082232475281,0.8287275433540344
20,456,73,53,kl,81.72,1.0600000000000023,0.7342413663864136,0.5354797840118408,0.9028654098510742
20,456,74,54,kl,81.98,0.2600000000000051,0.550382137298584,0.4594326317310333,0.8692400455474854
20,456,75,55,kl,81.46,-0.5200000000000102,0.5412362217903137,0.4862263798713684,0.9511964917182922
20,456,76,56,kl,81.68,0.22000000000001307,0.3845258951187134,0.409450888633728,0.7410646677017212
20,456,77,57,kl,81.54,-0.14000000000000057,0.6524723172187805,0.5371503233909607,0.9925286173820496
20,456,78,58,kl,83.04,1.5,0.6384511590003967,0.5170105695724487,1.1152136325836182
20,456,79,59,kl,81.52,-1.5200000000000102,0.6488960981369019,0.486106276512146,0.884716272354126
20,456,80,60,kl,82.54,1.0200000000000102,0.530735969543457,0.4596264958381653,0.9427629709243774
20,456,81,61,kl,81.6,-0.9400000000000119,0.6356866359710693,0.5184994339942932,0.9173489212989807
20,456,82,62,kl,79.78,-1.8199999999999932,0.6674747467041016,0.5253047347068787,1.0936012268066406
20,456,83,63,kl,82.38,2.5999999999999943,0.6134148240089417,0.4678374230861664,0.7949224710464478
20,456,84,64,ce,82.26,-0.11999999999999034,0.2544545829296112,0.32582542300224304,1.6863380670547485
20,456,85,65,kl,81.38,-0.8800000000000097,0.5669073462486267,0.48498550057411194,0.8659182786941528
20,456,86,66,kl,81.7,0.3200000000000074,0.6393260359764099,0.519351065158844,1.1032353639602661
20,456,87,67,kl,81.76,0.060000000000002274,0.7008442282676697,0.5417703986167908,1.1243125200271606
20,456,88,68,kl,81.54,-0.21999999999999886,0.5422469973564148,0.4662574529647827,1.0278630256652832
20,456,89,69,kl,81.48,-0.060000000000002274,0.5147194862365723,0.4484464228153229,0.88742995262146
20,456,90,70,kl,81.62,0.14000000000000057,0.5816043615341187,0.4641212821006775,1.0348669290542603
20,456,91,71,kl,78.72,-2.9000000000000057,0.48976853489875793,0.49649709463119507,1.0085142850875854
20,456,92,72,kl,82.72,4.0,0.5294286012649536,0.43612509965896606,0.7789101600646973
20,456,93,73,kl,82.2,-0.519999999999996,0.509371280670166,0.45242181420326233,0.8067694306373596
20,456,94,74,kl,81.66,-0.5400000000000063,0.5568150281906128,0.4907883405685425,1.0618586540222168
20,456,95,75,kl,81.68,0.020000000000010232,0.6610034108161926,0.5308612585067749,1.0416761636734009
20,456,96,76,kl,81.58,-0.10000000000000853,0.5675287246704102,0.4551285207271576,1.0422630310058594
20,456,97,77,kl,80.24,-1.3400000000000034,0.6911795139312744,0.5400461554527283,0.9332981109619141
20,456,98,78,kl,81.84,1.6000000000000085,0.6548973321914673,0.5379043817520142,1.0707180500030518
20,456,99,79,kl,83.14,1.2999999999999972,0.42978066205978394,0.43184441328048706,0.7599436044692993
20,456,100,80,kl,78.66,-4.480000000000004,0.6273897886276245,0.5635642409324646,1.1807392835617065
20,456,101,81,kl,82.06,3.4000000000000057,0.5763127207756042,0.48722681403160095,0.9273146986961365
20,456,102,82,kl,82.7,0.6400000000000006,0.47761136293411255,0.4194350838661194,0.8356411457061768
20,456,103,83,kl,81.58,-1.1200000000000045,0.5269303321838379,0.5138945579528809,0.9203844666481018
20,456,104,84,kl,82.6,1.019999999999996,0.5723366737365723,0.4677365720272064,0.7780529260635376
20,456,105,85,ce,82.84,0.2400000000000091,0.23168475925922394,0.3731023669242859,1.3693634271621704
20,456,106,86,kl,81.94,-0.9000000000000057,0.5422594547271729,0.48498696088790894,0.8586947321891785
20,456,107,87,kl,80.76,-1.1799999999999926,0.6006479859352112,0.5180591940879822,0.8906086087226868
20,456,108,88,kl,82.36,1.5999999999999943,0.5545114278793335,0.5270775556564331,1.0244524478912354
20,456,109,89,kl,82.16,-0.20000000000000284,0.5418882369995117,0.46132200956344604,0.7963045835494995
20,456,110,90,kl,80.96,-1.2000000000000028,0.6426956057548523,0.5064782500267029,0.9764689207077026
20,456,111,91,kl,83.26,2.3000000000000114,0.4849097728729248,0.4169485867023468,0.8805102109909058
20,456,112,92,kl,81.76,-1.5,0.4977610111236572,0.4613381624221802,0.9022518396377563
20,456,113,93,kl,81.9,0.14000000000000057,0.5831789970397949,0.5034807324409485,0.9882400631904602
20,456,114,94,kl,82.38,0.47999999999998977,0.5567314624786377,0.4741099178791046,0.8895151615142822
20,456,115,95,kl,81.0,-1.3799999999999955,0.6624035835266113,0.5298425555229187,0.9766056537628174
20,456,116,96,kl,82.72,1.7199999999999989,0.578850269317627,0.5005187392234802,0.8437594175338745
20,456,117,97,kl,81.18,-1.539999999999992,0.5594765543937683,0.47321367263793945,0.8532920479774475
20,456,118,98,kl,80.94,-0.2400000000000091,0.6354187726974487,0.5266761779785156,1.1341381072998047
20,456,119,99,kl,81.28,0.3400000000000034,0.6308004856109619,0.5229917764663696,0.8771809339523315
20,456,120,100,kl,81.58,0.29999999999999716,0.5393384695053101,0.4775753915309906,0.8594371676445007
20,456,121,101,kl,80.04,-1.539999999999992,0.5354794859886169,0.522979199886322,0.9746201634407043
20,456,122,102,kl,80.76,0.7199999999999989,0.6340440511703491,0.5459036231040955,1.2181977033615112
20,456,123,103,kl,80.36,-0.4000000000000057,0.6160366535186768,0.5211362242698669,0.8960503339767456
20,456,124,104,kl,81.58,1.2199999999999989,0.40141060948371887,0.44444912672042847,0.873887836933136
20,456,125,105,kl,83.38,1.7999999999999972,0.5952123403549194,0.4991288483142853,0.9829449653625488
20,456,126,106,ce,82.14,-1.2399999999999949,0.30532345175743103,0.37684428691864014,1.58047616481781
20,456,127,107,kl,81.9,-0.23999999999999488,0.5891466736793518,0.5223081707954407,0.9477669596672058
20,456,128,108,kl,82.6,0.6999999999999886,0.5313034057617188,0.4981161952018738,0.9327325224876404
20,456,129,109,kl,81.3,-1.2999999999999972,0.5796065926551819,0.48383480310440063,0.8419981002807617
20,456,130,110,kl,79.88,-1.4200000000000017,0.7974302768707275,0.6905878782272339,1.378585696220398
20,456,131,111,kl,82.78,2.9000000000000057,0.5151634812355042,0.4625464677810669,0.7869560122489929
20,456,132,112,kl,82.7,-0.0799999999999983,0.6468294858932495,0.532105565071106,0.8694415092468262
20,456,133,113,kl,81.64,-1.0600000000000023,0.6855381727218628,0.5466029644012451,0.996685266494751
20,456,134,114,kl,81.12,-0.519999999999996,0.7262805700302124,0.6035121083259583,1.0745304822921753
20,456,135,115,kl,82.1,0.9799999999999898,0.5539305210113525,0.5349064469337463,0.9170719981193542
20,456,136,116,kl,82.68,0.5800000000000125,0.46799930930137634,0.44406986236572266,0.8731224536895752
20,456,137,117,kl,81.5,-1.1800000000000068,0.475352942943573,0.4454699754714966,0.8961151242256165
20,456,138,118,kl,81.5,0.0,0.5149729251861572,0.47652119398117065,0.8259395956993103
20,456,139,119,kl,82.1,0.5999999999999943,0.5708236694335938,0.45976313948631287,0.8161807656288147
20,456,140,120,kl,81.74,-0.35999999999999943,0.6116176247596741,0.46337762475013733,0.935977578163147
20,456,141,121,kl,82.16,0.4200000000000017,0.6641218662261963,0.5048220157623291,0.7632492780685425
20,456,142,122,kl,81.72,-0.4399999999999977,0.6275195479393005,0.5973286032676697,1.146185040473938
20,456,143,123,kl,83.34,1.6200000000000045,0.4627768099308014,0.4426487386226654,0.8143805265426636
20,456,144,124,kl,82.04,-1.2999999999999972,0.6170387268066406,0.4736708104610443,0.834047794342041
20,456,145,125,kl,81.72,-0.3200000000000074,0.5358495712280273,0.4744735062122345,0.9226939678192139
20,456,146,126,kl,82.26,0.5400000000000063,0.654631495475769,0.5364598631858826,0.9952704906463623
20,456,147,127,ce,81.2,-1.0600000000000023,0.32366788387298584,0.4010981619358063,1.5980982780456543
20,456,148,128,kl,80.42,-0.7800000000000011,0.5421656966209412,0.5114232897758484,1.120370864868164
20,456,149,129,kl,82.92,2.5,0.6961655020713806,0.521112859249115,0.9094879031181335
20,456,150,130,kl,81.84,-1.0799999999999983,0.5019426941871643,0.47043344378471375,0.8278537392616272
20,456,151,131,kl,81.68,-0.1599999999999966,0.5637198686599731,0.49150076508522034,0.8874672651290894
20,456,152,132,kl,81.78,0.09999999999999432,0.595088005065918,0.47917303442955017,0.9420706033706665
20,456,153,133,kl,81.8,0.01999999999999602,0.5518126487731934,0.4389786720275879,0.8116624355316162
20,456,154,134,kl,82.26,0.46000000000000796,0.5131312608718872,0.439849317073822,0.7591974139213562
20,456,155,135,kl,82.16,-0.10000000000000853,0.5748006105422974,0.5096579194068909,1.0319249629974365
20,456,156,136,kl,82.66,0.5,0.47217392921447754,0.4357311427593231,0.6859719157218933
20,456,157,137,kl,80.92,-1.7399999999999949,0.6069033741950989,0.5564066171646118,1.0463680028915405
20,456,158,138,kl,83.0,2.0799999999999983,0.5856301188468933,0.49588242173194885,0.8545041680335999
20,456,159,139,kl,82.48,-0.519999999999996,0.42582908272743225,0.42095524072647095,0.7827971577644348
20,456,160,140,kl,82.08,-0.4000000000000057,0.6175642013549805,0.5261169075965881,1.0079866647720337
20,456,161,141,kl,82.54,0.46000000000000796,0.529822826385498,0.48874446749687195,0.8619493842124939
20,456,162,142,kl,82.4,-0.14000000000000057,0.5976454615592957,0.4806627631187439,0.9640514254570007
20,456,163,143,kl,81.86,-0.5400000000000063,0.5075701475143433,0.48818039894104004,1.1417526006698608
20,456,164,144,kl,81.02,-0.8400000000000034,0.5590289831161499,0.4641416668891907,0.8980414867401123
20,456,165,145,kl,82.14,1.1200000000000045,0.5916693806648254,0.47988516092300415,0.7945722341537476
20,456,166,146,kl,81.58,-0.5600000000000023,0.6603288650512695,0.495866596698761,1.0166741609573364
20,456,167,147,kl,82.62,1.0400000000000063,0.5823328495025635,0.47411632537841797,0.9949831366539001
20,456,168,148,ce,81.76,-0.8599999999999994,0.34201520681381226,0.4130314886569977,1.7310885190963745
20,456,169,149,kl,81.06,-0.7000000000000028,0.5949129462242126,0.5384794473648071,0.9291396737098694
20,456,170,150,kl,81.24,0.1799999999999926,0.5942596793174744,0.4974043667316437,0.8929877877235413
20,456,171,151,kl,82.98,1.740000000000009,0.5060608386993408,0.4153062701225281,0.7918713688850403
20,456,172,152,kl,83.04,0.060000000000002274,0.49658286571502686,0.459407240152359,0.7622748017311096
20,456,173,153,kl,80.8,-2.240000000000009,0.6012555956840515,0.5024129152297974,1.059234380722046
20,456,174,154,kl,82.08,1.2800000000000011,0.5864739418029785,0.4898074269294739,0.9082242250442505
20,456,175,155,kl,80.62,-1.4599999999999937,0.6646065711975098,0.5657958984375,1.1581575870513916
20,456,176,156,kl,82.4,1.7800000000000011,0.5863968729972839,0.4808688759803772,0.9449377059936523
20,456,177,157,kl,83.32,0.9199999999999875,0.6337639093399048,0.519351065158844,0.783151388168335
20,456,178,158,kl,83.08,-0.23999999999999488,0.44184353947639465,0.4796468913555145,0.8748850226402283
20,456,179,159,kl,82.76,-0.3199999999999932,0.5546889901161194,0.4797263741493225,0.9513750076293945
20,456,180,160,kl,81.62,-1.1400000000000006,0.6082451343536377,0.5428662300109863,1.0939866304397583
20,456,181,161,kl,81.62,0.0,0.6715866923332214,0.5199941396713257,0.8656027913093567
20,456,182,162,kl,83.0,1.3799999999999955,0.379102885723114,0.43435266613960266,0.7924147844314575
20,456,183,163,kl,81.72,-1.2800000000000011,0.621113657951355,0.5370205640792847,1.0414460897445679
20,456,184,164,kl,83.76,2.0400000000000063,0.5432651042938232,0.46694162487983704,0.7045876979827881
20,456,185,165,kl,82.66,-1.1000000000000085,0.5685133934020996,0.4851439595222473,0.7756567597389221
20,456,186,166,kl,80.92,-1.7399999999999949,0.6745469570159912,0.5641062259674072,1.0275520086288452
20,456,187,167,kl,82.38,1.4599999999999937,0.6702030897140503,0.5598551034927368,0.9561404585838318
20,456,188,168,kl,82.56,0.18000000000000682,0.6100116968154907,0.52806556224823,1.059219241142273
20,456,189,169,ce,82.8,0.23999999999999488,0.25847068428993225,0.3712494671344757,1.5818947553634644
20,456,190,170,kl,81.46,-1.3400000000000034,0.6013220548629761,0.5492098927497864,1.0923192501068115
20,456,191,171,kl,82.02,0.5600000000000023,0.616124153137207,0.5057703852653503,0.9150041341781616
20,456,192,172,kl,82.78,0.7600000000000051,0.4992141127586365,0.4523612856864929,0.7367445826530457
20,456,193,173,kl,81.78,-1.0,0.6810191869735718,0.543067455291748,1.1145644187927246
20,456,194,174,kl,81.36,-0.4200000000000017,0.6757302284240723,0.5690186619758606,1.0822908878326416
20,456,195,175,kl,82.38,1.019999999999996,0.6694071292877197,0.5238035917282104,0.8310338258743286
20,456,196,176,kl,82.26,-0.11999999999999034,0.6083049774169922,0.531867265701294,0.9417210817337036
20,456,197,177,kl,82.36,0.09999999999999432,0.6499505043029785,0.5278624296188354,1.0291770696640015
20,456,198,178,kl,81.62,-0.7399999999999949,0.6880570650100708,0.5583328604698181,1.0555840730667114
20,456,199,179,kl,81.42,-0.20000000000000284,0.5867186784744263,0.5231875777244568,1.1092864274978638
20,456,200,180,kl,82.6,1.1799999999999926,0.6646430492401123,0.5261775851249695,0.8921728134155273
20,456,201,181,kl,81.74,-0.8599999999999994,0.4799094796180725,0.5016356706619263,0.8759991526603699
20,456,202,182,kl,82.74,1.0,0.5310189723968506,0.4929935336112976,1.0076584815979004
20,456,203,183,kl,82.72,-0.01999999999999602,0.6175310611724854,0.46541792154312134,0.8006773591041565
20,456,204,184,kl,82.18,-0.539999999999992,0.6075732111930847,0.48214495182037354,0.8114899396896362
20,456,205,185,kl,84.3,2.1199999999999903,0.5653127431869507,0.48315954208374023,0.9495136141777039
20,456,206,186,kl,80.42,-3.8799999999999955,0.6132822036743164,0.5128974914550781,0.984514594078064
20,456,207,187,kl,81.92,1.5,0.6775603294372559,0.5160222053527832,0.8924017548561096
20,456,208,188,kl,82.58,0.6599999999999966,0.4612400531768799,0.4633522033691406,0.9720308184623718
20,456,209,189,kl,83.22,0.6400000000000006,0.4892885684967041,0.44389453530311584,0.8020193576812744
20,456,210,190,ce,81.14,-2.0799999999999983,0.256227970123291,0.36824169754981995,1.5201488733291626
20,456,211,191,kl,81.3,0.1599999999999966,0.6280775666236877,0.508175790309906,0.9862427711486816
20,456,212,192,kl,82.22,0.9200000000000017,0.5799514055252075,0.4767534136772156,0.8501450419425964
20,456,213,193,kl,83.0,0.7800000000000011,0.5745943784713745,0.48300567269325256,0.936745285987854
20,456,214,194,kl,82.14,-0.8599999999999994,0.5342080593109131,0.5376180410385132,1.2693426609039307
20,456,215,195,kl,82.18,0.04000000000000625,0.54207444190979,0.47351405024528503,1.0001847743988037
20,456,216,196,kl,82.48,0.29999999999999716,0.49297744035720825,0.43229010701179504,0.8850359916687012
20,456,217,197,kl,82.32,-0.1600000000000108,0.6361620426177979,0.5147534608840942,1.0532219409942627
20,456,218,198,kl,81.96,-0.35999999999999943,0.5376960039138794,0.46499866247177124,0.775089681148529
20,456,219,199,kl,82.92,0.960000000000008,0.5630525350570679,0.4634442925453186,0.8235523104667664
20,456,220,200,kl,82.28,-0.6400000000000006,0.5679426193237305,0.5028319358825684,0.8917686939239502
20,456,221,201,kl,82.16,-0.12000000000000455,0.3357507586479187,0.40976962447166443,0.8177354335784912
20,456,222,202,kl,81.44,-0.7199999999999989,0.45393773913383484,0.4466894865036011,0.8614731431007385
20,456,223,203,kl,81.86,0.4200000000000017,0.502157986164093,0.45099300146102905,0.9028088450431824
20,456,224,204,kl,81.08,-0.7800000000000011,0.5995774865150452,0.4614121615886688,0.8109796643257141
20,456,225,205,kl,81.64,0.5600000000000023,0.6273273229598999,0.5466703176498413,1.0705722570419312
20,456,226,206,kl,80.1,-1.5400000000000063,0.7616822123527527,0.6115545034408569,1.3203256130218506
20,456,227,207,kl,82.76,2.660000000000011,0.5930694937705994,0.5076733827590942,0.929143488407135
20,456,228,208,kl,82.38,-0.38000000000000966,0.6135948300361633,0.4818139374256134,1.0277587175369263
20,456,229,209,kl,83.16,0.7800000000000011,0.5688611268997192,0.47327443957328796,0.9503404498100281
20,456,230,210,kl,82.22,-0.9399999999999977,0.7016081213951111,0.4982960820198059,0.8781113624572754
20,456,231,211,ce,82.72,0.5,0.20667508244514465,0.30973976850509644,1.4667840003967285
20,456,232,212,kl,81.68,-1.039999999999992,0.6373223662376404,0.5144640207290649,0.8742556571960449
20,456,233,213,kl,82.44,0.7599999999999909,0.4558262825012207,0.44002583622932434,0.7475236058235168
20,456,234,214,kl,82.36,-0.0799999999999983,0.6287651062011719,0.4867543578147888,0.9435722827911377
20,456,235,215,kl,82.52,0.1599999999999966,0.5116769075393677,0.4660428464412689,0.7628433704376221
20,456,236,216,kl,81.94,-0.5799999999999983,0.6734219193458557,0.519005537033081,1.0777854919433594
20,456,237,217,kl,82.58,0.6400000000000006,0.6346526741981506,0.47830790281295776,0.8897603750228882
20,456,238,218,kl,81.82,-0.7600000000000051,0.7221394777297974,0.5250192880630493,1.0089819431304932
20,456,239,219,kl,83.56,1.740000000000009,0.6020359992980957,0.47103357315063477,0.867051899433136
20,456,240,220,kl,82.22,-1.3400000000000034,0.6859564781188965,0.5559499263763428,1.012596845626831
20,456,241,221,kl,82.0,-0.21999999999999886,0.6293060779571533,0.499322772026062,1.0415319204330444
20,456,242,222,kl,80.16,-1.8400000000000034,0.7328402996063232,0.5565361976623535,1.1447136402130127
20,456,243,223,kl,82.88,2.719999999999999,0.49114853143692017,0.44772106409072876,0.8446679711341858
20,456,244,224,kl,82.3,-0.5799999999999983,0.6607708930969238,0.5209774971008301,1.014628291130066
20,456,245,225,kl,83.82,1.519999999999996,0.6226287484169006,0.47718432545661926,0.8013355135917664
20,456,246,226,kl,83.14,-0.6799999999999926,0.6470469236373901,0.5027911067008972,0.8683257102966309
20,456,247,227,kl,82.74,-0.4000000000000057,0.6853678226470947,0.5448175668716431,1.0135579109191895
20,456,248,228,kl,82.46,-0.28000000000000114,0.6554125547409058,0.5159229636192322,0.9656639099121094
20,456,249,229,kl,81.98,-0.47999999999998977,0.7135652303695679,0.5466761589050293,1.0107905864715576
20,456,250,230,kl,82.66,0.6799999999999926,0.5125069618225098,0.45207852125167847,0.9288820028305054
20,456,251,231,kl,81.84,-0.8199999999999932,0.42952096462249756,0.4210991859436035,0.7911350727081299
20,456,252,232,ce,81.52,-0.3200000000000074,0.2861839532852173,0.35939207673072815,1.581368327140808
20,456,253,233,kl,82.28,0.7600000000000051,0.5966886281967163,0.49061888456344604,0.862080454826355
20,456,254,234,kl,81.66,-0.6200000000000045,0.7135864496231079,0.5347384214401245,1.009013056755066
20,456,255,235,kl,82.2,0.5400000000000063,0.5903825759887695,0.48158133029937744,0.9174254536628723
20,456,256,236,kl,83.36,1.1599999999999966,0.5499587655067444,0.4527125060558319,0.8689028024673462
20,456,257,237,kl,83.0,-0.35999999999999943,0.5501377582550049,0.4701867997646332,0.7556697130203247
20,456,258,238,kl,82.76,-0.23999999999999488,0.5310134887695312,0.43662747740745544,0.9584972262382507
20,456,259,239,kl,83.42,0.6599999999999966,0.5127130150794983,0.4400031566619873,0.7448417544364929
20,456,260,240,kl,83.2,-0.21999999999999886,0.6397737264633179,0.5113948583602905,0.9725875854492188
20,456,261,241,kl,83.1,-0.10000000000000853,0.5757090449333191,0.47188708186149597,0.8293548226356506
20,456,262,242,kl,82.98,-0.11999999999999034,0.5989196300506592,0.4915935695171356,0.8569871783256531
20,456,263,243,kl,82.78,-0.20000000000000284,0.5078509449958801,0.5160538554191589,0.9852370619773865
20,456,264,244,kl,82.46,-0.3200000000000074,0.61865234375,0.5101020932197571,1.0838673114776611
20,456,265,245,kl,82.72,0.2600000000000051,0.6541417837142944,0.5227465033531189,0.8457307815551758
20,456,266,246,kl,82.06,-0.6599999999999966,0.6208893060684204,0.5198975801467896,0.9643680453300476
20,456,267,247,kl,80.9,-1.1599999999999966,0.7727335691452026,0.6334667801856995,1.2005611658096313
20,456,268,248,kl,82.06,1.1599999999999966,0.5429204702377319,0.5147255659103394,0.9503380656242371
20,456,269,249,kl,82.38,0.3199999999999932,0.6548970937728882,0.5541478991508484,1.062975287437439
20,456,270,250,kl,82.3,-0.0799999999999983,0.5301200747489929,0.4523290991783142,0.8077935576438904
20,456,271,251,kl,82.38,0.0799999999999983,0.5030256509780884,0.4675227105617523,0.8721178770065308
20,456,272,252,kl,83.06,0.6800000000000068,0.5471912026405334,0.4758937358856201,0.8221011161804199
20,456,273,253,ce,82.7,-0.35999999999999943,0.30394262075424194,0.38455620408058167,1.5480319261550903
20,456,274,254,kl,83.0,0.29999999999999716,0.5989229679107666,0.5222969651222229,0.8852543830871582
20,456,275,255,kl,82.18,-0.8199999999999932,0.524273157119751,0.5054469108581543,1.006460428237915
20,456,276,256,kl,80.04,-2.1400000000000006,0.4755892753601074,0.5008763074874878,0.9996728897094727
20,456,277,257,kl,83.18,3.1400000000000006,0.5634509325027466,0.4579804837703705,0.8468537330627441
20,456,278,258,kl,82.74,-0.44000000000001194,0.5773091316223145,0.47719523310661316,0.9047988653182983
20,456,279,259,kl,82.1,-0.6400000000000006,0.7061429619789124,0.5418928265571594,1.1191670894622803
20,456,280,260,kl,83.16,1.0600000000000023,0.5096877217292786,0.43237343430519104,0.8302929997444153
20,456,281,261,kl,81.24,-1.9200000000000017,0.6839920282363892,0.5735055208206177,1.1040185689926147
20,456,282,262,kl,83.32,2.0799999999999983,0.5523409843444824,0.47633159160614014,1.008284568786621
20,456,283,263,kl,81.64,-1.6799999999999926,0.7099359035491943,0.5583369731903076,0.9152984619140625
20,456,284,264,kl,83.24,1.5999999999999943,0.6513524055480957,0.4970117509365082,0.9787828922271729
20,456,285,265,kl,83.32,0.0799999999999983,0.607978105545044,0.4674849510192871,0.8572409749031067
20,456,286,266,kl,82.42,-0.8999999999999915,0.5611367225646973,0.49750787019729614,0.8707140684127808
20,456,287,267,kl,80.26,-2.1599999999999966,0.6952497363090515,0.6235554218292236,1.374086856842041
20,456,288,268,kl,83.08,2.819999999999993,0.6174625158309937,0.48633629083633423,0.7490671277046204
20,456,289,269,kl,82.7,-0.37999999999999545,0.4746285676956177,0.44119498133659363,0.8013447523117065
20,456,290,270,kl,81.96,-0.7400000000000091,0.6309523582458496,0.5020574927330017,0.896420419216156
20,456,291,271,kl,82.8,0.8400000000000034,0.5886097550392151,0.49486058950424194,0.8784009218215942
20,456,292,272,kl,80.96,-1.8400000000000034,0.5926837921142578,0.5013201236724854,0.9019142389297485
20,456,293,273,kl,82.82,1.8599999999999994,0.45716366171836853,0.44976288080215454,0.8249588012695312
20,456,294,274,ce,81.96,-0.8599999999999994,0.30727386474609375,0.3905646800994873,1.5786277055740356
20,456,295,275,kl,82.92,0.960000000000008,0.6094624996185303,0.4781745970249176,0.9694457650184631
20,456,296,276,kl,81.1,-1.8200000000000074,0.6695771217346191,0.5818566679954529,0.9502504467964172
20,456,297,277,kl,83.12,2.0200000000000102,0.4990798234939575,0.45963767170906067,0.8895663619041443
20,456,298,278,kl,82.8,-0.3200000000000074,0.608284056186676,0.4959530532360077,0.8804699182510376
20,456,299,279,kl,82.98,0.18000000000000682,0.6046383380889893,0.47649261355400085,0.8357347846031189
20,456,300,280,kl,82.06,-0.9200000000000017,0.5877111554145813,0.5108951926231384,0.962058961391449
20,456,301,281,kl,82.36,0.29999999999999716,0.5956299304962158,0.49664410948753357,0.730385422706604
20,456,302,282,kl,82.7,0.3400000000000034,0.4509233236312866,0.4334493577480316,0.7268537282943726
20,456,303,283,kl,83.48,0.7800000000000011,0.6394960880279541,0.4958709478378296,0.8099945187568665
20,456,304,284,kl,82.8,-0.6800000000000068,0.7178817987442017,0.5645592212677002,1.1451011896133423
20,456,305,285,kl,80.92,-1.8799999999999955,0.6907442808151245,0.5399518013000488,1.0582683086395264
20,456,306,286,kl,82.42,1.5,0.5155401229858398,0.46299394965171814,0.8653876185417175
20,456,307,287,kl,83.42,1.0,0.581072211265564,0.4523341655731201,0.7257762551307678
20,456,308,288,kl,82.0,-1.4200000000000017,0.6382789015769958,0.5537052750587463,0.9958909749984741
20,456,309,289,kl,82.62,0.6200000000000045,0.7058807611465454,0.5361707210540771,0.9731256365776062
20,456,310,290,kl,83.26,0.6400000000000006,0.504353940486908,0.4793783128261566,0.8894644975662231
20,456,311,291,kl,81.86,-1.4000000000000057,0.5333596467971802,0.48652565479278564,0.9319530129432678
20,456,312,292,kl,82.22,0.35999999999999943,0.5719205141067505,0.5112570524215698,0.9121140241622925
20,456,313,293,kl,81.56,-0.6599999999999966,0.5337750911712646,0.49733033776283264,0.9027215242385864
20,456,314,294,kl,82.94,1.3799999999999955,0.44976937770843506,0.4329241216182709,0.8773110508918762
20,456,315,295,ce,83.44,0.5,0.27181947231292725,0.38687416911125183,1.5220451354980469
20,456,316,296,kl,82.42,-1.019999999999996,0.7141348123550415,0.5661510229110718,1.023958683013916
20,456,317,297,kl,81.28,-1.1400000000000006,0.45155173540115356,0.45099496841430664,0.916820764541626
20,456,318,298,kl,81.34,0.060000000000002274,0.7405271530151367,0.6734717488288879,1.2882254123687744
20,456,319,299,kl,81.44,0.09999999999999432,0.47547775506973267,0.44208112359046936,0.9318939447402954
20,456,320,300,kl,82.36,0.9200000000000017,0.4424428343772888,0.4518468379974365,0.8398838639259338
20,456,321,301,kl,82.7,0.3400000000000034,0.5383929014205933,0.48640698194503784,0.7072833776473999
20,456,322,302,kl,83.46,0.7599999999999909,0.49857744574546814,0.4644392132759094,0.7837089896202087
20,456,323,303,kl,82.72,-0.7399999999999949,0.5428732633590698,0.4658268094062805,0.9287819266319275
20,456,324,304,kl,83.6,0.8799999999999955,0.4421672821044922,0.4603385031223297,0.7926246523857117
20,456,325,305,kl,81.26,-2.339999999999989,0.5887488126754761,0.5153129696846008,0.9195326566696167
20,456,326,306,kl,82.42,1.1599999999999966,0.5788283944129944,0.527609646320343,0.9583768844604492
20,456,327,307,kl,83.18,0.7600000000000051,0.6160988211631775,0.4839997887611389,0.8199642896652222
20,456,328,308,kl,83.26,0.0799999999999983,0.6050248742103577,0.48350441455841064,0.9494714140892029
20,456,329,309,kl,82.2,-1.0600000000000023,0.5629128813743591,0.4993930459022522,1.0137887001037598
20,456,330,310,kl,83.16,0.9599999999999937,0.6762533187866211,0.5619198083877563,0.8873956203460693
20,456,331,311,kl,83.38,0.21999999999999886,0.5745206475257874,0.47615179419517517,0.844452977180481
20,456,332,312,kl,82.92,-0.45999999999999375,0.5186646580696106,0.47216665744781494,0.7792778015136719
20,456,333,313,kl,81.66,-1.2600000000000051,0.469051718711853,0.45295682549476624,0.7466627955436707
20,456,334,314,kl,81.42,-0.23999999999999488,0.6914224624633789,0.5653979778289795,1.0490080118179321
20,456,335,315,kl,82.84,1.4200000000000017,0.5240664482116699,0.45240458846092224,0.7610403895378113
20,456,336,316,ce,80.14,-2.700000000000003,0.49349135160446167,0.5292103886604309,1.662150263786316
20,456,337,317,kl,83.12,2.980000000000004,0.5282584428787231,0.47236019372940063,0.8456530570983887
20,456,338,318,kl,81.2,-1.9200000000000017,0.5454878807067871,0.5007373094558716,0.9575262665748596
20,456,339,319,kl,82.6,1.3999999999999915,0.5388701558113098,0.47180697321891785,0.8355098366737366
20,456,340,320,kl,82.84,0.2400000000000091,0.6283997297286987,0.4935702979564667,1.0340811014175415
20,456,341,321,kl,83.0,0.1599999999999966,0.5566795468330383,0.4820677936077118,0.941658616065979
20,456,342,322,kl,84.14,1.1400000000000006,0.6574215888977051,0.495045930147171,0.9132453799247742
20,456,343,323,kl,83.78,-0.35999999999999943,0.6325896978378296,0.4634828567504883,0.7448458671569824
20,456,344,324,kl,82.56,-1.2199999999999989,0.5710328817367554,0.4835095703601837,0.8761740922927856
20,456,345,325,kl,82.78,0.21999999999999886,0.6040825247764587,0.49319595098495483,0.9619167447090149
20,456,346,326,kl,82.24,-0.5400000000000063,0.5780882835388184,0.47473999857902527,1.003652572631836
20,456,347,327,kl,82.82,0.5799999999999983,0.44459637999534607,0.4597446620464325,0.9312842488288879
20,456,348,328,kl,83.46,0.6400000000000006,0.6285611987113953,0.5167405605316162,0.7681558132171631
20,456,349,329,kl,81.92,-1.539999999999992,0.5650087594985962,0.49390918016433716,0.9442621469497681
20,456,350,330,kl,83.08,1.1599999999999966,0.49484580755233765,0.43853476643562317,0.8330237865447998
20,456,351,331,kl,81.38,-1.7000000000000028,0.6061967611312866,0.4803381562232971,1.0362135171890259
20,456,352,332,kl,82.88,1.5,0.5948986411094666,0.4817398488521576,0.9454991221427917
20,456,353,333,kl,81.9,-0.9799999999999898,0.5033078789710999,0.4921039044857025,1.034826636314392
20,456,354,334,kl,82.82,0.9199999999999875,0.6008114218711853,0.5153425931930542,0.9172782897949219
20,456,355,335,kl,83.86,1.0400000000000063,0.5823503732681274,0.49178290367126465,0.8161447644233704
20,456,356,336,kl,82.38,-1.480000000000004,0.5147810578346252,0.4623328149318695,0.8622440099716187
20,456,357,337,ce,83.32,0.9399999999999977,0.20733845233917236,0.31567782163619995,1.454148530960083
20,456,358,338,kl,81.98,-1.3399999999999892,0.6584658622741699,0.5484386682510376,1.1160950660705566
20,456,359,339,kl,80.8,-1.1800000000000068,0.6645126938819885,0.5354433059692383,0.8879950642585754
20,456,360,340,kl,83.32,2.519999999999996,0.6538910269737244,0.5110300779342651,0.9145600199699402
20,456,361,341,kl,82.62,-0.6999999999999886,0.6496057510375977,0.519134521484375,0.9069631099700928
20,456,362,342,kl,82.64,0.01999999999999602,0.6885718107223511,0.532931923866272,0.9766919612884521
20,456,363,343,kl,81.4,-1.2399999999999949,0.5273600816726685,0.4443155527114868,0.9190043210983276
20,456,364,344,kl,81.94,0.539999999999992,0.6268935799598694,0.5099365711212158,0.8148462176322937
20,456,365,345,kl,81.04,-0.8999999999999915,0.624467134475708,0.509208619594574,1.0648555755615234
20,456,366,346,kl,83.32,2.279999999999987,0.5921062231063843,0.5046334862709045,0.8208309412002563
20,456,367,347,kl,81.88,-1.4399999999999977,0.6538693308830261,0.5395511388778687,1.0589966773986816
20,456,368,348,kl,81.92,0.04000000000000625,0.5185494422912598,0.4482385516166687,0.8837949633598328
20,456,369,349,kl,83.38,1.4599999999999937,0.5355504751205444,0.44219034910202026,0.8974219560623169
20,456,370,350,kl,82.58,-0.7999999999999972,0.5684049129486084,0.46716442704200745,0.9081000685691833
20,456,371,351,kl,81.56,-1.019999999999996,0.6968917846679688,0.5988701581954956,1.278584361076355
20,456,372,352,kl,82.76,1.2000000000000028,0.6723223924636841,0.5439892411231995,0.8751137256622314
20,456,373,353,kl,82.94,0.1799999999999926,0.5820408463478088,0.47456079721450806,0.8797533512115479
20,456,374,354,kl,82.28,-0.6599999999999966,0.5448765158653259,0.4623071551322937,0.8699554800987244
20,456,375,355,kl,82.68,0.4000000000000057,0.593930721282959,0.45361390709877014,0.8321644067764282
20,456,376,356,kl,82.08,-0.6000000000000085,0.6271581649780273,0.5163414478302002,1.0539069175720215
20,456,377,357,kl,82.52,0.4399999999999977,0.5732558965682983,0.5039768815040588,1.0241801738739014
20,456,378,358,ce,82.66,0.14000000000000057,0.26040661334991455,0.3684203326702118,1.460548758506775
20,456,379,359,kl,82.6,-0.060000000000002274,0.6733960509300232,0.4978832006454468,1.0012750625610352
20,456,380,360,kl,83.5,0.9000000000000057,0.7148250341415405,0.5818625092506409,1.0060386657714844
20,456,381,361,kl,81.68,-1.8199999999999932,0.6256194710731506,0.5196483135223389,1.0125595331192017
20,456,382,362,kl,83.08,1.3999999999999915,0.6966886520385742,0.5257712602615356,0.865032970905304
20,456,383,363,kl,82.52,-0.5600000000000023,0.3830987215042114,0.46048489212989807,1.0389413833618164
20,456,384,364,kl,83.06,0.5400000000000063,0.5707230567932129,0.47302889823913574,0.9221100807189941
20,456,385,365,kl,81.84,-1.2199999999999989,0.4498806595802307,0.46390119194984436,0.9634903073310852
20,456,386,366,kl,83.06,1.2199999999999989,0.5079315304756165,0.47729796171188354,0.8363437056541443
20,456,387,367,kl,83.06,0.0,0.5859405994415283,0.47421374917030334,0.8960927724838257
20,456,388,368,kl,80.4,-2.6599999999999966,0.5740586519241333,0.47927847504615784,1.0908888578414917
20,456,389,369,kl,82.0,1.5999999999999943,0.5072821974754333,0.4563644230365753,0.7182795405387878
20,456,390,370,kl,82.22,0.21999999999999886,0.5261552333831787,0.4579610824584961,0.8883914947509766
20,456,391,371,kl,81.92,-0.29999999999999716,0.6102809906005859,0.5196539163589478,1.0184178352355957
20,456,392,372,kl,82.36,0.4399999999999977,0.6126675605773926,0.485108345746994,0.8778133392333984
20,456,393,373,kl,81.52,-0.8400000000000034,0.6260193586349487,0.5257312655448914,0.9604906439781189
20,456,394,374,kl,82.28,0.7600000000000051,0.6159594655036926,0.502005398273468,1.006973385810852
20,456,395,375,kl,83.3,1.019999999999996,0.5344235301017761,0.4607788324356079,0.961927056312561
20,456,396,376,kl,82.34,-0.9599999999999937,0.760771632194519,0.655025064945221,1.477664589881897
20,456,397,377,kl,82.04,-0.29999999999999716,0.5723763108253479,0.4772692024707794,0.932996928691864
20,456,398,378,kl,83.64,1.5999999999999943,0.6529706716537476,0.5167267322540283,0.910896897315979
20,456,399,379,ce,82.8,-0.8400000000000034,0.2807711660861969,0.37237557768821716,1.4605565071105957
20,456,400,380,kl,81.1,-1.7000000000000028,0.7380920052528381,0.5754925608634949,1.0356472730636597
20,456,401,381,kl,82.16,1.0600000000000023,0.5926060676574707,0.4940110743045807,0.8894801735877991
20,456,402,382,kl,81.56,-0.5999999999999943,0.5721283555030823,0.46496349573135376,0.9285308718681335
20,456,403,383,kl,82.54,0.980000000000004,0.6582199335098267,0.5356267690658569,0.9387490749359131
20,456,404,384,kl,81.22,-1.3200000000000074,0.7686507701873779,0.6266274452209473,1.2222373485565186
20,456,405,385,kl,82.16,0.9399999999999977,0.6315592527389526,0.5298102498054504,1.0106807947158813
20,456,406,386,kl,82.02,-0.14000000000000057,0.6595451831817627,0.5075414180755615,1.0428727865219116
20,456,407,387,kl,83.02,1.0,0.612224280834198,0.506916344165802,0.9418009519577026
20,456,408,388,kl,82.8,-0.21999999999999886,0.5455160737037659,0.46407824754714966,0.7955071330070496
20,456,409,389,kl,82.14,-0.6599999999999966,0.5519109964370728,0.48071348667144775,0.8575679659843445
20,456,410,390,kl,83.06,0.9200000000000017,0.5390651226043701,0.5045565962791443,0.8372553586959839
20,456,411,391,kl,82.48,-0.5799999999999983,0.6203181147575378,0.48142707347869873,0.7900652289390564
20,456,412,392,kl,83.02,0.539999999999992,0.4958459138870239,0.448621928691864,0.7655802965164185
20,456,413,393,kl,83.4,0.38000000000000966,0.6277872920036316,0.4888271987438202,0.7833861112594604
20,456,414,394,kl,82.28,-1.1200000000000045,0.683875322341919,0.5011125206947327,0.8965736627578735
20,456,415,395,kl,82.26,-0.01999999999999602,0.6477564573287964,0.4816666543483734,0.8382726311683655
20,456,416,396,kl,81.98,-0.28000000000000114,0.4558026194572449,0.4414699375629425,0.7894665598869324
20,456,417,397,kl,82.7,0.7199999999999989,0.6567542552947998,0.5150477886199951,0.9924973845481873
20,456,418,398,kl,83.06,0.35999999999999943,0.5865498185157776,0.5317993760108948,1.0539709329605103
20,456,419,399,kl,83.06,0.0,0.5605303645133972,0.4631943106651306,0.8007082939147949
20,456,420,400,ce,83.04,-0.01999999999999602,0.21165718138217926,0.3379989266395569,1.6280702352523804
20,789,1,-19,kl,15.42,6.039999999999999,0.7817518711090088,1.2933094501495361,2.6583058834075928
20,789,2,-18,kl,40.08,24.659999999999997,0.16882717609405518,0.5485314130783081,1.0283678770065308
20,789,3,-17,kl,42.2,2.1200000000000045,0.7114745378494263,0.741256594657898,1.428253412246704
20,789,4,-16,kl,55.92,13.719999999999999,0.7040022015571594,0.6439902782440186,1.347581148147583
20,789,5,-15,kl,61.9,5.979999999999997,0.5677129030227661,0.4637560248374939,0.9899030923843384
20,789,6,-14,kl,63.78,1.8800000000000026,0.6141518354415894,0.4748421907424927,1.1582804918289185
20,789,7,-13,kl,71.2,7.420000000000002,0.5796573758125305,0.46168819069862366,1.0549644231796265
20,789,8,-12,kl,70.7,-0.5,0.5381808280944824,0.43213847279548645,0.9935373067855835
20,789,9,-11,kl,72.56,1.8599999999999994,0.5775608420372009,0.4260537922382355,1.0251168012619019
20,789,10,-10,kl,70.74,-1.8200000000000074,0.5718259215354919,0.47534969449043274,0.9047461748123169
20,789,11,-9,kl,73.86,3.1200000000000045,0.7260134220123291,0.471465140581131,1.0240625143051147
20,789,12,-8,kl,73.52,-0.3400000000000034,0.5345560312271118,0.45307350158691406,1.030513048171997
20,789,13,-7,kl,75.16,1.6400000000000006,0.6338653564453125,0.4769117534160614,1.2026381492614746
20,789,14,-6,kl,75.88,0.7199999999999989,0.4066799283027649,0.3764289915561676,0.8203227519989014
20,789,15,-5,kl,77.34,1.460000000000008,0.33523377776145935,0.41665229201316833,1.1180499792099
20,789,16,-4,kl,77.44,0.09999999999999432,0.49651408195495605,0.4095533788204193,0.8439478874206543
20,789,17,-3,kl,77.7,0.2600000000000051,0.5477958917617798,0.41144490242004395,1.0047214031219482
20,789,18,-2,kl,76.78,-0.9200000000000017,0.433107852935791,0.4407075047492981,1.1883528232574463
20,789,19,-1,kl,75.54,-1.2399999999999949,0.5608399510383606,0.4725026786327362,1.3594378232955933
20,789,20,0,kl,78.56,3.019999999999996,0.5392536520957947,0.36367902159690857,0.7754254937171936
20,789,21,1,ce,79.14,0.5799999999999983,0.26066020131111145,0.28978461027145386,1.8746345043182373
20,789,22,2,kl,76.28,-2.8599999999999994,0.6433764696121216,0.44758379459381104,0.9453951120376587
20,789,23,3,kl,77.02,0.7399999999999949,0.6727675795555115,0.5102093815803528,1.1569300889968872
20,789,24,4,kl,78.84,1.8200000000000074,0.6328465342521667,0.44325852394104004,0.8887231349945068
20,789,25,5,kl,79.76,0.9200000000000017,0.19797244668006897,0.34073978662490845,0.8545543551445007
20,789,26,6,kl,78.44,-1.3200000000000074,0.6603088974952698,0.45871588587760925,1.097175121307373
20,789,27,7,kl,79.18,0.7400000000000091,0.46303591132164,0.4392491281032562,1.2650477886199951
20,789,28,8,kl,79.76,0.5799999999999983,0.4446955919265747,0.39947402477264404,0.9454454183578491
20,789,29,9,kl,80.1,0.3399999999999892,0.5482492446899414,0.4231187403202057,0.8976404070854187
20,789,30,10,kl,79.56,-0.539999999999992,0.4482000470161438,0.40314802527427673,0.9661910533905029
20,789,31,11,kl,79.2,-0.35999999999999943,0.5985791087150574,0.4173373878002167,0.88120037317276
20,789,32,12,kl,79.9,0.7000000000000028,0.4011891782283783,0.42055246233940125,1.0469616651535034
20,789,33,13,kl,79.52,-0.38000000000000966,0.5817362070083618,0.43145182728767395,0.9591690301895142
20,789,34,14,kl,79.78,0.2600000000000051,0.3328595757484436,0.3625253438949585,0.8592566251754761
20,789,35,15,kl,80.62,0.8400000000000034,0.5454530119895935,0.40385496616363525,0.8165457844734192
20,789,36,16,kl,80.38,-0.2400000000000091,0.28408604860305786,0.336176335811615,0.9284085631370544
20,789,37,17,kl,80.7,0.3200000000000074,0.5797327756881714,0.4097907543182373,0.8495111465454102
20,789,38,18,kl,80.58,-0.12000000000000455,0.5603770017623901,0.41061607003211975,0.9275468587875366
20,789,39,19,kl,80.9,0.3200000000000074,0.40045487880706787,0.3824055790901184,0.9082353115081787
20,789,40,20,kl,81.38,0.47999999999998977,0.5039987564086914,0.3935545086860657,0.8205124139785767
20,789,41,21,kl,80.24,-1.1400000000000006,0.630537748336792,0.4433550536632538,0.9022464156150818
20,789,42,22,ce,80.24,0.0,0.3076035976409912,0.33167070150375366,1.854549765586853
20,789,43,23,kl,80.66,0.4200000000000017,0.4743077754974365,0.4023227393627167,0.8021345734596252
20,789,44,24,kl,81.5,0.8400000000000034,0.39691901206970215,0.3845255970954895,0.7900335788726807
20,789,45,25,kl,79.3,-2.200000000000003,0.49707406759262085,0.4601331651210785,1.2819606065750122
20,789,46,26,kl,80.54,1.240000000000009,0.46235203742980957,0.3992452323436737,0.9366971254348755
20,789,47,27,kl,81.12,0.5799999999999983,0.5260125994682312,0.3897092342376709,0.8607646226882935
20,789,48,28,kl,80.48,-0.6400000000000006,0.42754417657852173,0.3728846311569214,0.7017197608947754
20,789,49,29,kl,81.4,0.9200000000000017,0.4372515082359314,0.42678746581077576,1.0254426002502441
20,789,50,30,kl,81.54,0.14000000000000057,0.5344363451004028,0.41524240374565125,0.8777140974998474
20,789,51,31,kl,81.54,0.0,0.4812406599521637,0.4064675569534302,0.874367356300354
20,789,52,32,kl,81.2,-0.3400000000000034,0.5713346600532532,0.4311947822570801,1.0698920488357544
20,789,53,33,kl,81.5,0.29999999999999716,0.4821418523788452,0.39944520592689514,0.7684639692306519
20,789,54,34,kl,80.5,-1.0,0.5790836811065674,0.45055317878723145,1.0232144594192505
20,789,55,35,kl,81.3,0.7999999999999972,0.6701410412788391,0.49345922470092773,0.919185221195221
20,789,56,36,kl,80.8,-0.5,0.4553498923778534,0.39868593215942383,0.7893806099891663
20,789,57,37,kl,79.46,-1.3400000000000034,0.7067778706550598,0.5531157851219177,1.0895042419433594
20,789,58,38,kl,79.5,0.04000000000000625,0.5294889211654663,0.40472516417503357,0.9580626487731934
20,789,59,39,kl,81.04,1.5400000000000063,0.5172560811042786,0.41926196217536926,1.0854634046554565
20,789,60,40,kl,82.02,0.9799999999999898,0.5795114636421204,0.4281919002532959,0.9104062914848328
20,789,61,41,kl,81.38,-0.6400000000000006,0.33037078380584717,0.3541325330734253,0.9755584001541138
20,789,62,42,kl,81.04,-0.3399999999999892,0.6200114488601685,0.46385955810546875,0.9007877707481384
20,789,63,43,ce,81.32,0.2799999999999869,0.30134886503219604,0.34111106395721436,1.6506692171096802
20,789,64,44,kl,80.54,-0.7799999999999869,0.6386590600013733,0.4725702404975891,1.0007330179214478
20,789,65,45,kl,81.54,1.0,0.5282926559448242,0.435613751411438,0.9391577839851379
20,789,66,46,kl,80.38,-1.1600000000000108,0.6011278629302979,0.48921966552734375,1.231744647026062
20,789,67,47,kl,81.08,0.7000000000000028,0.5884126424789429,0.4660870432853699,0.955488920211792
20,789,68,48,kl,79.6,-1.480000000000004,0.5405005812644958,0.43599098920822144,1.186477780342102
20,789,69,49,kl,80.36,0.7600000000000051,0.5815730094909668,0.4892750084400177,1.1515755653381348
20,789,70,50,kl,81.0,0.6400000000000006,0.5550113916397095,0.451813668012619,0.8964036703109741
20,789,71,51,kl,81.44,0.4399999999999977,0.5991102457046509,0.4462412893772125,0.8199638724327087
20,789,72,52,kl,81.66,0.21999999999999886,0.7052120566368103,0.5268353223800659,1.072857141494751
20,789,73,53,kl,81.8,0.14000000000000057,0.5017428994178772,0.4322640299797058,0.8391607403755188
20,789,74,54,kl,82.0,0.20000000000000284,0.4968547523021698,0.43936434388160706,0.9594064950942993
20,789,75,55,kl,80.96,-1.0400000000000063,0.5921152830123901,0.474478155374527,0.9568320512771606
20,789,76,56,kl,80.84,-0.11999999999999034,0.7149481177330017,0.5483280420303345,1.2114604711532593
20,789,77,57,kl,80.5,-0.3400000000000034,0.4729155898094177,0.43020179867744446,0.8818432092666626
20,789,78,58,kl,81.5,1.0,0.4660685062408447,0.42631471157073975,0.9274864792823792
20,789,79,59,kl,81.24,-0.2600000000000051,0.5603734850883484,0.39956820011138916,0.970101535320282
20,789,80,60,kl,82.02,0.7800000000000011,0.4614877998828888,0.4367089867591858,0.9226911664009094
20,789,81,61,kl,82.04,0.020000000000010232,0.5112245082855225,0.45743805170059204,1.1007288694381714
20,789,82,62,kl,81.9,-0.14000000000000057,0.36602750420570374,0.4029214382171631,0.9722006320953369
20,789,83,63,kl,80.64,-1.2600000000000051,0.699914813041687,0.5277687311172485,0.9301639199256897
20,789,84,64,ce,80.66,0.01999999999999602,0.30316779017448425,0.34083205461502075,1.6791586875915527
20,789,85,65,kl,82.5,1.8400000000000034,0.5867345929145813,0.4649565517902374,0.8432731628417969
20,789,86,66,kl,81.4,-1.0999999999999943,0.6001443862915039,0.48831620812416077,0.9721444845199585
20,789,87,67,kl,82.44,1.039999999999992,0.5620853304862976,0.45248815417289734,0.9429904222488403
20,789,88,68,kl,80.64,-1.7999999999999972,0.5394620299339294,0.4770554006099701,1.2576396465301514
20,789,89,69,kl,83.06,2.4200000000000017,0.5019494295120239,0.4412896931171417,0.937503457069397
20,789,90,70,kl,81.44,-1.6200000000000045,0.5091772675514221,0.4507037401199341,0.9757751226425171
20,789,91,71,kl,81.38,-0.060000000000002274,0.48610734939575195,0.4072359800338745,0.8385142683982849
20,789,92,72,kl,82.36,0.980000000000004,0.5832585096359253,0.48000308871269226,1.2118971347808838
20,789,93,73,kl,80.4,-1.9599999999999937,0.4623222053050995,0.42861121892929077,1.1087960004806519
20,789,94,74,kl,81.54,1.1400000000000006,0.5649760365486145,0.43472304940223694,1.0523262023925781
20,789,95,75,kl,79.98,-1.5600000000000023,0.5246379375457764,0.44084039330482483,1.1651711463928223
20,789,96,76,kl,80.88,0.8999999999999915,0.581957221031189,0.4701767861843109,1.1943914890289307
20,789,97,77,kl,80.82,-0.060000000000002274,0.5482925176620483,0.455834299325943,0.978496789932251
20,789,98,78,kl,80.42,-0.3999999999999915,0.4658955931663513,0.420911580324173,0.9470947980880737
20,789,99,79,kl,79.74,-0.6800000000000068,0.5332071781158447,0.4460392892360687,1.1016968488693237
20,789,100,80,kl,80.2,0.46000000000000796,0.43966391682624817,0.4557807445526123,1.0670559406280518
20,789,101,81,kl,82.4,2.200000000000003,0.37150585651397705,0.3898159861564636,0.9205806255340576
20,789,102,82,kl,80.94,-1.460000000000008,0.5489516854286194,0.46435168385505676,0.9021509885787964
20,789,103,83,kl,81.06,0.12000000000000455,0.4150080680847168,0.39648959040641785,0.9768115878105164
20,789,104,84,kl,82.14,1.0799999999999983,0.5192057490348816,0.45215243101119995,0.7943882942199707
20,789,105,85,ce,82.62,0.480000000000004,0.27333611249923706,0.3448866903781891,1.6310476064682007
20,789,106,86,kl,80.48,-2.1400000000000006,0.48057830333709717,0.4597453474998474,1.076907992362976
20,789,107,87,kl,81.98,1.5,0.5001564621925354,0.4360031187534332,0.8511092066764832
20,789,108,88,kl,82.04,0.060000000000002274,0.5362808704376221,0.4684502184391022,1.1972873210906982
20,789,109,89,kl,82.08,0.03999999999999204,0.5187665224075317,0.4328822195529938,0.9762163162231445
20,789,110,90,kl,81.94,-0.14000000000000057,0.43936294317245483,0.4454851746559143,1.2092108726501465
20,789,111,91,kl,82.38,0.4399999999999977,0.45952388644218445,0.42994269728660583,1.0501141548156738
20,789,112,92,kl,82.0,-0.37999999999999545,0.5323571562767029,0.43477001786231995,1.075896978378296
20,789,113,93,kl,80.9,-1.0999999999999943,0.5202566385269165,0.45452651381492615,1.1777204275131226
20,789,114,94,kl,82.66,1.759999999999991,0.49477502703666687,0.4151249825954437,0.8006202578544617
20,789,115,95,kl,82.3,-0.35999999999999943,0.6181505918502808,0.4737100303173065,1.049629807472229
20,789,116,96,kl,82.22,-0.0799999999999983,0.4593723714351654,0.43616026639938354,0.9102635979652405
20,789,117,97,kl,82.16,-0.060000000000002274,0.6869480013847351,0.500944972038269,0.930348813533783
20,789,118,98,kl,82.44,0.28000000000000114,0.5632255673408508,0.456178218126297,0.8641132712364197
20,789,119,99,kl,81.54,-0.8999999999999915,0.5700387954711914,0.45419958233833313,0.9949730038642883
20,789,120,100,kl,80.96,-0.5800000000000125,0.564780056476593,0.5274447798728943,1.2346270084381104
20,789,121,101,kl,81.36,0.4000000000000057,0.6002519130706787,0.47943568229675293,0.932722270488739
20,789,122,102,kl,79.96,-1.4000000000000057,0.5923886299133301,0.49930697679519653,1.1040089130401611
20,789,123,103,kl,80.56,0.6000000000000085,0.629076361656189,0.5062655210494995,1.1050889492034912
20,789,124,104,kl,81.68,1.1200000000000045,0.4616428315639496,0.4005098342895508,0.8903948664665222
20,789,125,105,kl,82.02,0.3399999999999892,0.35076385736465454,0.4066850244998932,0.8849546313285828
20,789,126,106,ce,81.44,-0.5799999999999983,0.2928857207298279,0.363889217376709,1.5842684507369995
20,789,127,107,kl,81.84,0.4000000000000057,0.4315721094608307,0.4060738682746887,0.8778101205825806
20,789,128,108,kl,80.6,-1.240000000000009,0.6919445991516113,0.5204734802246094,1.3041388988494873
20,789,129,109,kl,82.16,1.5600000000000023,0.5430173277854919,0.43082961440086365,1.0555139780044556
20,789,130,110,kl,81.82,-0.3400000000000034,0.3862053155899048,0.405301958322525,0.8822022676467896
20,789,131,111,kl,80.88,-0.9399999999999977,0.4715661108493805,0.43415749073028564,0.9948698878288269
20,789,132,112,kl,80.38,-0.5,0.48364004492759705,0.417199969291687,1.0946699380874634
20,789,133,113,kl,80.92,0.5400000000000063,0.5678817629814148,0.468381404876709,1.0178943872451782
20,789,134,114,kl,81.72,0.7999999999999972,0.3705808222293854,0.39515799283981323,0.9943715929985046
20,789,135,115,kl,82.56,0.8400000000000034,0.2639663815498352,0.3702593743801117,1.0277488231658936
20,789,136,116,kl,82.96,0.3999999999999915,0.3095182776451111,0.384473979473114,0.8958452939987183
20,789,137,117,kl,80.62,-2.339999999999989,0.5781670808792114,0.49964091181755066,1.2106726169586182
20,789,138,118,kl,81.2,0.5799999999999983,0.3401082754135132,0.36718571186065674,0.9966206550598145
20,789,139,119,kl,81.72,0.519999999999996,0.5679200887680054,0.4614454507827759,1.024340033531189
20,789,140,120,kl,81.98,0.2600000000000051,0.44330987334251404,0.4184328019618988,0.769719660282135
20,789,141,121,kl,82.54,0.5600000000000023,0.6314101219177246,0.49339935183525085,1.0281368494033813
20,789,142,122,kl,81.18,-1.3599999999999994,0.5850900411605835,0.45460495352745056,0.9907712936401367
20,789,143,123,kl,82.42,1.2399999999999949,0.4626273214817047,0.4384767413139343,0.9516805410385132
20,789,144,124,kl,81.7,-0.7199999999999989,0.3957161605358124,0.3854665756225586,0.987007737159729
20,789,145,125,kl,82.98,1.2800000000000011,0.5351184010505676,0.4214453101158142,0.8677316904067993
20,789,146,126,kl,81.8,-1.1800000000000068,0.4355131983757019,0.4486524164676666,1.0164246559143066
20,789,147,127,ce,81.88,0.0799999999999983,0.36684292554855347,0.37431105971336365,1.7378836870193481
20,789,148,128,kl,81.74,-0.14000000000000057,0.5307456851005554,0.4604499638080597,1.1372274160385132
20,789,149,129,kl,81.02,-0.7199999999999989,0.33038896322250366,0.37907400727272034,1.1266059875488281
20,789,150,130,kl,78.8,-2.219999999999999,0.6352605819702148,0.5176247954368591,1.399112343788147
20,789,151,131,kl,82.1,3.299999999999997,0.337718665599823,0.39932772517204285,0.961331844329834
20,789,152,132,kl,82.16,0.060000000000002274,0.4757135510444641,0.42158350348472595,0.9359345436096191
20,789,153,133,kl,81.6,-0.5600000000000023,0.47166621685028076,0.44896963238716125,1.2528895139694214
20,789,154,134,kl,82.42,0.8200000000000074,0.41664132475852966,0.3815663456916809,0.7852844595909119
20,789,155,135,kl,81.58,-0.8400000000000034,0.5470823049545288,0.42119601368904114,0.941153347492218
20,789,156,136,kl,82.4,0.8200000000000074,0.497793048620224,0.4013075828552246,0.8315017819404602
20,789,157,137,kl,82.22,-0.18000000000000682,0.5076546669006348,0.4482232928276062,0.880104660987854
20,789,158,138,kl,81.82,-0.4000000000000057,0.4943026900291443,0.46086859703063965,1.1629884243011475
20,789,159,139,kl,82.88,1.0600000000000023,0.5124884247779846,0.4209776222705841,0.9355108737945557
20,789,160,140,kl,82.04,-0.8399999999999892,0.5376874208450317,0.4212692677974701,1.0216234922409058
20,789,161,141,kl,81.92,-0.12000000000000455,0.5020039081573486,0.4387013018131256,1.0000091791152954
20,789,162,142,kl,82.42,0.5,0.555829644203186,0.46888744831085205,1.091834306716919
20,789,163,143,kl,81.46,-0.960000000000008,0.4794010519981384,0.4141272008419037,0.9156553149223328
20,789,164,144,kl,82.78,1.3200000000000074,0.4071118235588074,0.4048376977443695,0.831152081489563
20,789,165,145,kl,82.0,-0.7800000000000011,0.4697863459587097,0.4210699200630188,1.0392526388168335
20,789,166,146,kl,81.26,-0.7399999999999949,0.4979403614997864,0.4683769643306732,1.1183356046676636
20,789,167,147,kl,80.34,-0.9200000000000017,0.6110840439796448,0.5448246002197266,1.1085941791534424
20,789,168,148,ce,81.24,0.8999999999999915,0.31587982177734375,0.32656341791152954,1.682652235031128
20,789,169,149,kl,81.56,0.3200000000000074,0.5165246725082397,0.4843231439590454,1.1771334409713745
20,789,170,150,kl,82.06,0.5,0.5958282947540283,0.48373499512672424,1.006473422050476
20,789,171,151,kl,82.84,0.7800000000000011,0.47730666399002075,0.4349517524242401,0.8769741654396057
20,789,172,152,kl,81.88,-0.960000000000008,0.4827009439468384,0.41371846199035645,0.9741857647895813
20,789,173,153,kl,79.64,-2.239999999999995,0.6820411682128906,0.5236331820487976,1.0581881999969482
20,789,174,154,kl,82.5,2.8599999999999994,0.3213137686252594,0.3935377299785614,0.9106442332267761
20,789,175,155,kl,82.42,-0.0799999999999983,0.39826756715774536,0.406113862991333,0.9496485590934753
20,789,176,156,kl,82.84,0.4200000000000017,0.5802451372146606,0.4693669378757477,0.829810619354248
20,789,177,157,kl,82.04,-0.7999999999999972,0.43444353342056274,0.4123080372810364,0.7518654465675354
20,789,178,158,kl,82.62,0.5799999999999983,0.447843998670578,0.3830851912498474,0.9780703783035278
20,789,179,159,kl,81.98,-0.6400000000000006,0.5149592161178589,0.4290876090526581,0.9004173874855042
20,789,180,160,kl,80.26,-1.7199999999999989,0.37589001655578613,0.40883901715278625,1.0676095485687256
20,789,181,161,kl,82.22,1.9599999999999937,0.3879457116127014,0.3834623098373413,0.9192810654640198
20,789,182,162,kl,81.86,-0.35999999999999943,0.48181119561195374,0.4421248733997345,0.9669535160064697
20,789,183,163,kl,82.38,0.519999999999996,0.5232952237129211,0.4406231939792633,0.8419777154922485
20,789,184,164,kl,81.48,-0.8999999999999915,0.38592231273651123,0.39942994713783264,0.8501688838005066
20,789,185,165,kl,80.58,-0.9000000000000057,0.44456398487091064,0.39591747522354126,0.8099958300590515
20,789,186,166,kl,81.86,1.2800000000000011,0.564193844795227,0.48293954133987427,1.0383708477020264
20,789,187,167,kl,81.6,-0.2600000000000051,0.39830470085144043,0.43239912390708923,0.899430513381958
20,789,188,168,kl,82.06,0.46000000000000796,0.5444797873497009,0.4828687608242035,1.0775939226150513
20,789,189,169,ce,82.14,0.0799999999999983,0.2710087299346924,0.36042848229408264,1.6631989479064941
20,789,190,170,kl,81.1,-1.0400000000000063,0.605610728263855,0.49031591415405273,0.9604588747024536
20,789,191,171,kl,81.92,0.8200000000000074,0.4050687849521637,0.401116281747818,0.9621717929840088
20,789,192,172,kl,82.64,0.7199999999999989,0.5130314826965332,0.44048091769218445,0.9213292598724365
20,789,193,173,kl,82.84,0.20000000000000284,0.49901777505874634,0.4346195161342621,1.0613553524017334
20,789,194,174,kl,81.82,-1.0200000000000102,0.5408881902694702,0.442791610956192,0.9589816331863403
20,789,195,175,kl,82.36,0.5400000000000063,0.49411776661872864,0.46030426025390625,1.1440072059631348
20,789,196,176,kl,80.74,-1.6200000000000045,0.5776752233505249,0.45825597643852234,1.056455373764038
20,789,197,177,kl,82.1,1.3599999999999994,0.49818819761276245,0.43916550278663635,1.0621371269226074
20,789,198,178,kl,82.34,0.2400000000000091,0.35059672594070435,0.3967092037200928,1.090975046157837
20,789,199,179,kl,82.22,-0.12000000000000455,0.384615421295166,0.4085119366645813,1.045465350151062
20,789,200,180,kl,82.46,0.23999999999999488,0.4413624405860901,0.42944613099098206,0.9488368034362793
20,789,201,181,kl,82.4,-0.05999999999998806,0.38682883977890015,0.3900151550769806,0.9792483448982239
20,789,202,182,kl,81.86,-0.5400000000000063,0.5665010213851929,0.4309535622596741,0.8958883881568909
20,789,203,183,kl,82.02,0.1599999999999966,0.5859426259994507,0.4702673554420471,0.8185131549835205
20,789,204,184,kl,81.38,-0.6400000000000006,0.5481717586517334,0.47887957096099854,0.9152845740318298
20,789,205,185,kl,80.8,-0.5799999999999983,0.37765851616859436,0.38168469071388245,1.0571938753128052
20,789,206,186,kl,81.98,1.1800000000000068,0.3464208245277405,0.389663428068161,1.0952543020248413
20,789,207,187,kl,82.0,0.01999999999999602,0.48946598172187805,0.4185715615749359,0.9792636632919312
20,789,208,188,kl,82.22,0.21999999999999886,0.4984096884727478,0.44338488578796387,0.8293297290802002
20,789,209,189,kl,81.84,-0.37999999999999545,0.5544354915618896,0.4585019052028656,1.07830011844635
20,789,210,190,ce,81.64,-0.20000000000000284,0.37268686294555664,0.33061426877975464,1.9734622240066528
20,789,211,191,kl,82.62,0.980000000000004,0.4503658711910248,0.4495853781700134,1.015199065208435
20,789,212,192,kl,81.78,-0.8400000000000034,0.4402329623699188,0.4247933328151703,0.936847984790802
20,789,213,193,kl,82.78,1.0,0.44912850856781006,0.41238394379615784,0.8914600610733032
20,789,214,194,kl,82.12,-0.6599999999999966,0.5114530920982361,0.44058579206466675,0.9694491028785706
20,789,215,195,kl,81.94,-0.18000000000000682,0.4874421954154968,0.44556891918182373,0.9314005374908447
20,789,216,196,kl,80.9,-1.039999999999992,0.48615673184394836,0.4200802445411682,1.033122181892395
20,789,217,197,kl,82.28,1.3799999999999955,0.4900546371936798,0.46782806515693665,0.9588266611099243
20,789,218,198,kl,82.54,0.2600000000000051,0.5603446960449219,0.44178110361099243,0.8654069900512695
20,789,219,199,kl,81.76,-0.7800000000000011,0.6095982789993286,0.45267945528030396,0.8762446641921997
20,789,220,200,kl,82.08,0.3199999999999932,0.37321001291275024,0.4137105345726013,0.8508515954017639
20,789,221,201,kl,82.14,0.060000000000002274,0.37026160955429077,0.38972392678260803,0.9351836442947388
20,789,222,202,kl,82.62,0.480000000000004,0.3559340238571167,0.3947201669216156,0.9513887763023376
20,789,223,203,kl,82.74,0.11999999999999034,0.40354615449905396,0.40327543020248413,0.8678563237190247
20,789,224,204,kl,81.98,-0.7599999999999909,0.5298547148704529,0.4759509563446045,1.0942376852035522
20,789,225,205,kl,81.96,-0.020000000000010232,0.5855923891067505,0.4831317663192749,0.9207797646522522
20,789,226,206,kl,82.02,0.060000000000002274,0.4621257483959198,0.41600894927978516,1.0198200941085815
20,789,227,207,kl,81.46,-0.5600000000000023,0.48536765575408936,0.4287354052066803,0.9347257614135742
20,789,228,208,kl,81.74,0.28000000000000114,0.3325398564338684,0.3888939321041107,0.7825431227684021
20,789,229,209,kl,82.68,0.9400000000000119,0.37922826409339905,0.4174821376800537,0.9478283524513245
20,789,230,210,kl,81.56,-1.1200000000000045,0.5252202153205872,0.4457213580608368,0.9226396083831787
20,789,231,211,ce,79.16,-2.4000000000000057,0.3865838646888733,0.4039941728115082,1.628889560699463
20,789,232,212,kl,81.78,2.6200000000000045,0.6402457356452942,0.49424800276756287,1.1389071941375732
20,789,233,213,kl,81.28,-0.5,0.597855269908905,0.4567108154296875,1.0537852048873901
20,789,234,214,kl,81.96,0.6799999999999926,0.5424444675445557,0.47110334038734436,1.1831361055374146
20,789,235,215,kl,82.24,0.28000000000000114,0.3710837960243225,0.40843552350997925,0.8741024732589722
20,789,236,216,kl,82.5,0.2600000000000051,0.5607312321662903,0.45598089694976807,1.1959282159805298
20,789,237,217,kl,82.76,0.2600000000000051,0.46091121435165405,0.4679383635520935,1.0020931959152222
20,789,238,218,kl,82.54,-0.21999999999999886,0.5255724787712097,0.4439212381839752,0.8584974408149719
20,789,239,219,kl,83.38,0.8399999999999892,0.3746304214000702,0.42702239751815796,0.841630756855011
20,789,240,220,kl,81.44,-1.9399999999999977,0.4041603207588196,0.4141668677330017,0.8367231488227844
20,789,241,221,kl,82.9,1.460000000000008,0.287585973739624,0.36443519592285156,1.0138354301452637
20,789,242,222,kl,82.12,-0.7800000000000011,0.39904215931892395,0.4367872178554535,1.0882086753845215
20,789,243,223,kl,82.44,0.3199999999999932,0.42543482780456543,0.4039895534515381,1.0338382720947266
20,789,244,224,kl,82.06,-0.37999999999999545,0.4183458685874939,0.4358869194984436,1.1828516721725464
20,789,245,225,kl,80.82,-1.240000000000009,0.5028160810470581,0.4417054057121277,0.9818903803825378
20,789,246,226,kl,82.0,1.1800000000000068,0.4576646089553833,0.41434645652770996,0.9017019867897034
20,789,247,227,kl,81.94,-0.060000000000002274,0.5115358829498291,0.4270355999469757,0.869435727596283
20,789,248,228,kl,82.62,0.6800000000000068,0.4619930386543274,0.41972944140434265,1.0292447805404663
20,789,249,229,kl,82.06,-0.5600000000000023,0.4330326020717621,0.42521795630455017,1.0075052976608276
20,789,250,230,kl,82.06,0.0,0.5809353590011597,0.46189725399017334,0.9339780807495117
20,789,251,231,kl,82.3,0.23999999999999488,0.5033503174781799,0.46287888288497925,0.8686288595199585
20,789,252,232,ce,81.22,-1.0799999999999983,0.4281063675880432,0.41574496030807495,1.7887964248657227
20,789,253,233,kl,82.62,1.4000000000000057,0.5332591533660889,0.4764876365661621,0.8476547002792358
20,789,254,234,kl,82.38,-0.2400000000000091,0.47390419244766235,0.4451279938220978,1.08172607421875
20,789,255,235,kl,83.34,0.960000000000008,0.5217334032058716,0.4291355013847351,0.8839735388755798
20,789,256,236,kl,80.66,-2.680000000000007,0.7114884853363037,0.552212119102478,1.3801565170288086
20,789,257,237,kl,82.04,1.3800000000000097,0.554405927658081,0.4666585922241211,1.107263207435608
20,789,258,238,kl,82.3,0.2599999999999909,0.4185973107814789,0.3957463502883911,0.9821998476982117
20,789,259,239,kl,82.5,0.20000000000000284,0.38329169154167175,0.3975587487220764,0.8861618638038635
20,789,260,240,kl,80.62,-1.8799999999999955,0.5975508689880371,0.4974270462989807,0.9328351616859436
20,789,261,241,kl,81.44,0.8199999999999932,0.4981412887573242,0.42331406474113464,0.9191901683807373
20,789,262,242,kl,82.78,1.3400000000000034,0.4678809344768524,0.4256337881088257,0.9273036122322083
20,789,263,243,kl,82.46,-0.3200000000000074,0.49195942282676697,0.44285717606544495,1.1903307437896729
20,789,264,244,kl,82.5,0.04000000000000625,0.49701404571533203,0.43257787823677063,0.8625330924987793
20,789,265,245,kl,82.74,0.23999999999999488,0.43970629572868347,0.41774094104766846,0.952659010887146
20,789,266,246,kl,82.36,-0.37999999999999545,0.4961317479610443,0.42852887511253357,0.9124391078948975
20,789,267,247,kl,83.06,0.7000000000000028,0.35787466168403625,0.39593058824539185,0.8590108156204224
20,789,268,248,kl,83.52,0.45999999999999375,0.46431511640548706,0.4294961094856262,0.8496779799461365
20,789,269,249,kl,81.92,-1.5999999999999943,0.5695674419403076,0.4707655906677246,1.1352596282958984
20,789,270,250,kl,82.16,0.23999999999999488,0.49921905994415283,0.44452109932899475,0.946488618850708
20,789,271,251,kl,83.0,0.8400000000000034,0.6491097211837769,0.5095718502998352,1.2912508249282837
20,789,272,252,kl,80.9,-2.0999999999999943,0.5604305863380432,0.5017968416213989,1.0887782573699951
20,789,273,253,ce,81.6,0.6999999999999886,0.26079487800598145,0.370526522397995,1.4961780309677124
20,789,274,254,kl,82.3,0.7000000000000028,0.5476436018943787,0.43400683999061584,0.9303421974182129
20,789,275,255,kl,82.48,0.18000000000000682,0.5697857141494751,0.45272096991539,1.0236759185791016
20,789,276,256,kl,80.14,-2.3400000000000034,0.5555111765861511,0.4656802713871002,1.04996919631958
20,789,277,257,kl,82.14,2.0,0.4735738933086395,0.4326997399330139,0.8851699233055115
20,789,278,258,kl,82.92,0.7800000000000011,0.34331271052360535,0.3926312327384949,0.9088594317436218
20,789,279,259,kl,82.6,-0.3200000000000074,0.4395705461502075,0.41000816226005554,1.0695451498031616
20,789,280,260,kl,82.32,-0.28000000000000114,0.4633066654205322,0.4187440574169159,0.9618933200836182
20,789,281,261,kl,82.88,0.5600000000000023,0.3801291584968567,0.428214430809021,1.0680335760116577
20,789,282,262,kl,77.92,-4.959999999999994,0.5426453948020935,0.4590320289134979,1.084270715713501
20,789,283,263,kl,81.36,3.4399999999999977,0.4057430624961853,0.4025733768939972,0.9588028788566589
20,789,284,264,kl,83.08,1.7199999999999989,0.5442342758178711,0.43687984347343445,0.9470958709716797
20,789,285,265,kl,79.54,-3.539999999999992,0.6183059215545654,0.522828221321106,1.4525604248046875
20,789,286,266,kl,80.82,1.279999999999987,0.4643409550189972,0.40821295976638794,0.8584802746772766
20,789,287,267,kl,81.12,0.30000000000001137,0.5259281396865845,0.436077743768692,0.9803937077522278
20,789,288,268,kl,83.0,1.8799999999999955,0.4870314598083496,0.43291497230529785,0.9588891267776489
20,789,289,269,kl,80.6,-2.4000000000000057,0.5149328708648682,0.4557212293148041,1.1283475160598755
20,789,290,270,kl,82.02,1.4200000000000017,0.40123826265335083,0.4015582501888275,0.9164279699325562
20,789,291,271,kl,81.92,-0.09999999999999432,0.5702728629112244,0.4960005581378937,1.0074191093444824
20,789,292,272,kl,80.0,-1.9200000000000017,0.5259556770324707,0.48396429419517517,1.1293210983276367
20,789,293,273,kl,82.64,2.6400000000000006,0.4733041524887085,0.4329245388507843,1.0612006187438965
20,789,294,274,ce,81.54,-1.0999999999999943,0.3190803825855255,0.3665809631347656,1.7299615144729614
20,789,295,275,kl,81.48,-0.060000000000002274,0.41809841990470886,0.4218611419200897,0.9311909675598145
20,789,296,276,kl,82.74,1.259999999999991,0.4361933469772339,0.4067669212818146,1.0163556337356567
20,789,297,277,kl,82.14,-0.5999999999999943,0.636329174041748,0.518191933631897,1.1161223649978638
20,789,298,278,kl,81.64,-0.5,0.4430048167705536,0.43276312947273254,0.9622470140457153
20,789,299,279,kl,82.7,1.0600000000000023,0.5472610592842102,0.4664418697357178,1.1865755319595337
20,789,300,280,kl,81.36,-1.3400000000000034,0.47705695033073425,0.438200443983078,0.9635562896728516
20,789,301,281,kl,78.9,-2.4599999999999937,0.4420889616012573,0.41704174876213074,1.2208945751190186
20,789,302,282,kl,81.6,2.6999999999999886,0.5538290143013,0.4517754912376404,0.9291771650314331
20,789,303,283,kl,81.04,-0.5599999999999881,0.6027708053588867,0.487204909324646,1.2386009693145752
20,789,304,284,kl,80.8,-0.2400000000000091,0.5921159982681274,0.45697835087776184,1.0600606203079224
20,789,305,285,kl,82.7,1.9000000000000057,0.5477774739265442,0.4539763927459717,0.9658864140510559
20,789,306,286,kl,82.62,-0.0799999999999983,0.5982381701469421,0.4651795029640198,0.9482957124710083
20,789,307,287,kl,81.68,-0.9399999999999977,0.6105170249938965,0.4811120927333832,1.1080223321914673
20,789,308,288,kl,82.2,0.519999999999996,0.5378271341323853,0.49717387557029724,0.9349006414413452
20,789,309,289,kl,81.38,-0.8200000000000074,0.4643186926841736,0.39976805448532104,0.974487841129303
20,789,310,290,kl,83.22,1.8400000000000034,0.5402673482894897,0.42995548248291016,0.9400663375854492
20,789,311,291,kl,83.26,0.04000000000000625,0.3858056366443634,0.41752365231513977,0.9133310914039612
20,789,312,292,kl,81.34,-1.9200000000000017,0.5065726041793823,0.4859539568424225,1.240224838256836
20,789,313,293,kl,80.26,-1.0799999999999983,0.626765251159668,0.48277559876441956,1.2724331617355347
20,789,314,294,kl,82.06,1.7999999999999972,0.4880225956439972,0.417482852935791,1.0538334846496582
20,789,315,295,ce,82.88,0.8199999999999932,0.2650168538093567,0.3368847966194153,1.5735020637512207
20,789,316,296,kl,82.5,-0.37999999999999545,0.659380316734314,0.4960501492023468,1.1682153940200806
20,789,317,297,kl,82.04,-0.45999999999999375,0.40847471356391907,0.401067852973938,1.0931881666183472
20,789,318,298,kl,82.5,0.45999999999999375,0.47125664353370667,0.47546425461769104,1.0444064140319824
20,789,319,299,kl,83.2,0.7000000000000028,0.47124117612838745,0.42331191897392273,0.7545205950737
20,789,320,300,kl,82.86,-0.3400000000000034,0.6104902625083923,0.4677450358867645,0.929012656211853
20,789,321,301,kl,81.86,-1.0,0.476656436920166,0.45787927508354187,1.013279676437378
20,789,322,302,kl,82.62,0.7600000000000051,0.5705307722091675,0.4256068170070648,0.8600844144821167
20,789,323,303,kl,81.92,-0.7000000000000028,0.5017366409301758,0.4479152262210846,0.9959819316864014
20,789,324,304,kl,81.54,-0.37999999999999545,0.5934198498725891,0.48777520656585693,1.099642276763916
20,789,325,305,kl,82.36,0.8199999999999932,0.6706070899963379,0.5087760090827942,0.9706986546516418
20,789,326,306,kl,81.74,-0.6200000000000045,0.6170757412910461,0.4969191253185272,1.1562198400497437
20,789,327,307,kl,83.32,1.5799999999999983,0.4983953535556793,0.44585734605789185,1.0167202949523926
20,789,328,308,kl,81.84,-1.4799999999999898,0.6075713634490967,0.4917186200618744,1.111579418182373
20,789,329,309,kl,82.82,0.9799999999999898,0.3773796856403351,0.38824135065078735,0.9389052987098694
20,789,330,310,kl,81.84,-0.9799999999999898,0.4540320038795471,0.4152510464191437,0.9811877608299255
20,789,331,311,kl,82.34,0.5,0.45388707518577576,0.4494668245315552,0.942726194858551
20,789,332,312,kl,82.4,0.060000000000002274,0.4297647774219513,0.43244147300720215,0.864902675151825
20,789,333,313,kl,82.46,0.05999999999998806,0.48621416091918945,0.41706615686416626,0.8895568251609802
20,789,334,314,kl,83.6,1.1400000000000006,0.5520823001861572,0.456581711769104,0.9446123838424683
20,789,335,315,kl,82.54,-1.059999999999988,0.47556501626968384,0.42922165989875793,1.0418022871017456
20,789,336,316,ce,82.78,0.23999999999999488,0.36021071672439575,0.3837798535823822,1.6662503480911255
20,789,337,317,kl,81.2,-1.5799999999999983,0.5538575649261475,0.4523710608482361,1.014732003211975
20,789,338,318,kl,81.0,-0.20000000000000284,0.4287331700325012,0.4582371711730957,1.038202166557312
20,789,339,319,kl,82.84,1.8400000000000034,0.47643598914146423,0.4574369490146637,1.0554933547973633
20,789,340,320,kl,81.06,-1.7800000000000011,0.5030536651611328,0.44419482350349426,1.0275318622589111
20,789,341,321,kl,82.5,1.4399999999999977,0.5075368881225586,0.42815443873405457,0.9508130550384521
20,789,342,322,kl,83.2,0.7000000000000028,0.5357529520988464,0.45975857973098755,0.8894377946853638
20,789,343,323,kl,82.32,-0.8800000000000097,0.6433851718902588,0.5187303423881531,0.9729601740837097
20,789,344,324,kl,82.34,0.020000000000010232,0.5350573062896729,0.45290377736091614,0.8124926090240479
20,789,345,325,kl,82.06,-0.28000000000000114,0.5638095140457153,0.4787319004535675,0.9770175218582153
20,789,346,326,kl,81.12,-0.9399999999999977,0.5834671258926392,0.5164523124694824,1.2989225387573242
20,789,347,327,kl,82.98,1.8599999999999994,0.4308042824268341,0.4144655168056488,0.8127045631408691
20,789,348,328,kl,81.56,-1.4200000000000017,0.3901796340942383,0.39278677105903625,0.8315848112106323
20,789,349,329,kl,82.9,1.3400000000000034,0.5081584453582764,0.3941929042339325,0.8505220413208008
20,789,350,330,kl,81.76,-1.1400000000000006,0.4273867607116699,0.3942078649997711,0.9056901335716248
20,789,351,331,kl,81.4,-0.35999999999999943,0.5574144124984741,0.45827415585517883,1.0561230182647705
20,789,352,332,kl,81.18,-0.21999999999999886,0.4867051839828491,0.46789324283599854,1.0884078741073608
20,789,353,333,kl,82.42,1.2399999999999949,0.4764413833618164,0.44194287061691284,0.865838885307312
20,789,354,334,kl,82.34,-0.0799999999999983,0.27129170298576355,0.375232070684433,0.9066696166992188
20,789,355,335,kl,81.42,-0.9200000000000017,0.4074716567993164,0.4366486668586731,0.8088100552558899
20,789,356,336,kl,82.58,1.1599999999999966,0.45697933435440063,0.4575057625770569,1.0964057445526123
20,789,357,337,ce,80.66,-1.9200000000000017,0.24200782179832458,0.3382595181465149,1.7099837064743042
20,789,358,338,kl,82.96,2.299999999999997,0.37241965532302856,0.41309353709220886,0.8177710175514221
20,789,359,339,kl,79.78,-3.1799999999999926,0.6204656362533569,0.4991779923439026,1.1214560270309448
20,789,360,340,kl,82.3,2.519999999999996,0.337241530418396,0.431864857673645,0.8540785908699036
20,789,361,341,kl,81.58,-0.7199999999999989,0.3990319073200226,0.41903555393218994,1.0156662464141846
20,789,362,342,kl,82.16,0.5799999999999983,0.4586918354034424,0.4380868971347809,1.0841909646987915
20,789,363,343,kl,82.6,0.4399999999999977,0.4353996217250824,0.41335052251815796,0.8873804211616516
20,789,364,344,kl,82.48,-0.11999999999999034,0.4996732771396637,0.43115121126174927,0.8837700486183167
20,789,365,345,kl,82.44,-0.04000000000000625,0.6095921993255615,0.47474148869514465,0.8734104037284851
20,789,366,346,kl,82.28,-0.1599999999999966,0.4307517409324646,0.4309377074241638,1.0156854391098022
20,789,367,347,kl,83.92,1.6400000000000006,0.4314315915107727,0.3900209069252014,0.8868995904922485
20,789,368,348,kl,82.48,-1.4399999999999977,0.5671876072883606,0.5028045177459717,0.878602147102356
20,789,369,349,kl,81.0,-1.480000000000004,0.604362964630127,0.5038172006607056,1.0008841753005981
20,789,370,350,kl,81.54,0.5400000000000063,0.6444880962371826,0.5081050992012024,1.018562912940979
20,789,371,351,kl,80.68,-0.8599999999999994,0.46150416135787964,0.46538659930229187,1.1764031648635864
20,789,372,352,kl,81.8,1.1199999999999903,0.5076941847801208,0.46875348687171936,0.8969962000846863
20,789,373,353,kl,82.86,1.0600000000000023,0.4205290675163269,0.4235963225364685,1.0075812339782715
20,789,374,354,kl,81.94,-0.9200000000000017,0.5576107501983643,0.46346142888069153,0.900760293006897
20,789,375,355,kl,81.56,-0.37999999999999545,0.42786234617233276,0.4399000108242035,1.0966992378234863
20,789,376,356,kl,81.68,0.12000000000000455,0.5366125702857971,0.48348933458328247,0.979485809803009
20,789,377,357,kl,81.78,0.09999999999999432,0.49290433526039124,0.45940035581588745,1.1070010662078857
20,789,378,358,ce,81.28,-0.5,0.3631320893764496,0.370294451713562,1.8828412294387817
20,789,379,359,kl,81.64,0.35999999999999943,0.6060543060302734,0.48674410581588745,1.0283793210983276
20,789,380,360,kl,80.72,-0.9200000000000017,0.5297237038612366,0.4679428040981293,1.0428529977798462
20,789,381,361,kl,82.14,1.4200000000000017,0.5056283473968506,0.45465049147605896,1.0874427556991577
20,789,382,362,kl,81.54,-0.5999999999999943,0.5230618715286255,0.475897878408432,0.9881370067596436
20,789,383,363,kl,82.46,0.9199999999999875,0.48562249541282654,0.4541919529438019,0.9001046419143677
20,789,384,364,kl,81.68,-0.7799999999999869,0.5430853962898254,0.43431249260902405,0.9926977157592773
20,789,385,365,kl,82.04,0.35999999999999943,0.5636770725250244,0.5083919167518616,1.1100499629974365
20,789,386,366,kl,81.66,-0.38000000000000966,0.4477606415748596,0.44399216771125793,1.0863289833068848
20,789,387,367,kl,82.46,0.7999999999999972,0.4834166169166565,0.43254002928733826,0.9448807835578918
20,789,388,368,kl,81.08,-1.3799999999999955,0.5703248381614685,0.4802462160587311,1.0826913118362427
20,789,389,369,kl,82.26,1.1800000000000068,0.4643068015575409,0.42259401082992554,0.7121213674545288
20,789,390,370,kl,82.26,0.0,0.5184993147850037,0.4663572311401367,0.9847787022590637
20,789,391,371,kl,81.86,-0.4000000000000057,0.4980854392051697,0.4485420882701874,0.9102451205253601
20,789,392,372,kl,81.88,0.01999999999999602,0.44365638494491577,0.41771936416625977,0.9277392625808716
20,789,393,373,kl,81.5,-0.37999999999999545,0.6041128039360046,0.4694701135158539,0.8185967206954956
20,789,394,374,kl,80.72,-0.7800000000000011,0.4394690990447998,0.43663331866264343,0.926649808883667
20,789,395,375,kl,80.78,0.060000000000002274,0.6468541026115417,0.5199960470199585,1.1149078607559204
20,789,396,376,kl,83.12,2.3400000000000034,0.4616508483886719,0.4282546937465668,0.8802564144134521
20,789,397,377,kl,83.48,0.35999999999999943,0.4160505533218384,0.41455474495887756,0.85807204246521
20,789,398,378,kl,82.92,-0.5600000000000023,0.5096964836120605,0.43762725591659546,0.9063242077827454
20,789,399,379,ce,82.72,-0.20000000000000284,0.2626954913139343,0.37168002128601074,1.5704344511032104
20,789,400,380,kl,82.12,-0.5999999999999943,0.459916889667511,0.4260373115539551,0.9867638945579529
20,789,401,381,kl,80.82,-1.3000000000000114,0.5863988399505615,0.49798524379730225,1.178302526473999
20,789,402,382,kl,82.26,1.440000000000012,0.4357702434062958,0.4202783405780792,0.9301644563674927
20,789,403,383,kl,81.76,-0.5,0.39481186866760254,0.4053519666194916,0.8807860612869263
20,789,404,384,kl,83.06,1.2999999999999972,0.42498552799224854,0.43341076374053955,0.9189448356628418
20,789,405,385,kl,82.5,-0.5600000000000023,0.5204888582229614,0.42359161376953125,0.7948306202888489
20,789,406,386,kl,82.94,0.4399999999999977,0.6078974008560181,0.4842190742492676,1.0892225503921509
20,789,407,387,kl,82.14,-0.7999999999999972,0.3515806198120117,0.38050517439842224,1.0034252405166626
20,789,408,388,kl,82.08,-0.060000000000002274,0.429842472076416,0.4200873374938965,0.9988160729408264
20,789,409,389,kl,82.22,0.14000000000000057,0.4741092026233673,0.4434414803981781,0.9263875484466553
20,789,410,390,kl,82.54,0.3200000000000074,0.5939218401908875,0.49312132596969604,1.010966420173645
20,789,411,391,kl,81.96,-0.5800000000000125,0.5653472542762756,0.444052129983902,1.1106197834014893
20,789,412,392,kl,82.42,0.46000000000000796,0.48445820808410645,0.44707250595092773,1.0597851276397705
20,789,413,393,kl,82.9,0.480000000000004,0.3144644498825073,0.4042954742908478,0.9432882070541382
20,789,414,394,kl,81.58,-1.3200000000000074,0.5467009544372559,0.4641475975513458,0.9799167513847351
20,789,415,395,kl,80.62,-0.9599999999999937,0.5832349061965942,0.4788491427898407,1.0563451051712036
20,789,416,396,kl,82.02,1.3999999999999915,0.45582205057144165,0.4268524944782257,0.928568422794342
20,789,417,397,kl,82.92,0.9000000000000057,0.4250265657901764,0.40645265579223633,0.8496071696281433
20,789,418,398,kl,82.32,-0.6000000000000085,0.5270376205444336,0.46188464760780334,1.0442854166030884
20,789,419,399,kl,81.6,-0.7199999999999989,0.5211566686630249,0.4365695118904114,0.9467243552207947
20,789,420,400,ce,81.26,-0.3399999999999892,0.3427773118019104,0.3596321642398834,1.5985275506973267
40,123,1,-39,kl,28.76,19.26,0.24815809726715088,0.766279399394989,1.4085204601287842
40,123,2,-38,kl,45.58,16.819999999999997,0.33681589365005493,0.5640391707420349,1.0933659076690674
40,123,3,-37,kl,47.7,2.1200000000000045,0.5572839975357056,0.6736159324645996,1.7950152158737183
40,123,4,-36,kl,58.38,10.68,0.553739607334137,0.5639604926109314,1.47633957862854
40,123,5,-35,kl,60.74,2.3599999999999994,0.33936312794685364,0.47205695509910583,1.281702995300293
40,123,6,-34,kl,65.52,4.779999999999994,0.3579123616218567,0.4568028450012207,1.138263463973999
40,123,7,-33,kl,69.34,3.8200000000000074,0.716596782207489,0.5217061042785645,1.183243989944458
40,123,8,-32,kl,71.94,2.5999999999999943,0.35095036029815674,0.38430705666542053,0.9933090806007385
40,123,9,-31,kl,70.84,-1.0999999999999943,0.6132403016090393,0.5134503245353699,1.3028626441955566
40,123,10,-30,kl,69.88,-0.960000000000008,0.6449888348579407,0.5224120020866394,1.1647151708602905
40,123,11,-29,kl,71.7,1.8200000000000074,0.5770930051803589,0.5078350901603699,1.2779450416564941
40,123,12,-28,kl,74.52,2.819999999999993,0.25114741921424866,0.3953630030155182,0.9721992611885071
40,123,13,-27,kl,75.32,0.7999999999999972,0.7108273506164551,0.5175135731697083,0.9627529978752136
40,123,14,-26,kl,74.12,-1.1999999999999886,0.6521415114402771,0.4513501822948456,0.8929886221885681
40,123,15,-25,kl,76.96,2.839999999999989,0.6936797499656677,0.4908312261104584,0.9900508522987366
40,123,16,-24,kl,76.36,-0.5999999999999943,0.5253432989120483,0.400453120470047,0.8373075127601624
40,123,17,-23,kl,75.02,-1.3400000000000034,0.6070766448974609,0.4977710545063019,1.0518932342529297
40,123,18,-22,kl,77.62,2.6000000000000085,0.6490989923477173,0.5029921531677246,1.1459777355194092
40,123,19,-21,kl,77.64,0.01999999999999602,0.6207571625709534,0.47942450642585754,1.131894588470459
40,123,20,-20,kl,78.98,1.3400000000000034,0.5770043134689331,0.48261240124702454,1.024104118347168
40,123,21,-19,kl,77.66,-1.3200000000000074,0.5602712631225586,0.47070181369781494,0.9902832508087158
40,123,22,-18,kl,78.22,0.5600000000000023,0.6696640253067017,0.4869946241378784,0.9171908497810364
40,123,23,-17,kl,78.04,-0.1799999999999926,0.6040937304496765,0.5205807089805603,1.1475470066070557
40,123,24,-16,kl,78.48,0.4399999999999977,0.5254294276237488,0.49408555030822754,1.0376828908920288
40,123,25,-15,kl,80.14,1.6599999999999966,0.5373941659927368,0.431628942489624,0.8869598507881165
40,123,26,-14,kl,78.42,-1.7199999999999989,0.6803592443466187,0.5095815062522888,1.0555888414382935
40,123,27,-13,kl,79.12,0.7000000000000028,0.5269150733947754,0.4215475618839264,0.8774948120117188
40,123,28,-12,kl,80.22,1.0999999999999943,0.3119053244590759,0.37744632363319397,0.9331337809562683
40,123,29,-11,kl,77.16,-3.0600000000000023,0.7024067044258118,0.5729700326919556,1.1384477615356445
40,123,30,-10,kl,79.94,2.780000000000001,0.6322635412216187,0.5278864502906799,1.0807121992111206
40,123,31,-9,kl,77.82,-2.1200000000000045,0.6798685193061829,0.5525440573692322,1.1018935441970825
40,123,32,-8,kl,80.0,2.180000000000007,0.5442765951156616,0.4702197015285492,0.8508977890014648
40,123,33,-7,kl,78.84,-1.1599999999999966,0.6199849843978882,0.5234013795852661,1.214355230331421
40,123,34,-6,kl,80.9,2.0600000000000023,0.4541887938976288,0.43054506182670593,0.7900033593177795
40,123,35,-5,kl,80.24,-0.6600000000000108,0.49188679456710815,0.5129486918449402,0.9702227115631104
40,123,36,-4,kl,79.58,-0.6599999999999966,0.5495741963386536,0.44230183959007263,0.748931884765625
40,123,37,-3,kl,79.32,-0.2600000000000051,0.5049084424972534,0.44975489377975464,1.0233447551727295
40,123,38,-2,kl,80.44,1.1200000000000045,0.6064582467079163,0.4482133090496063,0.8252496123313904
40,123,39,-1,kl,81.44,1.0,0.6490873098373413,0.4907248616218567,0.9311218857765198
40,123,40,0,kl,80.42,-1.019999999999996,0.5722180604934692,0.4614909589290619,0.9263798594474792
40,123,41,1,ce,82.16,1.7399999999999949,0.19394542276859283,0.3228575587272644,1.7759126424789429
40,123,42,2,kl,77.82,-4.340000000000003,0.5960667133331299,0.5212698578834534,1.1351088285446167
40,123,43,3,kl,80.08,2.260000000000005,0.54197096824646,0.472902774810791,0.9100304245948792
40,123,44,4,kl,81.0,0.9200000000000017,0.576238214969635,0.4591987729072571,0.847569465637207
40,123,45,5,kl,78.82,-2.180000000000007,0.6417014598846436,0.5445037484169006,1.1384655237197876
40,123,46,6,kl,79.66,0.8400000000000034,0.5899372696876526,0.4805932343006134,0.9893659949302673
40,123,47,7,kl,80.08,0.4200000000000017,0.5125415921211243,0.4849247336387634,0.8774495720863342
40,123,48,8,kl,81.9,1.8200000000000074,0.4325341582298279,0.4130551218986511,0.7775418758392334
40,123,49,9,kl,81.02,-0.8800000000000097,0.45706212520599365,0.44225457310676575,0.782853364944458
40,123,50,10,kl,80.48,-0.539999999999992,0.4533535838127136,0.4609778821468353,1.0411382913589478
40,123,51,11,kl,79.84,-0.6400000000000006,0.6295701265335083,0.4528311491012573,0.825694739818573
40,123,52,12,kl,80.1,0.2599999999999909,0.5711251497268677,0.5116525888442993,1.1317116022109985
40,123,53,13,kl,79.98,-0.11999999999999034,0.6630489826202393,0.5040208697319031,0.8732328414916992
40,123,54,14,kl,80.5,0.519999999999996,0.6188758611679077,0.49771249294281006,0.8896644711494446
40,123,55,15,kl,80.9,0.4000000000000057,0.4841078221797943,0.4506737291812897,0.8843727111816406
40,123,56,16,kl,81.4,0.5,0.5868395566940308,0.4875028133392334,0.9822325706481934
40,123,57,17,kl,81.56,0.1599999999999966,0.649581789970398,0.5509101748466492,0.9430553317070007
40,123,58,18,kl,81.26,-0.29999999999999716,0.43587255477905273,0.44316986203193665,0.8612836003303528
40,123,59,19,kl,80.48,-0.7800000000000011,0.6319926977157593,0.5372797250747681,1.230178952217102
40,123,60,20,kl,81.88,1.3999999999999915,0.5314140915870667,0.45479220151901245,0.8034077882766724
40,123,61,21,kl,81.56,-0.3199999999999932,0.5244169235229492,0.49543124437332153,1.1362906694412231
40,123,62,22,kl,81.88,0.3199999999999932,0.48809462785720825,0.45440545678138733,0.9848179817199707
40,123,63,23,kl,80.28,-1.5999999999999943,0.6621434688568115,0.5085923075675964,1.071773886680603
40,123,64,24,kl,80.12,-0.1599999999999966,0.364594966173172,0.4687023460865021,1.0660992860794067
40,123,65,25,kl,79.44,-0.6800000000000068,0.5421327352523804,0.47742319107055664,1.1251165866851807
40,123,66,26,kl,81.68,2.240000000000009,0.5064671039581299,0.4420255422592163,0.9504212737083435
40,123,67,27,kl,81.38,-0.30000000000001137,0.28833454847335815,0.3963282108306885,0.8332666754722595
40,123,68,28,kl,81.12,-0.2599999999999909,0.6541366577148438,0.46982014179229736,0.8508684635162354
40,123,69,29,kl,80.98,-0.14000000000000057,0.389723539352417,0.44993290305137634,0.8562949895858765
40,123,70,30,kl,81.28,0.29999999999999716,0.6392751336097717,0.4991346597671509,0.8149669170379639
40,123,71,31,kl,80.42,-0.8599999999999994,0.5138995051383972,0.47707095742225647,1.0200140476226807
40,123,72,32,kl,81.64,1.2199999999999989,0.5152162909507751,0.48272278904914856,0.9893753528594971
40,123,73,33,kl,81.72,0.0799999999999983,0.520942211151123,0.4615563154220581,0.8340557217597961
40,123,74,34,kl,81.58,-0.14000000000000057,0.5173132419586182,0.4676346778869629,0.7964814901351929
40,123,75,35,kl,81.42,-0.1599999999999966,0.5026054382324219,0.45659059286117554,0.8537026643753052
40,123,76,36,kl,80.14,-1.2800000000000011,0.3479299545288086,0.46121084690093994,1.1230897903442383
40,123,77,37,kl,82.5,2.3599999999999994,0.5811276435852051,0.4751937985420227,0.8538941144943237
40,123,78,38,kl,80.52,-1.980000000000004,0.47457975149154663,0.4840908348560333,1.1224112510681152
40,123,79,39,kl,81.04,0.5200000000000102,0.2994286119937897,0.43879076838493347,1.0020196437835693
40,123,80,40,kl,81.5,0.45999999999999375,0.4249893128871918,0.45673105120658875,0.8355005979537964
40,123,81,41,kl,82.04,0.5400000000000063,0.37682265043258667,0.4562799632549286,0.9179242849349976
40,123,82,42,ce,82.78,0.7399999999999949,0.1856110692024231,0.33778056502342224,1.9328253269195557
40,123,83,43,kl,80.9,-1.8799999999999955,0.560626745223999,0.5205026865005493,1.1771928071975708
40,123,84,44,kl,81.56,0.6599999999999966,0.5295615792274475,0.4669116139411926,0.9489608407020569
40,123,85,45,kl,81.84,0.28000000000000114,0.5383991003036499,0.5110149383544922,1.127740740776062
40,123,86,46,kl,80.76,-1.0799999999999983,0.6079708337783813,0.49590277671813965,1.014419674873352
40,123,87,47,kl,81.74,0.9799999999999898,0.5234534740447998,0.4765196144580841,0.893161952495575
40,123,88,48,kl,82.16,0.4200000000000017,0.5636624097824097,0.47286751866340637,1.0109426975250244
40,123,89,49,kl,80.4,-1.759999999999991,0.6564150452613831,0.504014790058136,0.949945330619812
40,123,90,50,kl,82.16,1.759999999999991,0.48954665660858154,0.43329668045043945,0.9670731425285339
40,123,91,51,kl,81.74,-0.4200000000000017,0.4930931627750397,0.4711105525493622,0.8995699286460876
40,123,92,52,kl,82.4,0.6600000000000108,0.511330783367157,0.42771729826927185,0.892070472240448
40,123,93,53,kl,81.36,-1.0400000000000063,0.4273109436035156,0.45075663924217224,0.8679520487785339
40,123,94,54,kl,82.06,0.7000000000000028,0.40878117084503174,0.43946221470832825,0.9062733054161072
40,123,95,55,kl,81.88,-0.18000000000000682,0.6486916542053223,0.5230213403701782,0.986366331577301
40,123,96,56,kl,81.58,-0.29999999999999716,0.6473242044448853,0.5172358751296997,1.0328606367111206
40,123,97,57,kl,82.62,1.0400000000000063,0.5872281789779663,0.5115454196929932,0.8423471450805664
40,123,98,58,kl,80.66,-1.960000000000008,0.6221616268157959,0.5411432385444641,1.0290066003799438
40,123,99,59,kl,81.2,0.5400000000000063,0.6933987736701965,0.5903066992759705,1.1653656959533691
40,123,100,60,kl,81.16,-0.04000000000000625,0.5794562697410583,0.46754777431488037,0.9117364883422852
40,123,101,61,kl,82.32,1.1599999999999966,0.5041424036026001,0.46079719066619873,0.8017387986183167
40,123,102,62,kl,80.6,-1.7199999999999989,0.6154360175132751,0.5198848247528076,0.9826783537864685
40,123,103,63,kl,81.72,1.1200000000000045,0.30526310205459595,0.407098650932312,0.8769551515579224
40,123,104,64,kl,81.08,-0.6400000000000006,0.5236149430274963,0.47878143191337585,0.8658261299133301
40,123,105,65,kl,82.28,1.2000000000000028,0.5341091156005859,0.46456602215766907,0.8803472518920898
40,123,106,66,kl,81.96,-0.3200000000000074,0.6504226922988892,0.509177029132843,0.9478947520256042
40,123,107,67,kl,80.22,-1.7399999999999949,0.6197195053100586,0.5076624155044556,0.9926263689994812
40,123,108,68,kl,81.66,1.4399999999999977,0.5965818762779236,0.4628078043460846,0.9365065693855286
40,123,109,69,kl,80.68,-0.9799999999999898,0.461578905582428,0.4502091407775879,0.8866063952445984
40,123,110,70,kl,82.08,1.3999999999999915,0.4870351552963257,0.4441757798194885,0.9183728694915771
40,123,111,71,kl,81.26,-0.8199999999999932,0.4861140847206116,0.4573173522949219,1.0006850957870483
40,123,112,72,kl,81.94,0.6799999999999926,0.541420578956604,0.45933303236961365,0.7997216582298279
40,123,113,73,kl,81.48,-0.45999999999999375,0.7053982019424438,0.5937052369117737,1.0448609590530396
40,123,114,74,kl,80.9,-0.5799999999999983,0.6352359652519226,0.5581292510032654,1.1180510520935059
40,123,115,75,kl,80.66,-0.2400000000000091,0.5684249997138977,0.4794774353504181,0.9686766862869263
40,123,116,76,kl,81.6,0.9399999999999977,0.5052592158317566,0.4610077738761902,0.8921512961387634
40,123,117,77,kl,81.78,0.18000000000000682,0.6006979942321777,0.48167192935943604,0.9213550686836243
40,123,118,78,kl,82.02,0.23999999999999488,0.6167415976524353,0.4774216413497925,0.9635217785835266
40,123,119,79,kl,80.66,-1.3599999999999994,0.34750616550445557,0.432902067899704,0.9669018983840942
40,123,120,80,kl,82.9,2.240000000000009,0.5451334714889526,0.45758700370788574,0.8763172626495361
40,123,121,81,kl,81.78,-1.1200000000000045,0.5224596858024597,0.4610544443130493,0.8741915822029114
40,123,122,82,kl,80.58,-1.2000000000000028,0.47639763355255127,0.47472718358039856,0.9761986136436462
40,123,123,83,ce,83.18,2.6000000000000085,0.25537824630737305,0.3747374415397644,1.8243852853775024
40,123,124,84,kl,81.18,-2.0,0.5651742219924927,0.491133451461792,0.9251936078071594
40,123,125,85,kl,81.04,-0.14000000000000057,0.5782334804534912,0.4750801622867584,0.9172004461288452
40,123,126,86,kl,79.48,-1.5600000000000023,0.6960403919219971,0.5241689085960388,1.105427861213684
40,123,127,87,kl,82.08,2.5999999999999943,0.44117456674575806,0.457258403301239,1.0019718408584595
40,123,128,88,kl,80.34,-1.7399999999999949,0.4389626979827881,0.4370398223400116,1.0060030221939087
40,123,129,89,kl,82.94,2.5999999999999943,0.5659841895103455,0.4464976489543915,0.7793385982513428
40,123,130,90,kl,81.5,-1.4399999999999977,0.4583824872970581,0.4761471450328827,1.0750079154968262
40,123,131,91,kl,82.54,1.0400000000000063,0.6102362275123596,0.4728412330150604,0.8788959980010986
40,123,132,92,kl,79.54,-3.0,0.6144624948501587,0.5080655217170715,0.9509342908859253
40,123,133,93,kl,82.42,2.8799999999999955,0.4657862186431885,0.4344460666179657,0.726769208908081
40,123,134,94,kl,79.92,-2.5,0.6752707362174988,0.5539272427558899,1.1413694620132446
40,123,135,95,kl,81.28,1.3599999999999994,0.5837526321411133,0.5399968028068542,1.3307747840881348
40,123,136,96,kl,82.28,1.0,0.5718026161193848,0.44381481409072876,0.7649558782577515
40,123,137,97,kl,81.12,-1.1599999999999966,0.722963809967041,0.5663813352584839,1.034901738166809
40,123,138,98,kl,81.64,0.519999999999996,0.5123471617698669,0.47900253534317017,0.9118126034736633
40,123,139,99,kl,79.7,-1.9399999999999977,0.5792413949966431,0.5368893146514893,1.0767955780029297
40,123,140,100,kl,82.22,2.519999999999996,0.3691883087158203,0.42956802248954773,0.908038854598999
40,123,141,101,kl,81.38,-0.8400000000000034,0.4940659999847412,0.44577527046203613,0.8681196570396423
40,123,142,102,kl,81.98,0.6000000000000085,0.5528606176376343,0.4857856333255768,0.9199094176292419
40,123,143,103,kl,81.34,-0.6400000000000006,0.3819615840911865,0.44407907128334045,0.9262086153030396
40,123,144,104,kl,82.68,1.3400000000000034,0.4471706449985504,0.4411221742630005,0.799848735332489
40,123,145,105,kl,81.98,-0.7000000000000028,0.4186071753501892,0.4625028669834137,0.9792871475219727
40,123,146,106,kl,81.14,-0.8400000000000034,0.6249690055847168,0.5762962102890015,1.1935222148895264
40,123,147,107,kl,82.82,1.6799999999999926,0.6771400570869446,0.526850700378418,0.9946209788322449
40,123,148,108,kl,81.82,-1.0,0.4251663088798523,0.43253812193870544,1.0512168407440186
40,123,149,109,kl,82.6,0.7800000000000011,0.6055792570114136,0.481095552444458,0.9268989562988281
40,123,150,110,kl,82.04,-0.5599999999999881,0.528302788734436,0.4794336259365082,0.9121595025062561
40,123,151,111,kl,81.4,-0.6400000000000006,0.5131592750549316,0.4535030722618103,1.0696828365325928
40,123,152,112,kl,81.52,0.11999999999999034,0.5294229388237,0.4907177984714508,1.052115797996521
40,123,153,113,kl,81.08,-0.4399999999999977,0.6315184831619263,0.48586931824684143,1.122186303138733
40,123,154,114,kl,81.28,0.20000000000000284,0.4635131359100342,0.4629986584186554,1.187278389930725
40,123,155,115,kl,82.42,1.1400000000000006,0.40273332595825195,0.43681633472442627,1.015295386314392
40,123,156,116,kl,80.86,-1.5600000000000023,0.480047345161438,0.4565778374671936,1.1039637327194214
40,123,157,117,kl,82.24,1.3799999999999955,0.5976597666740417,0.47937676310539246,1.0758599042892456
40,123,158,118,kl,81.22,-1.019999999999996,0.4391822814941406,0.4535594582557678,0.8456928133964539
40,123,159,119,kl,81.38,0.1599999999999966,0.42861202359199524,0.40515488386154175,0.8447297811508179
40,123,160,120,kl,79.26,-2.1199999999999903,0.7112451791763306,0.6280686259269714,1.2984809875488281
40,123,161,121,kl,81.3,2.039999999999992,0.5008061528205872,0.461906373500824,0.9506930112838745
40,123,162,122,kl,82.7,1.4000000000000057,0.7058727741241455,0.516528844833374,0.9091119170188904
40,123,163,123,kl,81.54,-1.1599999999999966,0.6084710359573364,0.47109439969062805,1.018134355545044
40,123,164,124,ce,82.72,1.1799999999999926,0.19929441809654236,0.3397555649280548,1.9504380226135254
40,123,165,125,kl,79.94,-2.780000000000001,0.6353697776794434,0.5345101952552795,1.0602900981903076
40,123,166,126,kl,82.12,2.180000000000007,0.48841753602027893,0.4880325198173523,1.0593522787094116
40,123,167,127,kl,81.8,-0.3200000000000074,0.632392406463623,0.5528357028961182,1.0253493785858154
40,123,168,128,kl,81.56,-0.23999999999999488,0.46799877285957336,0.4852176606655121,1.1564831733703613
40,123,169,129,kl,82.24,0.6799999999999926,0.5093857049942017,0.4715634286403656,0.8746430277824402
40,123,170,130,kl,80.52,-1.7199999999999989,0.5481945276260376,0.4913068413734436,1.1058138608932495
40,123,171,131,kl,79.86,-0.6599999999999966,0.6171040534973145,0.5439386963844299,1.2919694185256958
40,123,172,132,kl,81.3,1.4399999999999977,0.4550929665565491,0.4844672381877899,0.8845118284225464
40,123,173,133,kl,81.4,0.10000000000000853,0.6835719347000122,0.551109254360199,1.0974794626235962
40,123,174,134,kl,82.6,1.1999999999999886,0.44331949949264526,0.429534912109375,0.7460865378379822
40,123,175,135,kl,81.8,-0.7999999999999972,0.5548940896987915,0.46801164746284485,0.8763870000839233
40,123,176,136,kl,82.72,0.9200000000000017,0.5565956830978394,0.4601247310638428,1.0297749042510986
40,123,177,137,kl,81.52,-1.2000000000000028,0.48849645256996155,0.47061046957969666,0.9852637052536011
40,123,178,138,kl,81.4,-0.11999999999999034,0.5364317893981934,0.4681001603603363,0.9043801426887512
40,123,179,139,kl,81.86,0.45999999999999375,0.48225200176239014,0.46911871433258057,0.9105457067489624
40,123,180,140,kl,80.76,-1.0999999999999943,0.5694549083709717,0.5292482972145081,1.1318079233169556
40,123,181,141,kl,82.3,1.539999999999992,0.42283713817596436,0.4528962969779968,1.1014189720153809
40,123,182,142,kl,81.74,-0.5600000000000023,0.60817950963974,0.4986197352409363,0.8240764737129211
40,123,183,143,kl,82.12,0.38000000000000966,0.5510477423667908,0.4811631143093109,0.9389739632606506
40,123,184,144,kl,81.68,-0.4399999999999977,0.5121144652366638,0.4888728857040405,0.984282910823822
40,123,185,145,kl,80.86,-0.8200000000000074,0.5858101844787598,0.5089094042778015,1.0649747848510742
40,123,186,146,kl,80.6,-0.2600000000000051,0.5191112756729126,0.4698892831802368,1.0390294790267944
40,123,187,147,kl,82.92,2.3200000000000074,0.5920712351799011,0.5429945588111877,1.0289874076843262
40,123,188,148,kl,82.34,-0.5799999999999983,0.5605459213256836,0.5035961270332336,0.9780710339546204
40,123,189,149,kl,81.8,-0.5400000000000063,0.3485530614852905,0.41372552514076233,0.9474896192550659
40,123,190,150,kl,82.4,0.6000000000000085,0.4982703626155853,0.4735267460346222,1.0229763984680176
40,123,191,151,kl,82.6,0.19999999999998863,0.546389102935791,0.47656551003456116,0.8212548494338989
40,123,192,152,kl,82.12,-0.47999999999998977,0.5517293810844421,0.4561310112476349,0.8513864278793335
40,123,193,153,kl,82.76,0.6400000000000006,0.408564031124115,0.44431447982788086,0.7803159952163696
40,123,194,154,kl,81.94,-0.8200000000000074,0.5714125037193298,0.5483489632606506,1.090284824371338
40,123,195,155,kl,82.18,0.2400000000000091,0.3541252315044403,0.45037251710891724,1.0318881273269653
40,123,196,156,kl,81.82,-0.36000000000001364,0.3606623411178589,0.44757992029190063,1.0255690813064575
40,123,197,157,kl,79.5,-2.319999999999993,0.5922781229019165,0.5150865316390991,1.2700846195220947
40,123,198,158,kl,80.76,1.2600000000000051,0.6400498747825623,0.5504776239395142,1.3234952688217163
40,123,199,159,kl,82.72,1.9599999999999937,0.5477021336555481,0.48800477385520935,0.9892796277999878
40,123,200,160,kl,81.28,-1.4399999999999977,0.5813590288162231,0.5671660304069519,1.2313177585601807
40,123,201,161,kl,82.62,1.3400000000000034,0.5738149881362915,0.5025245547294617,0.9672883749008179
40,123,202,162,kl,81.28,-1.3400000000000034,0.6138490438461304,0.505503237247467,0.9550741314888
40,123,203,163,kl,83.08,1.7999999999999972,0.5350905060768127,0.46675682067871094,0.8091554045677185
40,123,204,164,kl,81.42,-1.6599999999999966,0.5526250600814819,0.4518967568874359,0.8805066347122192
40,123,205,165,ce,81.56,0.14000000000000057,0.2961866855621338,0.40955838561058044,1.7769310474395752
40,123,206,166,kl,80.84,-0.7199999999999989,0.6566421985626221,0.5431998372077942,1.1410218477249146
40,123,207,167,kl,81.16,0.3199999999999932,0.5795703530311584,0.5087497234344482,0.8327877521514893
40,123,208,168,kl,80.72,-0.4399999999999977,0.7382214069366455,0.5920978784561157,1.4032628536224365
40,123,209,169,kl,79.22,-1.5,0.42505133152008057,0.46810898184776306,1.2711154222488403
40,123,210,170,kl,81.6,2.3799999999999955,0.42822664976119995,0.4583513140678406,1.1857936382293701
40,123,211,171,kl,82.18,0.5800000000000125,0.4839809834957123,0.47080057859420776,1.0104074478149414
40,123,212,172,kl,82.94,0.7599999999999909,0.544304370880127,0.4681987166404724,1.0773811340332031
40,123,213,173,kl,82.0,-0.9399999999999977,0.44598543643951416,0.43698567152023315,0.7944687604904175
40,123,214,174,kl,81.58,-0.4200000000000017,0.42055296897888184,0.47193920612335205,1.083959937095642
40,123,215,175,kl,82.46,0.8799999999999955,0.5738228559494019,0.5261199474334717,0.992733359336853
40,123,216,176,kl,82.4,-0.05999999999998806,0.641691267490387,0.5184353590011597,0.9454678893089294
40,123,217,177,kl,82.18,-0.21999999999999886,0.6056391596794128,0.48663628101348877,1.0800247192382812
40,123,218,178,kl,82.14,-0.04000000000000625,0.43754565715789795,0.4297545254230499,0.834681510925293
40,123,219,179,kl,80.28,-1.8599999999999994,0.6389631628990173,0.572625994682312,1.179929494857788
40,123,220,180,kl,82.08,1.7999999999999972,0.5630428791046143,0.4966410994529724,0.9908601641654968
40,123,221,181,kl,82.52,0.4399999999999977,0.5745869278907776,0.483917772769928,0.8896355032920837
40,123,222,182,kl,81.42,-1.0999999999999943,0.5436913967132568,0.5089157223701477,1.0095385313034058
40,123,223,183,kl,81.42,0.0,0.41031304001808167,0.4732356071472168,0.9633152484893799
40,123,224,184,kl,80.72,-0.7000000000000028,0.6125543117523193,0.4939902722835541,1.0029622316360474
40,123,225,185,kl,78.68,-2.039999999999992,0.7148216962814331,0.6180697679519653,1.3420521020889282
40,123,226,186,kl,81.84,3.1599999999999966,0.5513193011283875,0.5153793096542358,0.9244723320007324
40,123,227,187,kl,81.8,-0.04000000000000625,0.7199417352676392,0.5558817982673645,1.0019959211349487
40,123,228,188,kl,79.9,-1.8999999999999915,0.7410008907318115,0.593737006187439,1.2146506309509277
40,123,229,189,kl,82.96,3.059999999999988,0.5368347764015198,0.4972926676273346,0.825688362121582
40,123,230,190,kl,81.68,-1.279999999999987,0.49936872720718384,0.49648740887641907,1.0088624954223633
40,123,231,191,kl,81.46,-0.22000000000001307,0.5904092788696289,0.5524512529373169,0.9904404878616333
40,123,232,192,kl,81.72,0.2600000000000051,0.5759356021881104,0.4737113416194916,0.8953247666358948
40,123,233,193,kl,83.26,1.5400000000000063,0.484429270029068,0.46778997778892517,0.8396084308624268
40,123,234,194,kl,81.54,-1.7199999999999989,0.5044352412223816,0.4910024106502533,1.0416265726089478
40,123,235,195,kl,82.12,0.5799999999999983,0.49410903453826904,0.5193803906440735,1.1500675678253174
40,123,236,196,kl,80.32,-1.8000000000000114,0.4394327998161316,0.46018606424331665,1.029458999633789
40,123,237,197,kl,82.14,1.8200000000000074,0.5913730263710022,0.5327344536781311,0.952916145324707
40,123,238,198,kl,80.8,-1.3400000000000034,0.5760823488235474,0.5046191215515137,1.1368074417114258
40,123,239,199,kl,81.42,0.6200000000000045,0.4942818880081177,0.4562649726867676,0.8813270926475525
40,123,240,200,kl,81.96,0.539999999999992,0.6031870245933533,0.5172992944717407,0.9667004942893982
40,123,241,201,kl,81.32,-0.6400000000000006,0.5887424349784851,0.503828763961792,0.9512146711349487
40,123,242,202,kl,81.14,-0.1799999999999926,0.6004669666290283,0.5017081499099731,0.9060590267181396
40,123,243,203,kl,82.08,0.9399999999999977,0.5361072421073914,0.5034211277961731,0.9830999374389648
40,123,244,204,kl,82.48,0.4000000000000057,0.42773211002349854,0.4431699812412262,0.7760425806045532
40,123,245,205,kl,81.9,-0.5799999999999983,0.5008689165115356,0.48001018166542053,1.0891505479812622
40,123,246,206,ce,82.98,1.0799999999999983,0.15137632191181183,0.3074004650115967,1.8526233434677124
40,123,247,207,kl,80.64,-2.3400000000000034,0.6239006519317627,0.551677405834198,1.1105157136917114
40,123,248,208,kl,78.58,-2.0600000000000023,0.6244105100631714,0.5243711471557617,0.9692317843437195
40,123,249,209,kl,80.44,1.8599999999999994,0.46201300621032715,0.46332964301109314,0.9499066472053528
40,123,250,210,kl,81.86,1.4200000000000017,0.5820204615592957,0.4826287627220154,0.9755827784538269
40,123,251,211,kl,82.58,0.7199999999999989,0.5582321286201477,0.476494699716568,0.9400303363800049
40,123,252,212,kl,82.28,-0.29999999999999716,0.43679577112197876,0.4703194200992584,0.9210202097892761
40,123,253,213,kl,82.9,0.6200000000000045,0.4858474135398865,0.49876514077186584,0.9662513136863708
40,123,254,214,kl,81.62,-1.2800000000000011,0.5920608043670654,0.5000309944152832,1.0993961095809937
40,123,255,215,kl,81.9,0.28000000000000114,0.6226094961166382,0.4816056191921234,0.8593539595603943
40,123,256,216,kl,82.1,0.19999999999998863,0.4822289049625397,0.4506535232067108,0.9390427470207214
40,123,257,217,kl,82.86,0.7600000000000051,0.608379602432251,0.5026451349258423,1.0027289390563965
40,123,258,218,kl,82.04,-0.8199999999999932,0.629292368888855,0.5364744067192078,1.0949760675430298
40,123,259,219,kl,81.7,-0.3400000000000034,0.5231211185455322,0.47526490688323975,1.0271345376968384
40,123,260,220,kl,79.04,-2.6599999999999966,0.5518422722816467,0.5061860084533691,1.095185399055481
40,123,261,221,kl,81.5,2.4599999999999937,0.621542751789093,0.4857502281665802,0.9380403757095337
40,123,262,222,kl,81.94,0.4399999999999977,0.6264181733131409,0.5105750560760498,1.0748693943023682
40,123,263,223,kl,82.4,0.46000000000000796,0.3902073800563812,0.4513327181339264,0.8585151433944702
40,123,264,224,kl,81.94,-0.46000000000000796,0.5979812145233154,0.49223271012306213,0.9899472594261169
40,123,265,225,kl,80.78,-1.1599999999999966,0.5795300006866455,0.5162192583084106,1.0583548545837402
40,123,266,226,kl,79.32,-1.460000000000008,0.4229203462600708,0.4411391615867615,1.128797173500061
40,123,267,227,kl,81.44,2.1200000000000045,0.4281628727912903,0.43538111448287964,0.8809692859649658
40,123,268,228,kl,81.66,0.21999999999999886,0.6364174485206604,0.5438141822814941,0.9789718985557556
40,123,269,229,kl,80.68,-0.9799999999999898,0.4935883581638336,0.4750811755657196,0.8717334270477295
40,123,270,230,kl,82.22,1.539999999999992,0.5074470043182373,0.49803295731544495,1.0173354148864746
40,123,271,231,kl,81.96,-0.2600000000000051,0.43198975920677185,0.46399739384651184,0.9091262817382812
40,123,272,232,kl,82.24,0.28000000000000114,0.6934938430786133,0.5966530442237854,1.2620707750320435
40,123,273,233,kl,83.06,0.8200000000000074,0.6112328767776489,0.5058384537696838,0.8933584690093994
40,123,274,234,kl,80.24,-2.8200000000000074,0.7077559232711792,0.5645835399627686,1.150357723236084
40,123,275,235,kl,82.32,2.0799999999999983,0.5688856840133667,0.5140045881271362,0.9675518870353699
40,123,276,236,kl,82.66,0.3400000000000034,0.5879189968109131,0.47991088032722473,0.831920862197876
40,123,277,237,kl,81.68,-0.9799999999999898,0.47643354535102844,0.43825793266296387,1.0561916828155518
40,123,278,238,kl,81.44,-0.2400000000000091,0.5692614316940308,0.5264953374862671,0.9936469793319702
40,123,279,239,kl,83.0,1.5600000000000023,0.5988332629203796,0.49814721941947937,1.0451329946517944
40,123,280,240,kl,81.04,-1.9599999999999937,0.4392566680908203,0.48257556557655334,0.8302278518676758
40,123,281,241,kl,82.66,1.6199999999999903,0.4179554879665375,0.45533549785614014,0.8563464879989624
40,123,282,242,kl,80.66,-2.0,0.6346912384033203,0.5116182565689087,1.035994529724121
40,123,283,243,kl,82.84,2.180000000000007,0.5633194446563721,0.4909321665763855,0.8915889859199524
40,123,284,244,kl,82.2,-0.6400000000000006,0.7033655643463135,0.5848032236099243,1.1750363111495972
40,123,285,245,kl,81.36,-0.8400000000000034,0.5175008177757263,0.4577487111091614,0.925492525100708
40,123,286,246,kl,82.84,1.480000000000004,0.5272557735443115,0.46664732694625854,0.9182568192481995
40,123,287,247,ce,83.48,0.6400000000000006,0.23014725744724274,0.31370583176612854,1.9002388715744019
40,123,288,248,kl,81.86,-1.6200000000000045,0.6426317691802979,0.5593727231025696,1.031064510345459
40,123,289,249,kl,81.32,-0.5400000000000063,0.5843833088874817,0.4870902895927429,1.0516462326049805
40,123,290,250,kl,78.94,-2.3799999999999955,0.7151275277137756,0.6009259819984436,1.4066612720489502
40,123,291,251,kl,81.18,2.240000000000009,0.6486266255378723,0.5458755493164062,0.9854315519332886
40,123,292,252,kl,80.8,-0.38000000000000966,0.6104686260223389,0.5402488112449646,1.1907992362976074
40,123,293,253,kl,81.54,0.7400000000000091,0.6021282076835632,0.47213640809059143,0.8780725598335266
40,123,294,254,kl,81.82,0.2799999999999869,0.38719987869262695,0.47224393486976624,1.05502450466156
40,123,295,255,kl,82.38,0.5600000000000023,0.5061238408088684,0.47413283586502075,1.043981909751892
40,123,296,256,kl,81.98,-0.3999999999999915,0.5510649085044861,0.483330100774765,0.8490344882011414
40,123,297,257,kl,81.98,0.0,0.46859315037727356,0.4642446041107178,1.0476492643356323
40,123,298,258,kl,82.88,0.8999999999999915,0.5753008723258972,0.4759758412837982,0.7846677303314209
40,123,299,259,kl,82.62,-0.2599999999999909,0.4677882790565491,0.43786075711250305,0.7189534902572632
40,123,300,260,kl,82.32,-0.30000000000001137,0.42147451639175415,0.43016520142555237,0.8061208724975586
40,123,301,261,kl,82.16,-0.1599999999999966,0.5004845857620239,0.4766281843185425,0.8906335234642029
40,123,302,262,kl,80.68,-1.4799999999999898,0.6090431213378906,0.5375959277153015,1.216888427734375
40,123,303,263,kl,82.86,2.1799999999999926,0.4180065989494324,0.4534754753112793,0.8280342221260071
40,123,304,264,kl,81.84,-1.019999999999996,0.6600239276885986,0.5364724397659302,1.1573807001113892
40,123,305,265,kl,82.12,0.28000000000000114,0.5741010904312134,0.4757111370563507,0.9332030415534973
40,123,306,266,kl,82.38,0.2599999999999909,0.5911544561386108,0.5186936259269714,0.9894797801971436
40,123,307,267,kl,82.18,-0.19999999999998863,0.4151790738105774,0.46604543924331665,0.9349012970924377
40,123,308,268,kl,82.66,0.47999999999998977,0.6153996586799622,0.47564420104026794,0.9740844964981079
40,123,309,269,kl,81.66,-1.0,0.7153037786483765,0.5517376661300659,0.9758851528167725
40,123,310,270,kl,83.04,1.3800000000000097,0.4716326594352722,0.4439454674720764,0.7989491820335388
40,123,311,271,kl,81.24,-1.8000000000000114,0.5092013478279114,0.5207902193069458,1.0082911252975464
40,123,312,272,kl,79.58,-1.6599999999999966,0.711550235748291,0.6284964680671692,1.3076903820037842
40,123,313,273,kl,82.76,3.180000000000007,0.5328785181045532,0.42865851521492004,0.7292026877403259
40,123,314,274,kl,83.1,0.3399999999999892,0.3586732745170593,0.43866053223609924,0.8866606950759888
40,123,315,275,kl,80.36,-2.739999999999995,0.535180926322937,0.523382842540741,1.2283653020858765
40,123,316,276,kl,80.8,0.4399999999999977,0.6719857454299927,0.5631319880485535,1.1870566606521606
40,123,317,277,kl,81.56,0.7600000000000051,0.6606020927429199,0.5153807997703552,0.9320667386054993
40,123,318,278,kl,83.24,1.6799999999999926,0.4116016626358032,0.42209985852241516,0.7410084009170532
40,123,319,279,kl,81.12,-2.1199999999999903,0.46350011229515076,0.5078325867652893,1.0151152610778809
40,123,320,280,kl,82.0,0.8799999999999955,0.46653416752815247,0.4413679540157318,0.9452758431434631
40,123,321,281,kl,82.28,0.28000000000000114,0.5969946384429932,0.5014979839324951,0.9879448413848877
40,123,322,282,kl,81.92,-0.35999999999999943,0.4689878821372986,0.4644659757614136,0.8546568751335144
40,123,323,283,kl,81.46,-0.46000000000000796,0.5917779207229614,0.5054258108139038,0.9687944054603577
40,123,324,284,kl,82.52,1.0600000000000023,0.5671541094779968,0.46519866585731506,0.907917857170105
40,123,325,285,kl,81.9,-0.6199999999999903,0.5810735821723938,0.498526394367218,1.040116310119629
40,123,326,286,kl,81.78,-0.12000000000000455,0.637214183807373,0.5297526121139526,1.1834399700164795
40,123,327,287,kl,82.08,0.29999999999999716,0.4083760976791382,0.4363386332988739,0.8729673624038696
40,123,328,288,ce,82.76,0.6800000000000068,0.16321083903312683,0.32784444093704224,1.963736653327942
40,123,329,289,kl,80.6,-2.160000000000011,0.6473674774169922,0.5832144021987915,1.2828456163406372
40,123,330,290,kl,79.82,-0.7800000000000011,0.6294596791267395,0.5460346341133118,1.2728699445724487
40,123,331,291,kl,82.98,3.160000000000011,0.5775188207626343,0.4901602566242218,0.9316115975379944
40,123,332,292,kl,82.12,-0.8599999999999994,0.4938892722129822,0.4760046601295471,0.946419894695282
40,123,333,293,kl,82.4,0.28000000000000114,0.388314425945282,0.44506973028182983,0.9295746088027954
40,123,334,294,kl,82.3,-0.10000000000000853,0.5909833908081055,0.48135724663734436,0.9799402952194214
40,123,335,295,kl,79.8,-2.5,0.5896620750427246,0.5482584238052368,1.1277333498001099
40,123,336,296,kl,82.32,2.519999999999996,0.4702146053314209,0.5201566219329834,1.0248262882232666
40,123,337,297,kl,81.44,-0.8799999999999955,0.46871981024742126,0.4933875501155853,1.1264218091964722
40,123,338,298,kl,82.14,0.7000000000000028,0.46916326880455017,0.45304074883461,0.8339550495147705
40,123,339,299,kl,83.5,1.3599999999999994,0.4358571767807007,0.4776766896247864,0.8532615303993225
40,123,340,300,kl,82.32,-1.1800000000000068,0.5895509719848633,0.4658370316028595,0.8842135667800903
40,123,341,301,kl,82.34,0.020000000000010232,0.5217724442481995,0.4937911033630371,0.8948718309402466
40,123,342,302,kl,82.38,0.03999999999999204,0.6681607961654663,0.5621911883354187,1.2581489086151123
40,123,343,303,kl,81.44,-0.9399999999999977,0.6340435743331909,0.5155820846557617,0.9889153242111206
40,123,344,304,kl,81.28,-0.1599999999999966,0.4874104857444763,0.47421595454216003,0.9851839542388916
40,123,345,305,kl,82.6,1.3199999999999932,0.5802508592605591,0.4956173896789551,0.9322066307067871
40,123,346,306,kl,82.12,-0.47999999999998977,0.6412532329559326,0.5090228319168091,0.9782398343086243
40,123,347,307,kl,81.62,-0.5,0.6075335144996643,0.49825677275657654,0.9560807943344116
40,123,348,308,kl,82.54,0.9200000000000017,0.45825788378715515,0.4723986089229584,0.8997597694396973
40,123,349,309,kl,81.24,-1.3000000000000114,0.6762255430221558,0.5568923950195312,1.1312190294265747
40,123,350,310,kl,81.46,0.21999999999999886,0.5161659717559814,0.4565398395061493,0.89983069896698
40,123,351,311,kl,82.48,1.0200000000000102,0.45680904388427734,0.4538729190826416,0.8565608263015747
40,123,352,312,kl,82.82,0.3399999999999892,0.6672272682189941,0.5515116453170776,1.0917658805847168
40,123,353,313,kl,82.54,-0.2799999999999869,0.5077379941940308,0.4632582366466522,1.0293606519699097
40,123,354,314,kl,82.4,-0.14000000000000057,0.5420075058937073,0.4813578128814697,0.9950891733169556
40,123,355,315,kl,82.7,0.29999999999999716,0.6610540151596069,0.5350807905197144,0.9683682322502136
40,123,356,316,kl,82.42,-0.28000000000000114,0.525802731513977,0.5022964477539062,0.9384949803352356
40,123,357,317,kl,81.42,-1.0,0.5904455184936523,0.5025198459625244,1.1410958766937256
40,123,358,318,kl,82.04,0.6200000000000045,0.6068837642669678,0.461367130279541,0.8780847191810608
40,123,359,319,kl,83.16,1.1199999999999903,0.46890079975128174,0.46540212631225586,0.7806368470191956
40,123,360,320,kl,81.72,-1.4399999999999977,0.5822556614875793,0.47695261240005493,0.980388879776001
40,123,361,321,kl,79.68,-2.039999999999992,0.5471919178962708,0.5455342531204224,1.1371431350708008
40,123,362,322,kl,83.06,3.3799999999999955,0.5841630101203918,0.5055666565895081,0.9604865908622742
40,123,363,323,kl,82.42,-0.6400000000000006,0.6902127265930176,0.5483139753341675,0.9651191830635071
40,123,364,324,kl,82.68,0.2600000000000051,0.4850078225135803,0.4560188353061676,0.856252133846283
40,123,365,325,kl,82.62,-0.060000000000002274,0.5351245999336243,0.5072739720344543,0.9028466939926147
40,123,366,326,kl,81.74,-0.8800000000000097,0.6338261365890503,0.5540168881416321,1.03201162815094
40,123,367,327,kl,82.24,0.5,0.541664183139801,0.4578527808189392,0.8662234544754028
40,123,368,328,kl,82.42,0.18000000000000682,0.4753433167934418,0.47549328207969666,0.9152249693870544
40,123,369,329,ce,83.78,1.3599999999999994,0.1283169984817505,0.31544214487075806,1.827293038368225
40,123,370,330,kl,82.72,-1.0600000000000023,0.3909211754798889,0.42533430457115173,1.0195003747940063
40,123,371,331,kl,80.54,-2.1799999999999926,0.5781423449516296,0.4777357876300812,0.9475273489952087
40,123,372,332,kl,82.32,1.779999999999987,0.47732242941856384,0.4613400399684906,0.8875899314880371
40,123,373,333,kl,83.0,0.6800000000000068,0.5477853417396545,0.4645523428916931,0.8269129991531372
40,123,374,334,kl,82.56,-0.4399999999999977,0.6217188239097595,0.5433770418167114,1.0697020292282104
40,123,375,335,kl,82.66,0.09999999999999432,0.5326880216598511,0.47322651743888855,0.8690139651298523
40,123,376,336,kl,81.82,-0.8400000000000034,0.6531131267547607,0.544217050075531,1.1814781427383423
40,123,377,337,kl,82.14,0.3200000000000074,0.725877046585083,0.5584088563919067,0.9817336797714233
40,123,378,338,kl,82.3,0.1599999999999966,0.6372997164726257,0.5148334503173828,0.8563369512557983
40,123,379,339,kl,81.56,-0.7399999999999949,0.6166708469390869,0.5330685377120972,1.0347862243652344
40,123,380,340,kl,81.0,-0.5600000000000023,0.4497436285018921,0.501050591468811,1.1482617855072021
40,123,381,341,kl,82.06,1.0600000000000023,0.5803110003471375,0.4895009696483612,0.888754665851593
40,123,382,342,kl,79.9,-2.1599999999999966,0.5312649011611938,0.4864533841609955,1.0554622411727905
40,123,383,343,kl,82.14,2.239999999999995,0.6068178415298462,0.5315872430801392,1.2155603170394897
40,123,384,344,kl,83.12,0.980000000000004,0.43911486864089966,0.47399869561195374,0.8782414197921753
40,123,385,345,kl,82.54,-0.5799999999999983,0.4644051194190979,0.4343973994255066,0.9856063723564148
40,123,386,346,kl,82.18,-0.35999999999999943,0.3697335720062256,0.4315341114997864,0.8576602935791016
40,123,387,347,kl,82.02,-0.1600000000000108,0.4966740906238556,0.5111415386199951,1.1647028923034668
40,123,388,348,kl,80.96,-1.0600000000000023,0.4544309675693512,0.46192362904548645,0.997141420841217
40,123,389,349,kl,80.96,0.0,0.679442286491394,0.5373208522796631,0.9599882960319519
40,123,390,350,kl,83.02,2.0600000000000023,0.40005287528038025,0.45545318722724915,0.91655033826828
40,123,391,351,kl,82.52,-0.5,0.4905617833137512,0.4573146104812622,0.9904894232749939
40,123,392,352,kl,82.56,0.04000000000000625,0.5052542090415955,0.45906251668930054,0.8473679423332214
40,123,393,353,kl,81.66,-0.9000000000000057,0.5764318108558655,0.5231348276138306,1.1934008598327637
40,123,394,354,kl,83.34,1.6800000000000068,0.4448053240776062,0.4882690906524658,0.8926189541816711
40,123,395,355,kl,83.24,-0.10000000000000853,0.455500066280365,0.4280705749988556,0.8248196840286255
40,123,396,356,kl,81.56,-1.6799999999999926,0.6852047443389893,0.5550912022590637,1.1361721754074097
40,123,397,357,kl,82.16,0.5999999999999943,0.6059437394142151,0.4799613654613495,0.9221451282501221
40,123,398,358,kl,81.52,-0.6400000000000006,0.5721117258071899,0.5231150984764099,1.2336153984069824
40,123,399,359,kl,81.76,0.2400000000000091,0.53470379114151,0.5165867209434509,1.0892409086227417
40,123,400,360,kl,82.9,1.1400000000000006,0.6565568447113037,0.5121038556098938,1.0986387729644775
40,123,401,361,kl,81.74,-1.1600000000000108,0.6393146514892578,0.5373551845550537,1.1863805055618286
40,123,402,362,kl,83.76,2.0200000000000102,0.44362497329711914,0.46102088689804077,0.9855650663375854
40,123,403,363,kl,82.74,-1.0200000000000102,0.7360692620277405,0.618582546710968,1.3497003316879272
40,123,404,364,kl,83.12,0.38000000000000966,0.5104528665542603,0.4395011067390442,0.7684987187385559
40,123,405,365,kl,82.72,-0.4000000000000057,0.6514550447463989,0.5154087543487549,1.046823263168335
40,123,406,366,kl,81.9,-0.8199999999999932,0.5534710884094238,0.49299612641334534,1.0754164457321167
40,123,407,367,kl,81.88,-0.020000000000010232,0.7078649997711182,0.5656334757804871,1.166071891784668
40,123,408,368,kl,82.16,0.28000000000000114,0.5058166980743408,0.5105798840522766,1.0150305032730103
40,123,409,369,kl,82.78,0.6200000000000045,0.34093791246414185,0.4550251066684723,1.00230872631073
40,123,410,370,ce,82.9,0.12000000000000455,0.12191158533096313,0.34910088777542114,1.6665263175964355
40,123,411,371,kl,81.8,-1.1000000000000085,0.5481095314025879,0.4910881519317627,0.9733160734176636
40,123,412,372,kl,81.58,-0.21999999999999886,0.3857131898403168,0.4591798484325409,1.0934436321258545
40,123,413,373,kl,81.74,0.1599999999999966,0.6738542318344116,0.5326826572418213,1.1699553728103638
40,123,414,374,kl,79.36,-2.3799999999999955,0.5587537288665771,0.48374074697494507,1.0021064281463623
40,123,415,375,kl,82.82,3.4599999999999937,0.35691434144973755,0.4303499758243561,0.911518931388855
40,123,416,376,kl,82.5,-0.3199999999999932,0.5005930662155151,0.45858651399612427,0.8997020721435547
40,123,417,377,kl,82.68,0.18000000000000682,0.5158513188362122,0.4927176535129547,1.0040076971054077
40,123,418,378,kl,81.3,-1.3800000000000097,0.5817376375198364,0.5559780597686768,1.198762059211731
40,123,419,379,kl,81.7,0.4000000000000057,0.5134768486022949,0.49812495708465576,1.1878223419189453
40,123,420,380,kl,82.28,0.5799999999999983,0.5931019186973572,0.4696371555328369,0.9606344699859619
40,123,421,381,kl,81.94,-0.3400000000000034,0.5746127367019653,0.5164050459861755,1.1732534170150757
40,123,422,382,kl,81.86,-0.0799999999999983,0.48873841762542725,0.48570263385772705,1.1033623218536377
40,123,423,383,kl,82.34,0.480000000000004,0.5556064248085022,0.5117033123970032,0.8873000144958496
40,123,424,384,kl,81.28,-1.0600000000000023,0.46001961827278137,0.4748578667640686,1.0271660089492798
40,123,425,385,kl,82.6,1.3199999999999932,0.37215378880500793,0.4565379321575165,0.9524429440498352
40,123,426,386,kl,82.18,-0.4199999999999875,0.5435028076171875,0.4917917847633362,0.9406026005744934
40,123,427,387,kl,82.8,0.6199999999999903,0.6194442510604858,0.5143393278121948,1.0215392112731934
40,123,428,388,kl,81.62,-1.1799999999999926,0.4228338301181793,0.4487113952636719,0.8959905505180359
40,123,429,389,kl,82.0,0.37999999999999545,0.6981303691864014,0.5657005310058594,1.3459084033966064
40,123,430,390,kl,80.74,-1.2600000000000051,0.4753507375717163,0.4374476373195648,1.0065513849258423
40,123,431,391,kl,82.22,1.480000000000004,0.5680408477783203,0.4889523684978485,1.0803472995758057
40,123,432,392,kl,82.32,0.09999999999999432,0.5031877160072327,0.4997093081474304,1.0477603673934937
40,123,433,393,kl,81.44,-0.8799999999999955,0.49164333939552307,0.5314865708351135,0.9444145560264587
40,123,434,394,kl,82.32,0.8799999999999955,0.6242845058441162,0.502956211566925,0.9202257990837097
40,123,435,395,kl,81.78,-0.539999999999992,0.6763783693313599,0.5565703511238098,1.0250434875488281
40,123,436,396,kl,81.68,-0.09999999999999432,0.5347084999084473,0.4964996576309204,1.0519558191299438
40,123,437,397,kl,82.9,1.2199999999999989,0.4337739050388336,0.46524909138679504,1.0438849925994873
40,123,438,398,kl,82.28,-0.6200000000000045,0.4690254330635071,0.4423676133155823,0.9814628958702087
40,123,439,399,kl,82.38,0.09999999999999432,0.42991018295288086,0.4566386640071869,0.8602275848388672
40,123,440,400,kl,81.58,-0.7999999999999972,0.3856903910636902,0.4547547399997711,0.9886388182640076
40,123,441,401,kl,83.08,1.5,0.48173052072525024,0.4423568546772003,0.9494484663009644
40,123,442,402,kl,82.4,-0.6799999999999926,0.3594823479652405,0.41896528005599976,0.8316164612770081
40,123,443,403,kl,82.32,-0.0800000000000125,0.43590444326400757,0.46757978200912476,0.9005743265151978
40,123,444,404,kl,83.12,0.8000000000000114,0.6491787433624268,0.49836719036102295,0.9276010394096375
40,123,445,405,kl,81.52,-1.6000000000000085,0.4236050248146057,0.4517752230167389,1.0603445768356323
40,123,446,406,kl,82.6,1.0799999999999983,0.535047173500061,0.4873493015766144,1.049582600593567
40,123,447,407,kl,82.56,-0.03999999999999204,0.5257985591888428,0.4908137619495392,1.1062512397766113
40,123,448,408,kl,82.48,-0.0799999999999983,0.5551894903182983,0.4907417893409729,1.0509917736053467
40,123,449,409,kl,82.84,0.35999999999999943,0.5245937705039978,0.4954960346221924,0.9026632308959961
40,123,450,410,kl,82.94,0.09999999999999432,0.42345380783081055,0.4517703056335449,0.9330253601074219
40,123,451,411,ce,82.44,-0.5,0.217328280210495,0.33190470933914185,1.9278150796890259
40,123,452,412,kl,80.9,-1.539999999999992,0.574735164642334,0.5306515693664551,1.1850874423980713
40,123,453,413,kl,82.48,1.5799999999999983,0.6064085960388184,0.4964175522327423,0.9619550108909607
40,123,454,414,kl,81.82,-0.6600000000000108,0.5390876531600952,0.5022686123847961,0.9464253783226013
40,123,455,415,kl,81.74,-0.0799999999999983,0.647180438041687,0.49646732211112976,0.8450679183006287
40,123,456,416,kl,81.82,0.0799999999999983,0.550265908241272,0.46630409359931946,0.9394128322601318
40,123,457,417,kl,82.44,0.6200000000000045,0.5189452171325684,0.4513227641582489,0.8400497436523438
40,123,458,418,kl,81.9,-0.539999999999992,0.5877657532691956,0.47296786308288574,0.8780304789543152
40,123,459,419,kl,82.7,0.7999999999999972,0.3623437285423279,0.4324272871017456,0.8308300971984863
40,123,460,420,kl,82.22,-0.480000000000004,0.5559849143028259,0.4846261441707611,0.9261190295219421
40,123,461,421,kl,82.14,-0.0799999999999983,0.6046775579452515,0.49931034445762634,1.085900068283081
40,123,462,422,kl,81.92,-0.21999999999999886,0.5546924471855164,0.4781498610973358,1.044264316558838
40,123,463,423,kl,81.12,-0.7999999999999972,0.5910312533378601,0.5030807256698608,0.9011597633361816
40,123,464,424,kl,82.66,1.539999999999992,0.6381270289421082,0.5109004378318787,0.9851423501968384
40,123,465,425,kl,82.1,-0.5600000000000023,0.5320769548416138,0.4864256680011749,0.922340452671051
40,123,466,426,kl,83.14,1.0400000000000063,0.5475543141365051,0.5021013021469116,0.9058851599693298
40,123,467,427,kl,82.66,-0.480000000000004,0.6669807434082031,0.5228227972984314,1.0245510339736938
40,123,468,428,kl,82.6,-0.060000000000002274,0.5036963820457458,0.49000537395477295,0.9388450980186462
40,123,469,429,kl,82.76,0.1600000000000108,0.6694626808166504,0.5050559043884277,1.0683780908584595
40,123,470,430,kl,81.74,-1.0200000000000102,0.5882452726364136,0.5371505618095398,1.0664470195770264
40,123,471,431,kl,82.2,0.46000000000000796,0.6182229518890381,0.5276650786399841,1.0299797058105469
40,123,472,432,kl,82.32,0.11999999999999034,0.4015003442764282,0.46313169598579407,1.059753656387329
40,123,473,433,kl,82.78,0.46000000000000796,0.632181704044342,0.5159426331520081,0.9545048475265503
40,123,474,434,kl,82.14,-0.6400000000000006,0.5724062323570251,0.48184919357299805,0.9439386129379272
40,123,475,435,kl,82.78,0.6400000000000006,0.49678918719291687,0.5198912620544434,1.247204303741455
40,123,476,436,kl,82.58,-0.20000000000000284,0.6553995609283447,0.560439944267273,0.9768853783607483
40,123,477,437,kl,83.24,0.6599999999999966,0.44930514693260193,0.5169284343719482,1.2392288446426392
40,123,478,438,kl,81.64,-1.5999999999999943,0.5582457780838013,0.5110231637954712,0.9586070775985718
40,123,479,439,kl,82.88,1.2399999999999949,0.5612818598747253,0.4741760194301605,0.9681949019432068
40,123,480,440,kl,82.42,-0.45999999999999375,0.39523395895957947,0.41924089193344116,0.8165718913078308
40,123,481,441,kl,81.48,-0.9399999999999977,0.5590512752532959,0.4752914309501648,0.9100881814956665
40,123,482,442,kl,82.56,1.0799999999999983,0.6171395778656006,0.5439976453781128,0.9850338697433472
40,123,483,443,kl,81.06,-1.5,0.6694844961166382,0.5241006016731262,1.0152933597564697
40,123,484,444,kl,80.58,-0.480000000000004,0.5543238520622253,0.5160680413246155,1.0774518251419067
40,123,485,445,kl,80.68,0.10000000000000853,0.4857891798019409,0.5226125717163086,1.3114207983016968
40,123,486,446,kl,83.04,2.3599999999999994,0.42580974102020264,0.4766004979610443,0.9732199907302856
40,123,487,447,kl,82.2,-0.8400000000000034,0.6245694160461426,0.5590036511421204,1.028594732284546
40,123,488,448,kl,81.58,-0.6200000000000045,0.6244099736213684,0.5574467778205872,1.1607730388641357
40,123,489,449,kl,82.2,0.6200000000000045,0.4774332642555237,0.46245887875556946,0.9269400835037231
40,123,490,450,kl,81.88,-0.3200000000000074,0.46376460790634155,0.4549814462661743,0.8477061986923218
40,123,491,451,kl,82.3,0.4200000000000017,0.6596325635910034,0.5174607634544373,1.1011326313018799
40,123,492,452,ce,83.44,1.1400000000000006,0.18947914242744446,0.3235495686531067,1.640602707862854
40,123,493,453,kl,81.88,-1.5600000000000023,0.6101877689361572,0.5327624082565308,1.0680962800979614
40,123,494,454,kl,82.16,0.28000000000000114,0.5092515349388123,0.4648233950138092,0.9142337441444397
40,123,495,455,kl,81.76,-0.3999999999999915,0.5458345413208008,0.48756012320518494,1.1376163959503174
40,123,496,456,kl,81.54,-0.21999999999999886,0.6183487176895142,0.501691460609436,0.9837108850479126
40,123,497,457,kl,80.96,-0.5800000000000125,0.617641806602478,0.5391139388084412,0.9842104911804199
40,123,498,458,kl,82.74,1.7800000000000011,0.4999857544898987,0.47062012553215027,0.9608416557312012
40,123,499,459,kl,83.06,0.3200000000000074,0.6810135841369629,0.5191459655761719,0.9275155067443848
40,123,500,460,kl,81.82,-1.240000000000009,0.5717589259147644,0.4959341287612915,1.0678119659423828
40,123,501,461,kl,80.78,-1.039999999999992,0.4849576950073242,0.4991459846496582,1.1735769510269165
40,123,502,462,kl,80.8,0.01999999999999602,0.5490984916687012,0.49298426508903503,0.9192818999290466
40,123,503,463,kl,82.6,1.7999999999999972,0.5020462274551392,0.46817949414253235,0.9477691054344177
40,123,504,464,kl,82.78,0.18000000000000682,0.5284644365310669,0.4622920751571655,0.7837710976600647
40,123,505,465,kl,82.72,-0.060000000000002274,0.6104854345321655,0.49875107407569885,0.7901603579521179
40,123,506,466,kl,82.06,-0.6599999999999966,0.5340211987495422,0.4669547379016876,0.8834708333015442
40,123,507,467,kl,83.02,0.9599999999999937,0.5455112457275391,0.462177574634552,0.9233717918395996
40,123,508,468,kl,82.62,-0.3999999999999915,0.36650902032852173,0.45458224415779114,1.1927344799041748
40,123,509,469,kl,81.92,-0.7000000000000028,0.5387082099914551,0.4546799063682556,0.9208510518074036
40,123,510,470,kl,83.34,1.4200000000000017,0.3468444049358368,0.42798227071762085,0.8419812321662903
40,123,511,471,kl,82.54,-0.7999999999999972,0.3365480303764343,0.42579251527786255,0.8298802971839905
40,123,512,472,kl,82.68,0.14000000000000057,0.6925612688064575,0.5874215960502625,1.0654032230377197
40,123,513,473,kl,83.16,0.47999999999998977,0.5801750421524048,0.4821554720401764,0.8941516280174255
40,123,514,474,kl,81.44,-1.7199999999999989,0.3364526033401489,0.4560835063457489,0.9391855597496033
40,123,515,475,kl,81.08,-0.35999999999999943,0.4200321435928345,0.4650653004646301,1.0238584280014038
40,123,516,476,kl,82.22,1.1400000000000006,0.7414801120758057,0.5950325131416321,1.177810788154602
40,123,517,477,kl,82.54,0.3200000000000074,0.5122957229614258,0.4691534638404846,0.9030787348747253
40,123,518,478,kl,82.02,-0.5200000000000102,0.5891604423522949,0.5040146112442017,0.8667923212051392
40,123,519,479,kl,82.16,0.14000000000000057,0.6258995532989502,0.556551992893219,1.2125777006149292
40,123,520,480,kl,81.3,-0.8599999999999994,0.4041014313697815,0.4556725323200226,1.0298329591751099
40,123,521,481,kl,81.5,0.20000000000000284,0.526544988155365,0.4756758213043213,1.0266705751419067
40,123,522,482,kl,81.54,0.04000000000000625,0.4505351185798645,0.49636411666870117,1.1052672863006592
40,123,523,483,kl,81.96,0.4199999999999875,0.580816924571991,0.504693865776062,1.0440683364868164
40,123,524,484,kl,81.06,-0.8999999999999915,0.5185807943344116,0.48916861414909363,1.0503625869750977
40,123,525,485,kl,81.98,0.9200000000000017,0.6515603065490723,0.4940694272518158,0.8865148425102234
40,123,526,486,kl,81.54,-0.4399999999999977,0.5284895300865173,0.5460666418075562,1.2217320203781128
40,123,527,487,kl,82.44,0.8999999999999915,0.4329799711704254,0.415349543094635,0.8056959509849548
40,123,528,488,kl,82.96,0.519999999999996,0.4109227657318115,0.4685368537902832,1.079176902770996
40,123,529,489,kl,82.88,-0.0799999999999983,0.609789252281189,0.4543055593967438,0.8078983426094055
40,123,530,490,kl,82.16,-0.7199999999999989,0.43483832478523254,0.47307088971138,1.0319873094558716
40,123,531,491,kl,82.78,0.6200000000000045,0.628851056098938,0.5175122618675232,1.0384856462478638
40,123,532,492,kl,82.5,-0.28000000000000114,0.523202657699585,0.47084155678749084,0.9653230905532837
40,123,533,493,ce,82.16,-0.3400000000000034,0.28508633375167847,0.4027026891708374,2.0320122241973877
40,123,534,494,kl,82.02,-0.14000000000000057,0.6211240291595459,0.49331796169281006,0.9552153944969177
40,123,535,495,kl,81.86,-0.1599999999999966,0.5584503412246704,0.5175434350967407,1.150848627090454
40,123,536,496,kl,82.26,0.4000000000000057,0.34013038873672485,0.422549843788147,0.8202230930328369
40,123,537,497,kl,83.06,0.7999999999999972,0.557902455329895,0.4399499297142029,0.9078673720359802
40,123,538,498,kl,81.78,-1.2800000000000011,0.5982068777084351,0.5514975786209106,1.0203468799591064
40,123,539,499,kl,80.56,-1.2199999999999989,0.5996037125587463,0.4766381084918976,0.9789579510688782
40,123,540,500,kl,81.74,1.1799999999999926,0.5468867421150208,0.5079909563064575,1.1194998025894165
40,123,541,501,kl,82.58,0.8400000000000034,0.5315455198287964,0.4726431965827942,0.8352147340774536
40,123,542,502,kl,82.18,-0.3999999999999915,0.545183539390564,0.5038803219795227,1.0251095294952393
40,123,543,503,kl,81.76,-0.4200000000000017,0.48115262389183044,0.44945409893989563,0.9115583896636963
40,123,544,504,kl,81.78,0.01999999999999602,0.48391714692115784,0.4549694061279297,0.9415232539176941
40,123,545,505,kl,82.0,0.21999999999999886,0.4339798390865326,0.47643882036209106,1.0380854606628418
40,123,546,506,kl,82.34,0.3400000000000034,0.5623457431793213,0.47434747219085693,0.9393642544746399
40,123,547,507,kl,80.6,-1.740000000000009,0.5572330951690674,0.5175562500953674,1.0719361305236816
40,123,548,508,kl,82.54,1.940000000000012,0.537948727607727,0.4786893427371979,0.9800998568534851
40,123,549,509,kl,79.88,-2.660000000000011,0.6033689379692078,0.4957972764968872,1.1490864753723145
40,123,550,510,kl,83.1,3.219999999999999,0.6628196835517883,0.5086561441421509,1.0195331573486328
40,123,551,511,kl,82.36,-0.7399999999999949,0.6505578756332397,0.5357409119606018,1.0447334051132202
40,123,552,512,kl,82.46,0.09999999999999432,0.6205345392227173,0.530512273311615,0.9167767763137817
40,123,553,513,kl,81.8,-0.6599999999999966,0.5565509796142578,0.48002639412879944,0.9259250164031982
40,123,554,514,kl,80.68,-1.1199999999999903,0.4441339075565338,0.48559609055519104,1.2560374736785889
40,123,555,515,kl,82.42,1.7399999999999949,0.37775659561157227,0.4280462861061096,0.8382018804550171
40,123,556,516,kl,82.22,-0.20000000000000284,0.5968122482299805,0.5270428657531738,1.1778972148895264
40,123,557,517,kl,81.96,-0.2600000000000051,0.5534863471984863,0.4861466884613037,1.0251089334487915
40,123,558,518,kl,81.92,-0.03999999999999204,0.44722455739974976,0.46539777517318726,1.0267469882965088
40,123,559,519,kl,81.96,0.03999999999999204,0.3754805326461792,0.4831402599811554,1.2359395027160645
40,123,560,520,kl,81.4,-0.5599999999999881,0.5957025289535522,0.5132201910018921,1.1469167470932007
40,123,561,521,kl,82.26,0.8599999999999994,0.3198017477989197,0.4350029230117798,0.9405606389045715
40,123,562,522,kl,82.56,0.29999999999999716,0.5598453283309937,0.49701523780822754,0.9805987477302551
40,123,563,523,kl,82.72,0.1599999999999966,0.3770374655723572,0.4375377297401428,0.8893078565597534
40,123,564,524,kl,81.6,-1.1200000000000045,0.5259354710578918,0.5177192687988281,1.1968989372253418
40,123,565,525,kl,82.12,0.5200000000000102,0.5611881613731384,0.5090256333351135,0.9677973985671997
40,123,566,526,kl,81.86,-0.2600000000000051,0.5026980638504028,0.5274178385734558,0.9896559119224548
40,123,567,527,kl,81.7,-0.1599999999999966,0.5211442112922668,0.49422764778137207,1.1407769918441772
40,123,568,528,kl,82.26,0.5600000000000023,0.493912011384964,0.48397454619407654,0.9121947288513184
40,123,569,529,kl,83.26,1.0,0.48474037647247314,0.4704218804836273,1.1796294450759888
40,123,570,530,kl,80.96,-2.3000000000000114,0.7092104554176331,0.6051468253135681,1.4150782823562622
40,123,571,531,kl,82.7,1.740000000000009,0.5962588787078857,0.5203625559806824,1.0548005104064941
40,123,572,532,kl,81.34,-1.3599999999999994,0.5473216772079468,0.4997054636478424,0.9526997804641724
40,123,573,533,kl,81.64,0.29999999999999716,0.5149515271186829,0.4406795799732208,0.8935588598251343
40,123,574,534,ce,82.86,1.2199999999999989,0.17356494069099426,0.33576467633247375,1.7969493865966797
40,123,575,535,kl,81.7,-1.1599999999999966,0.723926305770874,0.5932946801185608,1.1140615940093994
40,123,576,536,kl,81.82,0.11999999999999034,0.4694332778453827,0.4894094169139862,0.8902361989021301
40,123,577,537,kl,82.4,0.5800000000000125,0.6868305206298828,0.5613793730735779,1.07527494430542
40,123,578,538,kl,83.5,1.0999999999999943,0.5171261429786682,0.47888338565826416,0.9407166242599487
40,123,579,539,kl,82.24,-1.2600000000000051,0.5906809568405151,0.515255331993103,0.8875323534011841
40,123,580,540,kl,80.8,-1.4399999999999977,0.6571983098983765,0.5433620810508728,1.1339010000228882
40,123,581,541,kl,82.96,2.1599999999999966,0.48566094040870667,0.4485056400299072,0.9187573194503784
40,123,582,542,kl,82.1,-0.8599999999999994,0.506843626499176,0.43973785638809204,0.7462546229362488
40,123,583,543,kl,81.92,-0.1799999999999926,0.6727941632270813,0.5568320751190186,0.9330056309700012
40,123,584,544,kl,81.96,0.03999999999999204,0.5549229979515076,0.4907686412334442,0.9021485447883606
40,123,585,545,kl,82.34,0.38000000000000966,0.3686903119087219,0.4242003858089447,0.836749255657196
40,123,586,546,kl,81.3,-1.0400000000000063,0.643659234046936,0.5247143507003784,1.0541433095932007
40,123,587,547,kl,82.86,1.5600000000000023,0.7458688020706177,0.5783879160881042,1.1650748252868652
40,123,588,548,kl,81.94,-0.9200000000000017,0.4534399211406708,0.4670392572879791,0.8718072772026062
40,123,589,549,kl,82.28,0.3400000000000034,0.524017333984375,0.48911258578300476,0.949948251247406
40,123,590,550,kl,82.02,-0.2600000000000051,0.5274048447608948,0.48448407649993896,0.7579272985458374
40,123,591,551,kl,81.44,-0.5799999999999983,0.6365422010421753,0.54975426197052,1.1134518384933472
40,123,592,552,kl,81.76,0.3200000000000074,0.5423052310943604,0.48795217275619507,0.8605419397354126
40,123,593,553,kl,81.9,0.14000000000000057,0.5645113587379456,0.5027819275856018,0.9618738293647766
40,123,594,554,kl,83.64,1.7399999999999949,0.5477336645126343,0.47632452845573425,0.9401983618736267
40,123,595,555,kl,82.76,-0.8799999999999955,0.5882081985473633,0.48389264941215515,0.867523729801178
40,123,596,556,kl,82.6,-0.1600000000000108,0.5102254152297974,0.4478718638420105,0.9568125605583191
40,123,597,557,kl,81.66,-0.9399999999999977,0.4963691830635071,0.5039166212081909,0.9969505071640015
40,123,598,558,kl,81.28,-0.37999999999999545,0.5433340072631836,0.4938245117664337,1.0048584938049316
40,123,599,559,kl,82.74,1.4599999999999937,0.36052173376083374,0.44270241260528564,0.885292649269104
40,123,600,560,kl,82.54,-0.19999999999998863,0.45072537660598755,0.4756689965724945,0.9795481562614441
40,123,601,561,kl,82.9,0.35999999999999943,0.44023844599723816,0.444650799036026,0.8590035438537598
40,123,602,562,kl,81.54,-1.3599999999999994,0.506760835647583,0.49357232451438904,0.9234813451766968
40,123,603,563,kl,83.38,1.8399999999999892,0.3682744801044464,0.4682164490222931,0.9106068015098572
40,123,604,564,kl,83.06,-0.3199999999999932,0.552301287651062,0.48717862367630005,1.003313422203064
40,123,605,565,kl,81.48,-1.5799999999999983,0.5885146856307983,0.5034656524658203,0.986076295375824
40,123,606,566,kl,82.28,0.7999999999999972,0.439680814743042,0.4935282766819,1.008849859237671
40,123,607,567,kl,82.38,0.09999999999999432,0.5343224406242371,0.4964350759983063,1.0671621561050415
40,123,608,568,kl,82.22,-0.1599999999999966,0.6064221858978271,0.4784437119960785,0.9145394563674927
40,123,609,569,kl,81.84,-0.37999999999999545,0.5697073936462402,0.5091845393180847,1.0474865436553955
40,123,610,570,kl,82.32,0.47999999999998977,0.5184798836708069,0.46347686648368835,0.9145415425300598
40,123,611,571,kl,82.4,0.0800000000000125,0.4126800298690796,0.4951583445072174,1.1730753183364868
40,123,612,572,kl,82.42,0.01999999999999602,0.6798464059829712,0.5368331670761108,1.121633529663086
40,123,613,573,kl,81.22,-1.2000000000000028,0.672650933265686,0.57203608751297,1.214389443397522
40,123,614,574,kl,81.92,0.7000000000000028,0.4370065927505493,0.4369521141052246,0.9400267004966736
40,123,615,575,ce,83.3,1.3799999999999955,0.2200392633676529,0.3475905656814575,1.6329662799835205
40,123,616,576,kl,81.88,-1.4200000000000017,0.48590362071990967,0.49125936627388,0.9502446055412292
40,123,617,577,kl,81.88,0.0,0.5719169974327087,0.5126157402992249,0.8484377264976501
40,123,618,578,kl,82.22,0.3400000000000034,0.5071457028388977,0.46770867705345154,0.9221853017807007
40,123,619,579,kl,82.12,-0.09999999999999432,0.38994839787483215,0.43315404653549194,0.8743587136268616
40,123,620,580,kl,80.74,-1.3800000000000097,0.32044681906700134,0.4474278688430786,1.1941269636154175
40,123,621,581,kl,82.38,1.6400000000000006,0.5846697688102722,0.5067864656448364,1.1121675968170166
40,123,622,582,kl,83.12,0.7400000000000091,0.41544756293296814,0.45901229977607727,0.9485545754432678
40,123,623,583,kl,82.34,-0.7800000000000011,0.6203247308731079,0.5311647057533264,0.9232339859008789
40,123,624,584,kl,82.06,-0.28000000000000114,0.5888611674308777,0.5409528017044067,1.060862421989441
40,123,625,585,kl,81.8,-0.2600000000000051,0.6072244644165039,0.5500456094741821,1.3133152723312378
40,123,626,586,kl,83.08,1.2800000000000011,0.41775238513946533,0.49394115805625916,1.0884160995483398
40,123,627,587,kl,82.46,-0.6200000000000045,0.5097737312316895,0.5238896608352661,1.0009510517120361
40,123,628,588,kl,82.66,0.20000000000000284,0.46455687284469604,0.46045368909835815,0.9550582766532898
40,123,629,589,kl,82.6,-0.060000000000002274,0.5439457893371582,0.4479813277721405,0.7545273900032043
40,123,630,590,kl,82.26,-0.3399999999999892,0.5987881422042847,0.5243009328842163,1.1331796646118164
40,123,631,591,kl,83.04,0.7800000000000011,0.648993194103241,0.5331838130950928,1.02327299118042
40,123,632,592,kl,82.06,-0.980000000000004,0.5019041299819946,0.4567076563835144,1.0485433340072632
40,123,633,593,kl,82.82,0.7599999999999909,0.4612109065055847,0.4683764576911926,0.9177360534667969
40,123,634,594,kl,82.84,0.020000000000010232,0.5951529741287231,0.5249995589256287,0.8703177571296692
40,123,635,595,kl,82.28,-0.5600000000000023,0.5196903347969055,0.4584534466266632,0.8541783690452576
40,123,636,596,kl,83.28,1.0,0.48312488198280334,0.4339450001716614,0.8552835583686829
40,123,637,597,kl,84.0,0.7199999999999989,0.6365128755569458,0.5076684951782227,1.0305912494659424
40,123,638,598,kl,82.58,-1.4200000000000017,0.590515673160553,0.5150572061538696,1.0907070636749268
40,123,639,599,kl,82.52,-0.060000000000002274,0.6113165616989136,0.5570787191390991,1.039806842803955
40,123,640,600,kl,84.1,1.5799999999999983,0.5068808794021606,0.4897124171257019,0.9072984457015991
40,123,641,601,kl,82.68,-1.4199999999999875,0.6739862561225891,0.5263811349868774,1.0690956115722656
40,123,642,602,kl,82.94,0.2599999999999909,0.5233649015426636,0.49563080072402954,0.9919345378875732
40,123,643,603,kl,81.72,-1.2199999999999989,0.4966530203819275,0.5012091994285583,0.9815313816070557
40,123,644,604,kl,80.96,-0.7600000000000051,0.5136064291000366,0.48337629437446594,0.8863430619239807
40,123,645,605,kl,82.32,1.3599999999999994,0.6650395393371582,0.579905092716217,1.1140414476394653
40,123,646,606,kl,83.26,0.9400000000000119,0.5945754051208496,0.48375919461250305,0.9797934889793396
40,123,647,607,kl,81.96,-1.3000000000000114,0.510829746723175,0.4691714942455292,0.8984804153442383
40,123,648,608,kl,81.88,-0.0799999999999983,0.5682687759399414,0.49149850010871887,1.1025824546813965
40,123,649,609,kl,81.88,0.0,0.6347495317459106,0.522763729095459,1.0586317777633667
40,123,650,610,kl,79.98,-1.8999999999999915,0.6132695078849792,0.5384163856506348,1.0925302505493164
40,123,651,611,kl,82.02,2.039999999999992,0.5810415744781494,0.49016517400741577,1.0669379234313965
40,123,652,612,kl,79.1,-2.9200000000000017,0.7764842510223389,0.7208749055862427,1.6592369079589844
40,123,653,613,kl,82.74,3.6400000000000006,0.6342654824256897,0.5160778164863586,0.9636659622192383
40,123,654,614,kl,82.46,-0.28000000000000114,0.5323802828788757,0.49518880248069763,0.8666722178459167
40,123,655,615,kl,83.88,1.4200000000000017,0.4520779252052307,0.44578737020492554,0.7926086187362671
40,123,656,616,ce,83.54,-0.3399999999999892,0.20498056709766388,0.3682302236557007,1.692243218421936
40,123,657,617,kl,80.74,-2.8000000000000114,0.6346027851104736,0.6070835590362549,1.3275028467178345
40,123,658,618,kl,81.48,0.7400000000000091,0.41361773014068604,0.49618834257125854,1.0172926187515259
40,123,659,619,kl,81.22,-0.2600000000000051,0.592734694480896,0.47346213459968567,0.8847160935401917
40,123,660,620,kl,79.12,-2.0999999999999943,0.6253466606140137,0.5576114058494568,1.1850390434265137
40,123,661,621,kl,82.98,3.8599999999999994,0.5073714256286621,0.45548227429389954,0.7483472228050232
40,123,662,622,kl,82.04,-0.9399999999999977,0.5236725807189941,0.5319609045982361,1.0394648313522339
40,123,663,623,kl,80.72,-1.3200000000000074,0.6909130811691284,0.5662709474563599,1.3264480829238892
40,123,664,624,kl,82.7,1.980000000000004,0.615768313407898,0.5179712176322937,0.9014731049537659
40,123,665,625,kl,82.06,-0.6400000000000006,0.6574134826660156,0.545076310634613,0.9274283051490784
40,123,666,626,kl,82.72,0.6599999999999966,0.5721793174743652,0.4741678833961487,0.7543936371803284
40,123,667,627,kl,83.12,0.4000000000000057,0.37811440229415894,0.4268335998058319,0.893104076385498
40,123,668,628,kl,81.66,-1.460000000000008,0.6583504676818848,0.5432221293449402,1.0679925680160522
40,123,669,629,kl,81.2,-0.45999999999999375,0.6353099346160889,0.5088081955909729,0.9299547672271729
40,123,670,630,kl,82.16,0.9599999999999937,0.5020730495452881,0.4524703323841095,0.9548101425170898
40,123,671,631,kl,82.66,0.5,0.4640580415725708,0.46773117780685425,0.8755409121513367
40,123,672,632,kl,83.38,0.7199999999999989,0.5163116455078125,0.46516403555870056,1.1172155141830444
40,123,673,633,kl,82.56,-0.8199999999999932,0.4402281939983368,0.4672766923904419,1.0788891315460205
40,123,674,634,kl,81.08,-1.480000000000004,0.6582353115081787,0.5692980289459229,1.1632757186889648
40,123,675,635,kl,81.88,0.7999999999999972,0.6548056602478027,0.5146499872207642,0.9718993306159973
40,123,676,636,kl,82.78,0.9000000000000057,0.502998948097229,0.4764207601547241,0.8751861453056335
40,123,677,637,kl,83.06,0.28000000000000114,0.3579109013080597,0.4458554685115814,0.9732810854911804
40,123,678,638,kl,82.64,-0.4200000000000017,0.6931562423706055,0.5601570010185242,1.2312557697296143
40,123,679,639,kl,81.48,-1.1599999999999966,0.46024346351623535,0.4679246246814728,0.9842941164970398
40,123,680,640,kl,82.28,0.7999999999999972,0.6744190454483032,0.5369608998298645,1.098736047744751
40,123,681,641,kl,81.04,-1.2399999999999949,0.599617600440979,0.47990038990974426,1.0536342859268188
40,123,682,642,kl,81.34,0.29999999999999716,0.5139809846878052,0.5022543668746948,1.0099122524261475
40,123,683,643,kl,82.24,0.8999999999999915,0.5500908493995667,0.49544766545295715,0.9363383650779724
40,123,684,644,kl,80.7,-1.539999999999992,0.45909130573272705,0.5251205563545227,1.284786581993103
40,123,685,645,kl,82.42,1.7199999999999989,0.5246521234512329,0.4977375268936157,1.009427785873413
40,123,686,646,kl,82.7,0.28000000000000114,0.5605864524841309,0.49352678656578064,1.0126796960830688
40,123,687,647,kl,82.12,-0.5799999999999983,0.5234543681144714,0.5008458495140076,1.0417598485946655
40,123,688,648,kl,81.94,-0.18000000000000682,0.6307981014251709,0.49768611788749695,1.0180799961090088
40,123,689,649,kl,83.08,1.1400000000000006,0.5205601453781128,0.4577462375164032,0.9180916547775269
40,123,690,650,kl,83.46,0.37999999999999545,0.4909573793411255,0.4343082308769226,0.8353478908538818
40,123,691,651,kl,82.44,-1.019999999999996,0.5828100442886353,0.4809790849685669,0.9458539485931396
40,123,692,652,kl,82.54,0.10000000000000853,0.49278420209884644,0.5222387313842773,1.1269948482513428
40,123,693,653,kl,81.34,-1.2000000000000028,0.6626367568969727,0.5198506116867065,1.2469089031219482
40,123,694,654,kl,81.12,-0.21999999999999886,0.7328600883483887,0.584030270576477,1.1448227167129517
40,123,695,655,kl,82.18,1.0600000000000023,0.5856343507766724,0.4825595021247864,1.0409018993377686
40,123,696,656,kl,82.5,0.3199999999999932,0.5606735944747925,0.4678283631801605,0.9709618091583252
40,123,697,657,ce,83.6,1.0999999999999943,0.16448785364627838,0.3254309296607971,1.7925961017608643
40,123,698,658,kl,81.7,-1.8999999999999915,0.5041501522064209,0.4961693286895752,1.0164847373962402
40,123,699,659,kl,82.48,0.7800000000000011,0.5429806709289551,0.4606586694717407,0.8377553820610046
40,123,700,660,kl,81.5,-0.980000000000004,0.6958990097045898,0.551202654838562,1.2146668434143066
40,123,701,661,kl,82.3,0.7999999999999972,0.6554409861564636,0.5481023192405701,1.1921721696853638
40,123,702,662,kl,80.18,-2.1199999999999903,0.5691575407981873,0.5515491962432861,1.3764253854751587
40,123,703,663,kl,81.74,1.559999999999988,0.5731706023216248,0.5162720680236816,0.9824346303939819
40,123,704,664,kl,81.14,-0.5999999999999943,0.7463051080703735,0.5960895419120789,1.081089735031128
40,123,705,665,kl,82.5,1.3599999999999994,0.43578144907951355,0.4585789740085602,1.2169994115829468
40,123,706,666,kl,81.82,-0.6800000000000068,0.5831056833267212,0.5244731903076172,1.0281261205673218
40,123,707,667,kl,83.08,1.2600000000000051,0.4564224183559418,0.4804001450538635,0.8935796618461609
40,123,708,668,kl,83.28,0.20000000000000284,0.49075907468795776,0.43825042247772217,0.7968292832374573
40,123,709,669,kl,81.22,-2.0600000000000023,0.6478545069694519,0.5300312638282776,1.0282536745071411
40,123,710,670,kl,80.64,-0.5799999999999983,0.6474124193191528,0.6158215403556824,1.2473640441894531
40,123,711,671,kl,81.86,1.2199999999999989,0.4401417374610901,0.4516426920890808,1.0192253589630127
40,123,712,672,kl,82.24,0.37999999999999545,0.33720672130584717,0.43544867634773254,1.0523761510849
40,123,713,673,kl,81.46,-0.7800000000000011,0.5340690016746521,0.5033488869667053,0.998961865901947
40,123,714,674,kl,82.9,1.440000000000012,0.5446215867996216,0.4800175428390503,0.9385493397712708
40,123,715,675,kl,81.04,-1.8599999999999994,0.6668163537979126,0.5727741122245789,1.31852126121521
40,123,716,676,kl,82.54,1.5,0.5120131969451904,0.47419390082359314,0.9059892296791077
40,123,717,677,kl,82.3,-0.2400000000000091,0.4835319519042969,0.46840015053749084,0.8189347982406616
40,123,718,678,kl,82.86,0.5600000000000023,0.5621024370193481,0.49637624621391296,0.8235003352165222
40,123,719,679,kl,82.12,-0.7399999999999949,0.434713751077652,0.5027400255203247,0.9884052276611328
40,123,720,680,kl,82.72,0.5999999999999943,0.5463072657585144,0.4892609715461731,0.9439443349838257
40,123,721,681,kl,82.84,0.12000000000000455,0.5207073092460632,0.47739386558532715,0.9039278030395508
40,123,722,682,kl,82.6,-0.2400000000000091,0.4935165047645569,0.4851092994213104,0.8045575022697449
40,123,723,683,kl,81.58,-1.019999999999996,0.5530572533607483,0.5174707770347595,0.9638513922691345
40,123,724,684,kl,82.42,0.8400000000000034,0.4594753086566925,0.4812662601470947,1.042425513267517
40,123,725,685,kl,83.32,0.8999999999999915,0.45731914043426514,0.4359019696712494,0.7617025375366211
40,123,726,686,kl,82.46,-0.8599999999999994,0.5313960313796997,0.4890681207180023,0.9470360279083252
40,123,727,687,kl,81.7,-0.7599999999999909,0.6050310134887695,0.5178965926170349,0.9768633842468262
40,123,728,688,kl,81.7,0.0,0.49051541090011597,0.4776105284690857,1.0026041269302368
40,123,729,689,kl,83.38,1.6799999999999926,0.4623575806617737,0.4577666223049164,0.8451818823814392
40,123,730,690,kl,82.98,-0.3999999999999915,0.45579585433006287,0.4315391778945923,0.8970810174942017
40,123,731,691,kl,82.76,-0.21999999999999886,0.4262678623199463,0.44866862893104553,0.8414486050605774
40,123,732,692,kl,82.14,-0.6200000000000045,0.592606246471405,0.4870453476905823,1.0413291454315186
40,123,733,693,kl,82.58,0.4399999999999977,0.4329124689102173,0.4526442885398865,0.9538114666938782
40,123,734,694,kl,82.44,-0.14000000000000057,0.5975372791290283,0.5205146670341492,1.1299480199813843
40,123,735,695,kl,81.6,-0.8400000000000034,0.7062262296676636,0.5876867771148682,1.1183205842971802
40,123,736,696,kl,81.7,0.10000000000000853,0.6787390112876892,0.5169901251792908,0.9577283263206482
40,123,737,697,kl,81.28,-0.4200000000000017,0.5547729730606079,0.5116419792175293,1.146710991859436
40,123,738,698,ce,85.32,4.039999999999992,0.22276529669761658,0.3209627568721771,1.8516443967819214
40,123,739,699,kl,82.06,-3.259999999999991,0.5098394155502319,0.5005348324775696,1.0197784900665283
40,123,740,700,kl,81.54,-0.519999999999996,0.5256072282791138,0.4906378984451294,1.0331799983978271
40,123,741,701,kl,83.1,1.559999999999988,0.5922871828079224,0.5141651034355164,0.9728362560272217
40,123,742,702,kl,82.0,-1.0999999999999943,0.6150961518287659,0.5229870080947876,0.938072681427002
40,123,743,703,kl,82.7,0.7000000000000028,0.603217363357544,0.5557045936584473,1.0036143064498901
40,123,744,704,kl,80.16,-2.5400000000000063,0.7076510190963745,0.5857081413269043,1.1383311748504639
40,123,745,705,kl,83.38,3.219999999999999,0.5073161721229553,0.47700971364974976,0.8529900908470154
40,123,746,706,kl,81.3,-2.0799999999999983,0.6430667638778687,0.5402721166610718,0.9832403659820557
40,123,747,707,kl,80.88,-0.4200000000000017,0.6698648929595947,0.536342203617096,1.132961630821228
40,123,748,708,kl,81.58,0.7000000000000028,0.6736376881599426,0.5268674492835999,0.9538772106170654
40,123,749,709,kl,82.3,0.7199999999999989,0.5811919569969177,0.5084570050239563,1.0303555727005005
40,123,750,710,kl,81.4,-0.8999999999999915,0.6083894968032837,0.49262189865112305,1.0703564882278442
40,123,751,711,kl,82.84,1.4399999999999977,0.5511524081230164,0.5084133744239807,1.0671759843826294
40,123,752,712,kl,82.66,-0.18000000000000682,0.4373473823070526,0.46886783838272095,0.8341516256332397
40,123,753,713,kl,81.64,-1.019999999999996,0.43603503704071045,0.45135384798049927,0.9552855491638184
40,123,754,714,kl,82.68,1.0400000000000063,0.42341703176498413,0.5104154944419861,0.9914867877960205
40,123,755,715,kl,83.24,0.5599999999999881,0.5110555291175842,0.4721123278141022,0.8299458026885986
40,123,756,716,kl,81.98,-1.259999999999991,0.5073662400245667,0.4725188910961151,0.922841489315033
40,123,757,717,kl,81.74,-0.2400000000000091,0.6205732226371765,0.5470308065414429,1.022042989730835
40,123,758,718,kl,82.54,0.8000000000000114,0.5598421692848206,0.48328566551208496,0.989444375038147
40,123,759,719,kl,82.48,-0.060000000000002274,0.4432814121246338,0.44896426796913147,1.046555757522583
40,123,760,720,kl,82.04,-0.4399999999999977,0.21919764578342438,0.4009762108325958,0.9946733713150024
40,123,761,721,kl,82.56,0.519999999999996,0.6386947631835938,0.54364013671875,1.0544337034225464
40,123,762,722,kl,81.5,-1.0600000000000023,0.6637368202209473,0.5355691909790039,1.0713480710983276
40,123,763,723,kl,83.74,2.239999999999995,0.5568823218345642,0.4644482135772705,0.8388522267341614
40,123,764,724,kl,82.7,-1.039999999999992,0.5688774585723877,0.5238790512084961,0.9838728308677673
40,123,765,725,kl,81.48,-1.2199999999999989,0.7122572064399719,0.5601680874824524,1.1157582998275757
40,123,766,726,kl,83.42,1.9399999999999977,0.4831060767173767,0.4434621334075928,0.676072359085083
40,123,767,727,kl,83.86,0.4399999999999977,0.5078330039978027,0.4724622964859009,0.8932821750640869
40,123,768,728,kl,83.42,-0.4399999999999977,0.42355743050575256,0.48335981369018555,1.143943428993225
40,123,769,729,kl,82.6,-0.8200000000000074,0.38227683305740356,0.44385793805122375,1.0020612478256226
40,123,770,730,kl,82.48,-0.11999999999999034,0.5485928654670715,0.4564758539199829,0.9557605385780334
40,123,771,731,kl,81.64,-0.8400000000000034,0.5195919871330261,0.5087326765060425,0.996833860874176
40,123,772,732,kl,82.38,0.7399999999999949,0.6457540392875671,0.5273312330245972,1.0153671503067017
40,123,773,733,kl,82.98,0.6000000000000085,0.5499385595321655,0.4782901406288147,0.8085146546363831
40,123,774,734,kl,82.6,-0.38000000000000966,0.4964058995246887,0.4376276731491089,0.7653687596321106
40,123,775,735,kl,83.96,1.3599999999999994,0.6457260251045227,0.5205358862876892,0.9986169934272766
40,123,776,736,kl,82.54,-1.4199999999999875,0.5284528732299805,0.4762957990169525,1.0866323709487915
40,123,777,737,kl,82.94,0.3999999999999915,0.6336221694946289,0.540974497795105,1.152640700340271
40,123,778,738,kl,83.12,0.18000000000000682,0.6383131146430969,0.523974597454071,0.9065052270889282
40,123,779,739,ce,84.18,1.0600000000000023,0.19219501316547394,0.3246736526489258,1.8209725618362427
40,123,780,740,kl,81.56,-2.6200000000000045,0.769076943397522,0.658959686756134,1.2829846143722534
40,123,781,741,kl,81.44,-0.12000000000000455,0.5459941625595093,0.4834909439086914,0.8216387033462524
40,123,782,742,kl,82.46,1.019999999999996,0.4058445394039154,0.41671767830848694,0.913377583026886
40,123,783,743,kl,82.98,0.5200000000000102,0.7150440216064453,0.5693454146385193,1.0999526977539062
40,123,784,744,kl,83.36,0.37999999999999545,0.4795759320259094,0.4658810794353485,0.8988620638847351
40,123,785,745,kl,83.44,0.0799999999999983,0.47760164737701416,0.4939870238304138,0.9340394139289856
40,123,786,746,kl,81.44,-2.0,0.6024248003959656,0.5420660972595215,1.0863139629364014
40,123,787,747,kl,82.54,1.1000000000000085,0.5964738726615906,0.499030202627182,0.9474858641624451
40,123,788,748,kl,81.88,-0.6600000000000108,0.6448817253112793,0.5056654214859009,0.8450209498405457
40,123,789,749,kl,83.06,1.1800000000000068,0.706871509552002,0.5466641783714294,0.9165893793106079
40,123,790,750,kl,81.46,-1.6000000000000085,0.6602598428726196,0.5731828212738037,1.3232165575027466
40,123,791,751,kl,82.68,1.220000000000013,0.6975826621055603,0.5401089787483215,0.9428311586380005
40,123,792,752,kl,81.46,-1.220000000000013,0.65800541639328,0.5532902479171753,1.1762574911117554
40,123,793,753,kl,82.16,0.7000000000000028,0.5111862421035767,0.5171251893043518,1.1561025381088257
40,123,794,754,kl,81.32,-0.8400000000000034,0.5616568922996521,0.5244272351264954,0.9972221255302429
40,123,795,755,kl,82.44,1.1200000000000045,0.7131216526031494,0.5398460030555725,1.0047537088394165
40,123,796,756,kl,82.16,-0.28000000000000114,0.4009310007095337,0.47184544801712036,0.9545198082923889
40,123,797,757,kl,83.16,1.0,0.6257309913635254,0.5013437867164612,0.8980730772018433
40,123,798,758,kl,82.12,-1.039999999999992,0.5171910524368286,0.46296626329421997,0.9905203580856323
40,123,799,759,kl,82.56,0.4399999999999977,0.5186657905578613,0.45972511172294617,0.865331768989563
40,123,800,760,kl,81.96,-0.6000000000000085,0.5365571975708008,0.549582839012146,1.1018412113189697
40,123,801,761,kl,81.14,-0.8199999999999932,0.5192375183105469,0.4555610120296478,0.8690414428710938
40,123,802,762,kl,83.36,2.219999999999999,0.5630401968955994,0.44226357340812683,0.8720227479934692
40,123,803,763,kl,81.44,-1.9200000000000017,0.6283419132232666,0.5107894539833069,0.9853194952011108
40,123,804,764,kl,82.68,1.240000000000009,0.3834671080112457,0.4381313621997833,0.8754156827926636
40,123,805,765,kl,82.68,0.0,0.5935805439949036,0.4902607500553131,0.9661845564842224
40,123,806,766,kl,82.18,-0.5,0.5074840784072876,0.48805204033851624,0.9092804193496704
40,123,807,767,kl,82.5,0.3199999999999932,0.6524597406387329,0.5080156326293945,0.9986411929130554
40,123,808,768,kl,82.5,0.0,0.34327414631843567,0.4024859666824341,0.9088190197944641
40,123,809,769,kl,82.44,-0.060000000000002274,0.556840181350708,0.48074156045913696,0.8761729598045349
40,123,810,770,kl,82.64,0.20000000000000284,0.5654405355453491,0.46360448002815247,0.929301917552948
40,123,811,771,kl,83.06,0.4200000000000017,0.48276400566101074,0.46323245763778687,0.8637873530387878
40,123,812,772,kl,83.1,0.03999999999999204,0.5735043287277222,0.4665577709674835,0.8786496520042419
40,123,813,773,kl,82.04,-1.059999999999988,0.5350030660629272,0.4959656596183777,0.8330556154251099
40,123,814,774,kl,82.94,0.8999999999999915,0.40731143951416016,0.4672279953956604,1.0104693174362183
40,123,815,775,kl,82.16,-0.7800000000000011,0.6398235559463501,0.5159907937049866,0.930677592754364
40,123,816,776,kl,81.92,-0.23999999999999488,0.6276031136512756,0.5837134718894958,1.1801197528839111
40,123,817,777,kl,80.18,-1.7399999999999949,0.6931564807891846,0.562762975692749,1.1796749830245972
40,123,818,778,kl,81.74,1.559999999999988,0.6116429567337036,0.5151826739311218,1.1300678253173828
40,123,819,779,kl,82.14,0.4000000000000057,0.6362499594688416,0.5209306478500366,0.9560996294021606
40,123,820,780,ce,83.94,1.7999999999999972,0.189005047082901,0.3505733907222748,1.5388151407241821
40,1337,1,-39,kl,28.18,15.92,0.7063508033752441,0.9989817142486572,1.7703149318695068
40,1337,2,-38,kl,46.78,18.6,0.6699275374412537,0.602271556854248,1.513643503189087
40,1337,3,-37,kl,52.2,5.420000000000002,0.6960919499397278,0.610558032989502,1.2770200967788696
40,1337,4,-36,kl,62.48,10.279999999999994,0.4191945195198059,0.4639134109020233,0.9865482449531555
40,1337,5,-35,kl,67.12,4.640000000000008,0.5937384366989136,0.5429370403289795,1.2302894592285156
40,1337,6,-34,kl,69.32,2.1999999999999886,0.5795088410377502,0.49978384375572205,1.1200345754623413
40,1337,7,-33,kl,71.42,2.1000000000000085,0.5592890381813049,0.47116050124168396,1.2169972658157349
40,1337,8,-32,kl,72.86,1.4399999999999977,0.5256076455116272,0.44973835349082947,1.0242944955825806
40,1337,9,-31,kl,73.58,0.7199999999999989,0.8034305572509766,0.5201616883277893,1.0368890762329102
40,1337,10,-30,kl,74.64,1.0600000000000023,0.5833619832992554,0.4460771977901459,1.0375515222549438
40,1337,11,-29,kl,75.4,0.7600000000000051,0.7232246398925781,0.5075466632843018,1.1733124256134033
40,1337,12,-28,kl,75.82,0.4199999999999875,0.16431023180484772,0.3765636384487152,1.0807769298553467
40,1337,13,-27,kl,76.3,0.480000000000004,0.6357129812240601,0.5351514220237732,1.0894004106521606
40,1337,14,-26,kl,76.94,0.6400000000000006,0.6706713438034058,0.46734902262687683,0.9558712840080261
40,1337,15,-25,kl,77.84,0.9000000000000057,0.5435050129890442,0.4483398497104645,0.8151548504829407
40,1337,16,-24,kl,76.62,-1.2199999999999989,0.47111478447914124,0.4042840003967285,0.8294594287872314
40,1337,17,-23,kl,76.98,0.35999999999999943,0.5262429118156433,0.4564545750617981,0.9162615537643433
40,1337,18,-22,kl,78.74,1.759999999999991,0.7096424102783203,0.5118709206581116,1.1409860849380493
40,1337,19,-21,kl,77.44,-1.2999999999999972,0.61922287940979,0.46434134244918823,0.9398036599159241
40,1337,20,-20,kl,80.38,2.9399999999999977,0.634445309638977,0.46393561363220215,0.9991657137870789
40,1337,21,-19,kl,78.8,-1.5799999999999983,0.5972099304199219,0.4969867467880249,0.9606286883354187
40,1337,22,-18,kl,77.9,-0.8999999999999915,0.6368616819381714,0.4960188567638397,1.023147463798523
40,1337,23,-17,kl,78.9,1.0,0.5268054604530334,0.470734566450119,0.9574475288391113
40,1337,24,-16,kl,80.3,1.3999999999999915,0.5157510042190552,0.43909990787506104,0.9235211610794067
40,1337,25,-15,kl,79.06,-1.2399999999999949,0.5622539520263672,0.4421875774860382,0.8722844123840332
40,1337,26,-14,kl,79.14,0.0799999999999983,0.6880191564559937,0.49528980255126953,0.979036808013916
40,1337,27,-13,kl,79.82,0.6799999999999926,0.4647568464279175,0.4088785648345947,0.9024919271469116
40,1337,28,-12,kl,78.62,-1.1999999999999886,0.6956636905670166,0.5390175580978394,1.1362699270248413
40,1337,29,-11,kl,81.12,2.5,0.5001604557037354,0.41555532813072205,0.8917245268821716
40,1337,30,-10,kl,80.4,-0.7199999999999989,0.5966917276382446,0.4442441463470459,0.8105136752128601
40,1337,31,-9,kl,80.86,0.45999999999999375,0.55390465259552,0.49193790555000305,1.1488299369812012
40,1337,32,-8,kl,81.86,1.0,0.3507670760154724,0.3989379107952118,0.7841017842292786
40,1337,33,-7,kl,79.8,-2.0600000000000023,0.581595778465271,0.45405885577201843,0.9807522296905518
40,1337,34,-6,kl,81.04,1.240000000000009,0.2887217104434967,0.3943084180355072,0.8274471163749695
40,1337,35,-5,kl,80.9,-0.14000000000000057,0.5379536151885986,0.47210314869880676,0.8858095407485962
40,1337,36,-4,kl,80.88,-0.020000000000010232,0.5213449001312256,0.449369341135025,0.8604056239128113
40,1337,37,-3,kl,80.98,0.10000000000000853,0.556133508682251,0.4518398940563202,0.8060213923454285
40,1337,38,-2,kl,80.76,-0.21999999999999886,0.5168607234954834,0.45200809836387634,0.990326464176178
40,1337,39,-1,kl,82.2,1.4399999999999977,0.528404951095581,0.44643545150756836,0.833177387714386
40,1337,40,0,kl,81.24,-0.960000000000008,0.41689637303352356,0.4585407078266144,0.765347421169281
40,1337,41,1,ce,80.94,-0.29999999999999716,0.24543024599552155,0.3465929925441742,1.614740014076233
40,1337,42,2,kl,80.82,-0.12000000000000455,0.5274782180786133,0.4688808023929596,0.9346384406089783
40,1337,43,3,kl,81.2,0.38000000000000966,0.507538378238678,0.46676650643348694,0.9536604285240173
40,1337,44,4,kl,81.16,-0.04000000000000625,0.49912625551223755,0.4138276278972626,0.8177601099014282
40,1337,45,5,kl,81.6,0.4399999999999977,0.4269905686378479,0.42372530698776245,0.9662289023399353
40,1337,46,6,kl,81.48,-0.11999999999999034,0.39573919773101807,0.4108467102050781,0.7549372911453247
40,1337,47,7,kl,79.52,-1.960000000000008,0.5366587042808533,0.506248414516449,1.005185842514038
40,1337,48,8,kl,81.2,1.6800000000000068,0.32916513085365295,0.4083418846130371,0.9162883758544922
40,1337,49,9,kl,80.82,-0.38000000000000966,0.5562732219696045,0.4521227777004242,1.0840389728546143
40,1337,50,10,kl,81.36,0.5400000000000063,0.45537763833999634,0.4039278030395508,0.9149581789970398
40,1337,51,11,kl,81.3,-0.060000000000002274,0.6348521113395691,0.511489987373352,0.9201372861862183
40,1337,52,12,kl,81.8,0.5,0.5428681373596191,0.4503694176673889,1.0238935947418213
40,1337,53,13,kl,82.3,0.5,0.5705264806747437,0.4638251066207886,0.9161431193351746
40,1337,54,14,kl,81.46,-0.8400000000000034,0.6483488082885742,0.5225587487220764,1.016201138496399
40,1337,55,15,kl,79.94,-1.519999999999996,0.6575107574462891,0.5100868344306946,0.9445730447769165
40,1337,56,16,kl,79.96,0.01999999999999602,0.6740780472755432,0.5435387492179871,1.2699265480041504
40,1337,57,17,kl,81.04,1.0800000000000125,0.5407023429870605,0.4539892077445984,0.8896867632865906
40,1337,58,18,kl,82.04,1.0,0.6149613261222839,0.48999953269958496,0.8873710036277771
40,1337,59,19,kl,81.1,-0.9400000000000119,0.475774884223938,0.4520694613456726,0.8954079747200012
40,1337,60,20,kl,81.0,-0.09999999999999432,0.5023162961006165,0.4600483477115631,0.843250572681427
40,1337,61,21,kl,82.88,1.8799999999999955,0.5098401308059692,0.42834919691085815,0.8586158156394958
40,1337,62,22,kl,80.28,-2.5999999999999943,0.6652726531028748,0.5546568632125854,1.1197553873062134
40,1337,63,23,kl,81.36,1.0799999999999983,0.5024693012237549,0.4507758915424347,0.8659796118736267
40,1337,64,24,kl,82.18,0.8200000000000074,0.37278440594673157,0.4207797050476074,0.8527871370315552
40,1337,65,25,kl,79.6,-2.5800000000000125,0.6883561015129089,0.5972645878791809,1.2657405138015747
40,1337,66,26,kl,80.6,1.0,0.6705421209335327,0.5624024868011475,1.2449500560760498
40,1337,67,27,kl,79.98,-0.6199999999999903,0.7485026717185974,0.5715566873550415,1.1063621044158936
40,1337,68,28,kl,81.44,1.4599999999999937,0.6128996014595032,0.45724448561668396,0.8606522083282471
40,1337,69,29,kl,83.0,1.5600000000000023,0.6500829458236694,0.47948983311653137,0.8393967747688293
40,1337,70,30,kl,81.22,-1.7800000000000011,0.5431152582168579,0.49942106008529663,1.0329402685165405
40,1337,71,31,kl,80.76,-0.45999999999999375,0.6517611145973206,0.49264320731163025,0.9412881135940552
40,1337,72,32,kl,82.38,1.6199999999999903,0.4024507999420166,0.42322030663490295,0.9703500866889954
40,1337,73,33,kl,80.76,-1.6199999999999903,0.5934075713157654,0.4761308431625366,0.901764988899231
40,1337,74,34,kl,82.52,1.759999999999991,0.5969107151031494,0.49348270893096924,0.9135146141052246
40,1337,75,35,kl,81.2,-1.3199999999999932,0.6244299411773682,0.44186776876449585,0.9649454355239868
40,1337,76,36,kl,81.42,0.21999999999999886,0.5014677047729492,0.42780497670173645,0.9137870669364929
40,1337,77,37,kl,82.18,0.7600000000000051,0.4333688020706177,0.4293004274368286,0.9204621315002441
40,1337,78,38,kl,82.58,0.3999999999999915,0.46134936809539795,0.43098053336143494,0.9235392808914185
40,1337,79,39,kl,82.06,-0.519999999999996,0.6003182530403137,0.5226591229438782,0.9427354335784912
40,1337,80,40,kl,80.74,-1.3200000000000074,0.6114525198936462,0.495781272649765,1.2061238288879395
40,1337,81,41,kl,81.4,0.6600000000000108,0.29641687870025635,0.41084450483322144,1.0206776857376099
40,1337,82,42,ce,81.6,0.19999999999998863,0.3473963141441345,0.40712636709213257,1.6214189529418945
40,1337,83,43,kl,81.3,-0.29999999999999716,0.40742552280426025,0.4507615268230438,1.084664225578308
40,1337,84,44,kl,80.58,-0.7199999999999989,0.5651862621307373,0.48049288988113403,0.9221741557121277
40,1337,85,45,kl,81.26,0.6800000000000068,0.5097907781600952,0.4306454360485077,0.9405843615531921
40,1337,86,46,kl,81.38,0.11999999999999034,0.44522565603256226,0.45780307054519653,0.8971410393714905
40,1337,87,47,kl,81.2,-0.1799999999999926,0.6562950611114502,0.5594442486763,1.2332632541656494
40,1337,88,48,kl,81.7,0.5,0.5325254201889038,0.47771182656288147,0.7257368564605713
40,1337,89,49,kl,81.56,-0.14000000000000057,0.5599459409713745,0.4846435785293579,1.025202989578247
40,1337,90,50,kl,81.38,-0.18000000000000682,0.49155133962631226,0.46071335673332214,0.917030930519104
40,1337,91,51,kl,82.02,0.6400000000000006,0.4689001441001892,0.45737043023109436,0.9580835103988647
40,1337,92,52,kl,81.24,-0.7800000000000011,0.42424505949020386,0.44391730427742004,0.9006747007369995
40,1337,93,53,kl,81.54,0.30000000000001137,0.3144451081752777,0.3994191884994507,0.6987797617912292
40,1337,94,54,kl,81.76,0.21999999999999886,0.41746342182159424,0.43861135840415955,0.8856353759765625
40,1337,95,55,kl,81.7,-0.060000000000002274,0.6501692533493042,0.4744018614292145,0.9828240275382996
40,1337,96,56,kl,82.18,0.480000000000004,0.5002248883247375,0.4635773003101349,1.1793780326843262
40,1337,97,57,kl,81.52,-0.6600000000000108,0.3629274368286133,0.4016655385494232,0.8428999781608582
40,1337,98,58,kl,80.98,-0.539999999999992,0.5572471022605896,0.47378474473953247,1.0534837245941162
40,1337,99,59,kl,81.28,0.29999999999999716,0.34168845415115356,0.4435432255268097,0.9287379384040833
40,1337,100,60,kl,83.02,1.7399999999999949,0.2975410223007202,0.40519142150878906,0.7592455744743347
40,1337,101,61,kl,82.08,-0.9399999999999977,0.5346928834915161,0.4562177360057831,0.8627687096595764
40,1337,102,62,kl,81.36,-0.7199999999999989,0.6179125308990479,0.5258722901344299,0.9082767963409424
40,1337,103,63,kl,82.74,1.3799999999999955,0.5758767127990723,0.4888121783733368,0.9720172882080078
40,1337,104,64,kl,81.84,-0.8999999999999915,0.4760153889656067,0.4534022808074951,0.8131786584854126
40,1337,105,65,kl,82.94,1.0999999999999943,0.5441133975982666,0.5028260946273804,1.0791569948196411
40,1337,106,66,kl,79.48,-3.4599999999999937,0.6133502721786499,0.5264763832092285,1.0300614833831787
40,1337,107,67,kl,81.24,1.759999999999991,0.5519405007362366,0.48808932304382324,0.8151496648788452
40,1337,108,68,kl,82.08,0.8400000000000034,0.6012541055679321,0.5103382468223572,0.8744544386863708
40,1337,109,69,kl,81.58,-0.5,0.43251776695251465,0.4240451455116272,0.778416633605957
40,1337,110,70,kl,81.24,-0.3400000000000034,0.6462889313697815,0.49022647738456726,0.835527777671814
40,1337,111,71,kl,82.1,0.8599999999999994,0.5183882117271423,0.4733625054359436,0.9509722590446472
40,1337,112,72,kl,81.18,-0.9199999999999875,0.6024340391159058,0.5005436539649963,0.9507859349250793
40,1337,113,73,kl,81.86,0.6799999999999926,0.524644672870636,0.46369150280952454,0.8795870542526245
40,1337,114,74,kl,82.42,0.5600000000000023,0.46116089820861816,0.49159562587738037,0.9928858280181885
40,1337,115,75,kl,82.34,-0.0799999999999983,0.4906946122646332,0.4272208511829376,0.6771976351737976
40,1337,116,76,kl,83.34,1.0,0.5602141618728638,0.4560731053352356,0.7725849747657776
40,1337,117,77,kl,81.12,-2.219999999999999,0.6919390559196472,0.5846741795539856,1.1256142854690552
40,1337,118,78,kl,82.32,1.1999999999999886,0.4769917130470276,0.44819357991218567,0.8444175720214844
40,1337,119,79,kl,81.6,-0.7199999999999989,0.6235828399658203,0.4902493953704834,0.9006985425949097
40,1337,120,80,kl,82.82,1.2199999999999989,0.5477859973907471,0.48946696519851685,0.9293259382247925
40,1337,121,81,kl,82.68,-0.13999999999998636,0.524398922920227,0.481515109539032,0.9499815106391907
40,1337,122,82,kl,82.18,-0.5,0.6079026460647583,0.4650106728076935,0.9778182506561279
40,1337,123,83,ce,82.1,-0.0800000000000125,0.2899895906448364,0.37906554341316223,1.609424352645874
40,1337,124,84,kl,81.64,-0.45999999999999375,0.4985846281051636,0.46734529733657837,1.0015453100204468
40,1337,125,85,kl,81.16,-0.480000000000004,0.44717875123023987,0.45251142978668213,1.1063445806503296
40,1337,126,86,kl,81.78,0.6200000000000045,0.6223412156105042,0.47495558857917786,0.9756405353546143
40,1337,127,87,kl,82.52,0.7399999999999949,0.4819999933242798,0.4458254277706146,0.8860073089599609
40,1337,128,88,kl,81.98,-0.539999999999992,0.45322680473327637,0.4839731752872467,0.9284729361534119
40,1337,129,89,kl,81.48,-0.5,0.47351202368736267,0.4414055347442627,0.8335673809051514
40,1337,130,90,kl,82.44,0.9599999999999937,0.5051378607749939,0.45138323307037354,0.9439483284950256
40,1337,131,91,kl,82.82,0.37999999999999545,0.6250346899032593,0.5282808542251587,1.0898553133010864
40,1337,132,92,kl,82.64,-0.1799999999999926,0.5554080009460449,0.46898120641708374,0.8674877285957336
40,1337,133,93,kl,80.38,-2.260000000000005,0.555945634841919,0.4602266252040863,0.8520335555076599
40,1337,134,94,kl,81.92,1.5400000000000063,0.5246286392211914,0.4475456476211548,0.9209582209587097
40,1337,135,95,kl,81.92,0.0,0.48205339908599854,0.44793450832366943,0.951428234577179
40,1337,136,96,kl,81.98,0.060000000000002274,0.7819554805755615,0.6033250093460083,1.0305596590042114
40,1337,137,97,kl,82.1,0.11999999999999034,0.4223725497722626,0.4425361752510071,0.8583555817604065
40,1337,138,98,kl,83.16,1.0600000000000023,0.4453986883163452,0.43485715985298157,0.7163740992546082
40,1337,139,99,kl,82.06,-1.0999999999999943,0.5465469360351562,0.4977113902568817,1.1231199502944946
40,1337,140,100,kl,82.08,0.01999999999999602,0.5568501353263855,0.5033547282218933,1.0507830381393433
40,1337,141,101,kl,81.4,-0.6799999999999926,0.6649459600448608,0.5371183156967163,0.9848408102989197
40,1337,142,102,kl,80.86,-0.5400000000000063,0.6399521827697754,0.5108610987663269,0.9974457025527954
40,1337,143,103,kl,81.62,0.7600000000000051,0.38973644375801086,0.4495479166507721,0.9391704797744751
40,1337,144,104,kl,81.98,0.35999999999999943,0.26560086011886597,0.42117154598236084,0.9170206785202026
40,1337,145,105,kl,82.44,0.45999999999999375,0.4010927379131317,0.4448202848434448,0.8153315186500549
40,1337,146,106,kl,82.84,0.4000000000000057,0.538976788520813,0.4986223876476288,0.9553077220916748
40,1337,147,107,kl,81.94,-0.9000000000000057,0.62862229347229,0.5131862163543701,0.995461642742157
40,1337,148,108,kl,81.32,-0.6200000000000045,0.4406295418739319,0.42884737253189087,0.8817692399024963
40,1337,149,109,kl,81.42,0.10000000000000853,0.6044129133224487,0.5457580089569092,0.9851688146591187
40,1337,150,110,kl,82.44,1.019999999999996,0.4717366397380829,0.45858076214790344,1.0519517660140991
40,1337,151,111,kl,81.5,-0.9399999999999977,0.5090864300727844,0.4617467522621155,0.8884610533714294
40,1337,152,112,kl,82.3,0.7999999999999972,0.33195459842681885,0.42403268814086914,0.9449888467788696
40,1337,153,113,kl,81.58,-0.7199999999999989,0.5576086044311523,0.5172321796417236,0.9382872581481934
40,1337,154,114,kl,80.66,-0.9200000000000017,0.41023024916648865,0.43742626905441284,1.0307432413101196
40,1337,155,115,kl,82.0,1.3400000000000034,0.5139069557189941,0.4880381226539612,0.8807594180107117
40,1337,156,116,kl,81.36,-0.6400000000000006,0.34948182106018066,0.43714842200279236,1.0614924430847168
40,1337,157,117,kl,81.94,0.5799999999999983,0.5323511958122253,0.46083542704582214,0.8327165842056274
40,1337,158,118,kl,80.6,-1.3400000000000034,0.681425929069519,0.5367147326469421,1.0512999296188354
40,1337,159,119,kl,79.66,-0.9399999999999977,0.45929592847824097,0.4564230740070343,0.9111353754997253
40,1337,160,120,kl,81.9,2.240000000000009,0.6085931658744812,0.503844678401947,0.8218023180961609
40,1337,161,121,kl,82.26,0.35999999999999943,0.5779220461845398,0.4690296947956085,0.9709011912345886
40,1337,162,122,kl,80.52,-1.740000000000009,0.6000745296478271,0.48804864287376404,1.0094870328903198
40,1337,163,123,kl,82.58,2.0600000000000023,0.5112006664276123,0.459472119808197,0.9040653705596924
40,1337,164,124,ce,82.24,-0.3400000000000034,0.21814817190170288,0.36197924613952637,1.5968974828720093
40,1337,165,125,kl,82.2,-0.03999999999999204,0.5732287764549255,0.5066356062889099,0.9717938303947449
40,1337,166,126,kl,81.32,-0.8800000000000097,0.6222724318504333,0.5471581816673279,1.045793890953064
40,1337,167,127,kl,83.58,2.260000000000005,0.4620972275733948,0.46553218364715576,0.8490464687347412
40,1337,168,128,kl,82.6,-0.980000000000004,0.49410808086395264,0.4286375939846039,0.7952796220779419
40,1337,169,129,kl,81.2,-1.3999999999999915,0.5497030019760132,0.5138031840324402,0.9620380997657776
40,1337,170,130,kl,83.04,1.8400000000000034,0.45774170756340027,0.448736310005188,0.9266698360443115
40,1337,171,131,kl,82.16,-0.8800000000000097,0.24115324020385742,0.40452998876571655,0.7790634632110596
40,1337,172,132,kl,82.94,0.7800000000000011,0.42551732063293457,0.43060800433158875,0.9561675190925598
40,1337,173,133,kl,81.78,-1.1599999999999966,0.5147781372070312,0.49707165360450745,0.9987038969993591
40,1337,174,134,kl,82.2,0.4200000000000017,0.6244342923164368,0.5336397290229797,1.0719889402389526
40,1337,175,135,kl,82.18,-0.01999999999999602,0.6144822835922241,0.5378369092941284,0.9636227488517761
40,1337,176,136,kl,82.22,0.03999999999999204,0.5186811089515686,0.46548983454704285,1.0477722883224487
40,1337,177,137,kl,82.44,0.21999999999999886,0.2764997184276581,0.4078894853591919,0.8516823649406433
40,1337,178,138,kl,82.26,-0.1799999999999926,0.45820796489715576,0.43756282329559326,0.8655651807785034
40,1337,179,139,kl,82.7,0.4399999999999977,0.5221168994903564,0.475444495677948,1.0671387910842896
40,1337,180,140,kl,81.78,-0.9200000000000017,0.5828418731689453,0.5105459690093994,0.7922709584236145
40,1337,181,141,kl,82.4,0.6200000000000045,0.6014995574951172,0.5166715979576111,0.9327276945114136
40,1337,182,142,kl,82.28,-0.12000000000000455,0.5391013622283936,0.48488134145736694,0.9153670072555542
40,1337,183,143,kl,77.84,-4.439999999999998,0.5702385902404785,0.535998523235321,1.096960425376892
40,1337,184,144,kl,81.0,3.1599999999999966,0.6400506496429443,0.5680814385414124,1.102720856666565
40,1337,185,145,kl,83.12,2.1200000000000045,0.28612834215164185,0.3799698054790497,0.7343080639839172
40,1337,186,146,kl,81.48,-1.6400000000000006,0.5412217378616333,0.47370296716690063,0.7979228496551514
40,1337,187,147,kl,81.06,-0.4200000000000017,0.5390623807907104,0.4524102210998535,0.8362321257591248
40,1337,188,148,kl,82.84,1.7800000000000011,0.41272011399269104,0.4001801908016205,0.7587428092956543
40,1337,189,149,kl,83.0,0.1599999999999966,0.5286295413970947,0.455644428730011,0.9401854276657104
40,1337,190,150,kl,80.8,-2.200000000000003,0.6237209439277649,0.5594503879547119,1.0577248334884644
40,1337,191,151,kl,83.64,2.8400000000000034,0.5293999910354614,0.4792120158672333,0.8914423584938049
40,1337,192,152,kl,82.16,-1.480000000000004,0.6674137711524963,0.516363799571991,0.8729687333106995
40,1337,193,153,kl,82.34,0.18000000000000682,0.6068598628044128,0.5180601477622986,0.9144864678382874
40,1337,194,154,kl,81.5,-0.8400000000000034,0.4871985912322998,0.4381233751773834,0.8792387843132019
40,1337,195,155,kl,81.9,0.4000000000000057,0.5929747819900513,0.5142064690589905,0.9630094170570374
40,1337,196,156,kl,81.64,-0.2600000000000051,0.4567590653896332,0.44019877910614014,1.068376898765564
40,1337,197,157,kl,82.46,0.8199999999999932,0.47326698899269104,0.40873289108276367,0.7531204223632812
40,1337,198,158,kl,81.42,-1.039999999999992,0.5592938661575317,0.49920567870140076,1.1193125247955322
40,1337,199,159,kl,82.7,1.2800000000000011,0.5369633436203003,0.42688632011413574,0.7718245387077332
40,1337,200,160,kl,82.36,-0.3400000000000034,0.4315405786037445,0.43896767497062683,0.950480580329895
40,1337,201,161,kl,82.08,-0.28000000000000114,0.5984514951705933,0.509589672088623,1.077663540840149
40,1337,202,162,kl,81.52,-0.5600000000000023,0.4040941596031189,0.46375370025634766,0.9992006421089172
40,1337,203,163,kl,83.16,1.6400000000000006,0.44660139083862305,0.4243227243423462,0.863132119178772
40,1337,204,164,kl,83.24,0.0799999999999983,0.2888191044330597,0.4155479669570923,0.8172011971473694
40,1337,205,165,ce,81.74,-1.5,0.23194727301597595,0.3839062750339508,1.6166112422943115
40,1337,206,166,kl,81.74,0.0,0.48237746953964233,0.4678608477115631,0.9447596073150635
40,1337,207,167,kl,81.6,-0.14000000000000057,0.3930087685585022,0.44184958934783936,0.8596389293670654
40,1337,208,168,kl,83.54,1.940000000000012,0.5549931526184082,0.4403843879699707,0.8061724305152893
40,1337,209,169,kl,81.72,-1.8200000000000074,0.5258815288543701,0.4930999279022217,0.9154385924339294
40,1337,210,170,kl,82.54,0.8200000000000074,0.5451526641845703,0.47421643137931824,0.8114061951637268
40,1337,211,171,kl,83.24,0.6999999999999886,0.45068883895874023,0.4444695711135864,0.7682504057884216
40,1337,212,172,kl,82.96,-0.28000000000000114,0.5298244953155518,0.49125635623931885,0.8533363938331604
40,1337,213,173,kl,82.02,-0.9399999999999977,0.4657031297683716,0.4907130002975464,1.0366932153701782
40,1337,214,174,kl,81.94,-0.0799999999999983,0.5247783660888672,0.4636170268058777,0.8109816312789917
40,1337,215,175,kl,82.08,0.14000000000000057,0.6441256999969482,0.5095220804214478,0.9657872915267944
40,1337,216,176,kl,81.98,-0.09999999999999432,0.6435675621032715,0.5502747297286987,0.9384281039237976
40,1337,217,177,kl,82.76,0.7800000000000011,0.5956241488456726,0.5239165425300598,1.0710567235946655
40,1337,218,178,kl,82.44,-0.3200000000000074,0.5473589301109314,0.4659092128276825,0.9165331721305847
40,1337,219,179,kl,82.9,0.46000000000000796,0.40866705775260925,0.4260977506637573,0.8557296991348267
40,1337,220,180,kl,82.62,-0.28000000000000114,0.48964589834213257,0.4465758204460144,0.8970192074775696
40,1337,221,181,kl,80.78,-1.8400000000000034,0.3429553210735321,0.4005490243434906,0.9362164735794067
40,1337,222,182,kl,82.62,1.8400000000000034,0.45749354362487793,0.445154070854187,0.795086681842804
40,1337,223,183,kl,82.26,-0.35999999999999943,0.5119404792785645,0.47049832344055176,0.9035145044326782
40,1337,224,184,kl,83.04,0.7800000000000011,0.5063002705574036,0.4506312310695648,0.9539439082145691
40,1337,225,185,kl,82.4,-0.6400000000000006,0.2969796657562256,0.40325093269348145,0.8749072551727295
40,1337,226,186,kl,80.36,-2.0400000000000063,0.5775971412658691,0.47287431359291077,1.0291848182678223
40,1337,227,187,kl,80.98,0.6200000000000045,0.35674598813056946,0.38576650619506836,0.7824305295944214
40,1337,228,188,kl,80.92,-0.060000000000002274,0.5504963994026184,0.4493703246116638,0.836293637752533
40,1337,229,189,kl,81.76,0.8400000000000034,0.6406737565994263,0.5065036416053772,1.1348578929901123
40,1337,230,190,kl,81.62,-0.14000000000000057,0.46974116563796997,0.45109811425209045,0.8924143314361572
40,1337,231,191,kl,82.02,0.3999999999999915,0.6735645532608032,0.5958750247955322,1.0821809768676758
40,1337,232,192,kl,83.22,1.2000000000000028,0.6240458488464355,0.5168914794921875,0.9313730001449585
40,1337,233,193,kl,80.8,-2.4200000000000017,0.590349018573761,0.5390539765357971,1.1558377742767334
40,1337,234,194,kl,82.8,2.0,0.5936901569366455,0.4741491675376892,0.9212503433227539
40,1337,235,195,kl,82.46,-0.3400000000000034,0.6215863823890686,0.47957944869995117,0.8799191117286682
40,1337,236,196,kl,81.1,-1.3599999999999994,0.6031522750854492,0.5103582739830017,1.117503046989441
40,1337,237,197,kl,83.44,2.3400000000000034,0.5376154184341431,0.45533502101898193,0.9538608193397522
40,1337,238,198,kl,81.5,-1.9399999999999977,0.721876859664917,0.5904867053031921,1.2533245086669922
40,1337,239,199,kl,82.7,1.2000000000000028,0.42126041650772095,0.4111305773258209,0.8218873739242554
40,1337,240,200,kl,82.68,-0.01999999999999602,0.6574071645736694,0.5235042572021484,0.9446131587028503
40,1337,241,201,kl,83.08,0.3999999999999915,0.6071064472198486,0.48034560680389404,0.8877629637718201
40,1337,242,202,kl,81.96,-1.1200000000000045,0.6538453698158264,0.5009545683860779,0.9719867706298828
40,1337,243,203,kl,82.88,0.9200000000000017,0.5868238806724548,0.4744330942630768,0.8256534934043884
40,1337,244,204,kl,81.26,-1.6199999999999903,0.7442023754119873,0.6039809584617615,1.1272443532943726
40,1337,245,205,kl,82.94,1.6799999999999926,0.5778154730796814,0.4788856506347656,1.0288195610046387
40,1337,246,206,ce,81.96,-0.980000000000004,0.3173275589942932,0.4219636619091034,1.6622693538665771
40,1337,247,207,kl,81.92,-0.03999999999999204,0.6233590245246887,0.4900220036506653,0.9147255420684814
40,1337,248,208,kl,82.98,1.0600000000000023,0.469693660736084,0.4530845880508423,0.809343159198761
40,1337,249,209,kl,82.38,-0.6000000000000085,0.5024628043174744,0.4414595365524292,0.8713980913162231
40,1337,250,210,kl,80.72,-1.6599999999999966,0.5532350540161133,0.4914487898349762,0.8590168356895447
40,1337,251,211,kl,82.72,2.0,0.5217506885528564,0.5629359483718872,1.1324365139007568
40,1337,252,212,kl,83.6,0.8799999999999955,0.5356346368789673,0.4847012758255005,0.8219925165176392
40,1337,253,213,kl,82.12,-1.4799999999999898,0.3506830334663391,0.40497544407844543,0.9045578241348267
40,1337,254,214,kl,82.62,0.5,0.5146839618682861,0.4925818145275116,0.8088548183441162
40,1337,255,215,kl,83.12,0.5,0.4193938970565796,0.44363147020339966,0.8189805150032043
40,1337,256,216,kl,82.88,-0.2400000000000091,0.608321487903595,0.5221730470657349,0.8609470129013062
40,1337,257,217,kl,82.5,-0.37999999999999545,0.7030813097953796,0.5435023307800293,0.9238826632499695
40,1337,258,218,kl,80.84,-1.6599999999999966,0.4843481183052063,0.4710337519645691,1.0971201658248901
40,1337,259,219,kl,81.4,0.5600000000000023,0.6141987442970276,0.5502886176109314,0.9671986103057861
40,1337,260,220,kl,81.98,0.5799999999999983,0.35249751806259155,0.4164992868900299,1.0468798875808716
40,1337,261,221,kl,82.76,0.7800000000000011,0.4884142577648163,0.478081077337265,0.9509091377258301
40,1337,262,222,kl,80.86,-1.9000000000000057,0.6229217052459717,0.5361045598983765,0.9977522492408752
40,1337,263,223,kl,81.28,0.4200000000000017,0.5160907506942749,0.5016577243804932,1.0952428579330444
40,1337,264,224,kl,82.64,1.3599999999999994,0.4573925733566284,0.4758153259754181,0.9425588846206665
40,1337,265,225,kl,82.4,-0.23999999999999488,0.508252739906311,0.4704033136367798,0.8547185659408569
40,1337,266,226,kl,81.74,-0.6600000000000108,0.6223265528678894,0.5570109486579895,1.194287657737732
40,1337,267,227,kl,82.28,0.5400000000000063,0.567212700843811,0.5249003767967224,0.8924627304077148
40,1337,268,228,kl,82.78,0.5,0.4621342122554779,0.43157804012298584,0.9163560271263123
40,1337,269,229,kl,82.32,-0.46000000000000796,0.5843944549560547,0.5113798379898071,1.0607788562774658
40,1337,270,230,kl,82.76,0.44000000000001194,0.5335001349449158,0.43760785460472107,0.9695959091186523
40,1337,271,231,kl,82.28,-0.480000000000004,0.6158965826034546,0.5541892647743225,1.1551228761672974
40,1337,272,232,kl,83.66,1.3799999999999955,0.4876919686794281,0.4269256591796875,0.7971377372741699
40,1337,273,233,kl,82.48,-1.1799999999999926,0.3678966462612152,0.4128451347351074,0.8200271129608154
40,1337,274,234,kl,82.48,0.0,0.6285068988800049,0.49889907240867615,0.7964381575584412
40,1337,275,235,kl,82.04,-0.4399999999999977,0.4904409945011139,0.4711984097957611,0.9383087754249573
40,1337,276,236,kl,80.74,-1.3000000000000114,0.6795753240585327,0.5490856170654297,1.159273624420166
40,1337,277,237,kl,83.92,3.180000000000007,0.4482882618904114,0.42762574553489685,0.7304237484931946
40,1337,278,238,kl,82.06,-1.8599999999999994,0.25539451837539673,0.3937698006629944,0.9957172274589539
40,1337,279,239,kl,82.52,0.45999999999999375,0.42813143134117126,0.42768433690071106,0.8777843713760376
40,1337,280,240,kl,81.38,-1.1400000000000006,0.554762065410614,0.4744957983493805,1.057548999786377
40,1337,281,241,kl,82.68,1.3000000000000114,0.7121915221214294,0.5616157650947571,1.1629709005355835
40,1337,282,242,kl,81.1,-1.5800000000000125,0.5611199736595154,0.512523889541626,1.0900764465332031
40,1337,283,243,kl,81.1,0.0,0.5261256694793701,0.4651145935058594,1.0223026275634766
40,1337,284,244,kl,83.18,2.0800000000000125,0.5781962871551514,0.47448912262916565,0.9062723517417908
40,1337,285,245,kl,80.26,-2.9200000000000017,0.5805246829986572,0.5106165409088135,0.884807825088501
40,1337,286,246,kl,82.16,1.8999999999999915,0.4613068103790283,0.4670383334159851,0.9031657576560974
40,1337,287,247,ce,82.7,0.5400000000000063,0.3103768229484558,0.37232697010040283,1.6538928747177124
40,1337,288,248,kl,83.18,0.480000000000004,0.5870106816291809,0.5051345825195312,0.9235467910766602
40,1337,289,249,kl,83.14,-0.04000000000000625,0.24597932398319244,0.42018312215805054,0.9970278143882751
40,1337,290,250,kl,80.98,-2.1599999999999966,0.6108266115188599,0.5599122047424316,1.0531444549560547
40,1337,291,251,kl,82.78,1.7999999999999972,0.3548366129398346,0.41701972484588623,0.9462518095970154
40,1337,292,252,kl,81.24,-1.5400000000000063,0.47583961486816406,0.4511401653289795,0.9055973291397095
40,1337,293,253,kl,80.56,-0.6799999999999926,0.6042430400848389,0.5189692378044128,1.0498733520507812
40,1337,294,254,kl,82.36,1.7999999999999972,0.5815980434417725,0.47345227003097534,0.8681874871253967
40,1337,295,255,kl,81.18,-1.1799999999999926,0.3001735806465149,0.4097304046154022,0.9653391242027283
40,1337,296,256,kl,82.42,1.2399999999999949,0.5953726768493652,0.5070700645446777,0.9682624936103821
40,1337,297,257,kl,82.66,0.23999999999999488,0.57718825340271,0.5014981031417847,1.0014580488204956
40,1337,298,258,kl,80.18,-2.4799999999999898,0.647555947303772,0.5382087230682373,1.0773711204528809
40,1337,299,259,kl,83.12,2.9399999999999977,0.6378110647201538,0.490401029586792,0.9583128690719604
40,1337,300,260,kl,83.42,0.29999999999999716,0.35613128542900085,0.43059685826301575,0.8433869481086731
40,1337,301,261,kl,82.3,-1.1200000000000045,0.5408717393875122,0.5041064620018005,0.8654783964157104
40,1337,302,262,kl,81.68,-0.6199999999999903,0.5278995633125305,0.5369125008583069,1.0746068954467773
40,1337,303,263,kl,82.34,0.6599999999999966,0.531514048576355,0.4509259760379791,0.8628854155540466
40,1337,304,264,kl,83.28,0.9399999999999977,0.44790852069854736,0.48123452067375183,0.9086732268333435
40,1337,305,265,kl,82.94,-0.3400000000000034,0.4735334515571594,0.4468481242656708,0.8675045371055603
40,1337,306,266,kl,81.16,-1.7800000000000011,0.3690502643585205,0.3968260586261749,0.96480792760849
40,1337,307,267,kl,82.7,1.5400000000000063,0.6179280877113342,0.5073224902153015,0.876908004283905
40,1337,308,268,kl,82.88,0.1799999999999926,0.5893542766571045,0.5045146942138672,1.0256738662719727
40,1337,309,269,kl,83.18,0.30000000000001137,0.3609258830547333,0.4323898255825043,0.9548649787902832
40,1337,310,270,kl,81.72,-1.460000000000008,0.3736732006072998,0.4161314368247986,0.7870568037033081
40,1337,311,271,kl,79.84,-1.8799999999999955,0.6574318408966064,0.5318699479103088,0.8487100601196289
40,1337,312,272,kl,82.46,2.6199999999999903,0.518180251121521,0.46459871530532837,0.9236143231391907
40,1337,313,273,kl,81.9,-0.5599999999999881,0.43567031621932983,0.38515475392341614,1.037575602531433
40,1337,314,274,kl,81.34,-0.5600000000000023,0.5367894172668457,0.522129237651825,1.1593776941299438
40,1337,315,275,kl,80.94,-0.4000000000000057,0.5809506773948669,0.5158151388168335,0.9171416163444519
40,1337,316,276,kl,81.88,0.9399999999999977,0.6201487183570862,0.4948928654193878,1.0801125764846802
40,1337,317,277,kl,81.84,-0.03999999999999204,0.5705879926681519,0.4734325110912323,0.879584789276123
40,1337,318,278,kl,81.66,-0.18000000000000682,0.32921305298805237,0.4470052719116211,0.9833878874778748
40,1337,319,279,kl,81.7,0.04000000000000625,0.5556564927101135,0.4934898316860199,1.0260201692581177
40,1337,320,280,kl,81.58,-0.12000000000000455,0.6830378174781799,0.5578398704528809,1.062528133392334
40,1337,321,281,kl,80.94,-0.6400000000000006,0.6141524314880371,0.5289056301116943,1.2865703105926514
40,1337,322,282,kl,82.64,1.7000000000000028,0.4345015287399292,0.4731979966163635,0.9593902230262756
40,1337,323,283,kl,81.2,-1.4399999999999977,0.7387726902961731,0.5879131555557251,1.0677539110183716
40,1337,324,284,kl,80.9,-0.29999999999999716,0.6530349254608154,0.5124768614768982,0.9065225124359131
40,1337,325,285,kl,82.32,1.4199999999999875,0.5741932392120361,0.4599163830280304,0.8945193290710449
40,1337,326,286,kl,81.56,-0.7599999999999909,0.5280380249023438,0.4569564461708069,0.9126822352409363
40,1337,327,287,kl,80.18,-1.3799999999999955,0.6405616998672485,0.5492919087409973,1.0841064453125
40,1337,328,288,ce,82.02,1.8399999999999892,0.3552439510822296,0.3770550489425659,1.6356955766677856
40,1337,329,289,kl,80.5,-1.519999999999996,0.45134302973747253,0.487423300743103,0.9045570492744446
40,1337,330,290,kl,82.84,2.3400000000000034,0.42733338475227356,0.45489034056663513,0.9249359369277954
40,1337,331,291,kl,82.24,-0.6000000000000085,0.5786674618721008,0.49454283714294434,0.9551029801368713
40,1337,332,292,kl,80.52,-1.7199999999999989,0.45009708404541016,0.43082520365715027,0.8835343718528748
40,1337,333,293,kl,81.08,0.5600000000000023,0.5655136108398438,0.5252044200897217,1.0811126232147217
40,1337,334,294,kl,83.44,2.3599999999999994,0.5341041088104248,0.45822635293006897,0.8707395195960999
40,1337,335,295,kl,82.24,-1.2000000000000028,0.5896885991096497,0.4930255115032196,0.8377605676651001
40,1337,336,296,kl,82.94,0.7000000000000028,0.42648425698280334,0.43886634707450867,1.0122302770614624
40,1337,337,297,kl,83.96,1.019999999999996,0.44559547305107117,0.4568597972393036,0.9062106013298035
40,1337,338,298,kl,82.36,-1.5999999999999943,0.7124393582344055,0.5332258343696594,1.199711561203003
40,1337,339,299,kl,83.16,0.7999999999999972,0.564896821975708,0.4628717601299286,0.9339398741722107
40,1337,340,300,kl,81.24,-1.9200000000000017,0.7781906127929688,0.6205231547355652,1.1707195043563843
40,1337,341,301,kl,82.2,0.960000000000008,0.5355852246284485,0.4640558660030365,0.7918087840080261
40,1337,342,302,kl,82.08,-0.12000000000000455,0.6358901858329773,0.5318752527236938,0.9201281666755676
40,1337,343,303,kl,82.8,0.7199999999999989,0.35787901282310486,0.40118488669395447,0.8332145810127258
40,1337,344,304,kl,80.74,-2.0600000000000023,0.49625134468078613,0.46203872561454773,0.9015761017799377
40,1337,345,305,kl,83.16,2.4200000000000017,0.6070469617843628,0.49421945214271545,0.9981815814971924
40,1337,346,306,kl,81.66,-1.5,0.5114248991012573,0.4543167054653168,1.0405246019363403
40,1337,347,307,kl,82.9,1.240000000000009,0.5173108577728271,0.4619956612586975,0.870067298412323
40,1337,348,308,kl,83.42,0.519999999999996,0.39450544118881226,0.45618513226509094,0.9735382795333862
40,1337,349,309,kl,80.46,-2.960000000000008,0.7165858149528503,0.6037490963935852,1.3927265405654907
40,1337,350,310,kl,81.82,1.3599999999999994,0.6665217280387878,0.5111616849899292,0.9297013282775879
40,1337,351,311,kl,81.66,-0.1599999999999966,0.6801899075508118,0.5372682809829712,0.8050248026847839
40,1337,352,312,kl,82.16,0.5,0.46973496675491333,0.42611387372016907,0.8194221258163452
40,1337,353,313,kl,81.44,-0.7199999999999989,0.5468523502349854,0.4901127517223358,1.0085970163345337
40,1337,354,314,kl,81.0,-0.4399999999999977,0.6352732181549072,0.5307715535163879,0.9205684661865234
40,1337,355,315,kl,82.44,1.4399999999999977,0.4753165543079376,0.47979456186294556,1.0209487676620483
40,1337,356,316,kl,80.72,-1.7199999999999989,0.5800392627716064,0.5340356230735779,1.2211012840270996
40,1337,357,317,kl,81.48,0.7600000000000051,0.531470000743866,0.49668723344802856,0.9530709385871887
40,1337,358,318,kl,82.64,1.1599999999999966,0.4201935827732086,0.444002240896225,0.9260643124580383
40,1337,359,319,kl,83.16,0.519999999999996,0.40222758054733276,0.4395526051521301,0.9963972568511963
40,1337,360,320,kl,82.52,-0.6400000000000006,0.3420153260231018,0.43845629692077637,0.8856517672538757
40,1337,361,321,kl,82.38,-0.14000000000000057,0.5881744027137756,0.5291012525558472,1.0438530445098877
40,1337,362,322,kl,81.48,-0.8999999999999915,0.557587206363678,0.49502623081207275,0.994804859161377
40,1337,363,323,kl,82.06,0.5799999999999983,0.4427751302719116,0.460073322057724,0.9505801796913147
40,1337,364,324,kl,82.56,0.5,0.427358478307724,0.4499340057373047,0.8841298222541809
40,1337,365,325,kl,81.44,-1.1200000000000045,0.6272709369659424,0.5400319695472717,1.0851969718933105
40,1337,366,326,kl,82.66,1.2199999999999989,0.6596402525901794,0.5355805158615112,1.0084941387176514
40,1337,367,327,kl,82.0,-0.6599999999999966,0.6023160219192505,0.48391300439834595,0.8180888295173645
40,1337,368,328,kl,82.94,0.9399999999999977,0.44300293922424316,0.47585609555244446,0.9295864105224609
40,1337,369,329,ce,82.02,-0.9200000000000017,0.23201771080493927,0.3657056391239166,1.6512696743011475
40,1337,370,330,kl,83.16,1.1400000000000006,0.5400724411010742,0.48488491773605347,0.8950319290161133
40,1337,371,331,kl,82.16,-1.0,0.5442421436309814,0.5050809979438782,1.046391248703003
40,1337,372,332,kl,80.68,-1.4799999999999898,0.6461286544799805,0.5706383585929871,1.0491303205490112
40,1337,373,333,kl,82.14,1.4599999999999937,0.33901578187942505,0.3920343816280365,0.9201415181159973
40,1337,374,334,kl,82.82,0.6799999999999926,0.3825323283672333,0.4615565836429596,1.139330267906189
40,1337,375,335,kl,82.68,-0.13999999999998636,0.6425938606262207,0.5451238751411438,1.1135770082473755
40,1337,376,336,kl,81.96,-0.7200000000000131,0.6114175915718079,0.49742069840431213,0.8060029745101929
40,1337,377,337,kl,82.56,0.6000000000000085,0.512519121170044,0.46801552176475525,0.8565407395362854
40,1337,378,338,kl,82.8,0.23999999999999488,0.569848895072937,0.4848964810371399,1.0018903017044067
40,1337,379,339,kl,82.86,0.060000000000002274,0.5272657871246338,0.46126997470855713,0.741499662399292
40,1337,380,340,kl,83.5,0.6400000000000006,0.5275067090988159,0.4873460531234741,0.8714053630828857
40,1337,381,341,kl,81.92,-1.5799999999999983,0.5727697014808655,0.5106477737426758,0.8517062664031982
40,1337,382,342,kl,80.64,-1.2800000000000011,0.6762763261795044,0.5852304697036743,1.1501826047897339
40,1337,383,343,kl,82.7,2.0600000000000023,0.572839617729187,0.5238129496574402,0.8420262336730957
40,1337,384,344,kl,81.96,-0.7400000000000091,0.5026228427886963,0.4609183669090271,1.0689595937728882
40,1337,385,345,kl,82.44,0.480000000000004,0.559102475643158,0.4903518259525299,0.9217955470085144
40,1337,386,346,kl,81.4,-1.039999999999992,0.6084312200546265,0.546672523021698,1.0167804956436157
40,1337,387,347,kl,82.16,0.7599999999999909,0.5165656208992004,0.4802019000053406,0.9193024635314941
40,1337,388,348,kl,82.6,0.4399999999999977,0.4352020025253296,0.4344198703765869,0.9159027338027954
40,1337,389,349,kl,83.14,0.5400000000000063,0.3572688400745392,0.41911962628364563,0.8963020443916321
40,1337,390,350,kl,82.4,-0.7399999999999949,0.5760272741317749,0.5115806460380554,0.9944546818733215
40,1337,391,351,kl,80.76,-1.6400000000000006,0.7501446008682251,0.6186329126358032,1.2137532234191895
40,1337,392,352,kl,81.14,0.37999999999999545,0.6495392918586731,0.5181839466094971,0.9930994510650635
40,1337,393,353,kl,82.16,1.019999999999996,0.6520854234695435,0.5521290898323059,1.039063572883606
40,1337,394,354,kl,82.56,0.4000000000000057,0.5692341923713684,0.5296015739440918,0.9942818880081177
40,1337,395,355,kl,83.54,0.980000000000004,0.49723443388938904,0.4483849108219147,0.9257583022117615
40,1337,396,356,kl,82.04,-1.5,0.5544767379760742,0.5257563591003418,0.9856078028678894
40,1337,397,357,kl,82.32,0.2799999999999869,0.6167010068893433,0.4873664081096649,0.9253291487693787
40,1337,398,358,kl,81.9,-0.4199999999999875,0.6097235679626465,0.53338223695755,0.8900445699691772
40,1337,399,359,kl,81.54,-0.35999999999999943,0.5327455997467041,0.4670754075050354,0.9956895709037781
40,1337,400,360,kl,82.86,1.3199999999999932,0.5979136228561401,0.4986726641654968,0.9180094003677368
40,1337,401,361,kl,83.0,0.14000000000000057,0.5891470909118652,0.49515873193740845,0.8621325492858887
40,1337,402,362,kl,82.12,-0.8799999999999955,0.5220404863357544,0.5264124870300293,0.9405902028083801
40,1337,403,363,kl,82.94,0.8199999999999932,0.5558453798294067,0.4681803286075592,1.0248074531555176
40,1337,404,364,kl,81.92,-1.019999999999996,0.3875501751899719,0.40411603450775146,0.8065592050552368
40,1337,405,365,kl,81.38,-0.5400000000000063,0.339304119348526,0.4292127192020416,0.9147905707359314
40,1337,406,366,kl,82.1,0.7199999999999989,0.44759076833724976,0.48175275325775146,1.0171241760253906
40,1337,407,367,kl,82.82,0.7199999999999989,0.5420522689819336,0.45359158515930176,0.9121407270431519
40,1337,408,368,kl,81.3,-1.519999999999996,0.5910021066665649,0.47463342547416687,1.1069077253341675
40,1337,409,369,kl,81.82,0.519999999999996,0.36919859051704407,0.42135804891586304,0.9961991906166077
40,1337,410,370,ce,80.18,-1.6399999999999864,0.3150172829627991,0.4268905818462372,1.7456609010696411
40,1337,411,371,kl,82.9,2.719999999999999,0.538928747177124,0.5091440677642822,0.8830002546310425
40,1337,412,372,kl,81.86,-1.0400000000000063,0.38437724113464355,0.4775131046772003,0.9643288254737854
40,1337,413,373,kl,82.5,0.6400000000000006,0.6863712668418884,0.5511648058891296,1.0813028812408447
40,1337,414,374,kl,82.28,-0.21999999999999886,0.46023476123809814,0.46052226424217224,0.8819811344146729
40,1337,415,375,kl,81.3,-0.980000000000004,0.7004964351654053,0.5587354898452759,1.0256931781768799
40,1337,416,376,kl,82.62,1.3200000000000074,0.5637490749359131,0.4800131022930145,1.0807451009750366
40,1337,417,377,kl,81.4,-1.2199999999999989,0.5792075395584106,0.5043328404426575,1.1168497800827026
40,1337,418,378,kl,82.26,0.8599999999999994,0.4338396191596985,0.4671157896518707,0.9932861328125
40,1337,419,379,kl,82.5,0.23999999999999488,0.555473804473877,0.4800832271575928,0.8275595307350159
40,1337,420,380,kl,82.58,0.0799999999999983,0.593112051486969,0.48296621441841125,0.9165072441101074
40,1337,421,381,kl,83.44,0.8599999999999994,0.5445388555526733,0.5046653151512146,0.9761404395103455
40,1337,422,382,kl,82.94,-0.5,0.44587674736976624,0.46609988808631897,0.9323762059211731
40,1337,423,383,kl,82.76,-0.1799999999999926,0.3930325210094452,0.4684027433395386,0.9308650493621826
40,1337,424,384,kl,82.84,0.0799999999999983,0.5194016098976135,0.48948246240615845,0.796901524066925
40,1337,425,385,kl,81.42,-1.4200000000000017,0.6599832773208618,0.5316739082336426,1.0849443674087524
40,1337,426,386,kl,83.1,1.6799999999999926,0.508132815361023,0.45550695061683655,0.764914333820343
40,1337,427,387,kl,81.36,-1.7399999999999949,0.6754470467567444,0.5929015874862671,1.3137083053588867
40,1337,428,388,kl,82.96,1.5999999999999943,0.5011461973190308,0.45384007692337036,0.8713741302490234
40,1337,429,389,kl,82.14,-0.8199999999999932,0.5235310792922974,0.47255298495292664,0.9794571995735168
40,1337,430,390,kl,81.9,-0.23999999999999488,0.36765536665916443,0.4653720259666443,0.7881203293800354
40,1337,431,391,kl,83.26,1.3599999999999994,0.40727993845939636,0.4563579559326172,0.9620342254638672
40,1337,432,392,kl,82.42,-0.8400000000000034,0.4873783588409424,0.49768540263175964,0.9925908446311951
40,1337,433,393,kl,82.22,-0.20000000000000284,0.5956918597221375,0.5546923279762268,1.1321799755096436
40,1337,434,394,kl,82.3,0.0799999999999983,0.45825111865997314,0.4810034930706024,1.001245379447937
40,1337,435,395,kl,81.3,-1.0,0.6289570331573486,0.571306586265564,1.209206461906433
40,1337,436,396,kl,81.82,0.519999999999996,0.6055028438568115,0.5168436169624329,1.0285550355911255
40,1337,437,397,kl,81.98,0.1600000000000108,0.5514523983001709,0.5008712410926819,0.980540931224823
40,1337,438,398,kl,82.84,0.8599999999999994,0.4596377909183502,0.4645164906978607,0.9298244118690491
40,1337,439,399,kl,83.32,0.47999999999998977,0.5431764721870422,0.49247127771377563,0.9078901410102844
40,1337,440,400,kl,82.86,-0.45999999999999375,0.610483705997467,0.4774904251098633,0.8426211476325989
40,1337,441,401,kl,83.38,0.519999999999996,0.3178872764110565,0.42715319991111755,0.9390461444854736
40,1337,442,402,kl,82.52,-0.8599999999999994,0.5719034075737,0.46635228395462036,0.7739102840423584
40,1337,443,403,kl,82.68,0.1600000000000108,0.5854310989379883,0.4874833822250366,0.9640576243400574
40,1337,444,404,kl,83.0,0.3199999999999932,0.33953696489334106,0.4117698073387146,0.8966162800788879
40,1337,445,405,kl,83.3,0.29999999999999716,0.5052356123924255,0.45883968472480774,0.9181492924690247
40,1337,446,406,kl,82.0,-1.2999999999999972,0.48838379979133606,0.47345662117004395,0.9525929093360901
40,1337,447,407,kl,81.98,-0.01999999999999602,0.5584213137626648,0.46337369084358215,0.8249332904815674
40,1337,448,408,kl,80.24,-1.740000000000009,0.48471784591674805,0.4589678645133972,0.7426773309707642
40,1337,449,409,kl,82.56,2.3200000000000074,0.42084357142448425,0.4425900876522064,0.7890143990516663
40,1337,450,410,kl,80.48,-2.0799999999999983,0.5444409251213074,0.5212795734405518,1.2080963850021362
40,1337,451,411,ce,81.42,0.9399999999999977,0.31608152389526367,0.4491249918937683,1.5171887874603271
40,1337,452,412,kl,81.4,-0.01999999999999602,0.677715539932251,0.5753425359725952,1.1562989950180054
40,1337,453,413,kl,82.7,1.2999999999999972,0.5268983840942383,0.4925380349159241,0.919160008430481
40,1337,454,414,kl,82.22,-0.480000000000004,0.6465730667114258,0.5350987911224365,0.9508926272392273
40,1337,455,415,kl,81.9,-0.3199999999999932,0.4694986641407013,0.44902554154396057,0.8146725296974182
40,1337,456,416,kl,81.52,-0.38000000000000966,0.22621934115886688,0.39974677562713623,0.9256826639175415
40,1337,457,417,kl,82.34,0.8200000000000074,0.47017163038253784,0.4830273687839508,1.005994200706482
40,1337,458,418,kl,81.9,-0.4399999999999977,0.5384387969970703,0.45165401697158813,0.8497530817985535
40,1337,459,419,kl,81.88,-0.020000000000010232,0.5643507838249207,0.5048372149467468,0.8840826153755188
40,1337,460,420,kl,81.48,-0.3999999999999915,0.498899906873703,0.49600544571876526,0.9200113415718079
40,1337,461,421,kl,82.86,1.3799999999999955,0.7074666023254395,0.5526897311210632,1.1188205480575562
40,1337,462,422,kl,82.22,-0.6400000000000006,0.56171715259552,0.4810110032558441,0.8715397119522095
40,1337,463,423,kl,81.82,-0.4000000000000057,0.5778551697731018,0.54356449842453,1.0968376398086548
40,1337,464,424,kl,82.5,0.6800000000000068,0.45147043466567993,0.45234414935112,0.8405513167381287
40,1337,465,425,kl,81.62,-0.8799999999999955,0.6421297788619995,0.5268397927284241,1.0849440097808838
40,1337,466,426,kl,82.88,1.259999999999991,0.6356333494186401,0.49650347232818604,0.9028797149658203
40,1337,467,427,kl,82.28,-0.5999999999999943,0.5379223227500916,0.4812917709350586,1.1980340480804443
40,1337,468,428,kl,83.26,0.980000000000004,0.5946435928344727,0.4789445996284485,0.9419072866439819
40,1337,469,429,kl,82.94,-0.3200000000000074,0.42791032791137695,0.4527287483215332,0.7879108190536499
40,1337,470,430,kl,83.48,0.5400000000000063,0.33007997274398804,0.435903936624527,0.9458122849464417
40,1337,471,431,kl,83.32,-0.1600000000000108,0.542866587638855,0.46963921189308167,0.9113158583641052
40,1337,472,432,kl,83.38,0.060000000000002274,0.5740019679069519,0.4651550054550171,0.7784537076950073
40,1337,473,433,kl,81.12,-2.259999999999991,0.43012475967407227,0.5132771730422974,0.9919098615646362
40,1337,474,434,kl,81.76,0.6400000000000006,0.5598869323730469,0.47099536657333374,0.8525105118751526
40,1337,475,435,kl,84.06,2.299999999999997,0.5080273747444153,0.43253639340400696,0.8271538615226746
40,1337,476,436,kl,83.16,-0.9000000000000057,0.4767552614212036,0.45842209458351135,0.7799673080444336
40,1337,477,437,kl,82.76,-0.3999999999999915,0.4823334813117981,0.47838732600212097,0.7971106767654419
40,1337,478,438,kl,81.92,-0.8400000000000034,0.4928721487522125,0.4461939334869385,0.7580503821372986
40,1337,479,439,kl,81.68,-0.23999999999999488,0.5521333813667297,0.4528409540653229,0.7547281980514526
40,1337,480,440,kl,82.04,0.35999999999999943,0.407706081867218,0.44199857115745544,1.0140935182571411
40,1337,481,441,kl,81.18,-0.8599999999999994,0.44605565071105957,0.4212043881416321,0.8227784037590027
40,1337,482,442,kl,81.96,0.7799999999999869,0.5831818580627441,0.492025226354599,0.8662240505218506
40,1337,483,443,kl,81.46,-0.5,0.4971453547477722,0.47580987215042114,0.7780528664588928
40,1337,484,444,kl,82.58,1.1200000000000045,0.5810263156890869,0.5114433169364929,1.047531247138977
40,1337,485,445,kl,82.8,0.21999999999999886,0.47406959533691406,0.4442382752895355,1.0134261846542358
40,1337,486,446,kl,82.2,-0.5999999999999943,0.5788014531135559,0.4884099066257477,0.914838969707489
40,1337,487,447,kl,81.02,-1.1800000000000068,0.37920600175857544,0.4377857446670532,1.0052882432937622
40,1337,488,448,kl,82.02,1.0,0.595571756362915,0.48620137572288513,0.966746985912323
40,1337,489,449,kl,81.52,-0.5,0.621384859085083,0.5118383765220642,1.050421118736267
40,1337,490,450,kl,81.92,0.4000000000000057,0.6271662712097168,0.5089879631996155,0.8265530467033386
40,1337,491,451,kl,82.42,0.5,0.5544012784957886,0.5392880439758301,1.0164486169815063
40,1337,492,452,ce,82.52,0.09999999999999432,0.23273810744285583,0.3710830807685852,1.586201548576355
40,1337,493,453,kl,81.42,-1.0999999999999943,0.6071974039077759,0.5313522219657898,1.175653338432312
40,1337,494,454,kl,82.88,1.4599999999999937,0.48320430517196655,0.46204429864883423,0.8278509378433228
40,1337,495,455,kl,82.08,-0.7999999999999972,0.6513710618019104,0.5440267324447632,1.0212534666061401
40,1337,496,456,kl,81.24,-0.8400000000000034,0.5345498323440552,0.5052261352539062,0.9793639183044434
40,1337,497,457,kl,82.08,0.8400000000000034,0.5560019016265869,0.5031640529632568,0.9921812415122986
40,1337,498,458,kl,83.26,1.1800000000000068,0.6307056546211243,0.5092575550079346,1.1529256105422974
40,1337,499,459,kl,82.4,-0.8599999999999994,0.47235289216041565,0.44210121035575867,1.044305443763733
40,1337,500,460,kl,83.9,1.5,0.5509141087532043,0.5001442432403564,0.9116817712783813
40,1337,501,461,kl,82.02,-1.8800000000000097,0.6493468284606934,0.48609283566474915,1.0601577758789062
40,1337,502,462,kl,82.54,0.5200000000000102,0.48578470945358276,0.4613560438156128,1.095862627029419
40,1337,503,463,kl,82.98,0.4399999999999977,0.5861648917198181,0.4828501343727112,0.8353300094604492
40,1337,504,464,kl,80.36,-2.6200000000000045,0.5421355366706848,0.5045650005340576,1.1615136861801147
40,1337,505,465,kl,80.86,0.5,0.6891263127326965,0.5520003437995911,1.2693616151809692
40,1337,506,466,kl,81.84,0.980000000000004,0.4479440152645111,0.4505236744880676,0.897009551525116
40,1337,507,467,kl,83.1,1.259999999999991,0.6059010028839111,0.49810174107551575,0.8176832795143127
40,1337,508,468,kl,82.18,-0.9199999999999875,0.49707621335983276,0.4521598517894745,0.9611773490905762
40,1337,509,469,kl,83.06,0.8799999999999955,0.4569689631462097,0.43947142362594604,0.8702086806297302
40,1337,510,470,kl,80.94,-2.1200000000000045,0.5625278949737549,0.4777141809463501,1.0210555791854858
40,1337,511,471,kl,80.72,-0.21999999999999886,0.54866623878479,0.5000420808792114,1.0371341705322266
40,1337,512,472,kl,82.72,2.0,0.45024195313453674,0.41618022322654724,0.8410637974739075
40,1337,513,473,kl,83.8,1.0799999999999983,0.49602556228637695,0.45238274335861206,0.9549898505210876
40,1337,514,474,kl,83.38,-0.4200000000000017,0.2749681770801544,0.42500418424606323,0.8970557451248169
40,1337,515,475,kl,83.22,-0.1599999999999966,0.32985377311706543,0.41963085532188416,0.814287543296814
40,1337,516,476,kl,81.68,-1.539999999999992,0.6073172092437744,0.5365297794342041,0.9455119967460632
40,1337,517,477,kl,82.36,0.6799999999999926,0.6033933162689209,0.5273860692977905,0.9798780679702759
40,1337,518,478,kl,81.78,-0.5799999999999983,0.6379356980323792,0.5641506910324097,1.0393744707107544
40,1337,519,479,kl,81.26,-0.519999999999996,0.5537027716636658,0.5423110723495483,1.2898272275924683
40,1337,520,480,kl,82.18,0.9200000000000017,0.37540116906166077,0.4318946301937103,0.830928385257721
40,1337,521,481,kl,82.78,0.5999999999999943,0.3581722378730774,0.4697670340538025,0.9214348793029785
40,1337,522,482,kl,83.74,0.9599999999999937,0.5936441421508789,0.492631196975708,0.8207820653915405
40,1337,523,483,kl,82.04,-1.6999999999999886,0.5685826539993286,0.5497372150421143,1.2704013586044312
40,1337,524,484,kl,82.02,-0.020000000000010232,0.602209210395813,0.5001343488693237,1.0168815851211548
40,1337,525,485,kl,82.2,0.18000000000000682,0.4895209074020386,0.49998345971107483,0.9659531116485596
40,1337,526,486,kl,82.36,0.1599999999999966,0.427543580532074,0.45888033509254456,0.8741147518157959
40,1337,527,487,kl,82.34,-0.01999999999999602,0.5013293027877808,0.4628758430480957,0.95791095495224
40,1337,528,488,kl,81.1,-1.240000000000009,0.6749640703201294,0.6027076840400696,1.1806342601776123
40,1337,529,489,kl,82.38,1.2800000000000011,0.5676692724227905,0.4670186936855316,0.8531330227851868
40,1337,530,490,kl,81.86,-0.519999999999996,0.6334089040756226,0.5267454385757446,0.9754698872566223
40,1337,531,491,kl,83.78,1.9200000000000017,0.41006234288215637,0.43998983502388,0.7876835465431213
40,1337,532,492,kl,80.04,-3.739999999999995,0.597105860710144,0.5034595131874084,1.0733047723770142
40,1337,533,493,ce,83.02,2.9799999999999898,0.3373705744743347,0.4162532091140747,1.5191380977630615
40,1337,534,494,kl,82.82,-0.20000000000000284,0.3594081997871399,0.40345555543899536,0.8895999789237976
40,1337,535,495,kl,81.72,-1.0999999999999943,0.6294349431991577,0.5506085753440857,1.1341553926467896
40,1337,536,496,kl,81.52,-0.20000000000000284,0.435488760471344,0.46665051579475403,0.957172691822052
40,1337,537,497,kl,82.8,1.2800000000000011,0.5492855310440063,0.470096617937088,0.9452013969421387
40,1337,538,498,kl,81.6,-1.2000000000000028,0.6422109007835388,0.5498561859130859,1.0088169574737549
40,1337,539,499,kl,82.46,0.8599999999999994,0.5183278918266296,0.4597882628440857,0.847196638584137
40,1337,540,500,kl,83.22,0.7600000000000051,0.460368812084198,0.4716446101665497,0.9343687891960144
40,1337,541,501,kl,83.02,-0.20000000000000284,0.4902435541152954,0.47956445813179016,0.8375810980796814
40,1337,542,502,kl,81.7,-1.3199999999999932,0.445573627948761,0.4532928168773651,0.864966869354248
40,1337,543,503,kl,82.44,0.7399999999999949,0.5570605397224426,0.4935705065727234,0.9041658043861389
40,1337,544,504,kl,83.68,1.240000000000009,0.6570392847061157,0.5282260775566101,1.0694103240966797
40,1337,545,505,kl,82.72,-0.960000000000008,0.3768784999847412,0.42579489946365356,0.7461079955101013
40,1337,546,506,kl,81.96,-0.7600000000000051,0.6397979259490967,0.558541476726532,1.0472080707550049
40,1337,547,507,kl,83.5,1.5400000000000063,0.2954280376434326,0.41413331031799316,0.779047966003418
40,1337,548,508,kl,81.96,-1.5400000000000063,0.5614500045776367,0.47497060894966125,0.921335756778717
40,1337,549,509,kl,82.48,0.5200000000000102,0.4177106022834778,0.4982701241970062,1.170682430267334
40,1337,550,510,kl,83.02,0.539999999999992,0.6172157526016235,0.5330039262771606,1.0262949466705322
40,1337,551,511,kl,82.82,-0.20000000000000284,0.5122548937797546,0.45837733149528503,0.9329071640968323
40,1337,552,512,kl,81.56,-1.259999999999991,0.5803789496421814,0.46216386556625366,0.8369665741920471
40,1337,553,513,kl,83.94,2.3799999999999955,0.5432496666908264,0.48449182510375977,0.8945387601852417
40,1337,554,514,kl,82.26,-1.6799999999999926,0.5044129490852356,0.47562429308891296,0.9339099526405334
40,1337,555,515,kl,80.78,-1.480000000000004,0.7589969635009766,0.6886342167854309,1.5640068054199219
40,1337,556,516,kl,82.7,1.9200000000000017,0.501842737197876,0.4615074694156647,0.9566425681114197
40,1337,557,517,kl,83.28,0.5799999999999983,0.49362045526504517,0.4616032838821411,0.8294578194618225
40,1337,558,518,kl,82.36,-0.9200000000000017,0.657076358795166,0.5031349658966064,0.9177099466323853
40,1337,559,519,kl,82.86,0.5,0.5043638348579407,0.4591701924800873,0.9147701859474182
40,1337,560,520,kl,82.48,-0.37999999999999545,0.3432394564151764,0.4184834957122803,1.0687623023986816
40,1337,561,521,kl,82.44,-0.04000000000000625,0.48636987805366516,0.528611958026886,1.020886778831482
40,1337,562,522,kl,82.92,0.480000000000004,0.3980714976787567,0.4397652745246887,0.7404230237007141
40,1337,563,523,kl,82.82,-0.10000000000000853,0.42488786578178406,0.4349823594093323,0.8510145545005798
40,1337,564,524,kl,82.12,-0.6999999999999886,0.5879601240158081,0.5469881296157837,1.07815420627594
40,1337,565,525,kl,81.9,-0.21999999999999886,0.46843671798706055,0.4543880820274353,0.839769721031189
40,1337,566,526,kl,82.24,0.3399999999999892,0.4451625347137451,0.4563518464565277,0.7651945948600769
40,1337,567,527,kl,81.22,-1.019999999999996,0.5762159824371338,0.5175870656967163,1.1562182903289795
40,1337,568,528,kl,82.5,1.2800000000000011,0.6315089464187622,0.5140678286552429,1.1054846048355103
40,1337,569,529,kl,81.5,-1.0,0.5634846687316895,0.4973204731941223,0.9586712718009949
40,1337,570,530,kl,83.24,1.7399999999999949,0.6266648769378662,0.5242366790771484,0.8966987729072571
40,1337,571,531,kl,81.78,-1.4599999999999937,0.5239024758338928,0.4829358160495758,0.9783451557159424
40,1337,572,532,kl,82.76,0.980000000000004,0.6678687930107117,0.518645167350769,0.9761180281639099
40,1337,573,533,kl,81.9,-0.8599999999999994,0.4784141480922699,0.46379485726356506,1.034700632095337
40,1337,574,534,ce,82.12,0.21999999999999886,0.25669196248054504,0.409763902425766,1.6636908054351807
40,1337,575,535,kl,82.34,0.21999999999999886,0.6123359799385071,0.5277414917945862,0.9428671002388
40,1337,576,536,kl,83.0,0.6599999999999966,0.4876261353492737,0.47942858934402466,1.1146374940872192
40,1337,577,537,kl,82.82,-0.18000000000000682,0.6276699304580688,0.5297170877456665,0.8994147181510925
40,1337,578,538,kl,81.74,-1.0799999999999983,0.4464550316333771,0.4907326102256775,1.079228401184082
40,1337,579,539,kl,82.4,0.6600000000000108,0.5282418727874756,0.46410125494003296,0.9377101063728333
40,1337,580,540,kl,81.5,-0.9000000000000057,0.6381886005401611,0.5576069951057434,1.1307201385498047
40,1337,581,541,kl,82.22,0.7199999999999989,0.4922664761543274,0.4370928108692169,0.8195615410804749
40,1337,582,542,kl,82.28,0.060000000000002274,0.5601470470428467,0.5015732049942017,1.0028270483016968
40,1337,583,543,kl,82.94,0.6599999999999966,0.4953896403312683,0.46695396304130554,0.9023327231407166
40,1337,584,544,kl,81.62,-1.3199999999999932,0.5747482776641846,0.5217602252960205,1.005279302597046
40,1337,585,545,kl,82.82,1.1999999999999886,0.5522993803024292,0.5304441452026367,0.8594222068786621
40,1337,586,546,kl,81.9,-0.9199999999999875,0.5947032570838928,0.5136680006980896,0.9489060640335083
40,1337,587,547,kl,83.2,1.2999999999999972,0.45966702699661255,0.45164451003074646,1.0451054573059082
40,1337,588,548,kl,82.2,-1.0,0.5134469270706177,0.4890858232975006,1.0996133089065552
40,1337,589,549,kl,83.26,1.0600000000000023,0.49581247568130493,0.47238361835479736,0.8872758746147156
40,1337,590,550,kl,83.62,0.35999999999999943,0.49845123291015625,0.44594553112983704,0.8634380102157593
40,1337,591,551,kl,82.42,-1.2000000000000028,0.5526701807975769,0.4829336106777191,0.8599768280982971
40,1337,592,552,kl,80.28,-2.1400000000000006,0.6521620750427246,0.5338799953460693,0.9636791348457336
40,1337,593,553,kl,82.86,2.5799999999999983,0.4790348410606384,0.4850786626338959,0.9094813466072083
40,1337,594,554,kl,82.96,0.09999999999999432,0.4427838623523712,0.4459647536277771,1.0019385814666748
40,1337,595,555,kl,82.58,-0.37999999999999545,0.5060539245605469,0.47198012471199036,1.0796366930007935
40,1337,596,556,kl,81.5,-1.0799999999999983,0.42874717712402344,0.4531574845314026,0.8378304839134216
40,1337,597,557,kl,80.6,-0.9000000000000057,0.6763572692871094,0.5936840176582336,1.1098334789276123
40,1337,598,558,kl,81.84,1.240000000000009,0.5231250524520874,0.48914721608161926,1.02388334274292
40,1337,599,559,kl,82.28,0.4399999999999977,0.5949651002883911,0.5025417804718018,0.9189260601997375
40,1337,600,560,kl,82.8,0.519999999999996,0.4183441400527954,0.4740648567676544,1.0292304754257202
40,1337,601,561,kl,81.2,-1.5999999999999943,0.5125312209129333,0.4903092086315155,0.9822624325752258
40,1337,602,562,kl,82.9,1.7000000000000028,0.6037582755088806,0.5200935006141663,0.9298703670501709
40,1337,603,563,kl,82.82,-0.0800000000000125,0.28235360980033875,0.4217653274536133,0.9571335911750793
40,1337,604,564,kl,81.44,-1.3799999999999955,0.5936079025268555,0.5205516219139099,0.8616272807121277
40,1337,605,565,kl,82.34,0.9000000000000057,0.5934442281723022,0.5661180019378662,1.1889318227767944
40,1337,606,566,kl,83.16,0.8199999999999932,0.3981446921825409,0.4724414050579071,0.8136165142059326
40,1337,607,567,kl,81.38,-1.7800000000000011,0.5859202146530151,0.5269519090652466,0.9686459302902222
40,1337,608,568,kl,82.26,0.8800000000000097,0.5659070014953613,0.5126303434371948,0.8410255312919617
40,1337,609,569,kl,81.52,-0.7400000000000091,0.5440709590911865,0.5324867367744446,1.004108190536499
40,1337,610,570,kl,82.76,1.240000000000009,0.6670582890510559,0.5198392271995544,0.8914470672607422
40,1337,611,571,kl,80.34,-2.4200000000000017,0.6202089786529541,0.5801548361778259,1.1903822422027588
40,1337,612,572,kl,81.72,1.3799999999999955,0.6052839159965515,0.5083399415016174,0.9476189613342285
40,1337,613,573,kl,81.96,0.23999999999999488,0.5033625364303589,0.497128427028656,1.1076586246490479
40,1337,614,574,kl,81.54,-0.4199999999999875,0.45253026485443115,0.47118210792541504,1.022367000579834
40,1337,615,575,ce,82.94,1.3999999999999915,0.2825758457183838,0.38215336203575134,1.5284985303878784
40,1337,616,576,kl,82.3,-0.6400000000000006,0.6555289626121521,0.5610159039497375,1.0372225046157837
40,1337,617,577,kl,81.28,-1.019999999999996,0.4282478094100952,0.4423397481441498,0.871229350566864
40,1337,618,578,kl,82.66,1.3799999999999955,0.5420498251914978,0.5074423551559448,0.944271981716156
40,1337,619,579,kl,80.3,-2.3599999999999994,0.5113800764083862,0.4925777018070221,0.905890941619873
40,1337,620,580,kl,82.78,2.480000000000004,0.32089608907699585,0.4236830472946167,1.0307300090789795
40,1337,621,581,kl,81.8,-0.980000000000004,0.3539571166038513,0.4397510290145874,1.0142172574996948
40,1337,622,582,kl,81.9,0.10000000000000853,0.393775999546051,0.4163192808628082,1.075535774230957
40,1337,623,583,kl,81.9,0.0,0.6201115846633911,0.5649898052215576,1.1873483657836914
40,1337,624,584,kl,82.2,0.29999999999999716,0.48342061042785645,0.4733615815639496,0.8173245191574097
40,1337,625,585,kl,81.48,-0.7199999999999989,0.39281851053237915,0.45168647170066833,0.8670008778572083
40,1337,626,586,kl,82.86,1.3799999999999955,0.42117494344711304,0.4367944598197937,0.9237791299819946
40,1337,627,587,kl,80.66,-2.200000000000003,0.55024254322052,0.5449439287185669,1.1873085498809814
40,1337,628,588,kl,81.68,1.0200000000000102,0.47318360209465027,0.4648362696170807,0.9196138381958008
40,1337,629,589,kl,82.2,0.519999999999996,0.4052622616291046,0.4627876877784729,0.8301539421081543
40,1337,630,590,kl,83.84,1.6400000000000006,0.4914267659187317,0.48138928413391113,0.7943333983421326
40,1337,631,591,kl,82.46,-1.3800000000000097,0.6089016199111938,0.4979501962661743,0.854368269443512
40,1337,632,592,kl,82.62,0.1600000000000108,0.6571293473243713,0.5261184573173523,1.0132139921188354
40,1337,633,593,kl,81.88,-0.7400000000000091,0.5070554614067078,0.47597676515579224,1.0046926736831665
40,1337,634,594,kl,82.76,0.8800000000000097,0.5534555315971375,0.5002114176750183,1.0637366771697998
40,1337,635,595,kl,82.96,0.19999999999998863,0.5090121626853943,0.4985066056251526,1.223327398300171
40,1337,636,596,kl,83.32,0.35999999999999943,0.508550763130188,0.4447198510169983,0.9262238144874573
40,1337,637,597,kl,81.64,-1.6799999999999926,0.49618807435035706,0.5027366280555725,0.8797361254692078
40,1337,638,598,kl,82.68,1.0400000000000063,0.555492103099823,0.491439551115036,0.9293856024742126
40,1337,639,599,kl,81.88,-0.8000000000000114,0.603753924369812,0.5092660188674927,1.1215589046478271
40,1337,640,600,kl,83.48,1.6000000000000085,0.5447218418121338,0.4770580232143402,0.8972010612487793
40,1337,641,601,kl,80.6,-2.8800000000000097,0.3679957985877991,0.4516386389732361,0.9563180804252625
40,1337,642,602,kl,83.1,2.5,0.45267125964164734,0.41252028942108154,0.8279246687889099
40,1337,643,603,kl,82.86,-0.23999999999999488,0.605793297290802,0.5269054174423218,0.9444329738616943
40,1337,644,604,kl,80.14,-2.719999999999999,0.6909475922584534,0.6510513424873352,1.3954441547393799
40,1337,645,605,kl,83.22,3.0799999999999983,0.3311014175415039,0.421525239944458,0.7468681335449219
40,1337,646,606,kl,82.52,-0.7000000000000028,0.49566370248794556,0.4298458397388458,0.9033806920051575
40,1337,647,607,kl,82.94,0.4200000000000017,0.49411123991012573,0.42195212841033936,0.7250296473503113
40,1337,648,608,kl,81.56,-1.3799999999999955,0.5538369417190552,0.5197339057922363,1.1828523874282837
40,1337,649,609,kl,82.42,0.8599999999999994,0.5099754333496094,0.4715113043785095,0.9115507006645203
40,1337,650,610,kl,81.88,-0.5400000000000063,0.5950372815132141,0.510310709476471,0.9472436904907227
40,1337,651,611,kl,82.34,0.46000000000000796,0.5638085007667542,0.5228994488716125,1.1444941759109497
40,1337,652,612,kl,83.06,0.7199999999999989,0.41033682227134705,0.425064355134964,0.726394534111023
40,1337,653,613,kl,82.06,-1.0,0.6095796823501587,0.5041242837905884,0.8798455595970154
40,1337,654,614,kl,82.88,0.8199999999999932,0.4652904272079468,0.4452061355113983,0.8528361320495605
40,1337,655,615,kl,82.86,-0.01999999999999602,0.42536062002182007,0.4380013048648834,0.7926586866378784
40,1337,656,616,ce,82.76,-0.09999999999999432,0.22579512000083923,0.39066842198371887,1.5914785861968994
40,1337,657,617,kl,82.7,-0.060000000000002274,0.5324103832244873,0.4945692718029022,0.848332941532135
40,1337,658,618,kl,81.7,-1.0,0.5954678058624268,0.488324910402298,0.7531459927558899
40,1337,659,619,kl,81.22,-0.480000000000004,0.6202360987663269,0.5330382585525513,1.0771527290344238
40,1337,660,620,kl,83.4,2.180000000000007,0.5896972417831421,0.4730728268623352,0.8543102741241455
40,1337,661,621,kl,83.14,-0.2600000000000051,0.4280855357646942,0.43860915303230286,0.9096387028694153
40,1337,662,622,kl,81.54,-1.5999999999999943,0.5998620986938477,0.5136938095092773,0.9475861191749573
40,1337,663,623,kl,83.16,1.6199999999999903,0.42829278111457825,0.46456336975097656,0.9277246594429016
40,1337,664,624,kl,80.92,-2.239999999999995,0.5265968441963196,0.49576520919799805,0.8836508393287659
40,1337,665,625,kl,80.98,0.060000000000002274,0.5003025531768799,0.4720539152622223,1.051116704940796
40,1337,666,626,kl,78.62,-2.3599999999999994,0.607101321220398,0.5400260090827942,1.0134981870651245
40,1337,667,627,kl,81.46,2.839999999999989,0.5945002436637878,0.5221250653266907,0.92231285572052
40,1337,668,628,kl,83.06,1.6000000000000085,0.41543689370155334,0.43033748865127563,0.8024060130119324
40,1337,669,629,kl,82.16,-0.9000000000000057,0.45246702432632446,0.4571661353111267,0.8821233510971069
40,1337,670,630,kl,82.7,0.5400000000000063,0.5286787748336792,0.4859963357448578,0.8989736437797546
40,1337,671,631,kl,83.58,0.8799999999999955,0.5776498317718506,0.47929027676582336,0.9200798869132996
40,1337,672,632,kl,82.46,-1.1200000000000045,0.7608202695846558,0.6131987571716309,1.2400857210159302
40,1337,673,633,kl,83.38,0.9200000000000017,0.5652268528938293,0.5132219791412354,0.8507720232009888
40,1337,674,634,kl,81.96,-1.4200000000000017,0.4658070504665375,0.4830338656902313,0.8603048324584961
40,1337,675,635,kl,81.22,-0.7399999999999949,0.6480513215065002,0.560992956161499,1.0505784749984741
40,1337,676,636,kl,82.7,1.480000000000004,0.370291531085968,0.44372519850730896,0.8053756356239319
40,1337,677,637,kl,83.36,0.6599999999999966,0.5484981536865234,0.47612279653549194,0.9992837905883789
40,1337,678,638,kl,80.84,-2.519999999999996,0.5080364942550659,0.5397635102272034,1.1327797174453735
40,1337,679,639,kl,80.66,-0.18000000000000682,0.7511692643165588,0.6731168031692505,1.334080457687378
40,1337,680,640,kl,82.9,2.240000000000009,0.6210707426071167,0.49816226959228516,0.9898235201835632
40,1337,681,641,kl,82.4,-0.5,0.673239529132843,0.522636353969574,1.1796449422836304
40,1337,682,642,kl,82.5,0.09999999999999432,0.44507652521133423,0.4729790985584259,0.9742906093597412
40,1337,683,643,kl,82.88,0.37999999999999545,0.48408055305480957,0.4498465061187744,0.9332594275474548
40,1337,684,644,kl,82.82,-0.060000000000002274,0.5549609065055847,0.48536351323127747,0.8578209280967712
40,1337,685,645,kl,83.22,0.4000000000000057,0.4285365641117096,0.452579528093338,0.8889057040214539
40,1337,686,646,kl,82.66,-0.5600000000000023,0.5979280471801758,0.45634645223617554,0.8612547516822815
40,1337,687,647,kl,82.82,0.1599999999999966,0.39404475688934326,0.446856826543808,0.7659298777580261
40,1337,688,648,kl,81.82,-1.0,0.39009979367256165,0.48612186312675476,0.9362786412239075
40,1337,689,649,kl,82.1,0.28000000000000114,0.44557273387908936,0.44463127851486206,0.8104851245880127
40,1337,690,650,kl,82.14,0.04000000000000625,0.7060625553131104,0.5809664130210876,1.0812870264053345
40,1337,691,651,kl,82.76,0.6200000000000045,0.5794395208358765,0.4993090331554413,1.0698643922805786
40,1337,692,652,kl,82.0,-0.7600000000000051,0.7050737142562866,0.5893242955207825,1.0729726552963257
40,1337,693,653,kl,81.4,-0.5999999999999943,0.4587676227092743,0.4795452356338501,0.9879994988441467
40,1337,694,654,kl,82.48,1.0799999999999983,0.4509623646736145,0.4435656666755676,0.8095189332962036
40,1337,695,655,kl,82.56,0.0799999999999983,0.5314246416091919,0.471467524766922,0.8540657162666321
40,1337,696,656,kl,81.14,-1.4200000000000017,0.567592442035675,0.4853445887565613,1.005561351776123
40,1337,697,657,ce,82.74,1.5999999999999943,0.3261559307575226,0.39415258169174194,1.6107743978500366
40,1337,698,658,kl,81.54,-1.1999999999999886,0.6341755390167236,0.5819902420043945,1.05122709274292
40,1337,699,659,kl,79.4,-2.1400000000000006,0.6763424277305603,0.5682744979858398,0.9458271265029907
40,1337,700,660,kl,82.62,3.219999999999999,0.5489864945411682,0.4720875918865204,0.7921170592308044
40,1337,701,661,kl,82.4,-0.21999999999999886,0.5467734336853027,0.45885270833969116,0.8427686095237732
40,1337,702,662,kl,82.3,-0.10000000000000853,0.4974522590637207,0.4899645745754242,0.943889856338501
40,1337,703,663,kl,81.62,-0.6799999999999926,0.32776427268981934,0.4631745517253876,0.9121859669685364
40,1337,704,664,kl,82.24,0.6199999999999903,0.5137382745742798,0.50724196434021,0.8277236223220825
40,1337,705,665,kl,82.58,0.3400000000000034,0.6421136856079102,0.514214277267456,0.963653028011322
40,1337,706,666,kl,83.06,0.480000000000004,0.3847562074661255,0.4379785656929016,0.9139967560768127
40,1337,707,667,kl,81.68,-1.3799999999999955,0.5402166843414307,0.5038215517997742,0.9964674115180969
40,1337,708,668,kl,83.42,1.7399999999999949,0.4469427466392517,0.4191494882106781,0.8546224236488342
40,1337,709,669,kl,83.42,0.0,0.45062360167503357,0.4434831738471985,0.7471140027046204
40,1337,710,670,kl,83.22,-0.20000000000000284,0.6584826111793518,0.519072413444519,1.053034782409668
40,1337,711,671,kl,83.06,-0.1599999999999966,0.5451701879501343,0.4688834547996521,0.9143401980400085
40,1337,712,672,kl,82.36,-0.7000000000000028,0.5065738558769226,0.49347373843193054,0.9047911763191223
40,1337,713,673,kl,82.1,-0.2600000000000051,0.5929504632949829,0.5115419030189514,0.9194294214248657
40,1337,714,674,kl,82.56,0.46000000000000796,0.6403444409370422,0.5272200107574463,1.141721248626709
40,1337,715,675,kl,81.66,-0.9000000000000057,0.4510059356689453,0.4311414361000061,0.9308905601501465
40,1337,716,676,kl,82.32,0.6599999999999966,0.4969097971916199,0.4842051565647125,0.9188844561576843
40,1337,717,677,kl,81.76,-0.5599999999999881,0.5540175437927246,0.5416383147239685,1.0229533910751343
40,1337,718,678,kl,81.68,-0.0799999999999983,0.5562974214553833,0.47494277358055115,0.7870807647705078
40,1337,719,679,kl,82.14,0.45999999999999375,0.382367342710495,0.4358121454715729,0.8477368950843811
40,1337,720,680,kl,80.9,-1.2399999999999949,0.6301108002662659,0.536699116230011,1.111242413520813
40,1337,721,681,kl,82.6,1.6999999999999886,0.5753993988037109,0.5161370038986206,1.0973869562149048
40,1337,722,682,kl,82.74,0.14000000000000057,0.25523367524147034,0.3837849795818329,0.8586109280586243
40,1337,723,683,kl,82.98,0.2400000000000091,0.4756767749786377,0.4613592326641083,0.7851918339729309
40,1337,724,684,kl,82.84,-0.14000000000000057,0.5473146438598633,0.46186572313308716,0.7891730070114136
40,1337,725,685,kl,80.68,-2.1599999999999966,0.5849379897117615,0.5229294300079346,0.9393994212150574
40,1337,726,686,kl,81.42,0.7399999999999949,0.6349049806594849,0.5247772932052612,0.9952557682991028
40,1337,727,687,kl,83.36,1.9399999999999977,0.5935720205307007,0.4891878664493561,0.9329290986061096
40,1337,728,688,kl,81.48,-1.8799999999999955,0.5969738960266113,0.5257502198219299,0.9879642724990845
40,1337,729,689,kl,81.84,0.35999999999999943,0.6164793968200684,0.5269478559494019,0.9154483675956726
40,1337,730,690,kl,82.54,0.7000000000000028,0.6351975798606873,0.5070069432258606,1.0680888891220093
40,1337,731,691,kl,81.44,-1.1000000000000085,0.4322146773338318,0.5012065768241882,1.0581659078598022
40,1337,732,692,kl,81.82,0.37999999999999545,0.5395355820655823,0.5115143656730652,1.112099051475525
40,1337,733,693,kl,81.74,-0.0799999999999983,0.5431843996047974,0.4593709111213684,0.843964159488678
40,1337,734,694,kl,82.48,0.7400000000000091,0.4263155460357666,0.4236832559108734,0.8727697730064392
40,1337,735,695,kl,83.0,0.519999999999996,0.47760486602783203,0.4718060791492462,0.7492858171463013
40,1337,736,696,kl,78.88,-4.1200000000000045,0.6975030899047852,0.6510190963745117,1.4176602363586426
40,1337,737,697,kl,82.6,3.719999999999999,0.5790208578109741,0.5398666858673096,1.187974214553833
40,1337,738,698,ce,82.48,-0.11999999999999034,0.2006196677684784,0.36614787578582764,1.541680097579956
40,1337,739,699,kl,79.32,-3.160000000000011,0.5118686556816101,0.5144445896148682,1.066536545753479
40,1337,740,700,kl,82.44,3.1200000000000045,0.43621599674224854,0.44013434648513794,0.8590182065963745
40,1337,741,701,kl,82.12,-0.3199999999999932,0.5476993918418884,0.47086837887763977,0.9918708801269531
40,1337,742,702,kl,82.3,0.1799999999999926,0.4467164874076843,0.465728223323822,0.9040712714195251
40,1337,743,703,kl,82.44,0.14000000000000057,0.37361207604408264,0.4619654715061188,0.8145313262939453
40,1337,744,704,kl,82.38,-0.060000000000002274,0.3724091053009033,0.4269638657569885,0.7910850048065186
40,1337,745,705,kl,82.88,0.5,0.317974328994751,0.4339461028575897,0.7242718935012817
40,1337,746,706,kl,81.54,-1.3399999999999892,0.43318507075309753,0.45041877031326294,0.9422813057899475
40,1337,747,707,kl,82.56,1.019999999999996,0.6482515335083008,0.5390735864639282,1.1154224872589111
40,1337,748,708,kl,77.66,-4.900000000000006,0.6661715507507324,0.6169936656951904,1.5459504127502441
40,1337,749,709,kl,82.2,4.540000000000006,0.502154529094696,0.44752684235572815,0.7649381756782532
40,1337,750,710,kl,83.12,0.9200000000000017,0.672194242477417,0.5416662693023682,1.0108745098114014
40,1337,751,711,kl,83.24,0.11999999999999034,0.47296634316444397,0.45397549867630005,0.8496550917625427
40,1337,752,712,kl,80.74,-2.5,0.5595674514770508,0.5047045946121216,0.9772455096244812
40,1337,753,713,kl,82.82,2.0799999999999983,0.47808197140693665,0.44480717182159424,0.8146191835403442
40,1337,754,714,kl,82.52,-0.29999999999999716,0.5569671988487244,0.5205187797546387,0.9156981706619263
40,1337,755,715,kl,81.58,-0.9399999999999977,0.4444369673728943,0.4240465462207794,0.8350551128387451
40,1337,756,716,kl,83.16,1.5799999999999983,0.40018191933631897,0.43247339129447937,0.9096765518188477
40,1337,757,717,kl,82.68,-0.47999999999998977,0.5937958359718323,0.5169124603271484,0.9896060228347778
40,1337,758,718,kl,82.52,-0.1600000000000108,0.5391431450843811,0.4865607023239136,0.903252363204956
40,1337,759,719,kl,83.7,1.1800000000000068,0.43273669481277466,0.4330957233905792,0.8064988255500793
40,1337,760,720,kl,81.76,-1.9399999999999977,0.5574156045913696,0.5181680917739868,1.1277530193328857
40,1337,761,721,kl,83.4,1.6400000000000006,0.4923960268497467,0.45418521761894226,0.8588356971740723
40,1337,762,722,kl,82.38,-1.0200000000000102,0.5042317509651184,0.48924803733825684,0.9899595379829407
40,1337,763,723,kl,82.58,0.20000000000000284,0.514796793460846,0.46812090277671814,0.9281478524208069
40,1337,764,724,kl,82.8,0.21999999999999886,0.6353471279144287,0.555407702922821,1.1669127941131592
40,1337,765,725,kl,79.74,-3.0600000000000023,0.6817759275436401,0.5689694881439209,1.114065170288086
40,1337,766,726,kl,81.84,2.1000000000000085,0.5038113594055176,0.43890509009361267,0.8568939566612244
40,1337,767,727,kl,81.48,-0.35999999999999943,0.4415621757507324,0.45176953077316284,0.8762577772140503
40,1337,768,728,kl,80.88,-0.6000000000000085,0.6171026229858398,0.5133201479911804,1.1312389373779297
40,1337,769,729,kl,82.2,1.3200000000000074,0.5620632767677307,0.5444790124893188,1.2329633235931396
40,1337,770,730,kl,83.84,1.6400000000000006,0.4984603524208069,0.44882774353027344,0.8479629158973694
40,1337,771,731,kl,81.9,-1.9399999999999977,0.4363757371902466,0.44942548871040344,1.064531683921814
40,1337,772,732,kl,82.56,0.6599999999999966,0.3642224073410034,0.4199139177799225,0.8962329030036926
40,1337,773,733,kl,82.08,-0.480000000000004,0.5130011439323425,0.4690050780773163,1.0246399641036987
40,1337,774,734,kl,83.0,0.9200000000000017,0.5547631978988647,0.5265548825263977,1.0142878293991089
40,1337,775,735,kl,81.34,-1.6599999999999966,0.608100950717926,0.5306102633476257,0.8331043124198914
40,1337,776,736,kl,81.32,-0.020000000000010232,0.5474518537521362,0.49685466289520264,1.004876732826233
40,1337,777,737,kl,81.84,0.5200000000000102,0.6379790306091309,0.5398958325386047,0.9704814553260803
40,1337,778,738,kl,82.64,0.7999999999999972,0.45014816522598267,0.4625028967857361,0.7694850564002991
40,1337,779,739,ce,82.32,-0.3200000000000074,0.31193286180496216,0.4312472939491272,1.6692348718643188
40,1337,780,740,kl,82.24,-0.0799999999999983,0.4060148596763611,0.43333733081817627,1.0383129119873047
40,1337,781,741,kl,81.54,-0.6999999999999886,0.7053737640380859,0.5748882293701172,1.1326791048049927
40,1337,782,742,kl,81.56,0.01999999999999602,0.6934755444526672,0.5852507948875427,1.207266926765442
40,1337,783,743,kl,82.24,0.6799999999999926,0.4947981834411621,0.4730408787727356,1.107410192489624
40,1337,784,744,kl,82.32,0.0799999999999983,0.4250045418739319,0.4738787114620209,1.0784568786621094
40,1337,785,745,kl,81.44,-0.8799999999999955,0.4458616077899933,0.45422253012657166,0.895114541053772
40,1337,786,746,kl,80.98,-0.45999999999999375,0.5857844948768616,0.5031132698059082,0.9741989970207214
40,1337,787,747,kl,83.22,2.239999999999995,0.4740714430809021,0.44360876083374023,0.7936070561408997
40,1337,788,748,kl,82.0,-1.2199999999999989,0.6192983388900757,0.513210654258728,1.1258702278137207
40,1337,789,749,kl,82.24,0.23999999999999488,0.39210426807403564,0.4573419690132141,1.0292493104934692
40,1337,790,750,kl,83.16,0.9200000000000017,0.5188020467758179,0.492374986410141,0.8247091770172119
40,1337,791,751,kl,81.0,-2.1599999999999966,0.6085208654403687,0.5045817494392395,0.9029247760772705
40,1337,792,752,kl,82.78,1.7800000000000011,0.4260568618774414,0.44175371527671814,0.8945395350456238
40,1337,793,753,kl,82.28,-0.5,0.6518480181694031,0.536685585975647,0.8873080611228943
40,1337,794,754,kl,81.7,-0.5799999999999983,0.6725679636001587,0.5232560038566589,1.0486284494400024
40,1337,795,755,kl,82.38,0.6799999999999926,0.2997855842113495,0.4327458441257477,0.9839202165603638
40,1337,796,756,kl,82.72,0.3400000000000034,0.5456449389457703,0.5357927680015564,1.3380752801895142
40,1337,797,757,kl,84.36,1.6400000000000006,0.4813302755355835,0.4331362545490265,0.738707423210144
40,1337,798,758,kl,81.66,-2.700000000000003,0.5344497561454773,0.5197002291679382,1.2220697402954102
40,1337,799,759,kl,82.14,0.480000000000004,0.5769746899604797,0.4782688021659851,0.8777626156806946
40,1337,800,760,kl,82.14,0.0,0.5932261943817139,0.5468959808349609,0.9506456255912781
40,1337,801,761,kl,81.76,-0.37999999999999545,0.614212155342102,0.5463660955429077,1.1528270244598389
40,1337,802,762,kl,82.14,0.37999999999999545,0.6296083927154541,0.5252893567085266,1.0755705833435059
40,1337,803,763,kl,82.4,0.2600000000000051,0.52170330286026,0.47797107696533203,0.8575098514556885
40,1337,804,764,kl,78.98,-3.4200000000000017,0.5663363933563232,0.5352430939674377,0.880242645740509
40,1337,805,765,kl,82.76,3.780000000000001,0.5466600656509399,0.4620252251625061,0.7985104322433472
40,1337,806,766,kl,82.3,-0.46000000000000796,0.5511470437049866,0.49026450514793396,0.9881625771522522
40,1337,807,767,kl,81.14,-1.1599999999999966,0.5981820821762085,0.5211508870124817,1.0908702611923218
40,1337,808,768,kl,83.64,2.5,0.3735825717449188,0.39689093828201294,0.9125426411628723
40,1337,809,769,kl,82.12,-1.519999999999996,0.5638818740844727,0.47914180159568787,0.7897012829780579
40,1337,810,770,kl,82.04,-0.0799999999999983,0.6349170207977295,0.5355953574180603,0.9561411738395691
40,1337,811,771,kl,81.9,-0.14000000000000057,0.577815592288971,0.5459364652633667,0.9677848815917969
40,1337,812,772,kl,82.56,0.6599999999999966,0.39208146929740906,0.42515212297439575,0.8585559725761414
40,1337,813,773,kl,80.16,-2.4000000000000057,0.6496913433074951,0.5660388469696045,1.1469459533691406
40,1337,814,774,kl,81.6,1.4399999999999977,0.5974166989326477,0.4804675579071045,0.8905805349349976
40,1337,815,775,kl,82.6,1.0,0.5445529222488403,0.4745217561721802,0.9312243461608887
40,1337,816,776,kl,82.5,-0.09999999999999432,0.5030022859573364,0.4728555381298065,0.737899899482727
40,1337,817,777,kl,82.24,-0.2600000000000051,0.672371506690979,0.5342264175415039,0.9782450795173645
40,1337,818,778,kl,81.16,-1.0799999999999983,0.6087499260902405,0.5327053666114807,1.0509536266326904
40,1337,819,779,kl,83.46,2.299999999999997,0.2531125247478485,0.3767782151699066,0.8244448900222778
40,1337,820,780,ce,81.68,-1.779999999999987,0.31401023268699646,0.37154674530029297,1.7273074388504028
40,42,1,-39,kl,34.46,25.04,0.6687896251678467,1.0038710832595825,1.3627456426620483
40,42,2,-38,kl,48.82,14.36,0.632181704044342,0.6728265285491943,1.1822742223739624
40,42,3,-37,kl,51.92,3.1000000000000014,0.2867654263973236,0.5274187922477722,1.4177672863006592
40,42,4,-36,kl,60.56,8.64,0.5899580121040344,0.5655304789543152,1.3305251598358154
40,42,5,-35,kl,67.3,6.739999999999995,0.41566020250320435,0.4851645529270172,1.1536452770233154
40,42,6,-34,kl,69.68,2.3800000000000097,0.6253966093063354,0.5148114562034607,1.048170566558838
40,42,7,-33,kl,69.2,-0.480000000000004,0.5392330288887024,0.5087290406227112,1.0736106634140015
40,42,8,-32,kl,72.56,3.3599999999999994,0.3942795991897583,0.43015533685684204,1.0427221059799194
40,42,9,-31,kl,72.96,0.3999999999999915,0.6864447593688965,0.5134488940238953,1.0572832822799683
40,42,10,-30,kl,75.3,2.3400000000000034,0.6618547439575195,0.48985618352890015,1.0703048706054688
40,42,11,-29,kl,76.52,1.2199999999999989,0.41341283917427063,0.38971325755119324,0.7747809886932373
40,42,12,-28,kl,75.6,-0.9200000000000017,0.5209949016571045,0.5260429978370667,1.2101539373397827
40,42,13,-27,kl,77.42,1.8200000000000074,0.5224659442901611,0.453568696975708,0.9836591482162476
40,42,14,-26,kl,77.24,-0.18000000000000682,0.47806552052497864,0.44262439012527466,0.754249095916748
40,42,15,-25,kl,78.08,0.8400000000000034,0.6506167650222778,0.5842506885528564,1.1688814163208008
40,42,16,-24,kl,77.32,-0.7600000000000051,0.4041104316711426,0.4510308504104614,1.0775563716888428
40,42,17,-23,kl,77.16,-0.1599999999999966,0.43018490076065063,0.49622902274131775,1.065908432006836
40,42,18,-22,kl,78.64,1.480000000000004,0.5600941181182861,0.4582681655883789,0.9135755896568298
40,42,19,-21,kl,78.94,0.29999999999999716,0.41391831636428833,0.47433674335479736,1.0875158309936523
40,42,20,-20,kl,78.42,-0.519999999999996,0.6232045888900757,0.539836049079895,1.092128038406372
40,42,21,-19,kl,79.54,1.1200000000000045,0.6253385543823242,0.4701688587665558,0.8541264533996582
40,42,22,-18,kl,80.06,0.519999999999996,0.3648017644882202,0.46037808060646057,1.1077791452407837
40,42,23,-17,kl,79.58,-0.480000000000004,0.538641631603241,0.46945950388908386,0.7964226007461548
40,42,24,-16,kl,79.82,0.23999999999999488,0.41414836049079895,0.4315478205680847,0.8184654116630554
40,42,25,-15,kl,80.74,0.9200000000000017,0.5146930813789368,0.42055973410606384,0.7246937155723572
40,42,26,-14,kl,78.92,-1.8199999999999932,0.5038689374923706,0.48186179995536804,1.0516294240951538
40,42,27,-13,kl,80.16,1.2399999999999949,0.48609501123428345,0.4567015767097473,1.1430600881576538
40,42,28,-12,kl,78.66,-1.5,0.4786543548107147,0.4903142750263214,1.1316800117492676
40,42,29,-11,kl,80.24,1.5799999999999983,0.5617088079452515,0.4949607253074646,1.1144585609436035
40,42,30,-10,kl,79.58,-0.6599999999999966,0.48982468247413635,0.510084331035614,1.28868567943573
40,42,31,-9,kl,81.22,1.6400000000000006,0.589779794216156,0.49816274642944336,0.91323322057724
40,42,32,-8,kl,81.6,0.37999999999999545,0.6617336273193359,0.49616292119026184,0.8437589406967163
40,42,33,-7,kl,79.7,-1.8999999999999915,0.4958428740501404,0.4783456027507782,1.055008053779602
40,42,34,-6,kl,80.16,0.45999999999999375,0.5325506329536438,0.48906195163726807,0.9612221717834473
40,42,35,-5,kl,79.22,-0.9399999999999977,0.4647682309150696,0.49176347255706787,1.0735337734222412
40,42,36,-4,kl,81.14,1.9200000000000017,0.41914400458335876,0.49955689907073975,1.089263916015625
40,42,37,-3,kl,81.82,0.6799999999999926,0.5952762365341187,0.5168383717536926,1.0393381118774414
40,42,38,-2,kl,80.6,-1.2199999999999989,0.41435569524765015,0.4560142457485199,1.0553748607635498
40,42,39,-1,kl,82.32,1.7199999999999989,0.4095788598060608,0.4456620216369629,0.9295670390129089
40,42,40,0,kl,80.92,-1.3999999999999915,0.45148566365242004,0.4681687355041504,0.9296550750732422
40,42,41,1,ce,80.42,-0.5,0.3558870553970337,0.44636544585227966,1.8163788318634033
40,42,42,2,kl,80.7,0.28000000000000114,0.6571142673492432,0.5297905206680298,0.9525647163391113
40,42,43,3,kl,80.0,-0.7000000000000028,0.5634737014770508,0.49896085262298584,1.090796947479248
40,42,44,4,kl,79.08,-0.9200000000000017,0.48412224650382996,0.502654492855072,1.0108451843261719
40,42,45,5,kl,81.68,2.6000000000000085,0.652408242225647,0.5351812243461609,1.0239546298980713
40,42,46,6,kl,81.9,0.21999999999999886,0.5781314969062805,0.4474375247955322,0.7365737557411194
40,42,47,7,kl,81.76,-0.14000000000000057,0.722129225730896,0.595405101776123,1.2890582084655762
40,42,48,8,kl,82.3,0.539999999999992,0.5947303771972656,0.5170059204101562,0.9013495445251465
40,42,49,9,kl,80.02,-2.280000000000001,0.6495586633682251,0.5691456198692322,1.2546786069869995
40,42,50,10,kl,82.56,2.5400000000000063,0.43713507056236267,0.46620023250579834,0.7329925298690796
40,42,51,11,kl,82.5,-0.060000000000002274,0.5739961862564087,0.4731481373310089,0.7995859384536743
40,42,52,12,kl,81.68,-0.8199999999999932,0.5834623575210571,0.4957553446292877,0.9691521525382996
40,42,53,13,kl,79.46,-2.220000000000013,0.518628716468811,0.5162907242774963,1.1502199172973633
40,42,54,14,kl,81.02,1.5600000000000023,0.661537766456604,0.5662099719047546,1.138359785079956
40,42,55,15,kl,82.02,1.0,0.577850878238678,0.48319074511528015,1.0678017139434814
40,42,56,16,kl,81.52,-0.5,0.5606549978256226,0.5847863554954529,1.171515703201294
40,42,57,17,kl,81.08,-0.4399999999999977,0.5971752405166626,0.5260918736457825,1.110770344734192
40,42,58,18,kl,80.14,-0.9399999999999977,0.5401042699813843,0.5355952978134155,1.1146270036697388
40,42,59,19,kl,82.32,2.1799999999999926,0.613090991973877,0.5240123867988586,0.8458333015441895
40,42,60,20,kl,80.94,-1.3799999999999955,0.651086151599884,0.580302357673645,1.2310504913330078
40,42,61,21,kl,80.58,-0.35999999999999943,0.6549394130706787,0.4991569221019745,0.9914637207984924
40,42,62,22,kl,82.68,2.1000000000000085,0.3947974443435669,0.43292462825775146,0.8373411893844604
40,42,63,23,kl,83.18,0.5,0.47062230110168457,0.46949443221092224,0.788410484790802
40,42,64,24,kl,81.76,-1.4200000000000017,0.500983476638794,0.4798682928085327,0.8951230049133301
40,42,65,25,kl,83.52,1.759999999999991,0.39524880051612854,0.41657525300979614,0.8040279746055603
40,42,66,26,kl,79.84,-3.6799999999999926,0.7547919750213623,0.6817646622657776,1.7243491411209106
40,42,67,27,kl,82.22,2.3799999999999955,0.5165524482727051,0.47137925028800964,1.0332533121109009
40,42,68,28,kl,81.7,-0.519999999999996,0.6568986177444458,0.5474881529808044,0.9489307999610901
40,42,69,29,kl,81.28,-0.4200000000000017,0.2845304012298584,0.4329010546207428,0.9612246155738831
40,42,70,30,kl,81.64,0.35999999999999943,0.4932737350463867,0.4690825045108795,1.0464638471603394
40,42,71,31,kl,82.42,0.7800000000000011,0.674522340297699,0.5616403818130493,0.9465837478637695
40,42,72,32,kl,82.1,-0.3200000000000074,0.5697291493415833,0.5240130424499512,0.9757822751998901
40,42,73,33,kl,81.94,-0.1599999999999966,0.6761112213134766,0.5687825679779053,1.0047330856323242
40,42,74,34,kl,81.88,-0.060000000000002274,0.677492082118988,0.5509031414985657,0.989861786365509
40,42,75,35,kl,82.0,0.12000000000000455,0.36631572246551514,0.4386691451072693,0.8875755667686462
40,42,76,36,kl,80.84,-1.1599999999999966,0.5928628444671631,0.5461704730987549,1.007365345954895
40,42,77,37,kl,82.02,1.1799999999999926,0.4575856328010559,0.45864006876945496,0.9317781925201416
40,42,78,38,kl,81.22,-0.7999999999999972,0.6220053434371948,0.5368672013282776,1.3052924871444702
40,42,79,39,kl,80.82,-0.4000000000000057,0.5070376396179199,0.475257933139801,0.93229740858078
40,42,80,40,kl,82.4,1.5800000000000125,0.6159360408782959,0.5559343099594116,0.988159716129303
40,42,81,41,kl,84.34,1.9399999999999977,0.467512309551239,0.4271804392337799,0.7728586792945862
40,42,82,42,ce,82.46,-1.8800000000000097,0.1785845160484314,0.285834401845932,1.9012030363082886
40,42,83,43,kl,81.98,-0.47999999999998977,0.4293540120124817,0.47431430220603943,0.8347935676574707
40,42,84,44,kl,82.74,0.7599999999999909,0.5139225721359253,0.47500619292259216,0.7824853658676147
40,42,85,45,kl,81.72,-1.019999999999996,0.548592746257782,0.519412636756897,1.0033766031265259
40,42,86,46,kl,80.68,-1.039999999999992,0.6434571146965027,0.5562761425971985,1.1232001781463623
40,42,87,47,kl,83.58,2.8999999999999915,0.5424914360046387,0.5268534421920776,0.9535751342773438
40,42,88,48,kl,81.58,-2.0,0.3473232686519623,0.43252575397491455,0.888023316860199
40,42,89,49,kl,83.02,1.4399999999999977,0.5977620482444763,0.5608706474304199,1.131144642829895
40,42,90,50,kl,82.88,-0.14000000000000057,0.5402313470840454,0.4482749402523041,0.9158614873886108
40,42,91,51,kl,82.56,-0.3199999999999932,0.4588056206703186,0.45997369289398193,1.0048589706420898
40,42,92,52,kl,82.02,-0.5400000000000063,0.5440793037414551,0.4998641610145569,0.9040117263793945
40,42,93,53,kl,81.68,-0.3399999999999892,0.5458340048789978,0.4932064116001129,0.9544939398765564
40,42,94,54,kl,81.06,-0.6200000000000045,0.4285622835159302,0.46270760893821716,0.8680751919746399
40,42,95,55,kl,81.6,0.539999999999992,0.5173879265785217,0.4821775555610657,0.9880848526954651
40,42,96,56,kl,81.66,0.060000000000002274,0.6135361194610596,0.5470206141471863,1.1181710958480835
40,42,97,57,kl,81.64,-0.01999999999999602,0.6081362962722778,0.5589597821235657,1.0582544803619385
40,42,98,58,kl,83.16,1.519999999999996,0.5204871296882629,0.48176950216293335,0.7934809923171997
40,42,99,59,kl,82.26,-0.8999999999999915,0.44973695278167725,0.46533873677253723,0.9750967621803284
40,42,100,60,kl,81.72,-0.5400000000000063,0.7226533889770508,0.6076422929763794,1.2921093702316284
40,42,101,61,kl,82.5,0.7800000000000011,0.6188217401504517,0.5241267681121826,0.9408087730407715
40,42,102,62,kl,82.42,-0.0799999999999983,0.29606249928474426,0.46137019991874695,1.000022053718567
40,42,103,63,kl,81.68,-0.7399999999999949,0.6898892521858215,0.6131774187088013,1.1750823259353638
40,42,104,64,kl,82.94,1.259999999999991,0.46634453535079956,0.5039997100830078,0.9840312004089355
40,42,105,65,kl,82.36,-0.5799999999999983,0.5844234824180603,0.5518064498901367,0.9899542331695557
40,42,106,66,kl,83.58,1.2199999999999989,0.47614461183547974,0.45839354395866394,0.8231597542762756
40,42,107,67,kl,82.76,-0.8199999999999932,0.6929035782814026,0.5645369291305542,0.9294275641441345
40,42,108,68,kl,82.34,-0.4200000000000017,0.4357411563396454,0.48000866174697876,1.0019341707229614
40,42,109,69,kl,80.16,-2.180000000000007,0.49085426330566406,0.507011353969574,1.017051100730896
40,42,110,70,kl,82.34,2.180000000000007,0.6031663417816162,0.5791684985160828,1.1345484256744385
40,42,111,71,kl,81.84,-0.5,0.6695963740348816,0.5939725041389465,1.0559630393981934
40,42,112,72,kl,81.58,-0.2600000000000051,0.5866554975509644,0.5145509839057922,0.8674915432929993
40,42,113,73,kl,80.66,-0.9200000000000017,0.6215845346450806,0.5721084475517273,1.2110655307769775
40,42,114,74,kl,80.78,0.12000000000000455,0.6660279631614685,0.5673339366912842,1.1983212232589722
40,42,115,75,kl,83.44,2.6599999999999966,0.3544835150241852,0.46116551756858826,0.856040358543396
40,42,116,76,kl,81.74,-1.7000000000000028,0.44337815046310425,0.5165756940841675,1.0893328189849854
40,42,117,77,kl,81.12,-0.6199999999999903,0.6145483255386353,0.515206515789032,0.920644998550415
40,42,118,78,kl,80.0,-1.1200000000000045,0.6424668431282043,0.5722714066505432,1.116273283958435
40,42,119,79,kl,81.48,1.480000000000004,0.6064913272857666,0.5499299764633179,1.1013680696487427
40,42,120,80,kl,82.58,1.0999999999999943,0.5470148324966431,0.4960634410381317,0.9925051331520081
40,42,121,81,kl,83.32,0.7399999999999949,0.5731015205383301,0.5031124949455261,1.0398032665252686
40,42,122,82,kl,82.22,-1.0999999999999943,0.5369535088539124,0.4881417155265808,0.8921788334846497
40,42,123,83,ce,81.94,-0.28000000000000114,0.22565503418445587,0.343143105506897,1.7381647825241089
40,42,124,84,kl,81.48,-0.45999999999999375,0.5236510038375854,0.48916497826576233,0.8543781042098999
40,42,125,85,kl,80.46,-1.0200000000000102,0.5753319263458252,0.5215831995010376,1.2217684984207153
40,42,126,86,kl,82.52,2.0600000000000023,0.596062421798706,0.5237849950790405,0.8545950651168823
40,42,127,87,kl,82.72,0.20000000000000284,0.39273807406425476,0.4373427629470825,0.9779213666915894
40,42,128,88,kl,82.3,-0.4200000000000017,0.5223343372344971,0.5082557797431946,0.849463164806366
40,42,129,89,kl,81.14,-1.1599999999999966,0.5494173765182495,0.4956328868865967,0.7991441488265991
40,42,130,90,kl,82.64,1.5,0.5220640897750854,0.4540223777294159,0.8623723387718201
40,42,131,91,kl,83.06,0.4200000000000017,0.5521154999732971,0.4927377998828888,0.8487048745155334
40,42,132,92,kl,81.26,-1.7999999999999972,0.574958086013794,0.5159284472465515,0.9924504160881042
40,42,133,93,kl,81.54,0.28000000000000114,0.5842834711074829,0.5070792436599731,1.076067566871643
40,42,134,94,kl,81.36,-0.18000000000000682,0.5697059035301208,0.48072344064712524,0.9168424606323242
40,42,135,95,kl,82.92,1.5600000000000023,0.5272878408432007,0.5058910250663757,0.8855793476104736
40,42,136,96,kl,82.58,-0.3400000000000034,0.4719991683959961,0.4695501923561096,0.9355072379112244
40,42,137,97,kl,82.66,0.0799999999999983,0.6175272464752197,0.5490415692329407,0.9995490908622742
40,42,138,98,kl,82.28,-0.37999999999999545,0.3900466561317444,0.45503002405166626,1.0797768831253052
40,42,139,99,kl,82.18,-0.09999999999999432,0.5351661443710327,0.4813835024833679,0.9755532145500183
40,42,140,100,kl,82.3,0.11999999999999034,0.409686803817749,0.4530066251754761,0.8090909719467163
40,42,141,101,kl,82.28,-0.01999999999999602,0.4704091250896454,0.4679175317287445,0.7932866811752319
40,42,142,102,kl,82.26,-0.01999999999999602,0.5485548973083496,0.556592583656311,1.0928914546966553
40,42,143,103,kl,80.96,-1.3000000000000114,0.6524158120155334,0.577060878276825,1.0021291971206665
40,42,144,104,kl,81.74,0.7800000000000011,0.6305271983146667,0.5754338502883911,1.071022629737854
40,42,145,105,kl,83.88,2.1400000000000006,0.35328409075737,0.4429740309715271,0.9702808260917664
40,42,146,106,kl,82.6,-1.2800000000000011,0.5390241742134094,0.5119290947914124,1.089432716369629
40,42,147,107,kl,83.68,1.0800000000000125,0.5725482106208801,0.49505701661109924,0.8776813745498657
40,42,148,108,kl,83.64,-0.04000000000000625,0.6268067359924316,0.5256202220916748,0.8735221028327942
40,42,149,109,kl,82.28,-1.3599999999999994,0.5246108770370483,0.5327688455581665,0.8601099252700806
40,42,150,110,kl,82.3,0.01999999999999602,0.3828454613685608,0.4697689414024353,1.058137059211731
40,42,151,111,kl,83.14,0.8400000000000034,0.5307586193084717,0.4803643226623535,0.9632315635681152
40,42,152,112,kl,83.26,0.12000000000000455,0.4802497625350952,0.4475361108779907,0.6966084241867065
40,42,153,113,kl,83.18,-0.0799999999999983,0.5399313569068909,0.49705076217651367,0.9125328063964844
40,42,154,114,kl,83.48,0.29999999999999716,0.5383331775665283,0.487338662147522,0.8482235670089722
40,42,155,115,kl,83.44,-0.04000000000000625,0.37059229612350464,0.4341771900653839,0.844186544418335
40,42,156,116,kl,82.08,-1.3599999999999994,0.6303162574768066,0.562399685382843,1.0864834785461426
40,42,157,117,kl,83.62,1.5400000000000063,0.44786208868026733,0.4647391736507416,0.8598326444625854
40,42,158,118,kl,82.1,-1.5200000000000102,0.6907195448875427,0.6104314923286438,1.243594765663147
40,42,159,119,kl,81.92,-0.1799999999999926,0.5592429637908936,0.4862492084503174,0.9031134247779846
40,42,160,120,kl,81.8,-0.12000000000000455,0.49937546253204346,0.4891971945762634,1.0033482313156128
40,42,161,121,kl,81.94,0.14000000000000057,0.6415937542915344,0.5214478373527527,1.0555751323699951
40,42,162,122,kl,80.58,-1.3599999999999994,0.5970803499221802,0.5330082178115845,1.2017523050308228
40,42,163,123,kl,82.24,1.6599999999999966,0.6427647471427917,0.5667270421981812,1.019404649734497
40,42,164,124,ce,82.68,0.44000000000001194,0.17480045557022095,0.345723956823349,1.7382110357284546
40,42,165,125,kl,82.64,-0.04000000000000625,0.6557942032814026,0.5572106242179871,1.038225531578064
40,42,166,126,kl,81.82,-0.8200000000000074,0.42425841093063354,0.48356667160987854,0.9856300354003906
40,42,167,127,kl,83.64,1.8200000000000074,0.5960599780082703,0.550825834274292,0.9018511772155762
40,42,168,128,kl,83.1,-0.5400000000000063,0.4040461778640747,0.47488677501678467,0.90592360496521
40,42,169,129,kl,82.0,-1.0999999999999943,0.4957485795021057,0.4756599962711334,0.8660523891448975
40,42,170,130,kl,82.42,0.4200000000000017,0.5438363552093506,0.4602968096733093,0.7819555997848511
40,42,171,131,kl,83.14,0.7199999999999989,0.2871711552143097,0.4160366356372833,0.8727143406867981
40,42,172,132,kl,82.08,-1.0600000000000023,0.5354238152503967,0.46159353852272034,0.7947354912757874
40,42,173,133,kl,82.38,0.29999999999999716,0.4951160252094269,0.5312603712081909,1.3148630857467651
40,42,174,134,kl,82.38,0.0,0.5367306470870972,0.5136275291442871,0.937739908695221
40,42,175,135,kl,81.76,-0.6199999999999903,0.6344519853591919,0.5524705052375793,1.1733238697052002
40,42,176,136,kl,81.48,-0.28000000000000114,0.5896787643432617,0.5095083713531494,1.083322525024414
40,42,177,137,kl,81.84,0.35999999999999943,0.5766468048095703,0.5612920522689819,1.2680461406707764
40,42,178,138,kl,84.1,2.259999999999991,0.5370886325836182,0.4959886372089386,0.7891796231269836
40,42,179,139,kl,81.64,-2.4599999999999937,0.6346105337142944,0.5673120617866516,0.982468843460083
40,42,180,140,kl,83.7,2.0600000000000023,0.3269088864326477,0.4444197118282318,0.8618564605712891
40,42,181,141,kl,81.06,-2.6400000000000006,0.6877666711807251,0.5830047726631165,1.2259191274642944
40,42,182,142,kl,81.92,0.8599999999999994,0.5591157674789429,0.5183987021446228,1.0889772176742554
40,42,183,143,kl,82.44,0.519999999999996,0.39917656779289246,0.4144129455089569,0.840508759021759
40,42,184,144,kl,82.04,-0.3999999999999915,0.5127021074295044,0.5282585024833679,1.052893042564392
40,42,185,145,kl,82.7,0.6599999999999966,0.5156230926513672,0.49038878083229065,1.0003947019577026
40,42,186,146,kl,83.72,1.019999999999996,0.5389145016670227,0.49620863795280457,0.89128178358078
40,42,187,147,kl,83.34,-0.37999999999999545,0.5394893288612366,0.48682841658592224,1.06459641456604
40,42,188,148,kl,82.86,-0.480000000000004,0.6123921871185303,0.523325502872467,1.0230673551559448
40,42,189,149,kl,81.84,-1.019999999999996,0.6267081499099731,0.5298753976821899,0.9740238189697266
40,42,190,150,kl,82.12,0.28000000000000114,0.4700542390346527,0.456694096326828,0.9473438858985901
40,42,191,151,kl,82.4,0.28000000000000114,0.44344717264175415,0.4866538345813751,0.9678550958633423
40,42,192,152,kl,82.46,0.05999999999998806,0.41156524419784546,0.4240891933441162,0.8252614140510559
40,42,193,153,kl,82.3,-0.1599999999999966,0.5258558988571167,0.5000700354576111,0.9593875408172607
40,42,194,154,kl,83.36,1.0600000000000023,0.5446311235427856,0.4981245696544647,0.9490119218826294
40,42,195,155,kl,82.48,-0.8799999999999955,0.6853456497192383,0.569469690322876,1.0520219802856445
40,42,196,156,kl,83.0,0.519999999999996,0.6285086870193481,0.5442180633544922,0.965142011642456
40,42,197,157,kl,82.78,-0.21999999999999886,0.5364195704460144,0.5134968161582947,0.9861076474189758
40,42,198,158,kl,83.26,0.480000000000004,0.5712577700614929,0.4933429956436157,0.8041796088218689
40,42,199,159,kl,82.66,-0.6000000000000085,0.5909466743469238,0.5208192467689514,0.9926809072494507
40,42,200,160,kl,82.58,-0.0799999999999983,0.5425761938095093,0.4950893819332123,0.8956693410873413
40,42,201,161,kl,81.78,-0.7999999999999972,0.6871922016143799,0.5716878175735474,1.4064334630966187
40,42,202,162,kl,82.8,1.019999999999996,0.3751303255558014,0.41724416613578796,0.7668268084526062
40,42,203,163,kl,81.72,-1.0799999999999983,0.5274609327316284,0.5428200364112854,1.0756205320358276
40,42,204,164,kl,82.98,1.2600000000000051,0.4340917468070984,0.4466598629951477,0.8591804504394531
40,42,205,165,ce,83.34,0.35999999999999943,0.23949477076530457,0.37550222873687744,1.6630160808563232
40,42,206,166,kl,82.3,-1.0400000000000063,0.5329108238220215,0.48115143179893494,0.861099898815155
40,42,207,167,kl,81.62,-0.6799999999999926,0.5627291202545166,0.5025879144668579,0.8410801887512207
40,42,208,168,kl,80.04,-1.5799999999999983,0.7458151578903198,0.615577220916748,1.19203519821167
40,42,209,169,kl,82.82,2.779999999999987,0.4618417024612427,0.48858141899108887,1.0184742212295532
40,42,210,170,kl,83.02,0.20000000000000284,0.47792476415634155,0.484987735748291,0.9491572380065918
40,42,211,171,kl,82.1,-0.9200000000000017,0.5112373232841492,0.5053800940513611,0.9455117583274841
40,42,212,172,kl,82.9,0.8000000000000114,0.5972990989685059,0.54704749584198,0.9737098813056946
40,42,213,173,kl,83.52,0.6199999999999903,0.5821189880371094,0.5435601472854614,1.097930908203125
40,42,214,174,kl,81.42,-2.0999999999999943,0.7140551805496216,0.6076009273529053,1.236878752708435
40,42,215,175,kl,83.48,2.0600000000000023,0.6985765099525452,0.5766159296035767,0.9682173728942871
40,42,216,176,kl,84.5,1.019999999999996,0.501455545425415,0.4703325927257538,0.8091247081756592
40,42,217,177,kl,83.68,-0.8199999999999932,0.46228253841400146,0.478097140789032,1.0375384092330933
40,42,218,178,kl,81.44,-2.240000000000009,0.5091959238052368,0.5056881904602051,0.9468536972999573
40,42,219,179,kl,82.36,0.9200000000000017,0.3887295722961426,0.4764006733894348,0.8459188938140869
40,42,220,180,kl,82.86,0.5,0.6765246391296387,0.5625653862953186,0.8855471611022949
40,42,221,181,kl,83.62,0.7600000000000051,0.5040537714958191,0.4534282088279724,0.8475396037101746
40,42,222,182,kl,83.44,-0.18000000000000682,0.37031304836273193,0.47247380018234253,0.8038436770439148
40,42,223,183,kl,81.96,-1.480000000000004,0.6673967242240906,0.55228191614151,1.0468961000442505
40,42,224,184,kl,83.9,1.940000000000012,0.5223253965377808,0.486349493265152,0.9043571352958679
40,42,225,185,kl,82.12,-1.7800000000000011,0.4991055727005005,0.5253432989120483,1.0100159645080566
40,42,226,186,kl,82.2,0.0799999999999983,0.5361042022705078,0.4713687300682068,0.8998594880104065
40,42,227,187,kl,82.68,0.480000000000004,0.6259725689888,0.5019087195396423,1.0927740335464478
40,42,228,188,kl,83.92,1.2399999999999949,0.4439406394958496,0.48332393169403076,0.9321886897087097
40,42,229,189,kl,82.08,-1.8400000000000034,0.635974109172821,0.5696375370025635,0.9592393040657043
40,42,230,190,kl,81.66,-0.4200000000000017,0.5496104955673218,0.5109918713569641,0.9406499862670898
40,42,231,191,kl,82.22,0.5600000000000023,0.5923062562942505,0.5023733973503113,0.9642980098724365
40,42,232,192,kl,80.92,-1.2999999999999972,0.5225905179977417,0.5129028558731079,1.0173026323318481
40,42,233,193,kl,84.08,3.1599999999999966,0.46641042828559875,0.47835999727249146,0.7731776237487793
40,42,234,194,kl,82.88,-1.2000000000000028,0.533003032207489,0.4812556803226471,0.8781681060791016
40,42,235,195,kl,83.04,0.1600000000000108,0.4923015236854553,0.5204390287399292,0.992200493812561
40,42,236,196,kl,82.56,-0.480000000000004,0.3817126154899597,0.47403356432914734,0.9812834858894348
40,42,237,197,kl,83.56,1.0,0.6579009890556335,0.5385894775390625,0.9518507122993469
40,42,238,198,kl,84.26,0.7000000000000028,0.29559236764907837,0.41457659006118774,1.0691450834274292
40,42,239,199,kl,83.42,-0.8400000000000034,0.5033119916915894,0.4625120460987091,0.8947730660438538
40,42,240,200,kl,80.82,-2.6000000000000085,0.41068488359451294,0.4756161570549011,1.0617541074752808
40,42,241,201,kl,81.74,0.9200000000000017,0.5339102745056152,0.5057766437530518,0.8384863138198853
40,42,242,202,kl,80.18,-1.559999999999988,0.5286970734596252,0.49669191241264343,0.9131001234054565
40,42,243,203,kl,81.38,1.1999999999999886,0.692406952381134,0.5751078724861145,1.0153309106826782
40,42,244,204,kl,83.46,2.0799999999999983,0.5533479452133179,0.49312350153923035,0.9388401508331299
40,42,245,205,kl,82.44,-1.019999999999996,0.6787781119346619,0.5730007886886597,0.9969658851623535
40,42,246,206,ce,79.98,-2.4599999999999937,0.2366182953119278,0.3711097240447998,1.5668574571609497
40,42,247,207,kl,82.16,2.1799999999999926,0.5025628805160522,0.4981497824192047,1.0594569444656372
40,42,248,208,kl,82.16,0.0,0.6052398085594177,0.5386243462562561,1.087455153465271
40,42,249,209,kl,81.56,-0.5999999999999943,0.3881097435951233,0.4705098867416382,1.006186604499817
40,42,250,210,kl,83.3,1.7399999999999949,0.5552070140838623,0.4850918650627136,0.9749491214752197
40,42,251,211,kl,82.96,-0.3400000000000034,0.5853174328804016,0.5309898257255554,0.9609522819519043
40,42,252,212,kl,83.44,0.480000000000004,0.6466127038002014,0.5291517972946167,1.0108221769332886
40,42,253,213,kl,81.98,-1.4599999999999937,0.5482291579246521,0.5161123871803284,0.9860145449638367
40,42,254,214,kl,82.84,0.8599999999999994,0.4990852475166321,0.4772190749645233,0.8831192255020142
40,42,255,215,kl,80.84,-2.0,0.6052260994911194,0.49750420451164246,0.9833988547325134
40,42,256,216,kl,84.2,3.3599999999999994,0.2389700710773468,0.4457024335861206,0.8998650908470154
40,42,257,217,kl,81.6,-2.6000000000000085,0.6439213752746582,0.5273045897483826,1.059486985206604
40,42,258,218,kl,83.18,1.5800000000000125,0.6319128274917603,0.5189405083656311,0.9562209844589233
40,42,259,219,kl,81.6,-1.5800000000000125,0.5636512041091919,0.5507540702819824,1.0484999418258667
40,42,260,220,kl,83.22,1.6200000000000045,0.517788290977478,0.4923213720321655,0.8877648115158081
40,42,261,221,kl,82.82,-0.4000000000000057,0.6369926929473877,0.5855364799499512,1.1261184215545654
40,42,262,222,kl,84.22,1.4000000000000057,0.5668826103210449,0.4999317228794098,0.7972347140312195
40,42,263,223,kl,82.86,-1.3599999999999994,0.40563085675239563,0.4877673089504242,0.9474666714668274
40,42,264,224,kl,82.38,-0.480000000000004,0.5079861283302307,0.4751325249671936,0.950237512588501
40,42,265,225,kl,83.6,1.2199999999999989,0.6379108428955078,0.5418642163276672,0.9084592461585999
40,42,266,226,kl,83.44,-0.1599999999999966,0.47208547592163086,0.4801541864871979,0.7744346261024475
40,42,267,227,kl,83.46,0.01999999999999602,0.3986670672893524,0.44247716665267944,0.9189603328704834
40,42,268,228,kl,83.08,-0.37999999999999545,0.7059710621833801,0.6190547347068787,1.2445499897003174
40,42,269,229,kl,83.24,0.1599999999999966,0.436996191740036,0.46007800102233887,1.0838737487792969
40,42,270,230,kl,83.04,-0.19999999999998863,0.5167802572250366,0.49576109647750854,1.0601179599761963
40,42,271,231,kl,81.04,-2.0,0.7135381698608398,0.647025465965271,1.3335601091384888
40,42,272,232,kl,83.62,2.5799999999999983,0.5884409546852112,0.5029187798500061,0.936082661151886
40,42,273,233,kl,83.76,0.14000000000000057,0.5457786917686462,0.4763466715812683,0.9509438276290894
40,42,274,234,kl,83.38,-0.38000000000000966,0.5306385159492493,0.47628456354141235,0.9536555409431458
40,42,275,235,kl,81.92,-1.4599999999999937,0.4686245322227478,0.48509976267814636,0.9890967607498169
40,42,276,236,kl,83.04,1.1200000000000045,0.5340469479560852,0.49141237139701843,1.0714657306671143
40,42,277,237,kl,81.8,-1.240000000000009,0.5657491683959961,0.5058878660202026,0.9840295910835266
40,42,278,238,kl,82.64,0.8400000000000034,0.558668851852417,0.5079404711723328,0.9378568530082703
40,42,279,239,kl,82.48,-0.1599999999999966,0.625895082950592,0.5008175373077393,1.0095245838165283
40,42,280,240,kl,81.72,-0.7600000000000051,0.5298405885696411,0.48937326669692993,0.8702367544174194
40,42,281,241,kl,82.22,0.5,0.6090102791786194,0.5126014351844788,1.0123779773712158
40,42,282,242,kl,81.04,-1.1799999999999926,0.4853841960430145,0.4566197991371155,0.9060541987419128
40,42,283,243,kl,81.32,0.2799999999999869,0.33107712864875793,0.41139525175094604,0.84937584400177
40,42,284,244,kl,82.1,0.7800000000000011,0.5005115866661072,0.47337883710861206,1.044265627861023
40,42,285,245,kl,82.36,0.2600000000000051,0.5825685262680054,0.5458909869194031,1.204654574394226
40,42,286,246,kl,83.58,1.2199999999999989,0.5865222215652466,0.5165408849716187,0.8238096237182617
40,42,287,247,ce,82.66,-0.9200000000000017,0.32356351613998413,0.40663397312164307,1.6787114143371582
40,42,288,248,kl,81.66,-1.0,0.41689157485961914,0.4775495231151581,0.8617497086524963
40,42,289,249,kl,82.74,1.0799999999999983,0.5527304410934448,0.47799310088157654,0.8079819679260254
40,42,290,250,kl,83.7,0.960000000000008,0.4190209209918976,0.436887264251709,0.8963239789009094
40,42,291,251,kl,81.72,-1.980000000000004,0.44347065687179565,0.46339502930641174,0.9167713522911072
40,42,292,252,kl,83.38,1.6599999999999966,0.31214627623558044,0.41656675934791565,0.9927998185157776
40,42,293,253,kl,82.54,-0.8399999999999892,0.39771220088005066,0.4307219684123993,0.8613775968551636
40,42,294,254,kl,83.08,0.539999999999992,0.5270096063613892,0.510773241519928,1.0142581462860107
40,42,295,255,kl,82.18,-0.8999999999999915,0.5982933044433594,0.5281723737716675,0.9711145162582397
40,42,296,256,kl,83.22,1.039999999999992,0.6490479707717896,0.5686066150665283,0.8993947505950928
40,42,297,257,kl,83.66,0.4399999999999977,0.5431323647499084,0.48326218128204346,0.8715282082557678
40,42,298,258,kl,81.9,-1.759999999999991,0.5385510325431824,0.5363956689834595,1.0555009841918945
40,42,299,259,kl,81.2,-0.7000000000000028,0.4083745777606964,0.4987252950668335,1.1750458478927612
40,42,300,260,kl,82.5,1.2999999999999972,0.26016026735305786,0.433005154132843,0.8061215281486511
40,42,301,261,kl,82.1,-0.4000000000000057,0.5226706266403198,0.49838119745254517,0.9246959686279297
40,42,302,262,kl,82.62,0.5200000000000102,0.5657029747962952,0.5220816135406494,1.008644461631775
40,42,303,263,kl,82.74,0.11999999999999034,0.5866736173629761,0.535856306552887,1.072232723236084
40,42,304,264,kl,82.8,0.060000000000002274,0.3975049555301666,0.4701937437057495,0.9489511251449585
40,42,305,265,kl,81.5,-1.2999999999999972,0.6543595194816589,0.5609208345413208,1.0859253406524658
40,42,306,266,kl,82.34,0.8400000000000034,0.5210907459259033,0.4804714024066925,0.9322319030761719
40,42,307,267,kl,82.38,0.03999999999999204,0.4521767497062683,0.4560939073562622,0.8390353322029114
40,42,308,268,kl,83.8,1.4200000000000017,0.6331572532653809,0.5138208866119385,0.9515414237976074
40,42,309,269,kl,82.04,-1.759999999999991,0.4941519498825073,0.4615214765071869,0.8950243592262268
40,42,310,270,kl,82.96,0.9199999999999875,0.6846595406532288,0.580869734287262,1.1230350732803345
40,42,311,271,kl,82.1,-0.8599999999999994,0.4797610938549042,0.50076824426651,0.9674266576766968
40,42,312,272,kl,82.92,0.8200000000000074,0.6151785850524902,0.5529502034187317,1.1690056324005127
40,42,313,273,kl,82.46,-0.46000000000000796,0.6914796233177185,0.5521093606948853,1.0421010255813599
40,42,314,274,kl,83.22,0.7600000000000051,0.4841354489326477,0.47671234607696533,0.8449201583862305
40,42,315,275,kl,82.98,-0.23999999999999488,0.4029510021209717,0.4783179461956024,1.0521821975708008
40,42,316,276,kl,82.72,-0.2600000000000051,0.5258234739303589,0.4755690395832062,0.9503316879272461
40,42,317,277,kl,82.72,0.0,0.6567312479019165,0.5884396433830261,1.2137550115585327
40,42,318,278,kl,82.62,-0.09999999999999432,0.4875188171863556,0.4755975902080536,0.8451269865036011
40,42,319,279,kl,80.94,-1.6800000000000068,0.5808544158935547,0.5191406607627869,1.099623441696167
40,42,320,280,kl,82.7,1.7600000000000051,0.5192387700080872,0.4748697578907013,0.7515586614608765
40,42,321,281,kl,82.58,-0.12000000000000455,0.4479042887687683,0.479297012090683,1.0495773553848267
40,42,322,282,kl,82.08,-0.5,0.5999259352684021,0.5255840420722961,0.900748610496521
40,42,323,283,kl,82.06,-0.01999999999999602,0.6532055139541626,0.6080901622772217,1.179718017578125
40,42,324,284,kl,83.26,1.2000000000000028,0.6666901707649231,0.5698229074478149,1.0864182710647583
40,42,325,285,kl,83.3,0.03999999999999204,0.3787250518798828,0.4713932275772095,0.7391863465309143
40,42,326,286,kl,81.8,-1.5,0.6790547370910645,0.5630714893341064,1.133659839630127
40,42,327,287,kl,82.24,0.4399999999999977,0.5652116537094116,0.48359838128089905,0.8894528746604919
40,42,328,288,ce,83.76,1.5200000000000102,0.22680547833442688,0.3925202488899231,1.7277034521102905
40,42,329,289,kl,84.04,0.28000000000000114,0.506637692451477,0.4967709183692932,0.8483244776725769
40,42,330,290,kl,83.34,-0.7000000000000028,0.4219123125076294,0.46527165174484253,0.9526359438896179
40,42,331,291,kl,82.8,-0.5400000000000063,0.6014428734779358,0.5570683479309082,1.0021198987960815
40,42,332,292,kl,81.66,-1.1400000000000006,0.7070184350013733,0.6308445334434509,1.2200636863708496
40,42,333,293,kl,81.72,0.060000000000002274,0.5985047817230225,0.5803133845329285,1.1870741844177246
40,42,334,294,kl,82.84,1.1200000000000045,0.45644432306289673,0.4867461621761322,0.8425076603889465
40,42,335,295,kl,83.58,0.7399999999999949,0.5320374965667725,0.48108920454978943,0.7957679629325867
40,42,336,296,kl,83.6,0.01999999999999602,0.517551064491272,0.5136935710906982,0.8963304758071899
40,42,337,297,kl,83.32,-0.28000000000000114,0.6546471118927002,0.5874943733215332,1.0882383584976196
40,42,338,298,kl,81.12,-2.1999999999999886,0.6689728498458862,0.565930962562561,1.1441504955291748
40,42,339,299,kl,83.72,2.5999999999999943,0.566189706325531,0.5181798934936523,0.9861730933189392
40,42,340,300,kl,82.82,-0.9000000000000057,0.675600528717041,0.6027889847755432,1.2635855674743652
40,42,341,301,kl,83.9,1.0800000000000125,0.41069668531417847,0.436675488948822,0.8906399011611938
40,42,342,302,kl,83.84,-0.060000000000002274,0.3661588430404663,0.45459747314453125,0.8968358039855957
40,42,343,303,kl,82.56,-1.2800000000000011,0.5390257835388184,0.5241783261299133,0.9643728733062744
40,42,344,304,kl,82.48,-0.0799999999999983,0.5790032744407654,0.4927077293395996,0.8973338603973389
40,42,345,305,kl,83.2,0.7199999999999989,0.5026606321334839,0.48449525237083435,0.7883750200271606
40,42,346,306,kl,83.08,-0.12000000000000455,0.6662883162498474,0.5424551963806152,1.005142092704773
40,42,347,307,kl,83.04,-0.03999999999999204,0.41255709528923035,0.4858974814414978,0.8345494270324707
40,42,348,308,kl,81.3,-1.740000000000009,0.5826424360275269,0.5204235315322876,0.9294765591621399
40,42,349,309,kl,82.78,1.480000000000004,0.515143632888794,0.47107788920402527,0.9786118268966675
40,42,350,310,kl,82.76,-0.01999999999999602,0.5430423021316528,0.5048858523368835,0.9662574529647827
40,42,351,311,kl,82.62,-0.14000000000000057,0.5771788954734802,0.51419997215271,1.054619312286377
40,42,352,312,kl,84.06,1.4399999999999977,0.5638469457626343,0.47454044222831726,0.797473669052124
40,42,353,313,kl,82.8,-1.2600000000000051,0.49648794531822205,0.46323612332344055,0.8974074721336365
40,42,354,314,kl,83.12,0.3200000000000074,0.6228324174880981,0.5357163548469543,0.9733313918113708
40,42,355,315,kl,82.16,-0.960000000000008,0.6148397922515869,0.5581591129302979,1.1709396839141846
40,42,356,316,kl,83.44,1.2800000000000011,0.5657531023025513,0.48253124952316284,0.72858065366745
40,42,357,317,kl,83.06,-0.37999999999999545,0.3223629891872406,0.44267693161964417,0.8316952586174011
40,42,358,318,kl,83.7,0.6400000000000006,0.6243204474449158,0.5203330516815186,0.8588941693305969
40,42,359,319,kl,83.4,-0.29999999999999716,0.43530410528182983,0.44838279485702515,0.8417144417762756
40,42,360,320,kl,82.24,-1.1600000000000108,0.6109589338302612,0.5355928540229797,0.8379570841789246
40,42,361,321,kl,83.46,1.2199999999999989,0.48899418115615845,0.4817885160446167,0.9977303743362427
40,42,362,322,kl,81.64,-1.8199999999999932,0.5441114902496338,0.524506151676178,1.0373731851577759
40,42,363,323,kl,82.86,1.2199999999999989,0.45674559473991394,0.49612125754356384,0.9804845452308655
40,42,364,324,kl,82.84,-0.01999999999999602,0.5463644862174988,0.5042034983634949,1.0044529438018799
40,42,365,325,kl,80.68,-2.1599999999999966,0.4353817105293274,0.46703141927719116,0.9888167977333069
40,42,366,326,kl,83.04,2.3599999999999994,0.4282101094722748,0.4942190647125244,0.9658485651016235
40,42,367,327,kl,83.26,0.21999999999999886,0.4680222272872925,0.4750426709651947,0.9024801254272461
40,42,368,328,kl,82.92,-0.3400000000000034,0.4628884792327881,0.46609795093536377,0.8424203991889954
40,42,369,329,ce,81.4,-1.519999999999996,0.27033236622810364,0.40670841932296753,1.5318864583969116
40,42,370,330,kl,82.78,1.3799999999999955,0.5403324365615845,0.5142610669136047,0.8519695997238159
40,42,371,331,kl,81.72,-1.0600000000000023,0.6171627044677734,0.5567317008972168,1.0729005336761475
40,42,372,332,kl,83.22,1.5,0.37075960636138916,0.4710644483566284,0.9254525899887085
40,42,373,333,kl,83.14,-0.0799999999999983,0.5147969722747803,0.49355408549308777,0.9025908708572388
40,42,374,334,kl,82.88,-0.2600000000000051,0.44028931856155396,0.4958377778530121,1.0325552225112915
40,42,375,335,kl,82.1,-0.7800000000000011,0.6744500398635864,0.5911084413528442,1.1621614694595337
40,42,376,336,kl,83.54,1.440000000000012,0.5274546146392822,0.48649147152900696,0.8575122356414795
40,42,377,337,kl,83.82,0.2799999999999869,0.542442798614502,0.48900189995765686,0.8237287402153015
40,42,378,338,kl,82.76,-1.059999999999988,0.5510472059249878,0.4907768964767456,0.9940139055252075
40,42,379,339,kl,82.06,-0.7000000000000028,0.5999407172203064,0.5129427909851074,1.0005756616592407
40,42,380,340,kl,82.6,0.539999999999992,0.5344424247741699,0.49888119101524353,0.8673468828201294
40,42,381,341,kl,82.88,0.28000000000000114,0.36833304166793823,0.45415765047073364,0.9678724408149719
40,42,382,342,kl,83.62,0.7400000000000091,0.4277883470058441,0.44253385066986084,0.764708936214447
40,42,383,343,kl,83.54,-0.0799999999999983,0.5155242681503296,0.4979076683521271,0.9159912467002869
40,42,384,344,kl,83.36,-0.18000000000000682,0.5352640151977539,0.536832332611084,0.9432709217071533
40,42,385,345,kl,83.84,0.480000000000004,0.3594532907009125,0.4667162597179413,0.944436252117157
40,42,386,346,kl,83.78,-0.060000000000002274,0.345206618309021,0.4456409811973572,0.8346880674362183
40,42,387,347,kl,81.54,-2.239999999999995,0.5854637622833252,0.506169319152832,1.028076410293579
40,42,388,348,kl,81.86,0.3199999999999932,0.560472309589386,0.507037878036499,0.9078109264373779
40,42,389,349,kl,82.9,1.0400000000000063,0.4932795464992523,0.5094907283782959,1.0260778665542603
40,42,390,350,kl,83.44,0.539999999999992,0.5138669013977051,0.5269895792007446,1.1829761266708374
40,42,391,351,kl,82.76,-0.6799999999999926,0.40954285860061646,0.4964107871055603,1.0167540311813354
40,42,392,352,kl,83.76,1.0,0.2921994924545288,0.425974577665329,0.8089962005615234
40,42,393,353,kl,82.2,-1.5600000000000023,0.5598537921905518,0.5376349091529846,1.1594685316085815
40,42,394,354,kl,82.88,0.6799999999999926,0.47365280985832214,0.443475604057312,0.80754554271698
40,42,395,355,kl,83.64,0.7600000000000051,0.535818874835968,0.5130797028541565,0.7982951402664185
40,42,396,356,kl,83.26,-0.37999999999999545,0.5829695463180542,0.4890829920768738,0.9327191114425659
40,42,397,357,kl,83.06,-0.20000000000000284,0.5295799374580383,0.4932667911052704,0.9802466034889221
40,42,398,358,kl,81.96,-1.1000000000000085,0.4191269278526306,0.47501659393310547,0.9038791656494141
40,42,399,359,kl,82.66,0.7000000000000028,0.4008248448371887,0.471746563911438,0.9003540277481079
40,42,400,360,kl,81.44,-1.2199999999999989,0.5791320204734802,0.49927714467048645,1.001773476600647
40,42,401,361,kl,81.96,0.519999999999996,0.6622785329818726,0.6183098554611206,1.3313164710998535
40,42,402,362,kl,83.42,1.460000000000008,0.674878716468811,0.516694962978363,0.8983567357063293
40,42,403,363,kl,83.48,0.060000000000002274,0.5062814950942993,0.48703864216804504,0.8624925017356873
40,42,404,364,kl,82.28,-1.2000000000000028,0.5642855763435364,0.48448848724365234,0.8265327215194702
40,42,405,365,kl,83.34,1.0600000000000023,0.46075424551963806,0.4583723843097687,0.8877305388450623
40,42,406,366,kl,82.94,-0.4000000000000057,0.24655170738697052,0.4128904342651367,0.9661335945129395
40,42,407,367,kl,83.4,0.46000000000000796,0.48856666684150696,0.5096484422683716,0.8737370371818542
40,42,408,368,kl,82.7,-0.7000000000000028,0.674065113067627,0.5659776329994202,1.0817899703979492
40,42,409,369,kl,83.26,0.5600000000000023,0.5872132778167725,0.48751914501190186,0.9012450575828552
40,42,410,370,ce,83.62,0.35999999999999943,0.2253115028142929,0.35453441739082336,1.6668695211410522
40,42,411,371,kl,83.12,-0.5,0.5213385820388794,0.5045527219772339,0.9379627704620361
40,42,412,372,kl,83.54,0.4200000000000017,0.5502960681915283,0.48590219020843506,0.8888427019119263
40,42,413,373,kl,83.1,-0.44000000000001194,0.6734485030174255,0.6420605182647705,1.1553510427474976
40,42,414,374,kl,82.16,-0.9399999999999977,0.5425679683685303,0.563379168510437,1.0901631116867065
40,42,415,375,kl,82.86,0.7000000000000028,0.5564773678779602,0.5012354850769043,1.041560173034668
40,42,416,376,kl,82.62,-0.23999999999999488,0.40381234884262085,0.4304646849632263,1.160097599029541
40,42,417,377,kl,82.84,0.21999999999999886,0.4211823642253876,0.4570295810699463,0.7987226247787476
40,42,418,378,kl,83.08,0.23999999999999488,0.5421003699302673,0.4899654984474182,0.8710399866104126
40,42,419,379,kl,81.3,-1.7800000000000011,0.6215035915374756,0.5525237321853638,1.2088369131088257
40,42,420,380,kl,82.66,1.3599999999999994,0.45174962282180786,0.48158207535743713,0.9984368085861206
40,42,421,381,kl,83.8,1.1400000000000006,0.4825994670391083,0.44802945852279663,0.8434687852859497
40,42,422,382,kl,83.02,-0.7800000000000011,0.5206952691078186,0.5043743252754211,0.8376104831695557
40,42,423,383,kl,82.88,-0.14000000000000057,0.5137841105461121,0.4669368863105774,0.7755119800567627
40,42,424,384,kl,83.1,0.21999999999999886,0.5777581930160522,0.516027569770813,1.0413355827331543
40,42,425,385,kl,82.52,-0.5799999999999983,0.4597053527832031,0.47957679629325867,0.9995920658111572
40,42,426,386,kl,82.82,0.29999999999999716,0.6517237424850464,0.5137330889701843,0.9613998532295227
40,42,427,387,kl,81.88,-0.9399999999999977,0.6881268620491028,0.5815334916114807,0.9086338877677917
40,42,428,388,kl,84.26,2.3800000000000097,0.4880802035331726,0.48353439569473267,1.0420104265213013
40,42,429,389,kl,82.9,-1.3599999999999994,0.5829030275344849,0.5213887095451355,0.9064826369285583
40,42,430,390,kl,81.74,-1.1600000000000108,0.5588515400886536,0.5178539752960205,1.1449960470199585
40,42,431,391,kl,83.5,1.7600000000000051,0.27681607007980347,0.3818816840648651,0.8341079950332642
40,42,432,392,kl,83.04,-0.45999999999999375,0.41856759786605835,0.444672167301178,0.8789016604423523
40,42,433,393,kl,83.6,0.5599999999999881,0.40695619583129883,0.42363983392715454,0.7568098902702332
40,42,434,394,kl,83.56,-0.03999999999999204,0.3987262547016144,0.45783087611198425,1.0149444341659546
40,42,435,395,kl,83.86,0.29999999999999716,0.6377041339874268,0.5199546813964844,0.7999809384346008
40,42,436,396,kl,82.86,-1.0,0.5273963212966919,0.5217115879058838,0.9682871103286743
40,42,437,397,kl,83.3,0.4399999999999977,0.6339144706726074,0.5321314930915833,0.9766949415206909
40,42,438,398,kl,83.44,0.14000000000000057,0.587324857711792,0.5439640879631042,1.0865229368209839
40,42,439,399,kl,82.24,-1.2000000000000028,0.36793282628059387,0.42780399322509766,0.9415811896324158
40,42,440,400,kl,83.16,0.9200000000000017,0.4918087124824524,0.4722352623939514,0.8065025210380554
40,42,441,401,kl,81.22,-1.9399999999999977,0.6925212144851685,0.5938364267349243,1.3299109935760498
40,42,442,402,kl,82.6,1.3799999999999955,0.3754226267337799,0.4241918921470642,0.8495097756385803
40,42,443,403,kl,82.86,0.2600000000000051,0.6024801731109619,0.516899585723877,0.7711585164070129
40,42,444,404,kl,83.32,0.45999999999999375,0.5623801946640015,0.5160033702850342,0.8080460429191589
40,42,445,405,kl,83.02,-0.29999999999999716,0.40099191665649414,0.47208285331726074,0.9464892745018005
40,42,446,406,kl,81.96,-1.0600000000000023,0.40978217124938965,0.4869541525840759,1.127932071685791
40,42,447,407,kl,83.94,1.980000000000004,0.476412832736969,0.43796035647392273,0.8567997813224792
40,42,448,408,kl,82.12,-1.8199999999999932,0.49386078119277954,0.5125696063041687,1.1149250268936157
40,42,449,409,kl,84.0,1.8799999999999955,0.2714967727661133,0.4280931055545807,0.9147894978523254
40,42,450,410,kl,82.74,-1.2600000000000051,0.4743512272834778,0.49134841561317444,1.0868138074874878
40,42,451,411,ce,83.54,0.8000000000000114,0.1791447252035141,0.41089147329330444,1.523236870765686
40,42,452,412,kl,80.7,-2.8400000000000034,0.6323550343513489,0.5644001364707947,1.1626137495040894
40,42,453,413,kl,82.28,1.5799999999999983,0.5803830623626709,0.5234260559082031,0.9791669845581055
40,42,454,414,kl,83.64,1.3599999999999994,0.38267576694488525,0.471524178981781,0.9121879935264587
40,42,455,415,kl,81.22,-2.4200000000000017,0.5315568447113037,0.5098205804824829,1.0981470346450806
40,42,456,416,kl,83.12,1.9000000000000057,0.5934548377990723,0.4972197413444519,1.0320781469345093
40,42,457,417,kl,83.08,-0.04000000000000625,0.6285802721977234,0.5443834066390991,1.024896264076233
40,42,458,418,kl,81.9,-1.1799999999999926,0.5408758521080017,0.46764901280403137,0.8369479179382324
40,42,459,419,kl,82.1,0.19999999999998863,0.4821555018424988,0.4852789640426636,0.8824499845504761
40,42,460,420,kl,82.26,0.1600000000000108,0.565924882888794,0.4986068606376648,0.8792592883110046
40,42,461,421,kl,83.62,1.3599999999999994,0.26300668716430664,0.42101651430130005,0.7517068982124329
40,42,462,422,kl,83.48,-0.14000000000000057,0.49678143858909607,0.47253599762916565,1.0212364196777344
40,42,463,423,kl,83.42,-0.060000000000002274,0.4471202790737152,0.47809529304504395,1.0429552793502808
40,42,464,424,kl,83.46,0.03999999999999204,0.5167388319969177,0.44910985231399536,0.926823616027832
40,42,465,425,kl,82.3,-1.1599999999999966,0.5895731449127197,0.5128713250160217,1.130561351776123
40,42,466,426,kl,82.72,0.4200000000000017,0.5843056440353394,0.5183551907539368,0.8955785036087036
40,42,467,427,kl,82.36,-0.35999999999999943,0.5890215635299683,0.50829017162323,0.8972999453544617
40,42,468,428,kl,83.9,1.5400000000000063,0.48380714654922485,0.4474351108074188,0.8568751811981201
40,42,469,429,kl,82.26,-1.6400000000000006,0.45173680782318115,0.47555917501449585,0.8540551662445068
40,42,470,430,kl,83.34,1.0799999999999983,0.5401903986930847,0.5269548296928406,1.047948956489563
40,42,471,431,kl,82.38,-0.960000000000008,0.5309332609176636,0.5396305322647095,1.2100038528442383
40,42,472,432,kl,82.12,-0.2599999999999909,0.43042489886283875,0.48289695382118225,0.9280692338943481
40,42,473,433,kl,83.22,1.0999999999999943,0.42854636907577515,0.45547470450401306,0.8966531753540039
40,42,474,434,kl,83.76,0.5400000000000063,0.6158977746963501,0.4984290897846222,0.9362950325012207
40,42,475,435,kl,82.54,-1.2199999999999989,0.5863723754882812,0.5136973261833191,1.2063735723495483
40,42,476,436,kl,82.82,0.2799999999999869,0.6114760637283325,0.5056008696556091,0.8384177088737488
40,42,477,437,kl,83.16,0.3400000000000034,0.6038768291473389,0.5084518790245056,0.945267915725708
40,42,478,438,kl,83.62,0.46000000000000796,0.5503593683242798,0.5006152987480164,0.9884083271026611
40,42,479,439,kl,82.52,-1.1000000000000085,0.5737851858139038,0.5321060419082642,1.0445666313171387
40,42,480,440,kl,82.54,0.020000000000010232,0.42441290616989136,0.4625886380672455,0.9501349925994873
40,42,481,441,kl,82.34,-0.20000000000000284,0.5021737813949585,0.48709002137184143,0.9057260155677795
40,42,482,442,kl,82.04,-0.29999999999999716,0.5824747085571289,0.5118319988250732,1.0607270002365112
40,42,483,443,kl,84.06,2.019999999999996,0.502601683139801,0.474610298871994,1.0793678760528564
40,42,484,444,kl,83.74,-0.3200000000000074,0.6373764276504517,0.527477502822876,0.9219197630882263
40,42,485,445,kl,82.68,-1.059999999999988,0.5247256755828857,0.4661368727684021,0.7532608509063721
40,42,486,446,kl,83.18,0.5,0.47891417145729065,0.472164511680603,0.8322999477386475
40,42,487,447,kl,83.5,0.3199999999999932,0.4904178977012634,0.4865797460079193,0.9050962924957275
40,42,488,448,kl,83.22,-0.28000000000000114,0.3736451268196106,0.4743437170982361,0.89944988489151
40,42,489,449,kl,82.32,-0.9000000000000057,0.5731127858161926,0.5029356479644775,0.9936766624450684
40,42,490,450,kl,82.92,0.6000000000000085,0.6436355113983154,0.567940890789032,1.1202737092971802
40,42,491,451,kl,82.84,-0.0799999999999983,0.44317740201950073,0.4588237702846527,0.8568447828292847
40,42,492,452,ce,83.42,0.5799999999999983,0.2582951784133911,0.38188061118125916,1.6813186407089233
40,42,493,453,kl,82.46,-0.960000000000008,0.6136209964752197,0.5037404298782349,1.1511030197143555
40,42,494,454,kl,82.64,0.18000000000000682,0.5905276536941528,0.49799108505249023,0.979642927646637
40,42,495,455,kl,83.38,0.7399999999999949,0.3519909381866455,0.43353205919265747,0.8442882895469666
40,42,496,456,kl,82.96,-0.4200000000000017,0.5709034204483032,0.4897348880767822,0.7859698534011841
40,42,497,457,kl,82.1,-0.8599999999999994,0.5169387459754944,0.5176299214363098,1.003464698791504
40,42,498,458,kl,83.94,1.8400000000000034,0.6830356121063232,0.6296063661575317,1.2648258209228516
40,42,499,459,kl,82.46,-1.480000000000004,0.4626474380493164,0.4498496949672699,0.7127042412757874
40,42,500,460,kl,84.06,1.6000000000000085,0.46088215708732605,0.45988747477531433,0.771786630153656
40,42,501,461,kl,83.28,-0.7800000000000011,0.52810138463974,0.4539998471736908,0.8393353223800659
40,42,502,462,kl,83.06,-0.21999999999999886,0.509909451007843,0.4631893038749695,0.8526228666305542
40,42,503,463,kl,83.58,0.519999999999996,0.34466978907585144,0.4350874722003937,0.9005368947982788
40,42,504,464,kl,82.84,-0.7399999999999949,0.4202721416950226,0.4642021954059601,0.78104567527771
40,42,505,465,kl,84.0,1.1599999999999966,0.580640435218811,0.5203220248222351,0.8493966460227966
40,42,506,466,kl,82.72,-1.2800000000000011,0.4719560146331787,0.4742166996002197,0.9165078997612
40,42,507,467,kl,82.78,0.060000000000002274,0.496584415435791,0.4620862603187561,1.0921452045440674
40,42,508,468,kl,83.26,0.480000000000004,0.501995325088501,0.4842532277107239,0.9686023592948914
40,42,509,469,kl,82.7,-0.5600000000000023,0.46210163831710815,0.45743870735168457,1.05343496799469
40,42,510,470,kl,83.1,0.3999999999999915,0.4669909179210663,0.48316720128059387,0.9586151838302612
40,42,511,471,kl,83.72,0.6200000000000045,0.49744006991386414,0.47836747765541077,1.005392074584961
40,42,512,472,kl,83.74,0.01999999999999602,0.4121868908405304,0.42475971579551697,0.9191035628318787
40,42,513,473,kl,81.64,-2.0999999999999943,0.5377898216247559,0.47919467091560364,0.8077414035797119
40,42,514,474,kl,83.98,2.3400000000000034,0.5498725175857544,0.47692182660102844,0.8219196796417236
40,42,515,475,kl,83.56,-0.4200000000000017,0.6093663573265076,0.5127907991409302,0.9445320963859558
40,42,516,476,kl,83.04,-0.519999999999996,0.5637553334236145,0.4810485541820526,0.9279016256332397
40,42,517,477,kl,82.52,-0.5200000000000102,0.5725719332695007,0.47799232602119446,0.9837385416030884
40,42,518,478,kl,82.76,0.2400000000000091,0.6659868955612183,0.5423938632011414,1.09176766872406
40,42,519,479,kl,83.58,0.8199999999999932,0.5096309781074524,0.4933290481567383,0.8225889205932617
40,42,520,480,kl,82.92,-0.6599999999999966,0.3693740963935852,0.4568350613117218,0.8896223306655884
40,42,521,481,kl,82.96,0.03999999999999204,0.31173574924468994,0.4306090176105499,0.7727300524711609
40,42,522,482,kl,81.72,-1.2399999999999949,0.6070488691329956,0.4831879734992981,0.928032636642456
40,42,523,483,kl,82.28,0.5600000000000023,0.612982451915741,0.5799685716629028,1.1190516948699951
40,42,524,484,kl,83.46,1.1799999999999926,0.4331883490085602,0.4670906364917755,0.8679996728897095
40,42,525,485,kl,83.22,-0.23999999999999488,0.5329036712646484,0.49770161509513855,0.9161696434020996
40,42,526,486,kl,83.66,0.4399999999999977,0.5118081569671631,0.48732990026474,0.765547513961792
40,42,527,487,kl,82.5,-1.1599999999999966,0.37476876378059387,0.44715970754623413,0.8868499994277954
40,42,528,488,kl,82.72,0.21999999999999886,0.5530900359153748,0.543451726436615,1.0919950008392334
40,42,529,489,kl,82.5,-0.21999999999999886,0.6666790843009949,0.507938802242279,0.9091390371322632
40,42,530,490,kl,83.3,0.7999999999999972,0.5550395250320435,0.5461151003837585,1.1697642803192139
40,42,531,491,kl,81.78,-1.519999999999996,0.6935672163963318,0.6269980072975159,1.2417988777160645
40,42,532,492,kl,83.5,1.7199999999999989,0.595686137676239,0.514473021030426,0.949501097202301
40,42,533,493,ce,83.14,-0.35999999999999943,0.19558990001678467,0.3435501456260681,1.5276577472686768
40,42,534,494,kl,82.36,-0.7800000000000011,0.3244435787200928,0.45953455567359924,0.9421082139015198
40,42,535,495,kl,82.58,0.21999999999999886,0.40353187918663025,0.4568904936313629,0.7509394884109497
40,42,536,496,kl,82.66,0.0799999999999983,0.5479138493537903,0.5121476650238037,1.0339908599853516
40,42,537,497,kl,83.88,1.2199999999999989,0.5158718824386597,0.4938988983631134,0.8938305377960205
40,42,538,498,kl,84.04,0.1600000000000108,0.547256350517273,0.5212658047676086,0.9379274845123291
40,42,539,499,kl,82.26,-1.7800000000000011,0.4975947141647339,0.4866035580635071,0.9678410887718201
40,42,540,500,kl,81.94,-0.3200000000000074,0.6255654096603394,0.5405022501945496,1.1464332342147827
40,42,541,501,kl,83.48,1.5400000000000063,0.5864865779876709,0.49742743372917175,0.735430121421814
40,42,542,502,kl,82.16,-1.3200000000000074,0.4369576573371887,0.4906781315803528,0.9218817353248596
40,42,543,503,kl,83.06,0.9000000000000057,0.3948385715484619,0.437287300825119,0.8995271921157837
40,42,544,504,kl,82.08,-0.980000000000004,0.6859490871429443,0.5635230541229248,1.0368857383728027
40,42,545,505,kl,83.06,0.980000000000004,0.6271725296974182,0.4950718581676483,0.8760085701942444
40,42,546,506,kl,83.42,0.35999999999999943,0.5078098773956299,0.5011320114135742,0.8498323559761047
40,42,547,507,kl,81.96,-1.460000000000008,0.624381422996521,0.5469455718994141,1.0705714225769043
40,42,548,508,kl,82.46,0.5,0.6005236506462097,0.5473898649215698,0.9602068066596985
40,42,549,509,kl,83.04,0.5800000000000125,0.4767541289329529,0.48762449622154236,0.9826372265815735
40,42,550,510,kl,82.28,-0.7600000000000051,0.42542704939842224,0.47046077251434326,0.8770147562026978
40,42,551,511,kl,83.04,0.7600000000000051,0.6173432469367981,0.551478922367096,1.0756796598434448
40,42,552,512,kl,84.12,1.0799999999999983,0.5551965236663818,0.5199122428894043,1.1030113697052002
40,42,553,513,kl,83.88,-0.2400000000000091,0.3633280396461487,0.45021602511405945,0.7268392443656921
40,42,554,514,kl,83.0,-0.8799999999999955,0.4474307894706726,0.4680090546607971,0.9019374847412109
40,42,555,515,kl,83.02,0.01999999999999602,0.6138095855712891,0.5232730507850647,0.9819028377532959
40,42,556,516,kl,83.34,0.3200000000000074,0.4588814973831177,0.5159067511558533,0.9420709609985352
40,42,557,517,kl,82.4,-0.9399999999999977,0.3163240849971771,0.4416355490684509,0.8361162543296814
40,42,558,518,kl,82.54,0.14000000000000057,0.415108859539032,0.4708916246891022,0.8860656023025513
40,42,559,519,kl,84.24,1.6999999999999886,0.5808842182159424,0.509728193283081,0.8988599181175232
40,42,560,520,kl,83.08,-1.1599999999999966,0.5993564128875732,0.5474746823310852,1.0123662948608398
40,42,561,521,kl,82.6,-0.480000000000004,0.6157514452934265,0.542586088180542,0.9589405059814453
40,42,562,522,kl,81.56,-1.039999999999992,0.3398861587047577,0.4470134973526001,0.9354718327522278
40,42,563,523,kl,82.48,0.9200000000000017,0.501156210899353,0.4630286395549774,0.8982013463973999
40,42,564,524,kl,82.94,0.45999999999999375,0.43412336707115173,0.4810802638530731,0.9225046634674072
40,42,565,525,kl,82.74,-0.20000000000000284,0.5613529682159424,0.4998151659965515,0.948079526424408
40,42,566,526,kl,82.1,-0.6400000000000006,0.47280940413475037,0.4878056049346924,0.988630473613739
40,42,567,527,kl,83.12,1.0200000000000102,0.5970792770385742,0.5403003096580505,1.242663860321045
40,42,568,528,kl,82.32,-0.8000000000000114,0.4323662221431732,0.4773482382297516,1.0127477645874023
40,42,569,529,kl,84.06,1.740000000000009,0.5352126359939575,0.47711971402168274,0.8863750696182251
40,42,570,530,kl,84.22,0.1599999999999966,0.4447009563446045,0.46381545066833496,0.8210245370864868
40,42,571,531,kl,83.48,-0.7399999999999949,0.5072826743125916,0.5028253197669983,0.9210444688796997
40,42,572,532,kl,80.24,-3.240000000000009,0.6456773281097412,0.575147271156311,1.1423074007034302
40,42,573,533,kl,82.08,1.8400000000000034,0.42809081077575684,0.4640960991382599,0.9979079961776733
40,42,574,534,ce,83.88,1.7999999999999972,0.17425313591957092,0.3693961501121521,1.6926443576812744
40,42,575,535,kl,83.02,-0.8599999999999994,0.6526429653167725,0.5929231643676758,1.10757577419281
40,42,576,536,kl,83.4,0.38000000000000966,0.476489394903183,0.44018152356147766,0.93956458568573
40,42,577,537,kl,82.98,-0.4200000000000017,0.5682783126831055,0.5264437794685364,0.9146645069122314
40,42,578,538,kl,83.44,0.45999999999999375,0.5235354900360107,0.48349693417549133,0.8910280466079712
40,42,579,539,kl,83.86,0.4200000000000017,0.6235833764076233,0.5198901295661926,0.8908577561378479
40,42,580,540,kl,81.08,-2.780000000000001,0.37110280990600586,0.5049411654472351,1.1238441467285156
40,42,581,541,kl,82.48,1.4000000000000057,0.49370771646499634,0.5008434653282166,0.9431105852127075
40,42,582,542,kl,83.96,1.4799999999999898,0.4201180636882782,0.47082871198654175,0.7255652546882629
40,42,583,543,kl,81.58,-2.3799999999999955,0.6082792282104492,0.5313688516616821,0.9780077338218689
40,42,584,544,kl,83.26,1.6800000000000068,0.5980050563812256,0.5228927731513977,1.0535252094268799
40,42,585,545,kl,82.54,-0.7199999999999989,0.3926762342453003,0.47813108563423157,0.8557965755462646
40,42,586,546,kl,80.68,-1.8599999999999994,0.6136618852615356,0.5272583961486816,1.0084751844406128
40,42,587,547,kl,84.32,3.6399999999999864,0.633432924747467,0.5423641800880432,1.0106353759765625
40,42,588,548,kl,84.08,-0.23999999999999488,0.47167783975601196,0.467023640871048,0.7555291056632996
40,42,589,549,kl,84.3,0.21999999999999886,0.4761344790458679,0.4686480760574341,0.7138040065765381
40,42,590,550,kl,83.94,-0.35999999999999943,0.45019686222076416,0.4599537253379822,0.8793264627456665
40,42,591,551,kl,82.98,-0.9599999999999937,0.5966622829437256,0.5114118456840515,1.2003154754638672
40,42,592,552,kl,82.22,-0.7600000000000051,0.6691294312477112,0.5230540633201599,0.9012910723686218
40,42,593,553,kl,82.68,0.46000000000000796,0.5879850387573242,0.4951687455177307,0.962063193321228
40,42,594,554,kl,83.08,0.3999999999999915,0.4642198085784912,0.4554467797279358,0.827950119972229
40,42,595,555,kl,82.8,-0.28000000000000114,0.5289163589477539,0.49003395438194275,0.9346374273300171
40,42,596,556,kl,83.18,0.38000000000000966,0.5649353861808777,0.5011783838272095,0.9646428227424622
40,42,597,557,kl,82.54,-0.6400000000000006,0.616165280342102,0.5644392371177673,1.0160382986068726
40,42,598,558,kl,82.72,0.1799999999999926,0.483366996049881,0.47877761721611023,0.8942331075668335
40,42,599,559,kl,83.24,0.519999999999996,0.6055804491043091,0.50767582654953,0.9192990660667419
40,42,600,560,kl,84.06,0.8200000000000074,0.48478978872299194,0.4659383296966553,0.8318912386894226
40,42,601,561,kl,83.42,-0.6400000000000006,0.508169412612915,0.44592610001564026,0.9033746123313904
40,42,602,562,kl,83.86,0.4399999999999977,0.5171414613723755,0.4604443311691284,0.9285264015197754
40,42,603,563,kl,84.0,0.14000000000000057,0.4623531103134155,0.4709114134311676,0.9786764979362488
40,42,604,564,kl,81.26,-2.739999999999995,0.629167914390564,0.5579941868782043,1.101578712463379
40,42,605,565,kl,82.94,1.6799999999999926,0.5907770395278931,0.5061712861061096,1.0532946586608887
40,42,606,566,kl,82.52,-0.4200000000000017,0.5238745212554932,0.5186002850532532,1.0410276651382446
40,42,607,567,kl,82.8,0.28000000000000114,0.5580859780311584,0.5100838541984558,0.8723953366279602
40,42,608,568,kl,82.42,-0.37999999999999545,0.4117319881916046,0.4342125952243805,1.0872256755828857
40,42,609,569,kl,83.42,1.0,0.4401205778121948,0.4458155930042267,0.8617264628410339
40,42,610,570,kl,82.7,-0.7199999999999989,0.41214418411254883,0.48539087176322937,1.0905823707580566
40,42,611,571,kl,83.08,0.37999999999999545,0.5820487141609192,0.5085409283638,0.9737909436225891
40,42,612,572,kl,82.58,-0.5,0.5619539022445679,0.5248380899429321,1.0773742198944092
40,42,613,573,kl,82.34,-0.23999999999999488,0.5530048608779907,0.5098655223846436,0.9084650874137878
40,42,614,574,kl,83.38,1.039999999999992,0.5644933581352234,0.5133987069129944,0.9939812421798706
40,42,615,575,ce,83.52,0.14000000000000057,0.20594128966331482,0.36430931091308594,1.4711811542510986
40,42,616,576,kl,82.06,-1.4599999999999937,0.6381943225860596,0.5465278625488281,1.1397507190704346
40,42,617,577,kl,81.58,-0.480000000000004,0.47459912300109863,0.5007387399673462,1.0238741636276245
40,42,618,578,kl,83.48,1.9000000000000057,0.5245859622955322,0.48932212591171265,0.8963398337364197
40,42,619,579,kl,83.2,-0.28000000000000114,0.4565754532814026,0.46103814244270325,1.0344696044921875
40,42,620,580,kl,83.32,0.11999999999999034,0.46684494614601135,0.46272537112236023,0.8301011919975281
40,42,621,581,kl,83.68,0.36000000000001364,0.5426317453384399,0.49770480394363403,0.9786975979804993
40,42,622,582,kl,83.24,-0.44000000000001194,0.3919062614440918,0.4460791349411011,1.0115160942077637
40,42,623,583,kl,84.56,1.3200000000000074,0.45127278566360474,0.45124131441116333,0.8985936045646667
40,42,624,584,kl,83.66,-0.9000000000000057,0.48023658990859985,0.5378983020782471,1.1880812644958496
40,42,625,585,kl,81.52,-2.1400000000000006,0.6504834890365601,0.5532048344612122,0.8592666387557983
40,42,626,586,kl,82.44,0.9200000000000017,0.3809031546115875,0.46359509229660034,0.8730459809303284
40,42,627,587,kl,81.7,-0.7399999999999949,0.637215256690979,0.5714802742004395,0.978313684463501
40,42,628,588,kl,84.26,2.5600000000000023,0.3945452570915222,0.40939947962760925,0.7104319334030151
40,42,629,589,kl,82.26,-2.0,0.6561992168426514,0.5434423089027405,0.9620338082313538
40,42,630,590,kl,80.36,-1.9000000000000057,0.5504578351974487,0.5441907048225403,1.0794588327407837
40,42,631,591,kl,83.9,3.5400000000000063,0.34799301624298096,0.44722604751586914,0.8459951281547546
40,42,632,592,kl,83.2,-0.7000000000000028,0.5992347002029419,0.51325523853302,0.9540266394615173
40,42,633,593,kl,83.62,0.4200000000000017,0.4994589686393738,0.4729190468788147,0.7041448354721069
40,42,634,594,kl,84.04,0.4200000000000017,0.3713090419769287,0.4226677119731903,0.8053299188613892
40,42,635,595,kl,82.98,-1.0600000000000023,0.5740597248077393,0.5251188278198242,1.0189265012741089
40,42,636,596,kl,83.48,0.5,0.4222105145454407,0.461504191160202,0.8027822375297546
40,42,637,597,kl,82.86,-0.6200000000000045,0.488988995552063,0.4846377670764923,0.8080501556396484
40,42,638,598,kl,82.16,-0.7000000000000028,0.5871572494506836,0.510720431804657,0.9580408334732056
40,42,639,599,kl,83.9,1.740000000000009,0.32551121711730957,0.4231012761592865,0.8523595929145813
40,42,640,600,kl,83.3,-0.6000000000000085,0.5327985286712646,0.4877144396305084,0.8909650444984436
40,42,641,601,kl,81.9,-1.3999999999999915,0.49247658252716064,0.5239509344100952,1.125319242477417
40,42,642,602,kl,82.8,0.8999999999999915,0.5488704442977905,0.5420172810554504,1.017829418182373
40,42,643,603,kl,82.96,0.1599999999999966,0.3248039484024048,0.43473541736602783,1.0741437673568726
40,42,644,604,kl,83.08,0.12000000000000455,0.5044826865196228,0.47727537155151367,0.8592437505722046
40,42,645,605,kl,83.34,0.2600000000000051,0.41540592908859253,0.41929879784584045,0.8373034596443176
40,42,646,606,kl,81.22,-2.1200000000000045,0.5166139602661133,0.49939996004104614,1.0502876043319702
40,42,647,607,kl,83.8,2.5799999999999983,0.5451695919036865,0.5462542176246643,1.0499904155731201
40,42,648,608,kl,82.3,-1.5,0.4952293634414673,0.5169712901115417,1.0091344118118286
40,42,649,609,kl,82.68,0.38000000000000966,0.5370157957077026,0.4818546175956726,0.7789679169654846
40,42,650,610,kl,83.24,0.5599999999999881,0.5782070755958557,0.4952031672000885,0.9717394113540649
40,42,651,611,kl,83.5,0.2600000000000051,0.4290272891521454,0.43346017599105835,0.7262555360794067
40,42,652,612,kl,83.28,-0.21999999999999886,0.6375557780265808,0.5378145575523376,1.0365278720855713
40,42,653,613,kl,83.34,0.060000000000002274,0.532065212726593,0.4832809269428253,0.8366636037826538
40,42,654,614,kl,83.46,0.11999999999999034,0.6514301300048828,0.5368623733520508,1.0081048011779785
40,42,655,615,kl,82.7,-0.7599999999999909,0.48070746660232544,0.48498326539993286,1.1220263242721558
40,42,656,616,ce,82.62,-0.0799999999999983,0.26964035630226135,0.4123897850513458,1.8271287679672241
40,42,657,617,kl,78.1,-4.52000000000001,0.7020114660263062,0.7008174061775208,1.4203547239303589
40,42,658,618,kl,83.08,4.980000000000004,0.41820797324180603,0.4672674536705017,0.8990745544433594
40,42,659,619,kl,81.72,-1.3599999999999994,0.6613651514053345,0.5775462985038757,1.18504798412323
40,42,660,620,kl,82.58,0.8599999999999994,0.546904981136322,0.5087874531745911,0.9927704334259033
40,42,661,621,kl,81.78,-0.7999999999999972,0.56500244140625,0.5353378057479858,0.9429447650909424
40,42,662,622,kl,82.78,1.0,0.3953534960746765,0.45528674125671387,1.0739693641662598
40,42,663,623,kl,83.48,0.7000000000000028,0.45119011402130127,0.4551474153995514,0.8125542998313904
40,42,664,624,kl,83.08,-0.4000000000000057,0.4318917691707611,0.48509493470191956,0.9188531637191772
40,42,665,625,kl,83.12,0.04000000000000625,0.6802235841751099,0.5744221806526184,0.9361398816108704
40,42,666,626,kl,81.56,-1.5600000000000023,0.7082375288009644,0.6290222406387329,1.3124735355377197
40,42,667,627,kl,82.78,1.2199999999999989,0.37705105543136597,0.4205043911933899,0.8898758888244629
40,42,668,628,kl,83.4,0.6200000000000045,0.42913198471069336,0.41792264580726624,0.8728598952293396
40,42,669,629,kl,81.84,-1.5600000000000023,0.6554667949676514,0.5602967143058777,1.0902206897735596
40,42,670,630,kl,82.96,1.1199999999999903,0.5416853427886963,0.5370438694953918,1.0288763046264648
40,42,671,631,kl,81.7,-1.259999999999991,0.47305601835250854,0.47872430086135864,0.8948116898536682
40,42,672,632,kl,83.6,1.8999999999999915,0.49391669034957886,0.466794490814209,0.9438939690589905
40,42,673,633,kl,83.16,-0.4399999999999977,0.496003121137619,0.48577046394348145,0.9832108616828918
40,42,674,634,kl,83.18,0.020000000000010232,0.4955630302429199,0.45044776797294617,0.8255407810211182
40,42,675,635,kl,82.72,-0.46000000000000796,0.5016729235649109,0.497918963432312,0.8275079131126404
40,42,676,636,kl,81.96,-0.7600000000000051,0.5530678033828735,0.5740746855735779,1.050886631011963
40,42,677,637,kl,83.14,1.1800000000000068,0.47762203216552734,0.47732263803482056,0.8735784292221069
40,42,678,638,kl,82.02,-1.1200000000000045,0.5499388575553894,0.539475679397583,1.105202555656433
40,42,679,639,kl,82.68,0.6600000000000108,0.549704372882843,0.5096179842948914,0.8983604907989502
40,42,680,640,kl,82.22,-0.46000000000000796,0.4773600697517395,0.4808512032032013,0.9111945033073425
40,42,681,641,kl,82.18,-0.03999999999999204,0.44293412566185,0.48379069566726685,0.869465172290802
40,42,682,642,kl,82.82,0.6399999999999864,0.6396867632865906,0.5463496446609497,0.9368647933006287
40,42,683,643,kl,80.96,-1.8599999999999994,0.6403082609176636,0.5483375787734985,1.1377109289169312
40,42,684,644,kl,82.06,1.1000000000000085,0.6029312014579773,0.5276793241500854,1.1240267753601074
40,42,685,645,kl,82.9,0.8400000000000034,0.5173550248146057,0.48833122849464417,0.95879727602005
40,42,686,646,kl,83.6,0.6999999999999886,0.2620895802974701,0.42779192328453064,0.9201348423957825
40,42,687,647,kl,81.22,-2.3799999999999955,0.6677412986755371,0.5833585262298584,1.2623591423034668
40,42,688,648,kl,83.3,2.0799999999999983,0.5425245761871338,0.5060072541236877,0.9197238087654114
40,42,689,649,kl,82.9,-0.3999999999999915,0.36961641907691956,0.4549497961997986,0.8477532863616943
40,42,690,650,kl,83.24,0.3399999999999892,0.3423304855823517,0.41599929332733154,0.896254301071167
40,42,691,651,kl,83.22,-0.01999999999999602,0.6426255106925964,0.5098097920417786,0.9605066180229187
40,42,692,652,kl,83.92,0.7000000000000028,0.6324530839920044,0.5523754358291626,1.0541069507598877
40,42,693,653,kl,82.96,-0.960000000000008,0.49614417552948,0.4925573468208313,0.8918348550796509
40,42,694,654,kl,83.72,0.7600000000000051,0.3953790068626404,0.45961958169937134,0.8962966203689575
40,42,695,655,kl,82.8,-0.9200000000000017,0.4509100914001465,0.4790158271789551,0.9609318375587463
40,42,696,656,kl,82.36,-0.4399999999999977,0.5546150803565979,0.4956558048725128,0.8867034316062927
40,42,697,657,ce,83.02,0.6599999999999966,0.2184244841337204,0.3651074171066284,1.7155284881591797
40,42,698,658,kl,81.48,-1.539999999999992,0.6330406069755554,0.542803168296814,1.048311710357666
40,42,699,659,kl,82.42,0.9399999999999977,0.4909433126449585,0.5037041902542114,1.0499974489212036
40,42,700,660,kl,82.74,0.3199999999999932,0.4161575436592102,0.49979424476623535,0.9528359770774841
40,42,701,661,kl,82.98,0.2400000000000091,0.48690658807754517,0.4982794523239136,0.9403501749038696
40,42,702,662,kl,82.14,-0.8400000000000034,0.6883820295333862,0.5465225577354431,1.094508171081543
40,42,703,663,kl,83.6,1.4599999999999937,0.5342732071876526,0.5006674528121948,0.8024384379386902
40,42,704,664,kl,84.04,0.44000000000001194,0.45507317781448364,0.4593864977359772,0.9520222544670105
40,42,705,665,kl,82.6,-1.440000000000012,0.5721379518508911,0.5388953685760498,1.05391526222229
40,42,706,666,kl,83.66,1.0600000000000023,0.46449095010757446,0.4522176682949066,0.844455897808075
40,42,707,667,kl,84.24,0.5799999999999983,0.4205378592014313,0.46293267607688904,0.7754770517349243
40,42,708,668,kl,83.6,-0.6400000000000006,0.3425200879573822,0.45567506551742554,0.9475398063659668
40,42,709,669,kl,82.72,-0.8799999999999955,0.4704269468784332,0.46381497383117676,0.7535561919212341
40,42,710,670,kl,83.04,0.3200000000000074,0.637252151966095,0.531914234161377,0.8682578206062317
40,42,711,671,kl,82.18,-0.8599999999999994,0.49516698718070984,0.5021860003471375,1.059738278388977
40,42,712,672,kl,82.28,0.09999999999999432,0.550261378288269,0.5359683036804199,0.9034507274627686
40,42,713,673,kl,84.52,2.239999999999995,0.4637854993343353,0.48187825083732605,0.7661288976669312
40,42,714,674,kl,82.3,-2.219999999999999,0.5434658527374268,0.5040812492370605,1.0372931957244873
40,42,715,675,kl,82.34,0.04000000000000625,0.4585473835468292,0.5073404312133789,0.8977000117301941
40,42,716,676,kl,83.08,0.7399999999999949,0.5209664106369019,0.49061113595962524,0.8555493354797363
40,42,717,677,kl,84.08,1.0,0.566207230091095,0.4784139394760132,0.7581578493118286
40,42,718,678,kl,84.16,0.0799999999999983,0.39929401874542236,0.45508912205696106,0.8019875884056091
40,42,719,679,kl,82.82,-1.3400000000000034,0.3541729152202606,0.4462566077709198,1.1095378398895264
40,42,720,680,kl,82.56,-0.2599999999999909,0.5977215766906738,0.533453106880188,0.9364635348320007
40,42,721,681,kl,82.44,-0.12000000000000455,0.47912389039993286,0.4313558042049408,0.8452528715133667
40,42,722,682,kl,83.66,1.2199999999999989,0.33703306317329407,0.4560970366001129,0.9226679801940918
40,42,723,683,kl,81.74,-1.9200000000000017,0.5963422656059265,0.5355076193809509,0.9295801520347595
40,42,724,684,kl,82.28,0.5400000000000063,0.5559948682785034,0.4984090030193329,1.0373327732086182
40,42,725,685,kl,82.58,0.29999999999999716,0.49949219822883606,0.5110760927200317,1.0516974925994873
40,42,726,686,kl,78.66,-3.9200000000000017,0.5781220197677612,0.5245928764343262,0.9764881730079651
40,42,727,687,kl,82.52,3.8599999999999994,0.5646976232528687,0.4791291654109955,0.8569285273551941
40,42,728,688,kl,82.74,0.21999999999999886,0.5647667050361633,0.5045427083969116,0.8591477274894714
40,42,729,689,kl,83.68,0.9400000000000119,0.4039147198200226,0.45865580439567566,0.9643826484680176
40,42,730,690,kl,83.42,-0.2600000000000051,0.44901785254478455,0.4343167543411255,0.8295647501945496
40,42,731,691,kl,83.16,-0.2600000000000051,0.5157318711280823,0.4740447700023651,0.8277993202209473
40,42,732,692,kl,82.62,-0.539999999999992,0.5757297873497009,0.5524949431419373,1.1647392511367798
40,42,733,693,kl,84.0,1.3799999999999955,0.4568644165992737,0.45568251609802246,0.8831461071968079
40,42,734,694,kl,83.46,-0.5400000000000063,0.40549594163894653,0.431926429271698,0.850717306137085
40,42,735,695,kl,83.96,0.5,0.5327823162078857,0.4613957405090332,0.864704966545105
40,42,736,696,kl,83.86,-0.09999999999999432,0.5883616209030151,0.4973438084125519,0.9861790537834167
40,42,737,697,kl,82.94,-0.9200000000000017,0.56498783826828,0.5074049830436707,0.9363324642181396
40,42,738,698,ce,82.62,-0.3199999999999932,0.2563987076282501,0.36939582228660583,1.7638561725616455
40,42,739,699,kl,82.98,0.35999999999999943,0.4284752607345581,0.4340209364891052,0.8375236392021179
40,42,740,700,kl,83.22,0.23999999999999488,0.5758119821548462,0.4999898374080658,0.9489358067512512
40,42,741,701,kl,82.94,-0.28000000000000114,0.5284466743469238,0.4769483506679535,0.9551482796669006
40,42,742,702,kl,83.12,0.18000000000000682,0.6194197535514832,0.5673428177833557,1.0043569803237915
40,42,743,703,kl,82.12,-1.0,0.5014842748641968,0.48369941115379333,1.0565558671951294
40,42,744,704,kl,82.98,0.8599999999999994,0.52112877368927,0.48547646403312683,0.7094159722328186
40,42,745,705,kl,83.28,0.29999999999999716,0.6567405462265015,0.5387481451034546,1.1739680767059326
40,42,746,706,kl,82.26,-1.019999999999996,0.6981874704360962,0.5314881801605225,1.069060206413269
40,42,747,707,kl,83.14,0.8799999999999955,0.604045033454895,0.518164336681366,0.9989176392555237
40,42,748,708,kl,83.16,0.01999999999999602,0.45125341415405273,0.4412681460380554,0.7079265117645264
40,42,749,709,kl,84.1,0.9399999999999977,0.5536600947380066,0.49721023440361023,0.822197437286377
40,42,750,710,kl,83.76,-0.3399999999999892,0.40846091508865356,0.4822598695755005,1.2216987609863281
40,42,751,711,kl,82.32,-1.440000000000012,0.526665449142456,0.5265631079673767,1.1972109079360962
40,42,752,712,kl,82.82,0.5,0.47631368041038513,0.4900623857975006,0.8622771501541138
40,42,753,713,kl,83.5,0.6800000000000068,0.5395027995109558,0.48725125193595886,0.8792253732681274
40,42,754,714,kl,82.64,-0.8599999999999994,0.5193823575973511,0.5115218162536621,0.8949248790740967
40,42,755,715,kl,83.24,0.5999999999999943,0.6739289164543152,0.5544895529747009,1.0127850770950317
40,42,756,716,kl,84.16,0.9200000000000017,0.5800074338912964,0.5098577737808228,1.1148841381072998
40,42,757,717,kl,82.22,-1.9399999999999977,0.6199325919151306,0.5289649963378906,1.0040148496627808
40,42,758,718,kl,83.44,1.2199999999999989,0.39311346411705017,0.45732760429382324,0.7958502769470215
40,42,759,719,kl,82.66,-0.7800000000000011,0.645132303237915,0.520412027835846,0.9745659232139587
40,42,760,720,kl,83.3,0.6400000000000006,0.3097134828567505,0.459041953086853,0.8817689418792725
40,42,761,721,kl,82.74,-0.5600000000000023,0.5066322684288025,0.5351047515869141,0.992695152759552
40,42,762,722,kl,82.96,0.21999999999999886,0.3639136254787445,0.4468522071838379,1.0336486101150513
40,42,763,723,kl,83.6,0.6400000000000006,0.4534386694431305,0.4722781479358673,0.9582024216651917
40,42,764,724,kl,81.98,-1.6199999999999903,0.5270446538925171,0.5209087133407593,1.0979650020599365
40,42,765,725,kl,83.52,1.539999999999992,0.5740861892700195,0.5182876586914062,1.0734775066375732
40,42,766,726,kl,82.58,-0.9399999999999977,0.5676133632659912,0.5140857100486755,1.0739502906799316
40,42,767,727,kl,81.12,-1.4599999999999937,0.6218264698982239,0.5468036532402039,1.2800863981246948
40,42,768,728,kl,84.3,3.1799999999999926,0.4955426752567291,0.46062254905700684,0.8842955231666565
40,42,769,729,kl,83.54,-0.7599999999999909,0.45837879180908203,0.47366979718208313,0.9532472491264343
40,42,770,730,kl,83.08,-0.46000000000000796,0.5206814408302307,0.47694405913352966,0.9436272382736206
40,42,771,731,kl,83.04,-0.03999999999999204,0.45535868406295776,0.4911380410194397,1.060602068901062
40,42,772,732,kl,82.48,-0.5600000000000023,0.33347803354263306,0.4365156888961792,0.8416599035263062
40,42,773,733,kl,82.74,0.2599999999999909,0.4035760462284088,0.46418991684913635,1.0592842102050781
40,42,774,734,kl,83.68,0.9400000000000119,0.501399040222168,0.49889740347862244,1.0606838464736938
40,42,775,735,kl,82.22,-1.460000000000008,0.4475635290145874,0.5004674792289734,1.1272902488708496
40,42,776,736,kl,82.26,0.04000000000000625,0.6343015432357788,0.5499773621559143,1.1045877933502197
40,42,777,737,kl,83.14,0.8799999999999955,0.6505258083343506,0.5309504866600037,1.1541047096252441
40,42,778,738,kl,83.76,0.6200000000000045,0.5737629532814026,0.5430432558059692,0.9735482931137085
40,42,779,739,ce,82.84,-0.9200000000000017,0.3698704242706299,0.43453994393348694,1.8163001537322998
40,42,780,740,kl,82.14,-0.7000000000000028,0.5002854466438293,0.5219948887825012,0.9534557461738586
40,42,781,741,kl,82.1,-0.04000000000000625,0.5744847655296326,0.5271170735359192,1.0699743032455444
40,42,782,742,kl,81.36,-0.7399999999999949,0.5412579774856567,0.5157868266105652,0.8870271444320679
40,42,783,743,kl,82.28,0.9200000000000017,0.485759437084198,0.5161924958229065,1.1484463214874268
40,42,784,744,kl,82.86,0.5799999999999983,0.46142256259918213,0.49488702416419983,0.944732129573822
40,42,785,745,kl,83.66,0.7999999999999972,0.5936151146888733,0.4989118278026581,0.9297067523002625
40,42,786,746,kl,80.9,-2.759999999999991,0.3238191604614258,0.4498595595359802,1.0472534894943237
40,42,787,747,kl,83.2,2.299999999999997,0.6257803440093994,0.49948978424072266,0.9472273588180542
40,42,788,748,kl,82.72,-0.480000000000004,0.27603599429130554,0.428974986076355,0.8016814589500427
40,42,789,749,kl,83.42,0.7000000000000028,0.40836262702941895,0.45416685938835144,0.8389136791229248
40,42,790,750,kl,82.68,-0.7399999999999949,0.47363144159317017,0.4826414883136749,0.9488034248352051
40,42,791,751,kl,82.6,-0.0800000000000125,0.577995240688324,0.5253955125808716,1.046432614326477
40,42,792,752,kl,83.34,0.7400000000000091,0.3586960434913635,0.47107645869255066,0.8894321918487549
40,42,793,753,kl,84.04,0.7000000000000028,0.4148007333278656,0.446419894695282,0.9241072535514832
40,42,794,754,kl,82.62,-1.4200000000000017,0.48839861154556274,0.48903802037239075,0.8394346237182617
40,42,795,755,kl,80.1,-2.5200000000000102,0.577436089515686,0.5093837976455688,1.1808286905288696
40,42,796,756,kl,82.78,2.680000000000007,0.47073131799697876,0.47785526514053345,0.9792894721031189
40,42,797,757,kl,83.16,0.37999999999999545,0.46907082200050354,0.5023778676986694,0.8726476430892944
40,42,798,758,kl,83.82,0.6599999999999966,0.5234968662261963,0.5178096294403076,0.8174519538879395
40,42,799,759,kl,83.42,-0.3999999999999915,0.5687620043754578,0.5122824907302856,1.063886046409607
40,42,800,760,kl,83.68,0.2600000000000051,0.37451398372650146,0.4704870879650116,0.8722161650657654
40,42,801,761,kl,83.44,-0.2400000000000091,0.380605548620224,0.4393032193183899,0.9577378630638123
40,42,802,762,kl,83.96,0.519999999999996,0.45947927236557007,0.44531214237213135,0.8037480115890503
40,42,803,763,kl,83.06,-0.8999999999999915,0.5716835260391235,0.5150561928749084,0.8936792612075806
40,42,804,764,kl,82.4,-0.6599999999999966,0.6440063118934631,0.5663895606994629,0.9642009735107422
40,42,805,765,kl,82.88,0.47999999999998977,0.48121899366378784,0.4704476296901703,0.858826220035553
40,42,806,766,kl,83.04,0.1600000000000108,0.6060025691986084,0.5442787408828735,1.0159311294555664
40,42,807,767,kl,83.06,0.01999999999999602,0.43735557794570923,0.44405072927474976,0.9016320109367371
40,42,808,768,kl,83.34,0.28000000000000114,0.49313056468963623,0.4891013503074646,0.7936440110206604
40,42,809,769,kl,83.4,0.060000000000002274,0.5792049169540405,0.5100258588790894,1.0061936378479004
40,42,810,770,kl,82.98,-0.4200000000000017,0.35102808475494385,0.4437097907066345,0.8857661485671997
40,42,811,771,kl,82.28,-0.7000000000000028,0.6676044464111328,0.5626222491264343,0.9855406880378723
40,42,812,772,kl,83.42,1.1400000000000006,0.5310337543487549,0.494219571352005,1.0560503005981445
40,42,813,773,kl,81.88,-1.5400000000000063,0.5069845914840698,0.4991728365421295,0.9015080332756042
40,42,814,774,kl,83.68,1.8000000000000114,0.5364638566970825,0.5085013508796692,0.9362037181854248
40,42,815,775,kl,82.98,-0.7000000000000028,0.3479042649269104,0.43574967980384827,0.9291191101074219
40,42,816,776,kl,83.58,0.5999999999999943,0.46143221855163574,0.48762136697769165,0.9293174743652344
40,42,817,777,kl,83.8,0.21999999999999886,0.5497663617134094,0.5036624073982239,0.922102153301239
40,42,818,778,kl,83.18,-0.6199999999999903,0.4557793438434601,0.4578050374984741,0.8165224194526672
40,42,819,779,kl,82.3,-0.8800000000000097,0.6977958083152771,0.5612686276435852,0.9685708284378052
40,42,820,780,ce,83.76,1.460000000000008,0.1736462116241455,0.37408673763275146,1.7512693405151367
40,456,1,-39,kl,34.02,24.340000000000003,0.6672551035881042,0.9199263453483582,1.538153052330017
40,456,2,-38,kl,43.52,9.5,0.5648211240768433,0.6520738005638123,1.0232738256454468
40,456,3,-37,kl,51.06,7.539999999999999,0.5655927658081055,0.5874127745628357,1.3577300310134888
40,456,4,-36,kl,59.54,8.479999999999997,0.39772674441337585,0.4539373517036438,1.0666061639785767
40,456,5,-35,kl,62.68,3.1400000000000006,0.31563040614128113,0.4215078055858612,0.9327003359794617
40,456,6,-34,kl,69.32,6.6399999999999935,0.3071187138557434,0.425400972366333,0.931264340877533
40,456,7,-33,kl,69.18,-0.13999999999998636,0.6339848637580872,0.46733543276786804,0.9166303873062134
40,456,8,-32,kl,72.08,2.8999999999999915,0.6535918116569519,0.4935726523399353,0.8126869797706604
40,456,9,-31,kl,72.56,0.480000000000004,0.7384891510009766,0.5319523811340332,1.139670491218567
40,456,10,-30,kl,72.9,0.3400000000000034,0.7580650448799133,0.555126965045929,1.4753433465957642
40,456,11,-29,kl,75.42,2.519999999999996,0.5024949312210083,0.425888329744339,0.822218120098114
40,456,12,-28,kl,75.06,-0.35999999999999943,0.7612543106079102,0.5556743144989014,1.067988634109497
40,456,13,-27,kl,77.88,2.819999999999993,0.5279679298400879,0.43039631843566895,0.8731977939605713
40,456,14,-26,kl,75.86,-2.019999999999996,0.7732830047607422,0.5552546977996826,1.063897967338562
40,456,15,-25,kl,76.98,1.1200000000000045,0.6883537769317627,0.5023945569992065,0.994471549987793
40,456,16,-24,kl,76.9,-0.0799999999999983,0.4451266825199127,0.4713071584701538,1.020561933517456
40,456,17,-23,kl,78.7,1.7999999999999972,0.5727150440216064,0.416079044342041,0.9759846925735474
40,456,18,-22,kl,78.06,-0.6400000000000006,0.6493983268737793,0.4641452133655548,1.0576767921447754
40,456,19,-21,kl,78.94,0.8799999999999955,0.3443562686443329,0.42221128940582275,0.9437189102172852
40,456,20,-20,kl,78.04,-0.8999999999999915,0.630800724029541,0.47411996126174927,0.8372100591659546
40,456,21,-19,kl,76.72,-1.3200000000000074,0.6796160936355591,0.49827489256858826,0.9637717008590698
40,456,22,-18,kl,78.52,1.7999999999999972,0.7524244785308838,0.5473827719688416,1.1296604871749878
40,456,23,-17,kl,79.74,1.2199999999999989,0.5388135313987732,0.4343293309211731,0.8695902824401855
40,456,24,-16,kl,79.06,-0.6799999999999926,0.6324021816253662,0.46245425939559937,0.9910364151000977
40,456,25,-15,kl,79.84,0.7800000000000011,0.5197277069091797,0.40859121084213257,0.7492961883544922
40,456,26,-14,kl,80.12,0.28000000000000114,0.6266254186630249,0.4843747019767761,0.954384446144104
40,456,27,-13,kl,79.52,-0.6000000000000085,0.7215104103088379,0.5326207876205444,1.1877832412719727
40,456,28,-12,kl,80.26,0.7400000000000091,0.4474782347679138,0.41555657982826233,0.8126417994499207
40,456,29,-11,kl,79.92,-0.3400000000000034,0.6507740020751953,0.5227298736572266,1.0099990367889404
40,456,30,-10,kl,80.78,0.8599999999999994,0.4170278310775757,0.4110751152038574,0.8559336066246033
40,456,31,-9,kl,79.44,-1.3400000000000034,0.7370015382766724,0.5548102259635925,1.0464175939559937
40,456,32,-8,kl,79.7,0.2600000000000051,0.6525219678878784,0.4787244200706482,0.7770695090293884
40,456,33,-7,kl,80.68,0.980000000000004,0.7393711805343628,0.503650963306427,0.9017709493637085
40,456,34,-6,kl,79.5,-1.1800000000000068,0.6803559064865112,0.49767550826072693,0.9997345805168152
40,456,35,-5,kl,80.28,0.7800000000000011,0.5781790018081665,0.4608495235443115,0.9545285701751709
40,456,36,-4,kl,81.6,1.3199999999999932,0.6377512216567993,0.4777987599372864,0.8720502257347107
40,456,37,-3,kl,81.1,-0.5,0.6896137595176697,0.5141345858573914,0.8776587843894958
40,456,38,-2,kl,81.32,0.21999999999999886,0.536051869392395,0.46115660667419434,0.9425498843193054
40,456,39,-1,kl,81.14,-0.1799999999999926,0.6799047589302063,0.5114924311637878,0.9726904034614563
40,456,40,0,kl,81.36,0.21999999999999886,0.5936916470527649,0.4779299795627594,0.7866249084472656
40,456,41,1,ce,79.92,-1.4399999999999977,0.2565232515335083,0.3744896948337555,1.6562883853912354
40,456,42,2,kl,77.26,-2.6599999999999966,0.5955928564071655,0.49750426411628723,0.9781917333602905
40,456,43,3,kl,80.06,2.799999999999997,0.5187281966209412,0.47441959381103516,0.7907485961914062
40,456,44,4,kl,81.18,1.1200000000000045,0.6267214417457581,0.48602378368377686,0.9414207935333252
40,456,45,5,kl,81.62,0.4399999999999977,0.518335223197937,0.478858083486557,0.8420146703720093
40,456,46,6,kl,81.52,-0.10000000000000853,0.6612018346786499,0.526422917842865,1.0846298933029175
40,456,47,7,kl,81.62,0.10000000000000853,0.6589627861976624,0.49915680289268494,1.0870182514190674
40,456,48,8,kl,78.5,-3.1200000000000045,0.6553349494934082,0.5178700089454651,1.0227372646331787
40,456,49,9,kl,80.98,2.480000000000004,0.6821810007095337,0.5486529469490051,1.0808221101760864
40,456,50,10,kl,81.08,0.09999999999999432,0.6325385570526123,0.4693411886692047,0.7876408100128174
40,456,51,11,kl,82.02,0.9399999999999977,0.46113622188568115,0.42858612537384033,0.8719279170036316
40,456,52,12,kl,79.4,-2.6199999999999903,0.6466288566589355,0.46213504672050476,0.8449816107749939
40,456,53,13,kl,78.02,-1.3800000000000097,0.5827834606170654,0.5261040329933167,1.0453253984451294
40,456,54,14,kl,79.26,1.240000000000009,0.7093471884727478,0.5430082678794861,1.0319864749908447
40,456,55,15,kl,81.82,2.559999999999988,0.4883212745189667,0.44857197999954224,0.8207029104232788
40,456,56,16,kl,81.52,-0.29999999999999716,0.6616350412368774,0.4884442090988159,0.8404552340507507
40,456,57,17,kl,81.26,-0.2599999999999909,0.5891947746276855,0.5153668522834778,1.0142900943756104
40,456,58,18,kl,82.12,0.8599999999999994,0.6091590523719788,0.4760056436061859,0.9121790528297424
40,456,59,19,kl,80.76,-1.3599999999999994,0.6084413528442383,0.4965628385543823,0.9422651529312134
40,456,60,20,kl,81.12,0.35999999999999943,0.667892336845398,0.5165500640869141,0.9635409116744995
40,456,61,21,kl,81.48,0.35999999999999943,0.6252164840698242,0.4974959194660187,1.1187676191329956
40,456,62,22,kl,79.76,-1.7199999999999989,0.5679876804351807,0.4843454957008362,0.967361569404602
40,456,63,23,kl,81.98,2.219999999999999,0.6250416040420532,0.45859724283218384,0.8005679845809937
40,456,64,24,kl,82.04,0.060000000000002274,0.6319555044174194,0.4710625410079956,0.8811653852462769
40,456,65,25,kl,81.62,-0.4200000000000017,0.6597180366516113,0.5207247734069824,0.8575283885002136
40,456,66,26,kl,80.88,-0.7400000000000091,0.40675681829452515,0.4392220079898834,1.0534566640853882
40,456,67,27,kl,82.02,1.1400000000000006,0.6268055438995361,0.5085738301277161,0.9896445870399475
40,456,68,28,kl,82.84,0.8200000000000074,0.5654069185256958,0.4483996331691742,0.8848930597305298
40,456,69,29,kl,81.36,-1.480000000000004,0.6925958395004272,0.5212494730949402,0.9539055824279785
40,456,70,30,kl,80.94,-0.4200000000000017,0.5698632001876831,0.488167405128479,0.9846708178520203
40,456,71,31,kl,82.96,2.019999999999996,0.6469230055809021,0.4958668053150177,0.8785471320152283
40,456,72,32,kl,82.26,-0.6999999999999886,0.562301516532898,0.47447389364242554,0.8845031261444092
40,456,73,33,kl,79.3,-2.960000000000008,0.7308794260025024,0.5699568390846252,1.09017813205719
40,456,74,34,kl,77.04,-2.259999999999991,0.860664427280426,0.7953743934631348,1.706053376197815
40,456,75,35,kl,79.76,2.719999999999999,0.7504523992538452,0.6155509948730469,1.2903591394424438
40,456,76,36,kl,81.72,1.9599999999999937,0.533888041973114,0.4492100179195404,0.7227433323860168
40,456,77,37,kl,81.06,-0.6599999999999966,0.6652057766914368,0.5188637375831604,0.9481182098388672
40,456,78,38,kl,81.62,0.5600000000000023,0.5031012296676636,0.47958895564079285,0.9485828280448914
40,456,79,39,kl,81.3,-0.3200000000000074,0.6373915076255798,0.528285026550293,1.1145116090774536
40,456,80,40,kl,79.78,-1.519999999999996,0.36614924669265747,0.42322003841400146,0.9041907787322998
40,456,81,41,kl,80.78,1.0,0.6264334917068481,0.5152302980422974,1.0539809465408325
40,456,82,42,ce,83.34,2.5600000000000023,0.21790146827697754,0.36567533016204834,1.450560212135315
40,456,83,43,kl,80.4,-2.9399999999999977,0.7146893739700317,0.5956828594207764,1.0488897562026978
40,456,84,44,kl,81.16,0.7599999999999909,0.7048859596252441,0.5716325044631958,0.9926621317863464
40,456,85,45,kl,82.2,1.0400000000000063,0.6387228965759277,0.4749133288860321,0.8766664862632751
40,456,86,46,kl,81.38,-0.8200000000000074,0.5334818363189697,0.4531250298023224,0.857316255569458
40,456,87,47,kl,82.34,0.960000000000008,0.6571648120880127,0.5064399838447571,0.8916506767272949
40,456,88,48,kl,82.82,0.47999999999998977,0.46745502948760986,0.45000743865966797,0.7759647965431213
40,456,89,49,kl,81.8,-1.019999999999996,0.5489189624786377,0.4713977873325348,0.7712307572364807
40,456,90,50,kl,81.86,0.060000000000002274,0.5264242887496948,0.4624861180782318,1.0750923156738281
40,456,91,51,kl,82.14,0.28000000000000114,0.685737133026123,0.4996122717857361,0.9619303345680237
40,456,92,52,kl,81.46,-0.6800000000000068,0.5494517683982849,0.4949035048484802,0.8652856349945068
40,456,93,53,kl,82.04,0.5800000000000125,0.4997306168079376,0.43969830870628357,0.8111369609832764
40,456,94,54,kl,81.56,-0.480000000000004,0.5320858359336853,0.45374947786331177,0.9686284065246582
40,456,95,55,kl,81.36,-0.20000000000000284,0.4033648371696472,0.47152891755104065,0.9659707546234131
40,456,96,56,kl,83.56,2.200000000000003,0.5622425675392151,0.4462525546550751,0.8192689418792725
40,456,97,57,kl,82.9,-0.6599999999999966,0.5035973787307739,0.44686460494995117,0.7857972979545593
40,456,98,58,kl,82.62,-0.28000000000000114,0.5299023985862732,0.46408191323280334,1.027775764465332
40,456,99,59,kl,83.1,0.47999999999998977,0.5952266454696655,0.4702812731266022,0.8098058104515076
40,456,100,60,kl,81.28,-1.8199999999999932,0.5691704750061035,0.4629823565483093,1.019181489944458
40,456,101,61,kl,80.32,-0.960000000000008,0.6691707968711853,0.5672027468681335,0.9774499535560608
40,456,102,62,kl,82.06,1.740000000000009,0.6603037118911743,0.5002957582473755,0.9537995457649231
40,456,103,63,kl,82.22,0.1599999999999966,0.41652238368988037,0.4353165030479431,0.8100124597549438
40,456,104,64,kl,81.26,-0.9599999999999937,0.5996677279472351,0.5007906556129456,1.1269972324371338
40,456,105,65,kl,83.02,1.759999999999991,0.5267386436462402,0.4713725447654724,0.9241685271263123
40,456,106,66,kl,82.54,-0.47999999999998977,0.5826832056045532,0.48844507336616516,0.8548102378845215
40,456,107,67,kl,82.84,0.29999999999999716,0.5935112237930298,0.49656814336776733,0.8223105072975159
40,456,108,68,kl,82.74,-0.10000000000000853,0.5018337965011597,0.43340155482292175,0.6716857552528381
40,456,109,69,kl,82.16,-0.5799999999999983,0.5322843790054321,0.46513625979423523,0.9442843198776245
40,456,110,70,kl,82.72,0.5600000000000023,0.6177687644958496,0.4826476573944092,0.8077628016471863
40,456,111,71,kl,82.2,-0.519999999999996,0.4936347007751465,0.46980801224708557,0.8877487182617188
40,456,112,72,kl,81.86,-0.3400000000000034,0.47689515352249146,0.44243353605270386,0.9023826122283936
40,456,113,73,kl,81.3,-0.5600000000000023,0.5992214679718018,0.47230443358421326,0.8391530513763428
40,456,114,74,kl,82.6,1.2999999999999972,0.43221616744995117,0.43296733498573303,0.898668110370636
40,456,115,75,kl,81.82,-0.7800000000000011,0.5623564124107361,0.47165897488594055,0.861758291721344
40,456,116,76,kl,80.54,-1.279999999999987,0.6331837773323059,0.5360484719276428,1.0815495252609253
40,456,117,77,kl,82.06,1.519999999999996,0.5977309346199036,0.48251399397850037,0.8816217184066772
40,456,118,78,kl,82.76,0.7000000000000028,0.4317459166049957,0.45858633518218994,0.9687104225158691
40,456,119,79,kl,82.0,-0.7600000000000051,0.4810701012611389,0.4554169774055481,0.8780370950698853
40,456,120,80,kl,81.38,-0.6200000000000045,0.5940454006195068,0.4839843809604645,0.9555827975273132
40,456,121,81,kl,79.46,-1.9200000000000017,0.7422738075256348,0.5749927759170532,0.9999591112136841
40,456,122,82,kl,82.76,3.3000000000000114,0.4706224501132965,0.4472912847995758,0.6971538662910461
40,456,123,83,ce,82.6,-0.1600000000000108,0.11469194293022156,0.32493191957473755,1.5631662607192993
40,456,124,84,kl,79.34,-3.259999999999991,0.6358369588851929,0.5509757995605469,1.067400336265564
40,456,125,85,kl,81.18,1.8400000000000034,0.5222037434577942,0.50621497631073,0.967854917049408
40,456,126,86,kl,82.62,1.4399999999999977,0.6172052621841431,0.5001389980316162,1.1928023099899292
40,456,127,87,kl,81.12,-1.5,0.6409425735473633,0.5334385633468628,0.922056257724762
40,456,128,88,kl,81.6,0.47999999999998977,0.4788413941860199,0.4764329493045807,0.8329641819000244
40,456,129,89,kl,82.08,0.480000000000004,0.48798084259033203,0.44131872057914734,0.9208986163139343
40,456,130,90,kl,80.06,-2.019999999999996,0.7010226249694824,0.5709844827651978,1.2938941717147827
40,456,131,91,kl,81.86,1.7999999999999972,0.4267818033695221,0.44748449325561523,0.9396539926528931
40,456,132,92,kl,83.5,1.6400000000000006,0.5553584098815918,0.4307612180709839,0.9205633401870728
40,456,133,93,kl,81.86,-1.6400000000000006,0.5810731649398804,0.48383426666259766,0.7747219800949097
40,456,134,94,kl,82.24,0.37999999999999545,0.5817460417747498,0.4844530522823334,0.9494936466217041
40,456,135,95,kl,82.08,-0.1599999999999966,0.576890766620636,0.48044121265411377,0.7513302564620972
40,456,136,96,kl,80.78,-1.2999999999999972,0.6790485382080078,0.5519770383834839,1.1091127395629883
40,456,137,97,kl,82.52,1.7399999999999949,0.4950792193412781,0.46302738785743713,0.8240513205528259
40,456,138,98,kl,82.16,-0.35999999999999943,0.663548469543457,0.5081348419189453,0.9968605637550354
40,456,139,99,kl,79.86,-2.299999999999997,0.7858676910400391,0.6304497718811035,1.2221537828445435
40,456,140,100,kl,82.48,2.6200000000000045,0.6495789289474487,0.5282193422317505,0.9483429789543152
40,456,141,101,kl,82.02,-0.46000000000000796,0.49398964643478394,0.48257678747177124,0.9461385607719421
40,456,142,102,kl,82.72,0.7000000000000028,0.48474156856536865,0.4505263864994049,1.0045318603515625
40,456,143,103,kl,81.6,-1.1200000000000045,0.5250856280326843,0.40572065114974976,0.8947892189025879
40,456,144,104,kl,82.12,0.5200000000000102,0.512116014957428,0.4529536962509155,0.8317185640335083
40,456,145,105,kl,82.5,0.37999999999999545,0.6410138607025146,0.483431875705719,0.984051525592804
40,456,146,106,kl,81.86,-0.6400000000000006,0.6344667673110962,0.4816419780254364,0.9079598188400269
40,456,147,107,kl,82.22,0.35999999999999943,0.6576409339904785,0.542824387550354,0.8336837887763977
40,456,148,108,kl,80.14,-2.0799999999999983,0.5246701240539551,0.5214645266532898,1.080626130104065
40,456,149,109,kl,80.58,0.4399999999999977,0.4733906388282776,0.4957103729248047,0.9744697213172913
40,456,150,110,kl,81.5,0.9200000000000017,0.6086442470550537,0.4943639039993286,0.875861644744873
40,456,151,111,kl,83.7,2.200000000000003,0.5555664896965027,0.46821725368499756,0.8561481833457947
40,456,152,112,kl,80.6,-3.1000000000000085,0.6075499653816223,0.5711766481399536,1.0967159271240234
40,456,153,113,kl,82.26,1.6600000000000108,0.563275933265686,0.4593733847141266,0.7726070284843445
40,456,154,114,kl,83.16,0.8999999999999915,0.4648115932941437,0.452453076839447,0.8972122073173523
40,456,155,115,kl,82.88,-0.28000000000000114,0.5867130160331726,0.47347989678382874,0.8481783270835876
40,456,156,116,kl,81.54,-1.3399999999999892,0.39540737867355347,0.4341982901096344,1.0517674684524536
40,456,157,117,kl,82.18,0.6400000000000006,0.6729975938796997,0.5646178126335144,1.2131047248840332
40,456,158,118,kl,83.26,1.0799999999999983,0.45673274993896484,0.4215073883533478,0.8657767176628113
40,456,159,119,kl,82.28,-0.980000000000004,0.5200372338294983,0.49857857823371887,0.9047350883483887
40,456,160,120,kl,81.96,-0.3200000000000074,0.6239649057388306,0.4969841241836548,0.9557811617851257
40,456,161,121,kl,82.18,0.22000000000001307,0.6185423135757446,0.4848230481147766,0.9826611280441284
40,456,162,122,kl,81.86,-0.3200000000000074,0.6319177150726318,0.498617559671402,0.8201718926429749
40,456,163,123,kl,81.78,-0.0799999999999983,0.5196523666381836,0.4939229488372803,0.9958232641220093
40,456,164,124,ce,82.54,0.7600000000000051,0.2732274532318115,0.39078354835510254,1.3774696588516235
40,456,165,125,kl,82.38,-0.1600000000000108,0.5044308304786682,0.41872119903564453,0.7684854865074158
40,456,166,126,kl,80.8,-1.5799999999999983,0.5213449001312256,0.51890629529953,0.9986740350723267
40,456,167,127,kl,81.6,0.7999999999999972,0.6228663921356201,0.5412052273750305,0.9609542489051819
40,456,168,128,kl,82.48,0.8800000000000097,0.6031439900398254,0.48448967933654785,0.8657721877098083
40,456,169,129,kl,82.4,-0.0799999999999983,0.40074920654296875,0.4507589638233185,1.0426545143127441
40,456,170,130,kl,80.82,-1.5800000000000125,0.5094297528266907,0.4645513892173767,0.9420908093452454
40,456,171,131,kl,82.92,2.1000000000000085,0.5919036269187927,0.4954160451889038,0.8433240056037903
40,456,172,132,kl,79.58,-3.3400000000000034,0.8146263360977173,0.6873791813850403,1.5066568851470947
40,456,173,133,kl,82.06,2.480000000000004,0.6259437799453735,0.5400952100753784,1.1366904973983765
40,456,174,134,kl,81.36,-0.7000000000000028,0.619951605796814,0.5288879871368408,1.157034993171692
40,456,175,135,kl,82.42,1.0600000000000023,0.6649961471557617,0.5092886090278625,0.8428515791893005
40,456,176,136,kl,82.68,0.2600000000000051,0.5638272166252136,0.48850199580192566,0.9568502902984619
40,456,177,137,kl,82.34,-0.3400000000000034,0.38996773958206177,0.4356590807437897,0.7614278197288513
40,456,178,138,kl,82.16,-0.18000000000000682,0.5707753896713257,0.4789082705974579,0.8761724233627319
40,456,179,139,kl,83.7,1.5400000000000063,0.6191506385803223,0.4962443709373474,0.8890699148178101
40,456,180,140,kl,81.82,-1.8800000000000097,0.456371009349823,0.4194979667663574,0.7105230689048767
40,456,181,141,kl,82.18,0.36000000000001364,0.5086463093757629,0.4736012816429138,0.8936055898666382
40,456,182,142,kl,83.16,0.9799999999999898,0.4663815200328827,0.46822401881217957,0.7947505116462708
40,456,183,143,kl,81.9,-1.259999999999991,0.6691853404045105,0.5388509035110474,1.1392645835876465
40,456,184,144,kl,82.96,1.059999999999988,0.6335083246231079,0.46993622183799744,0.8157035112380981
40,456,185,145,kl,82.6,-0.35999999999999943,0.6398453712463379,0.5216705203056335,0.9012265205383301
40,456,186,146,kl,83.42,0.8200000000000074,0.29882729053497314,0.41722503304481506,0.9089816808700562
40,456,187,147,kl,83.4,-0.01999999999999602,0.4367890954017639,0.4425433874130249,0.9734920859336853
40,456,188,148,kl,83.06,-0.3400000000000034,0.5300654172897339,0.4642970860004425,0.8977627158164978
40,456,189,149,kl,82.7,-0.35999999999999943,0.6440926194190979,0.4869579076766968,0.810502290725708
40,456,190,150,kl,83.3,0.5999999999999943,0.5075868368148804,0.43918493390083313,0.7749459743499756
40,456,191,151,kl,80.58,-2.719999999999999,0.6163320541381836,0.5289027094841003,1.1748830080032349
40,456,192,152,kl,83.34,2.760000000000005,0.382461816072464,0.3953602910041809,0.6401110887527466
40,456,193,153,kl,82.8,-0.5400000000000063,0.662603497505188,0.4939126670360565,0.8254439830780029
40,456,194,154,kl,81.48,-1.3199999999999932,0.6623154878616333,0.5186392068862915,0.9576042890548706
40,456,195,155,kl,83.2,1.7199999999999989,0.5095250606536865,0.465380996465683,0.7537410855293274
40,456,196,156,kl,83.18,-0.01999999999999602,0.48271089792251587,0.4661228060722351,0.8421080112457275
40,456,197,157,kl,79.5,-3.680000000000007,0.5441675782203674,0.521647036075592,1.1867259740829468
40,456,198,158,kl,82.72,3.219999999999999,0.4312921166419983,0.457777738571167,0.7898680567741394
40,456,199,159,kl,80.9,-1.8199999999999932,0.6674445867538452,0.5143498182296753,0.9910550117492676
40,456,200,160,kl,83.62,2.719999999999999,0.5068126320838928,0.46468859910964966,0.9299480319023132
40,456,201,161,kl,81.52,-2.1000000000000085,0.6749442219734192,0.5844245553016663,1.1363188028335571
40,456,202,162,kl,83.5,1.980000000000004,0.42784667015075684,0.4367748498916626,0.7951006889343262
40,456,203,163,kl,82.2,-1.2999999999999972,0.6167396903038025,0.49583137035369873,0.9291608333587646
40,456,204,164,kl,82.76,0.5600000000000023,0.6696680784225464,0.5569083094596863,1.0843243598937988
40,456,205,165,ce,83.96,1.1999999999999886,0.3161861300468445,0.39042413234710693,1.648524522781372
40,456,206,166,kl,82.82,-1.1400000000000006,0.6521807312965393,0.5416795611381531,1.0099029541015625
40,456,207,167,kl,81.92,-0.8999999999999915,0.5548254251480103,0.5075269341468811,1.0597271919250488
40,456,208,168,kl,82.46,0.539999999999992,0.6508846282958984,0.537179708480835,0.8778925538063049
40,456,209,169,kl,81.68,-0.7799999999999869,0.450480580329895,0.4562816321849823,0.8524636030197144
40,456,210,170,kl,82.34,0.6599999999999966,0.626701831817627,0.5334110260009766,0.924006462097168
40,456,211,171,kl,83.02,0.6799999999999926,0.6162490844726562,0.4661861062049866,0.8813034296035767
40,456,212,172,kl,83.0,-0.01999999999999602,0.6497693657875061,0.5084673166275024,0.8734349012374878
40,456,213,173,kl,82.58,-0.4200000000000017,0.6439767479896545,0.53485506772995,1.0312803983688354
40,456,214,174,kl,81.48,-1.0999999999999943,0.483516126871109,0.49406731128692627,0.953265368938446
40,456,215,175,kl,82.36,0.8799999999999955,0.6685271859169006,0.5083385705947876,0.8579686284065247
40,456,216,176,kl,82.64,0.28000000000000114,0.38115742802619934,0.42383500933647156,0.8007970452308655
40,456,217,177,kl,81.5,-1.1400000000000006,0.5476295351982117,0.4884152412414551,0.986659824848175
40,456,218,178,kl,82.78,1.2800000000000011,0.5225281119346619,0.47558343410491943,0.8080752491950989
40,456,219,179,kl,80.62,-2.1599999999999966,0.5006948709487915,0.5474880337715149,1.0394407510757446
40,456,220,180,kl,82.56,1.9399999999999977,0.44082239270210266,0.4770777225494385,0.923458456993103
40,456,221,181,kl,82.08,-0.480000000000004,0.6289275884628296,0.46858954429626465,0.7919577360153198
40,456,222,182,kl,82.6,0.519999999999996,0.6234531402587891,0.5010761618614197,0.9414196610450745
40,456,223,183,kl,83.6,1.0,0.5728167295455933,0.4766380190849304,0.9153833985328674
40,456,224,184,kl,81.38,-2.219999999999999,0.5775927305221558,0.5617976188659668,1.2694815397262573
40,456,225,185,kl,83.1,1.7199999999999989,0.5371911525726318,0.4386947453022003,0.7898809313774109
40,456,226,186,kl,83.78,0.6800000000000068,0.4114439785480499,0.4501968324184418,0.8469085097312927
40,456,227,187,kl,82.24,-1.5400000000000063,0.5957536101341248,0.4987438917160034,1.1648764610290527
40,456,228,188,kl,81.36,-0.8799999999999955,0.48776522278785706,0.46963316202163696,0.8449701070785522
40,456,229,189,kl,83.24,1.8799999999999955,0.6663409471511841,0.5056864023208618,0.8882584571838379
40,456,230,190,kl,82.42,-0.8199999999999932,0.5679733753204346,0.4798918068408966,0.8536339998245239
40,456,231,191,kl,83.16,0.7399999999999949,0.27043113112449646,0.42203330993652344,0.8962081074714661
40,456,232,192,kl,82.3,-0.8599999999999994,0.5242761373519897,0.47493070363998413,0.8448858261108398
40,456,233,193,kl,82.12,-0.1799999999999926,0.5828658938407898,0.529775857925415,1.0015218257904053
40,456,234,194,kl,83.4,1.2800000000000011,0.5716658234596252,0.4822556972503662,0.9229043126106262
40,456,235,195,kl,83.3,-0.10000000000000853,0.37678784132003784,0.43852314352989197,0.8525509238243103
40,456,236,196,kl,81.88,-1.4200000000000017,0.5237853527069092,0.43949729204177856,0.790597677230835
40,456,237,197,kl,81.3,-0.5799999999999983,0.5132242441177368,0.48622971773147583,0.8533828854560852
40,456,238,198,kl,82.52,1.2199999999999989,0.624832272529602,0.5139665603637695,1.1141818761825562
40,456,239,199,kl,82.68,0.1600000000000108,0.6147421598434448,0.4707924425601959,0.886044442653656
40,456,240,200,kl,84.22,1.539999999999992,0.5813375115394592,0.45504632592201233,0.670658528804779
40,456,241,201,kl,81.12,-3.0999999999999943,0.6502752304077148,0.5241326689720154,0.9509075284004211
40,456,242,202,kl,82.5,1.3799999999999955,0.5386712551116943,0.4178013801574707,0.8076608180999756
40,456,243,203,kl,82.74,0.23999999999999488,0.5858771800994873,0.5100041627883911,0.8125641345977783
40,456,244,204,kl,80.92,-1.8199999999999932,0.7403082251548767,0.5731397867202759,1.0294685363769531
40,456,245,205,kl,82.56,1.6400000000000006,0.6017124652862549,0.4794936180114746,0.8976526260375977
40,456,246,206,ce,82.82,0.2599999999999909,0.27340060472488403,0.40674808621406555,1.5164154767990112
40,456,247,207,kl,83.0,0.18000000000000682,0.5654717683792114,0.44560423493385315,0.8004001975059509
40,456,248,208,kl,81.78,-1.2199999999999989,0.7182245254516602,0.5935685038566589,1.2690716981887817
40,456,249,209,kl,82.48,0.7000000000000028,0.6736724376678467,0.510654091835022,0.8109719753265381
40,456,250,210,kl,81.72,-0.7600000000000051,0.5873770713806152,0.5091741681098938,0.8873334527015686
40,456,251,211,kl,81.94,0.21999999999999886,0.5066121816635132,0.4576404094696045,0.8682026267051697
40,456,252,212,kl,81.04,-0.8999999999999915,0.6869015693664551,0.5272824168205261,0.9570396542549133
40,456,253,213,kl,82.58,1.539999999999992,0.655486524105072,0.5251726508140564,0.9856162071228027
40,456,254,214,kl,82.9,0.3200000000000074,0.6860927939414978,0.5567516088485718,1.068073034286499
40,456,255,215,kl,82.62,-0.28000000000000114,0.5703940391540527,0.48146411776542664,0.777274489402771
40,456,256,216,kl,82.32,-0.30000000000001137,0.6544315814971924,0.5107135772705078,0.9232985973358154
40,456,257,217,kl,82.4,0.0800000000000125,0.6403045654296875,0.5595111846923828,0.9837232232093811
40,456,258,218,kl,81.88,-0.5200000000000102,0.6521000862121582,0.48939967155456543,0.8304435610771179
40,456,259,219,kl,82.68,0.8000000000000114,0.6520290374755859,0.48646244406700134,0.8460986614227295
40,456,260,220,kl,82.96,0.2799999999999869,0.42258119583129883,0.4584633409976959,0.9113474488258362
40,456,261,221,kl,82.84,-0.11999999999999034,0.5910466909408569,0.4752929210662842,0.9432278871536255
40,456,262,222,kl,82.66,-0.18000000000000682,0.5064378976821899,0.47612810134887695,0.8844928741455078
40,456,263,223,kl,83.12,0.46000000000000796,0.5494562387466431,0.443561315536499,0.8453157544136047
40,456,264,224,kl,82.6,-0.5200000000000102,0.6113044619560242,0.4885002374649048,0.7817662358283997
40,456,265,225,kl,82.86,0.2600000000000051,0.5878783464431763,0.5013111233711243,0.8010732531547546
40,456,266,226,kl,82.74,-0.12000000000000455,0.7095479965209961,0.5478858351707458,0.928753674030304
40,456,267,227,kl,81.82,-0.9200000000000017,0.5767672061920166,0.5060252547264099,0.9088531732559204
40,456,268,228,kl,82.56,0.7400000000000091,0.5513383746147156,0.4721130132675171,0.8610321283340454
40,456,269,229,kl,80.06,-2.5,0.5544176697731018,0.4814146161079407,0.7251163721084595
40,456,270,230,kl,83.06,3.0,0.5703660845756531,0.4732503890991211,0.9286889433860779
40,456,271,231,kl,82.26,-0.7999999999999972,0.6409058570861816,0.5160894989967346,0.8868289589881897
40,456,272,232,kl,81.48,-0.7800000000000011,0.5816000699996948,0.5080186128616333,0.8570651412010193
40,456,273,233,kl,83.14,1.6599999999999966,0.513919472694397,0.4640425741672516,0.878542423248291
40,456,274,234,kl,81.34,-1.7999999999999972,0.6262683272361755,0.4859435260295868,0.8517797589302063
40,456,275,235,kl,82.58,1.2399999999999949,0.5441285967826843,0.5102853178977966,1.0080841779708862
40,456,276,236,kl,82.76,0.18000000000000682,0.621738851070404,0.5056250095367432,0.8874971270561218
40,456,277,237,kl,82.12,-0.6400000000000006,0.6402325630187988,0.51313316822052,0.7791138291358948
40,456,278,238,kl,83.1,0.9799999999999898,0.4984073042869568,0.47415003180503845,0.7355552911758423
40,456,279,239,kl,82.08,-1.019999999999996,0.719789981842041,0.5572943091392517,1.0341401100158691
40,456,280,240,kl,81.88,-0.20000000000000284,0.5010454058647156,0.4944499135017395,0.9585455060005188
40,456,281,241,kl,83.42,1.5400000000000063,0.5302387475967407,0.4464736580848694,0.8366488814353943
40,456,282,242,kl,82.14,-1.2800000000000011,0.5955936908721924,0.4804447889328003,0.816769540309906
40,456,283,243,kl,82.16,0.01999999999999602,0.6787679195404053,0.5668864250183105,1.0966887474060059
40,456,284,244,kl,82.64,0.480000000000004,0.4092555642127991,0.4501602053642273,0.878218412399292
40,456,285,245,kl,82.96,0.3199999999999932,0.6216745376586914,0.5059259533882141,0.9005711078643799
40,456,286,246,kl,81.04,-1.9199999999999875,0.592082679271698,0.4530932307243347,0.772516131401062
40,456,287,247,ce,81.6,0.5599999999999881,0.24345655739307404,0.3995921015739441,1.4437905550003052
40,456,288,248,kl,81.96,0.35999999999999943,0.441345751285553,0.4558289647102356,1.0069890022277832
40,456,289,249,kl,82.58,0.6200000000000045,0.6238173246383667,0.5090067386627197,0.8786966800689697
40,456,290,250,kl,82.46,-0.12000000000000455,0.5026590824127197,0.467521995306015,0.951866865158081
40,456,291,251,kl,82.24,-0.21999999999999886,0.6039867401123047,0.4993278682231903,0.9407728910446167
40,456,292,252,kl,83.8,1.5600000000000023,0.505906343460083,0.4451756775379181,0.9190059304237366
40,456,293,253,kl,82.26,-1.539999999999992,0.6584488153457642,0.5329187512397766,0.9717095494270325
40,456,294,254,kl,81.88,-0.38000000000000966,0.4815695285797119,0.4632837772369385,0.9080466032028198
40,456,295,255,kl,80.6,-1.2800000000000011,0.6922460198402405,0.5586233139038086,0.9411095380783081
40,456,296,256,kl,83.18,2.5800000000000125,0.6527367830276489,0.5085285305976868,0.9715268611907959
40,456,297,257,kl,82.34,-0.8400000000000034,0.6088294982910156,0.48400092124938965,0.8755375742912292
40,456,298,258,kl,82.2,-0.14000000000000057,0.5914679765701294,0.5012719631195068,0.9538209438323975
40,456,299,259,kl,81.74,-0.46000000000000796,0.5846797227859497,0.5435380339622498,1.215330719947815
40,456,300,260,kl,82.52,0.7800000000000011,0.5762526988983154,0.4948495030403137,0.8679438233375549
40,456,301,261,kl,82.62,0.10000000000000853,0.4548490643501282,0.4549776613712311,0.8642400503158569
40,456,302,262,kl,82.86,0.23999999999999488,0.5593764185905457,0.456900030374527,0.7664368748664856
40,456,303,263,kl,81.46,-1.4000000000000057,0.5687280893325806,0.49341461062431335,0.9280505180358887
40,456,304,264,kl,81.86,0.4000000000000057,0.525127112865448,0.46122410893440247,0.7929884195327759
40,456,305,265,kl,82.48,0.6200000000000045,0.43048930168151855,0.44278210401535034,0.9007426500320435
40,456,306,266,kl,79.96,-2.5200000000000102,0.642584502696991,0.4977973401546478,1.036502718925476
40,456,307,267,kl,82.02,2.0600000000000023,0.6058734655380249,0.5194023251533508,1.0029370784759521
40,456,308,268,kl,82.9,0.8800000000000097,0.616951584815979,0.4726355969905853,0.7858192920684814
40,456,309,269,kl,82.98,0.0799999999999983,0.6239176988601685,0.5041607022285461,0.9034481644630432
40,456,310,270,kl,83.62,0.6400000000000006,0.4649335741996765,0.4456079602241516,0.7336876392364502
40,456,311,271,kl,82.24,-1.3800000000000097,0.5599915385246277,0.482013076543808,0.8919045925140381
40,456,312,272,kl,83.4,1.1600000000000108,0.5234723091125488,0.44541940093040466,0.8394824266433716
40,456,313,273,kl,81.5,-1.9000000000000057,0.625952959060669,0.5156283974647522,0.9189633727073669
40,456,314,274,kl,82.18,0.6800000000000068,0.5314165353775024,0.5232482552528381,1.0347139835357666
40,456,315,275,kl,81.16,-1.0200000000000102,0.6947716474533081,0.5472318530082703,0.9239990711212158
40,456,316,276,kl,82.08,0.9200000000000017,0.5575816035270691,0.4664323031902313,0.8753739595413208
40,456,317,277,kl,82.12,0.04000000000000625,0.613003134727478,0.47892671823501587,0.8824580311775208
40,456,318,278,kl,81.3,-0.8200000000000074,0.7362542152404785,0.5777031779289246,1.083160400390625
40,456,319,279,kl,81.44,0.14000000000000057,0.6048039197921753,0.5008012056350708,0.8992122411727905
40,456,320,280,kl,82.68,1.240000000000009,0.5575941205024719,0.48021432757377625,0.8896692991256714
40,456,321,281,kl,82.86,0.1799999999999926,0.549553394317627,0.4839167296886444,0.6837683916091919
40,456,322,282,kl,82.08,-0.7800000000000011,0.6818681955337524,0.529801607131958,0.8878906965255737
40,456,323,283,kl,83.54,1.460000000000008,0.5836552381515503,0.4602471590042114,0.724962592124939
40,456,324,284,kl,82.34,-1.2000000000000028,0.5613265037536621,0.48163464665412903,0.9603692889213562
40,456,325,285,kl,80.98,-1.3599999999999994,0.6149613857269287,0.5274560451507568,1.0033254623413086
40,456,326,286,kl,82.94,1.9599999999999937,0.6472931504249573,0.4807461202144623,0.8252382874488831
40,456,327,287,kl,82.52,-0.4200000000000017,0.5966710448265076,0.48488035798072815,0.85615074634552
40,456,328,288,ce,81.9,-0.6199999999999903,0.24660737812519073,0.3782443702220917,1.7355000972747803
40,456,329,289,kl,82.38,0.47999999999998977,0.48200738430023193,0.4476989507675171,0.9146222472190857
40,456,330,290,kl,78.4,-3.9799999999999898,0.7988096475601196,0.7084910273551941,1.558722734451294
40,456,331,291,kl,82.18,3.780000000000001,0.48366010189056396,0.45612481236457825,0.957273006439209
40,456,332,292,kl,82.74,0.5599999999999881,0.6465822458267212,0.5543569922447205,0.9297149181365967
40,456,333,293,kl,82.6,-0.14000000000000057,0.6229302883148193,0.47907012701034546,0.9718825221061707
40,456,334,294,kl,83.96,1.3599999999999994,0.33544373512268066,0.3928152918815613,0.758003830909729
40,456,335,295,kl,81.86,-2.0999999999999943,0.6647449731826782,0.5022662878036499,0.9039494395256042
40,456,336,296,kl,82.48,0.6200000000000045,0.6030229330062866,0.47157880663871765,0.9309354424476624
40,456,337,297,kl,82.08,-0.4000000000000057,0.6122093796730042,0.5289802551269531,1.0268150568008423
40,456,338,298,kl,82.18,0.10000000000000853,0.5343922972679138,0.4720904231071472,0.7702798843383789
40,456,339,299,kl,81.96,-0.22000000000001307,0.6505236625671387,0.5004494786262512,0.9064497351646423
40,456,340,300,kl,82.22,0.2600000000000051,0.6967025399208069,0.5879761576652527,1.1575027704238892
40,456,341,301,kl,82.82,0.5999999999999943,0.7002023458480835,0.5182663202285767,0.8662431836128235
40,456,342,302,kl,82.74,-0.0799999999999983,0.6103525757789612,0.47981277108192444,0.9108132123947144
40,456,343,303,kl,81.38,-1.3599999999999994,0.729678213596344,0.5892081260681152,1.0616419315338135
40,456,344,304,kl,83.06,1.6800000000000068,0.6645442247390747,0.5346556901931763,0.9102745652198792
40,456,345,305,kl,82.68,-0.37999999999999545,0.5664108991622925,0.5026169419288635,0.8608423471450806
40,456,346,306,kl,83.06,0.37999999999999545,0.5888218879699707,0.46911558508872986,0.7152741551399231
40,456,347,307,kl,82.36,-0.7000000000000028,0.5815142393112183,0.5013275146484375,0.8912107944488525
40,456,348,308,kl,82.58,0.21999999999999886,0.6644638180732727,0.4930064082145691,1.0048682689666748
40,456,349,309,kl,83.46,0.8799999999999955,0.5394653081893921,0.47729232907295227,0.8995122313499451
40,456,350,310,kl,83.1,-0.35999999999999943,0.6266334056854248,0.5181136131286621,0.8366902470588684
40,456,351,311,kl,83.48,0.38000000000000966,0.6602244973182678,0.4936746060848236,0.9689894914627075
40,456,352,312,kl,82.84,-0.6400000000000006,0.39394843578338623,0.47394612431526184,1.138860821723938
40,456,353,313,kl,82.62,-0.21999999999999886,0.6145985722541809,0.48045042157173157,0.9924933314323425
40,456,354,314,kl,82.06,-0.5600000000000023,0.4735674262046814,0.4647034704685211,1.015982747077942
40,456,355,315,kl,82.92,0.8599999999999994,0.5747667551040649,0.49331825971603394,0.907265841960907
40,456,356,316,kl,81.46,-1.460000000000008,0.5716688632965088,0.4823722839355469,1.0292428731918335
40,456,357,317,kl,82.84,1.3800000000000097,0.5378683805465698,0.47412076592445374,0.9590771794319153
40,456,358,318,kl,83.86,1.019999999999996,0.4962272047996521,0.4387615919113159,0.8466280698776245
40,456,359,319,kl,82.42,-1.4399999999999977,0.6375687718391418,0.49774661660194397,0.8233762979507446
40,456,360,320,kl,82.12,-0.29999999999999716,0.6055861711502075,0.5233783721923828,0.987991988658905
40,456,361,321,kl,82.24,0.11999999999999034,0.6259263753890991,0.4982461929321289,0.9401353001594543
40,456,362,322,kl,80.74,-1.5,0.5438470840454102,0.5003389716148376,1.0170104503631592
40,456,363,323,kl,83.72,2.980000000000004,0.3992060124874115,0.4648718535900116,0.8373021483421326
40,456,364,324,kl,83.42,-0.29999999999999716,0.5712006092071533,0.5012539029121399,0.7335817813873291
40,456,365,325,kl,82.28,-1.1400000000000006,0.5828852653503418,0.48752063512802124,0.8046883344650269
40,456,366,326,kl,82.08,-0.20000000000000284,0.6842639446258545,0.5087708234786987,1.0610352754592896
40,456,367,327,kl,82.68,0.6000000000000085,0.508183479309082,0.43948981165885925,0.8387396931648254
40,456,368,328,kl,82.96,0.2799999999999869,0.5726889967918396,0.4598405957221985,0.8014476299285889
40,456,369,329,ce,82.42,-0.539999999999992,0.24376808106899261,0.3639090955257416,1.4860931634902954
40,456,370,330,kl,81.46,-0.960000000000008,0.5016031861305237,0.47016045451164246,0.8755853176116943
40,456,371,331,kl,82.0,0.5400000000000063,0.538259744644165,0.5069499611854553,1.0565695762634277
40,456,372,332,kl,83.54,1.5400000000000063,0.47899413108825684,0.45065104961395264,0.9478442072868347
40,456,373,333,kl,82.26,-1.2800000000000011,0.4762272536754608,0.44962072372436523,0.8652533292770386
40,456,374,334,kl,83.32,1.059999999999988,0.6461420059204102,0.523607611656189,1.1328184604644775
40,456,375,335,kl,83.12,-0.19999999999998863,0.586016058921814,0.5154808163642883,0.874286413192749
40,456,376,336,kl,82.3,-0.8200000000000074,0.6780312657356262,0.5295258164405823,0.8965393304824829
40,456,377,337,kl,82.64,0.3400000000000034,0.6435950398445129,0.5133451819419861,0.9779742360115051
40,456,378,338,kl,83.1,0.45999999999999375,0.6269193887710571,0.5125065445899963,0.9226654767990112
40,456,379,339,kl,82.16,-0.9399999999999977,0.4757038354873657,0.42732810974121094,0.7291272878646851
40,456,380,340,kl,81.42,-0.7399999999999949,0.6433530449867249,0.5288633108139038,0.987733781337738
40,456,381,341,kl,82.28,0.8599999999999994,0.6822823286056519,0.5377713441848755,0.9585564136505127
40,456,382,342,kl,82.58,0.29999999999999716,0.6792548894882202,0.5569795370101929,0.8713539838790894
40,456,383,343,kl,80.64,-1.9399999999999977,0.5895844101905823,0.5005865693092346,0.9096726775169373
40,456,384,344,kl,82.9,2.260000000000005,0.5821593999862671,0.5030324459075928,0.9793885946273804
40,456,385,345,kl,83.24,0.3399999999999892,0.5211602449417114,0.46506989002227783,0.8974651098251343
40,456,386,346,kl,83.58,0.3400000000000034,0.6192793846130371,0.48976948857307434,1.0342143774032593
40,456,387,347,kl,82.04,-1.539999999999992,0.5970711708068848,0.5056753754615784,1.0554975271224976
40,456,388,348,kl,83.46,1.4199999999999875,0.6247535347938538,0.5051748752593994,0.7345148921012878
40,456,389,349,kl,83.46,0.0,0.49208760261535645,0.44791197776794434,0.8440629243850708
40,456,390,350,kl,83.42,-0.03999999999999204,0.5045359134674072,0.450437068939209,0.8126224279403687
40,456,391,351,kl,82.96,-0.46000000000000796,0.635115385055542,0.5149673223495483,0.8963531255722046
40,456,392,352,kl,81.0,-1.9599999999999937,0.5447472929954529,0.46478965878486633,1.0827502012252808
40,456,393,353,kl,83.3,2.299999999999997,0.5837138891220093,0.5187626481056213,1.0553908348083496
40,456,394,354,kl,81.56,-1.7399999999999949,0.6507662534713745,0.5110977292060852,1.012438178062439
40,456,395,355,kl,83.06,1.5,0.5933506488800049,0.49120160937309265,0.8627578020095825
40,456,396,356,kl,82.76,-0.29999999999999716,0.6634290218353271,0.535073459148407,1.0420743227005005
40,456,397,357,kl,83.84,1.0799999999999983,0.5547537803649902,0.44891446828842163,0.8146225810050964
40,456,398,358,kl,83.62,-0.21999999999999886,0.6356975436210632,0.486358106136322,0.8488409519195557
40,456,399,359,kl,79.98,-3.6400000000000006,0.7011486291885376,0.5892391204833984,1.0582797527313232
40,456,400,360,kl,82.64,2.6599999999999966,0.6706149578094482,0.5034566521644592,0.93885737657547
40,456,401,361,kl,83.48,0.8400000000000034,0.2983648478984833,0.4019535183906555,1.0699824094772339
40,456,402,362,kl,82.98,-0.5,0.5189136862754822,0.4752217233181,0.8777173161506653
40,456,403,363,kl,80.84,-2.1400000000000006,0.567670464515686,0.5148447751998901,1.008213996887207
40,456,404,364,kl,82.8,1.9599999999999937,0.5910265445709229,0.4988061487674713,0.9545703530311584
40,456,405,365,kl,82.7,-0.09999999999999432,0.5094203352928162,0.45718780159950256,0.8582265377044678
40,456,406,366,kl,82.38,-0.3200000000000074,0.5420321226119995,0.45405977964401245,0.8371143937110901
40,456,407,367,kl,82.4,0.020000000000010232,0.5670653581619263,0.4929324686527252,0.7822840809822083
40,456,408,368,kl,82.28,-0.12000000000000455,0.6012485027313232,0.48820632696151733,0.9689151644706726
40,456,409,369,kl,82.44,0.1599999999999966,0.48276379704475403,0.4720759689807892,0.8313663005828857
40,456,410,370,ce,82.64,0.20000000000000284,0.25422537326812744,0.4025864005088806,1.4879488945007324
40,456,411,371,kl,82.52,-0.12000000000000455,0.5581179857254028,0.4770861566066742,1.0701320171356201
40,456,412,372,kl,79.9,-2.6199999999999903,0.7273659706115723,0.6517477035522461,1.4206757545471191
40,456,413,373,kl,80.22,0.3199999999999932,0.6568689346313477,0.5458662509918213,1.0253626108169556
40,456,414,374,kl,81.96,1.7399999999999949,0.6841175556182861,0.5308454036712646,0.905159056186676
40,456,415,375,kl,81.26,-0.6999999999999886,0.5683587193489075,0.5040582418441772,0.8774910569190979
40,456,416,376,kl,81.78,0.519999999999996,0.5903524160385132,0.5007599592208862,1.0225963592529297
40,456,417,377,kl,83.06,1.2800000000000011,0.4262234568595886,0.436626136302948,0.7977066040039062
40,456,418,378,kl,83.2,0.14000000000000057,0.5614563226699829,0.47760412096977234,0.7999972105026245
40,456,419,379,kl,83.04,-0.1599999999999966,0.5478370785713196,0.47950002551078796,0.828189492225647
40,456,420,380,kl,80.62,-2.4200000000000017,0.645500659942627,0.5579964518547058,1.1090041399002075
40,456,421,381,kl,79.16,-1.460000000000008,0.6635133028030396,0.5103106498718262,1.0480492115020752
40,456,422,382,kl,82.36,3.200000000000003,0.7303876876831055,0.596264660358429,1.2150235176086426
40,456,423,383,kl,82.46,0.09999999999999432,0.6337258815765381,0.49630263447761536,1.0313950777053833
40,456,424,384,kl,82.56,0.10000000000000853,0.6537591218948364,0.4933466911315918,1.0574454069137573
40,456,425,385,kl,82.56,0.0,0.5560067296028137,0.4543595612049103,0.8696821331977844
40,456,426,386,kl,82.86,0.29999999999999716,0.4831286072731018,0.45949026942253113,0.7722691893577576
40,456,427,387,kl,82.34,-0.519999999999996,0.5871909260749817,0.49064162373542786,0.9098053574562073
40,456,428,388,kl,82.42,0.0799999999999983,0.596868634223938,0.5029467344284058,0.7691691517829895
40,456,429,389,kl,82.7,0.28000000000000114,0.5937685370445251,0.48880892992019653,0.8311368227005005
40,456,430,390,kl,82.96,0.2599999999999909,0.4605120122432709,0.4467659890651703,0.8109610676765442
40,456,431,391,kl,80.32,-2.6400000000000006,0.6990373134613037,0.577713131904602,1.0197182893753052
40,456,432,392,kl,82.48,2.160000000000011,0.4898691773414612,0.4465949535369873,0.7726954817771912
40,456,433,393,kl,82.08,-0.4000000000000057,0.585296630859375,0.47682058811187744,0.8106748461723328
40,456,434,394,kl,81.3,-0.7800000000000011,0.4780952036380768,0.45737358927726746,0.8595820069313049
40,456,435,395,kl,82.76,1.460000000000008,0.6263583898544312,0.5253395438194275,0.9383783340454102
40,456,436,396,kl,82.92,0.1599999999999966,0.6301344633102417,0.5263940691947937,1.1002464294433594
40,456,437,397,kl,83.0,0.0799999999999983,0.5150697231292725,0.4616650938987732,0.7200287580490112
40,456,438,398,kl,82.96,-0.04000000000000625,0.6065545082092285,0.5000276565551758,0.8127273321151733
40,456,439,399,kl,82.4,-0.5599999999999881,0.6867333650588989,0.5526838302612305,0.96019047498703
40,456,440,400,kl,81.86,-0.5400000000000063,0.6218950748443604,0.52253258228302,1.01789128780365
40,456,441,401,kl,82.28,0.4200000000000017,0.4388383626937866,0.45726269483566284,0.8533545136451721
40,456,442,402,kl,83.26,0.980000000000004,0.5982467532157898,0.530664324760437,0.9261599183082581
40,456,443,403,kl,82.56,-0.7000000000000028,0.538752555847168,0.44833943247795105,0.6849191188812256
40,456,444,404,kl,81.9,-0.6599999999999966,0.6616759300231934,0.545754611492157,0.9302685856819153
40,456,445,405,kl,82.8,0.8999999999999915,0.665228545665741,0.5130681395530701,0.9770927429199219
40,456,446,406,kl,83.36,0.5600000000000023,0.6501030325889587,0.5032910108566284,0.9688411951065063
40,456,447,407,kl,83.36,0.0,0.5766428709030151,0.47307705879211426,0.971985399723053
40,456,448,408,kl,84.0,0.6400000000000006,0.4595091938972473,0.4683225452899933,0.8108190894126892
40,456,449,409,kl,83.4,-0.5999999999999943,0.5509591698646545,0.4939669072628021,0.8513050675392151
40,456,450,410,kl,82.12,-1.2800000000000011,0.591927170753479,0.49885204434394836,0.9493902325630188
40,456,451,411,ce,82.62,0.5,0.21947330236434937,0.36848077178001404,1.47128164768219
40,456,452,412,kl,82.76,0.14000000000000057,0.5002584457397461,0.45889219641685486,0.7546204924583435
40,456,453,413,kl,81.04,-1.7199999999999989,0.7008287310600281,0.5482543706893921,1.0335572957992554
40,456,454,414,kl,82.2,1.1599999999999966,0.5903911590576172,0.48758214712142944,0.9548492431640625
40,456,455,415,kl,83.36,1.1599999999999966,0.44581329822540283,0.44185712933540344,0.9011162519454956
40,456,456,416,kl,81.44,-1.9200000000000017,0.5427236557006836,0.5128505825996399,0.8865020275115967
40,456,457,417,kl,82.16,0.7199999999999989,0.6689831018447876,0.5045373439788818,0.9948080778121948
40,456,458,418,kl,82.36,0.20000000000000284,0.38047680258750916,0.4344596266746521,0.8868895769119263
40,456,459,419,kl,82.56,0.20000000000000284,0.45739203691482544,0.4719177484512329,0.759746253490448
40,456,460,420,kl,82.22,-0.3400000000000034,0.7012677788734436,0.5560017228126526,1.0792064666748047
40,456,461,421,kl,82.78,0.5600000000000023,0.392558217048645,0.46263059973716736,0.91539466381073
40,456,462,422,kl,82.8,0.01999999999999602,0.6035449504852295,0.5048765540122986,0.8273375630378723
40,456,463,423,kl,82.64,-0.1599999999999966,0.5568807721138,0.5329213738441467,0.918634831905365
40,456,464,424,kl,81.56,-1.0799999999999983,0.43606942892074585,0.4516812264919281,0.946586549282074
40,456,465,425,kl,82.56,1.0,0.6428892016410828,0.5133172273635864,0.9706802368164062
40,456,466,426,kl,81.2,-1.3599999999999994,0.6144605278968811,0.5267042517662048,0.9210762977600098
40,456,467,427,kl,83.36,2.1599999999999966,0.5766711235046387,0.4489383399486542,0.7109671831130981
40,456,468,428,kl,82.06,-1.2999999999999972,0.6286243796348572,0.5211991667747498,0.930902898311615
40,456,469,429,kl,83.1,1.039999999999992,0.6029461026191711,0.4727528691291809,0.9324184656143188
40,456,470,430,kl,83.32,0.21999999999999886,0.46403491497039795,0.42200398445129395,0.757266104221344
40,456,471,431,kl,82.34,-0.9799999999999898,0.540719747543335,0.48111817240715027,0.8177297711372375
40,456,472,432,kl,82.68,0.3400000000000034,0.6949285864830017,0.5560117959976196,0.8402121067047119
40,456,473,433,kl,83.22,0.539999999999992,0.6468840837478638,0.5099596381187439,0.8614836931228638
40,456,474,434,kl,82.5,-0.7199999999999989,0.6022549867630005,0.5126112699508667,0.8937466144561768
40,456,475,435,kl,82.96,0.45999999999999375,0.5411426424980164,0.4969984292984009,1.0484216213226318
40,456,476,436,kl,82.98,0.020000000000010232,0.48183250427246094,0.44747382402420044,0.8222313523292542
40,456,477,437,kl,83.24,0.2599999999999909,0.6369879841804504,0.5294270515441895,0.9764710664749146
40,456,478,438,kl,83.0,-0.23999999999999488,0.6062291860580444,0.47520148754119873,0.8310918211936951
40,456,479,439,kl,82.88,-0.12000000000000455,0.3165467381477356,0.4190366268157959,0.8413159847259521
40,456,480,440,kl,81.98,-0.8999999999999915,0.4077320992946625,0.44610580801963806,0.8747377991676331
40,456,481,441,kl,82.72,0.7399999999999949,0.5760053396224976,0.47941717505455017,0.7378476858139038
40,456,482,442,kl,83.02,0.29999999999999716,0.4075261950492859,0.4674220085144043,0.9086140990257263
40,456,483,443,kl,83.46,0.4399999999999977,0.3938208818435669,0.41176408529281616,0.7102997303009033
40,456,484,444,kl,81.34,-2.1199999999999903,0.6695436239242554,0.5912632346153259,1.1540359258651733
40,456,485,445,kl,82.02,0.6799999999999926,0.6914001703262329,0.5440694689750671,1.1437852382659912
40,456,486,446,kl,81.66,-0.35999999999999943,0.46425485610961914,0.44734203815460205,1.0345251560211182
40,456,487,447,kl,83.04,1.3800000000000097,0.48475420475006104,0.49794912338256836,0.9652503132820129
40,456,488,448,kl,82.56,-0.480000000000004,0.6380701065063477,0.5317636132240295,0.872509777545929
40,456,489,449,kl,83.04,0.480000000000004,0.570411205291748,0.4769861102104187,0.8926989436149597
40,456,490,450,kl,81.72,-1.3200000000000074,0.6283514499664307,0.5399383902549744,0.8402502536773682
40,456,491,451,kl,82.34,0.6200000000000045,0.6437572240829468,0.5318518280982971,1.0451605319976807
40,456,492,452,ce,83.6,1.259999999999991,0.2453472912311554,0.3680071234703064,1.5869988203048706
40,456,493,453,kl,81.94,-1.6599999999999966,0.6955493688583374,0.6150463819503784,1.062951683998108
40,456,494,454,kl,81.26,-0.6799999999999926,0.6703079342842102,0.5208140015602112,0.9052084684371948
40,456,495,455,kl,82.28,1.019999999999996,0.5761404037475586,0.4472281336784363,0.8956934809684753
40,456,496,456,kl,82.2,-0.0799999999999983,0.34149590134620667,0.4266064465045929,0.9403478503227234
40,456,497,457,kl,81.32,-0.8800000000000097,0.6068332195281982,0.49191156029701233,0.9285691976547241
40,456,498,458,kl,82.32,1.0,0.503383457660675,0.49037405848503113,0.9719597697257996
40,456,499,459,kl,82.66,0.3400000000000034,0.6178791522979736,0.5080001354217529,0.8870947360992432
40,456,500,460,kl,80.16,-2.5,0.702872097492218,0.6033133268356323,1.1859056949615479
40,456,501,461,kl,81.76,1.6000000000000085,0.6718645095825195,0.5683203339576721,0.9749849438667297
40,456,502,462,kl,81.68,-0.0799999999999983,0.6983281373977661,0.5715375542640686,0.9986939430236816
40,456,503,463,kl,83.06,1.3799999999999955,0.5766562223434448,0.4797411859035492,0.8603551387786865
40,456,504,464,kl,82.76,-0.29999999999999716,0.5678779482841492,0.4939781725406647,0.9342803955078125
40,456,505,465,kl,82.58,-0.18000000000000682,0.5427863001823425,0.4677464962005615,0.7925256490707397
40,456,506,466,kl,82.14,-0.4399999999999977,0.6910689473152161,0.5623379349708557,1.0833698511123657
40,456,507,467,kl,81.54,-0.5999999999999943,0.4258708655834198,0.4553316831588745,0.9150347113609314
40,456,508,468,kl,82.82,1.279999999999987,0.5610822439193726,0.46871545910835266,0.7549192309379578
40,456,509,469,kl,80.74,-2.0799999999999983,0.5191837549209595,0.5370007157325745,1.130026936531067
40,456,510,470,kl,81.56,0.8200000000000074,0.5747314691543579,0.5059266090393066,0.9739054441452026
40,456,511,471,kl,81.84,0.28000000000000114,0.6853542923927307,0.5369798541069031,0.8539953827857971
40,456,512,472,kl,81.86,0.01999999999999602,0.7034244537353516,0.5485286712646484,1.0459924936294556
40,456,513,473,kl,82.72,0.8599999999999994,0.6345773935317993,0.5234717130661011,0.9503514170646667
40,456,514,474,kl,82.08,-0.6400000000000006,0.5800760984420776,0.5015128254890442,0.9267100095748901
40,456,515,475,kl,81.38,-0.7000000000000028,0.48937925696372986,0.4772517681121826,0.9540648460388184
40,456,516,476,kl,81.8,0.4200000000000017,0.5975067615509033,0.49403244256973267,0.9949130415916443
40,456,517,477,kl,82.56,0.7600000000000051,0.5587815046310425,0.46564894914627075,0.8627159595489502
40,456,518,478,kl,82.64,0.0799999999999983,0.48447999358177185,0.49329841136932373,0.8832743167877197
40,456,519,479,kl,82.14,-0.5,0.7253782749176025,0.59214186668396,1.0584582090377808
40,456,520,480,kl,81.42,-0.7199999999999989,0.7037395238876343,0.5323423743247986,1.0101193189620972
40,456,521,481,kl,82.6,1.1799999999999926,0.4900289475917816,0.4433622360229492,1.1521466970443726
40,456,522,482,kl,81.78,-0.8199999999999932,0.656410276889801,0.5405433773994446,1.0046617984771729
40,456,523,483,kl,81.26,-0.519999999999996,0.6900461912155151,0.5812097191810608,0.9984030723571777
40,456,524,484,kl,83.18,1.9200000000000017,0.5477510690689087,0.4542776048183441,0.7712031006813049
40,456,525,485,kl,81.6,-1.5800000000000125,0.6338919401168823,0.5236995220184326,0.920791745185852
40,456,526,486,kl,82.82,1.2199999999999989,0.5133533477783203,0.4689455032348633,0.851147472858429
40,456,527,487,kl,82.06,-0.7599999999999909,0.6891674995422363,0.555225670337677,1.0992114543914795
40,456,528,488,kl,82.14,0.0799999999999983,0.6986979842185974,0.5454965233802795,0.9388883709907532
40,456,529,489,kl,83.56,1.4200000000000017,0.49019888043403625,0.4448777139186859,0.7050468325614929
40,456,530,490,kl,84.02,0.45999999999999375,0.521518349647522,0.45006945729255676,0.8281762599945068
40,456,531,491,kl,82.24,-1.7800000000000011,0.30475449562072754,0.4366791248321533,0.9457701444625854
40,456,532,492,kl,82.22,-0.01999999999999602,0.5207036137580872,0.4549116790294647,0.76117342710495
40,456,533,493,ce,82.48,0.2600000000000051,0.2887350022792816,0.38992270827293396,1.3925611972808838
40,456,534,494,kl,81.26,-1.2199999999999989,0.5338207483291626,0.5188246369361877,0.9487296938896179
40,456,535,495,kl,79.74,-1.5200000000000102,0.7051142454147339,0.604493260383606,1.265844702720642
40,456,536,496,kl,81.1,1.3599999999999994,0.5940292477607727,0.4948712885379791,0.7635530233383179
40,456,537,497,kl,83.22,2.1200000000000045,0.6454271674156189,0.5231338143348694,0.8476158976554871
40,456,538,498,kl,82.56,-0.6599999999999966,0.591177225112915,0.5115688443183899,1.073862075805664
40,456,539,499,kl,82.88,0.3199999999999932,0.6143472194671631,0.5071514248847961,0.9144299626350403
40,456,540,500,kl,83.08,0.20000000000000284,0.5688949823379517,0.4674603343009949,0.713055431842804
40,456,541,501,kl,82.0,-1.0799999999999983,0.5964853763580322,0.5153336524963379,0.9273808002471924
40,456,542,502,kl,79.78,-2.219999999999999,0.7170380353927612,0.6358026266098022,1.3698179721832275
40,456,543,503,kl,81.6,1.8199999999999932,0.615845799446106,0.5210893750190735,0.8515406847000122
40,456,544,504,kl,82.98,1.3800000000000097,0.6260809898376465,0.48480328917503357,0.8152034878730774
40,456,545,505,kl,81.78,-1.2000000000000028,0.6145605444908142,0.5305215716362,1.0656144618988037
40,456,546,506,kl,83.82,2.039999999999992,0.5277775526046753,0.4517093300819397,0.7916162014007568
40,456,547,507,kl,83.0,-0.8199999999999932,0.6632015705108643,0.5256219506263733,0.9414961338043213
40,456,548,508,kl,82.16,-0.8400000000000034,0.7377129197120667,0.5576806664466858,1.2165470123291016
40,456,549,509,kl,81.16,-1.0,0.662413477897644,0.5588887333869934,1.020192265510559
40,456,550,510,kl,82.7,1.5400000000000063,0.519457995891571,0.4523138701915741,0.7775942087173462
40,456,551,511,kl,80.28,-2.4200000000000017,0.629647433757782,0.5520843267440796,1.174173355102539
40,456,552,512,kl,81.9,1.6200000000000045,0.4887921214103699,0.43446478247642517,0.6750097274780273
40,456,553,513,kl,82.28,0.37999999999999545,0.58620285987854,0.5173245072364807,0.9137524366378784
40,456,554,514,kl,81.7,-0.5799999999999983,0.6238726377487183,0.5290796160697937,0.9289448261260986
40,456,555,515,kl,82.46,0.7599999999999909,0.5926171541213989,0.5450077056884766,1.0331164598464966
40,456,556,516,kl,82.72,0.2600000000000051,0.4361199140548706,0.4140300750732422,0.9392675757408142
40,456,557,517,kl,83.26,0.5400000000000063,0.5044569373130798,0.44327110052108765,0.8440110683441162
40,456,558,518,kl,82.54,-0.7199999999999989,0.3403867483139038,0.45093250274658203,1.1009196043014526
40,456,559,519,kl,83.52,0.9799999999999898,0.5495162606239319,0.4481202960014343,0.8177219033241272
40,456,560,520,kl,82.82,-0.7000000000000028,0.60541832447052,0.48671650886535645,0.7546249032020569
40,456,561,521,kl,82.82,0.0,0.6709104776382446,0.5287950038909912,0.9206299185752869
40,456,562,522,kl,80.32,-2.5,0.6083208322525024,0.5216931104660034,1.0679322481155396
40,456,563,523,kl,82.52,2.200000000000003,0.5427768230438232,0.4628644287586212,0.768539547920227
40,456,564,524,kl,79.46,-3.0600000000000023,0.6250696778297424,0.5509216785430908,1.26279878616333
40,456,565,525,kl,81.78,2.3200000000000074,0.5393041372299194,0.46184444427490234,0.820471465587616
40,456,566,526,kl,82.8,1.019999999999996,0.4986441731452942,0.44835492968559265,0.7859242558479309
40,456,567,527,kl,83.06,0.2600000000000051,0.6238493919372559,0.47031667828559875,0.8028314113616943
40,456,568,528,kl,82.44,-0.6200000000000045,0.46725693345069885,0.4214261770248413,0.7780893445014954
40,456,569,529,kl,81.68,-0.7599999999999909,0.6890218257904053,0.5419343113899231,0.9139748811721802
40,456,570,530,kl,82.82,1.1399999999999864,0.5924362540245056,0.4676201343536377,0.8491095304489136
40,456,571,531,kl,82.64,-0.1799999999999926,0.5473170280456543,0.5053043365478516,1.07241952419281
40,456,572,532,kl,83.24,0.5999999999999943,0.546164333820343,0.5008680820465088,0.9427535533905029
40,456,573,533,kl,81.72,-1.519999999999996,0.651168704032898,0.5316587090492249,0.9919597506523132
40,456,574,534,ce,82.64,0.9200000000000017,0.23564183712005615,0.3993372321128845,1.5566105842590332
40,456,575,535,kl,81.98,-0.6599999999999966,0.5523668527603149,0.47517120838165283,0.8401475548744202
40,456,576,536,kl,81.72,-0.2600000000000051,0.49711620807647705,0.5193549990653992,1.1856129169464111
40,456,577,537,kl,83.5,1.7800000000000011,0.666752815246582,0.545526385307312,0.8824108242988586
40,456,578,538,kl,81.86,-1.6400000000000006,0.49496954679489136,0.4696967899799347,0.9151879549026489
40,456,579,539,kl,83.22,1.3599999999999994,0.618036150932312,0.5203137397766113,0.9272478222846985
40,456,580,540,kl,83.64,0.4200000000000017,0.2931857705116272,0.402890145778656,0.786945641040802
40,456,581,541,kl,82.12,-1.519999999999996,0.5690611600875854,0.500849723815918,1.0713096857070923
40,456,582,542,kl,82.16,0.03999999999999204,0.5768017768859863,0.521047830581665,0.9157373309135437
40,456,583,543,kl,82.74,0.5799999999999983,0.5252445936203003,0.45986998081207275,0.7170361280441284
40,456,584,544,kl,83.54,0.8000000000000114,0.6067131757736206,0.47927266359329224,0.8513226509094238
40,456,585,545,kl,82.04,-1.5,0.5807324051856995,0.4857601225376129,0.8369399905204773
40,456,586,546,kl,81.54,-0.5,0.6633701920509338,0.5403112173080444,0.9973724484443665
40,456,587,547,kl,81.38,-0.1600000000000108,0.442435085773468,0.44068774580955505,1.018146276473999
40,456,588,548,kl,82.86,1.480000000000004,0.5731610655784607,0.49366483092308044,0.8992228507995605
40,456,589,549,kl,81.86,-1.0,0.7426137924194336,0.5557998418807983,1.2188658714294434
40,456,590,550,kl,83.26,1.4000000000000057,0.6796550750732422,0.5413169264793396,0.8770403265953064
40,456,591,551,kl,83.74,0.47999999999998977,0.5688797831535339,0.4485352337360382,0.7969716191291809
40,456,592,552,kl,83.32,-0.4200000000000017,0.5872539281845093,0.503876805305481,0.8799015283584595
40,456,593,553,kl,83.12,-0.19999999999998863,0.5375735759735107,0.44892650842666626,0.7710347175598145
40,456,594,554,kl,80.86,-2.260000000000005,0.41360020637512207,0.4576575756072998,0.9536482691764832
40,456,595,555,kl,82.04,1.1800000000000068,0.626498281955719,0.5251727104187012,0.9414981603622437
40,456,596,556,kl,82.24,0.19999999999998863,0.6492809057235718,0.49448901414871216,0.892347514629364
40,456,597,557,kl,82.14,-0.09999999999999432,0.643054723739624,0.5228750705718994,1.0295230150222778
40,456,598,558,kl,83.58,1.4399999999999977,0.35172155499458313,0.39466482400894165,0.7050859928131104
40,456,599,559,kl,82.52,-1.0600000000000023,0.617733359336853,0.5438312292098999,0.8680145740509033
40,456,600,560,kl,83.62,1.1000000000000085,0.42685332894325256,0.45709308981895447,0.864427924156189
40,456,601,561,kl,82.2,-1.4200000000000017,0.6552823185920715,0.5459853410720825,0.9817031621932983
40,456,602,562,kl,83.24,1.039999999999992,0.5499527454376221,0.43634918332099915,0.7564001679420471
40,456,603,563,kl,79.84,-3.3999999999999915,0.6735753417015076,0.546415388584137,1.1964244842529297
40,456,604,564,kl,82.46,2.6199999999999903,0.4267432689666748,0.4527808129787445,0.8220294713973999
40,456,605,565,kl,81.52,-0.9399999999999977,0.7426607608795166,0.6100316643714905,1.0753085613250732
40,456,606,566,kl,82.94,1.4200000000000017,0.34397920966148376,0.43233543634414673,0.9238919019699097
40,456,607,567,kl,82.46,-0.480000000000004,0.5551927089691162,0.481191486120224,0.8694659471511841
40,456,608,568,kl,81.1,-1.3599999999999994,0.6161497831344604,0.5126285552978516,0.9361286163330078
40,456,609,569,kl,80.42,-0.6799999999999926,0.7118297815322876,0.5990440249443054,1.114011526107788
40,456,610,570,kl,82.24,1.8199999999999932,0.6295863389968872,0.49108314514160156,0.8261948823928833
40,456,611,571,kl,82.34,0.10000000000000853,0.6648901700973511,0.5186273455619812,1.083168625831604
40,456,612,572,kl,83.92,1.5799999999999983,0.4673047959804535,0.43722003698349,0.7594985961914062
40,456,613,573,kl,83.04,-0.8799999999999955,0.6444441080093384,0.5119320750236511,1.0024434328079224
40,456,614,574,kl,82.84,-0.20000000000000284,0.5081303119659424,0.46810346841812134,0.9041268229484558
40,456,615,575,ce,82.48,-0.35999999999999943,0.2688407897949219,0.35415470600128174,1.6181552410125732
40,456,616,576,kl,82.78,0.29999999999999716,0.6298447847366333,0.5394936203956604,1.0403732061386108
40,456,617,577,kl,82.2,-0.5799999999999983,0.5767323970794678,0.47869282960891724,0.8621679544448853
40,456,618,578,kl,81.18,-1.019999999999996,0.6998196840286255,0.5780130624771118,1.128638505935669
40,456,619,579,kl,79.34,-1.8400000000000034,0.6672368049621582,0.5502239465713501,1.0752369165420532
40,456,620,580,kl,81.34,2.0,0.5770694613456726,0.4885837733745575,0.9126629829406738
40,456,621,581,kl,82.24,0.8999999999999915,0.6673703789710999,0.4943163990974426,0.8419174551963806
40,456,622,582,kl,81.78,-0.45999999999999375,0.6206651926040649,0.502427339553833,0.8907075524330139
40,456,623,583,kl,82.4,0.6200000000000045,0.6655524969100952,0.5406707525253296,1.0178683996200562
40,456,624,584,kl,82.9,0.5,0.6359944343566895,0.5169810056686401,0.9852926135063171
40,456,625,585,kl,83.66,0.7599999999999909,0.4740142226219177,0.4351308345794678,0.8296213746070862
40,456,626,586,kl,81.4,-2.259999999999991,0.5930601358413696,0.47095075249671936,0.9167044758796692
40,456,627,587,kl,83.46,2.059999999999988,0.630202054977417,0.5023042559623718,0.9721627235412598
40,456,628,588,kl,81.16,-2.299999999999997,0.4935307800769806,0.47079548239707947,0.996430516242981
40,456,629,589,kl,83.08,1.9200000000000017,0.5941992998123169,0.4538816809654236,0.8258522152900696
40,456,630,590,kl,83.38,0.29999999999999716,0.6130412220954895,0.4860546886920929,1.0309480428695679
40,456,631,591,kl,82.98,-0.3999999999999915,0.6483320593833923,0.5110559463500977,0.8118025064468384
40,456,632,592,kl,83.84,0.8599999999999994,0.5873262882232666,0.4835803806781769,0.8618608117103577
40,456,633,593,kl,83.58,-0.2600000000000051,0.6006977558135986,0.5454421639442444,0.9477446675300598
40,456,634,594,kl,83.62,0.04000000000000625,0.492190420627594,0.4643487334251404,0.79958176612854
40,456,635,595,kl,82.14,-1.480000000000004,0.6322208642959595,0.5139691829681396,0.8767091631889343
40,456,636,596,kl,81.92,-0.21999999999999886,0.6536504030227661,0.5205450057983398,0.9225805401802063
40,456,637,597,kl,81.9,-0.01999999999999602,0.6859204769134521,0.5473514199256897,0.9564593434333801
40,456,638,598,kl,82.58,0.6799999999999926,0.6847989559173584,0.5870988368988037,1.0863837003707886
40,456,639,599,kl,82.82,0.23999999999999488,0.523374080657959,0.44717106223106384,0.7518280148506165
40,456,640,600,kl,81.06,-1.759999999999991,0.6914058923721313,0.5679817795753479,1.1664613485336304
40,456,641,601,kl,82.1,1.039999999999992,0.45698028802871704,0.4916999340057373,1.0689767599105835
40,456,642,602,kl,82.52,0.4200000000000017,0.6415091753005981,0.46523723006248474,0.8015224933624268
40,456,643,603,kl,82.14,-0.37999999999999545,0.6553318500518799,0.5401694774627686,1.0042437314987183
40,456,644,604,kl,83.34,1.2000000000000028,0.6311830282211304,0.5056993961334229,0.9428527355194092
40,456,645,605,kl,82.98,-0.35999999999999943,0.4758351743221283,0.4453764855861664,0.775722324848175
40,456,646,606,kl,82.28,-0.7000000000000028,0.5631760954856873,0.5286833643913269,0.9207155108451843
40,456,647,607,kl,80.92,-1.3599999999999994,0.7000880241394043,0.5593655705451965,0.9285292625427246
40,456,648,608,kl,82.24,1.3199999999999932,0.6328227519989014,0.4994216859340668,0.9261326789855957
40,456,649,609,kl,81.66,-0.5799999999999983,0.5743391513824463,0.4996572434902191,0.9602392911911011
40,456,650,610,kl,82.98,1.3200000000000074,0.6138104200363159,0.4811733663082123,0.8027622103691101
40,456,651,611,kl,82.84,-0.14000000000000057,0.6113149523735046,0.5131587982177734,0.8801745772361755
40,456,652,612,kl,83.02,0.1799999999999926,0.6658270359039307,0.5069922208786011,0.8492082953453064
40,456,653,613,kl,82.98,-0.03999999999999204,0.7056479454040527,0.5528428554534912,1.0801023244857788
40,456,654,614,kl,82.58,-0.4000000000000057,0.5397262573242188,0.504149317741394,0.9106418490409851
40,456,655,615,kl,81.74,-0.8400000000000034,0.5889343023300171,0.5142912864685059,0.9485984444618225
40,456,656,616,ce,82.06,0.3200000000000074,0.32247182726860046,0.39272692799568176,1.568842887878418
40,456,657,617,kl,83.22,1.1599999999999966,0.6382789015769958,0.5176180601119995,0.8736794590950012
40,456,658,618,kl,81.98,-1.2399999999999949,0.4900401532649994,0.5096490383148193,0.9567848443984985
40,456,659,619,kl,83.0,1.019999999999996,0.5524906516075134,0.49265196919441223,0.7504610419273376
40,456,660,620,kl,82.78,-0.21999999999999886,0.5952540040016174,0.4758007228374481,0.9531291723251343
40,456,661,621,kl,83.42,0.6400000000000006,0.5847430229187012,0.47270527482032776,0.8195047378540039
40,456,662,622,kl,81.48,-1.9399999999999977,0.5487245917320251,0.44261324405670166,0.8263372778892517
40,456,663,623,kl,82.06,0.5799999999999983,0.5740623474121094,0.4646369516849518,0.7789190411567688
40,456,664,624,kl,81.48,-0.5799999999999983,0.6871938109397888,0.5764002203941345,1.0576794147491455
40,456,665,625,kl,82.02,0.539999999999992,0.6404680013656616,0.5350420475006104,0.9834633469581604
40,456,666,626,kl,82.52,0.5,0.5285769104957581,0.5000848174095154,0.8154044151306152
40,456,667,627,kl,83.06,0.5400000000000063,0.5560587644577026,0.46204105019569397,0.7472240924835205
40,456,668,628,kl,83.64,0.5799999999999983,0.4200158715248108,0.43913963437080383,0.7664198279380798
40,456,669,629,kl,82.52,-1.1200000000000045,0.6179733276367188,0.4670655131340027,0.921614408493042
40,456,670,630,kl,82.62,0.10000000000000853,0.534339189529419,0.47276315093040466,0.9246144890785217
40,456,671,631,kl,81.9,-0.7199999999999989,0.6548128128051758,0.5266156196594238,0.9292093515396118
40,456,672,632,kl,83.44,1.539999999999992,0.46878892183303833,0.44843339920043945,0.9377998113632202
40,456,673,633,kl,83.64,0.20000000000000284,0.48026108741760254,0.46792086958885193,0.818107008934021
40,456,674,634,kl,82.16,-1.480000000000004,0.631618082523346,0.5236607789993286,0.9474703669548035
40,456,675,635,kl,82.36,0.20000000000000284,0.6177201271057129,0.5056191682815552,0.9273824691772461
40,456,676,636,kl,80.76,-1.5999999999999943,0.6707029342651367,0.5146155953407288,0.9784612059593201
40,456,677,637,kl,82.52,1.759999999999991,0.49711671471595764,0.44141989946365356,0.6857779622077942
40,456,678,638,kl,82.9,0.38000000000000966,0.497958779335022,0.4795290231704712,1.015426754951477
40,456,679,639,kl,82.24,-0.6600000000000108,0.3664802014827728,0.43333515524864197,0.8025401830673218
40,456,680,640,kl,81.6,-0.6400000000000006,0.47640520334243774,0.48459023237228394,1.0033400058746338
40,456,681,641,kl,82.28,0.6800000000000068,0.44043391942977905,0.45028936862945557,0.8943504691123962
40,456,682,642,kl,83.2,0.9200000000000017,0.5038505792617798,0.4521750211715698,0.7783769965171814
40,456,683,643,kl,82.3,-0.9000000000000057,0.5681228637695312,0.5234389901161194,0.8595871925354004
40,456,684,644,kl,82.14,-0.1599999999999966,0.5429345369338989,0.4861278831958771,0.8638309836387634
40,456,685,645,kl,81.36,-0.7800000000000011,0.6770144104957581,0.5498028993606567,0.9118379950523376
40,456,686,646,kl,84.14,2.780000000000001,0.5009791254997253,0.42222845554351807,0.6847057938575745
40,456,687,647,kl,82.3,-1.8400000000000034,0.5825000405311584,0.5384159088134766,0.9378613233566284
40,456,688,648,kl,83.2,0.9000000000000057,0.6158400774002075,0.47998473048210144,0.9013491868972778
40,456,689,649,kl,82.82,-0.38000000000000966,0.49351978302001953,0.46028417348861694,0.8434742093086243
40,456,690,650,kl,83.3,0.480000000000004,0.6423618793487549,0.5224629640579224,0.8671033382415771
40,456,691,651,kl,81.74,-1.5600000000000023,0.5524573922157288,0.4776786267757416,0.9750497937202454
40,456,692,652,kl,82.76,1.0200000000000102,0.5518384575843811,0.48562097549438477,0.892279863357544
40,456,693,653,kl,84.04,1.2800000000000011,0.5218938589096069,0.4729148745536804,0.783822238445282
40,456,694,654,kl,83.7,-0.3400000000000034,0.4112931787967682,0.47411593794822693,1.0263421535491943
40,456,695,655,kl,81.82,-1.8800000000000097,0.4665461778640747,0.47546833753585815,0.8531457781791687
40,456,696,656,kl,83.22,1.4000000000000057,0.4510531425476074,0.4373752176761627,0.717655599117279
40,456,697,657,ce,82.88,-0.3400000000000034,0.34672802686691284,0.3985905051231384,1.5684847831726074
40,456,698,658,kl,82.94,0.060000000000002274,0.4391445517539978,0.46407169103622437,0.8366379737854004
40,456,699,659,kl,81.96,-0.980000000000004,0.694161057472229,0.5413786768913269,0.8925320506095886
40,456,700,660,kl,82.98,1.0200000000000102,0.5619300603866577,0.45522430539131165,0.7452932596206665
40,456,701,661,kl,82.42,-0.5600000000000023,0.5917398929595947,0.5017743706703186,0.8190622925758362
40,456,702,662,kl,81.6,-0.8200000000000074,0.7509697675704956,0.5847488045692444,1.0834357738494873
40,456,703,663,kl,83.36,1.7600000000000051,0.5868679881095886,0.4722178280353546,0.9050736427307129
40,456,704,664,kl,82.64,-0.7199999999999989,0.549785315990448,0.49064651131629944,0.8513569831848145
40,456,705,665,kl,81.48,-1.1599999999999966,0.5691090822219849,0.5212354063987732,1.0664678812026978
40,456,706,666,kl,82.34,0.8599999999999994,0.47207576036453247,0.48297014832496643,1.1067520380020142
40,456,707,667,kl,81.94,-0.4000000000000057,0.5907413363456726,0.5125429034233093,1.126785159111023
40,456,708,668,kl,82.88,0.9399999999999977,0.5593958497047424,0.48392441868782043,0.8437722325325012
40,456,709,669,kl,82.86,-0.01999999999999602,0.5031802654266357,0.4405597150325775,0.7941678762435913
40,456,710,670,kl,82.56,-0.29999999999999716,0.6158686876296997,0.5132268071174622,0.8388010859489441
40,456,711,671,kl,83.12,0.5600000000000023,0.6372286677360535,0.508706271648407,0.958207905292511
40,456,712,672,kl,82.54,-0.5799999999999983,0.5949058532714844,0.5066206455230713,0.866406261920929
40,456,713,673,kl,82.06,-0.480000000000004,0.7104473114013672,0.5852217078208923,1.1344064474105835
40,456,714,674,kl,82.98,0.9200000000000017,0.5793420076370239,0.4658563733100891,0.9051402807235718
40,456,715,675,kl,81.28,-1.7000000000000028,0.6008321642875671,0.5411068201065063,1.1027408838272095
40,456,716,676,kl,82.58,1.2999999999999972,0.5661081671714783,0.5053279399871826,0.8989721536636353
40,456,717,677,kl,83.48,0.9000000000000057,0.4874604344367981,0.4308996796607971,0.750180721282959
40,456,718,678,kl,81.32,-2.160000000000011,0.6113935708999634,0.5011270642280579,0.8625213503837585
40,456,719,679,kl,82.16,0.8400000000000034,0.6694386601448059,0.5841001272201538,1.0886443853378296
40,456,720,680,kl,82.64,0.480000000000004,0.6736683249473572,0.5008488297462463,0.9622036814689636
40,456,721,681,kl,82.34,-0.29999999999999716,0.6509640216827393,0.5525773167610168,1.1133990287780762
40,456,722,682,kl,83.22,0.8799999999999955,0.489161878824234,0.4810952842235565,0.9058013558387756
40,456,723,683,kl,82.52,-0.7000000000000028,0.5963324904441833,0.4695318341255188,0.9591399431228638
40,456,724,684,kl,82.92,0.4000000000000057,0.5443723797798157,0.4838029444217682,0.7758064270019531
40,456,725,685,kl,82.38,-0.5400000000000063,0.6783034801483154,0.5278409719467163,0.8825427889823914
40,456,726,686,kl,82.08,-0.29999999999999716,0.42983031272888184,0.47148680686950684,0.8952298760414124
40,456,727,687,kl,82.62,0.5400000000000063,0.5036736130714417,0.5015512108802795,0.8800377249717712
40,456,728,688,kl,81.32,-1.3000000000000114,0.5744460225105286,0.4987412989139557,0.9353474378585815
40,456,729,689,kl,83.16,1.8400000000000034,0.4480350613594055,0.4581073522567749,0.8699193596839905
40,456,730,690,kl,83.44,0.28000000000000114,0.6346352100372314,0.5222936868667603,0.9356275796890259
40,456,731,691,kl,81.8,-1.6400000000000006,0.6279898881912231,0.5082917809486389,0.8679099082946777
40,456,732,692,kl,81.96,0.1599999999999966,0.5699383020401001,0.48929423093795776,0.9887001514434814
40,456,733,693,kl,82.72,0.7600000000000051,0.5743806958198547,0.48768502473831177,0.8150572776794434
40,456,734,694,kl,82.98,0.2600000000000051,0.6920296549797058,0.5677565932273865,1.021302580833435
40,456,735,695,kl,83.12,0.14000000000000057,0.5288345813751221,0.47343575954437256,0.8508890271186829
40,456,736,696,kl,82.88,-0.2400000000000091,0.5283004641532898,0.4482974708080292,0.8550334572792053
40,456,737,697,kl,83.04,0.1600000000000108,0.49933764338493347,0.4296463131904602,0.7579460144042969
40,456,738,698,ce,81.7,-1.3400000000000034,0.3189973831176758,0.40967661142349243,1.674212098121643
40,456,739,699,kl,83.22,1.519999999999996,0.5859007239341736,0.5043116807937622,0.9008802175521851
40,456,740,700,kl,80.98,-2.239999999999995,0.7924302816390991,0.6674351096153259,1.224758267402649
40,456,741,701,kl,83.0,2.019999999999996,0.585404634475708,0.500507652759552,0.8973541855812073
40,456,742,702,kl,82.58,-0.4200000000000017,0.5336222648620605,0.46654200553894043,0.8750447034835815
40,456,743,703,kl,83.46,0.8799999999999955,0.6577142477035522,0.5127962827682495,0.8030781149864197
40,456,744,704,kl,82.78,-0.6799999999999926,0.4733569622039795,0.4781585931777954,0.8162271976470947
40,456,745,705,kl,82.74,-0.04000000000000625,0.5549944043159485,0.44878363609313965,0.6920467615127563
40,456,746,706,kl,82.62,-0.11999999999999034,0.6351146101951599,0.4886610209941864,0.8754426836967468
40,456,747,707,kl,82.68,0.060000000000002274,0.5049341917037964,0.48953908681869507,1.0385977029800415
40,456,748,708,kl,82.76,0.0799999999999983,0.6642581820487976,0.6067796349525452,1.18965744972229
40,456,749,709,kl,83.6,0.8399999999999892,0.47544196248054504,0.4449827969074249,0.8625156879425049
40,456,750,710,kl,82.56,-1.039999999999992,0.498741090297699,0.44140931963920593,0.9423377513885498
40,456,751,711,kl,82.82,0.2599999999999909,0.6483129858970642,0.5083003044128418,0.9162489771842957
40,456,752,712,kl,82.62,-0.19999999999998863,0.45843449234962463,0.4480708837509155,0.7863864898681641
40,456,753,713,kl,83.02,0.3999999999999915,0.5297431945800781,0.48578187823295593,0.9276142716407776
40,456,754,714,kl,79.8,-3.219999999999999,0.7052994966506958,0.5987375974655151,1.2075234651565552
40,456,755,715,kl,83.0,3.200000000000003,0.5418719053268433,0.4429803192615509,0.8088809847831726
40,456,756,716,kl,83.66,0.6599999999999966,0.5291010737419128,0.4387134909629822,0.7857563495635986
40,456,757,717,kl,83.16,-0.5,0.5287896394729614,0.47889482975006104,0.7866296768188477
40,456,758,718,kl,82.54,-0.6199999999999903,0.5726586580276489,0.4535020589828491,0.8222602009773254
40,456,759,719,kl,83.62,1.0799999999999983,0.5300577878952026,0.45627859234809875,0.816117525100708
40,456,760,720,kl,82.0,-1.6200000000000045,0.5108307003974915,0.4741075336933136,0.9679171442985535
40,456,761,721,kl,82.54,0.5400000000000063,0.48621273040771484,0.4348508417606354,0.7570298910140991
40,456,762,722,kl,83.04,0.5,0.5659613609313965,0.5330826044082642,0.9636731743812561
40,456,763,723,kl,82.32,-0.7200000000000131,0.5426777005195618,0.5032262802124023,0.8143490552902222
40,456,764,724,kl,81.58,-0.7399999999999949,0.7214503884315491,0.5647493600845337,1.0256277322769165
40,456,765,725,kl,82.98,1.4000000000000057,0.5374858975410461,0.4969361424446106,0.9097109436988831
40,456,766,726,kl,82.7,-0.28000000000000114,0.6940758228302002,0.5530660152435303,0.9562520980834961
40,456,767,727,kl,83.68,0.980000000000004,0.6592215895652771,0.5013411045074463,0.944151759147644
40,456,768,728,kl,83.02,-0.6600000000000108,0.5856421589851379,0.48669466376304626,0.801880419254303
40,456,769,729,kl,82.26,-0.7599999999999909,0.6289268136024475,0.5091164112091064,0.762946605682373
40,456,770,730,kl,83.04,0.7800000000000011,0.5401973724365234,0.4722958505153656,0.7612568140029907
40,456,771,731,kl,82.72,-0.3200000000000074,0.5659237504005432,0.4956381618976593,0.9084495902061462
40,456,772,732,kl,80.6,-2.1200000000000045,0.6232532262802124,0.5594012141227722,1.0965710878372192
40,456,773,733,kl,83.08,2.480000000000004,0.5442356467247009,0.49206045269966125,0.884639322757721
40,456,774,734,kl,82.7,-0.37999999999999545,0.543169379234314,0.4970106780529022,0.7948586940765381
40,456,775,735,kl,82.9,0.20000000000000284,0.6375458836555481,0.4984203279018402,0.846199095249176
40,456,776,736,kl,82.94,0.03999999999999204,0.6633550524711609,0.5007339119911194,1.0635024309158325
40,456,777,737,kl,83.28,0.3400000000000034,0.710206151008606,0.5369357466697693,0.9822779893875122
40,456,778,738,kl,81.92,-1.3599999999999994,0.6758956909179688,0.5634327530860901,1.0347477197647095
40,456,779,739,ce,83.42,1.5,0.254202663898468,0.388163298368454,1.5266473293304443
40,456,780,740,kl,81.64,-1.7800000000000011,0.31421026587486267,0.44117164611816406,1.1987206935882568
40,456,781,741,kl,83.08,1.4399999999999977,0.6057228446006775,0.5239887237548828,0.8797935843467712
40,456,782,742,kl,82.02,-1.0600000000000023,0.6880162358283997,0.5279653668403625,1.0428962707519531
40,456,783,743,kl,80.88,-1.1400000000000006,0.6595485210418701,0.581749677658081,1.007143497467041
40,456,784,744,kl,82.24,1.3599999999999994,0.6204290390014648,0.5194488167762756,0.993923008441925
40,456,785,745,kl,83.08,0.8400000000000034,0.4452579915523529,0.488783597946167,0.90301114320755
40,456,786,746,kl,83.0,-0.0799999999999983,0.7032210230827332,0.52851802110672,1.02861487865448
40,456,787,747,kl,82.98,-0.01999999999999602,0.5902019739151001,0.5211430788040161,0.8819818496704102
40,456,788,748,kl,83.56,0.5799999999999983,0.6704963445663452,0.529591977596283,0.9785172939300537
40,456,789,749,kl,82.28,-1.2800000000000011,0.6624499559402466,0.5321741104125977,0.9185025691986084
40,456,790,750,kl,82.28,0.0,0.5735457539558411,0.505548894405365,0.9071463346481323
40,456,791,751,kl,83.38,1.0999999999999943,0.6592100858688354,0.5308977961540222,0.8360992670059204
40,456,792,752,kl,82.78,-0.5999999999999943,0.5072921514511108,0.5038560628890991,0.9134337902069092
40,456,793,753,kl,83.16,0.37999999999999545,0.5476772785186768,0.4515532851219177,0.8769694566726685
40,456,794,754,kl,80.76,-2.3999999999999915,0.7188097238540649,0.5901864171028137,1.0919189453125
40,456,795,755,kl,81.8,1.039999999999992,0.5513945817947388,0.46085143089294434,0.8881880640983582
40,456,796,756,kl,83.58,1.7800000000000011,0.4985097050666809,0.46088576316833496,0.7781572341918945
40,456,797,757,kl,82.82,-0.7600000000000051,0.5948648452758789,0.4850628674030304,0.9765384793281555
40,456,798,758,kl,83.4,0.5800000000000125,0.6277387738227844,0.5248996019363403,0.8765146136283875
40,456,799,759,kl,81.54,-1.8599999999999994,0.6484047174453735,0.5265815854072571,0.9592440128326416
40,456,800,760,kl,83.08,1.539999999999992,0.5107563734054565,0.4246019721031189,0.896041989326477
40,456,801,761,kl,81.52,-1.5600000000000023,0.6350070834159851,0.5364218354225159,1.0602540969848633
40,456,802,762,kl,83.28,1.7600000000000051,0.6615745425224304,0.49618077278137207,0.8157576322555542
40,456,803,763,kl,83.04,-0.23999999999999488,0.5887160301208496,0.4678075313568115,0.8957377672195435
40,456,804,764,kl,81.22,-1.8200000000000074,0.580197811126709,0.5231165289878845,0.9253204464912415
40,456,805,765,kl,83.54,2.3200000000000074,0.5503675937652588,0.45870906114578247,0.8220818638801575
40,456,806,766,kl,82.42,-1.1200000000000045,0.7216188907623291,0.5930773019790649,1.267757534980774
40,456,807,767,kl,83.06,0.6400000000000006,0.590125322341919,0.46204760670661926,0.8335793018341064
40,456,808,768,kl,82.52,-0.5400000000000063,0.5259959697723389,0.4384295344352722,0.7660619020462036
40,456,809,769,kl,81.74,-0.7800000000000011,0.7145764827728271,0.5564243793487549,1.1038486957550049
40,456,810,770,kl,81.6,-0.14000000000000057,0.6976573467254639,0.5672491192817688,1.0839099884033203
40,456,811,771,kl,81.7,0.10000000000000853,0.4925183951854706,0.448259174823761,0.7855528593063354
40,456,812,772,kl,83.1,1.3999999999999915,0.6179323196411133,0.4853946566581726,0.7598147392272949
40,456,813,773,kl,83.46,0.35999999999999943,0.6260811686515808,0.4870319664478302,0.9087861776351929
40,456,814,774,kl,82.98,-0.47999999999998977,0.5362364649772644,0.48050618171691895,0.8546258807182312
40,456,815,775,kl,82.5,-0.480000000000004,0.5208988189697266,0.4768948554992676,0.7961595058441162
40,456,816,776,kl,83.18,0.6800000000000068,0.6654039621353149,0.5360892415046692,0.8814547061920166
40,456,817,777,kl,82.78,-0.4000000000000057,0.6188277006149292,0.5053941607475281,0.7976179718971252
40,456,818,778,kl,83.32,0.539999999999992,0.654463529586792,0.5262746214866638,0.9122353792190552
40,456,819,779,kl,81.42,-1.8999999999999915,0.5140997767448425,0.5200158953666687,1.0570530891418457
40,456,820,780,ce,82.76,1.3400000000000034,0.2107565701007843,0.3776642680168152,1.4922376871109009
40,789,1,-39,kl,15.42,6.039999999999999,0.7817518711090088,1.2933094501495361,2.6583058834075928
40,789,2,-38,kl,40.08,24.659999999999997,0.16882717609405518,0.5485314130783081,1.0283678770065308
40,789,3,-37,kl,42.2,2.1200000000000045,0.7114745378494263,0.741256594657898,1.428253412246704
40,789,4,-36,kl,55.92,13.719999999999999,0.7040022015571594,0.6439902782440186,1.347581148147583
40,789,5,-35,kl,61.9,5.979999999999997,0.5677129030227661,0.4637560248374939,0.9899030923843384
40,789,6,-34,kl,63.78,1.8800000000000026,0.6141518354415894,0.4748421907424927,1.1582804918289185
40,789,7,-33,kl,71.2,7.420000000000002,0.5796573758125305,0.46168819069862366,1.0549644231796265
40,789,8,-32,kl,70.7,-0.5,0.5381808280944824,0.43213847279548645,0.9935373067855835
40,789,9,-31,kl,72.56,1.8599999999999994,0.5775608420372009,0.4260537922382355,1.0251168012619019
40,789,10,-30,kl,70.74,-1.8200000000000074,0.5718259215354919,0.47534969449043274,0.9047461748123169
40,789,11,-29,kl,73.86,3.1200000000000045,0.7260134220123291,0.471465140581131,1.0240625143051147
40,789,12,-28,kl,73.52,-0.3400000000000034,0.5345560312271118,0.45307350158691406,1.030513048171997
40,789,13,-27,kl,75.16,1.6400000000000006,0.6338653564453125,0.4769117534160614,1.2026381492614746
40,789,14,-26,kl,75.88,0.7199999999999989,0.4066799283027649,0.3764289915561676,0.8203227519989014
40,789,15,-25,kl,77.34,1.460000000000008,0.33523377776145935,0.41665229201316833,1.1180499792099
40,789,16,-24,kl,77.44,0.09999999999999432,0.49651408195495605,0.4095533788204193,0.8439478874206543
40,789,17,-23,kl,77.7,0.2600000000000051,0.5477958917617798,0.41144490242004395,1.0047214031219482
40,789,18,-22,kl,76.78,-0.9200000000000017,0.433107852935791,0.4407075047492981,1.1883528232574463
40,789,19,-21,kl,75.54,-1.2399999999999949,0.5608399510383606,0.4725026786327362,1.3594378232955933
40,789,20,-20,kl,78.56,3.019999999999996,0.5392536520957947,0.36367902159690857,0.7754254937171936
40,789,21,-19,kl,75.3,-3.260000000000005,0.6591171026229858,0.5096344947814941,1.0527204275131226
40,789,22,-18,kl,77.88,2.5799999999999983,0.47943633794784546,0.3928455710411072,0.9292561411857605
40,789,23,-17,kl,79.38,1.5,0.5858990550041199,0.4032329320907593,0.8618000745773315
40,789,24,-16,kl,78.8,-0.5799999999999983,0.6185854077339172,0.4584008455276489,1.008546233177185
40,789,25,-15,kl,79.02,0.21999999999999886,0.6223376989364624,0.4458354413509369,0.9429132342338562
40,789,26,-14,kl,78.98,-0.03999999999999204,0.5788914561271667,0.41895875334739685,0.895983874797821
40,789,27,-13,kl,81.32,2.339999999999989,0.3730278015136719,0.346805602312088,0.7766757011413574
40,789,28,-12,kl,79.2,-2.1199999999999903,0.635278582572937,0.45225322246551514,1.0416607856750488
40,789,29,-11,kl,79.44,0.23999999999999488,0.4895726442337036,0.41573065519332886,1.073181390762329
40,789,30,-10,kl,80.48,1.0400000000000063,0.42147570848464966,0.37868112325668335,0.9414938688278198
40,789,31,-9,kl,80.36,-0.12000000000000455,0.5390961170196533,0.42319878935813904,0.788544237613678
40,789,32,-8,kl,79.58,-0.7800000000000011,0.5869967937469482,0.43865349888801575,0.8839928507804871
40,789,33,-7,kl,79.72,0.14000000000000057,0.5444358587265015,0.4068269431591034,0.8702447414398193
40,789,34,-6,kl,80.82,1.0999999999999943,0.5263884663581848,0.4423578083515167,1.1207844018936157
40,789,35,-5,kl,80.54,-0.2799999999999869,0.5779004096984863,0.4157499372959137,0.8222292065620422
40,789,36,-4,kl,81.4,0.8599999999999994,0.2889336049556732,0.3787226378917694,0.816746711730957
40,789,37,-3,kl,81.12,-0.28000000000000114,0.5690648555755615,0.42952290177345276,0.8243114352226257
40,789,38,-2,kl,78.7,-2.4200000000000017,0.40041297674179077,0.37709397077560425,1.084334135055542
40,789,39,-1,kl,80.78,2.0799999999999983,0.6468127965927124,0.44731903076171875,1.0314700603485107
40,789,40,0,kl,80.42,-0.35999999999999943,0.5206366181373596,0.40650656819343567,0.9064470529556274
40,789,41,1,ce,80.8,0.37999999999999545,0.22126534581184387,0.29895561933517456,1.6862138509750366
40,789,42,2,kl,77.72,-3.0799999999999983,0.5946351289749146,0.43299949169158936,1.2549865245819092
40,789,43,3,kl,80.56,2.8400000000000034,0.5697137117385864,0.4606040120124817,0.8950923681259155
40,789,44,4,kl,81.64,1.0799999999999983,0.39531296491622925,0.388208270072937,0.7814856171607971
40,789,45,5,kl,81.12,-0.519999999999996,0.3351272940635681,0.3641885817050934,0.7755674123764038
40,789,46,6,kl,80.36,-0.7600000000000051,0.396200567483902,0.4179045855998993,0.8265301585197449
40,789,47,7,kl,80.86,0.5,0.4492517113685608,0.43630698323249817,1.1517252922058105
40,789,48,8,kl,79.54,-1.3199999999999932,0.5291573405265808,0.4607786238193512,1.0048528909683228
40,789,49,9,kl,80.78,1.2399999999999949,0.4851212501525879,0.4191734492778778,0.9950281381607056
40,789,50,10,kl,80.6,-0.18000000000000682,0.4099058210849762,0.38087689876556396,0.7982308864593506
40,789,51,11,kl,80.22,-0.37999999999999545,0.5408207774162292,0.4557315409183502,1.1608952283859253
40,789,52,12,kl,80.14,-0.0799999999999983,0.4507993459701538,0.4121052026748657,0.9509959816932678
40,789,53,13,kl,81.08,0.9399999999999977,0.37306612730026245,0.37234243750572205,0.8104748725891113
40,789,54,14,kl,82.02,0.9399999999999977,0.5243141651153564,0.42213237285614014,0.9619266986846924
40,789,55,15,kl,81.4,-0.6199999999999903,0.4343286156654358,0.3726155757904053,0.8344718217849731
40,789,56,16,kl,81.5,0.09999999999999432,0.4751175045967102,0.42307183146476746,0.8489266037940979
40,789,57,17,kl,81.02,-0.480000000000004,0.5969550013542175,0.47074735164642334,0.8723747730255127
40,789,58,18,kl,79.62,-1.3999999999999915,0.4984554946422577,0.3825311064720154,0.8901159763336182
40,789,59,19,kl,81.36,1.7399999999999949,0.5639781951904297,0.43010732531547546,0.8047655820846558
40,789,60,20,kl,81.0,-0.35999999999999943,0.40899375081062317,0.38129180669784546,0.8144009113311768
40,789,61,21,kl,81.64,0.6400000000000006,0.4858306646347046,0.4069778323173523,1.1465309858322144
40,789,62,22,kl,82.18,0.5400000000000063,0.4824584126472473,0.40386784076690674,0.8606951832771301
40,789,63,23,kl,81.48,-0.7000000000000028,0.22548283636569977,0.3477109670639038,1.0530601739883423
40,789,64,24,kl,80.42,-1.0600000000000023,0.5167978405952454,0.42463570833206177,0.7995063662528992
40,789,65,25,kl,80.96,0.539999999999992,0.4775209128856659,0.4114086329936981,1.050450325012207
40,789,66,26,kl,82.16,1.2000000000000028,0.34120994806289673,0.38987064361572266,1.0503770112991333
40,789,67,27,kl,81.52,-0.6400000000000006,0.3402947187423706,0.37087732553482056,0.9795559644699097
40,789,68,28,kl,78.86,-2.6599999999999966,0.7121317386627197,0.5397924780845642,1.2379673719406128
40,789,69,29,kl,81.18,2.3200000000000074,0.6380850076675415,0.5065971612930298,0.9532085061073303
40,789,70,30,kl,80.9,-0.28000000000000114,0.46975523233413696,0.44259482622146606,1.1404876708984375
40,789,71,31,kl,79.58,-1.3200000000000074,0.6155421733856201,0.5229194760322571,1.190989375114441
40,789,72,32,kl,81.8,2.219999999999999,0.48204147815704346,0.40649256110191345,0.9396023750305176
40,789,73,33,kl,80.74,-1.0600000000000023,0.5012453198432922,0.44825685024261475,1.0618586540222168
40,789,74,34,kl,81.94,1.2000000000000028,0.5907800197601318,0.4628082513809204,0.9535568356513977
40,789,75,35,kl,81.04,-0.8999999999999915,0.6090087890625,0.47383609414100647,0.8393874168395996
40,789,76,36,kl,81.2,0.1599999999999966,0.6438990831375122,0.47639891505241394,0.9542325735092163
40,789,77,37,kl,81.32,0.11999999999999034,0.47232910990715027,0.4240478575229645,0.763429582118988
40,789,78,38,kl,81.08,-0.23999999999999488,0.5405418276786804,0.4544519782066345,0.9050074815750122
40,789,79,39,kl,80.98,-0.09999999999999432,0.5402862429618835,0.46614593267440796,0.9246432781219482
40,789,80,40,kl,81.44,0.45999999999999375,0.6445538997650146,0.4628990888595581,0.8743254542350769
40,789,81,41,kl,80.5,-0.9399999999999977,0.5522048473358154,0.46177515387535095,1.0648765563964844
40,789,82,42,ce,81.46,0.9599999999999937,0.3038504719734192,0.3586544692516327,1.810492992401123
40,789,83,43,kl,81.38,-0.0799999999999983,0.4865679442882538,0.44137099385261536,1.1411945819854736
40,789,84,44,kl,78.42,-2.9599999999999937,0.505784809589386,0.47064709663391113,1.156131386756897
40,789,85,45,kl,82.34,3.9200000000000017,0.6696515083312988,0.4827854335308075,0.8971322178840637
40,789,86,46,kl,81.56,-0.7800000000000011,0.43267717957496643,0.4027291536331177,0.8742557764053345
40,789,87,47,kl,82.8,1.2399999999999949,0.5509250164031982,0.43919768929481506,0.8044553995132446
40,789,88,48,kl,81.22,-1.5799999999999983,0.6217309236526489,0.496396541595459,0.9461906552314758
40,789,89,49,kl,81.96,0.7399999999999949,0.5095576643943787,0.4124983251094818,0.7476287484169006
40,789,90,50,kl,81.58,-0.37999999999999545,0.6142011880874634,0.47715261578559875,1.003487467765808
40,789,91,51,kl,82.46,0.8799999999999955,0.5312610268592834,0.4348883330821991,0.9082708954811096
40,789,92,52,kl,82.24,-0.21999999999999886,0.4162023365497589,0.3906651735305786,1.123704433441162
40,789,93,53,kl,81.36,-0.8799999999999955,0.5241007804870605,0.45209720730781555,1.0509387254714966
40,789,94,54,kl,81.28,-0.0799999999999983,0.4962993264198303,0.42551717162132263,0.9123885035514832
40,789,95,55,kl,81.22,-0.060000000000002274,0.5271153450012207,0.40420857071876526,0.9085657000541687
40,789,96,56,kl,80.4,-0.8199999999999932,0.6160072088241577,0.4837798774242401,1.0496586561203003
40,789,97,57,kl,82.24,1.8399999999999892,0.4554707705974579,0.4033373296260834,1.1730868816375732
40,789,98,58,kl,80.98,-1.259999999999991,0.5840674638748169,0.4573799967765808,1.0900399684906006
40,789,99,59,kl,81.62,0.6400000000000006,0.5231031775474548,0.43653056025505066,1.0634921789169312
40,789,100,60,kl,79.62,-2.0,0.6559200286865234,0.5414032936096191,1.3774868249893188
40,789,101,61,kl,81.18,1.5600000000000023,0.45858949422836304,0.4099142849445343,1.0084344148635864
40,789,102,62,kl,81.02,-0.1600000000000108,0.40432244539260864,0.3878366947174072,0.9149264097213745
40,789,103,63,kl,81.46,0.4399999999999977,0.4857451319694519,0.4610781967639923,0.999804675579071
40,789,104,64,kl,80.2,-1.259999999999991,0.46762815117836,0.4478295147418976,1.0693728923797607
40,789,105,65,kl,82.14,1.9399999999999977,0.4490637183189392,0.40486863255500793,0.9765872359275818
40,789,106,66,kl,81.06,-1.0799999999999983,0.6338127851486206,0.4956594705581665,0.9757124185562134
40,789,107,67,kl,82.36,1.2999999999999972,0.4748498499393463,0.4184109568595886,0.9091328382492065
40,789,108,68,kl,82.06,-0.29999999999999716,0.5247009992599487,0.4676130414009094,0.9796108603477478
40,789,109,69,kl,82.28,0.21999999999999886,0.5184911489486694,0.42506644129753113,0.8364944458007812
40,789,110,70,kl,80.18,-2.0999999999999943,0.6410374045372009,0.5348491668701172,1.1316726207733154
40,789,111,71,kl,80.52,0.3399999999999892,0.5026487112045288,0.4277089536190033,0.9399747252464294
40,789,112,72,kl,80.24,-0.28000000000000114,0.5466427803039551,0.4776999354362488,1.0652029514312744
40,789,113,73,kl,81.62,1.3800000000000097,0.6403073668479919,0.49029049277305603,1.1664777994155884
40,789,114,74,kl,80.7,-0.9200000000000017,0.5783674120903015,0.4986933767795563,1.1387420892715454
40,789,115,75,kl,81.36,0.6599999999999966,0.5985661745071411,0.47725778818130493,1.1769047975540161
40,789,116,76,kl,80.34,-1.019999999999996,0.4922172427177429,0.4584624171257019,1.2968751192092896
40,789,117,77,kl,82.46,2.1199999999999903,0.3657585382461548,0.39674869179725647,0.9607952237129211
40,789,118,78,kl,81.6,-0.8599999999999994,0.5098811388015747,0.4417498707771301,0.9906848073005676
40,789,119,79,kl,80.18,-1.4199999999999875,0.4445810616016388,0.4247378408908844,1.2308945655822754
40,789,120,80,kl,82.2,2.019999999999996,0.5798115134239197,0.45288723707199097,0.8855966329574585
40,789,121,81,kl,82.8,0.5999999999999943,0.4698708653450012,0.40222588181495667,0.8565990924835205
40,789,122,82,kl,82.26,-0.539999999999992,0.4759540557861328,0.41460707783699036,0.9086857438087463
40,789,123,83,ce,81.82,-0.44000000000001194,0.35048019886016846,0.37533241510391235,1.5917794704437256
40,789,124,84,kl,81.18,-0.6399999999999864,0.38997212052345276,0.43450087308883667,1.1061148643493652
40,789,125,85,kl,82.08,0.8999999999999915,0.516606330871582,0.4483155310153961,0.7952337861061096
40,789,126,86,kl,79.7,-2.3799999999999955,0.5351677536964417,0.4712202548980713,1.0788203477859497
40,789,127,87,kl,81.42,1.7199999999999989,0.5316795706748962,0.45415258407592773,0.9353950023651123
40,789,128,88,kl,81.74,0.3199999999999932,0.549951434135437,0.4495924413204193,0.9781871438026428
40,789,129,89,kl,82.04,0.30000000000001137,0.37317484617233276,0.4009082615375519,0.885901927947998
40,789,130,90,kl,80.92,-1.1200000000000045,0.5410600900650024,0.46339133381843567,1.139206886291504
40,789,131,91,kl,81.32,0.3999999999999915,0.3941026031970978,0.41569003462791443,0.9462640285491943
40,789,132,92,kl,82.12,0.8000000000000114,0.4350453019142151,0.4493533968925476,1.02016282081604
40,789,133,93,kl,80.62,-1.5,0.5832987427711487,0.47477951645851135,1.1917130947113037
40,789,134,94,kl,81.34,0.7199999999999989,0.5210568904876709,0.42278507351875305,0.9310295581817627
40,789,135,95,kl,81.8,0.45999999999999375,0.5667078495025635,0.4626345932483673,0.9697533249855042
40,789,136,96,kl,83.3,1.5,0.3620716333389282,0.38930660486221313,0.8146315813064575
40,789,137,97,kl,82.12,-1.1799999999999926,0.4524309039115906,0.41636332869529724,0.9544397592544556
40,789,138,98,kl,82.24,0.11999999999999034,0.4740232527256012,0.4283086061477661,0.9354506134986877
40,789,139,99,kl,81.64,-0.5999999999999943,0.5197292566299438,0.4198361337184906,0.8684271574020386
40,789,140,100,kl,81.94,0.29999999999999716,0.37060609459877014,0.4121837913990021,0.8767465353012085
40,789,141,101,kl,82.26,0.3200000000000074,0.3999261260032654,0.42555034160614014,1.0105434656143188
40,789,142,102,kl,81.8,-0.46000000000000796,0.4152061343193054,0.4262840747833252,0.9495046138763428
40,789,143,103,kl,81.02,-0.7800000000000011,0.6650518774986267,0.5431482195854187,1.320181965827942
40,789,144,104,kl,80.36,-0.6599999999999966,0.29222172498703003,0.37713512778282166,0.8805601000785828
40,789,145,105,kl,81.7,1.3400000000000034,0.5442580580711365,0.44914790987968445,0.984632134437561
40,789,146,106,kl,81.44,-0.2600000000000051,0.5862604379653931,0.4539012908935547,0.8947073221206665
40,789,147,107,kl,81.54,0.10000000000000853,0.5705251097679138,0.475013792514801,0.9615858197212219
40,789,148,108,kl,80.96,-0.5800000000000125,0.6544021368026733,0.5275210738182068,1.086403489112854
40,789,149,109,kl,82.3,1.3400000000000034,0.5661749839782715,0.47957703471183777,0.9868668913841248
40,789,150,110,kl,82.26,-0.03999999999999204,0.3525315821170807,0.38780924677848816,0.963627815246582
40,789,151,111,kl,81.08,-1.1800000000000068,0.48929616808891296,0.4284742474555969,0.7761775255203247
40,789,152,112,kl,82.0,0.9200000000000017,0.3966396749019623,0.43695345520973206,0.9867181777954102
40,789,153,113,kl,81.96,-0.04000000000000625,0.5007302761077881,0.43600016832351685,1.0710595846176147
40,789,154,114,kl,82.64,0.6800000000000068,0.29663434624671936,0.36991071701049805,0.9889458417892456
40,789,155,115,kl,80.38,-2.260000000000005,0.4031345844268799,0.41039854288101196,1.1323707103729248
40,789,156,116,kl,82.58,2.200000000000003,0.4410873055458069,0.42888015508651733,0.9046487212181091
40,789,157,117,kl,80.26,-2.319999999999993,0.413644939661026,0.41503316164016724,1.288762092590332
40,789,158,118,kl,80.32,0.05999999999998806,0.4425785541534424,0.42552128434181213,1.1203166246414185
40,789,159,119,kl,81.82,1.5,0.3764623999595642,0.39446505904197693,0.915774405002594
40,789,160,120,kl,82.3,0.480000000000004,0.43121248483657837,0.39598822593688965,0.9344781041145325
40,789,161,121,kl,82.0,-0.29999999999999716,0.315265953540802,0.3929709792137146,1.1280878782272339
40,789,162,122,kl,81.82,-0.18000000000000682,0.43510890007019043,0.405446857213974,0.9486199021339417
40,789,163,123,kl,82.3,0.480000000000004,0.500418484210968,0.4138178825378418,0.896760106086731
40,789,164,124,ce,82.36,0.060000000000002274,0.2696959376335144,0.31567877531051636,1.7649650573730469
40,789,165,125,kl,82.06,-0.29999999999999716,0.4536871910095215,0.4320944845676422,0.9101402163505554
40,789,166,126,kl,81.48,-0.5799999999999983,0.5626245737075806,0.43755510449409485,1.037927269935608
40,789,167,127,kl,82.26,0.7800000000000011,0.5084927082061768,0.44654664397239685,0.8734467029571533
40,789,168,128,kl,80.96,-1.3000000000000114,0.5602797269821167,0.4924897849559784,1.1627269983291626
40,789,169,129,kl,79.96,-1.0,0.5698994398117065,0.4478006362915039,1.1992417573928833
40,789,170,130,kl,80.78,0.8200000000000074,0.4837087094783783,0.4435769021511078,1.0067657232284546
40,789,171,131,kl,81.56,0.7800000000000011,0.4649560749530792,0.4476969540119171,1.1763900518417358
40,789,172,132,kl,82.0,0.4399999999999977,0.4029126763343811,0.4260692894458771,0.8859217166900635
40,789,173,133,kl,81.12,-0.8799999999999955,0.5739297270774841,0.49648550152778625,1.2238680124282837
40,789,174,134,kl,83.02,1.8999999999999915,0.50273597240448,0.40867653489112854,1.0122511386871338
40,789,175,135,kl,81.76,-1.259999999999991,0.586940348148346,0.4643053412437439,1.043028473854065
40,789,176,136,kl,82.3,0.539999999999992,0.4380424916744232,0.4058530330657959,0.9895930290222168
40,789,177,137,kl,81.3,-1.0,0.5485868453979492,0.4639289677143097,1.1426546573638916
40,789,178,138,kl,82.58,1.2800000000000011,0.47172150015830994,0.44130852818489075,1.001965880393982
40,789,179,139,kl,82.32,-0.2600000000000051,0.4255290627479553,0.4407497048377991,0.8361968398094177
40,789,180,140,kl,81.14,-1.1799999999999926,0.5446904301643372,0.4479999840259552,1.0140875577926636
40,789,181,141,kl,81.12,-0.01999999999999602,0.6692600250244141,0.5132381916046143,0.9940078258514404
40,789,182,142,kl,81.18,0.060000000000002274,0.3948346972465515,0.4273754954338074,0.9588812589645386
40,789,183,143,kl,82.22,1.039999999999992,0.42479637265205383,0.40140268206596375,0.8884206414222717
40,789,184,144,kl,82.28,0.060000000000002274,0.5041311979293823,0.41568249464035034,0.8069979548454285
40,789,185,145,kl,82.52,0.23999999999999488,0.5074281692504883,0.4300205409526825,0.8453189134597778
40,789,186,146,kl,82.46,-0.060000000000002274,0.4901847243309021,0.43860018253326416,1.005737543106079
40,789,187,147,kl,79.52,-2.9399999999999977,0.45589420199394226,0.4220910668373108,0.9456910490989685
40,789,188,148,kl,79.72,0.20000000000000284,0.42435336112976074,0.4615187346935272,1.015388011932373
40,789,189,149,kl,81.44,1.7199999999999989,0.4441790282726288,0.42672020196914673,1.0865546464920044
40,789,190,150,kl,80.4,-1.039999999999992,0.5118312239646912,0.46389326453208923,1.0553350448608398
40,789,191,151,kl,82.92,2.519999999999996,0.4828141927719116,0.398197203874588,0.8770872354507446
40,789,192,152,kl,81.0,-1.9200000000000017,0.43445658683776855,0.4083079397678375,0.9401376247406006
40,789,193,153,kl,81.26,0.2600000000000051,0.447455495595932,0.4180510342121124,0.7639491558074951
40,789,194,154,kl,81.76,0.5,0.3954946994781494,0.4068489372730255,0.9289728999137878
40,789,195,155,kl,82.14,0.37999999999999545,0.42237013578414917,0.42876097559928894,0.8601183891296387
40,789,196,156,kl,82.02,-0.12000000000000455,0.5171595811843872,0.4583287537097931,0.9246618151664734
40,789,197,157,kl,79.98,-2.039999999999992,0.5104235410690308,0.4630570113658905,1.1178864240646362
40,789,198,158,kl,80.9,0.9200000000000017,0.5291743874549866,0.4413939416408539,1.0878779888153076
40,789,199,159,kl,82.08,1.1799999999999926,0.5080267190933228,0.42393600940704346,0.9075168967247009
40,789,200,160,kl,80.62,-1.4599999999999937,0.6042702794075012,0.4821695387363434,1.0037413835525513
40,789,201,161,kl,82.06,1.4399999999999977,0.42852938175201416,0.4163742661476135,0.795162558555603
40,789,202,162,kl,82.18,0.12000000000000455,0.4751209020614624,0.4348107874393463,0.9325125813484192
40,789,203,163,kl,81.22,-0.960000000000008,0.5772238969802856,0.4654516279697418,1.1613821983337402
40,789,204,164,kl,82.44,1.2199999999999989,0.5060908794403076,0.44299161434173584,0.8965227603912354
40,789,205,165,ce,79.26,-3.1799999999999926,0.3621448576450348,0.4204905033111572,1.661671757698059
40,789,206,166,kl,81.28,2.019999999999996,0.251655638217926,0.35422810912132263,1.025771975517273
40,789,207,167,kl,80.9,-0.37999999999999545,0.4273417294025421,0.4336073696613312,1.0457394123077393
40,789,208,168,kl,80.72,-0.18000000000000682,0.4890362024307251,0.4130903482437134,0.9009160399436951
40,789,209,169,kl,82.34,1.6200000000000045,0.47277045249938965,0.4150731563568115,0.9833565950393677
40,789,210,170,kl,81.78,-0.5600000000000023,0.537868320941925,0.41910260915756226,0.8078239560127258
40,789,211,171,kl,82.62,0.8400000000000034,0.5928673148155212,0.458187073469162,0.7723550796508789
40,789,212,172,kl,82.26,-0.35999999999999943,0.5421412587165833,0.456794798374176,0.8132412433624268
40,789,213,173,kl,81.38,-0.8800000000000097,0.33563339710235596,0.37215906381607056,0.9852154850959778
40,789,214,174,kl,82.64,1.2600000000000051,0.3436506390571594,0.40978410840034485,1.246235966682434
40,789,215,175,kl,81.98,-0.6599999999999966,0.509289026260376,0.4353134036064148,0.8879858255386353
40,789,216,176,kl,81.76,-0.21999999999999886,0.49918484687805176,0.447295606136322,0.9573803544044495
40,789,217,177,kl,81.72,-0.04000000000000625,0.45808494091033936,0.43027666211128235,0.9150447249412537
40,789,218,178,kl,82.36,0.6400000000000006,0.5550131797790527,0.4752282202243805,1.0372551679611206
40,789,219,179,kl,82.44,0.0799999999999983,0.38114121556282043,0.3725402057170868,0.9369069933891296
40,789,220,180,kl,79.6,-2.8400000000000034,0.40744486451148987,0.4429716169834137,1.0339725017547607
40,789,221,181,kl,82.14,2.5400000000000063,0.4822343587875366,0.45439890027046204,0.9908379316329956
40,789,222,182,kl,81.86,-0.28000000000000114,0.40732502937316895,0.4227612316608429,0.8396597504615784
40,789,223,183,kl,81.12,-0.7399999999999949,0.48716866970062256,0.41268953680992126,0.910895824432373
40,789,224,184,kl,82.74,1.6199999999999903,0.5420928001403809,0.437826544046402,0.829859733581543
40,789,225,185,kl,81.38,-1.3599999999999994,0.6366279125213623,0.4772484600543976,0.9062790870666504
40,789,226,186,kl,81.42,0.04000000000000625,0.36256852746009827,0.4093244671821594,0.8622600436210632
40,789,227,187,kl,82.02,0.5999999999999943,0.41075611114501953,0.4424607455730438,0.9246463775634766
40,789,228,188,kl,82.5,0.480000000000004,0.4567936062812805,0.4131148159503937,0.8593738675117493
40,789,229,189,kl,80.64,-1.8599999999999994,0.6097014546394348,0.482401043176651,1.0138728618621826
40,789,230,190,kl,82.88,2.239999999999995,0.4053885340690613,0.43152040243148804,0.8350825905799866
40,789,231,191,kl,82.12,-0.7599999999999909,0.34386155009269714,0.3869069218635559,0.9678081274032593
40,789,232,192,kl,82.12,0.0,0.31110745668411255,0.37763649225234985,0.8983753323554993
40,789,233,193,kl,83.1,0.9799999999999898,0.31457996368408203,0.35984528064727783,0.7777292728424072
40,789,234,194,kl,82.26,-0.8399999999999892,0.4041133522987366,0.43413910269737244,0.9897797107696533
40,789,235,195,kl,81.84,-0.4200000000000017,0.6179705858230591,0.4907808303833008,0.9850739240646362
40,789,236,196,kl,82.04,0.20000000000000284,0.433963418006897,0.4062369763851166,1.1556462049484253
40,789,237,197,kl,82.88,0.8399999999999892,0.4712539315223694,0.40839239954948425,0.8982753157615662
40,789,238,198,kl,81.3,-1.5799999999999983,0.4323263168334961,0.4055194854736328,0.8397625088691711
40,789,239,199,kl,82.52,1.2199999999999989,0.5115416646003723,0.4539077877998352,1.0176057815551758
40,789,240,200,kl,81.08,-1.4399999999999977,0.46615350246429443,0.43455588817596436,0.8292598724365234
40,789,241,201,kl,81.96,0.8799999999999955,0.41060927510261536,0.4168536067008972,0.8877050876617432
40,789,242,202,kl,81.04,-0.9199999999999875,0.5071374177932739,0.4481947422027588,1.0583213567733765
40,789,243,203,kl,81.68,0.6400000000000006,0.44050201773643494,0.4204726219177246,0.8810943365097046
40,789,244,204,kl,81.52,-0.1600000000000108,0.6349661350250244,0.4949442148208618,1.1466684341430664
40,789,245,205,kl,81.9,0.38000000000000966,0.5191690921783447,0.4466235935688019,0.9856522679328918
40,789,246,206,ce,81.92,0.01999999999999602,0.241987407207489,0.349931538105011,1.6309654712677002
40,789,247,207,kl,81.96,0.03999999999999204,0.4595585763454437,0.43884310126304626,0.8814558386802673
40,789,248,208,kl,82.06,0.10000000000000853,0.48338568210601807,0.4348226487636566,0.8357609510421753
40,789,249,209,kl,82.32,0.2599999999999909,0.39184659719467163,0.41682541370391846,0.9216994047164917
40,789,250,210,kl,81.68,-0.6399999999999864,0.41755789518356323,0.40898460149765015,0.8783883452415466
40,789,251,211,kl,81.7,0.01999999999999602,0.46749383211135864,0.43259528279304504,1.156136155128479
40,789,252,212,kl,82.54,0.8400000000000034,0.39270538091659546,0.4053093492984772,0.9682711958885193
40,789,253,213,kl,80.3,-2.240000000000009,0.4382439851760864,0.42283162474632263,1.032562017440796
40,789,254,214,kl,81.96,1.6599999999999966,0.4598834812641144,0.43058687448501587,1.1213412284851074
40,789,255,215,kl,82.2,0.2400000000000091,0.49426496028900146,0.4515804350376129,0.8839704990386963
40,789,256,216,kl,82.16,-0.04000000000000625,0.3903266489505768,0.3936155140399933,0.9044607281684875
40,789,257,217,kl,81.92,-0.23999999999999488,0.5746344923973083,0.44306710362434387,0.8349552750587463
40,789,258,218,kl,82.18,0.2600000000000051,0.4088096022605896,0.42033836245536804,0.9000431299209595
40,789,259,219,kl,83.12,0.9399999999999977,0.39771994948387146,0.40012264251708984,0.9540924429893494
40,789,260,220,kl,82.04,-1.0799999999999983,0.4654041528701782,0.41916942596435547,0.8286454677581787
40,789,261,221,kl,82.16,0.11999999999999034,0.490376353263855,0.4739696979522705,0.9243065118789673
40,789,262,222,kl,82.54,0.38000000000000966,0.5077638626098633,0.40904104709625244,0.672480583190918
40,789,263,223,kl,82.04,-0.5,0.5598649978637695,0.44679296016693115,0.9700902104377747
40,789,264,224,kl,82.36,0.3199999999999932,0.4560779333114624,0.4560787081718445,1.0369518995285034
40,789,265,225,kl,82.5,0.14000000000000057,0.525905966758728,0.4584929943084717,0.8738059997558594
40,789,266,226,kl,82.76,0.2600000000000051,0.4623037874698639,0.4209161102771759,1.1461975574493408
40,789,267,227,kl,82.66,-0.10000000000000853,0.4587264657020569,0.41378486156463623,0.8686268329620361
40,789,268,228,kl,82.66,0.0,0.5305118560791016,0.408711314201355,0.921943724155426
40,789,269,229,kl,81.86,-0.7999999999999972,0.5219563841819763,0.4723905622959137,1.0612220764160156
40,789,270,230,kl,83.18,1.3200000000000074,0.3113991618156433,0.37811681628227234,0.8764960765838623
40,789,271,231,kl,83.24,0.05999999999998806,0.37900564074516296,0.39242738485336304,0.7341107726097107
40,789,272,232,kl,82.1,-1.1400000000000006,0.5129966139793396,0.4446799159049988,0.8801921010017395
40,789,273,233,kl,81.14,-0.9599999999999937,0.5413391590118408,0.43795710802078247,0.9294814467430115
40,789,274,234,kl,81.22,0.0799999999999983,0.4945337176322937,0.4423682987689972,0.9608691930770874
40,789,275,235,kl,82.52,1.2999999999999972,0.38018128275871277,0.41694721579551697,0.9631195664405823
40,789,276,236,kl,82.74,0.21999999999999886,0.4594841003417969,0.4078691601753235,0.9767566323280334
40,789,277,237,kl,82.06,-0.6799999999999926,0.5033488273620605,0.4384836256504059,1.078653335571289
40,789,278,238,kl,82.38,0.3199999999999932,0.4168110191822052,0.3859477639198303,0.8527358770370483
40,789,279,239,kl,83.22,0.8400000000000034,0.39865684509277344,0.4282490015029907,0.9509724378585815
40,789,280,240,kl,82.18,-1.039999999999992,0.3593778610229492,0.41806358098983765,0.8988590836524963
40,789,281,241,kl,81.26,-0.9200000000000017,0.5524694323539734,0.453366219997406,1.1035726070404053
40,789,282,242,kl,82.36,1.0999999999999943,0.47820109128952026,0.4322623610496521,0.9222161173820496
40,789,283,243,kl,82.14,-0.21999999999999886,0.6280345916748047,0.49583542346954346,1.1250743865966797
40,789,284,244,kl,81.52,-0.6200000000000045,0.45607230067253113,0.44715437293052673,1.0611177682876587
40,789,285,245,kl,80.8,-0.7199999999999989,0.5207830667495728,0.46044260263442993,1.1795415878295898
40,789,286,246,kl,82.76,1.960000000000008,0.4381554126739502,0.4204298257827759,0.9650814533233643
40,789,287,247,ce,81.9,-0.8599999999999994,0.30450573563575745,0.3469337522983551,1.8699299097061157
40,789,288,248,kl,81.92,0.01999999999999602,0.4657209515571594,0.44155630469322205,1.03923761844635
40,789,289,249,kl,81.94,0.01999999999999602,0.447700560092926,0.4575332701206207,0.9400743246078491
40,789,290,250,kl,81.34,-0.5999999999999943,0.45381540060043335,0.43743428587913513,0.9576268792152405
40,789,291,251,kl,82.52,1.1799999999999926,0.34724515676498413,0.40231671929359436,1.1499592065811157
40,789,292,252,kl,81.54,-0.9799999999999898,0.508044958114624,0.4282197058200836,1.0128604173660278
40,789,293,253,kl,82.92,1.3799999999999955,0.4509800672531128,0.437254399061203,0.987587571144104
40,789,294,254,kl,78.46,-4.460000000000008,0.5974611043930054,0.5043621063232422,1.3378962278366089
40,789,295,255,kl,81.82,3.3599999999999994,0.4421740770339966,0.40868043899536133,0.9070197343826294
40,789,296,256,kl,82.94,1.1200000000000045,0.48562711477279663,0.4352421760559082,0.8657982349395752
40,789,297,257,kl,78.5,-4.439999999999998,0.6729254722595215,0.5408369898796082,1.4481537342071533
40,789,298,258,kl,82.28,3.780000000000001,0.5225813984870911,0.432716965675354,0.7915443181991577
40,789,299,259,kl,81.14,-1.1400000000000006,0.5930815935134888,0.45169246196746826,0.9301178455352783
40,789,300,260,kl,82.42,1.2800000000000011,0.5503458976745605,0.45379894971847534,0.9404895305633545
40,789,301,261,kl,80.58,-1.8400000000000034,0.4446525275707245,0.42053964734077454,1.1700111627578735
40,789,302,262,kl,83.66,3.0799999999999983,0.46354079246520996,0.4271872639656067,0.7870454788208008
40,789,303,263,kl,80.92,-2.739999999999995,0.5206407308578491,0.4585625231266022,1.0284312963485718
40,789,304,264,kl,80.98,0.060000000000002274,0.5868584513664246,0.5176137089729309,1.2755874395370483
40,789,305,265,kl,82.56,1.5799999999999983,0.35210442543029785,0.39685937762260437,0.9215167760848999
40,789,306,266,kl,81.56,-1.0,0.3891361355781555,0.4142899513244629,0.8770443201065063
40,789,307,267,kl,82.16,0.5999999999999943,0.40500760078430176,0.39323264360427856,0.9709844589233398
40,789,308,268,kl,82.82,0.6599999999999966,0.3711143732070923,0.3930208384990692,0.9446302056312561
40,789,309,269,kl,82.06,-0.7599999999999909,0.38437598943710327,0.41811439394950867,0.7804854512214661
40,789,310,270,kl,81.42,-0.6400000000000006,0.5298710465431213,0.45124509930610657,1.172611951828003
40,789,311,271,kl,81.74,0.3199999999999932,0.5619054436683655,0.4871114492416382,1.0237252712249756
40,789,312,272,kl,82.16,0.4200000000000017,0.4348558783531189,0.41805896162986755,0.9271296262741089
40,789,313,273,kl,82.58,0.4200000000000017,0.49380484223365784,0.4397117495536804,1.030603289604187
40,789,314,274,kl,81.08,-1.5,0.4538979232311249,0.42775869369506836,0.9615477919578552
40,789,315,275,kl,79.48,-1.5999999999999943,0.44183549284935,0.4451233744621277,1.031951665878296
40,789,316,276,kl,81.64,2.1599999999999966,0.5545182824134827,0.4632100760936737,0.9849183559417725
40,789,317,277,kl,81.18,-0.45999999999999375,0.6196644306182861,0.498892217874527,1.156929612159729
40,789,318,278,kl,81.9,0.7199999999999989,0.46220582723617554,0.3882215619087219,0.9049365520477295
40,789,319,279,kl,83.1,1.1999999999999886,0.5781071782112122,0.45930710434913635,0.9366236329078674
40,789,320,280,kl,82.36,-0.7399999999999949,0.5723480582237244,0.46851325035095215,0.8517209887504578
40,789,321,281,kl,82.4,0.04000000000000625,0.5713784694671631,0.4709829092025757,0.8973239064216614
40,789,322,282,kl,81.54,-0.8599999999999994,0.5272588729858398,0.493033766746521,0.9345843195915222
40,789,323,283,kl,82.18,0.6400000000000006,0.5603249073028564,0.45809268951416016,1.0120068788528442
40,789,324,284,kl,81.86,-0.3200000000000074,0.585229754447937,0.46972358226776123,0.8987980484962463
40,789,325,285,kl,83.6,1.7399999999999949,0.30636000633239746,0.3892424702644348,0.9921656250953674
40,789,326,286,kl,82.48,-1.1199999999999903,0.4328509569168091,0.44736289978027344,1.056294322013855
40,789,327,287,kl,82.76,0.28000000000000114,0.42367592453956604,0.4086756706237793,0.8425693511962891
40,789,328,288,ce,81.98,-0.7800000000000011,0.20376193523406982,0.33834606409072876,1.5213220119476318
40,789,329,289,kl,81.9,-0.0799999999999983,0.6032382845878601,0.5085089206695557,1.0471868515014648
40,789,330,290,kl,82.36,0.45999999999999375,0.6470044851303101,0.5154275298118591,1.1316601037979126
40,789,331,291,kl,81.94,-0.4200000000000017,0.42842358350753784,0.3954944312572479,1.0194900035858154
40,789,332,292,kl,82.76,0.8200000000000074,0.566141664981842,0.5331916213035583,1.1995179653167725
40,789,333,293,kl,82.4,-0.35999999999999943,0.45044660568237305,0.4131256639957428,0.7536278963088989
40,789,334,294,kl,82.26,-0.14000000000000057,0.527080774307251,0.4136837124824524,0.9171746373176575
40,789,335,295,kl,82.16,-0.10000000000000853,0.3160319924354553,0.4151843786239624,0.9194229245185852
40,789,336,296,kl,82.16,0.0,0.4740457534790039,0.4252624213695526,0.8225402235984802
40,789,337,297,kl,82.46,0.29999999999999716,0.3789485991001129,0.40036478638648987,0.9494135975837708
40,789,338,298,kl,80.86,-1.5999999999999943,0.7231231927871704,0.5702704787254333,1.325387716293335
40,789,339,299,kl,82.22,1.3599999999999994,0.627161979675293,0.49412864446640015,1.0418964624404907
40,789,340,300,kl,81.66,-0.5600000000000023,0.5983070135116577,0.4849907457828522,1.0783512592315674
40,789,341,301,kl,83.04,1.3800000000000097,0.44819432497024536,0.42072802782058716,0.9392679333686829
40,789,342,302,kl,82.36,-0.6800000000000068,0.5423681735992432,0.4773039221763611,0.9912312030792236
40,789,343,303,kl,81.78,-0.5799999999999983,0.4313441514968872,0.43296298384666443,0.9013694524765015
40,789,344,304,kl,81.16,-0.6200000000000045,0.6147476434707642,0.4631308615207672,0.9876862168312073
40,789,345,305,kl,81.82,0.6599999999999966,0.5518620014190674,0.47549110651016235,0.9510805010795593
40,789,346,306,kl,81.74,-0.0799999999999983,0.49522078037261963,0.4350806772708893,0.8737325072288513
40,789,347,307,kl,82.28,0.5400000000000063,0.49952149391174316,0.4461316466331482,1.0045082569122314
40,789,348,308,kl,81.76,-0.519999999999996,0.5922609567642212,0.48625507950782776,1.1130952835083008
40,789,349,309,kl,82.14,0.37999999999999545,0.40857625007629395,0.4204826056957245,0.9705228209495544
40,789,350,310,kl,82.64,0.5,0.35692572593688965,0.41181516647338867,0.898600697517395
40,789,351,311,kl,82.3,-0.3400000000000034,0.4345259368419647,0.4468027949333191,1.1565008163452148
40,789,352,312,kl,81.26,-1.039999999999992,0.49834105372428894,0.4824618697166443,1.1069648265838623
40,789,353,313,kl,81.52,0.2599999999999909,0.4336737394332886,0.4298771619796753,0.9184837937355042
40,789,354,314,kl,81.3,-0.21999999999999886,0.45189541578292847,0.4366740584373474,0.8679166436195374
40,789,355,315,kl,81.0,-0.29999999999999716,0.564751923084259,0.49900901317596436,1.1810357570648193
40,789,356,316,kl,81.82,0.8199999999999932,0.5350958108901978,0.443918377161026,0.9074848294258118
40,789,357,317,kl,81.66,-0.1599999999999966,0.4442455768585205,0.391594797372818,0.9529412388801575
40,789,358,318,kl,81.54,-0.11999999999999034,0.5338583588600159,0.46281343698501587,1.004673719406128
40,789,359,319,kl,82.56,1.019999999999996,0.6074990034103394,0.5028717517852783,0.8743637204170227
40,789,360,320,kl,82.54,-0.01999999999999602,0.4636844992637634,0.41212746500968933,0.8053904175758362
40,789,361,321,kl,81.24,-1.3000000000000114,0.46365809440612793,0.4269088804721832,0.9718418717384338
40,789,362,322,kl,81.6,0.35999999999999943,0.5489786863327026,0.4679534435272217,1.027051568031311
40,789,363,323,kl,82.14,0.5400000000000063,0.5128052830696106,0.42477482557296753,0.8343542218208313
40,789,364,324,kl,81.24,-0.9000000000000057,0.4007663130760193,0.4083675146102905,0.8925927877426147
40,789,365,325,kl,83.04,1.8000000000000114,0.5609062910079956,0.4269751012325287,0.8890440464019775
40,789,366,326,kl,82.52,-0.5200000000000102,0.35693082213401794,0.39535093307495117,0.8001747727394104
40,789,367,327,kl,81.68,-0.8399999999999892,0.5544970035552979,0.4528603255748749,0.9744133949279785
40,789,368,328,kl,82.3,0.6199999999999903,0.5887637138366699,0.48009344935417175,1.147957682609558
40,789,369,329,ce,81.38,-0.9200000000000017,0.42847293615341187,0.410556823015213,1.7954567670822144
40,789,370,330,kl,82.28,0.9000000000000057,0.3968522548675537,0.42841947078704834,1.0568398237228394
40,789,371,331,kl,81.82,-0.46000000000000796,0.4894588589668274,0.46362772583961487,1.0630342960357666
40,789,372,332,kl,81.0,-0.8199999999999932,0.46216726303100586,0.40463054180145264,0.7808780074119568
40,789,373,333,kl,84.02,3.019999999999996,0.3243131637573242,0.3807716369628906,0.8873311877250671
40,789,374,334,kl,82.82,-1.2000000000000028,0.4255066514015198,0.43397027254104614,0.8194139003753662
40,789,375,335,kl,82.46,-0.35999999999999943,0.5438242554664612,0.4602658748626709,0.9735618829727173
40,789,376,336,kl,83.46,1.0,0.37707000970840454,0.4022633135318756,0.9069349765777588
40,789,377,337,kl,81.76,-1.6999999999999886,0.38759440183639526,0.40543243288993835,1.0224143266677856
40,789,378,338,kl,83.04,1.2800000000000011,0.23308196663856506,0.3566822111606598,0.9729492664337158
40,789,379,339,kl,82.8,-0.2400000000000091,0.46563053131103516,0.43857884407043457,0.9734822511672974
40,789,380,340,kl,82.38,-0.4200000000000017,0.4878540635108948,0.4347939193248749,0.8383998274803162
40,789,381,341,kl,82.86,0.480000000000004,0.48868328332901,0.4348962903022766,0.8540615439414978
40,789,382,342,kl,82.08,-0.7800000000000011,0.3828165829181671,0.41271814703941345,1.0249162912368774
40,789,383,343,kl,83.58,1.5,0.44715794920921326,0.3885740339756012,0.8678321838378906
40,789,384,344,kl,81.82,-1.7600000000000051,0.6114585399627686,0.4727393388748169,0.9940728545188904
40,789,385,345,kl,82.5,0.6800000000000068,0.43778344988822937,0.42342227697372437,0.8462657928466797
40,789,386,346,kl,82.22,-0.28000000000000114,0.6457597613334656,0.5050240159034729,1.0963906049728394
40,789,387,347,kl,82.1,-0.12000000000000455,0.40503427386283875,0.4296231269836426,1.0076838731765747
40,789,388,348,kl,82.04,-0.05999999999998806,0.5681002140045166,0.447883665561676,1.0306565761566162
40,789,389,349,kl,82.1,0.05999999999998806,0.38400697708129883,0.40848442912101746,1.0720582008361816
40,789,390,350,kl,82.9,0.8000000000000114,0.5095549821853638,0.4309937059879303,0.8703862428665161
40,789,391,351,kl,82.32,-0.5800000000000125,0.33387574553489685,0.4014712870121002,1.131111979484558
40,789,392,352,kl,81.7,-0.6199999999999903,0.5251060724258423,0.45923104882240295,0.8716424107551575
40,789,393,353,kl,82.52,0.8199999999999932,0.509036123752594,0.45484963059425354,1.215698480606079
40,789,394,354,kl,83.02,0.5,0.4972163438796997,0.43168458342552185,1.0782182216644287
40,789,395,355,kl,82.0,-1.019999999999996,0.537840723991394,0.43566229939460754,0.871991753578186
40,789,396,356,kl,82.52,0.519999999999996,0.38462793827056885,0.4164981245994568,1.0124270915985107
40,789,397,357,kl,80.76,-1.759999999999991,0.5740609169006348,0.4588375389575958,0.8884372711181641
40,789,398,358,kl,81.62,0.8599999999999994,0.5113807916641235,0.45870572328567505,1.0513769388198853
40,789,399,359,kl,81.1,-0.5200000000000102,0.4929159879684448,0.43100014328956604,1.0217379331588745
40,789,400,360,kl,80.72,-0.37999999999999545,0.5647276043891907,0.47062116861343384,0.9757547974586487
40,789,401,361,kl,82.18,1.460000000000008,0.5453272461891174,0.47617173194885254,1.0364820957183838
40,789,402,362,kl,80.68,-1.5,0.6142014265060425,0.468947172164917,1.0603562593460083
40,789,403,363,kl,82.08,1.3999999999999915,0.4902784526348114,0.4490596652030945,1.1082837581634521
40,789,404,364,kl,81.74,-0.3400000000000034,0.4461238384246826,0.4315238296985626,0.983981192111969
40,789,405,365,kl,82.18,0.44000000000001194,0.5220126509666443,0.43793413043022156,0.972719132900238
40,789,406,366,kl,80.64,-1.5400000000000063,0.5690001845359802,0.49207359552383423,1.1333527565002441
40,789,407,367,kl,81.52,0.8799999999999955,0.5542356967926025,0.45219412446022034,0.9067646861076355
40,789,408,368,kl,81.98,0.46000000000000796,0.4422793984413147,0.4515027105808258,0.8222554326057434
40,789,409,369,kl,81.98,0.0,0.6005237698554993,0.4896346628665924,1.1006665229797363
40,789,410,370,ce,81.82,-0.1600000000000108,0.33733272552490234,0.36648038029670715,1.6851462125778198
40,789,411,371,kl,81.88,0.060000000000002274,0.575291633605957,0.4632936418056488,1.0712504386901855
40,789,412,372,kl,83.32,1.4399999999999977,0.599928617477417,0.43932145833969116,0.9507951140403748
40,789,413,373,kl,81.94,-1.3799999999999955,0.5180641412734985,0.4703526198863983,0.9201584458351135
40,789,414,374,kl,81.18,-0.7599999999999909,0.6309228539466858,0.49900132417678833,1.2699462175369263
40,789,415,375,kl,82.74,1.559999999999988,0.4699590802192688,0.405048131942749,0.984530508518219
40,789,416,376,kl,82.64,-0.09999999999999432,0.500734269618988,0.4324284493923187,1.0038520097732544
40,789,417,377,kl,79.38,-3.260000000000005,0.6524597406387329,0.5550982356071472,1.1856582164764404
40,789,418,378,kl,83.44,4.060000000000002,0.5378163456916809,0.421435683965683,0.7714576125144958
40,789,419,379,kl,75.78,-7.659999999999997,0.6936867237091064,0.583474338054657,1.6117624044418335
40,789,420,380,kl,82.24,6.459999999999994,0.47162407636642456,0.411469042301178,0.8614941835403442
40,789,421,381,kl,81.76,-0.47999999999998977,0.5202001333236694,0.4303010106086731,0.9562861919403076
40,789,422,382,kl,82.48,0.7199999999999989,0.5309550762176514,0.42141398787498474,0.8979721069335938
40,789,423,383,kl,82.76,0.28000000000000114,0.5898406505584717,0.4573608338832855,0.9172271490097046
40,789,424,384,kl,81.6,-1.1600000000000108,0.6757367849349976,0.5227168798446655,1.2392823696136475
40,789,425,385,kl,82.9,1.3000000000000114,0.2691614627838135,0.34682926535606384,0.9309020638465881
40,789,426,386,kl,80.86,-2.0400000000000063,0.5297094583511353,0.4591621160507202,1.17023766040802
40,789,427,387,kl,82.14,1.2800000000000011,0.4379284381866455,0.4533024728298187,0.8619746565818787
40,789,428,388,kl,83.36,1.2199999999999989,0.5418460369110107,0.4666700065135956,0.9717022180557251
40,789,429,389,kl,82.2,-1.1599999999999966,0.49860289692878723,0.44032055139541626,0.9209908843040466
40,789,430,390,kl,81.64,-0.5600000000000023,0.4431781768798828,0.4299037754535675,0.9962182641029358
40,789,431,391,kl,83.16,1.519999999999996,0.39710569381713867,0.41490137577056885,0.9412971138954163
40,789,432,392,kl,83.12,-0.03999999999999204,0.5005025863647461,0.4339291453361511,0.8042535185813904
40,789,433,393,kl,81.4,-1.7199999999999989,0.5772485733032227,0.47777822613716125,1.1187396049499512
40,789,434,394,kl,81.84,0.4399999999999977,0.47463956475257874,0.4393703043460846,0.9435310959815979
40,789,435,395,kl,82.42,0.5799999999999983,0.5587339401245117,0.45445021986961365,0.9594857692718506
40,789,436,396,kl,82.54,0.12000000000000455,0.47610729932785034,0.420484334230423,0.8880950212478638
40,789,437,397,kl,82.22,-0.3200000000000074,0.552786111831665,0.46251702308654785,0.9621225595474243
40,789,438,398,kl,81.02,-1.2000000000000028,0.5590826272964478,0.4753479063510895,1.151911973953247
40,789,439,399,kl,82.12,1.1000000000000085,0.5046815872192383,0.4270087778568268,0.9211594462394714
40,789,440,400,kl,81.52,-0.6000000000000085,0.44191181659698486,0.40876978635787964,0.9425222277641296
40,789,441,401,kl,82.54,1.0200000000000102,0.45975497364997864,0.42864954471588135,0.9260873198509216
40,789,442,402,kl,82.44,-0.10000000000000853,0.49776947498321533,0.4214140474796295,0.889096200466156
40,789,443,403,kl,81.94,-0.5,0.47116145491600037,0.4504040777683258,1.0053043365478516
40,789,444,404,kl,81.7,-0.23999999999999488,0.47766441106796265,0.4574069380760193,1.1179182529449463
40,789,445,405,kl,81.74,0.03999999999999204,0.32370734214782715,0.3838860094547272,1.000187635421753
40,789,446,406,kl,81.08,-0.6599999999999966,0.5203723907470703,0.47020643949508667,0.9288394451141357
40,789,447,407,kl,83.24,2.1599999999999966,0.4395543932914734,0.40436646342277527,0.9414687156677246
40,789,448,408,kl,81.42,-1.8199999999999932,0.548073410987854,0.4394756853580475,0.8683416247367859
40,789,449,409,kl,81.02,-0.4000000000000057,0.5028426647186279,0.45363277196884155,0.9922840595245361
40,789,450,410,kl,81.74,0.7199999999999989,0.46791064739227295,0.43331265449523926,0.9274237751960754
40,789,451,411,ce,81.62,-0.11999999999999034,0.30435678362846375,0.3593313992023468,1.6999918222427368
40,789,452,412,kl,80.82,-0.8000000000000114,0.613567054271698,0.5469119548797607,1.1497973203659058
40,789,453,413,kl,82.48,1.6600000000000108,0.5180418491363525,0.4241872727870941,1.0319733619689941
40,789,454,414,kl,83.06,0.5799999999999983,0.42993009090423584,0.4223778247833252,1.0155695676803589
40,789,455,415,kl,82.88,-0.18000000000000682,0.5676189661026001,0.4701524078845978,1.0479618310928345
40,789,456,416,kl,81.1,-1.7800000000000011,0.5610617399215698,0.4693855941295624,1.1881647109985352
40,789,457,417,kl,82.54,1.440000000000012,0.546751856803894,0.4360429048538208,0.8339744210243225
40,789,458,418,kl,82.56,0.01999999999999602,0.5154457092285156,0.40924137830734253,0.7982971668243408
40,789,459,419,kl,82.24,-0.3200000000000074,0.5488013625144958,0.47739145159721375,0.9921488165855408
40,789,460,420,kl,81.84,-0.3999999999999915,0.5517717599868774,0.47014832496643066,0.9466410279273987
40,789,461,421,kl,81.34,-0.5,0.552327036857605,0.4642893970012665,1.1086968183517456
40,789,462,422,kl,81.28,-0.060000000000002274,0.6107704639434814,0.4900418817996979,1.0458426475524902
40,789,463,423,kl,81.52,0.23999999999999488,0.4193645119667053,0.41955867409706116,0.8731781244277954
40,789,464,424,kl,83.74,2.219999999999999,0.5211512446403503,0.41396722197532654,0.8979974985122681
40,789,465,425,kl,82.3,-1.4399999999999977,0.37625256180763245,0.4021305441856384,0.9606577754020691
40,789,466,426,kl,82.0,-0.29999999999999716,0.4964362382888794,0.4234505891799927,0.9297268390655518
40,789,467,427,kl,83.18,1.1800000000000068,0.45443347096443176,0.4057151973247528,0.9937756657600403
40,789,468,428,kl,82.78,-0.4000000000000057,0.4994000792503357,0.4400974214076996,1.0481255054473877
40,789,469,429,kl,81.74,-1.0400000000000063,0.47753065824508667,0.4375605583190918,0.9005786180496216
40,789,470,430,kl,80.76,-0.9799999999999898,0.5045121908187866,0.44765496253967285,0.9490470886230469
40,789,471,431,kl,81.42,0.6599999999999966,0.4731673002243042,0.4363959729671478,0.9289424419403076
40,789,472,432,kl,81.24,-0.18000000000000682,0.5481281280517578,0.4873488247394562,0.9358487725257874
40,789,473,433,kl,83.28,2.0400000000000063,0.5511066913604736,0.4561551511287689,0.8684278130531311
40,789,474,434,kl,81.78,-1.5,0.39244261384010315,0.4200943410396576,0.993168294429779
40,789,475,435,kl,81.68,-0.09999999999999432,0.5848281979560852,0.4404650330543518,0.9801052808761597
40,789,476,436,kl,82.78,1.0999999999999943,0.5522078275680542,0.44487228989601135,0.9927619099617004
40,789,477,437,kl,82.9,0.12000000000000455,0.5078494548797607,0.45091712474823,1.0131256580352783
40,789,478,438,kl,81.4,-1.5,0.4652155041694641,0.42925792932510376,1.132453441619873
40,789,479,439,kl,81.7,0.29999999999999716,0.586462140083313,0.48471614718437195,1.157645344734192
40,789,480,440,kl,80.48,-1.2199999999999989,0.6046221256256104,0.5101197361946106,1.1078559160232544
40,789,481,441,kl,83.26,2.780000000000001,0.37113574147224426,0.3918522298336029,0.7980919480323792
40,789,482,442,kl,82.32,-0.9400000000000119,0.49917182326316833,0.44309237599372864,0.8221460580825806
40,789,483,443,kl,81.56,-0.7599999999999909,0.5436655282974243,0.44378992915153503,1.0090802907943726
40,789,484,444,kl,81.76,0.20000000000000284,0.5941417813301086,0.4745374321937561,0.8366527557373047
40,789,485,445,kl,81.44,-0.3200000000000074,0.5124022364616394,0.48192891478538513,1.2003705501556396
40,789,486,446,kl,81.4,-0.03999999999999204,0.5385209321975708,0.4906599521636963,0.9778608083724976
40,789,487,447,kl,81.52,0.11999999999999034,0.511147677898407,0.48024827241897583,1.0712037086486816
40,789,488,448,kl,82.28,0.7600000000000051,0.5306762456893921,0.45980405807495117,0.9193366765975952
40,789,489,449,kl,82.34,0.060000000000002274,0.5334009528160095,0.4690687954425812,0.9064683318138123
40,789,490,450,kl,80.54,-1.7999999999999972,0.5086184740066528,0.4441260099411011,1.1025817394256592
40,789,491,451,kl,81.2,0.6599999999999966,0.4965451955795288,0.44744130969047546,1.1707245111465454
40,789,492,452,ce,79.74,-1.460000000000008,0.3475821912288666,0.36673322319984436,1.7614195346832275
40,789,493,453,kl,81.56,1.8200000000000074,0.412214994430542,0.40457603335380554,0.905337393283844
40,789,494,454,kl,81.68,0.12000000000000455,0.5775934457778931,0.4901542365550995,1.1514962911605835
40,789,495,455,kl,82.1,0.4199999999999875,0.4340873658657074,0.3968147039413452,0.8759450316429138
40,789,496,456,kl,82.24,0.14000000000000057,0.39851999282836914,0.40100613236427307,0.8460488319396973
40,789,497,457,kl,79.76,-2.4799999999999898,0.5992313623428345,0.5155612230300903,1.2582013607025146
40,789,498,458,kl,82.92,3.1599999999999966,0.4347408413887024,0.42182931303977966,0.8857412338256836
40,789,499,459,kl,82.16,-0.7600000000000051,0.472531795501709,0.41107574105262756,1.0852388143539429
40,789,500,460,kl,81.96,-0.20000000000000284,0.45679306983947754,0.4406993091106415,0.9206835627555847
40,789,501,461,kl,82.02,0.060000000000002274,0.532947838306427,0.4503229260444641,1.1871675252914429
40,789,502,462,kl,81.4,-0.6199999999999903,0.36587953567504883,0.4035230875015259,1.1650111675262451
40,789,503,463,kl,82.42,1.019999999999996,0.4665319621562958,0.4213884472846985,0.8963752388954163
40,789,504,464,kl,82.52,0.09999999999999432,0.508959174156189,0.43086153268814087,1.0516645908355713
40,789,505,465,kl,82.38,-0.14000000000000057,0.5112659335136414,0.44741496443748474,1.068872332572937
40,789,506,466,kl,82.58,0.20000000000000284,0.28459328413009644,0.3863474726676941,0.8702123761177063
40,789,507,467,kl,83.44,0.8599999999999994,0.4087815284729004,0.4007813036441803,0.7616969347000122
40,789,508,468,kl,82.08,-1.3599999999999994,0.41735702753067017,0.43380460143089294,1.0989859104156494
40,789,509,469,kl,82.44,0.35999999999999943,0.4671391546726227,0.4448513984680176,1.0338739156723022
40,789,510,470,kl,82.1,-0.3400000000000034,0.5909883975982666,0.45818907022476196,0.8929327726364136
40,789,511,471,kl,82.32,0.21999999999999886,0.5329541563987732,0.46393144130706787,0.9173119068145752
40,789,512,472,kl,82.58,0.2600000000000051,0.5145691633224487,0.4442930817604065,0.7559292316436768
40,789,513,473,kl,82.28,-0.29999999999999716,0.42408788204193115,0.412401020526886,0.9816164970397949
40,789,514,474,kl,82.46,0.1799999999999926,0.6252940893173218,0.520463228225708,1.1293494701385498
40,789,515,475,kl,81.68,-0.7799999999999869,0.4976937770843506,0.4341813921928406,0.9787104725837708
40,789,516,476,kl,82.62,0.9399999999999977,0.49447929859161377,0.44730144739151,1.0230735540390015
40,789,517,477,kl,82.88,0.2599999999999909,0.5261654257774353,0.4405408203601837,0.8192980289459229
40,789,518,478,kl,81.24,-1.6400000000000006,0.47656238079071045,0.4506978988647461,0.9901562929153442
40,789,519,479,kl,82.28,1.0400000000000063,0.49991124868392944,0.43680450320243835,0.8943600654602051
40,789,520,480,kl,81.92,-0.35999999999999943,0.40407076478004456,0.4208832085132599,1.0191378593444824
40,789,521,481,kl,82.58,0.6599999999999966,0.41338253021240234,0.411300927400589,1.0414050817489624
40,789,522,482,kl,82.84,0.2600000000000051,0.6107429265975952,0.46936851739883423,0.8323354125022888
40,789,523,483,kl,82.38,-0.46000000000000796,0.5163679122924805,0.4312073886394501,0.9856837391853333
40,789,524,484,kl,82.46,0.0799999999999983,0.5565455555915833,0.46526089310646057,0.8997095227241516
40,789,525,485,kl,81.2,-1.259999999999991,0.5303629636764526,0.4721790552139282,1.211464285850525
40,789,526,486,kl,80.96,-0.2400000000000091,0.41429927945137024,0.43504947423934937,1.0057231187820435
40,789,527,487,kl,82.0,1.0400000000000063,0.6631935834884644,0.5135691165924072,1.2185444831848145
40,789,528,488,kl,82.52,0.519999999999996,0.48705023527145386,0.39719781279563904,0.8733884692192078
40,789,529,489,kl,82.2,-0.3199999999999932,0.5087016820907593,0.45512551069259644,0.9535462856292725
40,789,530,490,kl,82.78,0.5799999999999983,0.5151776075363159,0.4636019170284271,0.9814212918281555
40,789,531,491,kl,81.78,-1.0,0.4249407649040222,0.4178868532180786,0.9444132447242737
40,789,532,492,kl,80.6,-1.1800000000000068,0.5373098850250244,0.47449296712875366,0.953745424747467
40,789,533,493,ce,80.32,-0.28000000000000114,0.28315526247024536,0.4013012945652008,1.702599048614502
40,789,534,494,kl,82.72,2.4000000000000057,0.5542256236076355,0.46862444281578064,0.9261515736579895
40,789,535,495,kl,83.1,0.37999999999999545,0.36544424295425415,0.3865707516670227,0.7993857264518738
40,789,536,496,kl,81.14,-1.9599999999999937,0.5801261067390442,0.49654415249824524,1.1668449640274048
40,789,537,497,kl,82.32,1.1799999999999926,0.43897682428359985,0.4147864878177643,0.96370530128479
40,789,538,498,kl,82.78,0.46000000000000796,0.4003932774066925,0.416460245847702,0.9010624289512634
40,789,539,499,kl,81.32,-1.460000000000008,0.38532301783561707,0.40371084213256836,0.844511091709137
40,789,540,500,kl,82.0,0.6800000000000068,0.48306673765182495,0.4507873058319092,1.0225608348846436
40,789,541,501,kl,82.42,0.4200000000000017,0.5015715956687927,0.4465670883655548,0.9485955834388733
40,789,542,502,kl,81.0,-1.4200000000000017,0.4170539975166321,0.4501749277114868,1.1780706644058228
40,789,543,503,kl,82.72,1.7199999999999989,0.5429936647415161,0.4936828911304474,0.8978932499885559
40,789,544,504,kl,81.88,-0.8400000000000034,0.6184612512588501,0.4774179458618164,0.9745598435401917
40,789,545,505,kl,81.76,-0.11999999999999034,0.5610894560813904,0.46748608350753784,0.9935988187789917
40,789,546,506,kl,82.44,0.6799999999999926,0.30527573823928833,0.3848479986190796,1.0318368673324585
40,789,547,507,kl,82.28,-0.1599999999999966,0.5397343635559082,0.46688133478164673,1.110312819480896
40,789,548,508,kl,83.14,0.8599999999999994,0.41671907901763916,0.3921164572238922,0.8276777863502502
40,789,549,509,kl,80.56,-2.5799999999999983,0.6398173570632935,0.5172188878059387,1.2601432800292969
40,789,550,510,kl,82.68,2.1200000000000045,0.44611185789108276,0.3967946171760559,0.8958894610404968
40,789,551,511,kl,81.76,-0.9200000000000017,0.6128765344619751,0.502175509929657,0.9693726897239685
40,789,552,512,kl,81.94,0.1799999999999926,0.33891332149505615,0.40499553084373474,0.8260126709938049
40,789,553,513,kl,82.76,0.8200000000000074,0.34801238775253296,0.41291359066963196,0.8842484354972839
40,789,554,514,kl,82.22,-0.5400000000000063,0.4592403769493103,0.44598114490509033,0.816037118434906
40,789,555,515,kl,81.42,-0.7999999999999972,0.4226107895374298,0.42007672786712646,0.9600039124488831
40,789,556,516,kl,81.8,0.37999999999999545,0.5964852571487427,0.5224855542182922,1.0799555778503418
40,789,557,517,kl,82.36,0.5600000000000023,0.41117796301841736,0.4039287567138672,0.901783287525177
40,789,558,518,kl,82.14,-0.21999999999999886,0.5022562742233276,0.4883105158805847,1.0115761756896973
40,789,559,519,kl,81.72,-0.4200000000000017,0.451397567987442,0.45878225564956665,0.9317694306373596
40,789,560,520,kl,82.46,0.7399999999999949,0.35190629959106445,0.3985721468925476,0.9398909211158752
40,789,561,521,kl,80.98,-1.4799999999999898,0.3473430573940277,0.4086292088031769,0.8890677094459534
40,789,562,522,kl,81.66,0.6799999999999926,0.5651291012763977,0.4844692349433899,1.0019762516021729
40,789,563,523,kl,82.98,1.3200000000000074,0.44646769762039185,0.4219872057437897,1.0029305219650269
40,789,564,524,kl,82.4,-0.5799999999999983,0.5780665874481201,0.467255175113678,0.9400113224983215
40,789,565,525,kl,81.72,-0.6800000000000068,0.36507880687713623,0.3859889805316925,0.8483697175979614
40,789,566,526,kl,82.12,0.4000000000000057,0.4779478907585144,0.4360329210758209,0.8979780077934265
40,789,567,527,kl,82.28,0.1599999999999966,0.4960399270057678,0.4417143762111664,1.0501600503921509
40,789,568,528,kl,80.84,-1.4399999999999977,0.5472655892372131,0.46913614869117737,1.0389184951782227
40,789,569,529,kl,82.42,1.5799999999999983,0.3987962007522583,0.40591391921043396,0.8930786848068237
40,789,570,530,kl,82.34,-0.0799999999999983,0.3651122748851776,0.3948279321193695,0.8575230240821838
40,789,571,531,kl,81.8,-0.5400000000000063,0.44884973764419556,0.4181229770183563,1.119205355644226
40,789,572,532,kl,82.82,1.019999999999996,0.43302950263023376,0.37731558084487915,0.7040258049964905
40,789,573,533,kl,81.7,-1.1199999999999903,0.39546093344688416,0.4035966992378235,0.9126718640327454
40,789,574,534,ce,81.58,-0.12000000000000455,0.3438985049724579,0.3659360110759735,1.7487213611602783
40,789,575,535,kl,83.48,1.9000000000000057,0.37296342849731445,0.39163467288017273,0.9394723773002625
40,789,576,536,kl,81.72,-1.7600000000000051,0.5847837924957275,0.4691230356693268,1.0902105569839478
40,789,577,537,kl,81.96,0.23999999999999488,0.577940046787262,0.4590957760810852,1.0377827882766724
40,789,578,538,kl,82.56,0.6000000000000085,0.5147093534469604,0.46478843688964844,0.9584140181541443
40,789,579,539,kl,81.52,-1.0400000000000063,0.6133030652999878,0.4907017648220062,0.9829367995262146
40,789,580,540,kl,82.82,1.2999999999999972,0.44256725907325745,0.41656073927879333,0.8420183062553406
40,789,581,541,kl,82.2,-0.6199999999999903,0.529785692691803,0.45262497663497925,1.080430269241333
40,789,582,542,kl,79.62,-2.5799999999999983,0.5842706561088562,0.4607120752334595,1.0690181255340576
40,789,583,543,kl,81.9,2.280000000000001,0.4880076050758362,0.4562830924987793,1.1001579761505127
40,789,584,544,kl,81.98,0.0799999999999983,0.5447400212287903,0.4293164014816284,1.0494422912597656
40,789,585,545,kl,82.06,0.0799999999999983,0.5090639591217041,0.47647199034690857,1.0595670938491821
40,789,586,546,kl,81.24,-0.8200000000000074,0.5683777332305908,0.48196491599082947,0.9970594048500061
40,789,587,547,kl,81.8,0.5600000000000023,0.4240837097167969,0.42065560817718506,0.8833901882171631
40,789,588,548,kl,82.08,0.28000000000000114,0.3641791343688965,0.4151841998100281,1.0210390090942383
40,789,589,549,kl,81.56,-0.519999999999996,0.5751835107803345,0.4665447771549225,1.079725980758667
40,789,590,550,kl,82.14,0.5799999999999983,0.46836110949516296,0.4496738016605377,0.9620516896247864
40,789,591,551,kl,81.18,-0.9599999999999937,0.4218170642852783,0.4190368056297302,1.078298807144165
40,789,592,552,kl,82.22,1.039999999999992,0.5361077785491943,0.46506375074386597,0.8621701598167419
40,789,593,553,kl,81.8,-0.4200000000000017,0.4933408200740814,0.46374714374542236,1.0303596258163452
40,789,594,554,kl,79.7,-2.0999999999999943,0.6341664791107178,0.5465904474258423,1.4608347415924072
40,789,595,555,kl,82.34,2.6400000000000006,0.5860217809677124,0.48946595191955566,1.1187422275543213
40,789,596,556,kl,81.94,-0.4000000000000057,0.5099875926971436,0.45524701476097107,0.9992489218711853
40,789,597,557,kl,82.52,0.5799999999999983,0.5819613933563232,0.4754946231842041,1.0665093660354614
40,789,598,558,kl,81.54,-0.9799999999999898,0.5804272890090942,0.5114682912826538,1.1355009078979492
40,789,599,559,kl,80.84,-0.7000000000000028,0.6584599018096924,0.48753657937049866,1.2319952249526978
40,789,600,560,kl,81.58,0.7399999999999949,0.3662482798099518,0.3979223966598511,0.9707382917404175
40,789,601,561,kl,82.2,0.6200000000000045,0.44772621989250183,0.45511960983276367,1.1095893383026123
40,789,602,562,kl,80.96,-1.240000000000009,0.35868191719055176,0.39676401019096375,1.0017210245132446
40,789,603,563,kl,83.18,2.220000000000013,0.3970332443714142,0.4089634418487549,0.8222670555114746
40,789,604,564,kl,82.76,-0.4200000000000017,0.4341883957386017,0.4052663743495941,1.0215903520584106
40,789,605,565,kl,79.76,-3.0,0.6238213777542114,0.5075528025627136,1.364490270614624
40,789,606,566,kl,81.46,1.6999999999999886,0.6352053284645081,0.5190203785896301,1.066880702972412
40,789,607,567,kl,81.6,0.14000000000000057,0.47768139839172363,0.4302373230457306,0.9800136685371399
40,789,608,568,kl,81.94,0.3400000000000034,0.5152899622917175,0.46231913566589355,1.150253415107727
40,789,609,569,kl,82.8,0.8599999999999994,0.5418837070465088,0.4563765227794647,0.9066236615180969
40,789,610,570,kl,81.02,-1.7800000000000011,0.3089057207107544,0.3951718509197235,1.0590224266052246
40,789,611,571,kl,83.08,2.0600000000000023,0.4962097108364105,0.4670630991458893,0.9013098478317261
40,789,612,572,kl,81.94,-1.1400000000000006,0.5723778009414673,0.46652618050575256,0.8038639426231384
40,789,613,573,kl,81.6,-0.3400000000000034,0.3500843048095703,0.377265989780426,0.8669793009757996
40,789,614,574,kl,81.06,-0.539999999999992,0.5279935598373413,0.4579274356365204,0.9234457015991211
40,789,615,575,ce,81.2,0.14000000000000057,0.34258610010147095,0.3397676348686218,1.8199462890625
40,789,616,576,kl,81.32,0.11999999999999034,0.4953768849372864,0.45881566405296326,0.9601012468338013
40,789,617,577,kl,81.7,0.38000000000000966,0.6253822445869446,0.46683332324028015,1.1291782855987549
40,789,618,578,kl,80.4,-1.2999999999999972,0.6530143022537231,0.49738457798957825,0.9581796526908875
40,789,619,579,kl,81.3,0.8999999999999915,0.5741686820983887,0.48031774163246155,0.9635714888572693
40,789,620,580,kl,79.5,-1.7999999999999972,0.578571081161499,0.49686118960380554,1.269449234008789
40,789,621,581,kl,82.78,3.280000000000001,0.5743106603622437,0.46625927090644836,0.9945984482765198
40,789,622,582,kl,81.86,-0.9200000000000017,0.4863121509552002,0.4501743018627167,1.012323260307312
40,789,623,583,kl,79.3,-2.5600000000000023,0.5346870422363281,0.4742158055305481,1.055996060371399
40,789,624,584,kl,82.16,2.8599999999999994,0.5420775413513184,0.45609766244888306,0.9403320550918579
40,789,625,585,kl,81.78,-0.37999999999999545,0.4371873140335083,0.4475466012954712,0.9674472808837891
40,789,626,586,kl,80.9,-0.8799999999999955,0.5563476085662842,0.4799945652484894,1.1205635070800781
40,789,627,587,kl,83.2,2.299999999999997,0.40098220109939575,0.40306249260902405,1.019041895866394
40,789,628,588,kl,82.08,-1.1200000000000045,0.3827193081378937,0.40992113947868347,1.0218980312347412
40,789,629,589,kl,82.54,0.46000000000000796,0.49738195538520813,0.44908735156059265,1.0363633632659912
40,789,630,590,kl,82.44,-0.10000000000000853,0.582776665687561,0.4733056426048279,0.9448986053466797
40,789,631,591,kl,81.52,-0.9200000000000017,0.5911489725112915,0.48099836707115173,0.9959001541137695
40,789,632,592,kl,82.22,0.7000000000000028,0.4683998227119446,0.43674957752227783,0.9616092443466187
40,789,633,593,kl,82.56,0.3400000000000034,0.6072058081626892,0.4932185113430023,1.1749223470687866
40,789,634,594,kl,82.72,0.1599999999999966,0.4654542803764343,0.4347960352897644,0.8510571122169495
40,789,635,595,kl,82.5,-0.21999999999999886,0.45653411746025085,0.43281760811805725,1.044325828552246
40,789,636,596,kl,81.16,-1.3400000000000034,0.5058926343917847,0.43781936168670654,0.9378007650375366
40,789,637,597,kl,82.08,0.9200000000000017,0.4764101505279541,0.45291557908058167,1.0223668813705444
40,789,638,598,kl,81.78,-0.29999999999999716,0.5481421947479248,0.4836795926094055,1.1732662916183472
40,789,639,599,kl,82.72,0.9399999999999977,0.4832974672317505,0.44483625888824463,0.9192630648612976
40,789,640,600,kl,81.9,-0.8199999999999932,0.5898295640945435,0.4756268858909607,0.9023637175559998
40,789,641,601,kl,82.46,0.5599999999999881,0.3621235489845276,0.3947051763534546,0.8254450559616089
40,789,642,602,kl,82.18,-0.2799999999999869,0.4480833113193512,0.4163694381713867,1.076810359954834
40,789,643,603,kl,81.88,-0.30000000000001137,0.5191357731819153,0.48925596475601196,1.100293755531311
40,789,644,604,kl,81.5,-0.37999999999999545,0.42947185039520264,0.39920687675476074,0.8665619492530823
40,789,645,605,kl,80.5,-1.0,0.4833201467990875,0.4137059152126312,0.924081027507782
40,789,646,606,kl,81.7,1.2000000000000028,0.4574772119522095,0.42264124751091003,1.007811427116394
40,789,647,607,kl,82.32,0.6199999999999903,0.5503627061843872,0.4452499449253082,0.8545763492584229
40,789,648,608,kl,81.52,-0.7999999999999972,0.49531373381614685,0.43048226833343506,1.111958622932434
40,789,649,609,kl,81.52,0.0,0.5566134452819824,0.47672370076179504,1.0446178913116455
40,789,650,610,kl,82.46,0.9399999999999977,0.3409440517425537,0.4022902250289917,0.8429749011993408
40,789,651,611,kl,82.06,-0.3999999999999915,0.3879144787788391,0.41188234090805054,1.0412287712097168
40,789,652,612,kl,82.74,0.6799999999999926,0.41862207651138306,0.42051127552986145,1.1310908794403076
40,789,653,613,kl,82.04,-0.6999999999999886,0.49880433082580566,0.43711188435554504,1.0597202777862549
40,789,654,614,kl,82.4,0.35999999999999943,0.43923065066337585,0.4193539023399353,1.0548890829086304
40,789,655,615,kl,81.46,-0.9400000000000119,0.5954163074493408,0.48555988073349,1.0014292001724243
40,789,656,616,ce,80.06,-1.3999999999999915,0.3226628303527832,0.38420042395591736,1.6112946271896362
40,789,657,617,kl,82.02,1.9599999999999937,0.4895823895931244,0.45618852972984314,0.9831832051277161
40,789,658,618,kl,80.68,-1.3399999999999892,0.6189401745796204,0.5485761761665344,1.1024725437164307
40,789,659,619,kl,82.5,1.8199999999999932,0.5453470945358276,0.4809334874153137,0.9790816903114319
40,789,660,620,kl,82.44,-0.060000000000002274,0.42994678020477295,0.4473656415939331,0.9761688709259033
40,789,661,621,kl,81.82,-0.6200000000000045,0.4974609613418579,0.4498775899410248,1.0544662475585938
40,789,662,622,kl,82.56,0.7400000000000091,0.5995404124259949,0.4807760417461395,0.9721166491508484
40,789,663,623,kl,81.82,-0.7400000000000091,0.6103249788284302,0.4902922809123993,1.0170484781265259
40,789,664,624,kl,82.58,0.7600000000000051,0.6107865571975708,0.4977414906024933,1.128059983253479
40,789,665,625,kl,82.2,-0.37999999999999545,0.47819021344184875,0.41750842332839966,0.8109027743339539
40,789,666,626,kl,82.02,-0.18000000000000682,0.4895111322402954,0.4511905610561371,0.9196850061416626
40,789,667,627,kl,82.18,0.1600000000000108,0.565575897693634,0.4520600140094757,0.8322381377220154
40,789,668,628,kl,82.42,0.23999999999999488,0.5008658170700073,0.42616069316864014,0.91888427734375
40,789,669,629,kl,82.3,-0.12000000000000455,0.5029051303863525,0.4340325891971588,0.7824764847755432
40,789,670,630,kl,82.3,0.0,0.5462656021118164,0.45562979578971863,0.9808145761489868
40,789,671,631,kl,81.44,-0.8599999999999994,0.5329945683479309,0.4629126191139221,1.0091726779937744
40,789,672,632,kl,81.98,0.5400000000000063,0.30609914660453796,0.39213046431541443,0.757530689239502
40,789,673,633,kl,82.16,0.1799999999999926,0.5429402589797974,0.45001107454299927,0.849174439907074
40,789,674,634,kl,81.74,-0.4200000000000017,0.4280353784561157,0.4459499418735504,0.9441110491752625
40,789,675,635,kl,82.6,0.8599999999999994,0.5545206069946289,0.4463243782520294,0.8167926669120789
40,789,676,636,kl,82.74,0.14000000000000057,0.5085462331771851,0.4509121775627136,0.8344489932060242
40,789,677,637,kl,81.06,-1.6799999999999926,0.593919038772583,0.49140506982803345,1.125236988067627
40,789,678,638,kl,82.98,1.9200000000000017,0.5178029537200928,0.4491848647594452,0.8935240507125854
40,789,679,639,kl,81.58,-1.4000000000000057,0.5769015550613403,0.5083627700805664,1.2476927042007446
40,789,680,640,kl,82.46,0.8799999999999955,0.39016830921173096,0.3907710611820221,0.8628588318824768
40,789,681,641,kl,81.66,-0.7999999999999972,0.48359403014183044,0.4253682494163513,0.8816743493080139
40,789,682,642,kl,82.74,1.0799999999999983,0.398677796125412,0.40278100967407227,0.8633761405944824
40,789,683,643,kl,82.56,-0.1799999999999926,0.42705589532852173,0.4335207939147949,0.9468106031417847
40,789,684,644,kl,81.66,-0.9000000000000057,0.6113907694816589,0.5026611089706421,1.158743143081665
40,789,685,645,kl,82.4,0.7400000000000091,0.4960710406303406,0.44085073471069336,0.8883289098739624
40,789,686,646,kl,81.68,-0.7199999999999989,0.4945465326309204,0.4541337490081787,1.106339693069458
40,789,687,647,kl,82.4,0.7199999999999989,0.45436444878578186,0.4430455267429352,0.9859815239906311
40,789,688,648,kl,82.6,0.19999999999998863,0.4150601625442505,0.40650230646133423,0.860430896282196
40,789,689,649,kl,82.24,-0.35999999999999943,0.37352612614631653,0.3975697159767151,0.8391937017440796
40,789,690,650,kl,82.72,0.480000000000004,0.4515833556652069,0.45890119671821594,1.183774471282959
40,789,691,651,kl,80.92,-1.7999999999999972,0.48335984349250793,0.4489295482635498,1.1936943531036377
40,789,692,652,kl,82.14,1.2199999999999989,0.5307175517082214,0.47223928570747375,0.9362842440605164
40,789,693,653,kl,81.72,-0.4200000000000017,0.464329332113266,0.4273161292076111,0.7851527333259583
40,789,694,654,kl,81.2,-0.519999999999996,0.5330528020858765,0.4838075339794159,1.0420435667037964
40,789,695,655,kl,78.96,-2.240000000000009,0.7143301367759705,0.6108803153038025,1.6254422664642334
40,789,696,656,kl,81.68,2.720000000000013,0.4340800940990448,0.4202236533164978,0.8590920567512512
40,789,697,657,ce,81.12,-0.5600000000000023,0.3256532847881317,0.3677127957344055,1.5419331789016724
40,789,698,658,kl,80.32,-0.8000000000000114,0.5476200580596924,0.4783259332180023,1.1401164531707764
40,789,699,659,kl,82.54,2.220000000000013,0.43919074535369873,0.43447184562683105,0.9905140995979309
40,789,700,660,kl,80.58,-1.960000000000008,0.4375505745410919,0.45044824481010437,1.0517635345458984
40,789,701,661,kl,82.1,1.519999999999996,0.6040582060813904,0.4731753170490265,0.994046151638031
40,789,702,662,kl,81.98,-0.11999999999999034,0.5472146272659302,0.42126739025115967,1.2977885007858276
40,789,703,663,kl,81.48,-0.5,0.6047282218933105,0.49623605608940125,1.0703691244125366
40,789,704,664,kl,81.6,0.11999999999999034,0.4612619876861572,0.4573509991168976,0.931999683380127
40,789,705,665,kl,81.5,-0.09999999999999432,0.48680126667022705,0.434673935174942,0.9019018411636353
40,789,706,666,kl,82.28,0.7800000000000011,0.4392905831336975,0.4265879690647125,0.9237021207809448
40,789,707,667,kl,81.02,-1.2600000000000051,0.5507534146308899,0.45436862111091614,1.1495579481124878
40,789,708,668,kl,82.32,1.2999999999999972,0.42633169889450073,0.40822818875312805,0.8845500946044922
40,789,709,669,kl,81.7,-0.6199999999999903,0.5082857608795166,0.49219387769699097,0.9883887767791748
40,789,710,670,kl,82.46,0.7599999999999909,0.4907805621623993,0.45573437213897705,0.9967606663703918
40,789,711,671,kl,81.52,-0.9399999999999977,0.546066164970398,0.4768497049808502,1.138782024383545
40,789,712,672,kl,82.44,0.9200000000000017,0.4660584032535553,0.4127418100833893,0.7873041033744812
40,789,713,673,kl,80.42,-2.019999999999996,0.42891818284988403,0.41343018412590027,0.7729260325431824
40,789,714,674,kl,81.62,1.2000000000000028,0.6134032607078552,0.49796774983406067,1.1386075019836426
40,789,715,675,kl,81.5,-0.12000000000000455,0.4853766858577728,0.46241477131843567,1.0123335123062134
40,789,716,676,kl,82.28,0.7800000000000011,0.4488380253314972,0.44816356897354126,0.9495692849159241
40,789,717,677,kl,82.6,0.3199999999999932,0.3625675439834595,0.4111888110637665,0.9356611371040344
40,789,718,678,kl,82.32,-0.28000000000000114,0.5572543144226074,0.4648054242134094,0.8465882539749146
40,789,719,679,kl,82.74,0.4200000000000017,0.27869561314582825,0.40713539719581604,1.059038519859314
40,789,720,680,kl,81.02,-1.7199999999999989,0.5423195362091064,0.4876653552055359,0.8372208476066589
40,789,721,681,kl,81.58,0.5600000000000023,0.5184975862503052,0.4672585725784302,1.1310946941375732
40,789,722,682,kl,81.78,0.20000000000000284,0.456863135099411,0.43837422132492065,0.9342998266220093
40,789,723,683,kl,80.84,-0.9399999999999977,0.5116806030273438,0.44288012385368347,1.027195692062378
40,789,724,684,kl,82.86,2.019999999999996,0.35515785217285156,0.396723210811615,0.8040692806243896
40,789,725,685,kl,81.32,-1.5400000000000063,0.519794225692749,0.4625380337238312,0.8955884575843811
40,789,726,686,kl,81.7,0.38000000000000966,0.43326398730278015,0.4234481453895569,0.847279965877533
40,789,727,687,kl,82.22,0.519999999999996,0.4948465824127197,0.4340728521347046,0.8632330298423767
40,789,728,688,kl,82.02,-0.20000000000000284,0.4510830342769623,0.44622594118118286,1.1395821571350098
40,789,729,689,kl,82.38,0.35999999999999943,0.4457573890686035,0.4381825923919678,1.0513107776641846
40,789,730,690,kl,82.2,-0.1799999999999926,0.4933272898197174,0.42047351598739624,1.0354692935943604
40,789,731,691,kl,81.28,-0.9200000000000017,0.4922986626625061,0.42367908358573914,1.0633889436721802
40,789,732,692,kl,81.24,-0.04000000000000625,0.49048563838005066,0.45041391253471375,0.8254922032356262
40,789,733,693,kl,81.96,0.7199999999999989,0.4462582468986511,0.42891690135002136,1.0337730646133423
40,789,734,694,kl,82.42,0.46000000000000796,0.4771621823310852,0.4361533522605896,1.0164161920547485
40,789,735,695,kl,82.02,-0.4000000000000057,0.5920381546020508,0.48819786310195923,1.0567512512207031
40,789,736,696,kl,81.08,-0.9399999999999977,0.517560601234436,0.45268526673316956,1.126753807067871
40,789,737,697,kl,81.9,0.8200000000000074,0.516677975654602,0.4925205707550049,0.9434221386909485
40,789,738,698,ce,80.84,-1.0600000000000023,0.3830057978630066,0.37595334649086,2.064249038696289
40,789,739,699,kl,80.4,-0.4399999999999977,0.6426873207092285,0.522247850894928,1.2041833400726318
40,789,740,700,kl,81.64,1.2399999999999949,0.5260658264160156,0.47550955414772034,0.9132270216941833
40,789,741,701,kl,82.8,1.1599999999999966,0.4262532591819763,0.4019015431404114,0.8684555292129517
40,789,742,702,kl,81.8,-1.0,0.3615354001522064,0.3904472291469574,0.9000911712646484
40,789,743,703,kl,81.22,-0.5799999999999983,0.6206019520759583,0.516386091709137,1.0996030569076538
40,789,744,704,kl,82.3,1.0799999999999983,0.5448306798934937,0.4653174877166748,1.0021034479141235
40,789,745,705,kl,80.92,-1.3799999999999955,0.4891449809074402,0.48008257150650024,1.0499345064163208
40,789,746,706,kl,80.84,-0.0799999999999983,0.47061195969581604,0.4357380270957947,0.8335764408111572
40,789,747,707,kl,82.5,1.6599999999999966,0.42494824528694153,0.43871575593948364,1.003913402557373
40,789,748,708,kl,82.0,-0.5,0.4708172082901001,0.4336235225200653,1.080745816230774
40,789,749,709,kl,82.98,0.980000000000004,0.4615933299064636,0.43855759501457214,1.0705562829971313
40,789,750,710,kl,82.46,-0.5200000000000102,0.5090780258178711,0.43353360891342163,0.9759257435798645
40,789,751,711,kl,81.6,-0.8599999999999994,0.48412710428237915,0.46994638442993164,0.8281033039093018
40,789,752,712,kl,80.8,-0.7999999999999972,0.5138230323791504,0.44472283124923706,0.8916722536087036
40,789,753,713,kl,82.96,2.1599999999999966,0.5096131563186646,0.4185800850391388,0.7972285151481628
40,789,754,714,kl,80.76,-2.1999999999999886,0.4966091811656952,0.45982396602630615,1.0751930475234985
40,789,755,715,kl,81.68,0.9200000000000017,0.5403335094451904,0.4431082308292389,0.9534592032432556
40,789,756,716,kl,82.62,0.9399999999999977,0.4072810113430023,0.3896518349647522,0.7750000357627869
40,789,757,717,kl,81.0,-1.6200000000000045,0.5932721495628357,0.49210435152053833,1.1048239469528198
40,789,758,718,kl,80.84,-0.1599999999999966,0.43846380710601807,0.41537266969680786,1.0112766027450562
40,789,759,719,kl,83.1,2.259999999999991,0.45268934965133667,0.44120126962661743,0.9997093081474304
40,789,760,720,kl,81.04,-2.059999999999988,0.37966614961624146,0.4108859598636627,0.8850299119949341
40,789,761,721,kl,82.24,1.1999999999999886,0.5815935134887695,0.49728357791900635,1.0941535234451294
40,789,762,722,kl,80.4,-1.8399999999999892,0.62111496925354,0.5314386487007141,1.148406744003296
40,789,763,723,kl,81.0,0.5999999999999943,0.4047529697418213,0.4260813295841217,1.0460779666900635
40,789,764,724,kl,82.46,1.4599999999999937,0.3829481601715088,0.41665658354759216,0.9588466882705688
40,789,765,725,kl,83.38,0.9200000000000017,0.521766185760498,0.420009583234787,0.8286887407302856
40,789,766,726,kl,82.96,-0.4200000000000017,0.5272725820541382,0.4527250826358795,0.9865016937255859
40,789,767,727,kl,81.54,-1.4199999999999875,0.4060542583465576,0.41729646921157837,0.8695274591445923
40,789,768,728,kl,81.58,0.03999999999999204,0.57365882396698,0.46393442153930664,1.020856261253357
40,789,769,729,kl,81.62,0.04000000000000625,0.440992534160614,0.42450258135795593,0.958970308303833
40,789,770,730,kl,82.32,0.6999999999999886,0.4179350435733795,0.46565285325050354,1.0574226379394531
40,789,771,731,kl,81.74,-0.5799999999999983,0.6046174764633179,0.5185960531234741,1.1652108430862427
40,789,772,732,kl,82.62,0.8800000000000097,0.2817351818084717,0.37744760513305664,0.9218122959136963
40,789,773,733,kl,82.84,0.21999999999999886,0.37220725417137146,0.40614187717437744,0.8646332621574402
40,789,774,734,kl,82.02,-0.8200000000000074,0.4082081913948059,0.40377330780029297,1.0050859451293945
40,789,775,735,kl,82.22,0.20000000000000284,0.5017156004905701,0.45173582434654236,1.1024473905563354
40,789,776,736,kl,82.08,-0.14000000000000057,0.6217966079711914,0.5184988379478455,1.307619333267212
40,789,777,737,kl,81.42,-0.6599999999999966,0.5236937403678894,0.45266446471214294,1.1426244974136353
40,789,778,738,kl,81.82,0.3999999999999915,0.5245692729949951,0.43831855058670044,1.1251951456069946
40,789,779,739,ce,80.5,-1.3199999999999932,0.40216556191444397,0.44016915559768677,1.636925458908081
40,789,780,740,kl,81.62,1.1200000000000045,0.4667090177536011,0.4501871168613434,0.9621266722679138
40,789,781,741,kl,82.38,0.7599999999999909,0.3249126076698303,0.3861023485660553,0.9656851887702942
40,789,782,742,kl,82.54,0.1600000000000108,0.4105297923088074,0.3990035951137543,0.9738286137580872
40,789,783,743,kl,81.44,-1.1000000000000085,0.33866918087005615,0.40462344884872437,1.0141069889068604
40,789,784,744,kl,82.18,0.7400000000000091,0.4145534038543701,0.4266626238822937,0.8383349180221558
40,789,785,745,kl,82.54,0.35999999999999943,0.5920801162719727,0.44240713119506836,1.0916579961776733
40,789,786,746,kl,80.8,-1.740000000000009,0.4371764063835144,0.4489803910255432,1.1293795108795166
40,789,787,747,kl,80.28,-0.519999999999996,0.4764542877674103,0.4749528765678406,1.2612416744232178
40,789,788,748,kl,81.42,1.1400000000000006,0.35623377561569214,0.42218127846717834,1.0175689458847046
40,789,789,749,kl,81.48,0.060000000000002274,0.48093175888061523,0.4429687559604645,1.0416425466537476
40,789,790,750,kl,82.46,0.9799999999999898,0.5691412091255188,0.47275814414024353,0.886187732219696
40,789,791,751,kl,81.04,-1.4199999999999875,0.5853459239006042,0.49578067660331726,1.0861968994140625
40,789,792,752,kl,81.64,0.5999999999999943,0.3726842701435089,0.39226579666137695,0.9344593286514282
40,789,793,753,kl,82.26,0.6200000000000045,0.45625215768814087,0.4315429627895355,0.8445345163345337
40,789,794,754,kl,82.92,0.6599999999999966,0.32319051027297974,0.3915654420852661,0.9738996028900146
40,789,795,755,kl,83.26,0.3400000000000034,0.42730599641799927,0.41792353987693787,0.8503946661949158
40,789,796,756,kl,80.8,-2.460000000000008,0.4487375319004059,0.4440976679325104,1.011949896812439
40,789,797,757,kl,82.32,1.519999999999996,0.5036715269088745,0.44229263067245483,1.0505598783493042
40,789,798,758,kl,81.2,-1.1199999999999903,0.5785639882087708,0.4935712516307831,1.1317543983459473
40,789,799,759,kl,80.12,-1.0799999999999983,0.5100451111793518,0.43915408849716187,1.1227258443832397
40,789,800,760,kl,81.8,1.6799999999999926,0.5183761119842529,0.4431458115577698,0.9583860635757446
40,789,801,761,kl,80.52,-1.2800000000000011,0.5241470336914062,0.48109328746795654,1.3867106437683105
40,789,802,762,kl,82.24,1.7199999999999989,0.6029567718505859,0.4657175838947296,0.9571689963340759
40,789,803,763,kl,80.84,-1.3999999999999915,0.5339813828468323,0.44860485196113586,1.0140635967254639
40,789,804,764,kl,82.48,1.6400000000000006,0.616578221321106,0.4755864441394806,0.8855550289154053
40,789,805,765,kl,81.82,-0.6600000000000108,0.49764883518218994,0.4246908724308014,1.0953178405761719
40,789,806,766,kl,81.1,-0.7199999999999989,0.4305448532104492,0.4282073676586151,1.0396822690963745
40,789,807,767,kl,80.68,-0.4199999999999875,0.5474916696548462,0.4753987193107605,0.9786105751991272
40,789,808,768,kl,82.28,1.5999999999999943,0.5411597490310669,0.45402130484580994,0.9997363090515137
40,789,809,769,kl,82.64,0.35999999999999943,0.5092628002166748,0.41968610882759094,0.8931679129600525
40,789,810,770,kl,82.2,-0.4399999999999977,0.4676212668418884,0.4244484305381775,1.0404210090637207
40,789,811,771,kl,81.78,-0.4200000000000017,0.4733033776283264,0.42466357350349426,0.8240872025489807
40,789,812,772,kl,81.94,0.1599999999999966,0.6291247010231018,0.46878835558891296,0.8868675231933594
40,789,813,773,kl,82.38,0.4399999999999977,0.4053221046924591,0.40565985441207886,0.956276535987854
40,789,814,774,kl,83.14,0.7600000000000051,0.5038049221038818,0.43300214409828186,0.7826968431472778
40,789,815,775,kl,83.08,-0.060000000000002274,0.6160351037979126,0.4830992519855499,1.0240387916564941
40,789,816,776,kl,82.28,-0.7999999999999972,0.4025420546531677,0.40419507026672363,0.8661421537399292
40,789,817,777,kl,82.58,0.29999999999999716,0.5486708879470825,0.459045946598053,1.1363600492477417
40,789,818,778,kl,81.38,-1.2000000000000028,0.49102723598480225,0.43839871883392334,1.075559139251709
40,789,819,779,kl,82.52,1.1400000000000006,0.46775341033935547,0.4404723346233368,0.7838372588157654
40,789,820,780,ce,81.46,-1.0600000000000023,0.2597852349281311,0.36296287178993225,1.565024495124817
