policy,seed,round,student,phase,teacher,teacher_acc,lr,pre_acc,pre_loss,post_acc,post_loss,cf_teacher,cf_teacher_start_acc,cf_teacher_acc,cf_acc,cf_loss,d_acc,d_loss,window
MWM_AccDiff,42,1,3,kd,4.0,13.66,0.1,9.94,2.4335200691223147,15.4,2.5077555889129637,,,,,,5.460000000000001,0.07423551979064902,1-20
MWM_AccDiff,42,1,1,kd,5.0,10.62,0.1,9.56,2.4497131542205812,10.64,2.645237310409546,,,,,,1.08,0.19552415618896468,1-20
MWM_AccDiff,42,1,9,kd,2.0,11.1,0.1,7.42,2.4722107765197756,9.78,2.449287963104248,,,,,,2.3599999999999994,-0.02292281341552771,1-20
MWM_AccDiff,42,1,6,ce,,,0.1,10.1,2.455472416305542,40.36,1.7467439826965332,4.0,13.66,13.66,10.52,2.5369234561920164,30.259999999999998,-0.7087284336090087,1-20
MWM_AccDiff,42,1,7,kd,8.0,10.58,0.1,10.0,2.5385899616241456,11.62,2.483850161361694,,,,,,1.6199999999999992,-0.05473980026245151,1-20
MWM_AccDiff,42,2,9,kd,3.0,15.4,0.1,9.78,2.449287963104248,14.98,2.5450316699981688,,,,,,5.200000000000001,0.09574370689392087,1-20
MWM_AccDiff,42,2,5,kd,4.0,13.66,0.1,10.62,2.539627278137207,15.1,2.530308060836792,,,,,,4.48,-0.009319217300415072,1-20
MWM_AccDiff,42,2,8,kd,6.0,40.36,0.1,10.58,2.4011038234710695,38.76,1.7574792394638061,,,,,,28.18,-0.6436245840072634,1-20
MWM_AccDiff,42,2,1,kd,7.0,11.62,0.1,10.64,2.645237310409546,12.5,2.5828339736938477,,,,,,1.8599999999999994,-0.0624033367156982,1-20
MWM_AccDiff,42,2,2,ce,,,0.1,11.1,2.3685577098846435,43.46,1.5381482997894287,6.0,40.36,40.36,38.1,1.8125112829208374,32.36,-0.8304094100952149,1-20
MWM_AccDiff,42,3,4,ce,,,0.1,13.66,2.45139803237915,40.36,1.6363295650482177,2.0,43.46,43.46,38.68,1.7591627256393432,26.7,-0.8150684673309325,1-20
MWM_AccDiff,42,3,9,kd,6.0,40.36,0.1,14.98,2.5450316699981688,38.46,1.7893796468734742,,,,,,23.48,-0.7556520231246946,1-20
MWM_AccDiff,42,3,7,kd,2.0,43.46,0.1,11.62,2.483850161361694,42.28,1.5916522932052612,,,,,,30.660000000000004,-0.8921978681564329,1-20
MWM_AccDiff,42,3,1,kd,3.0,15.4,0.1,12.5,2.5828339736938477,14.48,2.574672495651245,,,,,,1.9800000000000004,-0.008161478042602699,1-20
MWM_AccDiff,42,3,5,kd,8.0,38.76,0.1,15.1,2.530308060836792,37.4,1.854369327545166,,,,,,22.299999999999997,-0.6759387332916258,1-20
MWM_AccDiff,42,4,1,kd,2.0,43.46,0.1,14.48,2.574672495651245,40.3,1.6615306228637696,,,,,,25.819999999999997,-0.9131418727874754,1-20
MWM_AccDiff,42,4,9,kd,7.0,42.28,0.1,38.46,1.7893796468734742,40.06,1.661910906600952,,,,,,1.6000000000000014,-0.12746874027252209,1-20
MWM_AccDiff,42,4,3,kd,6.0,40.36,0.1,15.4,2.5077555889129637,40.48,1.6884865354537963,,,,,,25.08,-0.8192690534591673,1-20
MWM_AccDiff,42,4,8,kd,4.0,40.36,0.1,38.76,1.7574792394638061,38.72,1.6648670879364014,,,,,,-0.03999999999999915,-0.09261215152740476,1-20
MWM_AccDiff,42,4,5,ce,,,0.1,37.4,1.854369327545166,23.86,3.552401312637329,2.0,43.46,43.46,41.48,1.5854533500671386,-13.54,1.698031985092163,1-20
MWM_AccDiff,42,5,8,kd,7.0,42.28,0.1,38.72,1.6648670879364014,37.44,2.439216748046875,,,,,,-1.2800000000000011,0.7743496601104738,1-20
MWM_AccDiff,42,5,9,ce,,,0.1,40.06,1.661910906600952,50.68,1.38171372756958,2.0,43.46,43.46,40.78,1.5801509750366212,10.619999999999997,-0.280197179031372,1-20
MWM_AccDiff,42,5,1,kd,4.0,40.36,0.1,40.3,1.6615306228637696,39.42,1.6303058032989501,,,,,,-0.8799999999999955,-0.031224819564819484,1-20
MWM_AccDiff,42,5,6,kd,3.0,40.48,0.1,40.36,1.7467439826965332,39.26,2.0952303047180174,,,,,,-1.1000000000000014,0.3484863220214842,1-20
MWM_AccDiff,42,5,5,kd,2.0,43.46,0.1,23.86,3.552401312637329,42.88,1.5614527210235596,,,,,,19.020000000000003,-1.9909485916137695,1-20
MWM_AccDiff,42,6,4,ce,,,0.1,40.36,1.6363295650482177,46.16,1.511671446800232,9.0,50.68,50.68,42.12,1.6596184844970703,5.799999999999997,-0.12465811824798578,1-20
MWM_AccDiff,42,6,3,kd,2.0,43.46,0.1,40.48,1.6884865354537963,41.78,1.5854669849395753,,,,,,1.3000000000000043,-0.10301955051422107,1-20
MWM_AccDiff,42,6,1,kd,7.0,42.28,0.1,39.42,1.6303058032989501,40.56,1.6506286947250366,,,,,,1.1400000000000006,0.020322891426086453,1-20
MWM_AccDiff,42,6,6,kd,9.0,50.68,0.1,39.26,2.0952303047180174,46.06,1.604108646774292,,,,,,6.800000000000004,-0.4911216579437254,1-20
MWM_AccDiff,42,6,8,kd,5.0,42.88,0.1,37.44,2.439216748046875,40.84,1.618116300201416,,,,,,3.4000000000000057,-0.8211004478454591,1-20
MWM_AccDiff,42,7,7,ce,,,0.1,42.28,1.5916522932052612,45.94,1.4978498722076417,9.0,50.68,50.68,47.38,1.4908790718078613,3.6599999999999966,-0.0938024209976196,1-20
MWM_AccDiff,42,7,1,kd,2.0,43.46,0.1,40.56,1.6506286947250366,42.16,1.5784460479736329,,,,,,1.5999999999999943,-0.07218264675140373,1-20
MWM_AccDiff,42,7,3,kd,9.0,50.68,0.1,41.78,1.5854669849395753,48.56,1.4314842872619629,,,,,,6.780000000000001,-0.1539826976776124,1-20
MWM_AccDiff,42,7,5,kd,4.0,46.16,0.1,42.88,1.5614527210235596,45.16,1.5543430326461791,,,,,,2.279999999999994,-0.007109688377380463,1-20
MWM_AccDiff,42,7,8,kd,6.0,46.06,0.1,40.84,1.618116300201416,45.02,1.7082696884155273,,,,,,4.18,0.09015338821411123,1-20
MWM_AccDiff,42,8,7,kd,3.0,48.56,0.1,45.94,1.4978498722076417,49.62,1.4384145259857177,,,,,,3.6799999999999997,-0.059435346221923924,1-20
MWM_AccDiff,42,8,1,kd,4.0,46.16,0.1,42.16,1.5784460479736329,43.34,1.6650895515441895,,,,,,1.1800000000000068,0.08664350357055661,1-20
MWM_AccDiff,42,8,2,kd,6.0,46.06,0.1,43.46,1.5381482997894287,43.3,1.6552897079467774,,,,,,-0.1600000000000037,0.11714140815734875,1-20
MWM_AccDiff,42,8,8,kd,9.0,50.68,0.1,45.02,1.7082696884155273,47.06,1.590497275352478,,,,,,2.039999999999999,-0.11777241306304931,1-20
MWM_AccDiff,42,8,5,ce,,,0.1,45.16,1.5543430326461791,50.46,1.3594138132095337,9.0,50.68,50.68,48.68,1.435015955734253,5.300000000000004,-0.19492921943664543,1-20
MWM_AccDiff,42,9,6,ce,,,0.1,46.06,1.604108646774292,52.78,1.29908985786438,9.0,50.68,50.68,48.64,1.4419761280059815,6.719999999999999,-0.3050187889099121,1-20
MWM_AccDiff,42,9,2,kd,5.0,50.46,0.1,43.3,1.6552897079467774,45.44,1.5123579837799073,,,,,,2.1400000000000006,-0.14293172416687017,1-20
MWM_AccDiff,42,9,1,kd,3.0,48.56,0.1,43.34,1.6650895515441895,46.9,1.4822084909439086,,,,,,3.559999999999995,-0.18288106060028086,1-20
MWM_AccDiff,42,9,8,kd,7.0,49.62,0.1,47.06,1.590497275352478,48.06,1.5210366327285767,,,,,,1.0,-0.06946064262390128,1-20
MWM_AccDiff,42,9,4,kd,9.0,50.68,0.1,46.16,1.511671446800232,48.78,1.4378613843917847,,,,,,2.6200000000000045,-0.07381006240844723,1-20
MWM_AccDiff,42,10,3,ce,,,0.1,48.56,1.4314842872619629,47.6,1.4775687824249268,6.0,52.78,52.78,49.8,1.4159312128067016,-0.9600000000000009,0.04608449516296398,1-20
MWM_AccDiff,42,10,1,kd,7.0,49.62,0.1,46.9,1.4822084909439086,48.84,1.4695083511352538,,,,,,1.9400000000000048,-0.012700139808654809,1-20
MWM_AccDiff,42,10,2,kd,6.0,52.78,0.1,45.44,1.5123579837799073,51.3,1.3153180236816406,,,,,,5.859999999999999,-0.19703996009826663,1-20
MWM_AccDiff,42,10,8,kd,5.0,50.46,0.1,48.06,1.5210366327285767,45.58,1.5244108642578125,,,,,,-2.480000000000004,0.0033742315292357716,1-20
MWM_AccDiff,42,10,4,kd,9.0,50.68,0.1,48.78,1.4378613843917847,50.14,1.4051015083312988,,,,,,1.3599999999999994,-0.032759876060485915,1-20
MWM_AccDiff,42,11,4,kd,2.0,51.3,0.1,50.14,1.4051015083312988,49.78,1.3653021173477173,,,,,,-0.35999999999999943,-0.03979939098358143,1-20
MWM_AccDiff,42,11,8,ce,,,0.1,45.58,1.5244108642578125,56.72,1.2444759184837342,6.0,52.78,52.78,51.3,1.3109130569458007,11.14,-0.2799349457740783,1-20
MWM_AccDiff,42,11,3,kd,6.0,52.78,0.1,47.6,1.4775687824249268,51.74,1.3371161783218384,,,,,,4.140000000000001,-0.14045260410308846,1-20
MWM_AccDiff,42,11,7,kd,5.0,50.46,0.1,49.62,1.4384145259857177,47.6,1.4892491714477538,,,,,,-2.019999999999996,0.05083464546203609,1-20
MWM_AccDiff,42,11,1,kd,9.0,50.68,0.1,48.84,1.4695083511352538,50.3,1.4040132871627808,,,,,,1.4599999999999937,-0.06549506397247296,1-20
MWM_AccDiff,42,12,1,kd,2.0,51.3,0.1,50.3,1.4040132871627808,50.66,1.3557267322540283,,,,,,0.35999999999999943,-0.048286554908752555,1-20
MWM_AccDiff,42,12,5,kd,6.0,52.78,0.1,50.46,1.3594138132095337,52.88,1.2937253084182738,,,,,,2.4200000000000017,-0.06568850479125987,1-20
MWM_AccDiff,42,12,7,ce,,,0.1,47.6,1.4892491714477538,60.82,1.0902515474319459,8.0,56.72,56.72,55.18,1.3671069528579711,13.219999999999999,-0.39899762401580796,1-20
MWM_AccDiff,42,12,9,kd,3.0,51.74,0.1,50.68,1.38171372756958,51.06,1.346910675239563,,,,,,0.38000000000000256,-0.034803052330017126,1-20
MWM_AccDiff,42,12,4,kd,8.0,56.72,0.1,49.78,1.3653021173477173,53.66,1.40039211769104,,,,,,3.8799999999999955,0.03509000034332277,1-20
MWM_AccDiff,42,13,1,kd,4.0,53.66,0.1,50.66,1.3557267322540283,53.84,1.402949451828003,,,,,,3.180000000000007,0.047222719573974725,1-20
MWM_AccDiff,42,13,6,ce,,,0.1,52.78,1.29908985786438,58.3,1.180452825164795,7.0,60.82,60.82,54.74,1.3152245357513428,5.519999999999996,-0.11863703269958492,1-20
MWM_AccDiff,42,13,9,kd,5.0,52.88,0.1,51.06,1.346910675239563,48.68,1.433654610824585,,,,,,-2.3800000000000026,0.08674393558502191,1-20
MWM_AccDiff,42,13,3,kd,8.0,56.72,0.1,51.74,1.3371161783218384,56.02,1.2781536500930786,,,,,,4.280000000000001,-0.0589625282287598,1-20
MWM_AccDiff,42,13,2,kd,7.0,60.82,0.1,51.3,1.3153180236816406,55.26,1.2495552200317384,,,,,,3.960000000000001,-0.06576280364990228,1-20
MWM_AccDiff,42,14,9,kd,3.0,56.02,0.1,48.68,1.433654610824585,53.62,1.3970020614624024,,,,,,4.939999999999998,-0.03665254936218254,1-20
MWM_AccDiff,42,14,4,kd,6.0,58.3,0.1,53.66,1.40039211769104,53.08,1.3271511835098266,,,,,,-0.5799999999999983,-0.07324093418121347,1-20
MWM_AccDiff,42,14,1,kd,8.0,56.72,0.1,53.84,1.402949451828003,54.9,1.3119795125961304,,,,,,1.0599999999999952,-0.09096993923187258,1-20
MWM_AccDiff,42,14,5,kd,7.0,60.82,0.1,52.88,1.2937253084182738,54.88,1.2510117568969727,,,,,,2.0,-0.042713551521301074,1-20
MWM_AccDiff,42,14,2,ce,,,0.1,55.26,1.2495552200317384,61.24,1.1015760787010194,7.0,60.82,60.82,58.54,1.1500152938842774,5.980000000000004,-0.147979141330719,1-20
MWM_AccDiff,42,15,1,kd,8.0,56.72,0.1,54.9,1.3119795125961304,56.08,1.2977016008377076,,,,,,1.1799999999999997,-0.014277911758422857,1-20
MWM_AccDiff,42,15,4,kd,2.0,61.24,0.1,53.08,1.3271511835098266,57.58,1.2152313619613648,,,,,,4.5,-0.1119198215484618,1-20
MWM_AccDiff,42,15,5,ce,,,0.1,54.88,1.2510117568969727,60.48,1.0986027061462402,2.0,61.24,61.24,58.8,1.1531599494934082,5.599999999999994,-0.15240905075073252,1-20
MWM_AccDiff,42,15,3,kd,6.0,58.3,0.1,56.02,1.2781536500930786,56.2,1.2516631774902345,,,,,,0.17999999999999972,-0.026490472602844095,1-20
MWM_AccDiff,42,15,9,kd,7.0,60.82,0.1,53.62,1.3970020614624024,57.56,1.167302113723755,,,,,,3.940000000000005,-0.22969994773864744,1-20
MWM_AccDiff,42,16,4,kd,2.0,61.24,0.1,57.58,1.2152313619613648,57.86,1.2514569016456605,,,,,,0.28000000000000114,0.03622553968429565,1-20
MWM_AccDiff,42,16,3,kd,7.0,60.82,0.1,56.2,1.2516631774902345,59.58,1.132441304588318,,,,,,3.3799999999999955,-0.11922187290191655,1-20
MWM_AccDiff,42,16,9,ce,,,0.1,57.56,1.167302113723755,60.74,1.1160393575668335,2.0,61.24,61.24,58.7,1.1593903774261474,3.1799999999999997,-0.05126275615692144,1-20
MWM_AccDiff,42,16,1,kd,6.0,58.3,0.1,56.08,1.2977016008377076,56.98,1.2306372045516967,,,,,,0.8999999999999986,-0.06706439628601091,1-20
MWM_AccDiff,42,16,8,kd,5.0,60.48,0.1,56.72,1.2444759184837342,55.18,1.3054955642700194,,,,,,-1.5399999999999991,0.06101964578628527,1-20
MWM_AccDiff,42,17,1,kd,2.0,61.24,0.1,56.98,1.2306372045516967,61.02,1.1167620023727416,,,,,,4.040000000000006,-0.11387520217895508,1-20
MWM_AccDiff,42,17,6,kd,5.0,60.48,0.1,58.3,1.180452825164795,57.68,1.2026263737678529,,,,,,-0.6199999999999974,0.02217354860305787,1-20
MWM_AccDiff,42,17,8,kd,7.0,60.82,0.1,55.18,1.3054955642700194,59.84,1.1214989353179932,,,,,,4.660000000000004,-0.1839966289520263,1-20
MWM_AccDiff,42,17,4,kd,9.0,60.74,0.1,57.86,1.2514569016456605,60.4,1.1094479038238525,,,,,,2.539999999999999,-0.14200899782180798,1-20
MWM_AccDiff,42,17,3,ce,,,0.1,59.58,1.132441304588318,63.68,1.0422422595977783,2.0,61.24,61.24,60.08,1.1387686672210693,4.100000000000001,-0.09019904499053966,1-20
MWM_AccDiff,42,18,9,ce,,,0.1,60.74,1.1160393575668335,64.28,0.9918353792190552,3.0,63.68,63.68,62.74,1.0550389587402345,3.539999999999999,-0.1242039783477783,1-20
MWM_AccDiff,42,18,5,kd,7.0,60.82,0.1,60.48,1.0986027061462402,60.62,1.1041497821807862,,,,,,0.14000000000000057,0.005547076034545961,1-20
MWM_AccDiff,42,18,8,kd,2.0,61.24,0.1,59.84,1.1214989353179932,59.1,1.1439647747039794,,,,,,-0.740000000000002,0.02246583938598623,1-20
MWM_AccDiff,42,18,6,kd,3.0,63.68,0.1,57.68,1.2026263737678529,60.34,1.292735154056549,,,,,,2.6600000000000037,0.09010878028869618,1-20
MWM_AccDiff,42,18,4,kd,1.0,61.02,0.1,60.4,1.1094479038238525,60.8,1.127870808982849,,,,,,0.3999999999999986,0.018422905158996583,1-20
MWM_AccDiff,42,19,7,kd,2.0,61.24,0.1,60.82,1.0902515474319459,60.42,1.1399217105865478,,,,,,-0.3999999999999986,0.04967016315460193,1-20
MWM_AccDiff,42,19,4,kd,1.0,61.02,0.1,60.8,1.127870808982849,59.54,1.1293254978179932,,,,,,-1.259999999999998,0.0014546888351441023,1-20
MWM_AccDiff,42,19,8,ce,,,0.1,59.1,1.1439647747039794,60.9,1.1187301369667053,9.0,64.28,64.28,61.88,1.076691869544983,1.7999999999999972,-0.02523463773727408,1-20
MWM_AccDiff,42,19,6,kd,9.0,64.28,0.1,60.34,1.292735154056549,61.2,1.1544054419517518,,,,,,0.8599999999999994,-0.13832971210479728,1-20
MWM_AccDiff,42,19,5,kd,3.0,63.68,0.1,60.62,1.1041497821807862,61.28,1.1106950511932374,,,,,,0.6600000000000037,0.006545269012451227,1-20
MWM_AccDiff,42,20,1,kd,5.0,61.28,0.1,61.02,1.1167620023727416,59.82,1.1524595880508424,,,,,,-1.2000000000000028,0.035697585678100774,1-20
MWM_AccDiff,42,20,4,kd,3.0,63.68,0.1,59.54,1.1293254978179932,61.38,1.1635782141685487,,,,,,1.8400000000000034,0.03425271635055549,1-20
MWM_AccDiff,42,20,6,ce,,,0.1,61.2,1.1544054419517518,63.34,1.0673875495910645,9.0,64.28,64.28,61.98,1.0735681434631348,2.1400000000000006,-0.08701789236068724,1-20
MWM_AccDiff,42,20,8,kd,9.0,64.28,0.1,60.9,1.1187301369667053,63.38,1.0200111280441284,,,,,,2.480000000000004,-0.0987190089225769,1-20
MWM_AccDiff,42,20,7,kd,2.0,61.24,0.1,60.42,1.1399217105865478,61.22,1.1152657697677613,,,,,,0.7999999999999972,-0.024655940818786526,1-20
MWM_AccDiff,42,21,7,ce,,,0.1,61.22,1.1152657697677613,57.76,1.2570009071350097,9.0,64.28,64.28,63.28,1.0467571004867553,-3.460000000000001,0.1417351373672484,21-40
MWM_AccDiff,42,21,4,kd,3.0,63.68,0.1,61.38,1.1635782141685487,60.4,1.1591954706192016,,,,,,-0.980000000000004,-0.00438274354934709,21-40
MWM_AccDiff,42,21,1,kd,8.0,63.38,0.1,59.82,1.1524595880508424,61.6,1.0662806436538697,,,,,,1.7800000000000011,-0.08617894439697271,21-40
MWM_AccDiff,42,21,2,kd,9.0,64.28,0.1,61.24,1.1015760787010194,62.68,1.062407368850708,,,,,,1.4399999999999977,-0.03916870985031129,21-40
MWM_AccDiff,42,21,5,kd,6.0,63.34,0.1,61.28,1.1106950511932374,60.52,1.164326657295227,,,,,,-0.759999999999998,0.05363160610198969,21-40
MWM_AccDiff,42,22,1,ce,,,0.1,61.6,1.0662806436538697,62.9,1.02835855178833,9.0,64.28,64.28,62.34,1.0760102011680603,1.2999999999999972,-0.03792209186553963,21-40
MWM_AccDiff,42,22,5,kd,8.0,63.38,0.1,60.52,1.164326657295227,61.4,1.082353179359436,,,,,,0.8799999999999955,-0.08197347793579102,21-40
MWM_AccDiff,42,22,4,kd,6.0,63.34,0.1,60.4,1.1591954706192016,63.2,1.0861221435546875,,,,,,2.8000000000000043,-0.07307332706451408,21-40
MWM_AccDiff,42,22,7,kd,9.0,64.28,0.1,57.76,1.2570009071350097,62.98,1.0370986235618591,,,,,,5.219999999999999,-0.21990228357315056,21-40
MWM_AccDiff,42,22,2,kd,3.0,63.68,0.1,62.68,1.062407368850708,61.1,1.135732151222229,,,,,,-1.5799999999999983,0.07332478237152085,21-40
MWM_AccDiff,42,23,4,ce,,,0.1,63.2,1.0861221435546875,65.14,0.9953855994224549,9.0,64.28,64.28,62.5,1.063018008995056,1.9399999999999977,-0.09073654413223264,21-40
MWM_AccDiff,42,23,1,kd,8.0,63.38,0.1,62.9,1.02835855178833,63.06,1.0482342497825623,,,,,,0.1600000000000037,0.019875697994232278,21-40
MWM_AccDiff,42,23,2,kd,9.0,64.28,0.1,61.1,1.135732151222229,62.96,1.059145253753662,,,,,,1.8599999999999994,-0.07658689746856684,21-40
MWM_AccDiff,42,23,7,kd,6.0,63.34,0.1,62.98,1.0370986235618591,62.92,1.1404171520233155,,,,,,-0.05999999999999517,0.1033185284614564,21-40
MWM_AccDiff,42,23,5,kd,3.0,63.68,0.1,61.4,1.082353179359436,61.28,1.1309849397659302,,,,,,-0.11999999999999744,0.048631760406494084,21-40
MWM_AccDiff,42,24,5,kd,4.0,65.14,0.1,61.28,1.1309849397659302,65.5,0.9729392331123352,,,,,,4.219999999999999,-0.15804570665359496,21-40
MWM_AccDiff,42,24,1,kd,8.0,63.38,0.1,63.06,1.0482342497825623,62.72,1.0686397876739502,,,,,,-0.3400000000000034,0.02040553789138788,21-40
MWM_AccDiff,42,24,6,ce,,,0.1,63.34,1.0673875495910645,65.74,0.9906262571334838,4.0,65.14,65.14,64.02,1.0245184425354004,2.3999999999999915,-0.07676129245758068,21-40
MWM_AccDiff,42,24,7,kd,9.0,64.28,0.1,62.92,1.1404171520233155,64.16,0.9920649001121521,,,,,,1.2399999999999949,-0.1483522519111634,21-40
MWM_AccDiff,42,24,2,kd,3.0,63.68,0.1,62.96,1.059145253753662,62.76,1.079000334739685,,,,,,-0.20000000000000284,0.019855080986022955,21-40
MWM_AccDiff,42,25,1,kd,9.0,64.28,0.1,62.72,1.0686397876739502,64.3,1.0345513624191285,,,,,,1.5799999999999983,-0.0340884252548217,21-40
MWM_AccDiff,42,25,3,kd,6.0,65.74,0.1,63.68,1.0422422595977783,62.68,1.1107254627227783,,,,,,-1.0,0.068483203125,21-40
MWM_AccDiff,42,25,8,ce,,,0.1,63.38,1.0200111280441284,65.72,0.9720904020786285,6.0,65.74,65.74,62.34,1.1056607145309447,2.3399999999999963,-0.0479207259654999,21-40
MWM_AccDiff,42,25,2,kd,5.0,65.5,0.1,62.76,1.079000334739685,64.0,1.0295237442016603,,,,,,1.240000000000002,-0.04947659053802478,21-40
MWM_AccDiff,42,25,7,kd,4.0,65.14,0.1,64.16,0.9920649001121521,64.82,1.0085888331413269,,,,,,0.6599999999999966,0.016523933029174764,21-40
MWM_AccDiff,42,26,7,ce,,,0.1,64.82,1.0085888331413269,65.52,1.0006251008033753,6.0,65.74,65.74,65.76,0.986380619430542,0.7000000000000028,-0.007963732337951557,21-40
MWM_AccDiff,42,26,3,kd,8.0,65.72,0.1,62.68,1.1107254627227783,65.32,1.0147520483016967,,,,,,2.6399999999999935,-0.09597341442108154,21-40
MWM_AccDiff,42,26,1,kd,5.0,65.5,0.1,64.3,1.0345513624191285,64.5,1.000152186012268,,,,,,0.20000000000000284,-0.03439917640686052,21-40
MWM_AccDiff,42,26,2,kd,6.0,65.74,0.1,64.0,1.0295237442016603,63.82,1.0855097145080566,,,,,,-0.17999999999999972,0.05598597030639629,21-40
MWM_AccDiff,42,26,9,kd,4.0,65.14,0.1,64.28,0.9918353792190552,63.48,1.042950482749939,,,,,,-0.8000000000000043,0.051115103530883776,21-40
MWM_AccDiff,42,27,3,ce,,,0.1,65.32,1.0147520483016967,62.98,1.1135111757278442,6.0,65.74,65.74,64.84,1.0106568273544312,-2.3399999999999963,0.09875912742614745,21-40
MWM_AccDiff,42,27,4,kd,5.0,65.5,0.1,65.14,0.9953855994224549,66.44,0.9537508944511414,,,,,,1.2999999999999972,-0.041634704971313496,21-40
MWM_AccDiff,42,27,1,kd,7.0,65.52,0.1,64.5,1.000152186012268,62.36,1.143305080986023,,,,,,-2.1400000000000006,0.14315289497375505,21-40
MWM_AccDiff,42,27,2,kd,6.0,65.74,0.1,63.82,1.0855097145080566,64.2,1.0600567401885985,,,,,,0.38000000000000256,-0.025452974319458033,21-40
MWM_AccDiff,42,27,9,kd,8.0,65.72,0.1,63.48,1.042950482749939,66.46,0.9606605663776397,,,,,,2.979999999999997,-0.08228991637229921,21-40
MWM_AccDiff,42,28,7,kd,8.0,65.72,0.1,65.52,1.0006251008033753,65.22,1.0102993356227874,,,,,,-0.29999999999999716,0.009674234819412098,21-40
MWM_AccDiff,42,28,5,kd,4.0,66.44,0.1,65.5,0.9729392331123352,65.78,0.9791989284515381,,,,,,0.28000000000000114,0.0062596953392028976,21-40
MWM_AccDiff,42,28,2,ce,,,0.1,64.2,1.0600567401885985,65.94,1.0086821288108825,9.0,66.46,66.46,64.66,1.0325449133872986,1.7399999999999949,-0.05137461137771604,21-40
MWM_AccDiff,42,28,3,kd,6.0,65.74,0.1,62.98,1.1135111757278442,66.18,0.9710858457565308,,,,,,3.20000000000001,-0.1424253299713134,21-40
MWM_AccDiff,42,28,1,kd,9.0,66.46,0.1,62.36,1.143305080986023,66.08,0.9901165858268738,,,,,,3.719999999999999,-0.15318849515914923,21-40
MWM_AccDiff,42,29,8,kd,1.0,66.08,0.1,65.72,0.9720904020786285,64.16,1.0903615507125854,,,,,,-1.5600000000000023,0.11827114863395694,21-40
MWM_AccDiff,42,29,6,kd,4.0,66.44,0.1,65.74,0.9906262571334838,67.24,0.9488239113807678,,,,,,1.5,-0.04180234575271602,21-40
MWM_AccDiff,42,29,7,kd,9.0,66.46,0.1,65.22,1.0102993356227874,65.76,0.9883365131378173,,,,,,0.5400000000000063,-0.021962822484970057,21-40
MWM_AccDiff,42,29,2,ce,,,0.1,65.94,1.0086821288108825,67.14,0.9364831841468811,9.0,66.46,66.46,66.88,0.9535256530761719,1.2000000000000028,-0.07219894466400134,21-40
MWM_AccDiff,42,29,5,kd,3.0,66.18,0.1,65.78,0.9791989284515381,62.68,1.0814393913269043,,,,,,-3.1000000000000014,0.10224046287536614,21-40
MWM_AccDiff,42,30,7,kd,4.0,66.44,0.1,65.76,0.9883365131378173,67.28,0.9504313234329224,,,,,,1.519999999999996,-0.03790518970489498,21-40
MWM_AccDiff,42,30,3,ce,,,0.1,66.18,0.9710858457565308,67.52,0.935939720249176,6.0,67.24,67.24,67.38,0.9597221992492676,1.3399999999999892,-0.03514612550735474,21-40
MWM_AccDiff,42,30,5,kd,6.0,67.24,0.1,62.68,1.0814393913269043,65.18,0.9984990222930908,,,,,,2.500000000000007,-0.08294036903381341,21-40
MWM_AccDiff,42,30,8,kd,2.0,67.14,0.1,64.16,1.0903615507125854,66.8,0.9572488664627076,,,,,,2.6400000000000006,-0.13311268424987788,21-40
MWM_AccDiff,42,30,1,kd,9.0,66.46,0.1,66.08,0.9901165858268738,65.6,0.992781833744049,,,,,,-0.480000000000004,0.002665247917175262,21-40
MWM_AccDiff,42,31,4,kd,2.0,67.14,0.1,66.44,0.9537508944511414,67.52,0.9455444857597352,,,,,,1.0799999999999983,-0.008206408691406208,21-40
MWM_AccDiff,42,31,5,kd,7.0,67.28,0.1,65.18,0.9984990222930908,65.18,1.0155263637542724,,,,,,0.0,0.017027341461181567,21-40
MWM_AccDiff,42,31,9,kd,3.0,67.52,0.1,66.46,0.9606605663776397,65.88,1.019912096977234,,,,,,-0.5799999999999983,0.059251530599594204,21-40
MWM_AccDiff,42,31,1,kd,6.0,67.24,0.1,65.6,0.992781833744049,65.44,0.9943292881011963,,,,,,-0.1599999999999966,0.0015474543571472044,21-40
MWM_AccDiff,42,31,8,ce,,,0.1,66.8,0.9572488664627076,65.84,1.0075282703399657,3.0,67.52,67.52,65.98,1.001576070690155,-0.9599999999999937,0.050279403877258155,21-40
MWM_AccDiff,42,32,5,kd,4.0,67.52,0.1,65.18,1.0155263637542724,67.36,0.9643407657623291,,,,,,2.1799999999999926,-0.05118559799194333,21-40
MWM_AccDiff,42,32,1,kd,7.0,67.28,0.1,65.44,0.9943292881011963,66.14,0.9763871152877808,,,,,,0.7000000000000028,-0.01794217281341548,21-40
MWM_AccDiff,42,32,2,ce,,,0.1,67.14,0.9364831841468811,70.82,0.8528159084320068,4.0,67.52,67.52,68.62,0.9037842876434327,3.6799999999999926,-0.08366727571487431,21-40
MWM_AccDiff,42,32,9,kd,3.0,67.52,0.1,65.88,1.019912096977234,59.06,1.295522629737854,,,,,,-6.819999999999993,0.27561053276062,21-40
MWM_AccDiff,42,32,8,kd,6.0,67.24,0.1,65.84,1.0075282703399657,67.38,0.9433641405105591,,,,,,1.539999999999992,-0.06416412982940667,21-40
MWM_AccDiff,42,33,7,ce,,,0.1,67.28,0.9504313234329224,66.84,0.974637363243103,2.0,70.82,70.82,68.3,0.9457404441833496,-0.4399999999999977,0.024206039810180657,21-40
MWM_AccDiff,42,33,1,kd,8.0,67.38,0.1,66.14,0.9763871152877808,66.16,0.9898072855949401,,,,,,0.01999999999999602,0.013420170307159363,21-40
MWM_AccDiff,42,33,6,kd,2.0,70.82,0.1,67.24,0.9488239113807678,64.92,1.0537307200431825,,,,,,-2.319999999999993,0.10490680866241464,21-40
MWM_AccDiff,42,33,5,kd,3.0,67.52,0.1,67.36,0.9643407657623291,64.46,1.0948675254821778,,,,,,-2.9000000000000057,0.13052675971984873,21-40
MWM_AccDiff,42,33,9,kd,4.0,67.52,0.1,59.06,1.295522629737854,63.36,1.0803962854385376,,,,,,4.299999999999997,-0.21512634429931632,21-40
MWM_AccDiff,42,34,7,ce,,,0.1,66.84,0.974637363243103,71.68,0.8153674019336701,2.0,70.82,70.82,68.5,0.9363348455429077,4.840000000000003,-0.15926996130943294,21-40
MWM_AccDiff,42,34,1,kd,8.0,67.38,0.1,66.16,0.9898072855949401,66.6,0.9789707717895508,,,,,,0.4399999999999977,-0.010836513805389303,21-40
MWM_AccDiff,42,34,6,kd,2.0,70.82,0.1,64.92,1.0537307200431825,68.4,0.9412818038940429,,,,,,3.480000000000004,-0.11244891614913954,21-40
MWM_AccDiff,42,34,5,kd,3.0,67.52,0.1,64.46,1.0948675254821778,66.02,1.0074420010566711,,,,,,1.5600000000000023,-0.08742552442550666,21-40
MWM_AccDiff,42,34,9,kd,4.0,67.52,0.1,63.36,1.0803962854385376,67.18,0.9645600448608398,,,,,,3.8200000000000074,-0.11583624057769781,21-40
MWM_AccDiff,42,35,4,kd,6.0,68.4,0.1,67.52,0.9455444857597352,65.5,1.0881693601608275,,,,,,-2.019999999999996,0.1426248744010924,21-40
MWM_AccDiff,42,35,9,kd,7.0,71.68,0.1,67.18,0.9645600448608398,67.14,0.9817935721874237,,,,,,-0.04000000000000625,0.017233527326583897,21-40
MWM_AccDiff,42,35,5,ce,,,0.1,66.02,1.0074420010566711,68.08,0.925469100189209,7.0,71.68,71.68,68.46,0.9076929620742797,2.0600000000000023,-0.08197290086746212,21-40
MWM_AccDiff,42,35,1,kd,3.0,67.52,0.1,66.6,0.9789707717895508,64.38,1.0849862915039064,,,,,,-2.219999999999999,0.10601551971435552,21-40
MWM_AccDiff,42,35,8,kd,2.0,70.82,0.1,67.38,0.9433641405105591,70.12,0.8706657723426818,,,,,,2.740000000000009,-0.07269836816787723,21-40
MWM_AccDiff,42,36,9,ce,,,0.1,67.14,0.9817935721874237,69.5,0.8794565469741821,7.0,71.68,71.68,67.88,0.9407047972679138,2.3599999999999994,-0.10233702521324162,21-40
MWM_AccDiff,42,36,4,kd,2.0,70.82,0.1,65.5,1.0881693601608275,69.24,0.9106917749404907,,,,,,3.739999999999995,-0.17747758522033685,21-40
MWM_AccDiff,42,36,3,kd,7.0,71.68,0.1,67.52,0.935939720249176,70.74,0.853203344154358,,,,,,3.219999999999999,-0.0827363760948181,21-40
MWM_AccDiff,42,36,1,kd,6.0,68.4,0.1,64.38,1.0849862915039064,65.4,1.0649058899879456,,,,,,1.0200000000000102,-0.0200804015159608,21-40
MWM_AccDiff,42,36,5,kd,8.0,70.12,0.1,68.08,0.925469100189209,69.06,0.9221842418670654,,,,,,0.980000000000004,-0.0032848583221436467,21-40
MWM_AccDiff,42,37,4,ce,,,0.1,69.24,0.9106917749404907,64.66,1.035151474428177,7.0,71.68,71.68,69.24,0.8870212651729584,-4.579999999999998,0.1244596994876862,21-40
MWM_AccDiff,42,37,1,kd,8.0,70.12,0.1,65.4,1.0649058899879456,68.22,0.9265451471328735,,,,,,2.819999999999993,-0.13836074285507205,21-40
MWM_AccDiff,42,37,9,kd,2.0,70.82,0.1,69.5,0.8794565469741821,69.1,0.9016332948684692,,,,,,-0.4000000000000057,0.02217674789428714,21-40
MWM_AccDiff,42,37,5,kd,7.0,71.68,0.1,69.06,0.9221842418670654,69.9,0.8850015732765197,,,,,,0.8400000000000034,-0.03718266859054564,21-40
MWM_AccDiff,42,37,6,kd,3.0,70.74,0.1,68.4,0.9412818038940429,68.52,0.9533432156085968,,,,,,0.11999999999999034,0.012061411714553882,21-40
MWM_AccDiff,42,38,1,kd,2.0,70.82,0.1,68.22,0.9265451471328735,67.72,0.9691371894836426,,,,,,-0.5,0.04259204235076908,21-40
MWM_AccDiff,42,38,4,kd,3.0,70.74,0.1,64.66,1.035151474428177,70.0,0.8973342552185058,,,,,,5.340000000000003,-0.13781721920967105,21-40
MWM_AccDiff,42,38,6,kd,7.0,71.68,0.1,68.52,0.9533432156085968,69.54,0.8975263730049133,,,,,,1.0200000000000102,-0.05581684260368347,21-40
MWM_AccDiff,42,38,9,kd,8.0,70.12,0.1,69.1,0.9016332948684692,69.98,0.8698144669532776,,,,,,0.8800000000000097,-0.03181882791519164,21-40
MWM_AccDiff,42,38,5,ce,,,0.1,69.9,0.8850015732765197,70.3,0.8566420507431031,7.0,71.68,71.68,70.36,0.8803455910682678,0.3999999999999915,-0.02835952253341667,21-40
MWM_AccDiff,42,39,4,kd,2.0,70.82,0.1,70.0,0.8973342552185058,69.58,0.8699746068954468,,,,,,-0.4200000000000017,-0.027359648323059038,21-40
MWM_AccDiff,42,39,8,kd,3.0,70.74,0.1,70.12,0.8706657723426818,68.3,0.949069621372223,,,,,,-1.8200000000000074,0.07840384902954112,21-40
MWM_AccDiff,42,39,1,kd,5.0,70.3,0.1,67.72,0.9691371894836426,68.8,0.9097135416030884,,,,,,1.0799999999999983,-0.05942364788055421,21-40
MWM_AccDiff,42,39,6,ce,,,0.1,69.54,0.8975263730049133,70.28,0.8460706323623657,7.0,71.68,71.68,70.18,0.8753280591011048,0.7399999999999949,-0.051455740642547654,21-40
MWM_AccDiff,42,39,9,kd,7.0,71.68,0.1,69.98,0.8698144669532776,70.28,0.8503875516891479,,,,,,0.29999999999999716,-0.01942691526412965,21-40
MWM_AccDiff,42,40,4,kd,7.0,71.68,0.1,69.58,0.8699746068954468,70.14,0.8753617166519165,,,,,,0.5600000000000023,0.005387109756469721,21-40
MWM_AccDiff,42,40,1,kd,5.0,70.3,0.1,68.8,0.9097135416030884,66.68,0.9855632946014404,,,,,,-2.1199999999999903,0.07584975299835206,21-40
MWM_AccDiff,42,40,6,ce,,,0.1,70.28,0.8460706323623657,69.94,0.862390371131897,7.0,71.68,71.68,70.7,0.8536836266517639,-0.3400000000000034,0.0163197387695313,21-40
MWM_AccDiff,42,40,9,kd,2.0,70.82,0.1,70.28,0.8503875516891479,67.5,0.9486326429367066,,,,,,-2.780000000000001,0.09824509124755865,21-40
MWM_AccDiff,42,40,8,kd,3.0,70.74,0.1,68.3,0.949069621372223,69.86,0.8874364632606506,,,,,,1.5600000000000023,-0.06163315811157233,21-40
MWM_AccDiff,42,41,4,kd,7.0,71.68,0.1,70.14,0.8753617166519165,69.98,0.873344490480423,,,,,,-0.1599999999999966,-0.00201722617149358,41-60
MWM_AccDiff,42,41,1,kd,5.0,70.3,0.1,66.68,0.9855632946014404,69.36,0.9017739942550659,,,,,,2.6799999999999926,-0.08378930034637455,41-60
MWM_AccDiff,42,41,9,kd,2.0,70.82,0.1,67.5,0.9486326429367066,68.2,0.9357886882781983,,,,,,0.7000000000000028,-0.012843954658508294,41-60
MWM_AccDiff,42,41,8,ce,,,0.1,69.86,0.8874364632606506,69.64,0.8702622138977051,7.0,71.68,71.68,69.88,0.8811151212692261,-0.21999999999999886,-0.017174249362945537,41-60
MWM_AccDiff,42,41,6,kd,3.0,70.74,0.1,69.94,0.862390371131897,71.04,0.8531935326576233,,,,,,1.1000000000000085,-0.00919683847427366,41-60
MWM_AccDiff,42,42,4,kd,3.0,70.74,0.1,69.98,0.873344490480423,69.26,0.9052206437587738,,,,,,-0.7199999999999989,0.031876153278350805,41-60
MWM_AccDiff,42,42,9,kd,2.0,70.82,0.1,68.2,0.9357886882781983,68.62,0.9116306193351745,,,,,,0.4200000000000017,-0.024158068943023747,41-60
MWM_AccDiff,42,42,5,ce,,,0.1,70.3,0.8566420507431031,70.84,0.8205887778282166,7.0,71.68,71.68,71.1,0.8417530894756318,0.5400000000000063,-0.03605327291488647,41-60
MWM_AccDiff,42,42,1,kd,6.0,71.04,0.1,69.36,0.9017739942550659,68.44,0.9479266784667969,,,,,,-0.9200000000000017,0.04615268421173102,41-60
MWM_AccDiff,42,42,8,kd,7.0,71.68,0.1,69.64,0.8702622138977051,70.92,0.8519987283706665,,,,,,1.2800000000000011,-0.018263485527038603,41-60
MWM_AccDiff,42,43,4,kd,6.0,71.04,0.1,69.26,0.9052206437587738,70.94,0.8561451356887817,,,,,,1.6799999999999926,-0.04907550806999206,41-60
MWM_AccDiff,42,43,3,ce,,,0.1,70.74,0.853203344154358,69.04,0.8819910532951355,7.0,71.68,71.68,70.56,0.8470816686153412,-1.6999999999999886,0.02878770914077755,41-60
MWM_AccDiff,42,43,1,kd,7.0,71.68,0.1,68.44,0.9479266784667969,70.38,0.8823664936065674,,,,,,1.9399999999999977,-0.06556018486022952,41-60
MWM_AccDiff,42,43,9,kd,8.0,70.92,0.1,68.62,0.9116306193351745,69.3,0.8964929049491882,,,,,,0.6799999999999926,-0.015137714385986323,41-60
MWM_AccDiff,42,43,2,kd,5.0,70.84,0.1,70.82,0.8528159084320068,70.24,0.8526774580001831,,,,,,-0.5799999999999983,-0.0001384504318237001,41-60
MWM_AccDiff,42,44,2,kd,4.0,70.94,0.1,70.24,0.8526774580001831,69.66,0.8791361750602722,,,,,,-0.5799999999999983,0.026458717060089065,41-60
MWM_AccDiff,42,44,3,kd,7.0,71.68,0.1,69.04,0.8819910532951355,70.9,0.8343486382484436,,,,,,1.8599999999999994,-0.047642415046691866,41-60
MWM_AccDiff,42,44,9,kd,6.0,71.04,0.1,69.3,0.8964929049491882,69.1,0.9054683512926102,,,,,,-0.20000000000000284,0.008975446343421956,41-60
MWM_AccDiff,42,44,1,kd,8.0,70.92,0.1,70.38,0.8823664936065674,68.26,0.9360872211456299,,,,,,-2.1199999999999903,0.05372072753906254,41-60
MWM_AccDiff,42,44,5,ce,,,0.1,70.84,0.8205887778282166,73.54,0.7691992235183716,7.0,71.68,71.68,72.44,0.7907176823616028,2.700000000000003,-0.05138955430984504,41-60
MWM_AccDiff,42,45,9,kd,6.0,71.04,0.1,69.1,0.9054683512926102,70.24,0.876426804804802,,,,,,1.1400000000000006,-0.029041546487808212,41-60
MWM_AccDiff,42,45,3,ce,,,0.1,70.9,0.8343486382484436,70.18,0.8483025440216064,5.0,73.54,73.54,73.06,0.7753178114891053,-0.7199999999999989,0.0139539057731628,41-60
MWM_AccDiff,42,45,1,kd,4.0,70.94,0.1,68.26,0.9360872211456299,70.3,0.8763306406974792,,,,,,2.039999999999992,-0.05975658044815069,41-60
MWM_AccDiff,42,45,8,kd,7.0,71.68,0.1,70.92,0.8519987283706665,70.12,0.8671181406974793,,,,,,-0.7999999999999972,0.015119412326812798,41-60
MWM_AccDiff,42,45,2,kd,5.0,73.54,0.1,69.66,0.8791361750602722,71.84,0.8229007162094116,,,,,,2.180000000000007,-0.056235458850860565,41-60
MWM_AccDiff,42,46,4,kd,6.0,71.04,0.1,70.94,0.8561451356887817,69.42,0.9071349477767945,,,,,,-1.519999999999996,0.05098981208801279,41-60
MWM_AccDiff,42,46,8,ce,,,0.1,70.12,0.8671181406974793,70.02,0.8332564615249634,5.0,73.54,73.54,72.92,0.7958791452884674,-0.10000000000000853,-0.033861679172515924,41-60
MWM_AccDiff,42,46,1,kd,7.0,71.68,0.1,70.3,0.8763306406974792,68.16,0.9074805358886718,,,,,,-2.1400000000000006,0.0311498951911926,41-60
MWM_AccDiff,42,46,9,kd,5.0,73.54,0.1,70.24,0.876426804804802,72.22,0.8133167556762695,,,,,,1.980000000000004,-0.06311004912853246,41-60
MWM_AccDiff,42,46,3,kd,2.0,71.84,0.1,70.18,0.8483025440216064,72.48,0.7866651888847351,,,,,,2.299999999999997,-0.0616373551368713,41-60
MWM_AccDiff,42,47,7,ce,,,0.1,71.68,0.8153674019336701,71.24,0.828711934375763,5.0,73.54,73.54,72.48,0.8063104467391968,-0.44000000000001194,0.013344532442092882,41-60
MWM_AccDiff,42,47,6,kd,2.0,71.84,0.1,71.04,0.8531935326576233,71.06,0.8512650566101074,,,,,,0.01999999999999602,-0.0019284760475158924,41-60
MWM_AccDiff,42,47,8,kd,5.0,73.54,0.1,70.02,0.8332564615249634,71.54,0.8473160468101502,,,,,,1.5200000000000102,0.014059585285186804,41-60
MWM_AccDiff,42,47,4,kd,9.0,72.22,0.1,69.42,0.9071349477767945,70.72,0.8653986104011535,,,,,,1.2999999999999972,-0.041736337375640975,41-60
MWM_AccDiff,42,47,1,kd,3.0,72.48,0.1,68.16,0.9074805358886718,70.48,0.8729346534729004,,,,,,2.3200000000000074,-0.03454588241577139,41-60
MWM_AccDiff,42,48,1,kd,2.0,71.84,0.1,70.48,0.8729346534729004,70.32,0.8839679595470429,,,,,,-0.1600000000000108,0.011033306074142435,41-60
MWM_AccDiff,42,48,4,ce,,,0.1,70.72,0.8653986104011535,69.42,0.8765431846618652,5.0,73.54,73.54,71.3,0.8459544464111328,-1.2999999999999972,0.011144574260711693,41-60
MWM_AccDiff,42,48,7,kd,3.0,72.48,0.1,71.24,0.828711934375763,72.8,0.8059043338775634,,,,,,1.5600000000000023,-0.02280760049819952,41-60
MWM_AccDiff,42,48,8,kd,9.0,72.22,0.1,71.54,0.8473160468101502,72.24,0.8010952547550202,,,,,,0.6999999999999886,-0.04622079205512997,41-60
MWM_AccDiff,42,48,6,kd,5.0,73.54,0.1,71.06,0.8512650566101074,70.98,0.8587120684623718,,,,,,-0.0799999999999983,0.0074470118522643736,41-60
MWM_AccDiff,42,49,4,kd,3.0,72.48,0.1,69.42,0.8765431846618652,70.6,0.855494046497345,,,,,,1.1799999999999926,-0.021049138164520254,41-60
MWM_AccDiff,42,49,9,ce,,,0.1,72.22,0.8133167556762695,70.4,0.8573272808074951,5.0,73.54,73.54,72.2,0.8011203079223633,-1.8199999999999932,0.04401052513122561,41-60
MWM_AccDiff,42,49,1,kd,7.0,72.8,0.1,70.32,0.8839679595470429,70.58,0.8873302635192871,,,,,,0.2600000000000051,0.0033623039722442405,41-60
MWM_AccDiff,42,49,6,kd,5.0,73.54,0.1,70.98,0.8587120684623718,70.26,0.8736099473953247,,,,,,-0.7199999999999989,0.014897878932952913,41-60
MWM_AccDiff,42,49,2,kd,8.0,72.24,0.1,71.84,0.8229007162094116,72.08,0.8161211777210235,,,,,,0.23999999999999488,-0.006779538488388082,41-60
MWM_AccDiff,42,50,4,kd,7.0,72.8,0.1,70.6,0.855494046497345,70.78,0.8667875950813293,,,,,,0.18000000000000682,0.011293548583984347,41-60
MWM_AccDiff,42,50,6,kd,5.0,73.54,0.1,70.26,0.8736099473953247,70.36,0.8602759382247925,,,,,,0.09999999999999432,-0.01333400917053218,41-60
MWM_AccDiff,42,50,2,ce,,,0.1,72.08,0.8161211777210235,70.3,0.8635333824157715,5.0,73.54,73.54,73.56,0.7675938268661499,-1.7800000000000011,0.04741220469474794,41-60
MWM_AccDiff,42,50,9,kd,8.0,72.24,0.1,70.4,0.8573272808074951,72.2,0.8159286738395691,,,,,,1.7999999999999972,-0.041398606967925966,41-60
MWM_AccDiff,42,50,1,kd,3.0,72.48,0.1,70.58,0.8873302635192871,70.62,0.843472942352295,,,,,,0.04000000000000625,-0.04385732116699215,41-60
MWM_AccDiff,42,51,4,kd,7.0,72.8,0.1,70.78,0.8667875950813293,71.96,0.82257245221138,,,,,,1.1799999999999926,-0.04421514286994932,41-60
MWM_AccDiff,42,51,6,kd,8.0,72.24,0.1,70.36,0.8602759382247925,71.2,0.8528644604206085,,,,,,0.8400000000000034,-0.007411477804184052,41-60
MWM_AccDiff,42,51,9,ce,,,0.1,72.2,0.8159286738395691,73.84,0.761050711965561,5.0,73.54,73.54,71.7,0.8135092648506165,1.6400000000000006,-0.054877961874008174,41-60
MWM_AccDiff,42,51,2,kd,5.0,73.54,0.1,70.3,0.8635333824157715,73.06,0.7712888097763062,,,,,,2.760000000000005,-0.09224457263946528,41-60
MWM_AccDiff,42,51,1,kd,3.0,72.48,0.1,70.62,0.843472942352295,71.56,0.8169305739402771,,,,,,0.9399999999999977,-0.026542368412017847,41-60
MWM_AccDiff,42,52,4,ce,,,0.1,71.96,0.82257245221138,71.7,0.8416586058616639,9.0,73.84,73.84,71.06,0.8419478914737701,-0.2599999999999909,0.019086153650283877,41-60
MWM_AccDiff,42,52,6,kd,5.0,73.54,0.1,71.2,0.8528644604206085,71.98,0.808702031803131,,,,,,0.7800000000000011,-0.044162428617477434,41-60
MWM_AccDiff,42,52,3,kd,2.0,73.06,0.1,72.48,0.7866651888847351,70.48,0.8474973613739014,,,,,,-2.0,0.06083217248916628,41-60
MWM_AccDiff,42,52,1,kd,7.0,72.8,0.1,71.56,0.8169305739402771,70.28,0.8697726543426514,,,,,,-1.2800000000000011,0.05284208040237426,41-60
MWM_AccDiff,42,52,8,kd,9.0,73.84,0.1,72.24,0.8010952547550202,72.82,0.7930717552661896,,,,,,0.5799999999999983,-0.008023499488830632,41-60
MWM_AccDiff,42,53,7,ce,,,0.1,72.8,0.8059043338775634,73.16,0.7859133404731751,9.0,73.84,73.84,73.14,0.7804905567169189,0.35999999999999943,-0.01999099340438837,41-60
MWM_AccDiff,42,53,1,kd,2.0,73.06,0.1,70.28,0.8697726543426514,67.9,0.9509089960098267,,,,,,-2.3799999999999955,0.08113634166717532,41-60
MWM_AccDiff,42,53,6,kd,9.0,73.84,0.1,71.98,0.808702031803131,73.08,0.7902637814998626,,,,,,1.0999999999999943,-0.0184382503032684,41-60
MWM_AccDiff,42,53,4,kd,8.0,72.82,0.1,71.7,0.8416586058616639,71.94,0.8371230107307434,,,,,,0.23999999999999488,-0.0045355951309205,41-60
MWM_AccDiff,42,53,3,kd,5.0,73.54,0.1,70.48,0.8474973613739014,72.58,0.7929525484085083,,,,,,2.0999999999999943,-0.05454481296539315,41-60
MWM_AccDiff,42,54,4,kd,5.0,73.54,0.1,71.94,0.8371230107307434,71.16,0.8273025472640991,,,,,,-0.7800000000000011,-0.009820463466644225,41-60
MWM_AccDiff,42,54,1,kd,7.0,73.16,0.1,67.9,0.9509089960098267,71.48,0.8237313739776612,,,,,,3.5799999999999983,-0.12717762203216554,41-60
MWM_AccDiff,42,54,2,ce,,,0.1,73.06,0.7712888097763062,71.34,0.8288786575317383,9.0,73.84,73.84,71.98,0.8424481719017028,-1.7199999999999989,0.05758984775543208,41-60
MWM_AccDiff,42,54,8,kd,9.0,73.84,0.1,72.82,0.7930717552661896,70.96,0.8497478118896484,,,,,,-1.8599999999999994,0.05667605662345887,41-60
MWM_AccDiff,42,54,3,kd,6.0,73.08,0.1,72.58,0.7929525484085083,71.22,0.8759786744117737,,,,,,-1.3599999999999994,0.08302612600326542,41-60
MWM_AccDiff,42,55,1,ce,,,0.1,71.48,0.8237313739776612,69.78,0.8602183332443237,9.0,73.84,73.84,73.28,0.789781738615036,-1.7000000000000028,0.036486959266662566,41-60
MWM_AccDiff,42,55,2,kd,7.0,73.16,0.1,71.34,0.8288786575317383,72.72,0.8121868667125702,,,,,,1.3799999999999955,-0.01669179081916805,41-60
MWM_AccDiff,42,55,4,kd,9.0,73.84,0.1,71.16,0.8273025472640991,73.74,0.7795868566274643,,,,,,2.5799999999999983,-0.04771569063663483,41-60
MWM_AccDiff,42,55,8,kd,6.0,73.08,0.1,70.96,0.8497478118896484,72.62,0.7916612693309784,,,,,,1.6600000000000108,-0.05808654255867007,41-60
MWM_AccDiff,42,55,3,kd,5.0,73.54,0.1,71.22,0.8759786744117737,71.98,0.8074661703109741,,,,,,0.7600000000000051,-0.06851250410079956,41-60
MWM_AccDiff,42,56,3,kd,4.0,73.74,0.1,71.98,0.8074661703109741,70.92,0.8997680440187454,,,,,,-1.0600000000000023,0.09230187370777132,41-60
MWM_AccDiff,42,56,2,kd,9.0,73.84,0.1,72.72,0.8121868667125702,73.02,0.8071292356491089,,,,,,0.29999999999999716,-0.005057631063461354,41-60
MWM_AccDiff,42,56,1,kd,7.0,73.16,0.1,69.78,0.8602183332443237,73.74,0.7705212957382203,,,,,,3.9599999999999937,-0.08969703750610347,41-60
MWM_AccDiff,42,56,6,kd,5.0,73.54,0.1,73.08,0.7902637814998626,72.12,0.798174513912201,,,,,,-0.9599999999999937,0.007910732412338306,41-60
MWM_AccDiff,42,56,8,ce,,,0.1,72.62,0.7916612693309784,71.56,0.8174358456611633,9.0,73.84,73.84,71.76,0.8239806678771973,-1.0600000000000023,0.025774576330184984,41-60
MWM_AccDiff,42,57,7,ce,,,0.1,73.16,0.7859133404731751,73.7,0.7613320458889008,9.0,73.84,73.84,73.14,0.7849328601360321,0.5400000000000063,-0.02458129458427427,41-60
MWM_AccDiff,42,57,8,kd,4.0,73.74,0.1,71.56,0.8174358456611633,73.24,0.7808509283542633,,,,,,1.6799999999999926,-0.036584917306900056,41-60
MWM_AccDiff,42,57,6,kd,1.0,73.74,0.1,72.12,0.798174513912201,72.84,0.7858035768508911,,,,,,0.7199999999999989,-0.012370937061309872,41-60
MWM_AccDiff,42,57,3,kd,9.0,73.84,0.1,70.92,0.8997680440187454,72.66,0.7960790235042572,,,,,,1.7399999999999949,-0.10368902051448825,41-60
MWM_AccDiff,42,57,2,kd,5.0,73.54,0.1,73.02,0.8071292356491089,72.5,0.8115021039009094,,,,,,-0.519999999999996,0.004372868251800499,41-60
MWM_AccDiff,42,58,3,kd,4.0,73.74,0.1,72.66,0.7960790235042572,72.08,0.833733731174469,,,,,,-0.5799999999999983,0.03765470767021184,41-60
MWM_AccDiff,42,58,8,kd,7.0,73.7,0.1,73.24,0.7808509283542633,71.34,0.843782018661499,,,,,,-1.8999999999999915,0.06293109030723576,41-60
MWM_AccDiff,42,58,6,kd,1.0,73.74,0.1,72.84,0.7858035768508911,72.84,0.7972643818378449,,,,,,0.0,0.011460804986953788,41-60
MWM_AccDiff,42,58,2,kd,9.0,73.84,0.1,72.5,0.8115021039009094,73.04,0.78970619058609,,,,,,0.5400000000000063,-0.021795913314819337,41-60
MWM_AccDiff,42,58,5,ce,,,0.1,73.54,0.7691992235183716,73.36,0.7615993063926697,9.0,73.84,73.84,72.78,0.8060133770227432,-0.18000000000000682,-0.007599917125701849,41-60
MWM_AccDiff,42,59,8,kd,4.0,73.74,0.1,71.34,0.843782018661499,71.94,0.8398424664974212,,,,,,0.5999999999999943,-0.00393955216407782,41-60
MWM_AccDiff,42,59,2,kd,7.0,73.7,0.1,73.04,0.78970619058609,72.14,0.8021353785991668,,,,,,-0.9000000000000057,0.012429188013076797,41-60
MWM_AccDiff,42,59,6,kd,1.0,73.74,0.1,72.84,0.7972643818378449,71.28,0.8573733145713807,,,,,,-1.5600000000000023,0.06010893273353579,41-60
MWM_AccDiff,42,59,3,kd,9.0,73.84,0.1,72.08,0.833733731174469,72.18,0.8102738188266754,,,,,,0.10000000000000853,-0.023459912347793654,41-60
MWM_AccDiff,42,59,5,ce,,,0.1,73.36,0.7615993063926697,73.14,0.7641720085144043,9.0,73.84,73.84,73.6,0.7691582036972046,-0.21999999999999886,0.002572702121734549,41-60
MWM_AccDiff,42,60,8,kd,4.0,73.74,0.1,71.94,0.8398424664974212,72.72,0.8216324532032013,,,,,,0.7800000000000011,-0.018210013294219896,41-60
MWM_AccDiff,42,60,2,kd,1.0,73.74,0.1,72.14,0.8021353785991668,73.98,0.7581939387321472,,,,,,1.8400000000000034,-0.043941439867019594,41-60
MWM_AccDiff,42,60,3,kd,7.0,73.7,0.1,72.18,0.8102738188266754,70.4,0.8738452683448792,,,,,,-1.7800000000000011,0.06357144951820382,41-60
MWM_AccDiff,42,60,5,ce,,,0.1,73.14,0.7641720085144043,75.7,0.7103395810127259,9.0,73.84,73.84,74.82,0.7369985140323639,2.5600000000000023,-0.05383242750167838,41-60
MWM_AccDiff,42,60,6,kd,9.0,73.84,0.1,71.28,0.8573733145713807,71.38,0.8474538681030274,,,,,,0.09999999999999432,-0.009919446468353299,41-60
MWM_AccDiff,42,61,7,ce,,,0.1,73.7,0.7613320458889008,74.72,0.7291323333263398,5.0,75.7,75.7,72.8,0.8014329961299896,1.019999999999996,-0.032199712562561045,61-80
MWM_AccDiff,42,61,4,kd,2.0,73.98,0.1,73.74,0.7795868566274643,73.72,0.7672214820861817,,,,,,-0.01999999999999602,-0.012365374541282614,61-80
MWM_AccDiff,42,61,8,kd,5.0,75.7,0.1,72.72,0.8216324532032013,73.1,0.7889468119621277,,,,,,0.37999999999999545,-0.03268564124107365,61-80
MWM_AccDiff,42,61,3,kd,1.0,73.74,0.1,70.4,0.8738452683448792,71.1,0.8568209544181824,,,,,,0.6999999999999886,-0.017024313926696788,61-80
MWM_AccDiff,42,61,6,kd,9.0,73.84,0.1,71.38,0.8474538681030274,72.74,0.7891758410453796,,,,,,1.3599999999999994,-0.05827802705764773,61-80
MWM_AccDiff,42,62,4,kd,7.0,74.72,0.1,73.72,0.7672214820861817,71.9,0.8439266879081726,,,,,,-1.8199999999999932,0.07670520582199092,61-80
MWM_AccDiff,42,62,8,kd,5.0,75.7,0.1,73.1,0.7889468119621277,74.18,0.7636907267570495,,,,,,1.0800000000000125,-0.02525608520507816,61-80
MWM_AccDiff,42,62,6,ce,,,0.1,72.74,0.7891758410453796,68.76,0.9257717322349548,5.0,75.7,75.7,72.44,0.7952542650222778,-3.9799999999999898,0.13659589118957516,61-80
MWM_AccDiff,42,62,3,kd,2.0,73.98,0.1,71.1,0.8568209544181824,72.24,0.7873407007694244,,,,,,1.1400000000000006,-0.06948025364875798,61-80
MWM_AccDiff,42,62,1,kd,9.0,73.84,0.1,73.74,0.7705212957382203,73.22,0.7740309070587158,,,,,,-0.519999999999996,0.0035096113204955426,61-80
MWM_AccDiff,42,63,1,kd,2.0,73.98,0.1,73.22,0.7740309070587158,73.0,0.7913759534835816,,,,,,-0.21999999999999886,0.017345046424865784,61-80
MWM_AccDiff,42,63,3,kd,7.0,74.72,0.1,72.24,0.7873407007694244,70.32,0.92009327917099,,,,,,-1.9200000000000017,0.13275257840156562,61-80
MWM_AccDiff,42,63,6,kd,8.0,74.18,0.1,68.76,0.9257717322349548,73.06,0.7837499172210693,,,,,,4.299999999999997,-0.14202181501388544,61-80
MWM_AccDiff,42,63,9,ce,,,0.1,73.84,0.761050711965561,72.2,0.8126206830978393,5.0,75.7,75.7,73.06,0.7656809355258941,-1.6400000000000006,0.05156997113227835,61-80
MWM_AccDiff,42,63,4,kd,5.0,75.7,0.1,71.9,0.8439266879081726,72.52,0.8076194840312004,,,,,,0.6199999999999903,-0.03630720387697217,61-80
MWM_AccDiff,42,64,1,kd,2.0,73.98,0.1,73.0,0.7913759534835816,73.48,0.7785805357933044,,,,,,0.480000000000004,-0.012795417690277144,61-80
MWM_AccDiff,42,64,3,kd,7.0,74.72,0.1,70.32,0.92009327917099,71.16,0.8932992760658264,,,,,,0.8400000000000034,-0.026794003105163666,61-80
MWM_AccDiff,42,64,4,kd,5.0,75.7,0.1,72.52,0.8076194840312004,72.84,0.7945540494441986,,,,,,0.3200000000000074,-0.013065434587001823,61-80
MWM_AccDiff,42,64,9,ce,,,0.1,72.2,0.8126206830978393,72.64,0.7719786690711975,5.0,75.7,75.7,73.06,0.7869376953125,0.4399999999999977,-0.040642014026641804,61-80
MWM_AccDiff,42,64,6,kd,8.0,74.18,0.1,73.06,0.7837499172210693,71.7,0.8196888262748718,,,,,,-1.3599999999999994,0.03593890905380248,61-80
MWM_AccDiff,42,65,1,ce,,,0.1,73.48,0.7785805357933044,71.28,0.8370463289260864,5.0,75.7,75.7,72.36,0.8014110467910767,-2.200000000000003,0.058465793132781996,61-80
MWM_AccDiff,42,65,4,kd,7.0,74.72,0.1,72.84,0.7945540494441986,72.44,0.8547780588150025,,,,,,-0.4000000000000057,0.060224009370803855,61-80
MWM_AccDiff,42,65,3,kd,8.0,74.18,0.1,71.16,0.8932992760658264,73.74,0.7832218555927276,,,,,,2.5799999999999983,-0.11007742047309876,61-80
MWM_AccDiff,42,65,6,kd,2.0,73.98,0.1,71.7,0.8196888262748718,71.9,0.8255221560478211,,,,,,0.20000000000000284,0.005833329772949258,61-80
MWM_AccDiff,42,65,9,kd,5.0,75.7,0.1,72.64,0.7719786690711975,75.58,0.7134592037677765,,,,,,2.9399999999999977,-0.058519465303421,61-80
MWM_AccDiff,42,66,1,kd,8.0,74.18,0.1,71.28,0.8370463289260864,72.16,0.8189070862293243,,,,,,0.8799999999999955,-0.018139242696762148,61-80
MWM_AccDiff,42,66,3,ce,,,0.1,73.74,0.7832218555927276,71.5,0.808177580833435,5.0,75.7,75.7,72.4,0.7929049759864807,-2.239999999999995,0.024955725240707438,61-80
MWM_AccDiff,42,66,6,kd,9.0,75.58,0.1,71.9,0.8255221560478211,74.6,0.753371607017517,,,,,,2.6999999999999886,-0.07215054903030405,61-80
MWM_AccDiff,42,66,4,kd,7.0,74.72,0.1,72.44,0.8547780588150025,73.72,0.7946884159088135,,,,,,1.2800000000000011,-0.06008964290618901,61-80
MWM_AccDiff,42,66,2,kd,5.0,75.7,0.1,73.98,0.7581939387321472,73.14,0.8026093707084656,,,,,,-0.8400000000000034,0.044415431976318365,61-80
MWM_AccDiff,42,67,4,kd,5.0,75.7,0.1,73.72,0.7946884159088135,73.84,0.7601126277208329,,,,,,0.12000000000000455,-0.03457578818798057,61-80
MWM_AccDiff,42,67,1,kd,7.0,74.72,0.1,72.16,0.8189070862293243,72.56,0.8499647700548172,,,,,,0.4000000000000057,0.0310576838254929,61-80
MWM_AccDiff,42,67,3,kd,9.0,75.58,0.1,71.5,0.808177580833435,73.14,0.8133977176666259,,,,,,1.6400000000000006,0.0052201368331908915,61-80
MWM_AccDiff,42,67,2,kd,6.0,74.6,0.1,73.14,0.8026093707084656,72.88,0.8128629857063293,,,,,,-0.2600000000000051,0.010253614997863703,61-80
MWM_AccDiff,42,67,8,ce,,,0.1,74.18,0.7636907267570495,72.5,0.8089603829860688,5.0,75.7,75.7,72.66,0.7887187348842621,-1.6800000000000068,0.04526965622901924,61-80
MWM_AccDiff,42,68,4,ce,,,0.1,73.84,0.7601126277208329,74.04,0.7497419863700867,5.0,75.7,75.7,73.58,0.76430583486557,0.20000000000000284,-0.010370641350746168,61-80
MWM_AccDiff,42,68,1,kd,7.0,74.72,0.1,72.56,0.8499647700548172,74.72,0.7515945452213287,,,,,,2.1599999999999966,-0.09837022483348845,61-80
MWM_AccDiff,42,68,8,kd,9.0,75.58,0.1,72.5,0.8089603829860688,74.4,0.7165156723976135,,,,,,1.9000000000000057,-0.09244471058845527,61-80
MWM_AccDiff,42,68,2,kd,6.0,74.6,0.1,72.88,0.8128629857063293,73.16,0.8114071853637695,,,,,,0.28000000000000114,-0.0014558003425597654,61-80
MWM_AccDiff,42,68,3,kd,5.0,75.7,0.1,73.14,0.8133977176666259,74.46,0.7379810234069825,,,,,,1.3199999999999932,-0.07541669425964348,61-80
MWM_AccDiff,42,69,2,kd,1.0,74.72,0.1,73.16,0.8114071853637695,73.34,0.7967054956436157,,,,,,0.18000000000000682,-0.014701689720153843,61-80
MWM_AccDiff,42,69,4,kd,9.0,75.58,0.1,74.04,0.7497419863700867,74.52,0.7420557006359101,,,,,,0.47999999999998977,-0.007686285734176623,61-80
MWM_AccDiff,42,69,8,kd,7.0,74.72,0.1,74.4,0.7165156723976135,73.92,0.8054441498279572,,,,,,-0.480000000000004,0.08892847743034371,61-80
MWM_AccDiff,42,69,6,ce,,,0.1,74.6,0.753371607017517,68.56,0.920806090259552,5.0,75.7,75.7,73.64,0.7586142617225647,-6.039999999999992,0.16743448324203491,61-80
MWM_AccDiff,42,69,3,kd,5.0,75.7,0.1,74.46,0.7379810234069825,72.24,0.8407374875068665,,,,,,-2.219999999999999,0.10275646409988404,61-80
MWM_AccDiff,42,70,4,ce,,,0.1,74.52,0.7420557006359101,76.46,0.6808489125013352,5.0,75.7,75.7,76.12,0.6954886309623718,1.9399999999999977,-0.06120678813457492,61-80
MWM_AccDiff,42,70,2,kd,1.0,74.72,0.1,73.34,0.7967054956436157,73.54,0.7684183849334717,,,,,,0.20000000000000284,-0.028287110710144003,61-80
MWM_AccDiff,42,70,8,kd,7.0,74.72,0.1,73.92,0.8054441498279572,73.56,0.8000730091094971,,,,,,-0.35999999999999943,-0.005371140718460121,61-80
MWM_AccDiff,42,70,6,kd,9.0,75.58,0.1,68.56,0.920806090259552,74.92,0.7264042061328888,,,,,,6.359999999999999,-0.19440188412666315,61-80
MWM_AccDiff,42,70,3,kd,5.0,75.7,0.1,72.24,0.8407374875068665,73.0,0.8053624848365784,,,,,,0.7600000000000051,-0.03537500267028815,61-80
MWM_AccDiff,42,71,7,ce,,,0.1,74.72,0.7291323333263398,73.78,0.7846589162826538,4.0,76.46,76.46,75.4,0.7211654165744782,-0.9399999999999977,0.055526582956314074,61-80
MWM_AccDiff,42,71,3,kd,9.0,75.58,0.1,73.0,0.8053624848365784,74.76,0.7326084146022797,,,,,,1.7600000000000051,-0.0727540702342987,61-80
MWM_AccDiff,42,71,8,kd,4.0,76.46,0.1,73.56,0.8000730091094971,74.74,0.7319812546491623,,,,,,1.1799999999999926,-0.06809175446033477,61-80
MWM_AccDiff,42,71,1,kd,6.0,74.92,0.1,74.72,0.7515945452213287,73.1,0.7926878196716308,,,,,,-1.6200000000000045,0.041093274450302086,61-80
MWM_AccDiff,42,71,2,kd,5.0,75.7,0.1,73.54,0.7684183849334717,72.3,0.8099295149803162,,,,,,-1.240000000000009,0.04151113004684448,61-80
MWM_AccDiff,42,72,2,kd,9.0,75.58,0.1,72.3,0.8099295149803162,74.32,0.7456868280410767,,,,,,2.019999999999996,-0.06424268693923951,61-80
MWM_AccDiff,42,72,3,kd,5.0,75.7,0.1,74.76,0.7326084146022797,72.96,0.7914246905088425,,,,,,-1.8000000000000114,0.0588162759065628,61-80
MWM_AccDiff,42,72,1,kd,6.0,74.92,0.1,73.1,0.7926878196716308,74.28,0.7498470830917359,,,,,,1.1800000000000068,-0.042840736579894956,61-80
MWM_AccDiff,42,72,8,ce,,,0.1,74.74,0.7319812546491623,73.16,0.7725998815536499,4.0,76.46,76.46,75.72,0.6956260201215744,-1.5799999999999983,0.04061862690448759,61-80
MWM_AccDiff,42,72,7,kd,4.0,76.46,0.1,73.78,0.7846589162826538,75.44,0.7250826352357864,,,,,,1.6599999999999966,-0.05957628104686741,61-80
MWM_AccDiff,42,73,3,kd,4.0,76.46,0.1,72.96,0.7914246905088425,75.2,0.7218270074844361,,,,,,2.240000000000009,-0.06959768302440639,61-80
MWM_AccDiff,42,73,2,kd,7.0,75.44,0.1,74.32,0.7456868280410767,73.34,0.8015495213508605,,,,,,-0.9799999999999898,0.055862693309783884,61-80
MWM_AccDiff,42,73,1,kd,9.0,75.58,0.1,74.28,0.7498470830917359,73.4,0.7820600274562836,,,,,,-0.8799999999999955,0.03221294436454769,61-80
MWM_AccDiff,42,73,6,ce,,,0.1,74.92,0.7264042061328888,73.84,0.7565316977500915,4.0,76.46,76.46,74.8,0.7381152859926223,-1.0799999999999983,0.03012749161720274,61-80
MWM_AccDiff,42,73,8,kd,5.0,75.7,0.1,73.16,0.7725998815536499,76.02,0.6976111602306366,,,,,,2.8599999999999994,-0.07498872132301326,61-80
MWM_AccDiff,42,74,7,ce,,,0.1,75.44,0.7250826352357864,75.24,0.717864783668518,4.0,76.46,76.46,75.98,0.6866142685890197,-0.20000000000000284,-0.007217851567268396,61-80
MWM_AccDiff,42,74,6,kd,8.0,76.02,0.1,73.84,0.7565316977500915,75.42,0.7299037473201752,,,,,,1.5799999999999983,-0.02662795042991639,61-80
MWM_AccDiff,42,74,1,kd,4.0,76.46,0.1,73.4,0.7820600274562836,74.74,0.7378497253894806,,,,,,1.3399999999999892,-0.04421030206680299,61-80
MWM_AccDiff,42,74,3,kd,9.0,75.58,0.1,75.2,0.7218270074844361,75.56,0.717280307006836,,,,,,0.35999999999999943,-0.004546700477600085,61-80
MWM_AccDiff,42,74,2,kd,5.0,75.7,0.1,73.34,0.8015495213508605,71.94,0.8205231230735779,,,,,,-1.4000000000000057,0.018973601722717337,61-80
MWM_AccDiff,42,75,1,kd,5.0,75.7,0.1,74.74,0.7378497253894806,72.38,0.7889730108261108,,,,,,-2.3599999999999994,0.05112328543663025,61-80
MWM_AccDiff,42,75,6,kd,4.0,76.46,0.1,75.42,0.7299037473201752,74.62,0.7227867593765259,,,,,,-0.7999999999999972,-0.007116987943649233,61-80
MWM_AccDiff,42,75,3,ce,,,0.1,75.56,0.717280307006836,72.88,0.7804103331565857,4.0,76.46,76.46,75.66,0.7022083842039109,-2.680000000000007,0.06313002614974972,61-80
MWM_AccDiff,42,75,7,kd,9.0,75.58,0.1,75.24,0.717864783668518,74.82,0.7311654244422913,,,,,,-0.4200000000000017,0.013300640773773242,61-80
MWM_AccDiff,42,75,2,kd,8.0,76.02,0.1,71.94,0.8205231230735779,74.14,0.7518287993431091,,,,,,2.200000000000003,-0.0686943237304688,61-80
MWM_AccDiff,42,76,7,ce,,,0.1,74.82,0.7311654244422913,75.2,0.7497753655433654,4.0,76.46,76.46,75.92,0.7038472033023834,0.38000000000000966,0.018609941101074168,61-80
MWM_AccDiff,42,76,3,kd,8.0,76.02,0.1,72.88,0.7804103331565857,75.42,0.729172605419159,,,,,,2.5400000000000063,-0.05123772773742674,61-80
MWM_AccDiff,42,76,1,kd,4.0,76.46,0.1,72.38,0.7889730108261108,73.92,0.7544347815036774,,,,,,1.5400000000000063,-0.034538229322433445,61-80
MWM_AccDiff,42,76,2,kd,5.0,75.7,0.1,74.14,0.7518287993431091,73.98,0.7644687515258789,,,,,,-0.1599999999999966,0.01263995218276981,61-80
MWM_AccDiff,42,76,6,kd,9.0,75.58,0.1,74.62,0.7227867593765259,74.4,0.7317806063652038,,,,,,-0.21999999999999886,0.00899384698867789,61-80
MWM_AccDiff,42,77,6,kd,4.0,76.46,0.1,74.4,0.7317806063652038,74.4,0.7506719562053681,,,,,,0.0,0.018891349840164273,61-80
MWM_AccDiff,42,77,1,kd,8.0,76.02,0.1,73.92,0.7544347815036774,73.94,0.7497944869041443,,,,,,0.01999999999999602,-0.004640294599533079,61-80
MWM_AccDiff,42,77,3,ce,,,0.1,75.42,0.729172605419159,73.16,0.7544907178878785,4.0,76.46,76.46,73.58,0.7685291989326477,-2.260000000000005,0.02531811246871951,61-80
MWM_AccDiff,42,77,7,kd,9.0,75.58,0.1,75.2,0.7497753655433654,75.62,0.7041123721122742,,,,,,0.4200000000000017,-0.04566299343109126,61-80
MWM_AccDiff,42,77,2,kd,5.0,75.7,0.1,73.98,0.7644687515258789,73.18,0.7770669172763824,,,,,,-0.7999999999999972,0.012598165750503543,61-80
MWM_AccDiff,42,78,3,kd,8.0,76.02,0.1,73.16,0.7544907178878785,75.54,0.7236382966041565,,,,,,2.3800000000000097,-0.03085242128372201,61-80
MWM_AccDiff,42,78,2,kd,4.0,76.46,0.1,73.18,0.7770669172763824,75.3,0.7200024640798569,,,,,,2.1199999999999903,-0.05706445319652553,61-80
MWM_AccDiff,42,78,1,kd,5.0,75.7,0.1,73.94,0.7497944869041443,73.32,0.7890370235443115,,,,,,-0.6200000000000045,0.03924253664016719,61-80
MWM_AccDiff,42,78,9,ce,,,0.1,75.58,0.7134592037677765,74.24,0.749636037993431,4.0,76.46,76.46,75.44,0.7015376260757447,-1.3400000000000034,0.03617683422565454,61-80
MWM_AccDiff,42,78,6,kd,7.0,75.62,0.1,74.4,0.7506719562053681,73.06,0.8146096633911133,,,,,,-1.3400000000000034,0.06393770718574521,61-80
MWM_AccDiff,42,79,2,kd,7.0,75.62,0.1,75.3,0.7200024640798569,74.86,0.7330614933013916,,,,,,-0.4399999999999977,0.01305902922153468,61-80
MWM_AccDiff,42,79,6,kd,8.0,76.02,0.1,73.06,0.8146096633911133,74.06,0.7600372383117676,,,,,,1.0,-0.05457242507934568,61-80
MWM_AccDiff,42,79,3,ce,,,0.1,75.54,0.7236382966041565,74.0,0.7502487394332886,4.0,76.46,76.46,74.46,0.7532769078731537,-1.5400000000000063,0.026610442829132164,61-80
MWM_AccDiff,42,79,1,kd,4.0,76.46,0.1,73.32,0.7890370235443115,75.22,0.7229528898715973,,,,,,1.9000000000000057,-0.06608413367271415,61-80
MWM_AccDiff,42,79,9,kd,5.0,75.7,0.1,74.24,0.749636037993431,73.32,0.7669653206825257,,,,,,-0.9200000000000017,0.017329282689094616,61-80
MWM_AccDiff,42,80,1,ce,,,0.1,75.22,0.7229528898715973,69.9,0.9005401529312134,4.0,76.46,76.46,74.72,0.7253489859342576,-5.319999999999993,0.17758726305961603,61-80
MWM_AccDiff,42,80,3,kd,8.0,76.02,0.1,74.0,0.7502487394332886,75.92,0.7210117508888244,,,,,,1.9200000000000017,-0.029236988544464215,61-80
MWM_AccDiff,42,80,2,kd,7.0,75.62,0.1,74.86,0.7330614933013916,73.2,0.8233245006561279,,,,,,-1.6599999999999966,0.09026300735473636,61-80
MWM_AccDiff,42,80,6,kd,4.0,76.46,0.1,74.06,0.7600372383117676,75.14,0.7278113857746125,,,,,,1.0799999999999983,-0.03222585253715515,61-80
MWM_AccDiff,42,80,9,kd,5.0,75.7,0.1,73.32,0.7669653206825257,74.56,0.7379560152769089,,,,,,1.240000000000009,-0.029009305405616748,61-80
MWM_AccDiff,42,81,7,ce,,,0.1,75.62,0.7041123721122742,77.24,0.656488112449646,4.0,76.46,76.46,74.24,0.7636254158973694,1.6199999999999903,-0.04762425966262818,81-100
MWM_AccDiff,42,81,9,kd,3.0,75.92,0.1,74.56,0.7379560152769089,74.5,0.739370193862915,,,,,,-0.060000000000002274,0.0014141785860061207,81-100
MWM_AccDiff,42,81,6,kd,5.0,75.7,0.1,75.14,0.7278113857746125,71.28,0.862857687664032,,,,,,-3.8599999999999994,0.13504630188941957,81-100
MWM_AccDiff,42,81,1,kd,4.0,76.46,0.1,69.9,0.9005401529312134,75.78,0.7115038645982742,,,,,,5.8799999999999955,-0.18903628833293917,81-100
MWM_AccDiff,42,81,2,kd,8.0,76.02,0.1,73.2,0.8233245006561279,73.98,0.7472923038482666,,,,,,0.7800000000000011,-0.07603219680786133,81-100
MWM_AccDiff,42,82,2,kd,4.0,76.46,0.1,73.98,0.7472923038482666,75.0,0.7128048815727234,,,,,,1.019999999999996,-0.034487422275543245,81-100
MWM_AccDiff,42,82,6,kd,8.0,76.02,0.1,71.28,0.862857687664032,75.46,0.7219777398109436,,,,,,4.179999999999993,-0.14087994785308844,81-100
MWM_AccDiff,42,82,9,kd,7.0,77.24,0.1,74.5,0.739370193862915,74.32,0.7664209308624268,,,,,,-0.18000000000000682,0.02705073699951177,81-100
MWM_AccDiff,42,82,5,ce,,,0.1,75.7,0.7103395810127259,76.48,0.6927604445457458,7.0,77.24,77.24,75.32,0.7151005069732665,0.7800000000000011,-0.01757913646698006,81-100
MWM_AccDiff,42,82,1,kd,3.0,75.92,0.1,75.78,0.7115038645982742,73.72,0.7893990540504455,,,,,,-2.0600000000000023,0.07789518945217133,81-100
MWM_AccDiff,42,83,1,kd,5.0,76.48,0.1,73.72,0.7893990540504455,72.98,0.8204748915672302,,,,,,-0.7399999999999949,0.031075837516784666,81-100
MWM_AccDiff,42,83,6,kd,8.0,76.02,0.1,75.46,0.7219777398109436,73.44,0.782087996006012,,,,,,-2.019999999999996,0.06011025619506838,81-100
MWM_AccDiff,42,83,3,ce,,,0.1,75.92,0.7210117508888244,77.28,0.6565856854200364,7.0,77.24,77.24,75.88,0.7031735461235047,1.3599999999999994,-0.06442606546878804,81-100
MWM_AccDiff,42,83,2,kd,7.0,77.24,0.1,75.0,0.7128048815727234,73.64,0.7851541920661926,,,,,,-1.3599999999999994,0.07234931049346927,81-100
MWM_AccDiff,42,83,9,kd,4.0,76.46,0.1,74.32,0.7664209308624268,76.24,0.6792399241447449,,,,,,1.9200000000000017,-0.08718100671768192,81-100
MWM_AccDiff,42,84,8,kd,4.0,76.46,0.1,76.02,0.6976111602306366,75.84,0.7032001774787903,,,,,,-0.1799999999999926,0.005589017248153638,81-100
MWM_AccDiff,42,84,9,ce,,,0.1,76.24,0.6792399241447449,70.98,0.8434285660743713,3.0,77.28,77.28,75.16,0.7302690059661865,-5.259999999999991,0.16418864192962646,81-100
MWM_AccDiff,42,84,6,kd,7.0,77.24,0.1,73.44,0.782087996006012,73.64,0.7795971361160279,,,,,,0.20000000000000284,-0.0024908598899840984,81-100
MWM_AccDiff,42,84,2,kd,5.0,76.48,0.1,73.64,0.7851541920661926,74.54,0.7610344109535218,,,,,,0.9000000000000057,-0.02411978111267088,81-100
MWM_AccDiff,42,84,1,kd,3.0,77.28,0.1,72.98,0.8204748915672302,76.4,0.6986935274839401,,,,,,3.4200000000000017,-0.1217813640832901,81-100
MWM_AccDiff,42,85,1,ce,,,0.1,76.4,0.6986935274839401,74.2,0.7597490428447723,3.0,77.28,77.28,75.78,0.7157725419521331,-2.200000000000003,0.0610555153608322,81-100
MWM_AccDiff,42,85,8,kd,4.0,76.46,0.1,75.84,0.7032001774787903,74.8,0.7260625937938691,,,,,,-1.0400000000000063,0.022862416315078793,81-100
MWM_AccDiff,42,85,6,kd,3.0,77.28,0.1,73.64,0.7795971361160279,75.9,0.7052143588542938,,,,,,2.260000000000005,-0.07438277726173403,81-100
MWM_AccDiff,42,85,2,kd,5.0,76.48,0.1,74.54,0.7610344109535218,75.84,0.7194358884811402,,,,,,1.2999999999999972,-0.041598522472381605,81-100
MWM_AccDiff,42,85,9,kd,7.0,77.24,0.1,70.98,0.8434285660743713,76.1,0.7069526418685913,,,,,,5.11999999999999,-0.13647592420578003,81-100
MWM_AccDiff,42,86,2,kd,4.0,76.46,0.1,75.84,0.7194358884811402,73.78,0.7683125968694687,,,,,,-2.0600000000000023,0.04887670838832858,81-100
MWM_AccDiff,42,86,1,kd,5.0,76.48,0.1,74.2,0.7597490428447723,73.28,0.8096228436470032,,,,,,-0.9200000000000017,0.049873800802230916,81-100
MWM_AccDiff,42,86,8,kd,7.0,77.24,0.1,74.8,0.7260625937938691,75.26,0.7344218528747558,,,,,,0.46000000000000796,0.00835925908088675,81-100
MWM_AccDiff,42,86,9,ce,,,0.1,76.1,0.7069526418685913,76.58,0.6561178757190704,3.0,77.28,77.28,75.6,0.727320573091507,0.480000000000004,-0.05083476614952087,81-100
MWM_AccDiff,42,86,6,kd,3.0,77.28,0.1,75.9,0.7052143588542938,74.6,0.7547258421421051,,,,,,-1.3000000000000114,0.0495114832878113,81-100
MWM_AccDiff,42,87,1,kd,3.0,77.28,0.1,73.28,0.8096228436470032,75.9,0.7136382108688355,,,,,,2.6200000000000045,-0.09598463277816771,81-100
MWM_AccDiff,42,87,4,ce,,,0.1,76.46,0.6808489125013352,73.96,0.7629857089042663,3.0,77.28,77.28,75.72,0.7153171889305114,-2.5,0.08213679640293114,81-100
MWM_AccDiff,42,87,2,kd,7.0,77.24,0.1,73.78,0.7683125968694687,74.66,0.725228361415863,,,,,,0.8799999999999955,-0.043084235453605735,81-100
MWM_AccDiff,42,87,6,kd,9.0,76.58,0.1,74.6,0.7547258421421051,75.88,0.7122973204612731,,,,,,1.2800000000000011,-0.042428521680832,81-100
MWM_AccDiff,42,87,8,kd,5.0,76.48,0.1,75.26,0.7344218528747558,75.02,0.761357751750946,,,,,,-0.2400000000000091,0.02693589887619019,81-100
MWM_AccDiff,42,88,1,kd,5.0,76.48,0.1,75.9,0.7136382108688355,75.96,0.7081698719024658,,,,,,0.05999999999998806,-0.005468338966369668,81-100
MWM_AccDiff,42,88,6,ce,,,0.1,75.88,0.7122973204612731,70.76,0.8695091089248658,3.0,77.28,77.28,76.04,0.7131552853822708,-5.11999999999999,0.15721178846359263,81-100
MWM_AccDiff,42,88,2,kd,3.0,77.28,0.1,74.66,0.725228361415863,74.86,0.7211818928956986,,,,,,0.20000000000000284,-0.004046468520164437,81-100
MWM_AccDiff,42,88,8,kd,9.0,76.58,0.1,75.02,0.761357751750946,75.06,0.7241075617790222,,,,,,0.04000000000000625,-0.03725018997192375,81-100
MWM_AccDiff,42,88,4,kd,7.0,77.24,0.1,73.96,0.7629857089042663,76.84,0.6726298523426056,,,,,,2.8800000000000097,-0.09035585656166067,81-100
MWM_AccDiff,42,89,8,kd,4.0,76.84,0.1,75.06,0.7241075617790222,74.44,0.7635724101066589,,,,,,-0.6200000000000045,0.03946484832763664,81-100
MWM_AccDiff,42,89,2,kd,3.0,77.28,0.1,74.86,0.7211818928956986,76.0,0.7146736136436462,,,,,,1.1400000000000006,-0.006508279252052329,81-100
MWM_AccDiff,42,89,6,kd,7.0,77.24,0.1,70.76,0.8695091089248658,76.34,0.6947981870651245,,,,,,5.579999999999998,-0.17471092185974124,81-100
MWM_AccDiff,42,89,5,ce,,,0.1,76.48,0.6927604445457458,76.46,0.6744758580207825,3.0,77.28,77.28,76.5,0.688528842830658,-0.020000000000010232,-0.018284586524963342,81-100
MWM_AccDiff,42,89,1,kd,9.0,76.58,0.1,75.96,0.7081698719024658,76.5,0.6890620997428895,,,,,,0.5400000000000063,-0.019107772159576375,81-100
MWM_AccDiff,42,90,2,kd,4.0,76.84,0.1,76.0,0.7146736136436462,75.94,0.6985852046489716,,,,,,-0.060000000000002274,-0.016088408994674674,81-100
MWM_AccDiff,42,90,8,kd,7.0,77.24,0.1,74.44,0.7635724101066589,75.0,0.7353766337394715,,,,,,0.5600000000000023,-0.028195776367187397,81-100
MWM_AccDiff,42,90,6,ce,,,0.1,76.34,0.6947981870651245,74.9,0.7296253324747085,3.0,77.28,77.28,75.06,0.7241636126518249,-1.4399999999999977,0.03482714540958398,81-100
MWM_AccDiff,42,90,1,kd,9.0,76.58,0.1,76.5,0.6890620997428895,76.42,0.6610700602054596,,,,,,-0.0799999999999983,-0.027992039537429902,81-100
MWM_AccDiff,42,90,5,kd,3.0,77.28,0.1,76.46,0.6744758580207825,76.4,0.706366222858429,,,,,,-0.05999999999998806,0.03189036483764651,81-100
MWM_AccDiff,42,91,2,kd,4.0,76.84,0.1,75.94,0.6985852046489716,75.76,0.7114618427276611,,,,,,-0.1799999999999926,0.01287663807868955,81-100
MWM_AccDiff,42,91,8,kd,7.0,77.24,0.1,75.0,0.7353766337394715,76.74,0.7004249189853669,,,,,,1.7399999999999949,-0.034951714754104635,81-100
MWM_AccDiff,42,91,5,ce,,,0.1,76.4,0.706366222858429,75.0,0.7192551926612853,3.0,77.28,77.28,76.66,0.6766054801464081,-1.4000000000000057,0.012888969802856365,81-100
MWM_AccDiff,42,91,6,kd,3.0,77.28,0.1,74.9,0.7296253324747085,75.28,0.7185262370824814,,,,,,0.37999999999999545,-0.011099095392227087,81-100
MWM_AccDiff,42,91,1,kd,9.0,76.58,0.1,76.42,0.6610700602054596,75.82,0.6972260616540908,,,,,,-0.6000000000000085,0.03615600144863129,81-100
MWM_AccDiff,42,92,9,ce,,,0.1,76.58,0.6561178757190704,73.72,0.7814805588960647,3.0,77.28,77.28,75.6,0.7366913845658303,-2.8599999999999994,0.12536268317699428,81-100
MWM_AccDiff,42,92,1,kd,4.0,76.84,0.1,75.82,0.6972260616540908,74.72,0.7295062005043029,,,,,,-1.0999999999999943,0.03228013885021208,81-100
MWM_AccDiff,42,92,6,kd,7.0,77.24,0.1,75.28,0.7185262370824814,76.76,0.6877840210914612,,,,,,1.480000000000004,-0.030742215991020228,81-100
MWM_AccDiff,42,92,5,kd,3.0,77.28,0.1,75.0,0.7192551926612853,77.7,0.6597680505990982,,,,,,2.700000000000003,-0.05948714206218719,81-100
MWM_AccDiff,42,92,2,kd,8.0,76.74,0.1,75.76,0.7114618427276611,74.5,0.7424002632141113,,,,,,-1.2600000000000051,0.030938420486450235,81-100
MWM_AccDiff,42,93,1,kd,4.0,76.84,0.1,74.72,0.7295062005043029,75.26,0.7263912596940995,,,,,,0.5400000000000063,-0.0031149408102034704,81-100
MWM_AccDiff,42,93,6,kd,3.0,77.28,0.1,76.76,0.6877840210914612,75.92,0.6931876912236213,,,,,,-0.8400000000000034,0.005403670132160143,81-100
MWM_AccDiff,42,93,8,ce,,,0.1,76.74,0.7004249189853669,72.1,0.8046512340545654,5.0,77.7,77.7,76.02,0.7195637549877166,-4.640000000000001,0.10422631506919855,81-100
MWM_AccDiff,42,93,2,kd,5.0,77.7,0.1,74.5,0.7424002632141113,73.26,0.8082461807250977,,,,,,-1.2399999999999949,0.06584591751098634,81-100
MWM_AccDiff,42,93,9,kd,7.0,77.24,0.1,73.72,0.7814805588960647,76.88,0.681429808807373,,,,,,3.1599999999999966,-0.10005075008869169,81-100
MWM_AccDiff,42,94,4,ce,,,0.1,76.84,0.6726298523426056,73.6,0.7652070868968963,5.0,77.7,77.7,75.94,0.7057011038541794,-3.240000000000009,0.09257723455429068,81-100
MWM_AccDiff,42,94,8,kd,3.0,77.28,0.1,72.1,0.8046512340545654,74.86,0.7253442814350128,,,,,,2.760000000000005,-0.07930695261955256,81-100
MWM_AccDiff,42,94,1,kd,7.0,77.24,0.1,75.26,0.7263912596940995,76.74,0.6834428457260132,,,,,,1.4799999999999898,-0.04294841396808624,81-100
MWM_AccDiff,42,94,2,kd,5.0,77.7,0.1,73.26,0.8082461807250977,75.82,0.7279685985922814,,,,,,2.559999999999988,-0.08027758213281633,81-100
MWM_AccDiff,42,94,6,kd,9.0,76.88,0.1,75.92,0.6931876912236213,75.32,0.7308392777919769,,,,,,-0.6000000000000085,0.037651586568355544,81-100
MWM_AccDiff,42,95,1,ce,,,0.1,76.74,0.6834428457260132,72.7,0.812505578327179,5.0,77.7,77.7,76.0,0.7147227779626847,-4.039999999999992,0.12906273260116574,81-100
MWM_AccDiff,42,95,6,kd,7.0,77.24,0.1,75.32,0.7308392777919769,76.28,0.7000176483154297,,,,,,0.960000000000008,-0.030821629476547208,81-100
MWM_AccDiff,42,95,4,kd,5.0,77.7,0.1,73.6,0.7652070868968963,77.04,0.6778228545188903,,,,,,3.440000000000012,-0.08738423237800597,81-100
MWM_AccDiff,42,95,2,kd,9.0,76.88,0.1,75.82,0.7279685985922814,74.42,0.7663568746089935,,,,,,-1.3999999999999915,0.03838827601671213,81-100
MWM_AccDiff,42,95,8,kd,3.0,77.28,0.1,74.86,0.7253442814350128,76.5,0.6893429698944091,,,,,,1.6400000000000006,-0.03600131154060371,81-100
MWM_AccDiff,42,96,8,kd,4.0,77.04,0.1,76.5,0.6893429698944091,75.0,0.7612169217586517,,,,,,-1.5,0.07187395186424261,81-100
MWM_AccDiff,42,96,1,kd,5.0,77.7,0.1,72.7,0.812505578327179,76.0,0.7043617868423462,,,,,,3.299999999999997,-0.10814379148483277,81-100
MWM_AccDiff,42,96,9,ce,,,0.1,76.88,0.681429808807373,74.56,0.7518109861373902,5.0,77.7,77.7,76.1,0.6963970495223999,-2.319999999999993,0.07038117733001714,81-100
MWM_AccDiff,42,96,2,kd,3.0,77.28,0.1,74.42,0.7663568746089935,74.84,0.7347870056390763,,,,,,0.4200000000000017,-0.0315698689699172,81-100
MWM_AccDiff,42,96,6,kd,7.0,77.24,0.1,76.28,0.7000176483154297,73.8,0.7542602745056153,,,,,,-2.480000000000004,0.054242626190185605,81-100
MWM_AccDiff,42,97,1,ce,,,0.1,76.0,0.7043617868423462,75.26,0.7057617859363556,5.0,77.7,77.7,75.42,0.7281179997444153,-0.7399999999999949,0.001399999094009452,81-100
MWM_AccDiff,42,97,8,kd,4.0,77.04,0.1,75.0,0.7612169217586517,76.02,0.6987691450357437,,,,,,1.019999999999996,-0.06244777672290802,81-100
MWM_AccDiff,42,97,6,kd,5.0,77.7,0.1,73.8,0.7542602745056153,75.52,0.7436372970104218,,,,,,1.7199999999999989,-0.010622977495193475,81-100
MWM_AccDiff,42,97,2,kd,3.0,77.28,0.1,74.84,0.7347870056390763,75.62,0.732537707042694,,,,,,0.7800000000000011,-0.002249298596382232,81-100
MWM_AccDiff,42,97,9,kd,7.0,77.24,0.1,74.56,0.7518109861373902,76.5,0.676586091041565,,,,,,1.9399999999999977,-0.0752248950958252,81-100
MWM_AccDiff,42,98,8,kd,4.0,77.04,0.1,76.02,0.6987691450357437,75.26,0.7281071223258972,,,,,,-0.7599999999999909,0.029337977290153527,81-100
MWM_AccDiff,42,98,9,ce,,,0.1,76.5,0.676586091041565,75.54,0.7372615744113922,5.0,77.7,77.7,74.66,0.7338052607536316,-0.9599999999999937,0.0606754833698272,81-100
MWM_AccDiff,42,98,6,kd,7.0,77.24,0.1,75.52,0.7436372970104218,75.54,0.7009737468242645,,,,,,0.020000000000010232,-0.042663550186157306,81-100
MWM_AccDiff,42,98,1,kd,3.0,77.28,0.1,75.26,0.7057617859363556,76.38,0.6887231900691986,,,,,,1.1199999999999903,-0.017038595867157058,81-100
MWM_AccDiff,42,98,2,kd,5.0,77.7,0.1,75.62,0.732537707042694,75.46,0.7234474288463593,,,,,,-0.1600000000000108,-0.009090278196334789,81-100
MWM_AccDiff,42,99,1,ce,,,0.1,76.38,0.6887231900691986,76.42,0.6803666846275329,5.0,77.7,77.7,76.52,0.6985978745937348,0.04000000000000625,-0.008356505441665663,81-100
MWM_AccDiff,42,99,8,kd,4.0,77.04,0.1,75.26,0.7281071223258972,76.54,0.7024241220951081,,,,,,1.2800000000000011,-0.025683000230789177,81-100
MWM_AccDiff,42,99,2,kd,7.0,77.24,0.1,75.46,0.7234474288463593,75.58,0.7161796300888061,,,,,,0.12000000000000455,-0.007267798757553123,81-100
MWM_AccDiff,42,99,6,kd,3.0,77.28,0.1,75.54,0.7009737468242645,73.6,0.7986214586734772,,,,,,-1.940000000000012,0.09764771184921273,81-100
MWM_AccDiff,42,99,9,kd,5.0,77.7,0.1,75.54,0.7372615744113922,75.66,0.7038153074264526,,,,,,0.11999999999999034,-0.03344626698493958,81-100
MWM_AccDiff,42,100,1,kd,4.0,77.04,0.1,76.42,0.6803666846275329,77.34,0.67520656478405,,,,,,0.9200000000000017,-0.005160119843482969,81-100
MWM_AccDiff,42,100,2,kd,3.0,77.28,0.1,75.58,0.7161796300888061,74.76,0.7353217764854432,,,,,,-0.8199999999999932,0.019142146396637028,81-100
MWM_AccDiff,42,100,6,kd,7.0,77.24,0.1,73.6,0.7986214586734772,75.18,0.7157240960597991,,,,,,1.5800000000000125,-0.08289736261367808,81-100
MWM_AccDiff,42,100,9,kd,5.0,77.7,0.1,75.66,0.7038153074264526,76.26,0.703920103931427,,,,,,0.6000000000000085,0.00010479650497441373,81-100
MWM_AccDiff,42,100,8,ce,,,0.1,76.54,0.7024241220951081,73.5,0.7562679320335388,5.0,77.7,77.7,75.88,0.7041766939163208,-3.0400000000000063,0.05384380993843074,81-100
MWM_AccDiff,42,101,4,ce,,,0.1,77.04,0.6778228545188903,73.82,0.7730094372034073,5.0,77.7,77.7,77.52,0.6625539976596833,-3.220000000000013,0.09518658268451696,101-120
MWM_AccDiff,42,101,8,kd,1.0,77.34,0.1,73.5,0.7562679320335388,76.84,0.6891731918096542,,,,,,3.3400000000000034,-0.06709474022388462,101-120
MWM_AccDiff,42,101,2,kd,5.0,77.7,0.1,74.76,0.7353217764854432,75.34,0.7482238753795624,,,,,,0.5799999999999983,0.012902098894119196,101-120
MWM_AccDiff,42,101,6,kd,3.0,77.28,0.1,75.18,0.7157240960597991,75.68,0.7101284901857376,,,,,,0.5,-0.005595605874061493,101-120
MWM_AccDiff,42,101,9,kd,7.0,77.24,0.1,76.26,0.703920103931427,77.2,0.6728190965175629,,,,,,0.9399999999999977,-0.031101007413864123,101-120
MWM_AccDiff,42,102,2,kd,1.0,77.34,0.1,75.34,0.7482238753795624,74.18,0.7561168755531311,,,,,,-1.1599999999999966,0.007893000173568754,101-120
MWM_AccDiff,42,102,4,kd,3.0,77.28,0.1,73.82,0.7730094372034073,76.8,0.6845533418655395,,,,,,2.980000000000004,-0.0884560953378678,101-120
MWM_AccDiff,42,102,8,kd,7.0,77.24,0.1,76.84,0.6891731918096542,75.38,0.7274853672027588,,,,,,-1.460000000000008,0.03831217539310461,101-120
MWM_AccDiff,42,102,9,ce,,,0.1,77.2,0.6728190965175629,75.08,0.7096640391349792,5.0,77.7,77.7,76.38,0.6921402433395386,-2.1200000000000045,0.03684494261741633,101-120
MWM_AccDiff,42,102,6,kd,5.0,77.7,0.1,75.68,0.7101284901857376,75.8,0.7145243683338165,,,,,,0.11999999999999034,0.004395878148078847,101-120
MWM_AccDiff,42,103,4,ce,,,0.1,76.8,0.6845533418655395,75.82,0.7018534251213073,5.0,77.7,77.7,77.28,0.6748386032104492,-0.980000000000004,0.017300083255767817,101-120
MWM_AccDiff,42,103,2,kd,1.0,77.34,0.1,74.18,0.7561168755531311,75.04,0.765288976764679,,,,,,0.8599999999999994,0.009172101211547878,101-120
MWM_AccDiff,42,103,9,kd,3.0,77.28,0.1,75.08,0.7096640391349792,76.76,0.6812023647785187,,,,,,1.6800000000000068,-0.02846167435646052,101-120
MWM_AccDiff,42,103,8,kd,5.0,77.7,0.1,75.38,0.7274853672027588,75.88,0.7250118502140045,,,,,,0.5,-0.0024735169887543096,101-120
MWM_AccDiff,42,103,6,kd,7.0,77.24,0.1,75.8,0.7145243683338165,76.12,0.7059780251979828,,,,,,0.3200000000000074,-0.00854634313583369,101-120
MWM_AccDiff,42,104,2,kd,1.0,77.34,0.1,75.04,0.765288976764679,76.18,0.7261679481983185,,,,,,1.1400000000000006,-0.03912102856636046,101-120
MWM_AccDiff,42,104,8,kd,5.0,77.7,0.1,75.88,0.7250118502140045,74.06,0.7643943006515503,,,,,,-1.8199999999999932,0.039382450437545846,101-120
MWM_AccDiff,42,104,4,kd,3.0,77.28,0.1,75.82,0.7018534251213073,77.02,0.6726325469970703,,,,,,1.2000000000000028,-0.029220878124237015,101-120
MWM_AccDiff,42,104,9,ce,,,0.1,76.76,0.6812023647785187,75.58,0.7029677675247192,5.0,77.7,77.7,75.88,0.706006015586853,-1.1800000000000068,0.021765402746200535,101-120
MWM_AccDiff,42,104,6,kd,7.0,77.24,0.1,76.12,0.7059780251979828,76.12,0.6928777571678162,,,,,,0.0,-0.013100268030166617,101-120
MWM_AccDiff,42,105,4,ce,,,0.1,77.02,0.6726325469970703,75.96,0.7027356241226196,5.0,77.7,77.7,75.26,0.7218052664756774,-1.0600000000000023,0.03010307712554927,101-120
MWM_AccDiff,42,105,2,kd,3.0,77.28,0.1,76.18,0.7261679481983185,74.38,0.7817558847427368,,,,,,-1.8000000000000114,0.05558793654441829,101-120
MWM_AccDiff,42,105,6,kd,7.0,77.24,0.1,76.12,0.6928777571678162,76.48,0.6875465416431427,,,,,,0.35999999999999943,-0.005331215524673527,101-120
MWM_AccDiff,42,105,9,kd,1.0,77.34,0.1,75.58,0.7029677675247192,76.64,0.6998032287359238,,,,,,1.0600000000000023,-0.0031645387887954124,101-120
MWM_AccDiff,42,105,8,kd,5.0,77.7,0.1,74.06,0.7643943006515503,76.12,0.7138799256801606,,,,,,2.0600000000000023,-0.050514374971389775,101-120
MWM_AccDiff,42,106,2,kd,1.0,77.34,0.1,74.38,0.7817558847427368,75.8,0.7192944529771805,,,,,,1.4200000000000017,-0.0624614317655563,101-120
MWM_AccDiff,42,106,8,kd,5.0,77.7,0.1,76.12,0.7138799256801606,76.3,0.714778080034256,,,,,,0.1799999999999926,0.0008981543540954595,101-120
MWM_AccDiff,42,106,4,kd,3.0,77.28,0.1,75.96,0.7027356241226196,76.44,0.6964741670608521,,,,,,0.480000000000004,-0.006261457061767506,101-120
MWM_AccDiff,42,106,9,ce,,,0.1,76.64,0.6998032287359238,73.9,0.7766199603319168,5.0,77.7,77.7,75.08,0.7264388823270798,-2.739999999999995,0.076816731595993,101-120
MWM_AccDiff,42,106,6,kd,7.0,77.24,0.1,76.48,0.6875465416431427,75.74,0.6996476874828339,,,,,,-0.7400000000000091,0.01210114583969124,101-120
MWM_AccDiff,42,107,2,kd,1.0,77.34,0.1,75.8,0.7192944529771805,76.46,0.7049581588745117,,,,,,0.6599999999999966,-0.01433629410266879,101-120
MWM_AccDiff,42,107,4,ce,,,0.1,76.44,0.6964741670608521,72.62,0.8386839950561523,5.0,77.7,77.7,76.94,0.6688063759326934,-3.819999999999993,0.14220982799530024,101-120
MWM_AccDiff,42,107,9,kd,3.0,77.28,0.1,73.9,0.7766199603319168,76.24,0.6865884823083878,,,,,,2.339999999999989,-0.09003147802352907,101-120
MWM_AccDiff,42,107,8,kd,7.0,77.24,0.1,76.3,0.714778080034256,76.24,0.6973631596565246,,,,,,-0.060000000000002274,-0.017414920377731402,101-120
MWM_AccDiff,42,107,6,kd,5.0,77.7,0.1,75.74,0.6996476874828339,75.32,0.7414251226425171,,,,,,-0.4200000000000017,0.04177743515968324,101-120
MWM_AccDiff,42,108,4,kd,3.0,77.28,0.1,72.62,0.8386839950561523,77.62,0.6514467293739319,,,,,,5.0,-0.18723726568222043,101-120
MWM_AccDiff,42,108,8,kd,7.0,77.24,0.1,76.24,0.6973631596565246,76.06,0.6946881268501282,,,,,,-0.1799999999999926,-0.0026750328063964712,101-120
MWM_AccDiff,42,108,6,kd,1.0,77.34,0.1,75.32,0.7414251226425171,74.58,0.7813165113449096,,,,,,-0.7399999999999949,0.039891388702392505,101-120
MWM_AccDiff,42,108,2,ce,,,0.1,76.46,0.7049581588745117,72.88,0.8005553366661072,5.0,77.7,77.7,76.26,0.7083549042701721,-3.5799999999999983,0.09559717779159549,101-120
MWM_AccDiff,42,108,9,kd,5.0,77.7,0.1,76.24,0.6865884823083878,77.52,0.666298144698143,,,,,,1.2800000000000011,-0.02029033761024479,101-120
MWM_AccDiff,42,109,7,ce,,,0.1,77.24,0.656488112449646,77.28,0.6467525136947632,5.0,77.7,77.7,76.46,0.6986050977706909,0.04000000000000625,-0.009735598754882835,101-120
MWM_AccDiff,42,109,2,kd,1.0,77.34,0.1,72.88,0.8005553366661072,76.72,0.6986034137725831,,,,,,3.8400000000000034,-0.10195192289352417,101-120
MWM_AccDiff,42,109,6,kd,4.0,77.62,0.1,74.58,0.7813165113449096,75.52,0.7261531258583069,,,,,,0.9399999999999977,-0.05516338548660271,101-120
MWM_AccDiff,42,109,8,kd,9.0,77.52,0.1,76.06,0.6946881268501282,75.44,0.7569850544691086,,,,,,-0.6200000000000045,0.062296927618980424,101-120
MWM_AccDiff,42,109,3,kd,5.0,77.7,0.1,77.28,0.6565856854200364,74.9,0.7732294730901718,,,,,,-2.3799999999999955,0.11664378767013539,101-120
MWM_AccDiff,42,110,7,ce,,,0.1,77.28,0.6467525136947632,77.12,0.6610230272293091,5.0,77.7,77.7,77.08,0.6740545607328415,-0.1599999999999966,0.014270513534545892,101-120
MWM_AccDiff,42,110,2,kd,1.0,77.34,0.1,76.72,0.6986034137725831,75.76,0.725599731016159,,,,,,-0.9599999999999937,0.026996317243575985,101-120
MWM_AccDiff,42,110,6,kd,4.0,77.62,0.1,75.52,0.7261531258583069,75.42,0.7194627326011658,,,,,,-0.09999999999999432,-0.006690393257141158,101-120
MWM_AccDiff,42,110,8,kd,9.0,77.52,0.1,75.44,0.7569850544691086,75.1,0.7392008522033692,,,,,,-0.3400000000000034,-0.0177842022657394,101-120
MWM_AccDiff,42,110,3,kd,5.0,77.7,0.1,74.9,0.7732294730901718,76.92,0.6763799106597901,,,,,,2.019999999999996,-0.09684956243038167,101-120
MWM_AccDiff,42,111,7,ce,,,0.1,77.12,0.6610230272293091,76.72,0.6690219740390777,5.0,77.7,77.7,77.42,0.6507297438144684,-0.4000000000000057,0.007998946809768648,101-120
MWM_AccDiff,42,111,8,kd,4.0,77.62,0.1,75.1,0.7392008522033692,74.26,0.760334405708313,,,,,,-0.8399999999999892,0.021133553504943836,101-120
MWM_AccDiff,42,111,3,kd,1.0,77.34,0.1,76.92,0.6763799106597901,76.5,0.7054301520824432,,,,,,-0.4200000000000017,0.02905024142265311,101-120
MWM_AccDiff,42,111,2,kd,9.0,77.52,0.1,75.76,0.725599731016159,75.6,0.7243354596138001,,,,,,-0.1600000000000108,-0.001264271402358963,101-120
MWM_AccDiff,42,111,6,kd,5.0,77.7,0.1,75.42,0.7194627326011658,74.72,0.7553439556121826,,,,,,-0.7000000000000028,0.035881223011016816,101-120
MWM_AccDiff,42,112,7,ce,,,0.1,76.72,0.6690219740390777,76.92,0.6623613144874573,5.0,77.7,77.7,78.4,0.6414964895248413,0.20000000000000284,-0.006660659551620429,101-120
MWM_AccDiff,42,112,8,kd,4.0,77.62,0.1,74.26,0.760334405708313,76.1,0.6938029524326325,,,,,,1.8399999999999892,-0.06653145327568055,101-120
MWM_AccDiff,42,112,3,kd,1.0,77.34,0.1,76.5,0.7054301520824432,76.2,0.701183274936676,,,,,,-0.29999999999999716,-0.004246877145767214,101-120
MWM_AccDiff,42,112,2,kd,9.0,77.52,0.1,75.6,0.7243354596138001,76.64,0.7055454550743103,,,,,,1.0400000000000063,-0.018790004539489757,101-120
MWM_AccDiff,42,112,6,kd,5.0,77.7,0.1,74.72,0.7553439556121826,75.04,0.7751721529006959,,,,,,0.3200000000000074,0.01982819728851326,101-120
MWM_AccDiff,42,113,7,ce,,,0.1,76.92,0.6623613144874573,77.94,0.6528334316849709,5.0,77.7,77.7,77.2,0.6738566784858704,1.019999999999996,-0.009527882802486398,101-120
MWM_AccDiff,42,113,8,kd,4.0,77.62,0.1,76.1,0.6938029524326325,75.56,0.7147311237335205,,,,,,-0.539999999999992,0.020928171300888088,101-120
MWM_AccDiff,42,113,2,kd,1.0,77.34,0.1,76.64,0.7055454550743103,75.16,0.7290819110870361,,,,,,-1.480000000000004,0.023536456012725804,101-120
MWM_AccDiff,42,113,6,kd,5.0,77.7,0.1,75.04,0.7751721529006959,76.0,0.7175848883152008,,,,,,0.9599999999999937,-0.05758726458549501,101-120
MWM_AccDiff,42,113,3,kd,9.0,77.52,0.1,76.2,0.701183274936676,76.2,0.7094348294258118,,,,,,0.0,0.008251554489135837,101-120
MWM_AccDiff,42,114,1,ce,,,0.1,77.34,0.67520656478405,75.76,0.714095407295227,7.0,77.94,77.94,76.24,0.7258377346277237,-1.5799999999999983,0.03888884251117708,101-120
MWM_AccDiff,42,114,2,kd,7.0,77.94,0.1,75.16,0.7290819110870361,74.36,0.8035226554870606,,,,,,-0.7999999999999972,0.07444074440002446,101-120
MWM_AccDiff,42,114,6,kd,4.0,77.62,0.1,76.0,0.7175848883152008,76.48,0.6836993484973908,,,,,,0.480000000000004,-0.03388553981781006,101-120
MWM_AccDiff,42,114,3,kd,9.0,77.52,0.1,76.2,0.7094348294258118,74.12,0.777401935350895,,,,,,-2.0799999999999983,0.06796710592508315,101-120
MWM_AccDiff,42,114,8,kd,5.0,77.7,0.1,75.56,0.7147311237335205,74.6,0.784965253663063,,,,,,-0.960000000000008,0.07023412992954248,101-120
MWM_AccDiff,42,115,3,kd,4.0,77.62,0.1,74.12,0.777401935350895,76.24,0.6771538805961609,,,,,,2.1199999999999903,-0.10024805475473408,101-120
MWM_AccDiff,42,115,2,kd,7.0,77.94,0.1,74.36,0.8035226554870606,75.34,0.7539436152219773,,,,,,0.980000000000004,-0.04957904026508331,101-120
MWM_AccDiff,42,115,1,kd,9.0,77.52,0.1,75.76,0.714095407295227,76.2,0.706455209517479,,,,,,0.4399999999999977,-0.007640197777748048,101-120
MWM_AccDiff,42,115,6,ce,,,0.1,76.48,0.6836993484973908,73.44,0.7857539234161377,7.0,77.94,77.94,74.62,0.7862892776012421,-3.0400000000000063,0.10205457491874692,101-120
MWM_AccDiff,42,115,8,kd,5.0,77.7,0.1,74.6,0.784965253663063,74.64,0.7388092051506042,,,,,,0.04000000000000625,-0.0461560485124588,101-120
MWM_AccDiff,42,116,2,kd,4.0,77.62,0.1,75.34,0.7539436152219773,75.84,0.68771887216568,,,,,,0.5,-0.06622474305629733,101-120
MWM_AccDiff,42,116,1,kd,9.0,77.52,0.1,76.2,0.706455209517479,75.8,0.7342532248735428,,,,,,-0.4000000000000057,0.027798015356063854,101-120
MWM_AccDiff,42,116,3,ce,,,0.1,76.24,0.6771538805961609,73.22,0.7810377455234527,7.0,77.94,77.94,72.92,0.8654042992591858,-3.019999999999996,0.10388386492729185,101-120
MWM_AccDiff,42,116,6,kd,7.0,77.94,0.1,73.44,0.7857539234161377,74.64,0.7936496293067932,,,,,,1.2000000000000028,0.007895705890655469,101-120
MWM_AccDiff,42,116,8,kd,5.0,77.7,0.1,74.64,0.7388092051506042,75.08,0.7298713294744491,,,,,,0.4399999999999977,-0.008937875676155116,101-120
MWM_AccDiff,42,117,8,kd,4.0,77.62,0.1,75.08,0.7298713294744491,76.2,0.6916271900177002,,,,,,1.1200000000000045,-0.03824413945674887,101-120
MWM_AccDiff,42,117,6,kd,5.0,77.7,0.1,74.64,0.7936496293067932,77.04,0.6712195405244827,,,,,,2.4000000000000057,-0.12243008878231043,101-120
MWM_AccDiff,42,117,3,kd,7.0,77.94,0.1,73.22,0.7810377455234527,76.78,0.7180154526233673,,,,,,3.5600000000000023,-0.06302229290008543,101-120
MWM_AccDiff,42,117,2,ce,,,0.1,75.84,0.68771887216568,73.52,0.7848119603157043,7.0,77.94,77.94,75.72,0.7432589013099671,-2.3200000000000074,0.09709308815002438,101-120
MWM_AccDiff,42,117,1,kd,9.0,77.52,0.1,75.8,0.7342532248735428,76.52,0.7000533758878708,,,,,,0.7199999999999989,-0.03419984898567208,101-120
MWM_AccDiff,42,118,2,kd,7.0,77.94,0.1,73.52,0.7848119603157043,76.36,0.7114323441743851,,,,,,2.8400000000000034,-0.07337961614131927,101-120
MWM_AccDiff,42,118,1,kd,4.0,77.62,0.1,76.52,0.7000533758878708,76.42,0.6849087558269501,,,,,,-0.09999999999999432,-0.015144620060920655,101-120
MWM_AccDiff,42,118,6,ce,,,0.1,77.04,0.6712195405244827,74.3,0.745545507311821,7.0,77.94,77.94,75.98,0.7149524103999138,-2.740000000000009,0.07432596678733827,101-120
MWM_AccDiff,42,118,3,kd,9.0,77.52,0.1,76.78,0.7180154526233673,75.92,0.7232121023178101,,,,,,-0.8599999999999994,0.005196649694442779,101-120
MWM_AccDiff,42,118,8,kd,5.0,77.7,0.1,76.2,0.6916271900177002,75.8,0.7346215203285217,,,,,,-0.4000000000000057,0.04299433031082145,101-120
MWM_AccDiff,42,119,8,kd,4.0,77.62,0.1,75.8,0.7346215203285217,75.86,0.7040778839588165,,,,,,0.060000000000002274,-0.03054363636970514,101-120
MWM_AccDiff,42,119,6,kd,7.0,77.94,0.1,74.3,0.745545507311821,73.94,0.8303827728509903,,,,,,-0.35999999999999943,0.08483726553916926,101-120
MWM_AccDiff,42,119,2,ce,,,0.1,76.36,0.7114323441743851,76.56,0.6692525969266891,7.0,77.94,77.94,76.86,0.699946275293827,0.20000000000000284,-0.04217974724769591,101-120
MWM_AccDiff,42,119,1,kd,9.0,77.52,0.1,76.42,0.6849087558269501,76.32,0.7079608826160431,,,,,,-0.10000000000000853,0.023052126789092964,101-120
MWM_AccDiff,42,119,3,kd,5.0,77.7,0.1,75.92,0.7232121023178101,76.32,0.7127669250965118,,,,,,0.3999999999999915,-0.01044517722129823,101-120
MWM_AccDiff,42,120,1,kd,4.0,77.62,0.1,76.32,0.7079608826160431,76.64,0.6771327591896057,,,,,,0.3200000000000074,-0.03082812342643737,101-120
MWM_AccDiff,42,120,6,kd,7.0,77.94,0.1,73.94,0.8303827728509903,76.84,0.6864881984233856,,,,,,2.9000000000000057,-0.14389457442760467,101-120
MWM_AccDiff,42,120,2,ce,,,0.1,76.56,0.6692525969266891,77.06,0.6828139817237854,7.0,77.94,77.94,77.44,0.6959931441783905,0.5,0.013561384797096232,101-120
MWM_AccDiff,42,120,3,kd,9.0,77.52,0.1,76.32,0.7127669250965118,75.06,0.7544990297555924,,,,,,-1.259999999999991,0.041732104659080504,101-120
MWM_AccDiff,42,120,8,kd,5.0,77.7,0.1,75.86,0.7040778839588165,75.08,0.7385403041124344,,,,,,-0.7800000000000011,0.03446242015361789,101-120
MWM_AccDiff,42,121,3,kd,7.0,77.94,0.1,75.06,0.7544990297555924,75.58,0.7597523199081421,,,,,,0.519999999999996,0.005253290152549717,121-140
MWM_AccDiff,42,121,1,kd,4.0,77.62,0.1,76.64,0.6771327591896057,75.86,0.7050083733081818,,,,,,-0.7800000000000011,0.027875614118576086,121-140
MWM_AccDiff,42,121,2,ce,,,0.1,77.06,0.6828139817237854,75.62,0.6894627669334411,7.0,77.94,77.94,75.46,0.7583931136369705,-1.4399999999999977,0.006648785209655728,121-140
MWM_AccDiff,42,121,6,kd,9.0,77.52,0.1,76.84,0.6864881984233856,77.1,0.6896819951057435,,,,,,0.2599999999999909,0.0031937966823578634,121-140
MWM_AccDiff,42,121,8,kd,5.0,77.7,0.1,75.08,0.7385403041124344,76.18,0.6898709434747696,,,,,,1.1000000000000085,-0.048669360637664805,121-140
MWM_AccDiff,42,122,3,kd,4.0,77.62,0.1,75.58,0.7597523199081421,75.96,0.7027416578292847,,,,,,0.37999999999999545,-0.05701066207885741,121-140
MWM_AccDiff,42,122,2,kd,7.0,77.94,0.1,75.62,0.6894627669334411,77.48,0.7044458587884903,,,,,,1.8599999999999994,0.014983091855049202,121-140
MWM_AccDiff,42,122,1,kd,5.0,77.7,0.1,75.86,0.7050083733081818,76.62,0.7050310034275055,,,,,,0.7600000000000051,2.2630119323685527e-05,121-140
MWM_AccDiff,42,122,6,ce,,,0.1,77.1,0.6896819951057435,75.34,0.7102310796737671,7.0,77.94,77.94,77.4,0.6750993779182434,-1.759999999999991,0.020549084568023623,121-140
MWM_AccDiff,42,122,8,kd,9.0,77.52,0.1,76.18,0.6898709434747696,76.44,0.7107076274394989,,,,,,0.2599999999999909,0.020836683964729263,121-140
MWM_AccDiff,42,123,8,kd,4.0,77.62,0.1,76.44,0.7107076274394989,74.08,0.7852707478046417,,,,,,-2.3599999999999994,0.07456312036514279,121-140
MWM_AccDiff,42,123,6,kd,5.0,77.7,0.1,75.34,0.7102310796737671,77.26,0.6562840314865113,,,,,,1.9200000000000017,-0.05394704818725582,121-140
MWM_AccDiff,42,123,3,kd,7.0,77.94,0.1,75.96,0.7027416578292847,76.44,0.7073132410049439,,,,,,0.480000000000004,0.0045715831756592,121-140
MWM_AccDiff,42,123,2,ce,,,0.1,77.48,0.7044458587884903,77.94,0.6298032489776612,7.0,77.94,77.94,75.88,0.75318315076828,0.45999999999999375,-0.07464260981082915,121-140
MWM_AccDiff,42,123,1,kd,9.0,77.52,0.1,76.62,0.7050310034275055,74.86,0.7543345569610596,,,,,,-1.7600000000000051,0.04930355353355409,121-140
MWM_AccDiff,42,124,1,kd,2.0,77.94,0.1,74.86,0.7543345569610596,76.18,0.6920287460327148,,,,,,1.3200000000000074,-0.06230581092834475,121-140
MWM_AccDiff,42,124,8,kd,7.0,77.94,0.1,74.08,0.7852707478046417,71.62,0.9377090753078461,,,,,,-2.4599999999999937,0.1524383275032044,121-140
MWM_AccDiff,42,124,9,ce,,,0.1,77.52,0.666298144698143,77.66,0.6679628139019013,7.0,77.94,77.94,77.14,0.7022518195152283,0.14000000000000057,0.0016646692037582955,121-140
MWM_AccDiff,42,124,6,kd,4.0,77.62,0.1,77.26,0.6562840314865113,77.22,0.6607217111587524,,,,,,-0.04000000000000625,0.004437679672241179,121-140
MWM_AccDiff,42,124,3,kd,5.0,77.7,0.1,76.44,0.7073132410049439,76.22,0.711409515094757,,,,,,-0.21999999999999886,0.004096274089813168,121-140
MWM_AccDiff,42,125,1,kd,2.0,77.94,0.1,76.18,0.6920287460327148,77.76,0.6474407966136932,,,,,,1.5799999999999983,-0.044587949419021555,121-140
MWM_AccDiff,42,125,4,ce,,,0.1,77.62,0.6514467293739319,78.1,0.6307385529518127,7.0,77.94,77.94,76.62,0.7394524191141129,0.47999999999998977,-0.020708176422119196,121-140
MWM_AccDiff,42,125,8,kd,7.0,77.94,0.1,71.62,0.9377090753078461,74.32,0.8183930239677429,,,,,,2.6999999999999886,-0.11931605134010315,121-140
MWM_AccDiff,42,125,6,kd,9.0,77.66,0.1,77.22,0.6607217111587524,74.04,0.7686396332740784,,,,,,-3.1799999999999926,0.10791792211532591,121-140
MWM_AccDiff,42,125,3,kd,5.0,77.7,0.1,76.22,0.711409515094757,76.36,0.7223228977680206,,,,,,0.14000000000000057,0.010913382673263583,121-140
MWM_AccDiff,42,126,8,kd,7.0,77.94,0.1,74.32,0.8183930239677429,75.36,0.7717612868309021,,,,,,1.0400000000000063,-0.04663173713684088,121-140
MWM_AccDiff,42,126,3,kd,1.0,77.76,0.1,76.36,0.7223228977680206,77.68,0.6688960857391357,,,,,,1.3200000000000074,-0.053426812028884885,121-140
MWM_AccDiff,42,126,9,ce,,,0.1,77.66,0.6679628139019013,77.2,0.6721453072071075,4.0,78.1,78.1,76.92,0.6740561887264251,-0.45999999999999375,0.0041824933052062585,121-140
MWM_AccDiff,42,126,6,kd,4.0,78.1,0.1,74.04,0.7686396332740784,76.04,0.6902004688262939,,,,,,2.0,-0.07843916444778443,121-140
MWM_AccDiff,42,126,5,kd,2.0,77.94,0.1,77.7,0.6597680505990982,75.92,0.7283790714263916,,,,,,-1.7800000000000011,0.06861102082729342,121-140
MWM_AccDiff,42,127,8,kd,7.0,77.94,0.1,75.36,0.7717612868309021,76.38,0.7415957259654998,,,,,,1.019999999999996,-0.03016556086540223,121-140
MWM_AccDiff,42,127,3,ce,,,0.1,77.68,0.6688960857391357,75.74,0.6954264554023742,4.0,78.1,78.1,75.66,0.7291546479701996,-1.940000000000012,0.026530369663238518,121-140
MWM_AccDiff,42,127,6,kd,4.0,78.1,0.1,76.04,0.6902004688262939,76.28,0.689800522351265,,,,,,0.23999999999999488,-0.000399946475028945,121-140
MWM_AccDiff,42,127,9,kd,1.0,77.76,0.1,77.2,0.6721453072071075,78.12,0.6576163690567016,,,,,,0.9200000000000017,-0.014528938150405901,121-140
MWM_AccDiff,42,127,5,kd,2.0,77.94,0.1,75.92,0.7283790714263916,75.14,0.7240703122138977,,,,,,-0.7800000000000011,-0.004308759212493851,121-140
MWM_AccDiff,42,128,1,ce,,,0.1,77.76,0.6474407966136932,70.76,0.8817726912736893,9.0,78.12,78.12,74.44,0.7873429901123047,-7.0,0.23433189465999604,121-140
MWM_AccDiff,42,128,5,kd,4.0,78.1,0.1,75.14,0.7240703122138977,76.46,0.6946221707820892,,,,,,1.3199999999999932,-0.029448141431808517,121-140
MWM_AccDiff,42,128,6,kd,7.0,77.94,0.1,76.28,0.689800522351265,76.02,0.7484632953643798,,,,,,-0.2600000000000051,0.058662773013114844,121-140
MWM_AccDiff,42,128,8,kd,9.0,78.12,0.1,76.38,0.7415957259654998,75.54,0.7441155483722687,,,,,,-0.8399999999999892,0.0025198224067688457,121-140
MWM_AccDiff,42,128,3,kd,2.0,77.94,0.1,75.74,0.6954264554023742,78.0,0.6504016139030456,,,,,,2.260000000000005,-0.045024841499328616,121-140
MWM_AccDiff,42,129,8,kd,4.0,78.1,0.1,75.54,0.7441155483722687,76.26,0.6957355896234513,,,,,,0.7199999999999989,-0.0483799587488174,121-140
MWM_AccDiff,42,129,5,kd,7.0,77.94,0.1,76.46,0.6946221707820892,75.66,0.7380557609081269,,,,,,-0.7999999999999972,0.04343359012603765,121-140
MWM_AccDiff,42,129,2,ce,,,0.1,77.94,0.6298032489776612,78.7,0.638014448261261,9.0,78.12,78.12,77.98,0.6577410381317139,0.7600000000000051,0.008211199283599813,121-140
MWM_AccDiff,42,129,6,kd,3.0,78.0,0.1,76.02,0.7484632953643798,77.08,0.6987423875808716,,,,,,1.0600000000000023,-0.04972090778350824,121-140
MWM_AccDiff,42,129,1,kd,9.0,78.12,0.1,70.76,0.8817726912736893,77.72,0.6743751805305481,,,,,,6.959999999999994,-0.20739751074314117,121-140
MWM_AccDiff,42,130,7,ce,,,0.1,77.94,0.6528334316849709,74.74,0.7553335403442383,2.0,78.7,78.7,77.56,0.6915817421913147,-3.200000000000003,0.1025001086592674,121-140
MWM_AccDiff,42,130,6,kd,4.0,78.1,0.1,77.08,0.6987423875808716,75.18,0.7180162355899811,,,,,,-1.8999999999999915,0.019273848009109473,121-140
MWM_AccDiff,42,130,8,kd,9.0,78.12,0.1,76.26,0.6957355896234513,76.3,0.7194506270885468,,,,,,0.03999999999999204,0.023715037465095512,121-140
MWM_AccDiff,42,130,1,kd,3.0,78.0,0.1,77.72,0.6743751805305481,78.2,0.6402900421142578,,,,,,0.480000000000004,-0.03408513841629035,121-140
MWM_AccDiff,42,130,5,kd,2.0,78.7,0.1,75.66,0.7380557609081269,77.16,0.6930415434360504,,,,,,1.5,-0.045014217472076457,121-140
MWM_AccDiff,42,131,7,kd,1.0,78.2,0.1,74.74,0.7553335403442383,79.28,0.6034776834487915,,,,,,4.540000000000006,-0.15185585689544678,121-140
MWM_AccDiff,42,131,5,kd,4.0,78.1,0.1,77.16,0.6930415434360504,76.76,0.679366349864006,,,,,,-0.3999999999999915,-0.013675193572044386,121-140
MWM_AccDiff,42,131,3,ce,,,0.1,78.0,0.6504016139030456,75.2,0.7024448616027832,2.0,78.7,78.7,77.18,0.711975667309761,-2.799999999999997,0.05204324769973756,121-140
MWM_AccDiff,42,131,8,kd,9.0,78.12,0.1,76.3,0.7194506270885468,77.04,0.7022047761797905,,,,,,0.7400000000000091,-0.0172458509087563,121-140
MWM_AccDiff,42,131,6,kd,2.0,78.7,0.1,75.18,0.7180162355899811,77.78,0.6840607341766357,,,,,,2.5999999999999943,-0.03395550141334536,121-140
MWM_AccDiff,42,132,4,ce,,,0.1,78.1,0.6307385529518127,77.24,0.6552787872314453,7.0,79.28,79.28,78.28,0.6449800549983978,-0.8599999999999994,0.02454023427963259,121-140
MWM_AccDiff,42,132,5,kd,1.0,78.2,0.1,76.76,0.679366349864006,77.72,0.6631058227539063,,,,,,0.9599999999999937,-0.01626052711009973,121-140
MWM_AccDiff,42,132,3,kd,2.0,78.7,0.1,75.2,0.7024448616027832,77.32,0.6970431806564331,,,,,,2.1199999999999903,-0.005401680946350074,121-140
MWM_AccDiff,42,132,6,kd,9.0,78.12,0.1,77.78,0.6840607341766357,76.2,0.7051838636398315,,,,,,-1.5799999999999983,0.021123129463195833,121-140
MWM_AccDiff,42,132,8,kd,7.0,79.28,0.1,77.04,0.7022047761797905,77.26,0.6738308378219604,,,,,,0.21999999999999886,-0.028373938357830086,121-140
MWM_AccDiff,42,133,3,kd,1.0,78.2,0.1,77.32,0.6970431806564331,78.48,0.6439682504653931,,,,,,1.1600000000000108,-0.05307493019104004,121-140
MWM_AccDiff,42,133,4,kd,2.0,78.7,0.1,77.24,0.6552787872314453,77.96,0.6788283030033112,,,,,,0.7199999999999989,0.023549515771865925,121-140
MWM_AccDiff,42,133,5,ce,,,0.1,77.72,0.6631058227539063,74.44,0.73236790599823,7.0,79.28,79.28,77.4,0.648267202091217,-3.280000000000001,0.0692620832443237,121-140
MWM_AccDiff,42,133,6,kd,9.0,78.12,0.1,76.2,0.7051838636398315,77.12,0.6901419770002365,,,,,,0.9200000000000017,-0.015041886639595048,121-140
MWM_AccDiff,42,133,8,kd,7.0,79.28,0.1,77.26,0.6738308378219604,77.66,0.6576563060760499,,,,,,0.3999999999999915,-0.016174531745910548,121-140
MWM_AccDiff,42,134,9,ce,,,0.1,78.12,0.6576163690567016,76.8,0.6739645913124085,7.0,79.28,79.28,78.12,0.6475988977432251,-1.3200000000000074,0.016348222255706868,121-140
MWM_AccDiff,42,134,6,kd,3.0,78.48,0.1,77.12,0.6901419770002365,77.78,0.665988358783722,,,,,,0.6599999999999966,-0.024153618216514516,121-140
MWM_AccDiff,42,134,4,kd,1.0,78.2,0.1,77.96,0.6788283030033112,78.22,0.6350873833656311,,,,,,0.2600000000000051,-0.04374091963768012,121-140
MWM_AccDiff,42,134,8,kd,7.0,79.28,0.1,77.66,0.6576563060760499,77.6,0.6629972063064575,,,,,,-0.060000000000002274,0.005340900230407675,121-140
MWM_AccDiff,42,134,5,kd,2.0,78.7,0.1,74.44,0.73236790599823,77.3,0.7011818105697631,,,,,,2.8599999999999994,-0.031186095428466842,121-140
MWM_AccDiff,42,135,1,ce,,,0.1,78.2,0.6402900421142578,76.46,0.729387688446045,7.0,79.28,79.28,78.12,0.6446974550247192,-1.740000000000009,0.08909764633178718,121-140
MWM_AccDiff,42,135,6,kd,2.0,78.7,0.1,77.78,0.665988358783722,77.22,0.6970734152078628,,,,,,-0.5600000000000023,0.031085056424140833,121-140
MWM_AccDiff,42,135,5,kd,3.0,78.48,0.1,77.3,0.7011818105697631,76.68,0.6895251825332641,,,,,,-0.6199999999999903,-0.011656628036499028,121-140
MWM_AccDiff,42,135,8,kd,7.0,79.28,0.1,77.6,0.6629972063064575,76.98,0.6808665203094483,,,,,,-0.6199999999999903,0.017869314002990744,121-140
MWM_AccDiff,42,135,9,kd,4.0,78.22,0.1,76.8,0.6739645913124085,77.54,0.6593455787658692,,,,,,0.7400000000000091,-0.0146190125465393,121-140
MWM_AccDiff,42,136,1,kd,2.0,78.7,0.1,76.46,0.729387688446045,78.1,0.6740804174661637,,,,,,1.6400000000000006,-0.05530727097988131,121-140
MWM_AccDiff,42,136,9,ce,,,0.1,77.54,0.6593455787658692,77.16,0.6558428554058074,7.0,79.28,79.28,78.34,0.6353031074523926,-0.38000000000000966,-0.0035027233600617436,121-140
MWM_AccDiff,42,136,6,kd,4.0,78.22,0.1,77.22,0.6970734152078628,78.16,0.6448148961067199,,,,,,0.9399999999999977,-0.052258519101142875,121-140
MWM_AccDiff,42,136,5,kd,3.0,78.48,0.1,76.68,0.6895251825332641,77.74,0.6837070348739624,,,,,,1.059999999999988,-0.0058181476593016646,121-140
MWM_AccDiff,42,136,8,kd,7.0,79.28,0.1,76.98,0.6808665203094483,74.94,0.7389800664901733,,,,,,-2.0400000000000063,0.05811354618072506,121-140
MWM_AccDiff,42,137,9,kd,3.0,78.48,0.1,77.16,0.6558428554058074,77.66,0.6666104690551757,,,,,,0.5,0.01076761364936829,121-140
MWM_AccDiff,42,137,8,kd,7.0,79.28,0.1,74.94,0.7389800664901733,77.62,0.648241789484024,,,,,,2.680000000000007,-0.09073827700614934,121-140
MWM_AccDiff,42,137,1,kd,4.0,78.22,0.1,78.1,0.6740804174661637,77.66,0.6755528474807739,,,,,,-0.4399999999999977,0.001472430014610282,121-140
MWM_AccDiff,42,137,6,ce,,,0.1,78.16,0.6448148961067199,73.92,0.7525967177391052,7.0,79.28,79.28,77.52,0.6655010730743408,-4.239999999999995,0.10778182163238526,121-140
MWM_AccDiff,42,137,5,kd,2.0,78.7,0.1,77.74,0.6837070348739624,77.6,0.6870784359931946,,,,,,-0.14000000000000057,0.0033714011192321758,121-140
MWM_AccDiff,42,138,1,kd,4.0,78.22,0.1,77.66,0.6755528474807739,77.42,0.6793490688323974,,,,,,-0.23999999999999488,0.0037962213516234966,121-140
MWM_AccDiff,42,138,9,kd,3.0,78.48,0.1,77.66,0.6666104690551757,78.22,0.6414126766204834,,,,,,0.5600000000000023,-0.025197792434692334,121-140
MWM_AccDiff,42,138,6,ce,,,0.1,73.92,0.7525967177391052,76.32,0.6801384993076325,7.0,79.28,79.28,78.08,0.6362313928604126,2.3999999999999915,-0.07245821843147271,121-140
MWM_AccDiff,42,138,8,kd,7.0,79.28,0.1,77.62,0.648241789484024,76.4,0.684893789100647,,,,,,-1.2199999999999989,0.03665199961662302,121-140
MWM_AccDiff,42,138,5,kd,2.0,78.7,0.1,77.6,0.6870784359931946,76.38,0.7245599958419799,,,,,,-1.2199999999999989,0.03748155984878532,121-140
MWM_AccDiff,42,139,4,ce,,,0.1,78.22,0.6350873833656311,77.48,0.654067402458191,7.0,79.28,79.28,79.04,0.6193164213180542,-0.7399999999999949,0.018980019092559863,121-140
MWM_AccDiff,42,139,6,kd,3.0,78.48,0.1,76.32,0.6801384993076325,77.3,0.6596891977310181,,,,,,0.980000000000004,-0.020449301576614398,121-140
MWM_AccDiff,42,139,1,kd,9.0,78.22,0.1,77.42,0.6793490688323974,77.28,0.6796998012542724,,,,,,-0.14000000000000057,0.00035073242187499964,121-140
MWM_AccDiff,42,139,8,kd,7.0,79.28,0.1,76.4,0.684893789100647,75.68,0.7333061917304993,,,,,,-0.7199999999999989,0.04841240262985225,121-140
MWM_AccDiff,42,139,5,kd,2.0,78.7,0.1,76.38,0.7245599958419799,76.26,0.7370469264745713,,,,,,-0.11999999999999034,0.01248693063259132,121-140
MWM_AccDiff,42,140,4,kd,3.0,78.48,0.1,77.48,0.654067402458191,77.7,0.6672188714981079,,,,,,0.21999999999999886,0.01315146903991693,121-140
MWM_AccDiff,42,140,5,kd,7.0,79.28,0.1,76.26,0.7370469264745713,77.9,0.6462054886817932,,,,,,1.6400000000000006,-0.09084143779277809,121-140
MWM_AccDiff,42,140,6,ce,,,0.1,77.3,0.6596891977310181,75.4,0.6981016088962555,7.0,79.28,79.28,78.2,0.6466655120849609,-1.8999999999999915,0.038412411165237415,121-140
MWM_AccDiff,42,140,8,kd,2.0,78.7,0.1,75.68,0.7333061917304993,77.28,0.6933592164278031,,,,,,1.5999999999999943,-0.0399469753026962,121-140
MWM_AccDiff,42,140,1,kd,9.0,78.22,0.1,77.28,0.6796998012542724,76.18,0.7055639015197754,,,,,,-1.0999999999999943,0.02586410026550301,121-140
MWM_AccDiff,42,141,6,kd,2.0,78.7,0.1,75.4,0.6981016088962555,77.58,0.6817471338272094,,,,,,2.1799999999999926,-0.01635447506904608,141-160
MWM_AccDiff,42,141,4,ce,,,0.1,77.7,0.6672188714981079,77.08,0.6651064190506936,7.0,79.28,79.28,78.62,0.6410699189186096,-0.6200000000000045,-0.0021124524474143147,141-160
MWM_AccDiff,42,141,8,kd,3.0,78.48,0.1,77.28,0.6933592164278031,75.58,0.7208930280685425,,,,,,-1.7000000000000028,0.027533811640739425,141-160
MWM_AccDiff,42,141,5,kd,7.0,79.28,0.1,77.9,0.6462054886817932,77.7,0.6529859210014344,,,,,,-0.20000000000000284,0.006780432319641205,141-160
MWM_AccDiff,42,141,1,kd,9.0,78.22,0.1,76.18,0.7055639015197754,76.62,0.6871005781173706,,,,,,0.4399999999999977,-0.018463323402404863,141-160
MWM_AccDiff,42,142,4,kd,7.0,79.28,0.1,77.08,0.6651064190506936,78.72,0.6134782863616943,,,,,,1.6400000000000006,-0.05162813268899924,141-160
MWM_AccDiff,42,142,6,ce,,,0.1,77.58,0.6817471338272094,75.28,0.7255047470092774,7.0,79.28,79.28,78.56,0.6292828943252563,-2.299999999999997,0.043757613182067945,141-160
MWM_AccDiff,42,142,8,kd,3.0,78.48,0.1,75.58,0.7208930280685425,76.48,0.702210866355896,,,,,,0.9000000000000057,-0.018682161712646472,141-160
MWM_AccDiff,42,142,5,kd,2.0,78.7,0.1,77.7,0.6529859210014344,75.26,0.7768460180521012,,,,,,-2.4399999999999977,0.1238600970506668,141-160
MWM_AccDiff,42,142,1,kd,9.0,78.22,0.1,76.62,0.6871005781173706,77.74,0.67133362159729,,,,,,1.1199999999999903,-0.015766956520080533,141-160
MWM_AccDiff,42,143,9,ce,,,0.1,78.22,0.6414126766204834,75.0,0.7158514402389526,7.0,79.28,79.28,78.54,0.6364488090515137,-3.219999999999999,0.07443876361846924,141-160
MWM_AccDiff,42,143,6,kd,4.0,78.72,0.1,75.28,0.7255047470092774,78.36,0.6320445169448853,,,,,,3.0799999999999983,-0.09346023006439208,141-160
MWM_AccDiff,42,143,5,kd,7.0,79.28,0.1,75.26,0.7768460180521012,77.86,0.6582878662109375,,,,,,2.5999999999999943,-0.1185581518411637,141-160
MWM_AccDiff,42,143,8,kd,2.0,78.7,0.1,76.48,0.702210866355896,75.44,0.7751570537090301,,,,,,-1.0400000000000063,0.07294618735313407,141-160
MWM_AccDiff,42,143,1,kd,3.0,78.48,0.1,77.74,0.67133362159729,75.78,0.7291465797424317,,,,,,-1.9599999999999937,0.057812958145141646,141-160
MWM_AccDiff,42,144,9,kd,2.0,78.7,0.1,75.0,0.7158514402389526,78.42,0.6547486363887787,,,,,,3.4200000000000017,-0.06110280385017397,141-160
MWM_AccDiff,42,144,1,kd,4.0,78.72,0.1,75.78,0.7291465797424317,76.34,0.6937023672103881,,,,,,0.5600000000000023,-0.03544421253204355,141-160
MWM_AccDiff,42,144,6,ce,,,0.1,78.36,0.6320445169448853,75.04,0.7434469390869141,7.0,79.28,79.28,78.94,0.6142466799736023,-3.319999999999993,0.11140242214202878,141-160
MWM_AccDiff,42,144,5,kd,3.0,78.48,0.1,77.86,0.6582878662109375,75.58,0.7250932706832885,,,,,,-2.280000000000001,0.06680540447235106,141-160
MWM_AccDiff,42,144,8,kd,7.0,79.28,0.1,75.44,0.7751570537090301,77.74,0.654366531085968,,,,,,2.299999999999997,-0.12079052262306211,141-160
MWM_AccDiff,42,145,1,kd,2.0,78.7,0.1,76.34,0.6937023672103881,73.86,0.8309560467720032,,,,,,-2.480000000000004,0.13725367956161505,141-160
MWM_AccDiff,42,145,9,ce,,,0.1,78.42,0.6547486363887787,75.6,0.7202679371833801,7.0,79.28,79.28,78.56,0.6290126223564148,-2.8200000000000074,0.06551930079460144,141-160
MWM_AccDiff,42,145,6,kd,4.0,78.72,0.1,75.04,0.7434469390869141,78.06,0.6296208110809326,,,,,,3.019999999999996,-0.11382612800598146,141-160
MWM_AccDiff,42,145,5,kd,7.0,79.28,0.1,75.58,0.7250932706832885,76.5,0.7132663433074952,,,,,,0.9200000000000017,-0.011826927375793383,141-160
MWM_AccDiff,42,145,8,kd,3.0,78.48,0.1,77.74,0.654366531085968,77.16,0.6776089982986451,,,,,,-0.5799999999999983,0.023242467212677087,141-160
MWM_AccDiff,42,146,9,kd,4.0,78.72,0.1,75.6,0.7202679371833801,78.46,0.6135086702346801,,,,,,2.8599999999999994,-0.10675926694869997,141-160
MWM_AccDiff,42,146,6,ce,,,0.1,78.06,0.6296208110809326,76.9,0.6899532745361329,7.0,79.28,79.28,79.18,0.6140974980354309,-1.1599999999999966,0.06033246345520027,141-160
MWM_AccDiff,42,146,1,kd,7.0,79.28,0.1,73.86,0.8309560467720032,77.54,0.6579687650680542,,,,,,3.680000000000007,-0.17298728170394895,141-160
MWM_AccDiff,42,146,8,kd,3.0,78.48,0.1,77.16,0.6776089982986451,77.32,0.677542071723938,,,,,,0.1599999999999966,-6.692657470708241e-05,141-160
MWM_AccDiff,42,146,5,kd,2.0,78.7,0.1,76.5,0.7132663433074952,75.14,0.7544714436531067,,,,,,-1.3599999999999994,0.041205100345611534,141-160
MWM_AccDiff,42,147,6,kd,2.0,78.7,0.1,76.9,0.6899532745361329,78.68,0.6474820890426636,,,,,,1.7800000000000011,-0.04247118549346929,141-160
MWM_AccDiff,42,147,5,kd,4.0,78.72,0.1,75.14,0.7544714436531067,78.4,0.6441294134140014,,,,,,3.260000000000005,-0.11034203023910527,141-160
MWM_AccDiff,42,147,9,ce,,,0.1,78.46,0.6135086702346801,75.56,0.7180656365394592,7.0,79.28,79.28,77.74,0.6537406803131104,-2.8999999999999915,0.10455696630477906,141-160
MWM_AccDiff,42,147,1,kd,3.0,78.48,0.1,77.54,0.6579687650680542,76.74,0.6953110076904296,,,,,,-0.8000000000000114,0.0373422426223754,141-160
MWM_AccDiff,42,147,8,kd,7.0,79.28,0.1,77.32,0.677542071723938,77.24,0.6617568733215332,,,,,,-0.0799999999999983,-0.015785198402404776,141-160
MWM_AccDiff,42,148,3,ce,,,0.1,78.48,0.6439682504653931,75.66,0.7070076641082763,7.0,79.28,79.28,78.44,0.6291139478683472,-2.8200000000000074,0.06303941364288324,141-160
MWM_AccDiff,42,148,9,kd,2.0,78.7,0.1,75.56,0.7180656365394592,77.32,0.6830251462936401,,,,,,1.759999999999991,-0.03504049024581912,141-160
MWM_AccDiff,42,148,1,kd,4.0,78.72,0.1,76.74,0.6953110076904296,77.22,0.6700830470085144,,,,,,0.480000000000004,-0.02522796068191524,141-160
MWM_AccDiff,42,148,5,kd,6.0,78.68,0.1,78.4,0.6441294134140014,75.28,0.7838274804592132,,,,,,-3.1200000000000045,0.13969806704521182,141-160
MWM_AccDiff,42,148,8,kd,7.0,79.28,0.1,77.24,0.6617568733215332,75.64,0.7142051489830017,,,,,,-1.5999999999999943,0.05244827566146848,141-160
MWM_AccDiff,42,149,3,kd,4.0,78.72,0.1,75.66,0.7070076641082763,78.26,0.6339817024230957,,,,,,2.6000000000000085,-0.07302596168518061,141-160
MWM_AccDiff,42,149,9,ce,,,0.1,77.32,0.6830251462936401,76.96,0.6540497269630432,7.0,79.28,79.28,77.82,0.637709765625,-0.35999999999999943,-0.028975419330596885,141-160
MWM_AccDiff,42,149,5,kd,7.0,79.28,0.1,75.28,0.7838274804592132,77.06,0.658487395477295,,,,,,1.7800000000000011,-0.1253400849819183,141-160
MWM_AccDiff,42,149,8,kd,2.0,78.7,0.1,75.64,0.7142051489830017,76.0,0.7451353340148926,,,,,,0.35999999999999943,0.030930185031890933,141-160
MWM_AccDiff,42,149,1,kd,6.0,78.68,0.1,77.22,0.6700830470085144,72.92,0.8517346169471741,,,,,,-4.299999999999997,0.18165156993865972,141-160
MWM_AccDiff,42,150,8,kd,4.0,78.72,0.1,76.0,0.7451353340148926,76.52,0.6735054573059082,,,,,,0.519999999999996,-0.07162987670898446,141-160
MWM_AccDiff,42,150,3,ce,,,0.1,78.26,0.6339817024230957,74.04,0.7455088270187378,7.0,79.28,79.28,78.14,0.6405882471084595,-4.219999999999999,0.11152712459564207,141-160
MWM_AccDiff,42,150,9,kd,2.0,78.7,0.1,76.96,0.6540497269630432,78.64,0.6526990404844284,,,,,,1.6800000000000068,-0.0013506864786148043,141-160
MWM_AccDiff,42,150,1,kd,7.0,79.28,0.1,72.92,0.8517346169471741,77.64,0.6583321368217468,,,,,,4.719999999999999,-0.19340248012542727,141-160
MWM_AccDiff,42,150,5,kd,6.0,78.68,0.1,77.06,0.658487395477295,76.2,0.7339171011924743,,,,,,-0.8599999999999994,0.07542970571517937,141-160
MWM_AccDiff,42,151,3,kd,4.0,78.72,0.1,74.04,0.7455088270187378,78.8,0.6204776871681214,,,,,,4.759999999999991,-0.12503113985061642,141-160
MWM_AccDiff,42,151,9,ce,,,0.1,78.64,0.6526990404844284,76.68,0.6933536430120468,7.0,79.28,79.28,79.68,0.6039258193969727,-1.9599999999999937,0.04065460252761843,141-160
MWM_AccDiff,42,151,1,kd,6.0,78.68,0.010000000000000002,77.64,0.6583321368217468,77.7,0.6721126659154892,,,,,,0.060000000000002274,0.013780529093742389,141-160
MWM_AccDiff,42,151,8,kd,7.0,79.28,0.1,76.52,0.6735054573059082,76.26,0.6896992586135864,,,,,,-0.2599999999999909,0.016193801307678224,141-160
MWM_AccDiff,42,151,5,kd,2.0,78.7,0.1,76.2,0.7339171011924743,77.08,0.6820973415136338,,,,,,0.8799999999999955,-0.05181975967884056,141-160
MWM_AccDiff,42,152,1,kd,2.0,78.7,0.010000000000000002,77.7,0.6721126659154892,79.1,0.640062290430069,,,,,,1.3999999999999915,-0.032050375485420224,141-160
MWM_AccDiff,42,152,8,kd,7.0,79.28,0.1,76.26,0.6896992586135864,77.06,0.6661213066101074,,,,,,0.7999999999999972,-0.023577952003479008,141-160
MWM_AccDiff,42,152,6,ce,,,0.1,78.68,0.6474820890426636,78.74,0.6366512769699096,7.0,79.28,79.28,79.3,0.6200263353347778,0.05999999999998806,-0.010830812072753937,141-160
MWM_AccDiff,42,152,5,kd,3.0,78.8,0.1,77.08,0.6820973415136338,77.66,0.6505768285274506,,,,,,0.5799999999999983,-0.03152051298618319,141-160
MWM_AccDiff,42,152,9,kd,4.0,78.72,0.1,76.68,0.6933536430120468,78.32,0.6329082352638244,,,,,,1.6399999999999864,-0.06044540774822238,141-160
MWM_AccDiff,42,153,4,ce,,,0.1,78.72,0.6134782863616943,76.5,0.6999697201728821,7.0,79.28,79.28,77.62,0.6508387203216552,-2.219999999999999,0.08649143381118773,141-160
MWM_AccDiff,42,153,9,kd,3.0,78.8,0.1,78.32,0.6329082352638244,77.5,0.6652258614063263,,,,,,-0.8199999999999932,0.03231762614250189,141-160
MWM_AccDiff,42,153,8,kd,1.0,79.1,0.1,77.06,0.6661213066101074,77.16,0.697396321618557,,,,,,0.09999999999999432,0.03127501500844965,141-160
MWM_AccDiff,42,153,5,kd,7.0,79.28,0.1,77.66,0.6505768285274506,77.16,0.657350080871582,,,,,,-0.5,0.006773252344131397,141-160
MWM_AccDiff,42,153,2,kd,6.0,78.74,0.1,78.7,0.638014448261261,78.66,0.6383934223175048,,,,,,-0.04000000000000625,0.0003789740562438748,141-160
MWM_AccDiff,42,154,9,kd,6.0,78.74,0.1,77.5,0.6652258614063263,76.34,0.7184703627586365,,,,,,-1.1599999999999966,0.05324450135231018,141-160
MWM_AccDiff,42,154,2,ce,,,0.1,78.66,0.6383934223175048,78.12,0.6657221115589141,7.0,79.28,79.28,79.18,0.610334803390503,-0.539999999999992,0.0273286892414093,141-160
MWM_AccDiff,42,154,8,kd,3.0,78.8,0.1,77.16,0.697396321618557,77.56,0.6499221594810486,,,,,,0.4000000000000057,-0.047474162137508435,141-160
MWM_AccDiff,42,154,5,kd,7.0,79.28,0.1,77.16,0.657350080871582,77.74,0.6624497200965881,,,,,,0.5799999999999983,0.005099639225006114,141-160
MWM_AccDiff,42,154,4,kd,1.0,79.1,0.1,76.5,0.6999697201728821,78.54,0.6619434458971023,,,,,,2.0400000000000063,-0.03802627427577976,141-160
MWM_AccDiff,42,155,4,ce,,,0.1,78.54,0.6619434458971023,75.26,0.7335106610059738,7.0,79.28,79.28,79.06,0.6205893237113953,-3.280000000000001,0.07156721510887154,141-160
MWM_AccDiff,42,155,9,kd,3.0,78.8,0.1,76.34,0.7184703627586365,78.72,0.6239482117652893,,,,,,2.3799999999999955,-0.09452215099334726,141-160
MWM_AccDiff,42,155,5,kd,1.0,79.1,0.1,77.74,0.6624497200965881,76.02,0.7468383933067322,,,,,,-1.7199999999999989,0.0843886732101441,141-160
MWM_AccDiff,42,155,2,kd,6.0,78.74,0.1,78.12,0.6657221115589141,79.24,0.6055583231925964,,,,,,1.1199999999999903,-0.06016378836631775,141-160
MWM_AccDiff,42,155,8,kd,7.0,79.28,0.1,77.56,0.6499221594810486,78.1,0.6541190505981446,,,,,,0.539999999999992,0.00419689111709598,141-160
MWM_AccDiff,42,156,8,kd,1.0,79.1,0.1,78.1,0.6541190505981446,78.0,0.6867845710039139,,,,,,-0.09999999999999432,0.03266552040576931,141-160
MWM_AccDiff,42,156,4,kd,3.0,78.8,0.1,75.26,0.7335106610059738,78.44,0.621958021736145,,,,,,3.1799999999999926,-0.11155263926982883,141-160
MWM_AccDiff,42,156,9,ce,,,0.1,78.72,0.6239482117652893,73.14,0.7898744736194611,7.0,79.28,79.28,78.14,0.6318296101570129,-5.579999999999998,0.1659262618541718,141-160
MWM_AccDiff,42,156,6,kd,7.0,79.28,0.1,78.74,0.6366512769699096,78.64,0.6283141377925873,,,,,,-0.09999999999999432,-0.008337139177322372,141-160
MWM_AccDiff,42,156,5,kd,2.0,79.24,0.1,76.02,0.7468383933067322,77.54,0.6732680649757385,,,,,,1.5200000000000102,-0.07357032833099364,141-160
MWM_AccDiff,42,157,4,kd,3.0,78.8,0.1,78.44,0.621958021736145,78.14,0.6424507009506225,,,,,,-0.29999999999999716,0.020492679214477505,141-160
MWM_AccDiff,42,157,8,kd,1.0,79.1,0.1,78.0,0.6867845710039139,77.32,0.6763300549268723,,,,,,-0.6800000000000068,-0.01045451607704162,141-160
MWM_AccDiff,42,157,9,kd,2.0,79.24,0.1,73.14,0.7898744736194611,77.04,0.6686653002738953,,,,,,3.9000000000000057,-0.1212091733455658,141-160
MWM_AccDiff,42,157,5,kd,7.0,79.28,0.1,77.54,0.6732680649757385,78.1,0.6424684187889099,,,,,,0.5599999999999881,-0.030799646186828622,141-160
MWM_AccDiff,42,157,6,ce,,,0.1,78.64,0.6283141377925873,76.7,0.6785003430366516,7.0,79.28,79.28,77.8,0.6668527989387513,-1.9399999999999977,0.050186205244064364,141-160
MWM_AccDiff,42,158,4,kd,3.0,78.8,0.1,78.14,0.6424507009506225,78.54,0.6211714262008667,,,,,,0.4000000000000057,-0.021279274749755772,141-160
MWM_AccDiff,42,158,8,kd,1.0,79.1,0.1,77.32,0.6763300549268723,78.38,0.6680827381014824,,,,,,1.0600000000000023,-0.008247316825389817,141-160
MWM_AccDiff,42,158,9,kd,2.0,79.24,0.1,77.04,0.6686653002738953,78.34,0.6300756427764893,,,,,,1.2999999999999972,-0.03858965749740595,141-160
MWM_AccDiff,42,158,6,kd,7.0,79.28,0.1,76.7,0.6785003430366516,78.5,0.6236680212974548,,,,,,1.7999999999999972,-0.05483232173919683,141-160
MWM_AccDiff,42,158,5,ce,,,0.1,78.1,0.6424684187889099,74.52,0.730865118598938,7.0,79.28,79.28,76.62,0.6883403396606446,-3.5799999999999983,0.08839669981002807,141-160
MWM_AccDiff,42,159,4,kd,3.0,78.8,0.1,78.54,0.6211714262008667,77.2,0.6663588454246521,,,,,,-1.3400000000000034,0.04518741922378533,141-160
MWM_AccDiff,42,159,9,ce,,,0.1,78.34,0.6300756427764893,74.96,0.7501188005447388,7.0,79.28,79.28,78.4,0.6285299115180969,-3.3800000000000097,0.12004315776824948,141-160
MWM_AccDiff,42,159,5,kd,1.0,79.1,0.1,74.52,0.730865118598938,76.8,0.717612500333786,,,,,,2.280000000000001,-0.013252618265152005,141-160
MWM_AccDiff,42,159,6,kd,2.0,79.24,0.1,78.5,0.6236680212974548,77.44,0.6778222360610962,,,,,,-1.0600000000000023,0.05415421476364135,141-160
MWM_AccDiff,42,159,8,kd,7.0,79.28,0.1,78.38,0.6680827381014824,77.3,0.6839680233001709,,,,,,-1.0799999999999983,0.01588528519868848,141-160
MWM_AccDiff,42,160,4,kd,3.0,78.8,0.1,77.2,0.6663588454246521,78.18,0.6424090306282043,,,,,,0.980000000000004,-0.023949814796447755,141-160
MWM_AccDiff,42,160,9,kd,2.0,79.24,0.1,74.96,0.7501188005447388,77.58,0.6479571965694427,,,,,,2.6200000000000045,-0.10216160397529606,141-160
MWM_AccDiff,42,160,5,kd,7.0,79.28,0.1,76.8,0.717612500333786,78.88,0.6196112954616546,,,,,,2.0799999999999983,-0.09800120487213138,141-160
MWM_AccDiff,42,160,6,kd,1.0,79.1,0.1,77.44,0.6778222360610962,79.38,0.6452289125204086,,,,,,1.9399999999999977,-0.03259332354068756,141-160
MWM_AccDiff,42,160,8,ce,,,0.1,77.3,0.6839680233001709,75.44,0.7041066086292267,7.0,79.28,79.28,77.08,0.6749216705322265,-1.8599999999999994,0.02013858532905577,141-160
MWM_AccDiff,42,161,3,kd,1.0,79.1,0.1,78.8,0.6204776871681214,78.4,0.66878551197052,,,,,,-0.3999999999999915,0.0483078248023987,161-180
MWM_AccDiff,42,161,4,kd,2.0,79.24,0.1,78.18,0.6424090306282043,76.96,0.6718144180297851,,,,,,-1.220000000000013,0.02940538740158083,161-180
MWM_AccDiff,42,161,8,kd,6.0,79.38,0.010000000000000002,75.44,0.7041066086292267,79.24,0.6550615069150925,,,,,,3.799999999999997,-0.04904510171413423,161-180
MWM_AccDiff,42,161,5,ce,,,0.1,78.88,0.6196112954616546,73.46,0.7828331132888794,6.0,79.38,79.38,78.24,0.662717359495163,-5.420000000000002,0.16322181782722478,161-180
MWM_AccDiff,42,161,9,kd,7.0,79.28,0.1,77.58,0.6479571965694427,78.28,0.6305099088668823,,,,,,0.7000000000000028,-0.017447287702560432,161-180
MWM_AccDiff,42,162,1,ce,,,0.010000000000000002,79.1,0.640062290430069,82.56,0.4976631763219833,6.0,79.38,79.38,78.86,0.6491305380582809,3.460000000000008,-0.1423991141080857,161-180
MWM_AccDiff,42,162,4,kd,6.0,79.38,0.1,76.96,0.6718144180297851,77.1,0.7172862783432007,,,,,,0.14000000000000057,0.045471860313415546,161-180
MWM_AccDiff,42,162,5,kd,7.0,79.28,0.1,73.46,0.7828331132888794,78.2,0.6448454560279846,,,,,,4.740000000000009,-0.1379876572608948,161-180
MWM_AccDiff,42,162,9,kd,8.0,79.24,0.1,78.28,0.6305099088668823,78.2,0.6854626549720764,,,,,,-0.0799999999999983,0.05495274610519407,161-180
MWM_AccDiff,42,162,3,kd,2.0,79.24,0.1,78.4,0.66878551197052,77.0,0.6755477331638337,,,,,,-1.4000000000000057,0.0067622211933136,161-180
MWM_AccDiff,42,163,5,kd,6.0,79.38,0.1,78.2,0.6448454560279846,78.48,0.6815594294071198,,,,,,0.28000000000000114,0.03671397337913518,161-180
MWM_AccDiff,42,163,3,kd,7.0,79.28,0.1,77.0,0.6755477331638337,78.18,0.6392128486633301,,,,,,1.1800000000000068,-0.036334884500503595,161-180
MWM_AccDiff,42,163,2,ce,,,0.1,79.24,0.6055583231925964,78.12,0.6264177875995636,1.0,82.56,82.56,80.6,0.5499482389450073,-1.1199999999999903,0.020859464406967176,161-180
MWM_AccDiff,42,163,4,kd,8.0,79.24,0.1,77.1,0.7172862783432007,75.78,0.7679421449661255,,,,,,-1.3199999999999932,0.05065586662292476,161-180
MWM_AccDiff,42,163,9,kd,1.0,82.56,0.1,78.2,0.6854626549720764,80.04,0.5842791682004929,,,,,,1.8400000000000034,-0.10118348677158351,161-180
MWM_AccDiff,42,164,5,kd,9.0,80.04,0.1,78.48,0.6815594294071198,77.58,0.6791018822193146,,,,,,-0.9000000000000057,-0.00245754718780522,161-180
MWM_AccDiff,42,164,2,kd,6.0,79.38,0.1,78.12,0.6264177875995636,78.78,0.6578906834363938,,,,,,0.6599999999999966,0.03147289583683022,161-180
MWM_AccDiff,42,164,8,ce,,,0.010000000000000002,79.24,0.6550615069150925,82.52,0.4955734699726105,1.0,82.56,82.56,81.84,0.5175684367656708,3.280000000000001,-0.15948803694248198,161-180
MWM_AccDiff,42,164,3,kd,1.0,82.56,0.1,78.18,0.6392128486633301,79.8,0.603726369857788,,,,,,1.6199999999999903,-0.03548647880554201,161-180
MWM_AccDiff,42,164,4,kd,7.0,79.28,0.1,75.78,0.7679421449661255,78.56,0.6388015238285065,,,,,,2.780000000000001,-0.12914062113761893,161-180
MWM_AccDiff,42,165,7,ce,,,0.1,79.28,0.6034776834487915,77.9,0.6626617675304413,1.0,82.56,82.56,81.26,0.5442234649658203,-1.3799999999999955,0.05918408408164977,161-180
MWM_AccDiff,42,165,5,kd,8.0,82.52,0.1,77.58,0.6791018822193146,81.1,0.5489580014944077,,,,,,3.519999999999996,-0.1301438807249069,161-180
MWM_AccDiff,42,165,6,kd,9.0,80.04,0.1,79.38,0.6452289125204086,77.54,0.6784550540447235,,,,,,-1.8399999999999892,0.03322614152431491,161-180
MWM_AccDiff,42,165,4,kd,1.0,82.56,0.1,78.56,0.6388015238285065,79.88,0.5931422195911408,,,,,,1.3199999999999932,-0.04565930423736575,161-180
MWM_AccDiff,42,165,2,kd,3.0,79.8,0.1,78.78,0.6578906834363938,79.32,0.6260542332172394,,,,,,0.539999999999992,-0.03183645021915438,161-180
MWM_AccDiff,42,166,6,kd,1.0,82.56,0.1,77.54,0.6784550540447235,81.08,0.5354327570676803,,,,,,3.539999999999992,-0.14302229697704316,161-180
MWM_AccDiff,42,166,4,kd,5.0,81.1,0.1,79.88,0.5931422195911408,79.86,0.6037461111068726,,,,,,-0.01999999999999602,0.010603891515731823,161-180
MWM_AccDiff,42,166,3,ce,,,0.1,79.8,0.603726369857788,77.26,0.6596201640129089,1.0,82.56,82.56,79.84,0.5891234623908996,-2.539999999999992,0.05589379415512086,161-180
MWM_AccDiff,42,166,2,kd,9.0,80.04,0.1,79.32,0.6260542332172394,78.26,0.636758177781105,,,,,,-1.059999999999988,0.010703944563865586,161-180
MWM_AccDiff,42,166,7,kd,8.0,82.52,0.1,77.9,0.6626617675304413,81.94,0.5215062968730927,,,,,,4.039999999999992,-0.14115547065734857,161-180
MWM_AccDiff,42,167,3,kd,8.0,82.52,0.1,77.26,0.6596201640129089,81.64,0.5341465889692306,,,,,,4.3799999999999955,-0.1254735750436783,161-180
MWM_AccDiff,42,167,2,kd,7.0,81.94,0.1,78.26,0.636758177781105,81.12,0.5565195093154908,,,,,,2.8599999999999994,-0.08023866846561423,161-180
MWM_AccDiff,42,167,6,ce,,,0.010000000000000002,81.08,0.5354327570676803,83.62,0.47572843255996705,1.0,82.56,82.56,82.66,0.49621725862026217,2.5400000000000063,-0.05970432450771329,161-180
MWM_AccDiff,42,167,4,kd,5.0,81.1,0.1,79.86,0.6037461111068726,78.6,0.6421813579559326,,,,,,-1.2600000000000051,0.03843524684905997,161-180
MWM_AccDiff,42,167,9,kd,1.0,82.56,0.1,80.04,0.5842791682004929,80.1,0.5742229458808898,,,,,,0.05999999999998806,-0.010056222319603014,161-180
MWM_AccDiff,42,168,2,kd,7.0,81.94,0.1,81.12,0.5565195093154908,80.94,0.5464233075380325,,,,,,-0.18000000000000682,-0.010096201777458291,161-180
MWM_AccDiff,42,168,5,kd,6.0,83.62,0.1,81.1,0.5489580014944077,80.14,0.6017312892436981,,,,,,-0.9599999999999937,0.052773287749290465,161-180
MWM_AccDiff,42,168,9,ce,,,0.1,80.1,0.5742229458808898,77.84,0.6551545725107193,6.0,83.62,83.62,79.96,0.5972038471221924,-2.259999999999991,0.08093162662982945,161-180
MWM_AccDiff,42,168,3,kd,8.0,82.52,0.1,81.64,0.5341465889692306,81.76,0.5283637680292129,,,,,,0.12000000000000455,-0.005782820940017697,161-180
MWM_AccDiff,42,168,4,kd,1.0,82.56,0.1,78.6,0.6421813579559326,79.36,0.6057866149902343,,,,,,0.7600000000000051,-0.036394742965698224,161-180
MWM_AccDiff,42,169,2,kd,7.0,81.94,0.1,80.94,0.5464233075380325,80.4,0.5856968477964402,,,,,,-0.539999999999992,0.03927354025840768,161-180
MWM_AccDiff,42,169,5,kd,6.0,83.62,0.1,80.14,0.6017312892436981,80.6,0.574099243569374,,,,,,0.45999999999999375,-0.02763204567432409,161-180
MWM_AccDiff,42,169,3,ce,,,0.1,81.76,0.5283637680292129,77.12,0.6774678740024567,6.0,83.62,83.62,80.16,0.5952749098300933,-4.640000000000001,0.14910410597324375,161-180
MWM_AccDiff,42,169,9,kd,8.0,82.52,0.1,77.84,0.6551545725107193,82.06,0.5252545004010201,,,,,,4.219999999999999,-0.12990007210969923,161-180
MWM_AccDiff,42,169,4,kd,1.0,82.56,0.1,79.36,0.6057866149902343,80.34,0.5771875215053558,,,,,,0.980000000000004,-0.028599093484878546,161-180
MWM_AccDiff,42,170,7,ce,,,0.1,81.94,0.5215062968730927,77.22,0.6583187708854675,6.0,83.62,83.62,81.44,0.5469192531108856,-4.719999999999999,0.13681247401237484,161-180
MWM_AccDiff,42,170,2,kd,1.0,82.56,0.1,80.4,0.5856968477964402,80.3,0.5704046248912811,,,,,,-0.10000000000000853,-0.01529222290515908,161-180
MWM_AccDiff,42,170,4,kd,8.0,82.52,0.1,80.34,0.5771875215053558,81.18,0.5490438249707222,,,,,,0.8400000000000034,-0.028143696534633555,161-180
MWM_AccDiff,42,170,3,kd,6.0,83.62,0.1,77.12,0.6774678740024567,81.3,0.549370788526535,,,,,,4.179999999999993,-0.1280970854759217,161-180
MWM_AccDiff,42,170,5,kd,9.0,82.06,0.1,80.6,0.574099243569374,78.84,0.62857135887146,,,,,,-1.759999999999991,0.054472115302085955,161-180
MWM_AccDiff,42,171,7,kd,1.0,82.56,0.1,77.22,0.6583187708854675,81.44,0.5332200181007385,,,,,,4.219999999999999,-0.12509875278472904,161-180
MWM_AccDiff,42,171,4,ce,,,0.1,81.18,0.5490438249707222,75.94,0.6927476159572601,6.0,83.62,83.62,78.02,0.6978781192302704,-5.240000000000009,0.14370379098653785,161-180
MWM_AccDiff,42,171,2,kd,9.0,82.06,0.1,80.3,0.5704046248912811,78.4,0.6360459180355073,,,,,,-1.8999999999999915,0.06564129314422618,161-180
MWM_AccDiff,42,171,3,kd,8.0,82.52,0.1,81.3,0.549370788526535,81.88,0.5197282999277115,,,,,,0.5799999999999983,-0.029642488598823458,161-180
MWM_AccDiff,42,171,5,kd,6.0,83.62,0.1,78.84,0.62857135887146,80.02,0.5911712556838989,,,,,,1.1799999999999926,-0.03740010318756104,161-180
MWM_AccDiff,42,172,7,ce,,,0.1,81.44,0.5332200181007385,78.94,0.6246353164672852,6.0,83.62,83.62,81.82,0.538507850599289,-2.5,0.09141529836654672,161-180
MWM_AccDiff,42,172,5,kd,8.0,82.52,0.1,80.02,0.5911712556838989,81.06,0.555481832742691,,,,,,1.0400000000000063,-0.035689422941207916,161-180
MWM_AccDiff,42,172,2,kd,9.0,82.06,0.1,78.4,0.6360459180355073,79.76,0.5860069739818573,,,,,,1.3599999999999994,-0.05003894405364995,161-180
MWM_AccDiff,42,172,3,kd,6.0,83.62,0.1,81.88,0.5197282999277115,81.6,0.5530504477739334,,,,,,-0.28000000000000114,0.033322147846221895,161-180
MWM_AccDiff,42,172,4,kd,1.0,82.56,0.1,75.94,0.6927476159572601,80.46,0.5584220643520356,,,,,,4.519999999999996,-0.13432555160522452,161-180
MWM_AccDiff,42,173,2,kd,1.0,82.56,0.1,79.76,0.5860069739818573,80.9,0.557913012176752,,,,,,1.1400000000000006,-0.02809396180510526,161-180
MWM_AccDiff,42,173,3,ce,,,0.1,81.6,0.5530504477739334,76.28,0.6916045187950134,6.0,83.62,83.62,81.16,0.577443834066391,-5.319999999999993,0.13855407102107997,161-180
MWM_AccDiff,42,173,4,kd,6.0,83.62,0.1,80.46,0.5584220643520356,81.56,0.5367519295454025,,,,,,1.1000000000000085,-0.021670134806633046,161-180
MWM_AccDiff,42,173,5,kd,9.0,82.06,0.1,81.06,0.555481832742691,80.38,0.5805402618646621,,,,,,-0.6800000000000068,0.025058429121971093,161-180
MWM_AccDiff,42,173,7,kd,8.0,82.52,0.1,78.94,0.6246353164672852,81.24,0.5424819890499115,,,,,,2.299999999999997,-0.08215332741737369,161-180
MWM_AccDiff,42,174,7,ce,,,0.1,81.24,0.5424819890499115,78.14,0.6362526646614075,6.0,83.62,83.62,81.8,0.521764872264862,-3.0999999999999943,0.09377067561149599,161-180
MWM_AccDiff,42,174,5,kd,8.0,82.52,0.1,80.38,0.5805402618646621,80.94,0.559459669303894,,,,,,0.5600000000000023,-0.021080592560768108,161-180
MWM_AccDiff,42,174,4,kd,1.0,82.56,0.1,81.56,0.5367519295454025,81.28,0.5290314581990242,,,,,,-0.28000000000000114,-0.0077204713463783214,161-180
MWM_AccDiff,42,174,2,kd,9.0,82.06,0.1,80.9,0.557913012176752,79.96,0.5895336755633355,,,,,,-0.9400000000000119,0.031620663386583425,161-180
MWM_AccDiff,42,174,3,kd,6.0,83.62,0.1,76.28,0.6916045187950134,81.18,0.5467589478731155,,,,,,4.900000000000006,-0.14484557092189787,161-180
MWM_AccDiff,42,175,5,kd,6.0,83.62,0.1,80.94,0.559459669303894,81.06,0.566122768831253,,,,,,0.12000000000000455,0.0066630995273589955,161-180
MWM_AccDiff,42,175,3,ce,,,0.1,81.18,0.5467589478731155,74.96,0.7179092034339905,6.0,83.62,83.62,81.68,0.544054203414917,-6.220000000000013,0.17115025556087493,161-180
MWM_AccDiff,42,175,4,kd,1.0,82.56,0.1,81.28,0.5290314581990242,80.7,0.5496307932376862,,,,,,-0.5799999999999983,0.02059933503866196,161-180
MWM_AccDiff,42,175,2,kd,9.0,82.06,0.1,79.96,0.5895336755633355,78.88,0.6216816258430481,,,,,,-1.0799999999999983,0.03214795027971262,161-180
MWM_AccDiff,42,175,7,kd,8.0,82.52,0.1,78.14,0.6362526646614075,82.12,0.5223005412817001,,,,,,3.980000000000004,-0.11395212337970739,161-180
MWM_AccDiff,42,176,3,kd,1.0,82.56,0.1,74.96,0.7179092034339905,81.46,0.5485295114517212,,,,,,6.5,-0.1693796919822692,161-180
MWM_AccDiff,42,176,9,ce,,,0.1,82.06,0.5252545004010201,76.54,0.6728335190534591,6.0,83.62,83.62,81.14,0.543372388100624,-5.519999999999996,0.14757901865243905,161-180
MWM_AccDiff,42,176,5,kd,7.0,82.12,0.1,81.06,0.566122768831253,79.92,0.6035268680810928,,,,,,-1.1400000000000006,0.037404099249839784,161-180
MWM_AccDiff,42,176,2,kd,6.0,83.62,0.1,78.88,0.6216816258430481,80.64,0.5511984203338623,,,,,,1.7600000000000051,-0.07048320550918574,161-180
MWM_AccDiff,42,176,4,kd,8.0,82.52,0.1,80.7,0.5496307932376862,81.12,0.5472056829929351,,,,,,0.4200000000000017,-0.0024251102447510053,161-180
MWM_AccDiff,42,177,4,ce,,,0.1,81.12,0.5472056829929351,75.56,0.7083763837337493,6.0,83.62,83.62,78.84,0.6269197251319886,-5.560000000000002,0.1611707007408142,161-180
MWM_AccDiff,42,177,2,kd,7.0,82.12,0.1,80.64,0.5511984203338623,79.92,0.5942374861478805,,,,,,-0.7199999999999989,0.043039065814018174,161-180
MWM_AccDiff,42,177,5,kd,6.0,83.62,0.1,79.92,0.6035268680810928,80.48,0.5820655008554458,,,,,,0.5600000000000023,-0.021461367225646955,161-180
MWM_AccDiff,42,177,9,kd,8.0,82.52,0.1,76.54,0.6728335190534591,80.16,0.578822294306755,,,,,,3.6199999999999903,-0.09401122474670409,161-180
MWM_AccDiff,42,177,3,kd,1.0,82.56,0.1,81.46,0.5485295114517212,81.3,0.5362098398208618,,,,,,-0.1599999999999966,-0.012319671630859452,161-180
MWM_AccDiff,42,178,2,kd,1.0,82.56,0.1,79.92,0.5942374861478805,80.24,0.5744338079929352,,,,,,0.3199999999999932,-0.019803678154945326,161-180
MWM_AccDiff,42,178,3,ce,,,0.1,81.3,0.5362098398208618,76.64,0.697759447479248,6.0,83.62,83.62,81.9,0.5324732202291489,-4.659999999999997,0.16154960765838622,161-180
MWM_AccDiff,42,178,5,kd,7.0,82.12,0.1,80.48,0.5820655008554458,79.92,0.6047099278450012,,,,,,-0.5600000000000023,0.022644426989555377,161-180
MWM_AccDiff,42,178,4,kd,8.0,82.52,0.1,75.56,0.7083763837337493,81.1,0.5562089884638787,,,,,,5.539999999999992,-0.15216739526987066,161-180
MWM_AccDiff,42,178,9,kd,6.0,83.62,0.1,80.16,0.578822294306755,80.0,0.5902299745559693,,,,,,-0.1599999999999966,0.011407680249214236,161-180
MWM_AccDiff,42,179,4,ce,,,0.1,81.1,0.5562089884638787,75.38,0.7338289432525634,6.0,83.62,83.62,80.22,0.5800878206729889,-5.719999999999999,0.17761995478868475,161-180
MWM_AccDiff,42,179,2,kd,7.0,82.12,0.1,80.24,0.5744338079929352,80.3,0.604556508898735,,,,,,0.060000000000002274,0.030122700905799826,161-180
MWM_AccDiff,42,179,5,kd,8.0,82.52,0.1,79.92,0.6047099278450012,80.72,0.5644189868688584,,,,,,0.7999999999999972,-0.04029094097614283,161-180
MWM_AccDiff,42,179,3,kd,1.0,82.56,0.1,76.64,0.697759447479248,81.62,0.5295718729734421,,,,,,4.980000000000004,-0.1681875745058059,161-180
MWM_AccDiff,42,179,9,kd,6.0,83.62,0.1,80.0,0.5902299745559693,81.78,0.550516509437561,,,,,,1.7800000000000011,-0.03971346511840823,161-180
MWM_AccDiff,42,180,5,kd,6.0,83.62,0.1,80.72,0.5644189868688584,80.7,0.5603717499256134,,,,,,-0.01999999999999602,-0.004047236943244936,161-180
MWM_AccDiff,42,180,2,kd,7.0,82.12,0.1,80.3,0.604556508898735,79.44,0.6141820558071136,,,,,,-0.8599999999999994,0.00962554690837858,161-180
MWM_AccDiff,42,180,3,ce,,,0.1,81.62,0.5295718729734421,79.06,0.6056629519462585,6.0,83.62,83.62,82.18,0.528945915722847,-2.5600000000000023,0.07609107897281642,161-180
MWM_AccDiff,42,180,4,kd,8.0,82.52,0.1,75.38,0.7338289432525634,81.1,0.5454745682597161,,,,,,5.719999999999999,-0.18835437499284735,161-180
MWM_AccDiff,42,180,9,kd,1.0,82.56,0.1,81.78,0.550516509437561,80.3,0.5701358475208282,,,,,,-1.480000000000004,0.019619338083267213,161-180
MWM_AccDiff,42,181,3,kd,8.0,82.52,0.1,79.06,0.6056629519462585,82.64,0.5107881073832512,,,,,,3.5799999999999983,-0.09487484456300732,181-200
MWM_AccDiff,42,181,2,kd,1.0,82.56,0.1,79.44,0.6141820558071136,80.92,0.5569601164460182,,,,,,1.480000000000004,-0.05722193936109543,181-200
MWM_AccDiff,42,181,5,ce,,,0.1,80.7,0.5603717499256134,74.92,0.7435800478935242,6.0,83.62,83.62,79.32,0.6118895040035248,-5.780000000000001,0.18320829796791072,181-200
MWM_AccDiff,42,181,9,kd,6.0,83.62,0.1,80.3,0.5701358475208282,81.0,0.5702278973102569,,,,,,0.7000000000000028,9.204978942867204e-05,181-200
MWM_AccDiff,42,181,4,kd,7.0,82.12,0.1,81.1,0.5454745682597161,80.2,0.5687204917907714,,,,,,-0.8999999999999915,0.023245923531055368,181-200
MWM_AccDiff,42,182,7,ce,,,0.1,82.12,0.5223005412817001,78.24,0.6389951489448548,6.0,83.62,83.62,81.76,0.5359502961635589,-3.8800000000000097,0.11669460766315465,181-200
MWM_AccDiff,42,182,5,kd,8.0,82.52,0.1,74.92,0.7435800478935242,80.52,0.5666240144968033,,,,,,5.599999999999994,-0.17695603339672084,181-200
MWM_AccDiff,42,182,4,kd,6.0,83.62,0.1,80.2,0.5687204917907714,80.14,0.6097195178985596,,,,,,-0.060000000000002274,0.04099902610778816,181-200
MWM_AccDiff,42,182,2,kd,3.0,82.64,0.1,80.92,0.5569601164460182,79.76,0.6015736924409867,,,,,,-1.1599999999999966,0.04461357599496851,181-200
MWM_AccDiff,42,182,9,kd,1.0,82.56,0.1,81.0,0.5702278973102569,81.16,0.5558847306251525,,,,,,0.1599999999999966,-0.01434316668510438,181-200
MWM_AccDiff,42,183,7,kd,1.0,82.56,0.1,78.24,0.6389951489448548,81.6,0.5256964928150177,,,,,,3.3599999999999994,-0.11329865612983703,181-200
MWM_AccDiff,42,183,5,kd,8.0,82.52,0.1,80.52,0.5666240144968033,81.22,0.5473938738822937,,,,,,0.7000000000000028,-0.019230140614509672,181-200
MWM_AccDiff,42,183,9,ce,,,0.1,81.16,0.5558847306251525,76.3,0.6966277302265167,6.0,83.62,83.62,79.36,0.6216711423873902,-4.859999999999999,0.14074299960136416,181-200
MWM_AccDiff,42,183,4,kd,6.0,83.62,0.1,80.14,0.6097195178985596,81.84,0.5275407963991166,,,,,,1.7000000000000028,-0.08217872149944305,181-200
MWM_AccDiff,42,183,2,kd,3.0,82.64,0.1,79.76,0.6015736924409867,80.62,0.5757227553248405,,,,,,0.8599999999999994,-0.025850937116146167,181-200
MWM_AccDiff,42,184,4,ce,,,0.1,81.84,0.5275407963991166,77.2,0.6687466549992561,6.0,83.62,83.62,80.9,0.5833037343382835,-4.640000000000001,0.14120585860013957,181-200
MWM_AccDiff,42,184,5,kd,6.0,83.62,0.1,81.22,0.5473938738822937,80.6,0.5622236398696899,,,,,,-0.6200000000000045,0.01482976598739627,181-200
MWM_AccDiff,42,184,2,kd,3.0,82.64,0.1,80.62,0.5757227553248405,80.3,0.5759112491488457,,,,,,-0.3200000000000074,0.0001884938240052092,181-200
MWM_AccDiff,42,184,9,kd,1.0,82.56,0.1,76.3,0.6966277302265167,81.62,0.5282092020452023,,,,,,5.320000000000007,-0.16841852818131442,181-200
MWM_AccDiff,42,184,7,kd,8.0,82.52,0.1,81.6,0.5256964928150177,81.86,0.5241561531305313,,,,,,0.2600000000000051,-0.0015403396844864137,181-200
MWM_AccDiff,42,185,7,ce,,,0.1,81.86,0.5241561531305313,76.0,0.7199796368598937,6.0,83.62,83.62,80.86,0.5568800519704818,-5.859999999999999,0.19582348372936242,181-200
MWM_AccDiff,42,185,5,kd,6.0,83.62,0.1,80.6,0.5622236398696899,79.92,0.5983964095592499,,,,,,-0.6799999999999926,0.03617276968955996,181-200
MWM_AccDiff,42,185,2,kd,3.0,82.64,0.1,80.3,0.5759112491488457,79.54,0.5868193306922913,,,,,,-0.7599999999999909,0.01090808154344558,181-200
MWM_AccDiff,42,185,9,kd,8.0,82.52,0.1,81.62,0.5282092020452023,81.5,0.5314423778057098,,,,,,-0.12000000000000455,0.003233175760507523,181-200
MWM_AccDiff,42,185,4,kd,1.0,82.56,0.1,77.2,0.6687466549992561,80.98,0.5457678634405136,,,,,,3.780000000000001,-0.12297879155874247,181-200
MWM_AccDiff,42,186,7,kd,1.0,82.56,0.1,76.0,0.7199796368598937,81.0,0.5379094026565552,,,,,,5.0,-0.18207023420333857,181-200
MWM_AccDiff,42,186,5,kd,6.0,83.62,0.1,79.92,0.5983964095592499,81.2,0.5425242842197419,,,,,,1.2800000000000011,-0.05587212533950803,181-200
MWM_AccDiff,42,186,9,ce,,,0.1,81.5,0.5314423778057098,77.42,0.678477884054184,6.0,83.62,83.62,81.56,0.5362187515497208,-4.079999999999998,0.14703550624847417,181-200
MWM_AccDiff,42,186,2,kd,3.0,82.64,0.1,79.54,0.5868193306922913,80.02,0.587686645936966,,,,,,0.47999999999998977,0.000867315244674649,181-200
MWM_AccDiff,42,186,4,kd,8.0,82.52,0.1,80.98,0.5457678634405136,81.3,0.5374223233699799,,,,,,0.3199999999999932,-0.008345540070533786,181-200
MWM_AccDiff,42,187,4,ce,,,0.1,81.3,0.5374223233699799,77.1,0.6689971102714538,6.0,83.62,83.62,80.92,0.5550803175449371,-4.200000000000003,0.13157478690147395,181-200
MWM_AccDiff,42,187,5,kd,8.0,82.52,0.1,81.2,0.5425242842197419,80.9,0.5626036578238011,,,,,,-0.29999999999999716,0.020079373604059203,181-200
MWM_AccDiff,42,187,7,kd,3.0,82.64,0.1,81.0,0.5379094026565552,81.42,0.543821698486805,,,,,,0.4200000000000017,0.00591229583024977,181-200
MWM_AccDiff,42,187,2,kd,6.0,83.62,0.1,80.02,0.587686645936966,80.44,0.5797027192115783,,,,,,0.4200000000000017,-0.007983926725387613,181-200
MWM_AccDiff,42,187,9,kd,1.0,82.56,0.1,77.42,0.678477884054184,81.34,0.5317620172262192,,,,,,3.9200000000000017,-0.14671586682796478,181-200
MWM_AccDiff,42,188,7,ce,,,0.1,81.42,0.543821698486805,74.72,0.7423524095535279,6.0,83.62,83.62,81.94,0.5207124956607818,-6.700000000000003,0.19853071106672293,181-200
MWM_AccDiff,42,188,5,kd,6.0,83.62,0.1,80.9,0.5626036578238011,81.32,0.5465756445884704,,,,,,0.4199999999999875,-0.01602801323533065,181-200
MWM_AccDiff,42,188,2,kd,3.0,82.64,0.1,80.44,0.5797027192115783,80.32,0.5803323106706142,,,,,,-0.12000000000000455,0.0006295914590358498,181-200
MWM_AccDiff,42,188,9,kd,8.0,82.52,0.1,81.34,0.5317620172262192,81.56,0.5447721512317657,,,,,,0.21999999999999886,0.013010134005546514,181-200
MWM_AccDiff,42,188,4,kd,1.0,82.56,0.1,77.1,0.6689971102714538,81.44,0.5259565706014633,,,,,,4.340000000000003,-0.14304053966999053,181-200
MWM_AccDiff,42,189,9,ce,,,0.1,81.56,0.5447721512317657,76.1,0.7036338877916336,6.0,83.62,83.62,81.22,0.5388232232809067,-5.460000000000008,0.1588617365598679,181-200
MWM_AccDiff,42,189,5,kd,1.0,82.56,0.1,81.32,0.5465756445884704,79.54,0.58216654047966,,,,,,-1.779999999999987,0.03559089589118958,181-200
MWM_AccDiff,42,189,7,kd,3.0,82.64,0.1,74.72,0.7423524095535279,81.54,0.5352640473604202,,,,,,6.820000000000007,-0.20708836219310767,181-200
MWM_AccDiff,42,189,2,kd,6.0,83.62,0.1,80.32,0.5803323106706142,79.48,0.6142227594852447,,,,,,-0.8399999999999892,0.03389044881463055,181-200
MWM_AccDiff,42,189,4,kd,8.0,82.52,0.1,81.44,0.5259565706014633,81.3,0.5414612796783447,,,,,,-0.14000000000000057,0.015504709076881396,181-200
MWM_AccDiff,42,190,7,ce,,,0.1,81.54,0.5352640473604202,76.6,0.6651361219406128,6.0,83.62,83.62,81.04,0.5555827611446381,-4.940000000000012,0.12987207458019256,181-200
MWM_AccDiff,42,190,5,kd,6.0,83.62,0.1,79.54,0.58216654047966,79.46,0.5849606850147248,,,,,,-0.0800000000000125,0.0027941445350647687,181-200
MWM_AccDiff,42,190,2,kd,3.0,82.64,0.1,79.48,0.6142227594852447,80.54,0.5686378266572952,,,,,,1.0600000000000023,-0.04558493282794951,181-200
MWM_AccDiff,42,190,4,kd,8.0,82.52,0.1,81.3,0.5414612796783447,81.02,0.5473246746659279,,,,,,-0.28000000000000114,0.005863394987583259,181-200
MWM_AccDiff,42,190,9,kd,1.0,82.56,0.1,76.1,0.7036338877916336,80.78,0.540623237991333,,,,,,4.680000000000007,-0.16301064980030056,181-200
MWM_AccDiff,42,191,4,ce,,,0.1,81.02,0.5473246746659279,75.82,0.7113457216262817,6.0,83.62,83.62,81.4,0.5383609522342682,-5.200000000000003,0.1640210469603538,181-200
MWM_AccDiff,42,191,2,kd,1.0,82.56,0.1,80.54,0.5686378266572952,75.58,0.7489596716880799,,,,,,-4.960000000000008,0.18032184503078463,181-200
MWM_AccDiff,42,191,7,kd,3.0,82.64,0.1,76.6,0.6651361219406128,80.86,0.5621434364795684,,,,,,4.260000000000005,-0.10299268546104434,181-200
MWM_AccDiff,42,191,9,kd,8.0,82.52,0.1,80.78,0.540623237991333,81.36,0.5434340961217881,,,,,,0.5799999999999983,0.0028108581304550073,181-200
MWM_AccDiff,42,191,5,kd,6.0,83.62,0.1,79.46,0.5849606850147248,80.64,0.5700852822303772,,,,,,1.1800000000000068,-0.014875402784347513,181-200
MWM_AccDiff,42,192,4,kd,3.0,82.64,0.1,75.82,0.7113457216262817,81.52,0.5370859538197518,,,,,,5.700000000000003,-0.17425976780652996,181-200
MWM_AccDiff,42,192,9,ce,,,0.1,81.36,0.5434340961217881,77.84,0.6424502583503723,6.0,83.62,83.62,81.26,0.5443054055452347,-3.519999999999996,0.09901616222858423,181-200
MWM_AccDiff,42,192,5,kd,1.0,82.56,0.1,80.64,0.5700852822303772,81.06,0.5453328193664551,,,,,,0.4200000000000017,-0.024752462863922187,181-200
MWM_AccDiff,42,192,2,kd,6.0,83.62,0.1,75.58,0.7489596716880799,78.94,0.6129882878065109,,,,,,3.3599999999999994,-0.13597138388156893,181-200
MWM_AccDiff,42,192,7,kd,8.0,82.52,0.1,80.86,0.5621434364795684,81.4,0.5363582285404205,,,,,,0.5400000000000063,-0.02578520793914796,181-200
MWM_AccDiff,42,193,4,ce,,,0.1,81.52,0.5370859538197518,77.84,0.6405850914955139,6.0,83.62,83.62,78.86,0.6251036320686341,-3.6799999999999926,0.10349913767576213,181-200
MWM_AccDiff,42,193,9,kd,3.0,82.64,0.1,77.84,0.6424502583503723,80.1,0.5676782515466213,,,,,,2.259999999999991,-0.07477200680375096,181-200
MWM_AccDiff,42,193,5,kd,1.0,82.56,0.1,81.06,0.5453328193664551,80.7,0.5622279585838318,,,,,,-0.35999999999999943,0.01689513921737673,181-200
MWM_AccDiff,42,193,2,kd,6.0,83.62,0.010000000000000002,78.94,0.6129882878065109,82.46,0.5051148940324783,,,,,,3.519999999999996,-0.1078733937740326,181-200
MWM_AccDiff,42,193,7,kd,8.0,82.52,0.1,81.4,0.5363582285404205,81.26,0.5311789389610291,,,,,,-0.14000000000000057,-0.0051792895793913996,181-200
MWM_AccDiff,42,194,5,kd,6.0,83.62,0.1,80.7,0.5622279585838318,80.04,0.6043153264284133,,,,,,-0.6599999999999966,0.04208736784458156,181-200
MWM_AccDiff,42,194,4,kd,3.0,82.64,0.1,77.84,0.6405850914955139,80.24,0.5827852670907975,,,,,,2.3999999999999915,-0.05779982440471643,181-200
MWM_AccDiff,42,194,2,ce,,,0.010000000000000002,82.46,0.5051148940324783,82.88,0.48230893893241883,6.0,83.62,83.62,82.48,0.5009923898220062,0.4200000000000017,-0.022805955100059505,181-200
MWM_AccDiff,42,194,9,kd,1.0,82.56,0.1,80.1,0.5676782515466213,81.14,0.5360013480663299,,,,,,1.0400000000000063,-0.031676903480291396,181-200
MWM_AccDiff,42,194,7,kd,8.0,82.52,0.1,81.26,0.5311789389610291,80.32,0.5663055022358894,,,,,,-0.9400000000000119,0.0351265632748603,181-200
MWM_AccDiff,42,195,4,kd,2.0,82.88,0.1,80.24,0.5827852670907975,81.74,0.5314122818470001,,,,,,1.5,-0.05137298524379741,181-200
MWM_AccDiff,42,195,7,kd,6.0,83.62,0.1,80.32,0.5663055022358894,80.9,0.5567584844589233,,,,,,0.5800000000000125,-0.009547017776966094,181-200
MWM_AccDiff,42,195,5,kd,3.0,82.64,0.1,80.04,0.6043153264284133,78.64,0.6232028126358986,,,,,,-1.4000000000000057,0.01888748620748526,181-200
MWM_AccDiff,42,195,8,ce,,,0.010000000000000002,82.52,0.4955734699726105,82.4,0.4938954335451126,6.0,83.62,83.62,82.68,0.4938627193927765,-0.11999999999999034,-0.0016780364274978643,181-200
MWM_AccDiff,42,195,9,kd,1.0,82.56,0.1,81.14,0.5360013480663299,80.9,0.5363838133335114,,,,,,-0.23999999999999488,0.00038246526718144214,181-200
MWM_AccDiff,42,196,9,kd,3.0,82.64,0.1,80.9,0.5363838133335114,80.56,0.5558404309153557,,,,,,-0.3400000000000034,0.01945661758184436,181-200
MWM_AccDiff,42,196,7,kd,6.0,83.62,0.1,80.9,0.5567584844589233,80.42,0.5892748670101166,,,,,,-0.480000000000004,0.03251638255119327,181-200
MWM_AccDiff,42,196,8,ce,,,0.010000000000000002,82.4,0.4938954335451126,83.96,0.4679398010253906,6.0,83.62,83.62,83.4,0.48126792207956315,1.559999999999988,-0.025955632519721994,181-200
MWM_AccDiff,42,196,4,kd,1.0,82.56,0.1,81.74,0.5314122818470001,80.58,0.5448687165737152,,,,,,-1.1599999999999966,0.013456434726715094,181-200
MWM_AccDiff,42,196,5,kd,2.0,82.88,0.1,78.64,0.6232028126358986,81.38,0.5497082657814026,,,,,,2.739999999999995,-0.07349454685449597,181-200
MWM_AccDiff,42,197,1,ce,,,0.010000000000000002,82.56,0.4976631763219833,83.06,0.4904784942150116,8.0,83.96,83.96,83.5,0.4848339763045311,0.5,-0.007184682106971707,181-200
MWM_AccDiff,42,197,4,kd,6.0,83.62,0.1,80.58,0.5448687165737152,80.84,0.5657827794075012,,,,,,0.2600000000000051,0.02091406283378605,181-200
MWM_AccDiff,42,197,9,kd,2.0,82.88,0.1,80.56,0.5558404309153557,81.86,0.5331048215389251,,,,,,1.2999999999999972,-0.0227356093764306,181-200
MWM_AccDiff,42,197,5,kd,3.0,82.64,0.1,81.38,0.5497082657814026,80.16,0.5625326970338821,,,,,,-1.2199999999999989,0.012824431252479451,181-200
MWM_AccDiff,42,197,7,kd,8.0,83.96,0.1,80.42,0.5892748670101166,81.92,0.5290450357437134,,,,,,1.5,-0.06022983126640313,181-200
MWM_AccDiff,42,198,7,kd,8.0,83.96,0.1,81.92,0.5290450357437134,80.68,0.5749627730369568,,,,,,-1.2399999999999949,0.04591773729324333,181-200
MWM_AccDiff,42,198,3,ce,,,0.1,82.64,0.5107881073832512,79.04,0.6136996901512146,8.0,83.96,83.96,81.96,0.5257205622851848,-3.5999999999999943,0.10291158276796342,181-200
MWM_AccDiff,42,198,9,kd,2.0,82.88,0.1,81.86,0.5331048215389251,82.26,0.5307380742549896,,,,,,0.4000000000000057,-0.0023667472839354886,181-200
MWM_AccDiff,42,198,5,kd,6.0,83.62,0.1,80.16,0.5625326970338821,80.42,0.575667566537857,,,,,,0.2600000000000051,0.01313486950397491,181-200
MWM_AccDiff,42,198,4,kd,1.0,83.06,0.1,80.84,0.5657827794075012,80.62,0.5623012954950333,,,,,,-0.21999999999999886,-0.003481483912467942,181-200
MWM_AccDiff,42,199,4,kd,8.0,83.96,0.1,80.62,0.5623012954950333,81.5,0.5383018280982971,,,,,,0.8799999999999955,-0.023999467396736196,181-200
MWM_AccDiff,42,199,3,kd,1.0,83.06,0.1,79.04,0.6136996901512146,81.56,0.5366213421821594,,,,,,2.519999999999996,-0.07707834796905522,181-200
MWM_AccDiff,42,199,9,ce,,,0.1,82.26,0.5307380742549896,75.56,0.7134607962608337,8.0,83.96,83.96,81.34,0.5409464914560318,-6.700000000000003,0.18272272200584405,181-200
MWM_AccDiff,42,199,7,kd,6.0,83.62,0.1,80.68,0.5749627730369568,80.12,0.6069959223747253,,,,,,-0.5600000000000023,0.032033149337768574,181-200
MWM_AccDiff,42,199,5,kd,2.0,82.88,0.1,80.42,0.575667566537857,80.74,0.5684138097286224,,,,,,0.3199999999999932,-0.007253756809234568,181-200
MWM_AccDiff,42,200,4,ce,,,0.1,81.5,0.5383018280982971,77.72,0.662634392285347,8.0,83.96,83.96,80.36,0.5668071424484253,-3.780000000000001,0.12433256418704997,181-200
MWM_AccDiff,42,200,9,kd,6.0,83.62,0.1,75.56,0.7134607962608337,80.82,0.5752867317199707,,,,,,5.259999999999991,-0.138174064540863,181-200
MWM_AccDiff,42,200,5,kd,1.0,83.06,0.1,80.74,0.5684138097286224,79.2,0.6170730501174927,,,,,,-1.539999999999992,0.04865924038887026,181-200
MWM_AccDiff,42,200,3,kd,2.0,82.88,0.1,81.56,0.5366213421821594,82.38,0.5201214364528656,,,,,,0.8199999999999932,-0.01649990572929383,181-200
MWM_AccDiff,42,200,7,kd,8.0,83.96,0.1,80.12,0.6069959223747253,80.96,0.5596583883523941,,,,,,0.8399999999999892,-0.04733753402233121,181-200
MWM_AccDiff,42,201,7,kd,8.0,83.96,0.1,80.96,0.5596583883523941,81.78,0.539540444946289,,,,,,0.8200000000000074,-0.020117943406105065,201-220
MWM_AccDiff,42,201,3,ce,,,0.1,82.38,0.5201214364528656,77.4,0.6803760474681855,8.0,83.96,83.96,82.34,0.5085195586442948,-4.97999999999999,0.1602546110153199,201-220
MWM_AccDiff,42,201,9,kd,2.0,82.88,0.1,80.82,0.5752867317199707,82.02,0.5167539699792862,,,,,,1.2000000000000028,-0.05853276174068445,201-220
MWM_AccDiff,42,201,5,kd,6.0,83.62,0.1,79.2,0.6170730501174927,79.86,0.5847532220959664,,,,,,0.6599999999999966,-0.03231982802152633,201-220
MWM_AccDiff,42,201,4,kd,1.0,83.06,0.1,77.72,0.662634392285347,81.76,0.5312372972011566,,,,,,4.040000000000006,-0.1313970950841904,201-220
MWM_AccDiff,42,202,3,kd,1.0,83.06,0.1,77.4,0.6803760474681855,81.2,0.5576422488689423,,,,,,3.799999999999997,-0.12273379859924316,201-220
MWM_AccDiff,42,202,7,kd,8.0,83.96,0.1,81.78,0.539540444946289,81.98,0.5307461308240891,,,,,,0.20000000000000284,-0.008794314122199998,201-220
MWM_AccDiff,42,202,9,ce,,,0.1,82.02,0.5167539699792862,76.4,0.6880132562637329,8.0,83.96,83.96,80.84,0.5734485795259475,-5.61999999999999,0.17125928628444664,201-220
MWM_AccDiff,42,202,4,kd,2.0,82.88,0.1,81.76,0.5312372972011566,81.7,0.5233106557846069,,,,,,-0.060000000000002274,-0.007926641416549751,201-220
MWM_AccDiff,42,202,5,kd,6.0,83.62,0.1,79.86,0.5847532220959664,79.38,0.6120888313412667,,,,,,-0.480000000000004,0.02733560924530032,201-220
MWM_AccDiff,42,203,7,ce,,,0.1,81.98,0.5307461308240891,73.46,0.7725043650627136,8.0,83.96,83.96,81.66,0.5351966973304748,-8.52000000000001,0.24175823423862453,201-220
MWM_AccDiff,42,203,5,kd,8.0,83.96,0.1,79.38,0.6120888313412667,81.42,0.5380088754653931,,,,,,2.0400000000000063,-0.07407995587587357,201-220
MWM_AccDiff,42,203,3,kd,1.0,83.06,0.1,81.2,0.5576422488689423,81.66,0.527977429485321,,,,,,0.45999999999999375,-0.02966481938362131,201-220
MWM_AccDiff,42,203,9,kd,6.0,83.62,0.1,76.4,0.6880132562637329,81.86,0.536631694316864,,,,,,5.459999999999994,-0.15138156194686891,201-220
MWM_AccDiff,42,203,4,kd,2.0,82.88,0.1,81.7,0.5233106557846069,80.82,0.5609303763389587,,,,,,-0.8800000000000097,0.03761972055435181,201-220
MWM_AccDiff,42,204,9,ce,,,0.1,81.86,0.536631694316864,77.2,0.6559856855392456,8.0,83.96,83.96,81.68,0.5286728913903236,-4.659999999999997,0.11935399122238166,201-220
MWM_AccDiff,42,204,7,kd,6.0,83.62,0.1,73.46,0.7725043650627136,81.78,0.5437052108883857,,,,,,8.320000000000007,-0.22879915417432783,201-220
MWM_AccDiff,42,204,4,kd,8.0,83.96,0.1,80.82,0.5609303763389587,81.72,0.5468564874887466,,,,,,0.9000000000000057,-0.014073888850212102,201-220
MWM_AccDiff,42,204,3,kd,1.0,83.06,0.1,81.66,0.527977429485321,82.18,0.5307070443868637,,,,,,0.5200000000000102,0.002729614901542665,201-220
MWM_AccDiff,42,204,5,kd,2.0,82.88,0.1,81.42,0.5380088754653931,82.1,0.5140752330064774,,,,,,0.6799999999999926,-0.023933642458915716,201-220
MWM_AccDiff,42,205,9,ce,,,0.1,77.2,0.6559856855392456,80.12,0.5981122066020965,8.0,83.96,83.96,81.58,0.534274829006195,2.9200000000000017,-0.057873478937149114,201-220
MWM_AccDiff,42,205,5,kd,6.0,83.62,0.1,82.1,0.5140752330064774,81.76,0.5384017466425896,,,,,,-0.3399999999999892,0.024326513636112157,201-220
MWM_AccDiff,42,205,7,kd,8.0,83.96,0.1,81.78,0.5437052108883857,81.84,0.5294608234882354,,,,,,0.060000000000002274,-0.014244387400150327,201-220
MWM_AccDiff,42,205,3,kd,2.0,82.88,0.1,82.18,0.5307070443868637,81.0,0.563911165189743,,,,,,-1.1800000000000068,0.03320412080287938,201-220
MWM_AccDiff,42,205,4,kd,1.0,83.06,0.1,81.72,0.5468564874887466,81.24,0.543017240679264,,,,,,-0.480000000000004,-0.003839246809482555,201-220
MWM_AccDiff,42,206,9,ce,,,0.010000000000000002,80.12,0.5981122066020965,84.34,0.45299152985811236,8.0,83.96,83.96,83.96,0.46011053857803347,4.219999999999999,-0.14512067674398416,201-220
MWM_AccDiff,42,206,4,kd,8.0,83.96,0.1,81.24,0.543017240679264,81.58,0.5318732029438019,,,,,,0.3400000000000034,-0.011144037735462131,201-220
MWM_AccDiff,42,206,5,kd,6.0,83.62,0.1,81.76,0.5384017466425896,79.26,0.6363540984153747,,,,,,-2.5,0.09795235177278516,201-220
MWM_AccDiff,42,206,7,kd,1.0,83.06,0.1,81.84,0.5294608234882354,81.38,0.5540884688854217,,,,,,-0.46000000000000796,0.024627645397186315,201-220
MWM_AccDiff,42,206,3,kd,2.0,82.88,0.1,81.0,0.563911165189743,80.34,0.5804530723094941,,,,,,-0.6599999999999966,0.01654190711975101,201-220
MWM_AccDiff,42,207,7,kd,1.0,83.06,0.1,81.38,0.5540884688854217,81.36,0.5678509326934814,,,,,,-0.01999999999999602,0.013762463808059677,201-220
MWM_AccDiff,42,207,5,kd,8.0,83.96,0.1,79.26,0.6363540984153747,81.42,0.5539934720754623,,,,,,2.1599999999999966,-0.08236062633991237,201-220
MWM_AccDiff,42,207,2,ce,,,0.010000000000000002,82.88,0.48230893893241883,83.54,0.47032006262540815,9.0,84.34,84.34,83.3,0.4783269231557846,0.6600000000000108,-0.011988876307010676,201-220
MWM_AccDiff,42,207,3,kd,6.0,83.62,0.1,80.34,0.5804530723094941,80.5,0.5846945549011231,,,,,,0.1599999999999966,0.004241482591629042,201-220
MWM_AccDiff,42,207,4,kd,9.0,84.34,0.010000000000000002,81.58,0.5318732029438019,82.82,0.48058370419740676,,,,,,1.2399999999999949,-0.05128949874639516,201-220
MWM_AccDiff,42,208,1,ce,,,0.010000000000000002,83.06,0.4904784942150116,83.06,0.4778694331526756,9.0,84.34,84.34,83.66,0.4793206385374069,0.0,-0.012609061062336002,201-220
MWM_AccDiff,42,208,3,kd,8.0,83.96,0.1,80.5,0.5846945549011231,81.32,0.5575194633245468,,,,,,0.8199999999999932,-0.02717509157657627,201-220
MWM_AccDiff,42,208,4,kd,2.0,83.54,0.010000000000000002,82.82,0.48058370419740676,83.04,0.4722768555879593,,,,,,0.22000000000001307,-0.00830684860944747,201-220
MWM_AccDiff,42,208,5,kd,9.0,84.34,0.1,81.42,0.5539934720754623,80.3,0.5883878372192383,,,,,,-1.1200000000000045,0.03439436514377592,201-220
MWM_AccDiff,42,208,7,kd,6.0,83.62,0.1,81.36,0.5678509326934814,80.04,0.5855436780929565,,,,,,-1.3199999999999932,0.017692745399475074,201-220
MWM_AccDiff,42,209,1,kd,2.0,83.54,0.010000000000000002,83.06,0.4778694331526756,83.9,0.4671880187988281,,,,,,0.8400000000000034,-0.010681414353847507,201-220
MWM_AccDiff,42,209,4,ce,,,0.010000000000000002,83.04,0.4722768555879593,84.04,0.45276173310279844,9.0,84.34,84.34,83.66,0.47321834115982053,1.0,-0.019515122485160852,201-220
MWM_AccDiff,42,209,3,kd,6.0,83.62,0.1,81.32,0.5575194633245468,81.4,0.542850770998001,,,,,,0.0800000000000125,-0.014668692326545774,201-220
MWM_AccDiff,42,209,5,kd,9.0,84.34,0.1,80.3,0.5883878372192383,81.36,0.5535681882381439,,,,,,1.0600000000000023,-0.03481964898109435,201-220
MWM_AccDiff,42,209,7,kd,8.0,83.96,0.1,80.04,0.5855436780929565,82.02,0.5284129802942276,,,,,,1.9799999999999898,-0.057130697798728924,201-220
MWM_AccDiff,42,210,2,kd,1.0,83.9,0.010000000000000002,83.54,0.47032006262540815,82.88,0.48965296145677567,,,,,,-0.6600000000000108,0.019332898831367518,201-220
MWM_AccDiff,42,210,5,kd,4.0,84.04,0.1,81.36,0.5535681882381439,81.78,0.524243829202652,,,,,,0.4200000000000017,-0.02932435903549191,201-220
MWM_AccDiff,42,210,6,ce,,,0.010000000000000002,83.62,0.47572843255996705,84.04,0.4622815349817276,9.0,84.34,84.34,83.5,0.473476350915432,0.4200000000000017,-0.01344689757823947,201-220
MWM_AccDiff,42,210,3,kd,9.0,84.34,0.1,81.4,0.542850770998001,80.56,0.5770141763925553,,,,,,-0.8400000000000034,0.0341634053945542,201-220
MWM_AccDiff,42,210,7,kd,8.0,83.96,0.1,82.02,0.5284129802942276,81.7,0.5269093497753143,,,,,,-0.3199999999999932,-0.0015036305189132237,201-220
MWM_AccDiff,42,211,1,ce,,,0.010000000000000002,83.9,0.4671880187988281,83.96,0.46700687887668607,9.0,84.34,84.34,83.74,0.46409884773492815,0.05999999999998806,-0.00018113992214202623,201-220
MWM_AccDiff,42,211,3,kd,4.0,84.04,0.1,80.56,0.5770141763925553,81.32,0.5699973267704248,,,,,,0.7599999999999909,-0.00701684962213045,201-220
MWM_AccDiff,42,211,5,kd,9.0,84.34,0.1,81.78,0.524243829202652,80.9,0.5822112188339233,,,,,,-0.8799999999999955,0.05796738963127135,201-220
MWM_AccDiff,42,211,7,kd,6.0,84.04,0.1,81.7,0.5269093497753143,81.16,0.553437688589096,,,,,,-0.5400000000000063,0.026528338813781693,201-220
MWM_AccDiff,42,211,2,kd,8.0,83.96,0.010000000000000002,82.88,0.48965296145677567,83.36,0.47186703233718874,,,,,,0.480000000000004,-0.01778592911958693,201-220
MWM_AccDiff,42,212,1,ce,,,0.010000000000000002,83.96,0.46700687887668607,84.26,0.4583572849988937,9.0,84.34,84.34,83.84,0.46851711642742155,0.30000000000001137,-0.00864959387779235,201-220
MWM_AccDiff,42,212,3,kd,4.0,84.04,0.1,81.32,0.5699973267704248,81.92,0.5448265703439713,,,,,,0.6000000000000085,-0.0251707564264535,201-220
MWM_AccDiff,42,212,7,kd,6.0,84.04,0.1,81.16,0.553437688589096,81.5,0.5452246528625488,,,,,,0.3400000000000034,-0.008213035726547191,201-220
MWM_AccDiff,42,212,5,kd,9.0,84.34,0.1,80.9,0.5822112188339233,81.8,0.5492486366271973,,,,,,0.8999999999999915,-0.0329625822067261,201-220
MWM_AccDiff,42,212,2,kd,8.0,83.96,0.010000000000000002,83.36,0.47186703233718874,83.16,0.47367698781490325,,,,,,-0.20000000000000284,0.0018099554777145088,201-220
MWM_AccDiff,42,213,2,kd,4.0,84.04,0.010000000000000002,83.16,0.47367698781490325,83.88,0.4645848951101303,,,,,,0.7199999999999989,-0.009092092704772958,201-220
MWM_AccDiff,42,213,7,kd,1.0,84.26,0.1,81.5,0.5452246528625488,81.22,0.5770450219154358,,,,,,-0.28000000000000114,0.03182036905288699,201-220
MWM_AccDiff,42,213,3,kd,6.0,84.04,0.1,81.92,0.5448265703439713,81.6,0.536665736579895,,,,,,-0.3200000000000074,-0.00816083376407628,201-220
MWM_AccDiff,42,213,5,kd,9.0,84.34,0.010000000000000002,81.8,0.5492486366271973,83.84,0.47551093772649766,,,,,,2.0400000000000063,-0.07373769890069959,201-220
MWM_AccDiff,42,213,8,ce,,,0.010000000000000002,83.96,0.4679398010253906,83.46,0.46553514405488966,9.0,84.34,84.34,83.48,0.47477789267301557,-0.5,-0.0024046569705009624,201-220
MWM_AccDiff,42,214,7,kd,1.0,84.26,0.1,81.22,0.5770450219154358,80.34,0.5913185642242431,,,,,,-0.8799999999999955,0.014273542308807285,201-220
MWM_AccDiff,42,214,5,kd,4.0,84.04,0.010000000000000002,83.84,0.47551093772649766,84.32,0.4627026682257652,,,,,,0.47999999999998977,-0.012808269500732439,201-220
MWM_AccDiff,42,214,2,ce,,,0.010000000000000002,83.88,0.4645848951101303,84.22,0.45630332584381106,9.0,84.34,84.34,83.58,0.46877478210926055,0.3400000000000034,-0.008281569266319233,201-220
MWM_AccDiff,42,214,3,kd,9.0,84.34,0.1,81.6,0.536665736579895,80.9,0.5681837325572967,,,,,,-0.6999999999999886,0.03151799597740168,201-220
MWM_AccDiff,42,214,8,kd,6.0,84.04,0.010000000000000002,83.46,0.46553514405488966,83.98,0.4700034879922867,,,,,,0.5200000000000102,0.004468343937397035,201-220
MWM_AccDiff,42,215,4,ce,,,0.010000000000000002,84.04,0.45276173310279844,83.32,0.45994012504816056,9.0,84.34,84.34,83.7,0.4617019433617592,-0.7200000000000131,0.007178391945362128,201-220
MWM_AccDiff,42,215,8,kd,1.0,84.26,0.010000000000000002,83.98,0.4700034879922867,83.78,0.471330796957016,,,,,,-0.20000000000000284,0.0013273089647293235,201-220
MWM_AccDiff,42,215,6,kd,9.0,84.34,0.010000000000000002,84.04,0.4622815349817276,83.96,0.4562962357878685,,,,,,-0.0800000000000125,-0.005985299193859095,201-220
MWM_AccDiff,42,215,3,kd,2.0,84.22,0.1,80.9,0.5681837325572967,81.52,0.5599221517086029,,,,,,0.6199999999999903,-0.008261580848693773,201-220
MWM_AccDiff,42,215,7,kd,5.0,84.32,0.1,80.34,0.5913185642242431,80.04,0.610551071023941,,,,,,-0.29999999999999716,0.0192325067996979,201-220
MWM_AccDiff,42,216,6,ce,,,0.010000000000000002,83.96,0.4562962357878685,84.4,0.4443571194648743,9.0,84.34,84.34,83.9,0.4634454350590706,0.44000000000001194,-0.011939116322994214,201-220
MWM_AccDiff,42,216,3,kd,9.0,84.34,0.1,81.52,0.5599221517086029,82.18,0.5349657955884933,,,,,,0.6600000000000108,-0.024956356120109602,201-220
MWM_AccDiff,42,216,8,kd,2.0,84.22,0.010000000000000002,83.78,0.471330796957016,83.82,0.46094928427934645,,,,,,0.03999999999999204,-0.010381512677669569,201-220
MWM_AccDiff,42,216,7,kd,5.0,84.32,0.1,80.04,0.610551071023941,81.72,0.5543680559635162,,,,,,1.6799999999999926,-0.05618301506042478,201-220
MWM_AccDiff,42,216,4,kd,1.0,84.26,0.010000000000000002,83.32,0.45994012504816056,83.46,0.46889659326076505,,,,,,0.14000000000000057,0.008956468212604485,201-220
MWM_AccDiff,42,217,8,kd,1.0,84.26,0.010000000000000002,83.82,0.46094928427934645,83.46,0.4721472095966339,,,,,,-0.35999999999999943,0.011197925317287472,201-220
MWM_AccDiff,42,217,7,kd,9.0,84.34,0.1,81.72,0.5543680559635162,81.28,0.5513304968357087,,,,,,-0.4399999999999977,-0.0030375591278075653,201-220
MWM_AccDiff,42,217,2,ce,,,0.010000000000000002,84.22,0.45630332584381106,84.52,0.44960529243946074,6.0,84.4,84.4,84.04,0.45968799926638604,0.29999999999999716,-0.006698033404350323,201-220
MWM_AccDiff,42,217,4,kd,5.0,84.32,0.010000000000000002,83.46,0.46889659326076505,84.14,0.45263018494844437,,,,,,0.6800000000000068,-0.01626640831232068,201-220
MWM_AccDiff,42,217,3,kd,6.0,84.4,0.1,82.18,0.5349657955884933,82.06,0.5392955724477768,,,,,,-0.12000000000000455,0.004329776859283485,201-220
MWM_AccDiff,42,218,1,ce,,,0.010000000000000002,84.26,0.4583572849988937,84.72,0.45694688339233397,2.0,84.52,84.52,84.2,0.4618930678486824,0.45999999999999375,-0.0014104016065597524,201-220
MWM_AccDiff,42,218,3,kd,2.0,84.52,0.1,82.06,0.5392955724477768,80.68,0.5767825636863708,,,,,,-1.3799999999999955,0.037486991238594,201-220
MWM_AccDiff,42,218,4,kd,5.0,84.32,0.010000000000000002,84.14,0.45263018494844437,84.32,0.451815333122015,,,,,,0.1799999999999926,-0.0008148518264293747,201-220
MWM_AccDiff,42,218,8,kd,9.0,84.34,0.010000000000000002,83.46,0.4721472095966339,84.38,0.4566352509975433,,,,,,0.9200000000000017,-0.015511958599090603,201-220
MWM_AccDiff,42,218,7,kd,6.0,84.4,0.1,81.28,0.5513304968357087,81.74,0.538593177831173,,,,,,0.45999999999999375,-0.012737319004535674,201-220
MWM_AccDiff,42,219,4,ce,,,0.010000000000000002,84.32,0.451815333122015,84.28,0.43984069070219994,1.0,84.72,84.72,83.96,0.46675104492306707,-0.03999999999999204,-0.011974642419815051,201-220
MWM_AccDiff,42,219,5,kd,1.0,84.72,0.010000000000000002,84.32,0.4627026682257652,83.6,0.47500081650018694,,,,,,-0.7199999999999989,0.012298148274421716,201-220
MWM_AccDiff,42,219,9,kd,8.0,84.38,0.010000000000000002,84.34,0.45299152985811236,84.04,0.4553691123962402,,,,,,-0.29999999999999716,0.002377582538127865,201-220
MWM_AccDiff,42,219,7,kd,2.0,84.52,0.1,81.74,0.538593177831173,81.22,0.5598751965522766,,,,,,-0.519999999999996,0.02128201872110358,201-220
MWM_AccDiff,42,219,3,kd,6.0,84.4,0.1,80.68,0.5767825636863708,81.26,0.559053005027771,,,,,,0.5799999999999983,-0.01772955865859982,201-220
MWM_AccDiff,42,220,4,ce,,,0.010000000000000002,84.28,0.43984069070219994,85.0,0.4321939099013805,1.0,84.72,84.72,84.16,0.45443301646709444,0.7199999999999989,-0.0076467808008194305,201-220
MWM_AccDiff,42,220,9,kd,8.0,84.38,0.010000000000000002,84.04,0.4553691123962402,83.72,0.45803632376194,,,,,,-0.3200000000000074,0.002667211365699751,201-220
MWM_AccDiff,42,220,5,kd,6.0,84.4,0.010000000000000002,83.6,0.47500081650018694,84.28,0.4560098814368248,,,,,,0.6800000000000068,-0.018990935063362135,201-220
MWM_AccDiff,42,220,7,kd,2.0,84.52,0.1,81.22,0.5598751965522766,82.46,0.5359668609380722,,,,,,1.2399999999999949,-0.023908335614204357,201-220
MWM_AccDiff,42,220,3,kd,1.0,84.72,0.1,81.26,0.559053005027771,81.28,0.5699561415672302,,,,,,0.01999999999999602,0.01090313653945918,201-220
MWM_AccDiff,43,1,3,kd,4.0,12.96,0.1,8.78,2.43647321434021,12.42,2.489287823486328,,,,,,3.6400000000000006,0.05281460914611813,1-20
MWM_AccDiff,43,1,5,kd,1.0,10.82,0.1,9.94,2.5337846519470215,11.22,2.517359062957764,,,,,,1.2800000000000011,-0.016425588989257722,1-20
MWM_AccDiff,43,1,9,kd,2.0,11.42,0.1,7.56,2.469659296798706,9.88,2.499478493118286,,,,,,2.320000000000001,0.029819196319579966,1-20
MWM_AccDiff,43,1,6,ce,,,0.1,10.32,2.464642674255371,36.66,1.6674843849182128,4.0,12.96,12.96,15.16,2.487168155288696,26.339999999999996,-0.7971582893371583,1-20
MWM_AccDiff,43,1,7,kd,8.0,10.96,0.1,9.96,2.5575626434326173,10.34,2.5223232177734376,,,,,,0.379999999999999,-0.0352394256591797,1-20
MWM_AccDiff,43,2,1,kd,2.0,11.42,0.1,10.82,2.434580908203125,10.06,2.444366394042969,,,,,,-0.7599999999999998,0.009785485839843844,1-20
MWM_AccDiff,43,2,8,kd,6.0,36.66,0.1,10.96,2.4082260131835938,34.9,1.7136556186676026,,,,,,23.939999999999998,-0.6945703945159911,1-20
MWM_AccDiff,43,2,7,kd,3.0,12.42,0.1,10.34,2.5223232177734376,11.8,2.5998313579559325,,,,,,1.4600000000000009,0.07750814018249486,1-20
MWM_AccDiff,43,2,5,ce,,,0.1,11.22,2.517359062957764,38.74,1.63499651927948,6.0,36.66,36.66,37.12,1.6686313600540161,27.520000000000003,-0.8823625436782838,1-20
MWM_AccDiff,43,2,9,kd,4.0,12.96,0.1,9.88,2.499478493118286,12.38,2.5446970466613767,,,,,,2.5,0.04521855354309068,1-20
MWM_AccDiff,43,3,7,ce,,,0.1,11.8,2.5998313579559325,43.36,1.5143559526443482,5.0,38.74,38.74,37.82,1.6927256702423095,31.56,-1.0854754053115843,1-20
MWM_AccDiff,43,3,1,kd,4.0,12.96,0.1,10.06,2.444366394042969,13.34,2.518530897140503,,,,,,3.2799999999999994,0.07416450309753397,1-20
MWM_AccDiff,43,3,3,kd,8.0,34.9,0.1,12.42,2.489287823486328,32.66,1.7697738025665284,,,,,,20.239999999999995,-0.7195140209197997,1-20
MWM_AccDiff,43,3,2,kd,5.0,38.74,0.1,11.42,2.370824634933472,37.14,1.674051662826538,,,,,,25.72,-0.6967729721069338,1-20
MWM_AccDiff,43,3,9,kd,6.0,36.66,0.1,12.38,2.5446970466613767,27.94,2.3078400077819823,,,,,,15.56,-0.23685703887939447,1-20
MWM_AccDiff,43,4,1,kd,5.0,38.74,0.1,13.34,2.518530897140503,34.64,1.7683896654129028,,,,,,21.3,-0.7501412317276002,1-20
MWM_AccDiff,43,4,9,ce,,,0.1,27.94,2.3078400077819823,43.28,1.5206967098236084,7.0,43.36,43.36,41.9,1.5803892110824584,15.34,-0.7871432979583739,1-20
MWM_AccDiff,43,4,3,kd,6.0,36.66,0.1,32.66,1.7697738025665284,35.96,1.693121817779541,,,,,,3.3000000000000043,-0.07665198478698731,1-20
MWM_AccDiff,43,4,4,kd,7.0,43.36,0.1,12.96,2.454688126754761,42.16,1.6098753658294678,,,,,,29.199999999999996,-0.8448127609252931,1-20
MWM_AccDiff,43,4,8,kd,2.0,37.14,0.1,34.9,1.7136556186676026,35.54,1.7499948930740357,,,,,,0.6400000000000006,0.03633927440643303,1-20
MWM_AccDiff,43,5,1,kd,5.0,38.74,0.1,34.64,1.7683896654129028,37.46,1.6854853929519653,,,,,,2.8200000000000003,-0.08290427246093746,1-20
MWM_AccDiff,43,5,6,kd,9.0,43.28,0.1,36.66,1.6674843849182128,42.64,1.5902635074615479,,,,,,5.980000000000004,-0.07722087745666495,1-20
MWM_AccDiff,43,5,2,kd,4.0,42.16,0.1,37.14,1.674051662826538,40.1,1.6684579273223876,,,,,,2.960000000000001,-0.005593735504150432,1-20
MWM_AccDiff,43,5,3,kd,7.0,43.36,0.1,35.96,1.693121817779541,41.72,1.568069561958313,,,,,,5.759999999999998,-0.12505225582122814,1-20
MWM_AccDiff,43,5,8,ce,,,0.1,35.54,1.7499948930740357,40.36,2.024620879936218,7.0,43.36,43.36,41.38,1.614371500968933,4.82,0.27462598686218254,1-20
MWM_AccDiff,43,6,5,kd,4.0,42.16,0.1,38.74,1.63499651927948,41.94,1.6634226987838745,,,,,,3.1999999999999957,0.028426179504394522,1-20
MWM_AccDiff,43,6,3,ce,,,0.1,41.72,1.568069561958313,48.46,1.4224836227416993,7.0,43.36,43.36,42.32,1.5734224626541138,6.740000000000002,-0.14558593921661367,1-20
MWM_AccDiff,43,6,8,kd,9.0,43.28,0.1,40.36,2.024620879936218,42.78,1.542165385055542,,,,,,2.4200000000000017,-0.4824554948806763,1-20
MWM_AccDiff,43,6,2,kd,7.0,43.36,0.1,40.1,1.6684579273223876,42.1,1.5647976360321045,,,,,,2.0,-0.10366029129028309,1-20
MWM_AccDiff,43,6,1,kd,6.0,42.64,0.1,37.46,1.6854853929519653,39.28,1.6871356510162354,,,,,,1.8200000000000003,0.0016502580642701048,1-20
MWM_AccDiff,43,7,4,ce,,,0.1,42.16,1.6098753658294678,39.58,1.855673459815979,3.0,48.46,48.46,45.26,1.5110477244377136,-2.5799999999999983,0.2457980939865112,1-20
MWM_AccDiff,43,7,6,kd,9.0,43.28,0.1,42.64,1.5902635074615479,32.68,1.806023557662964,,,,,,-9.96,0.2157600502014161,1-20
MWM_AccDiff,43,7,1,kd,8.0,42.78,0.1,39.28,1.6871356510162354,40.02,1.6398562017440796,,,,,,0.740000000000002,-0.04727944927215577,1-20
MWM_AccDiff,43,7,5,kd,7.0,43.36,0.1,41.94,1.6634226987838745,42.84,1.554954642868042,,,,,,0.9000000000000057,-0.10846805591583242,1-20
MWM_AccDiff,43,7,2,kd,3.0,48.46,0.1,42.1,1.5647976360321045,37.9,1.9234598707199098,,,,,,-4.200000000000003,0.3586622346878052,1-20
MWM_AccDiff,43,8,8,kd,3.0,48.46,0.1,42.78,1.542165385055542,48.12,1.441528406715393,,,,,,5.339999999999996,-0.10063697834014884,1-20
MWM_AccDiff,43,8,4,ce,,,0.1,39.58,1.855673459815979,54.48,1.2975227458953857,3.0,48.46,48.46,47.76,1.4539978229522705,14.899999999999999,-0.5581507139205932,1-20
MWM_AccDiff,43,8,2,kd,7.0,43.36,0.1,37.9,1.9234598707199098,42.72,1.5294883804321289,,,,,,4.82,-0.3939714902877809,1-20
MWM_AccDiff,43,8,1,kd,5.0,42.84,0.1,40.02,1.6398562017440796,43.72,1.562856545639038,,,,,,3.6999999999999957,-0.07699965610504167,1-20
MWM_AccDiff,43,8,6,kd,9.0,43.28,0.1,32.68,1.806023557662964,42.72,1.5486403028488158,,,,,,10.04,-0.25738325481414814,1-20
MWM_AccDiff,43,9,2,kd,1.0,43.72,0.1,42.72,1.5294883804321289,42.12,1.6231696441650392,,,,,,-0.6000000000000014,0.0936812637329103,1-20
MWM_AccDiff,43,9,7,kd,3.0,48.46,0.1,43.36,1.5143559526443482,47.5,1.4359891529083253,,,,,,4.140000000000001,-0.0783667997360229,1-20
MWM_AccDiff,43,9,6,kd,8.0,48.12,0.1,42.72,1.5486403028488158,44.48,1.5625698085784911,,,,,,1.759999999999998,0.013929505729675329,1-20
MWM_AccDiff,43,9,9,ce,,,0.1,43.28,1.5206967098236084,54.32,1.2650255178451537,4.0,54.48,54.48,50.3,1.4742799369812012,11.04,-0.25567119197845467,1-20
MWM_AccDiff,43,9,5,kd,4.0,54.48,0.1,42.84,1.554954642868042,48.16,1.5057743183135985,,,,,,5.319999999999993,-0.049180324554443544,1-20
MWM_AccDiff,43,10,8,kd,3.0,48.46,0.1,48.12,1.441528406715393,45.1,1.5875335733413696,,,,,,-3.019999999999996,0.1460051666259765,1-20
MWM_AccDiff,43,10,1,kd,5.0,48.16,0.1,43.72,1.562856545639038,47.9,1.5268277896881104,,,,,,4.18,-0.03602875595092758,1-20
MWM_AccDiff,43,10,6,ce,,,0.1,44.48,1.5625698085784911,49.54,1.4253564996719361,4.0,54.48,54.48,49.36,1.4913500707626344,5.060000000000002,-0.13721330890655503,1-20
MWM_AccDiff,43,10,2,kd,9.0,54.32,0.1,42.12,1.6231696441650392,50.7,1.4523214244842528,,,,,,8.580000000000005,-0.17084821968078634,1-20
MWM_AccDiff,43,10,7,kd,4.0,54.48,0.1,47.5,1.4359891529083253,50.62,1.4000093311309814,,,,,,3.1199999999999974,-0.035979821777343934,1-20
MWM_AccDiff,43,11,1,kd,2.0,50.7,0.1,47.9,1.5268277896881104,50.22,1.4469821886062622,,,,,,2.3200000000000003,-0.07984560108184824,1-20
MWM_AccDiff,43,11,3,kd,4.0,54.48,0.1,48.46,1.4224836227416993,53.98,1.3421244846343994,,,,,,5.519999999999996,-0.08035913810729989,1-20
MWM_AccDiff,43,11,5,kd,7.0,50.62,0.1,48.16,1.5057743183135985,49.22,1.462542374610901,,,,,,1.0600000000000023,-0.04323194370269756,1-20
MWM_AccDiff,43,11,6,ce,,,0.1,49.54,1.4253564996719361,61.88,1.0708547422409058,4.0,54.48,54.48,51.82,1.4086327432632446,12.340000000000003,-0.3545017574310303,1-20
MWM_AccDiff,43,11,8,kd,9.0,54.32,0.1,45.1,1.5875335733413696,53.02,1.3123302686691285,,,,,,7.920000000000002,-0.2752033046722411,1-20
MWM_AccDiff,43,12,2,kd,4.0,54.48,0.1,50.7,1.4523214244842528,49.1,1.491071570777893,,,,,,-1.6000000000000014,0.03875014629364015,1-20
MWM_AccDiff,43,12,7,kd,6.0,61.88,0.1,50.62,1.4000093311309814,55.04,1.3262067743301391,,,,,,4.420000000000002,-0.07380255680084225,1-20
MWM_AccDiff,43,12,5,kd,3.0,53.98,0.1,49.22,1.462542374610901,51.96,1.4068364177703858,,,,,,2.740000000000002,-0.05570595684051516,1-20
MWM_AccDiff,43,12,8,ce,,,0.1,53.02,1.3123302686691285,59.74,1.129634492301941,6.0,61.88,61.88,57.22,1.2473595914840698,6.719999999999999,-0.18269577636718748,1-20
MWM_AccDiff,43,12,1,kd,9.0,54.32,0.1,50.22,1.4469821886062622,51.6,1.3851472415924073,,,,,,1.3800000000000026,-0.061834947013854835,1-20
MWM_AccDiff,43,13,5,kd,6.0,61.88,0.1,51.96,1.4068364177703858,57.9,1.2187034353256225,,,,,,5.939999999999998,-0.18813298244476329,1-20
MWM_AccDiff,43,13,2,ce,,,0.1,49.1,1.491071570777893,58.6,1.208260920715332,6.0,61.88,61.88,57.28,1.2173613586425782,9.5,-0.2828106500625609,1-20
MWM_AccDiff,43,13,1,kd,4.0,54.48,0.1,51.6,1.3851472415924073,53.42,1.3483611986160278,,,,,,1.8200000000000003,-0.03678604297637955,1-20
MWM_AccDiff,43,13,9,kd,7.0,55.04,0.1,54.32,1.2650255178451537,50.58,1.4787425588607788,,,,,,-3.740000000000002,0.21371704101562505,1-20
MWM_AccDiff,43,13,3,kd,8.0,59.74,0.1,53.98,1.3421244846343994,57.0,1.2434285209655762,,,,,,3.020000000000003,-0.09869596366882316,1-20
MWM_AccDiff,43,14,1,kd,2.0,58.6,0.1,53.42,1.3483611986160278,56.56,1.2528789953231811,,,,,,3.1400000000000006,-0.09548220329284662,1-20
MWM_AccDiff,43,14,7,kd,8.0,59.74,0.1,55.04,1.3262067743301391,58.0,1.179521473121643,,,,,,2.960000000000001,-0.1466853012084961,1-20
MWM_AccDiff,43,14,3,ce,,,0.1,57.0,1.2434285209655762,57.94,1.1700537942886353,6.0,61.88,61.88,44.86,2.601262178039551,0.9399999999999977,-0.0733747266769409,1-20
MWM_AccDiff,43,14,4,kd,6.0,61.88,0.1,54.48,1.2975227458953857,59.92,1.1335889772415162,,,,,,5.440000000000005,-0.16393376865386955,1-20
MWM_AccDiff,43,14,9,kd,5.0,57.9,0.1,50.58,1.4787425588607788,55.16,1.2793074741363526,,,,,,4.579999999999998,-0.19943508472442617,1-20
MWM_AccDiff,43,15,9,ce,,,0.1,55.16,1.2793074741363526,62.2,1.0952408903121948,6.0,61.88,61.88,58.82,1.1793151330947875,7.040000000000006,-0.18406658382415775,1-20
MWM_AccDiff,43,15,1,kd,2.0,58.6,0.1,56.56,1.2528789953231811,56.72,1.2638396297454835,,,,,,0.1599999999999966,0.010960634422302329,1-20
MWM_AccDiff,43,15,5,kd,6.0,61.88,0.1,57.9,1.2187034353256225,57.46,1.214418071937561,,,,,,-0.4399999999999977,-0.004285363388061514,1-20
MWM_AccDiff,43,15,3,kd,4.0,59.92,0.1,57.94,1.1700537942886353,60.46,1.1367744562149047,,,,,,2.520000000000003,-0.033279338073730624,1-20
MWM_AccDiff,43,15,7,kd,8.0,59.74,0.1,58.0,1.179521473121643,58.5,1.1679220910072328,,,,,,0.5,-0.01159938211441025,1-20
MWM_AccDiff,43,16,7,kd,4.0,59.92,0.1,58.5,1.1679220910072328,59.14,1.1725249765396117,,,,,,0.6400000000000006,0.004602885532378975,1-20
MWM_AccDiff,43,16,2,kd,9.0,62.2,0.1,58.6,1.208260920715332,59.44,1.193938164138794,,,,,,0.8399999999999963,-0.014322756576538032,1-20
MWM_AccDiff,43,16,5,kd,6.0,61.88,0.1,57.46,1.214418071937561,60.18,1.1258505275726318,,,,,,2.719999999999999,-0.0885675443649292,1-20
MWM_AccDiff,43,16,8,ce,,,0.1,59.74,1.129634492301941,56.64,1.2743402626037597,9.0,62.2,62.2,60.92,1.1202221788406372,-3.1000000000000014,0.14470577030181864,1-20
MWM_AccDiff,43,16,1,kd,3.0,60.46,0.1,56.72,1.2638396297454835,57.66,1.2513749696731566,,,,,,0.9399999999999977,-0.012464660072326827,1-20
MWM_AccDiff,43,17,4,ce,,,0.1,59.92,1.1335889772415162,62.54,1.072448229598999,9.0,62.2,62.2,56.88,1.2300380922317504,2.6199999999999974,-0.0611407476425172,1-20
MWM_AccDiff,43,17,2,kd,9.0,62.2,0.1,59.44,1.193938164138794,60.04,1.1978880790710449,,,,,,0.6000000000000014,0.003949914932250831,1-20
MWM_AccDiff,43,17,8,kd,6.0,61.88,0.1,56.64,1.2743402626037597,62.16,1.0889728721618652,,,,,,5.519999999999996,-0.18536739044189443,1-20
MWM_AccDiff,43,17,7,kd,5.0,60.18,0.1,59.14,1.1725249765396117,59.72,1.1619956188201905,,,,,,0.5799999999999983,-0.010529357719421206,1-20
MWM_AccDiff,43,17,1,kd,3.0,60.46,0.1,57.66,1.2513749696731566,59.7,1.153820414352417,,,,,,2.0400000000000063,-0.09755455532073976,1-20
MWM_AccDiff,43,18,3,ce,,,0.1,60.46,1.1367744562149047,61.94,1.1074560788154602,4.0,62.54,62.54,60.52,1.1641304218292237,1.4799999999999969,-0.02931837739944454,1-20
MWM_AccDiff,43,18,5,kd,4.0,62.54,0.1,60.18,1.1258505275726318,59.84,1.1429312896728516,,,,,,-0.3399999999999963,0.017080762100219804,1-20
MWM_AccDiff,43,18,7,kd,6.0,61.88,0.1,59.72,1.1619956188201905,61.5,1.0846619764328003,,,,,,1.7800000000000011,-0.07733364238739027,1-20
MWM_AccDiff,43,18,1,kd,9.0,62.2,0.1,59.7,1.153820414352417,59.74,1.1763296772003173,,,,,,0.03999999999999915,0.022509262847900446,1-20
MWM_AccDiff,43,18,2,kd,8.0,62.16,0.1,60.04,1.1978880790710449,60.98,1.1194367080688477,,,,,,0.9399999999999977,-0.07845137100219723,1-20
MWM_AccDiff,43,19,6,ce,,,0.1,61.88,1.0708547422409058,62.68,1.0649745085716247,4.0,62.54,62.54,62.12,1.0746153619766234,0.7999999999999972,-0.005880233669281143,1-20
MWM_AccDiff,43,19,7,kd,4.0,62.54,0.1,61.5,1.0846619764328003,62.18,1.0918883268356323,,,,,,0.6799999999999997,0.007226350402832038,1-20
MWM_AccDiff,43,19,5,kd,3.0,61.94,0.1,59.84,1.1429312896728516,60.18,1.1439750909805297,,,,,,0.3399999999999963,0.001043801307678116,1-20
MWM_AccDiff,43,19,1,kd,9.0,62.2,0.1,59.74,1.1763296772003173,59.2,1.184357912826538,,,,,,-0.5399999999999991,0.008028235626220681,1-20
MWM_AccDiff,43,19,2,kd,8.0,62.16,0.1,60.98,1.1194367080688477,59.52,1.1606636598587037,,,,,,-1.4599999999999937,0.041226951789856026,1-20
MWM_AccDiff,43,20,2,kd,4.0,62.54,0.1,59.52,1.1606636598587037,58.84,1.193371379852295,,,,,,-0.6799999999999997,0.03270771999359123,1-20
MWM_AccDiff,43,20,3,kd,7.0,62.18,0.1,61.94,1.1074560788154602,61.92,1.126130481529236,,,,,,-0.01999999999999602,0.01867440271377574,1-20
MWM_AccDiff,43,20,5,kd,9.0,62.2,0.1,60.18,1.1439750909805297,60.28,1.164030926513672,,,,,,0.10000000000000142,0.020055835533142163,1-20
MWM_AccDiff,43,20,1,kd,6.0,62.68,0.1,59.2,1.184357912826538,62.66,1.0590068115234375,,,,,,3.4599999999999937,-0.12535110130310056,1-20
MWM_AccDiff,43,20,8,ce,,,0.1,62.16,1.0889728721618652,57.08,1.2765080163955689,6.0,62.68,62.68,59.4,1.215723585510254,-5.079999999999998,0.18753514423370365,1-20
MWM_AccDiff,43,21,8,kd,1.0,62.66,0.1,57.08,1.2765080163955689,63.18,1.0592724657058716,,,,,,6.100000000000001,-0.21723555068969724,21-40
MWM_AccDiff,43,21,5,kd,4.0,62.54,0.1,60.28,1.164030926513672,62.46,1.0891083253860474,,,,,,2.1799999999999997,-0.0749226011276245,21-40
MWM_AccDiff,43,21,3,ce,,,0.1,61.92,1.126130481529236,62.16,1.1152817587852477,6.0,62.68,62.68,62.18,1.074365751838684,0.23999999999999488,-0.010848722743988182,21-40
MWM_AccDiff,43,21,2,kd,9.0,62.2,0.1,58.84,1.193371379852295,62.52,1.0826891942977905,,,,,,3.6799999999999997,-0.11068218555450438,21-40
MWM_AccDiff,43,21,7,kd,6.0,62.68,0.1,62.18,1.0918883268356323,61.0,1.093208097076416,,,,,,-1.1799999999999997,0.0013197702407836687,21-40
MWM_AccDiff,43,22,2,kd,4.0,62.54,0.1,62.52,1.0826891942977905,60.88,1.1213978460311889,,,,,,-1.6400000000000006,0.038708651733398325,21-40
MWM_AccDiff,43,22,7,kd,1.0,62.66,0.1,61.0,1.093208097076416,60.3,1.1600680194854736,,,,,,-0.7000000000000028,0.06685992240905758,21-40
MWM_AccDiff,43,22,9,kd,8.0,63.18,0.1,62.2,1.0952408903121948,61.84,1.1131145627975463,,,,,,-0.35999999999999943,0.017873672485351433,21-40
MWM_AccDiff,43,22,5,ce,,,0.1,62.46,1.0891083253860474,62.6,1.0426985078811646,8.0,63.18,63.18,61.32,1.1012692396163941,0.14000000000000057,-0.04640981750488282,21-40
MWM_AccDiff,43,22,3,kd,6.0,62.68,0.1,62.16,1.1152817587852477,62.68,1.073927610206604,,,,,,0.5200000000000031,-0.041354148578643724,21-40
MWM_AccDiff,43,23,9,kd,3.0,62.68,0.1,61.84,1.1131145627975463,60.54,1.1345977767944335,,,,,,-1.3000000000000043,0.02148321399688724,21-40
MWM_AccDiff,43,23,7,kd,6.0,62.68,0.1,60.3,1.1600680194854736,62.36,1.101592598056793,,,,,,2.0600000000000023,-0.05847542142868045,21-40
MWM_AccDiff,43,23,5,ce,,,0.1,62.6,1.0426985078811646,67.04,0.9287227876663208,8.0,63.18,63.18,63.06,1.0423866174697876,4.440000000000005,-0.11397572021484381,21-40
MWM_AccDiff,43,23,4,kd,1.0,62.66,0.1,62.54,1.072448229598999,61.28,1.1140144821166993,,,,,,-1.259999999999998,0.0415662525177003,21-40
MWM_AccDiff,43,23,2,kd,8.0,63.18,0.1,60.88,1.1213978460311889,61.54,1.1226497926712036,,,,,,0.6599999999999966,0.0012519466400147117,21-40
MWM_AccDiff,43,24,1,ce,,,0.1,62.66,1.0590068115234375,57.68,1.2262711992263795,5.0,67.04,67.04,62.14,1.1067671863555908,-4.979999999999997,0.16726438770294205,21-40
MWM_AccDiff,43,24,9,kd,6.0,62.68,0.1,60.54,1.1345977767944335,62.06,1.0779542886734008,,,,,,1.5200000000000031,-0.056643488121032703,21-40
MWM_AccDiff,43,24,7,kd,3.0,62.68,0.1,62.36,1.101592598056793,60.2,1.1550876707077027,,,,,,-2.1599999999999966,0.05349507265090958,21-40
MWM_AccDiff,43,24,4,kd,5.0,67.04,0.1,61.28,1.1140144821166993,64.24,1.0409312797546386,,,,,,2.9599999999999937,-0.07308320236206067,21-40
MWM_AccDiff,43,24,2,kd,8.0,63.18,0.1,61.54,1.1226497926712036,62.36,1.1245273805618285,,,,,,0.8200000000000003,0.0018775878906249766,21-40
MWM_AccDiff,43,25,7,ce,,,0.1,60.2,1.1550876707077027,61.5,1.1115951276779175,5.0,67.04,67.04,63.4,1.046592674446106,1.2999999999999972,-0.043492543029785224,21-40
MWM_AccDiff,43,25,2,kd,4.0,64.24,0.1,62.36,1.1245273805618285,62.8,1.1011163761138916,,,,,,0.4399999999999977,-0.02341100444793698,21-40
MWM_AccDiff,43,25,6,kd,8.0,63.18,0.1,62.68,1.0649745085716247,62.08,1.1065739086151123,,,,,,-0.6000000000000014,0.04159940004348761,21-40
MWM_AccDiff,43,25,9,kd,5.0,67.04,0.1,62.06,1.0779542886734008,65.46,0.9888527732849121,,,,,,3.3999999999999915,-0.08910151538848876,21-40
MWM_AccDiff,43,25,1,kd,3.0,62.68,0.1,57.68,1.2262711992263795,62.26,1.0925138265609742,,,,,,4.579999999999998,-0.13375737266540533,21-40
MWM_AccDiff,43,26,1,kd,8.0,63.18,0.1,62.26,1.0925138265609742,63.64,1.0616563005447388,,,,,,1.3800000000000026,-0.03085752601623537,21-40
MWM_AccDiff,43,26,3,ce,,,0.1,62.68,1.073927610206604,65.56,0.9780291033744812,5.0,67.04,67.04,66.7,0.9782830640792847,2.8800000000000026,-0.09589850683212275,21-40
MWM_AccDiff,43,26,2,kd,4.0,64.24,0.1,62.8,1.1011163761138916,62.04,1.1183304319381713,,,,,,-0.759999999999998,0.017214055824279706,21-40
MWM_AccDiff,43,26,7,kd,9.0,65.46,0.1,61.5,1.1115951276779175,64.14,1.026468441581726,,,,,,2.6400000000000006,-0.08512668609619145,21-40
MWM_AccDiff,43,26,6,kd,5.0,67.04,0.1,62.08,1.1065739086151123,64.06,1.0751528882980346,,,,,,1.980000000000004,-0.03142102031707772,21-40
MWM_AccDiff,43,27,1,kd,4.0,64.24,0.1,63.64,1.0616563005447388,64.52,1.0271929573059082,,,,,,0.8799999999999955,-0.0344633432388306,21-40
MWM_AccDiff,43,27,6,kd,3.0,65.56,0.1,64.06,1.0751528882980346,61.7,1.1118592972755432,,,,,,-2.3599999999999994,0.03670640897750865,21-40
MWM_AccDiff,43,27,8,ce,,,0.1,63.18,1.0592724657058716,65.84,0.963362366771698,5.0,67.04,67.04,65.3,0.9864851932525635,2.6600000000000037,-0.09591009893417368,21-40
MWM_AccDiff,43,27,2,kd,5.0,67.04,0.1,62.04,1.1183304319381713,64.7,1.0154381092071534,,,,,,2.6600000000000037,-0.1028923227310179,21-40
MWM_AccDiff,43,27,7,kd,9.0,65.46,0.1,64.14,1.026468441581726,65.58,0.9960846302032471,,,,,,1.4399999999999977,-0.030383811378478898,21-40
MWM_AccDiff,43,28,9,ce,,,0.1,65.46,0.9888527732849121,63.9,1.0189675701141356,5.0,67.04,67.04,63.78,1.0850719255447387,-1.5599999999999952,0.030114796829223578,21-40
MWM_AccDiff,43,28,4,kd,5.0,67.04,0.1,64.24,1.0409312797546386,65.02,1.0085573051452636,,,,,,0.7800000000000011,-0.03237397460937497,21-40
MWM_AccDiff,43,28,1,kd,7.0,65.58,0.1,64.52,1.0271929573059082,64.68,1.025753060722351,,,,,,0.1600000000000108,-0.0014398965835571431,21-40
MWM_AccDiff,43,28,2,kd,8.0,65.84,0.1,64.7,1.0154381092071534,65.06,1.0100586844444275,,,,,,0.35999999999999943,-0.005379424762725904,21-40
MWM_AccDiff,43,28,6,kd,3.0,65.56,0.1,61.7,1.1118592972755432,63.72,1.0550320307731629,,,,,,2.019999999999996,-0.05682726650238035,21-40
MWM_AccDiff,43,29,6,kd,5.0,67.04,0.1,63.72,1.0550320307731629,66.62,0.9565098587036133,,,,,,2.9000000000000057,-0.09852217206954961,21-40
MWM_AccDiff,43,29,4,kd,3.0,65.56,0.1,65.02,1.0085573051452636,63.0,1.0541557911872863,,,,,,-2.019999999999996,0.04559848604202266,21-40
MWM_AccDiff,43,29,1,kd,8.0,65.84,0.1,64.68,1.025753060722351,65.04,1.0417694608688355,,,,,,0.35999999999999943,0.016016400146484422,21-40
MWM_AccDiff,43,29,2,ce,,,0.1,65.06,1.0100586844444275,66.92,0.9572001207351685,5.0,67.04,67.04,65.02,1.00864821434021,1.8599999999999994,-0.05285856370925901,21-40
MWM_AccDiff,43,29,9,kd,7.0,65.58,0.1,63.9,1.0189675701141356,65.02,1.0099687421798706,,,,,,1.1199999999999974,-0.008998827934264986,21-40
MWM_AccDiff,43,30,7,kd,2.0,66.92,0.1,65.58,0.9960846302032471,66.72,0.9731876312255859,,,,,,1.1400000000000006,-0.022896998977661176,21-40
MWM_AccDiff,43,30,9,kd,6.0,66.62,0.1,65.02,1.0099687421798706,66.28,0.9864222011566162,,,,,,1.2600000000000051,-0.023546541023254486,21-40
MWM_AccDiff,43,30,1,kd,8.0,65.84,0.1,65.04,1.0417694608688355,64.4,1.0178919204711914,,,,,,-0.6400000000000006,-0.023877540397644115,21-40
MWM_AccDiff,43,30,3,ce,,,0.1,65.56,0.9780291033744812,70.28,0.8670403329849243,5.0,67.04,67.04,66.64,0.9559197731018066,4.719999999999999,-0.1109887703895569,21-40
MWM_AccDiff,43,30,4,kd,5.0,67.04,0.1,63.0,1.0541557911872863,65.48,1.013857871055603,,,,,,2.480000000000004,-0.04029792013168332,21-40
MWM_AccDiff,43,31,8,kd,3.0,70.28,0.1,65.84,0.963362366771698,67.52,0.933000175666809,,,,,,1.6799999999999926,-0.030362191104888914,21-40
MWM_AccDiff,43,31,1,kd,5.0,67.04,0.1,64.4,1.0178919204711914,66.44,0.9745791320800781,,,,,,2.039999999999992,-0.0433127883911133,21-40
MWM_AccDiff,43,31,4,kd,2.0,66.92,0.1,65.48,1.013857871055603,65.94,0.9840468957901001,,,,,,0.45999999999999375,-0.029810975265502915,21-40
MWM_AccDiff,43,31,6,ce,,,0.1,66.62,0.9565098587036133,67.12,0.9332762084960937,3.0,70.28,70.28,66.32,0.9887448578834533,0.5,-0.02323365020751955,21-40
MWM_AccDiff,43,31,9,kd,7.0,66.72,0.1,66.28,0.9864222011566162,66.86,0.9763351774215698,,,,,,0.5799999999999983,-0.01008702373504633,21-40
MWM_AccDiff,43,32,2,kd,6.0,67.12,0.1,66.92,0.9572001207351685,66.5,0.9560070405960083,,,,,,-0.4200000000000017,-0.0011930801391601964,21-40
MWM_AccDiff,43,32,4,ce,,,0.1,65.94,0.9840468957901001,66.28,0.9939026231765747,3.0,70.28,70.28,67.36,0.9276244798660278,0.3400000000000034,0.009855727386474666,21-40
MWM_AccDiff,43,32,1,kd,5.0,67.04,0.1,66.44,0.9745791320800781,62.44,1.121017967605591,,,,,,-4.0,0.14643883552551284,21-40
MWM_AccDiff,43,32,7,kd,3.0,70.28,0.1,66.72,0.9731876312255859,67.24,0.9312336181640625,,,,,,0.519999999999996,-0.041954013061523465,21-40
MWM_AccDiff,43,32,9,kd,8.0,67.52,0.1,66.86,0.9763351774215698,64.94,1.024151390171051,,,,,,-1.9200000000000017,0.047816212749481224,21-40
MWM_AccDiff,43,33,4,kd,3.0,70.28,0.1,66.28,0.9939026231765747,67.7,0.9315484088897705,,,,,,1.4200000000000017,-0.06235421428680421,21-40
MWM_AccDiff,43,33,9,kd,6.0,67.12,0.1,64.94,1.024151390171051,67.3,0.9417417629241943,,,,,,2.3599999999999994,-0.08240962724685674,21-40
MWM_AccDiff,43,33,1,kd,7.0,67.24,0.1,62.44,1.121017967605591,67.3,0.9475852630615235,,,,,,4.859999999999999,-0.17343270454406745,21-40
MWM_AccDiff,43,33,5,ce,,,0.1,67.04,0.9287227876663208,67.66,0.9050158478736877,3.0,70.28,70.28,70.14,0.8863098621368408,0.6199999999999903,-0.023706939792633053,21-40
MWM_AccDiff,43,33,2,kd,8.0,67.52,0.1,66.5,0.9560070405960083,66.64,0.957210601234436,,,,,,0.14000000000000057,0.0012035606384277475,21-40
MWM_AccDiff,43,34,2,kd,4.0,67.7,0.1,66.64,0.957210601234436,63.92,1.082245104122162,,,,,,-2.719999999999999,0.12503450288772588,21-40
MWM_AccDiff,43,34,6,kd,5.0,67.66,0.1,67.12,0.9332762084960937,65.94,0.9721004942893982,,,,,,-1.1800000000000068,0.038824285793304436,21-40
MWM_AccDiff,43,34,7,kd,3.0,70.28,0.1,67.24,0.9312336181640625,66.94,0.9431705288887023,,,,,,-0.29999999999999716,0.011936910724639871,21-40
MWM_AccDiff,43,34,1,kd,8.0,67.52,0.1,67.3,0.9475852630615235,64.2,1.051802428817749,,,,,,-3.0999999999999943,0.10421716575622553,21-40
MWM_AccDiff,43,34,9,ce,,,0.1,67.3,0.9417417629241943,67.62,0.9233711254119873,3.0,70.28,70.28,68.1,0.9089073179244995,0.3200000000000074,-0.018370637512207022,21-40
MWM_AccDiff,43,35,1,kd,4.0,67.7,0.1,64.2,1.051802428817749,65.56,1.0389698702812196,,,,,,1.3599999999999994,-0.012832558536529426,21-40
MWM_AccDiff,43,35,7,kd,9.0,67.62,0.1,66.94,0.9431705288887023,68.78,0.893845090007782,,,,,,1.8400000000000034,-0.049325438880920336,21-40
MWM_AccDiff,43,35,6,kd,3.0,70.28,0.1,65.94,0.9721004942893982,66.24,0.9616081228256226,,,,,,0.29999999999999716,-0.010492371463775574,21-40
MWM_AccDiff,43,35,8,ce,,,0.1,67.52,0.933000175666809,68.52,0.9222121006965637,3.0,70.28,70.28,68.14,0.9116457689285278,1.0,-0.010788074970245365,21-40
MWM_AccDiff,43,35,2,kd,5.0,67.66,0.1,63.92,1.082245104122162,66.92,0.9576880477905273,,,,,,3.0,-0.12455705633163461,21-40
MWM_AccDiff,43,36,5,kd,7.0,68.78,0.1,67.66,0.9050158478736877,68.2,0.8968561102867126,,,,,,0.5400000000000063,-0.00815973758697508,21-40
MWM_AccDiff,43,36,6,kd,8.0,68.52,0.1,66.24,0.9616081228256226,67.5,0.9837577256202698,,,,,,1.2600000000000051,0.022149602794647172,21-40
MWM_AccDiff,43,36,9,ce,,,0.1,67.62,0.9233711254119873,68.16,0.934197821187973,3.0,70.28,70.28,68.28,0.8957520956039429,0.539999999999992,0.010826695775985717,21-40
MWM_AccDiff,43,36,1,kd,4.0,67.7,0.1,65.56,1.0389698702812196,67.36,0.9299963627815246,,,,,,1.7999999999999972,-0.10897350749969492,21-40
MWM_AccDiff,43,36,2,kd,3.0,70.28,0.1,66.92,0.9576880477905273,68.68,0.90458376121521,,,,,,1.7600000000000051,-0.053104286575317294,21-40
MWM_AccDiff,43,37,6,kd,2.0,68.68,0.1,67.5,0.9837577256202698,67.38,0.934533034324646,,,,,,-0.12000000000000455,-0.04922469129562379,21-40
MWM_AccDiff,43,37,4,kd,3.0,70.28,0.1,67.7,0.9315484088897705,69.2,0.896679563331604,,,,,,1.5,-0.034868845558166495,21-40
MWM_AccDiff,43,37,1,kd,8.0,68.52,0.1,67.36,0.9299963627815246,65.54,1.0273796001434325,,,,,,-1.8199999999999932,0.0973832373619079,21-40
MWM_AccDiff,43,37,9,ce,,,0.1,68.16,0.934197821187973,67.18,0.9240287893295288,3.0,70.28,70.28,68.1,0.9241554119110107,-0.9799999999999898,-0.0101690318584442,21-40
MWM_AccDiff,43,37,5,kd,7.0,68.78,0.1,68.2,0.8968561102867126,67.64,0.9154227078437805,,,,,,-0.5600000000000023,0.01856659755706791,21-40
MWM_AccDiff,43,38,9,kd,2.0,68.68,0.1,67.18,0.9240287893295288,68.16,0.9151606910705566,,,,,,0.9799999999999898,-0.008868098258972168,21-40
MWM_AccDiff,43,38,5,kd,4.0,69.2,0.1,67.64,0.9154227078437805,69.84,0.88797115316391,,,,,,2.200000000000003,-0.027451554679870593,21-40
MWM_AccDiff,43,38,1,kd,7.0,68.78,0.1,65.54,1.0273796001434325,68.06,0.9097255512237549,,,,,,2.519999999999996,-0.11765404891967768,21-40
MWM_AccDiff,43,38,6,kd,3.0,70.28,0.1,67.38,0.934533034324646,67.12,0.9677723091125489,,,,,,-0.2599999999999909,0.033239274787902895,21-40
MWM_AccDiff,43,38,8,ce,,,0.1,68.52,0.9222121006965637,68.82,0.9117352771759033,3.0,70.28,70.28,68.96,0.8966124791145325,0.29999999999999716,-0.010476823520660372,21-40
MWM_AccDiff,43,39,1,kd,8.0,68.82,0.1,68.06,0.9097255512237549,66.98,0.9732549077033996,,,,,,-1.0799999999999983,0.06352935647964475,21-40
MWM_AccDiff,43,39,9,kd,3.0,70.28,0.1,68.16,0.9151606910705566,69.48,0.8660793627738953,,,,,,1.3200000000000074,-0.04908132829666134,21-40
MWM_AccDiff,43,39,6,ce,,,0.1,67.12,0.9677723091125489,69.42,0.8997773432731628,3.0,70.28,70.28,67.96,0.9098948780059815,2.299999999999997,-0.06799496583938602,21-40
MWM_AccDiff,43,39,7,kd,4.0,69.2,0.1,68.78,0.893845090007782,66.66,0.9666518430709838,,,,,,-2.1200000000000045,0.07280675306320183,21-40
MWM_AccDiff,43,39,2,kd,5.0,69.84,0.1,68.68,0.90458376121521,68.5,0.9187167291641235,,,,,,-0.18000000000000682,0.0141329679489135,21-40
MWM_AccDiff,43,40,8,kd,3.0,70.28,0.1,68.82,0.9117352771759033,70.5,0.8633512001991271,,,,,,1.6800000000000068,-0.04838407697677616,21-40
MWM_AccDiff,43,40,4,ce,,,0.1,69.2,0.896679563331604,66.84,0.9523872650146484,3.0,70.28,70.28,68.24,0.9057927037239075,-2.3599999999999994,0.0557077016830444,21-40
MWM_AccDiff,43,40,2,kd,6.0,69.42,0.1,68.5,0.9187167291641235,68.18,0.9331219013214112,,,,,,-0.3199999999999932,0.014405172157287649,21-40
MWM_AccDiff,43,40,7,kd,5.0,69.84,0.1,66.66,0.9666518430709838,68.4,0.9251139070510864,,,,,,1.740000000000009,-0.041537936019897415,21-40
MWM_AccDiff,43,40,1,kd,9.0,69.48,0.1,66.98,0.9732549077033996,66.16,0.9637504267692566,,,,,,-0.8200000000000074,-0.009504480934143023,21-40
MWM_AccDiff,43,41,4,kd,3.0,70.28,0.1,66.84,0.9523872650146484,69.06,0.8972597616195679,,,,,,2.219999999999999,-0.055127503395080546,41-60
MWM_AccDiff,43,41,7,kd,8.0,70.5,0.1,68.4,0.9251139070510864,67.66,0.9523842769622802,,,,,,-0.7400000000000091,0.027270369911193804,41-60
MWM_AccDiff,43,41,1,kd,5.0,69.84,0.1,66.16,0.9637504267692566,68.64,0.9344004958152771,,,,,,2.480000000000004,-0.02934993095397953,41-60
MWM_AccDiff,43,41,6,ce,,,0.1,69.42,0.8997773432731628,70.2,0.8621090385437011,8.0,70.5,70.5,69.9,0.8637435335159301,0.7800000000000011,-0.0376683047294617,41-60
MWM_AccDiff,43,41,2,kd,9.0,69.48,0.1,68.18,0.9331219013214112,68.12,0.9113037414550781,,,,,,-0.060000000000002274,-0.021818159866333064,41-60
MWM_AccDiff,43,42,9,ce,,,0.1,69.48,0.8660793627738953,70.24,0.8542655027389526,8.0,70.5,70.5,68.92,0.9119376886367798,0.7599999999999909,-0.01181386003494267,41-60
MWM_AccDiff,43,42,7,kd,3.0,70.28,0.1,67.66,0.9523842769622802,66.52,0.961635053730011,,,,,,-1.1400000000000006,0.009250776767730784,41-60
MWM_AccDiff,43,42,4,kd,5.0,69.84,0.1,69.06,0.8972597616195679,70.14,0.8771186777114868,,,,,,1.0799999999999983,-0.020141083908081114,41-60
MWM_AccDiff,43,42,1,kd,6.0,70.2,0.1,68.64,0.9344004958152771,66.9,0.9803746864318847,,,,,,-1.7399999999999949,0.04597419061660768,41-60
MWM_AccDiff,43,42,2,kd,8.0,70.5,0.1,68.12,0.9113037414550781,69.26,0.8938971395492554,,,,,,1.1400000000000006,-0.01740660190582266,41-60
MWM_AccDiff,43,43,4,ce,,,0.1,70.14,0.8771186777114868,71.0,0.8489109554290771,8.0,70.5,70.5,69.54,0.8880786180496216,0.8599999999999994,-0.028207722282409642,41-60
MWM_AccDiff,43,43,1,kd,8.0,70.5,0.1,66.9,0.9803746864318847,67.24,0.9605206321716309,,,,,,0.3399999999999892,-0.019854054260253884,41-60
MWM_AccDiff,43,43,7,kd,3.0,70.28,0.1,66.52,0.961635053730011,66.56,0.9624457712173462,,,,,,0.04000000000000625,0.0008107174873351886,41-60
MWM_AccDiff,43,43,2,kd,9.0,70.24,0.1,69.26,0.8938971395492554,67.12,0.9625213167190552,,,,,,-2.1400000000000006,0.06862417716979974,41-60
MWM_AccDiff,43,43,5,kd,6.0,70.2,0.1,69.84,0.88797115316391,69.04,0.90515172290802,,,,,,-0.7999999999999972,0.017180569744110086,41-60
MWM_AccDiff,43,44,2,kd,4.0,71.0,0.1,67.12,0.9625213167190552,66.8,0.9827417349815368,,,,,,-0.3200000000000074,0.020220418262481665,41-60
MWM_AccDiff,43,44,1,kd,8.0,70.5,0.1,67.24,0.9605206321716309,68.84,0.9173829040527344,,,,,,1.6000000000000085,-0.04313772811889649,41-60
MWM_AccDiff,43,44,6,ce,,,0.1,70.2,0.8621090385437011,72.58,0.8022536418914795,4.0,71.0,71.0,70.18,0.8695570896148682,2.3799999999999955,-0.059855396652221615,41-60
MWM_AccDiff,43,44,7,kd,3.0,70.28,0.1,66.56,0.9624457712173462,68.7,0.8964162523269653,,,,,,2.1400000000000006,-0.06602951889038089,41-60
MWM_AccDiff,43,44,5,kd,9.0,70.24,0.1,69.04,0.90515172290802,67.3,0.967369952583313,,,,,,-1.740000000000009,0.062218229675293,41-60
MWM_AccDiff,43,45,2,kd,4.0,71.0,0.1,66.8,0.9827417349815368,69.9,0.8871471210479737,,,,,,3.1000000000000085,-0.09559461393356317,41-60
MWM_AccDiff,43,45,1,kd,8.0,70.5,0.1,68.84,0.9173829040527344,67.84,0.9515594858169556,,,,,,-1.0,0.034176581764221226,41-60
MWM_AccDiff,43,45,9,ce,,,0.1,70.24,0.8542655027389526,69.1,0.954369507598877,6.0,72.58,72.58,70.3,0.8969121251106262,-1.1400000000000006,0.10010400485992432,41-60
MWM_AccDiff,43,45,7,kd,6.0,72.58,0.1,68.7,0.8964162523269653,68.64,0.9477729705810547,,,,,,-0.060000000000002274,0.051356718254089384,41-60
MWM_AccDiff,43,45,5,kd,3.0,70.28,0.1,67.3,0.967369952583313,69.04,0.893993210887909,,,,,,1.740000000000009,-0.07337674169540409,41-60
MWM_AccDiff,43,46,5,kd,6.0,72.58,0.1,69.04,0.893993210887909,70.54,0.8606596663475037,,,,,,1.5,-0.03333354454040527,41-60
MWM_AccDiff,43,46,9,kd,4.0,71.0,0.1,69.1,0.954369507598877,70.88,0.8547814500808716,,,,,,1.7800000000000011,-0.09958805751800537,41-60
MWM_AccDiff,43,46,1,kd,8.0,70.5,0.1,67.84,0.9515594858169556,68.96,0.8979888700485229,,,,,,1.1199999999999903,-0.053570615768432694,41-60
MWM_AccDiff,43,46,7,kd,3.0,70.28,0.1,68.64,0.9477729705810547,68.18,0.8965475326538086,,,,,,-0.45999999999999375,-0.0512254379272461,41-60
MWM_AccDiff,43,46,2,ce,,,0.1,69.9,0.8871471210479737,67.78,0.9098290804862976,6.0,72.58,72.58,67.56,0.9870634462356568,-2.1200000000000045,0.022681959438323962,41-60
MWM_AccDiff,43,47,1,kd,5.0,70.54,0.1,68.96,0.8979888700485229,70.52,0.897208329963684,,,,,,1.5600000000000023,-0.0007805400848388544,41-60
MWM_AccDiff,43,47,3,ce,,,0.1,70.28,0.8670403329849243,67.42,0.9659159928798675,6.0,72.58,72.58,72.16,0.836791770362854,-2.8599999999999994,0.09887565989494318,41-60
MWM_AccDiff,43,47,7,kd,9.0,70.88,0.1,68.18,0.8965475326538086,69.22,0.9147467305183411,,,,,,1.039999999999992,0.0181991978645325,41-60
MWM_AccDiff,43,47,2,kd,6.0,72.58,0.1,67.78,0.9098290804862976,71.58,0.8327047846794129,,,,,,3.799999999999997,-0.07712429580688474,41-60
MWM_AccDiff,43,47,8,kd,4.0,71.0,0.1,70.5,0.8633512001991271,70.2,0.8633765711307526,,,,,,-0.29999999999999716,2.5370931625467996e-05,41-60
MWM_AccDiff,43,48,7,ce,,,0.1,69.22,0.9147467305183411,71.6,0.8265191197395325,6.0,72.58,72.58,70.22,0.8943947978973389,2.3799999999999955,-0.08822761077880859,41-60
MWM_AccDiff,43,48,8,kd,6.0,72.58,0.1,70.2,0.8633765711307526,68.88,0.9288753796577454,,,,,,-1.3200000000000074,0.06549880852699275,41-60
MWM_AccDiff,43,48,5,kd,4.0,71.0,0.1,70.54,0.8606596663475037,68.08,0.9475691089630127,,,,,,-2.460000000000008,0.08690944261550904,41-60
MWM_AccDiff,43,48,3,kd,2.0,71.58,0.1,67.42,0.9659159928798675,71.78,0.8395723316669464,,,,,,4.359999999999999,-0.12634366121292107,41-60
MWM_AccDiff,43,48,1,kd,9.0,70.88,0.1,70.52,0.897208329963684,69.72,0.9058782579421997,,,,,,-0.7999999999999972,0.008669927978515624,41-60
MWM_AccDiff,43,49,4,ce,,,0.1,71.0,0.8489109554290771,71.86,0.8455211444854737,6.0,72.58,72.58,72.84,0.7898989308357238,0.8599999999999994,-0.0033898109436034662,41-60
MWM_AccDiff,43,49,9,kd,2.0,71.58,0.1,70.88,0.8547814500808716,71.38,0.879119804573059,,,,,,0.5,0.024338354492187464,41-60
MWM_AccDiff,43,49,8,kd,3.0,71.78,0.1,68.88,0.9288753796577454,70.56,0.8685712344169617,,,,,,1.6800000000000068,-0.060304145240783646,41-60
MWM_AccDiff,43,49,1,kd,7.0,71.6,0.1,69.72,0.9058782579421997,68.86,0.9037709457397461,,,,,,-0.8599999999999994,-0.0021073122024535262,41-60
MWM_AccDiff,43,49,5,kd,6.0,72.58,0.1,68.08,0.9475691089630127,69.66,0.9090387216091156,,,,,,1.5799999999999983,-0.03853038735389713,41-60
MWM_AccDiff,43,50,5,kd,4.0,71.86,0.1,69.66,0.9090387216091156,72.1,0.8534790473937989,,,,,,2.4399999999999977,-0.05555967421531671,41-60
MWM_AccDiff,43,50,2,ce,,,0.1,71.58,0.8327047846794129,72.46,0.8042246974945069,6.0,72.58,72.58,71.34,0.8355953386306763,0.8799999999999955,-0.028480087184906022,41-60
MWM_AccDiff,43,50,8,kd,3.0,71.78,0.1,70.56,0.8685712344169617,70.52,0.8925115291595459,,,,,,-0.04000000000000625,0.02394029474258419,41-60
MWM_AccDiff,43,50,1,kd,6.0,72.58,0.1,68.86,0.9037709457397461,71.56,0.843210267162323,,,,,,2.700000000000003,-0.0605606785774232,41-60
MWM_AccDiff,43,50,9,kd,7.0,71.6,0.1,71.38,0.879119804573059,71.02,0.8279583474159241,,,,,,-0.35999999999999943,-0.05116145715713494,41-60
MWM_AccDiff,43,51,7,ce,,,0.1,71.6,0.8265191197395325,72.94,0.8015616823196411,6.0,72.58,72.58,72.46,0.8212986513614654,1.3400000000000034,-0.024957437419891426,41-60
MWM_AccDiff,43,51,9,kd,2.0,72.46,0.1,71.02,0.8279583474159241,72.16,0.8200741739273071,,,,,,1.1400000000000006,-0.00788417348861703,41-60
MWM_AccDiff,43,51,1,kd,4.0,71.86,0.1,71.56,0.843210267162323,69.16,0.9651018133163453,,,,,,-2.4000000000000057,0.12189154615402231,41-60
MWM_AccDiff,43,51,8,kd,6.0,72.58,0.1,70.52,0.8925115291595459,70.48,0.899283834028244,,,,,,-0.03999999999999204,0.006772304868698065,41-60
MWM_AccDiff,43,51,3,kd,5.0,72.1,0.1,71.78,0.8395723316669464,71.12,0.8977300321578979,,,,,,-0.6599999999999966,0.05815770049095148,41-60
MWM_AccDiff,43,52,4,ce,,,0.1,71.86,0.8455211444854737,72.56,0.7989073942184448,7.0,72.94,72.94,71.6,0.851011060142517,0.7000000000000028,-0.04661375026702885,41-60
MWM_AccDiff,43,52,3,kd,2.0,72.46,0.1,71.12,0.8977300321578979,70.18,0.8936406260490417,,,,,,-0.9399999999999977,-0.0040894061088562195,41-60
MWM_AccDiff,43,52,8,kd,6.0,72.58,0.1,70.48,0.899283834028244,71.88,0.8419366194725036,,,,,,1.3999999999999915,-0.05734721455574032,41-60
MWM_AccDiff,43,52,5,kd,7.0,72.94,0.1,72.1,0.8534790473937989,70.02,0.9198483332633972,,,,,,-2.0799999999999983,0.06636928586959834,41-60
MWM_AccDiff,43,52,1,kd,9.0,72.16,0.1,69.16,0.9651018133163453,71.62,0.8383211607933044,,,,,,2.460000000000008,-0.12678065252304083,41-60
MWM_AccDiff,43,53,3,kd,7.0,72.94,0.1,70.18,0.8936406260490417,71.06,0.8514655692100525,,,,,,0.8799999999999955,-0.042175056838989256,41-60
MWM_AccDiff,43,53,9,ce,,,0.1,72.16,0.8200741739273071,69.28,0.9057224966049194,7.0,72.94,72.94,71.5,0.8456515217781067,-2.8799999999999955,0.08564832267761235,41-60
MWM_AccDiff,43,53,1,kd,4.0,72.56,0.1,71.62,0.8383211607933044,70.34,0.868044377040863,,,,,,-1.2800000000000011,0.02972321624755858,41-60
MWM_AccDiff,43,53,5,kd,6.0,72.58,0.1,70.02,0.9198483332633972,70.82,0.872615758228302,,,,,,0.7999999999999972,-0.04723257503509526,41-60
MWM_AccDiff,43,53,8,kd,2.0,72.46,0.1,71.88,0.8419366194725036,71.86,0.8335060422897339,,,,,,-0.01999999999999602,-0.008430577182769738,41-60
MWM_AccDiff,43,54,9,kd,6.0,72.58,0.1,69.28,0.9057224966049194,72.2,0.8261457797050477,,,,,,2.9200000000000017,-0.07957671689987178,41-60
MWM_AccDiff,43,54,5,kd,4.0,72.56,0.1,70.82,0.872615758228302,69.52,0.9091436206817627,,,,,,-1.2999999999999972,0.036527862453460735,41-60
MWM_AccDiff,43,54,1,kd,7.0,72.94,0.1,70.34,0.868044377040863,69.12,0.9383394931793213,,,,,,-1.2199999999999989,0.07029511613845829,41-60
MWM_AccDiff,43,54,3,kd,2.0,72.46,0.1,71.06,0.8514655692100525,70.98,0.8429905262947083,,,,,,-0.0799999999999983,-0.008475042915344178,41-60
MWM_AccDiff,43,54,8,ce,,,0.1,71.86,0.8335060422897339,71.38,0.8294712774276733,7.0,72.94,72.94,71.18,0.8668448873519897,-0.480000000000004,-0.004034764862060558,41-60
MWM_AccDiff,43,55,3,kd,4.0,72.56,0.1,70.98,0.8429905262947083,68.98,0.9232127579689026,,,,,,-2.0,0.08022223167419429,41-60
MWM_AccDiff,43,55,9,ce,,,0.1,72.2,0.8261457797050477,71.72,0.8015592485904693,7.0,72.94,72.94,69.98,0.890412149143219,-0.480000000000004,-0.024586531114578314,41-60
MWM_AccDiff,43,55,1,kd,7.0,72.94,0.1,69.12,0.9383394931793213,69.52,0.9644812201499939,,,,,,0.3999999999999915,0.02614172697067263,41-60
MWM_AccDiff,43,55,5,kd,6.0,72.58,0.1,69.52,0.9091436206817627,71.14,0.8536000638008118,,,,,,1.6200000000000045,-0.05554355688095092,41-60
MWM_AccDiff,43,55,8,kd,2.0,72.46,0.1,71.38,0.8294712774276733,71.64,0.8140786365509033,,,,,,0.2600000000000051,-0.015392640876770058,41-60
MWM_AccDiff,43,56,1,kd,2.0,72.46,0.1,69.52,0.9644812201499939,71.96,0.8296489863395691,,,,,,2.4399999999999977,-0.13483223381042486,41-60
MWM_AccDiff,43,56,5,kd,4.0,72.56,0.1,71.14,0.8536000638008118,70.48,0.8579110921859742,,,,,,-0.6599999999999966,0.0043110283851623965,41-60
MWM_AccDiff,43,56,9,kd,7.0,72.94,0.1,71.72,0.8015592485904693,72.34,0.8239333066940308,,,,,,0.6200000000000045,0.02237405810356141,41-60
MWM_AccDiff,43,56,3,kd,6.0,72.58,0.1,68.98,0.9232127579689026,71.08,0.8672888483047485,,,,,,2.0999999999999943,-0.05592390966415406,41-60
MWM_AccDiff,43,56,8,ce,,,0.1,71.64,0.8140786365509033,72.44,0.7995782469749451,7.0,72.94,72.94,72.36,0.8197589560508728,0.7999999999999972,-0.014500389575958228,41-60
MWM_AccDiff,43,57,1,kd,2.0,72.46,0.1,71.96,0.8296489863395691,71.46,0.8371426833152771,,,,,,-0.5,0.0074936969757080085,41-60
MWM_AccDiff,43,57,3,kd,7.0,72.94,0.1,71.08,0.8672888483047485,71.04,0.8877642351150513,,,,,,-0.03999999999999204,0.02047538681030281,41-60
MWM_AccDiff,43,57,9,ce,,,0.1,72.34,0.8239333066940308,71.44,0.8123370244979858,7.0,72.94,72.94,72.18,0.8196113825798035,-0.9000000000000057,-0.011596282196044916,41-60
MWM_AccDiff,43,57,5,kd,6.0,72.58,0.1,70.48,0.8579110921859742,71.12,0.8485061761856079,,,,,,0.6400000000000006,-0.009404916000366303,41-60
MWM_AccDiff,43,57,8,kd,4.0,72.56,0.1,72.44,0.7995782469749451,70.3,0.876695886516571,,,,,,-2.1400000000000006,0.07711763954162598,41-60
MWM_AccDiff,43,58,1,kd,2.0,72.46,0.1,71.46,0.8371426833152771,71.5,0.8241474360466003,,,,,,0.04000000000000625,-0.012995247268676735,41-60
MWM_AccDiff,43,58,8,kd,4.0,72.56,0.1,70.3,0.876695886516571,72.36,0.8076237603187562,,,,,,2.0600000000000023,-0.06907212619781489,41-60
MWM_AccDiff,43,58,9,ce,,,0.1,71.44,0.8123370244979858,75.78,0.7098039542675019,7.0,72.94,72.94,72.72,0.7999695955276489,4.340000000000003,-0.10253307023048397,41-60
MWM_AccDiff,43,58,3,kd,6.0,72.58,0.1,71.04,0.8877642351150513,70.18,0.8974774326324463,,,,,,-0.8599999999999994,0.009713197517394967,41-60
MWM_AccDiff,43,58,5,kd,7.0,72.94,0.1,71.12,0.8485061761856079,72.42,0.8251859575271606,,,,,,1.2999999999999972,-0.023320218658447245,41-60
MWM_AccDiff,43,59,3,kd,4.0,72.56,0.1,70.18,0.8974774326324463,71.28,0.8288606477737427,,,,,,1.0999999999999943,-0.0686167848587036,41-60
MWM_AccDiff,43,59,2,ce,,,0.1,72.46,0.8042246974945069,72.42,0.8094652188777923,9.0,75.78,75.78,73.54,0.7679751655101776,-0.03999999999999204,0.005240521383285457,41-60
MWM_AccDiff,43,59,8,kd,9.0,75.78,0.1,72.36,0.8076237603187562,74.92,0.7530745391845703,,,,,,2.5600000000000023,-0.05454922113418581,41-60
MWM_AccDiff,43,59,1,kd,6.0,72.58,0.1,71.5,0.8241474360466003,71.1,0.8544397331237793,,,,,,-0.4000000000000057,0.030292297077178953,41-60
MWM_AccDiff,43,59,5,kd,7.0,72.94,0.1,72.42,0.8251859575271606,70.2,0.8804898146629333,,,,,,-2.219999999999999,0.05530385713577268,41-60
MWM_AccDiff,43,60,4,kd,7.0,72.94,0.1,72.56,0.7989073942184448,72.04,0.8356110226631165,,,,,,-0.519999999999996,0.036703628444671677,41-60
MWM_AccDiff,43,60,3,kd,9.0,75.78,0.1,71.28,0.8288606477737427,73.88,0.7961882229804993,,,,,,2.5999999999999943,-0.03267242479324339,41-60
MWM_AccDiff,43,60,5,ce,,,0.1,70.2,0.8804898146629333,69.22,0.909128045463562,9.0,75.78,75.78,73.02,0.7869345036506653,-0.980000000000004,0.02863823080062866,41-60
MWM_AccDiff,43,60,1,kd,6.0,72.58,0.1,71.1,0.8544397331237793,72.46,0.819505953502655,,,,,,1.3599999999999994,-0.03493377962112432,41-60
MWM_AccDiff,43,60,2,kd,8.0,74.92,0.1,72.42,0.8094652188777923,74.12,0.7794239337444305,,,,,,1.7000000000000028,-0.030041285133361795,41-60
MWM_AccDiff,43,61,7,ce,,,0.1,72.94,0.8015616823196411,73.34,0.7993078636169434,9.0,75.78,75.78,72.4,0.8333346548080445,0.4000000000000057,-0.0022538187026976964,61-80
MWM_AccDiff,43,61,1,kd,2.0,74.12,0.1,72.46,0.819505953502655,71.32,0.8697855567932129,,,,,,-1.1400000000000006,0.05027960329055792,61-80
MWM_AccDiff,43,61,4,kd,9.0,75.78,0.1,72.04,0.8356110226631165,73.68,0.784907818031311,,,,,,1.6400000000000006,-0.05070320463180544,61-80
MWM_AccDiff,43,61,6,kd,8.0,74.92,0.1,72.58,0.8022536418914795,72.96,0.8043224409103393,,,,,,0.37999999999999545,0.0020687990188598127,61-80
MWM_AccDiff,43,61,5,kd,3.0,73.88,0.1,69.22,0.909128045463562,72.86,0.8240834403038025,,,,,,3.6400000000000006,-0.08504460515975942,61-80
MWM_AccDiff,43,62,1,kd,2.0,74.12,0.1,71.32,0.8697855567932129,72.42,0.8265878232955932,,,,,,1.1000000000000085,-0.043197733497619684,61-80
MWM_AccDiff,43,62,4,ce,,,0.1,73.68,0.784907818031311,73.04,0.7819376137733459,9.0,75.78,75.78,73.3,0.8050927566051483,-0.6400000000000006,-0.0029702042579651255,61-80
MWM_AccDiff,43,62,7,kd,8.0,74.92,0.1,73.34,0.7993078636169434,74.38,0.7515646152973176,,,,,,1.039999999999992,-0.04774324831962584,61-80
MWM_AccDiff,43,62,6,kd,9.0,75.78,0.1,72.96,0.8043224409103393,71.9,0.8600691553115845,,,,,,-1.059999999999988,0.05574671440124512,61-80
MWM_AccDiff,43,62,5,kd,3.0,73.88,0.1,72.86,0.8240834403038025,73.22,0.7977946110725402,,,,,,0.35999999999999943,-0.0262888292312623,61-80
MWM_AccDiff,43,63,6,kd,2.0,74.12,0.1,71.9,0.8600691553115845,73.64,0.7992812077522278,,,,,,1.7399999999999949,-0.06078794755935668,61-80
MWM_AccDiff,43,63,3,ce,,,0.1,73.88,0.7961882229804993,70.24,0.8995993726730347,9.0,75.78,75.78,71.76,0.8641047931671143,-3.6400000000000006,0.1034111496925354,61-80
MWM_AccDiff,43,63,1,kd,7.0,74.38,0.1,72.42,0.8265878232955932,71.8,0.8383830589294433,,,,,,-0.6200000000000045,0.011795235633850099,61-80
MWM_AccDiff,43,63,5,kd,8.0,74.92,0.1,73.22,0.7977946110725402,73.62,0.8020741973876954,,,,,,0.4000000000000057,0.004279586315155126,61-80
MWM_AccDiff,43,63,4,kd,9.0,75.78,0.1,73.04,0.7819376137733459,74.46,0.7815735066413879,,,,,,1.4199999999999875,-0.0003641071319580025,61-80
MWM_AccDiff,43,64,3,kd,8.0,74.92,0.1,70.24,0.8995993726730347,73.54,0.79342914686203,,,,,,3.3000000000000114,-0.10617022581100466,61-80
MWM_AccDiff,43,64,6,kd,9.0,75.78,0.1,73.64,0.7992812077522278,74.86,0.754594384098053,,,,,,1.2199999999999989,-0.04468682365417476,61-80
MWM_AccDiff,43,64,5,kd,7.0,74.38,0.1,73.62,0.8020741973876954,73.96,0.7764470626354217,,,,,,0.3399999999999892,-0.025627134752273628,61-80
MWM_AccDiff,43,64,1,kd,4.0,74.46,0.1,71.8,0.8383830589294433,72.72,0.8450916420936585,,,,,,0.9200000000000017,0.006708583164215187,61-80
MWM_AccDiff,43,64,2,ce,,,0.1,74.12,0.7794239337444305,70.86,0.915299765586853,9.0,75.78,75.78,74.68,0.7380726482868195,-3.260000000000005,0.13587583184242247,61-80
MWM_AccDiff,43,65,7,ce,,,0.1,74.38,0.7515646152973176,70.42,0.8823318888664246,9.0,75.78,75.78,74.36,0.7785916380643845,-3.9599999999999937,0.130767273569107,61-80
MWM_AccDiff,43,65,3,kd,9.0,75.78,0.1,73.54,0.79342914686203,73.26,0.7839662828445435,,,,,,-0.28000000000000114,-0.009462864017486528,61-80
MWM_AccDiff,43,65,5,kd,4.0,74.46,0.1,73.96,0.7764470626354217,72.84,0.818358465051651,,,,,,-1.1199999999999903,0.04191140241622926,61-80
MWM_AccDiff,43,65,1,kd,8.0,74.92,0.1,72.72,0.8450916420936585,74.04,0.7817485830783844,,,,,,1.3200000000000074,-0.06334305901527415,61-80
MWM_AccDiff,43,65,2,kd,6.0,74.86,0.1,70.86,0.915299765586853,74.68,0.7510861854076385,,,,,,3.8200000000000074,-0.1642135801792145,61-80
MWM_AccDiff,43,66,3,kd,8.0,74.92,0.1,73.26,0.7839662828445435,73.46,0.8098343689918518,,,,,,0.19999999999998863,0.02586808614730829,61-80
MWM_AccDiff,43,66,1,kd,2.0,74.68,0.1,74.04,0.7817485830783844,73.28,0.8062956950426101,,,,,,-0.7600000000000051,0.024547111964225765,61-80
MWM_AccDiff,43,66,4,ce,,,0.1,74.46,0.7815735066413879,73.78,0.7791547828674317,9.0,75.78,75.78,75.24,0.7492756233930588,-0.6799999999999926,-0.002418723773956244,61-80
MWM_AccDiff,43,66,7,kd,6.0,74.86,0.1,70.42,0.8823318888664246,72.68,0.8259679475784302,,,,,,2.260000000000005,-0.05636394128799438,61-80
MWM_AccDiff,43,66,5,kd,9.0,75.78,0.1,72.84,0.818358465051651,74.4,0.7597733777999878,,,,,,1.5600000000000023,-0.058585087251663226,61-80
MWM_AccDiff,43,67,3,kd,9.0,75.78,0.1,73.46,0.8098343689918518,75.62,0.7322376908779145,,,,,,2.160000000000011,-0.07759667811393733,61-80
MWM_AccDiff,43,67,1,kd,8.0,74.92,0.1,73.28,0.8062956950426101,73.42,0.7881731972217559,,,,,,0.14000000000000057,-0.018122497820854178,61-80
MWM_AccDiff,43,67,4,kd,2.0,74.68,0.1,73.78,0.7791547828674317,75.06,0.7446163305997848,,,,,,1.2800000000000011,-0.034538452267646846,61-80
MWM_AccDiff,43,67,7,kd,6.0,74.86,0.1,72.68,0.8259679475784302,74.62,0.7518165214061737,,,,,,1.9399999999999977,-0.07415142617225645,61-80
MWM_AccDiff,43,67,5,ce,,,0.1,74.4,0.7597733777999878,66.84,1.017518213891983,9.0,75.78,75.78,73.16,0.7823636795997619,-7.560000000000002,0.25774483609199517,61-80
MWM_AccDiff,43,68,2,kd,9.0,75.78,0.1,74.68,0.7510861854076385,74.96,0.742144126701355,,,,,,0.2799999999999869,-0.008942058706283507,61-80
MWM_AccDiff,43,68,1,kd,4.0,75.06,0.1,73.42,0.7881731972217559,72.42,0.8232038942337037,,,,,,-1.0,0.03503069701194772,61-80
MWM_AccDiff,43,68,6,ce,,,0.1,74.86,0.754594384098053,73.72,0.7531564470291138,9.0,75.78,75.78,74.14,0.78377036485672,-1.1400000000000006,-0.0014379370689392434,61-80
MWM_AccDiff,43,68,5,kd,3.0,75.62,0.1,66.84,1.017518213891983,75.42,0.7387988639831543,,,,,,8.579999999999998,-0.27871934990882863,61-80
MWM_AccDiff,43,68,7,kd,8.0,74.92,0.1,74.62,0.7518165214061737,74.08,0.7777534188270568,,,,,,-0.5400000000000063,0.02593689742088312,61-80
MWM_AccDiff,43,69,7,kd,5.0,75.42,0.1,74.08,0.7777534188270568,74.66,0.7612534627914429,,,,,,0.5799999999999983,-0.01649995603561394,61-80
MWM_AccDiff,43,69,2,kd,9.0,75.78,0.1,74.96,0.742144126701355,75.68,0.7228090305805206,,,,,,0.7200000000000131,-0.019335096120834394,61-80
MWM_AccDiff,43,69,1,kd,4.0,75.06,0.1,72.42,0.8232038942337037,74.12,0.7850482283592224,,,,,,1.7000000000000028,-0.03815566587448127,61-80
MWM_AccDiff,43,69,8,ce,,,0.1,74.92,0.7530745391845703,72.66,0.7995095991134643,9.0,75.78,75.78,73.84,0.7886456670284271,-2.260000000000005,0.04643505992889396,61-80
MWM_AccDiff,43,69,6,kd,3.0,75.62,0.1,73.72,0.7531564470291138,75.1,0.7458495809555054,,,,,,1.3799999999999955,-0.00730686607360842,61-80
MWM_AccDiff,43,70,4,ce,,,0.1,75.06,0.7446163305997848,75.92,0.6960939531326293,9.0,75.78,75.78,75.5,0.7167835302829743,0.8599999999999994,-0.048522377467155486,61-80
MWM_AccDiff,43,70,1,kd,5.0,75.42,0.1,74.12,0.7850482283592224,74.76,0.7706859833240509,,,,,,0.6400000000000006,-0.014362245035171473,61-80
MWM_AccDiff,43,70,6,kd,9.0,75.78,0.1,75.1,0.7458495809555054,75.24,0.7376118205547333,,,,,,0.14000000000000057,-0.008237760400772065,61-80
MWM_AccDiff,43,70,7,kd,3.0,75.62,0.1,74.66,0.7612534627914429,73.26,0.794627105808258,,,,,,-1.3999999999999915,0.03337364301681511,61-80
MWM_AccDiff,43,70,8,kd,2.0,75.68,0.1,72.66,0.7995095991134643,74.18,0.773762662601471,,,,,,1.5200000000000102,-0.025746936511993335,61-80
MWM_AccDiff,43,71,7,kd,4.0,75.92,0.1,73.26,0.794627105808258,74.06,0.7646782444477082,,,,,,0.7999999999999972,-0.02994886136054986,61-80
MWM_AccDiff,43,71,1,kd,2.0,75.68,0.1,74.76,0.7706859833240509,74.84,0.7507938311100006,,,,,,0.0799999999999983,-0.019892152214050274,61-80
MWM_AccDiff,43,71,8,kd,9.0,75.78,0.1,74.18,0.773762662601471,73.9,0.7900752800941467,,,,,,-0.28000000000000114,0.016312617492675763,61-80
MWM_AccDiff,43,71,5,ce,,,0.1,75.42,0.7387988639831543,73.16,0.7750411143779755,4.0,75.92,75.92,75.0,0.7430570094585419,-2.260000000000005,0.03624225039482121,61-80
MWM_AccDiff,43,71,6,kd,3.0,75.62,0.1,75.24,0.7376118205547333,73.64,0.7769371379852295,,,,,,-1.5999999999999943,0.039325317430496165,61-80
MWM_AccDiff,43,72,1,ce,,,0.1,74.84,0.7507938311100006,72.88,0.7966315830230712,4.0,75.92,75.92,73.84,0.802452868938446,-1.960000000000008,0.0458377519130706,61-80
MWM_AccDiff,43,72,5,kd,4.0,75.92,0.1,73.16,0.7750411143779755,74.34,0.771519552230835,,,,,,1.1800000000000068,-0.0035215621471405,61-80
MWM_AccDiff,43,72,7,kd,3.0,75.62,0.1,74.06,0.7646782444477082,74.44,0.7770657380104065,,,,,,0.37999999999999545,0.012387493562698304,61-80
MWM_AccDiff,43,72,8,kd,2.0,75.68,0.1,73.9,0.7900752800941467,74.82,0.7586207972526551,,,,,,0.9199999999999875,-0.03145448284149166,61-80
MWM_AccDiff,43,72,6,kd,9.0,75.78,0.1,73.64,0.7769371379852295,75.04,0.7341967371940613,,,,,,1.4000000000000057,-0.04274040079116814,61-80
MWM_AccDiff,43,73,1,kd,9.0,75.78,0.1,72.88,0.7966315830230712,74.3,0.7780316198825836,,,,,,1.4200000000000017,-0.01859996314048762,61-80
MWM_AccDiff,43,73,6,ce,,,0.1,75.04,0.7341967371940613,73.4,0.7464828640937805,4.0,75.92,75.92,74.22,0.7597581085205078,-1.6400000000000006,0.012286126899719196,61-80
MWM_AccDiff,43,73,8,kd,3.0,75.62,0.1,74.82,0.7586207972526551,73.7,0.8010703266143799,,,,,,-1.1199999999999903,0.04244952936172486,61-80
MWM_AccDiff,43,73,7,kd,4.0,75.92,0.1,74.44,0.7770657380104065,74.9,0.7426260366916656,,,,,,0.46000000000000796,-0.034439701318740856,61-80
MWM_AccDiff,43,73,5,kd,2.0,75.68,0.1,74.34,0.771519552230835,74.46,0.7699358021259308,,,,,,0.11999999999999034,-0.0015837501049041913,61-80
MWM_AccDiff,43,74,7,ce,,,0.1,74.9,0.7426260366916656,74.06,0.7632440237045288,4.0,75.92,75.92,73.12,0.7965472070217132,-0.8400000000000034,0.020617987012863215,61-80
MWM_AccDiff,43,74,1,kd,2.0,75.68,0.1,74.3,0.7780316198825836,74.18,0.7885887061595916,,,,,,-0.11999999999999034,0.010557086277008021,61-80
MWM_AccDiff,43,74,6,kd,4.0,75.92,0.1,73.4,0.7464828640937805,73.98,0.7656492351055145,,,,,,0.5799999999999983,0.019166371011734018,61-80
MWM_AccDiff,43,74,8,kd,9.0,75.78,0.1,73.7,0.8010703266143799,74.8,0.7523653304576874,,,,,,1.0999999999999943,-0.04870499615669255,61-80
MWM_AccDiff,43,74,5,kd,3.0,75.62,0.1,74.46,0.7699358021259308,75.32,0.7470957083702088,,,,,,0.8599999999999994,-0.022840093755722046,61-80
MWM_AccDiff,43,75,6,kd,4.0,75.92,0.1,73.98,0.7656492351055145,74.46,0.7763569954872132,,,,,,0.47999999999998977,0.010707760381698628,61-80
MWM_AccDiff,43,75,8,kd,3.0,75.62,0.1,74.8,0.7523653304576874,74.18,0.7749351319789887,,,,,,-0.6199999999999903,0.02256980152130128,61-80
MWM_AccDiff,43,75,7,kd,2.0,75.68,0.1,74.06,0.7632440237045288,75.32,0.7575986102104187,,,,,,1.259999999999991,-0.005645413494110074,61-80
MWM_AccDiff,43,75,5,ce,,,0.1,75.32,0.7470957083702088,71.64,0.8377049694776535,4.0,75.92,75.92,74.64,0.7884324770927429,-3.6799999999999926,0.09060926110744472,61-80
MWM_AccDiff,43,75,1,kd,9.0,75.78,0.1,74.18,0.7885887061595916,74.92,0.7361081841945648,,,,,,0.7399999999999949,-0.05248052196502684,61-80
MWM_AccDiff,43,76,7,ce,,,0.1,75.32,0.7575986102104187,73.64,0.7833506867408753,4.0,75.92,75.92,75.22,0.7311958773612977,-1.6799999999999926,0.025752076530456525,61-80
MWM_AccDiff,43,76,6,kd,2.0,75.68,0.1,74.46,0.7763569954872132,75.22,0.7466787792682648,,,,,,0.7600000000000051,-0.029678216218948394,61-80
MWM_AccDiff,43,76,5,kd,4.0,75.92,0.1,71.64,0.8377049694776535,74.9,0.7617780152320862,,,,,,3.260000000000005,-0.07592695424556728,61-80
MWM_AccDiff,43,76,8,kd,9.0,75.78,0.1,74.18,0.7749351319789887,74.06,0.7777604997158051,,,,,,-0.12000000000000455,0.0028253677368164087,61-80
MWM_AccDiff,43,76,1,kd,3.0,75.62,0.1,74.92,0.7361081841945648,74.46,0.7628338816642761,,,,,,-0.46000000000000796,0.026725697469711318,61-80
MWM_AccDiff,43,77,7,kd,4.0,75.92,0.1,73.64,0.7833506867408753,75.58,0.7321221917629241,,,,,,1.9399999999999977,-0.05122849497795112,61-80
MWM_AccDiff,43,77,1,kd,2.0,75.68,0.1,74.46,0.7628338816642761,75.0,0.7581875807762146,,,,,,0.5400000000000063,-0.004646300888061505,61-80
MWM_AccDiff,43,77,6,ce,,,0.1,75.22,0.7466787792682648,72.5,0.8192697250843048,4.0,75.92,75.92,74.74,0.7475244349002839,-2.719999999999999,0.07259094581604009,61-80
MWM_AccDiff,43,77,8,kd,9.0,75.78,0.1,74.06,0.7777604997158051,74.72,0.7615408240795135,,,,,,0.6599999999999966,-0.016219675636291564,61-80
MWM_AccDiff,43,77,5,kd,3.0,75.62,0.1,74.9,0.7617780152320862,76.34,0.7351645318031311,,,,,,1.4399999999999977,-0.026613483428955087,61-80
MWM_AccDiff,43,78,7,ce,,,0.1,75.58,0.7321221917629241,69.9,0.9030270537376404,5.0,76.34,76.34,75.58,0.7414615959167481,-5.679999999999993,0.17090486197471622,61-80
MWM_AccDiff,43,78,1,kd,2.0,75.68,0.1,75.0,0.7581875807762146,74.62,0.7702800012111664,,,,,,-0.37999999999999545,0.012092420434951734,61-80
MWM_AccDiff,43,78,6,kd,5.0,76.34,0.1,72.5,0.8192697250843048,75.3,0.7509045889854431,,,,,,2.799999999999997,-0.06836513609886175,61-80
MWM_AccDiff,43,78,3,kd,4.0,75.92,0.1,75.62,0.7322376908779145,74.34,0.7671393600463867,,,,,,-1.2800000000000011,0.03490166916847226,61-80
MWM_AccDiff,43,78,8,kd,9.0,75.78,0.1,74.72,0.7615408240795135,74.94,0.7566284330368042,,,,,,0.21999999999999886,-0.004912391042709352,61-80
MWM_AccDiff,43,79,1,kd,4.0,75.92,0.1,74.62,0.7702800012111664,73.54,0.8034055857658386,,,,,,-1.0799999999999983,0.033125584554672294,61-80
MWM_AccDiff,43,79,6,ce,,,0.1,75.3,0.7509045889854431,74.06,0.7784892352104187,5.0,76.34,76.34,74.62,0.7725815293312073,-1.2399999999999949,0.027584646224975584,61-80
MWM_AccDiff,43,79,7,kd,9.0,75.78,0.1,69.9,0.9030270537376404,75.06,0.7387497023582459,,,,,,5.159999999999997,-0.16427735137939448,61-80
MWM_AccDiff,43,79,8,kd,2.0,75.68,0.1,74.94,0.7566284330368042,73.86,0.7829800765037537,,,,,,-1.0799999999999983,0.026351643466949515,61-80
MWM_AccDiff,43,79,3,kd,5.0,76.34,0.1,74.34,0.7671393600463867,74.64,0.7756060035228729,,,,,,0.29999999999999716,0.00846664347648618,61-80
MWM_AccDiff,43,80,7,ce,,,0.1,75.06,0.7387497023582459,72.16,0.8087653464794159,5.0,76.34,76.34,74.42,0.7742105522632599,-2.9000000000000057,0.07001564412117,61-80
MWM_AccDiff,43,80,1,kd,4.0,75.92,0.1,73.54,0.8034055857658386,73.9,0.7771501022338867,,,,,,0.35999999999999943,-0.02625548353195195,61-80
MWM_AccDiff,43,80,8,kd,9.0,75.78,0.1,73.86,0.7829800765037537,74.2,0.7706862981796264,,,,,,0.3400000000000034,-0.012293778324127258,61-80
MWM_AccDiff,43,80,6,kd,5.0,76.34,0.1,74.06,0.7784892352104187,74.78,0.7504991736412049,,,,,,0.7199999999999989,-0.027990061569213798,61-80
MWM_AccDiff,43,80,3,kd,2.0,75.68,0.1,74.64,0.7756060035228729,73.7,0.797367777633667,,,,,,-0.9399999999999977,0.021761774110794052,61-80
MWM_AccDiff,43,81,1,kd,4.0,75.92,0.1,73.9,0.7771501022338867,74.3,0.7910484760284424,,,,,,0.3999999999999915,0.013898373794555718,81-100
MWM_AccDiff,43,81,6,ce,,,0.1,74.78,0.7504991736412049,72.88,0.7921019294738769,5.0,76.34,76.34,75.08,0.7522675484657287,-1.9000000000000057,0.041602755832672034,81-100
MWM_AccDiff,43,81,7,kd,9.0,75.78,0.1,72.16,0.8087653464794159,75.26,0.7299598780155182,,,,,,3.1000000000000085,-0.07880546846389769,81-100
MWM_AccDiff,43,81,8,kd,2.0,75.68,0.1,74.2,0.7706862981796264,75.04,0.7482570894241333,,,,,,0.8400000000000034,-0.022429208755493146,81-100
MWM_AccDiff,43,81,3,kd,5.0,76.34,0.1,73.7,0.797367777633667,74.6,0.781566561126709,,,,,,0.8999999999999915,-0.015801216506957982,81-100
MWM_AccDiff,43,82,7,ce,,,0.1,75.26,0.7299598780155182,75.36,0.7426560426712037,5.0,76.34,76.34,75.94,0.7358913193702697,0.09999999999999432,0.01269616465568546,81-100
MWM_AccDiff,43,82,1,kd,4.0,75.92,0.1,74.3,0.7910484760284424,74.24,0.7779620822906494,,,,,,-0.060000000000002274,-0.013086393737792967,81-100
MWM_AccDiff,43,82,3,kd,5.0,76.34,0.1,74.6,0.781566561126709,74.04,0.796080972290039,,,,,,-0.5599999999999881,0.014514411163330077,81-100
MWM_AccDiff,43,82,8,kd,2.0,75.68,0.1,75.04,0.7482570894241333,72.66,0.831007100200653,,,,,,-2.3800000000000097,0.08275001077651978,81-100
MWM_AccDiff,43,82,6,kd,9.0,75.78,0.1,72.88,0.7921019294738769,76.7,0.6840794211387634,,,,,,3.8200000000000074,-0.10802250833511351,81-100
MWM_AccDiff,43,83,8,kd,4.0,75.92,0.1,72.66,0.831007100200653,74.0,0.7648891957759857,,,,,,1.3400000000000034,-0.06611790442466736,81-100
MWM_AccDiff,43,83,1,kd,5.0,76.34,0.1,74.24,0.7779620822906494,73.92,0.787511834526062,,,,,,-0.3199999999999932,0.009549752235412545,81-100
MWM_AccDiff,43,83,7,kd,9.0,75.78,0.1,75.36,0.7426560426712037,75.86,0.7250929581165314,,,,,,0.5,-0.01756308455467226,81-100
MWM_AccDiff,43,83,2,ce,,,0.1,75.68,0.7228090305805206,73.16,0.8066212064504623,6.0,76.7,76.7,74.36,0.7676876634597778,-2.5200000000000102,0.08381217586994172,81-100
MWM_AccDiff,43,83,3,kd,6.0,76.7,0.1,74.04,0.796080972290039,75.2,0.7438047064781189,,,,,,1.1599999999999966,-0.05227626581192013,81-100
MWM_AccDiff,43,84,2,kd,4.0,75.92,0.1,73.16,0.8066212064504623,75.02,0.7512548198699951,,,,,,1.8599999999999994,-0.05536638658046722,81-100
MWM_AccDiff,43,84,1,kd,5.0,76.34,0.1,73.92,0.787511834526062,74.24,0.7839921447753906,,,,,,0.3199999999999932,-0.0035196897506714064,81-100
MWM_AccDiff,43,84,3,kd,7.0,75.86,0.1,75.2,0.7438047064781189,73.2,0.79147658867836,,,,,,-2.0,0.0476718822002411,81-100
MWM_AccDiff,43,84,8,kd,6.0,76.7,0.1,74.0,0.7648891957759857,74.64,0.7491595239639283,,,,,,0.6400000000000006,-0.015729671812057422,81-100
MWM_AccDiff,43,84,9,ce,,,0.1,75.78,0.7098039542675019,76.32,0.7049308021068573,6.0,76.7,76.7,74.76,0.7460226066112519,0.539999999999992,-0.004873152160644545,81-100
MWM_AccDiff,43,85,7,ce,,,0.1,75.86,0.7250929581165314,75.12,0.7276809579372406,6.0,76.7,76.7,75.9,0.709778111743927,-0.7399999999999949,0.0025879998207092303,81-100
MWM_AccDiff,43,85,2,kd,4.0,75.92,0.1,75.02,0.7512548198699951,75.06,0.7370658774852753,,,,,,0.04000000000000625,-0.014188942384719794,81-100
MWM_AccDiff,43,85,8,kd,9.0,76.32,0.1,74.64,0.7491595239639283,72.32,0.8501595387458801,,,,,,-2.3200000000000074,0.10100001478195186,81-100
MWM_AccDiff,43,85,1,kd,6.0,76.7,0.1,74.24,0.7839921447753906,73.9,0.7642953863143921,,,,,,-0.3399999999999892,-0.019696758460998498,81-100
MWM_AccDiff,43,85,3,kd,5.0,76.34,0.1,73.2,0.79147658867836,74.6,0.7692443732261658,,,,,,1.3999999999999915,-0.022232215452194226,81-100
MWM_AccDiff,43,86,1,kd,4.0,75.92,0.1,73.9,0.7642953863143921,74.1,0.7690803577423095,,,,,,0.19999999999998863,0.0047849714279174504,81-100
MWM_AccDiff,43,86,7,kd,6.0,76.7,0.1,75.12,0.7276809579372406,76.52,0.6909720565795898,,,,,,1.3999999999999915,-0.036708901357650814,81-100
MWM_AccDiff,43,86,2,ce,,,0.1,75.06,0.7370658774852753,74.62,0.7419550935745239,6.0,76.7,76.7,75.24,0.714481711769104,-0.4399999999999977,0.004889216089248638,81-100
MWM_AccDiff,43,86,3,kd,9.0,76.32,0.1,74.6,0.7692443732261658,72.58,0.8220626903533935,,,,,,-2.019999999999996,0.05281831712722773,81-100
MWM_AccDiff,43,86,8,kd,5.0,76.34,0.1,72.32,0.8501595387458801,73.68,0.8002413063049316,,,,,,1.3600000000000136,-0.04991823244094851,81-100
MWM_AccDiff,43,87,4,ce,,,0.1,75.92,0.6960939531326293,75.18,0.7303595305919647,6.0,76.7,76.7,75.28,0.7462143973350525,-0.7399999999999949,0.03426557745933534,81-100
MWM_AccDiff,43,87,1,kd,5.0,76.34,0.1,74.1,0.7690803577423095,74.08,0.7818289040088654,,,,,,-0.01999999999999602,0.01274854626655586,81-100
MWM_AccDiff,43,87,8,kd,7.0,76.52,0.1,73.68,0.8002413063049316,74.64,0.7742083487510681,,,,,,0.9599999999999937,-0.02603295755386348,81-100
MWM_AccDiff,43,87,2,kd,9.0,76.32,0.1,74.62,0.7419550935745239,75.54,0.7385136800765991,,,,,,0.9200000000000017,-0.0034414134979248168,81-100
MWM_AccDiff,43,87,3,kd,6.0,76.7,0.1,72.58,0.8220626903533935,74.46,0.7480280929565429,,,,,,1.8799999999999955,-0.07403459739685059,81-100
MWM_AccDiff,43,88,8,kd,7.0,76.52,0.1,74.64,0.7742083487510681,74.78,0.7660895424842834,,,,,,0.14000000000000057,-0.00811880626678474,81-100
MWM_AccDiff,43,88,4,kd,9.0,76.32,0.1,75.18,0.7303595305919647,73.56,0.7644319388389588,,,,,,-1.6200000000000045,0.03407240824699409,81-100
MWM_AccDiff,43,88,2,ce,,,0.1,75.54,0.7385136800765991,75.72,0.6993818048477173,6.0,76.7,76.7,74.98,0.7435744438171387,0.1799999999999926,-0.03913187522888184,81-100
MWM_AccDiff,43,88,1,kd,6.0,76.7,0.1,74.08,0.7818289040088654,75.08,0.7481197117805481,,,,,,1.0,-0.03370919222831725,81-100
MWM_AccDiff,43,88,3,kd,5.0,76.34,0.1,74.46,0.7480280929565429,74.82,0.7681046703338623,,,,,,0.35999999999999943,0.020076577377319382,81-100
MWM_AccDiff,43,89,3,kd,7.0,76.52,0.1,74.82,0.7681046703338623,74.96,0.7635174840927124,,,,,,0.14000000000000057,-0.004587186241149954,81-100
MWM_AccDiff,43,89,1,kd,9.0,76.32,0.1,75.08,0.7481197117805481,72.54,0.8223364130973816,,,,,,-2.539999999999992,0.07421670131683344,81-100
MWM_AccDiff,43,89,4,kd,6.0,76.7,0.1,73.56,0.7644319388389588,75.04,0.7416826230049133,,,,,,1.480000000000004,-0.02274931583404549,81-100
MWM_AccDiff,43,89,2,ce,,,0.1,75.72,0.6993818048477173,74.92,0.7396627070426941,6.0,76.7,76.7,75.56,0.714001988697052,-0.7999999999999972,0.04028090219497682,81-100
MWM_AccDiff,43,89,8,kd,5.0,76.34,0.1,74.78,0.7660895424842834,74.86,0.7787545846939087,,,,,,0.0799999999999983,0.012665042209625277,81-100
MWM_AccDiff,43,90,2,kd,6.0,76.7,0.1,74.92,0.7396627070426941,75.72,0.6993506042480468,,,,,,0.7999999999999972,-0.04031210279464725,81-100
MWM_AccDiff,43,90,4,ce,,,0.1,75.04,0.7416826230049133,74.68,0.7615347451686859,6.0,76.7,76.7,75.72,0.724711581325531,-0.35999999999999943,0.019852122163772634,81-100
MWM_AccDiff,43,90,1,kd,5.0,76.34,0.1,72.54,0.8223364130973816,75.3,0.7427027132034302,,,,,,2.759999999999991,-0.07963369989395142,81-100
MWM_AccDiff,43,90,3,kd,7.0,76.52,0.1,74.96,0.7635174840927124,74.46,0.7576391102790833,,,,,,-0.5,-0.005878373813629101,81-100
MWM_AccDiff,43,90,8,kd,9.0,76.32,0.1,74.86,0.7787545846939087,73.52,0.7836418012619019,,,,,,-1.3400000000000034,0.00488721656799318,81-100
MWM_AccDiff,43,91,8,kd,7.0,76.52,0.1,73.52,0.7836418012619019,73.94,0.7823030211448669,,,,,,0.4200000000000017,-0.0013387801170349212,81-100
MWM_AccDiff,43,91,2,ce,,,0.1,75.72,0.6993506042480468,74.64,0.7175194711685181,6.0,76.7,76.7,76.18,0.6969441142559052,-1.0799999999999983,0.01816886692047126,81-100
MWM_AccDiff,43,91,4,kd,5.0,76.34,0.1,74.68,0.7615347451686859,75.98,0.7262874090194702,,,,,,1.2999999999999972,-0.03524733614921571,81-100
MWM_AccDiff,43,91,3,kd,6.0,76.7,0.1,74.46,0.7576391102790833,74.42,0.7656956029891968,,,,,,-0.03999999999999204,0.00805649271011355,81-100
MWM_AccDiff,43,91,1,kd,9.0,76.32,0.1,75.3,0.7427027132034302,74.52,0.7554004757881164,,,,,,-0.7800000000000011,0.012697762584686245,81-100
MWM_AccDiff,43,92,4,ce,,,0.1,75.98,0.7262874090194702,74.12,0.7443959147453308,6.0,76.7,76.7,75.78,0.717835710811615,-1.8599999999999994,0.018108505725860646,81-100
MWM_AccDiff,43,92,1,kd,5.0,76.34,0.1,74.52,0.7554004757881164,74.04,0.7897140936851501,,,,,,-0.47999999999998977,0.03431361789703369,81-100
MWM_AccDiff,43,92,8,kd,9.0,76.32,0.1,73.94,0.7823030211448669,74.18,0.7725770877838135,,,,,,0.2400000000000091,-0.00972593336105343,81-100
MWM_AccDiff,43,92,2,kd,7.0,76.52,0.1,74.64,0.7175194711685181,75.66,0.7175374693870544,,,,,,1.019999999999996,1.799821853631922e-05,81-100
MWM_AccDiff,43,92,3,kd,6.0,76.7,0.1,74.42,0.7656956029891968,75.56,0.7475412033081055,,,,,,1.1400000000000006,-0.018154399681091338,81-100
MWM_AccDiff,43,93,8,kd,6.0,76.7,0.1,74.18,0.7725770877838135,75.32,0.7446437602043152,,,,,,1.1399999999999864,-0.02793332757949829,81-100
MWM_AccDiff,43,93,4,kd,5.0,76.34,0.1,74.12,0.7443959147453308,76.44,0.723192609500885,,,,,,2.319999999999993,-0.021203305244445803,81-100
MWM_AccDiff,43,93,1,kd,7.0,76.52,0.1,74.04,0.7897140936851501,73.66,0.804255981349945,,,,,,-0.38000000000000966,0.014541887664794917,81-100
MWM_AccDiff,43,93,3,kd,9.0,76.32,0.1,75.56,0.7475412033081055,72.88,0.7998128052711487,,,,,,-2.680000000000007,0.05227160196304326,81-100
MWM_AccDiff,43,93,2,ce,,,0.1,75.66,0.7175374693870544,75.66,0.7170213062286377,6.0,76.7,76.7,75.76,0.7188772601127624,0.0,-0.0005161631584167381,81-100
MWM_AccDiff,43,94,8,kd,4.0,76.44,0.1,75.32,0.7446437602043152,73.96,0.8021283027172088,,,,,,-1.3599999999999994,0.05748454251289359,81-100
MWM_AccDiff,43,94,3,kd,7.0,76.52,0.1,72.88,0.7998128052711487,75.1,0.7488622838974,,,,,,2.219999999999999,-0.05095052137374878,81-100
MWM_AccDiff,43,94,9,ce,,,0.1,76.32,0.7049308021068573,76.12,0.7073803242206573,6.0,76.7,76.7,74.92,0.7364693630695343,-0.19999999999998863,0.0024495221138000067,81-100
MWM_AccDiff,43,94,1,kd,6.0,76.7,0.1,73.66,0.804255981349945,74.3,0.763268681049347,,,,,,0.6400000000000006,-0.04098730030059805,81-100
MWM_AccDiff,43,94,2,kd,5.0,76.34,0.1,75.66,0.7170213062286377,75.06,0.7433273910999298,,,,,,-0.5999999999999943,0.026306084871292157,81-100
MWM_AccDiff,43,95,8,kd,7.0,76.52,0.1,73.96,0.8021283027172088,75.16,0.7533559845924378,,,,,,1.2000000000000028,-0.04877231812477101,81-100
MWM_AccDiff,43,95,9,ce,,,0.1,76.12,0.7073803242206573,76.26,0.7145726154565811,6.0,76.7,76.7,76.56,0.687170504617691,0.14000000000000057,0.007192291235923798,81-100
MWM_AccDiff,43,95,1,kd,4.0,76.44,0.1,74.3,0.763268681049347,74.76,0.7752241633415222,,,,,,0.46000000000000796,0.011955482292175246,81-100
MWM_AccDiff,43,95,3,kd,6.0,76.7,0.1,75.1,0.7488622838974,74.76,0.750732515335083,,,,,,-0.3399999999999892,0.0018702314376830564,81-100
MWM_AccDiff,43,95,2,kd,5.0,76.34,0.1,75.06,0.7433273910999298,75.74,0.7407082975864411,,,,,,0.6799999999999926,-0.0026190935134887683,81-100
MWM_AccDiff,43,96,8,kd,4.0,76.44,0.1,75.16,0.7533559845924378,73.22,0.829020511674881,,,,,,-1.9399999999999977,0.0756645270824432,81-100
MWM_AccDiff,43,96,3,kd,7.0,76.52,0.1,74.76,0.750732515335083,74.16,0.7656384499549865,,,,,,-0.6000000000000085,0.014905934619903527,81-100
MWM_AccDiff,43,96,9,ce,,,0.1,76.26,0.7145726154565811,76.74,0.6736025925159455,6.0,76.7,76.7,76.82,0.6928776547431946,0.47999999999998977,-0.040970022940635675,81-100
MWM_AccDiff,43,96,1,kd,6.0,76.7,0.1,74.76,0.7752241633415222,75.38,0.7316857328414917,,,,,,0.6199999999999903,-0.04353843050003048,81-100
MWM_AccDiff,43,96,2,kd,5.0,76.34,0.1,75.74,0.7407082975864411,75.86,0.7341525847434998,,,,,,0.12000000000000455,-0.006555712842941319,81-100
MWM_AccDiff,43,97,2,kd,4.0,76.44,0.1,75.86,0.7341525847434998,75.8,0.7433404266357422,,,,,,-0.060000000000002274,0.009187841892242421,81-100
MWM_AccDiff,43,97,1,kd,7.0,76.52,0.1,75.38,0.7316857328414917,74.7,0.7559766060829163,,,,,,-0.6799999999999926,0.024290873241424538,81-100
MWM_AccDiff,43,97,3,kd,9.0,76.74,0.1,74.16,0.7656384499549865,70.66,0.9186319959640503,,,,,,-3.5,0.15299354600906379,81-100
MWM_AccDiff,43,97,8,kd,6.0,76.7,0.1,73.22,0.829020511674881,74.38,0.7670943450927734,,,,,,1.1599999999999966,-0.06192616658210759,81-100
MWM_AccDiff,43,97,5,ce,,,0.1,76.34,0.7351645318031311,74.5,0.7388527922391891,9.0,76.74,76.74,74.76,0.7628626408338547,-1.8400000000000034,0.0036882604360579663,81-100
MWM_AccDiff,43,98,1,kd,4.0,76.44,0.1,74.7,0.7559766060829163,74.42,0.7765310547828674,,,,,,-0.28000000000000114,0.020554448699951156,81-100
MWM_AccDiff,43,98,5,kd,7.0,76.52,0.1,74.5,0.7388527922391891,75.14,0.7364935655593872,,,,,,0.6400000000000006,-0.002359226679801929,81-100
MWM_AccDiff,43,98,2,ce,,,0.1,75.8,0.7433404266357422,72.46,0.8129417433261872,9.0,76.74,76.74,72.66,0.820071253156662,-3.3400000000000034,0.069601316690445,81-100
MWM_AccDiff,43,98,3,kd,9.0,76.74,0.1,70.66,0.9186319959640503,74.92,0.7440782678604126,,,,,,4.260000000000005,-0.17455372810363767,81-100
MWM_AccDiff,43,98,8,kd,6.0,76.7,0.1,74.38,0.7670943450927734,74.16,0.7596957843780517,,,,,,-0.21999999999999886,-0.007398560714721669,81-100
MWM_AccDiff,43,99,3,kd,4.0,76.44,0.1,74.92,0.7440782678604126,74.54,0.7835160977363587,,,,,,-0.37999999999999545,0.03943782987594602,81-100
MWM_AccDiff,43,99,2,kd,9.0,76.74,0.1,72.46,0.8129417433261872,76.14,0.7081925728797912,,,,,,3.680000000000007,-0.10474917044639598,81-100
MWM_AccDiff,43,99,1,kd,7.0,76.52,0.1,74.42,0.7765310547828674,74.96,0.7430424685478211,,,,,,0.539999999999992,-0.03348858623504636,81-100
MWM_AccDiff,43,99,5,ce,,,0.1,75.14,0.7364935655593872,75.8,0.7196787527799606,9.0,76.74,76.74,75.0,0.7564758866786957,0.6599999999999966,-0.016814812779426536,81-100
MWM_AccDiff,43,99,8,kd,6.0,76.7,0.1,74.16,0.7596957843780517,75.44,0.72421005153656,,,,,,1.2800000000000011,-0.0354857328414917,81-100
MWM_AccDiff,43,100,8,kd,7.0,76.52,0.1,75.44,0.72421005153656,75.0,0.7593984085083008,,,,,,-0.4399999999999977,0.03518835697174072,81-100
MWM_AccDiff,43,100,5,kd,4.0,76.44,0.1,75.8,0.7196787527799606,74.92,0.7628065179824829,,,,,,-0.8799999999999955,0.04312776520252226,81-100
MWM_AccDiff,43,100,2,ce,,,0.1,76.14,0.7081925728797912,74.64,0.7262063452720642,9.0,76.74,76.74,75.7,0.7150854786396027,-1.5,0.018013772392272975,81-100
MWM_AccDiff,43,100,3,kd,6.0,76.7,0.1,74.54,0.7835160977363587,74.48,0.7591020771980286,,,,,,-0.060000000000002274,-0.024414020538330083,81-100
MWM_AccDiff,43,100,1,kd,9.0,76.74,0.1,74.96,0.7430424685478211,73.76,0.792817286491394,,,,,,-1.1999999999999886,0.04977481794357297,81-100
MWM_AccDiff,43,101,8,kd,4.0,76.44,0.1,75.0,0.7593984085083008,73.48,0.8249792585372925,,,,,,-1.519999999999996,0.06558085002899172,101-120
MWM_AccDiff,43,101,2,kd,7.0,76.52,0.1,74.64,0.7262063452720642,76.14,0.6976387137889862,,,,,,1.5,-0.02856763148307795,101-120
MWM_AccDiff,43,101,5,ce,,,0.1,74.92,0.7628065179824829,74.44,0.748643208694458,9.0,76.74,76.74,75.3,0.7215506431341171,-0.480000000000004,-0.014163309288024895,101-120
MWM_AccDiff,43,101,3,kd,6.0,76.7,0.1,74.48,0.7591020771980286,75.04,0.7587815550327301,,,,,,0.5600000000000023,-0.00032052216529843136,101-120
MWM_AccDiff,43,101,1,kd,9.0,76.74,0.1,73.76,0.792817286491394,72.3,0.8150275528907776,,,,,,-1.460000000000008,0.022210266399383505,101-120
MWM_AccDiff,43,102,3,kd,4.0,76.44,0.1,75.04,0.7587815550327301,74.86,0.7668053955078125,,,,,,-0.18000000000000682,0.008023840475082311,101-120
MWM_AccDiff,43,102,5,kd,7.0,76.52,0.1,74.44,0.748643208694458,75.52,0.7272719717502594,,,,,,1.0799999999999983,-0.021371236944198624,101-120
MWM_AccDiff,43,102,2,ce,,,0.1,76.14,0.6976387137889862,76.9,0.6536474463939667,9.0,76.74,76.74,76.56,0.6917579653978347,0.7600000000000051,-0.04399126739501957,101-120
MWM_AccDiff,43,102,8,kd,6.0,76.7,0.1,73.48,0.8249792585372925,74.5,0.7762648665904999,,,,,,1.019999999999996,-0.04871439194679261,101-120
MWM_AccDiff,43,102,1,kd,9.0,76.74,0.1,72.3,0.8150275528907776,74.0,0.7765430934667588,,,,,,1.7000000000000028,-0.03848445942401879,101-120
MWM_AccDiff,43,103,1,kd,2.0,76.9,0.1,74.0,0.7765430934667588,74.64,0.7512253847122192,,,,,,0.6400000000000006,-0.025317708754539536,101-120
MWM_AccDiff,43,103,4,ce,,,0.1,76.44,0.723192609500885,70.56,0.901785198020935,2.0,76.9,76.9,76.24,0.6931188314437866,-5.8799999999999955,0.17859258852005,101-120
MWM_AccDiff,43,103,5,kd,7.0,76.52,0.1,75.52,0.7272719717502594,74.72,0.7733607232093811,,,,,,-0.7999999999999972,0.046088751459121724,101-120
MWM_AccDiff,43,103,8,kd,9.0,76.74,0.1,74.5,0.7762648665904999,72.14,0.8415093225479126,,,,,,-2.3599999999999994,0.06524445595741268,101-120
MWM_AccDiff,43,103,3,kd,6.0,76.7,0.1,74.86,0.7668053955078125,74.22,0.766284977054596,,,,,,-0.6400000000000006,-0.0005204184532164868,101-120
MWM_AccDiff,43,104,4,kd,2.0,76.9,0.1,70.56,0.901785198020935,76.6,0.6700913103580475,,,,,,6.039999999999992,-0.23169388766288757,101-120
MWM_AccDiff,43,104,1,kd,7.0,76.52,0.1,74.64,0.7512253847122192,73.6,0.8209643864631653,,,,,,-1.0400000000000063,0.06973900175094605,101-120
MWM_AccDiff,43,104,8,kd,9.0,76.74,0.1,72.14,0.8415093225479126,74.98,0.7570884566783905,,,,,,2.8400000000000034,-0.08442086586952202,101-120
MWM_AccDiff,43,104,5,ce,,,0.1,74.72,0.7733607232093811,75.52,0.7240747891426086,2.0,76.9,76.9,75.28,0.7203832579612732,0.7999999999999972,-0.04928593406677251,101-120
MWM_AccDiff,43,104,3,kd,6.0,76.7,0.1,74.22,0.766284977054596,74.04,0.7524917298316955,,,,,,-0.1799999999999926,-0.013793247222900429,101-120
MWM_AccDiff,43,105,7,ce,,,0.1,76.52,0.6909720565795898,75.6,0.7081462019920349,2.0,76.9,76.9,76.18,0.6840862731933594,-0.9200000000000017,0.017174145412445108,101-120
MWM_AccDiff,43,105,1,kd,2.0,76.9,0.1,73.6,0.8209643864631653,75.16,0.7142537390232087,,,,,,1.5600000000000023,-0.10671064743995662,101-120
MWM_AccDiff,43,105,5,kd,4.0,76.6,0.1,75.52,0.7240747891426086,76.02,0.6934734941005707,,,,,,0.5,-0.0306012950420379,101-120
MWM_AccDiff,43,105,3,kd,9.0,76.74,0.1,74.04,0.7524917298316955,73.96,0.7703969883680344,,,,,,-0.0800000000000125,0.01790525853633884,101-120
MWM_AccDiff,43,105,8,kd,6.0,76.7,0.1,74.98,0.7570884566783905,73.92,0.7851688842773438,,,,,,-1.0600000000000023,0.02808042759895324,101-120
MWM_AccDiff,43,106,7,kd,4.0,76.6,0.1,75.6,0.7081462019920349,76.74,0.6803865371227265,,,,,,1.1400000000000006,-0.027759664869308476,101-120
MWM_AccDiff,43,106,3,kd,2.0,76.9,0.1,73.96,0.7703969883680344,75.72,0.7194500443935394,,,,,,1.7600000000000051,-0.05094694397449495,101-120
MWM_AccDiff,43,106,8,kd,9.0,76.74,0.1,73.92,0.7851688842773438,73.62,0.7905121395587921,,,,,,-0.29999999999999716,0.0053432552814483,101-120
MWM_AccDiff,43,106,5,ce,,,0.1,76.02,0.6934734941005707,76.16,0.6887893943309784,2.0,76.9,76.9,75.8,0.7003221321582794,0.14000000000000057,-0.004684099769592276,101-120
MWM_AccDiff,43,106,1,kd,6.0,76.7,0.1,75.16,0.7142537390232087,74.66,0.7523020252227783,,,,,,-0.5,0.03804828619956968,101-120
MWM_AccDiff,43,107,1,kd,2.0,76.9,0.1,74.66,0.7523020252227783,75.8,0.7127906080722809,,,,,,1.1400000000000006,-0.03951141715049744,101-120
MWM_AccDiff,43,107,4,ce,,,0.1,76.6,0.6700913103580475,75.06,0.7426324776172638,2.0,76.9,76.9,75.42,0.6912170024394989,-1.539999999999992,0.07254116725921633,101-120
MWM_AccDiff,43,107,3,kd,7.0,76.74,0.1,75.72,0.7194500443935394,74.52,0.76255653591156,,,,,,-1.2000000000000028,0.043106491518020595,101-120
MWM_AccDiff,43,107,8,kd,9.0,76.74,0.1,73.62,0.7905121395587921,73.8,0.7535926106929779,,,,,,0.1799999999999926,-0.03691952886581418,101-120
MWM_AccDiff,43,107,5,kd,6.0,76.7,0.1,76.16,0.6887893943309784,76.62,0.6915499467849732,,,,,,0.46000000000000796,0.002760552453994758,101-120
MWM_AccDiff,43,108,3,kd,2.0,76.9,0.1,74.52,0.76255653591156,75.44,0.7161846687316894,,,,,,0.9200000000000017,-0.04637186717987063,101-120
MWM_AccDiff,43,108,8,kd,9.0,76.74,0.1,73.8,0.7535926106929779,75.76,0.7247847776174545,,,,,,1.960000000000008,-0.02880783307552337,101-120
MWM_AccDiff,43,108,5,ce,,,0.1,76.62,0.6915499467849732,77.16,0.6640699654102326,2.0,76.9,76.9,76.54,0.6859769811153412,0.539999999999992,-0.027479981374740614,101-120
MWM_AccDiff,43,108,1,kd,6.0,76.7,0.1,75.8,0.7127906080722809,75.5,0.7146780870437622,,,,,,-0.29999999999999716,0.0018874789714813378,101-120
MWM_AccDiff,43,108,4,kd,7.0,76.74,0.1,75.06,0.7426324776172638,75.6,0.7174171663284302,,,,,,0.539999999999992,-0.025215311288833586,101-120
MWM_AccDiff,43,109,1,kd,2.0,76.9,0.1,75.5,0.7146780870437622,75.58,0.7235432719707489,,,,,,0.0799999999999983,0.008865184926986625,101-120
MWM_AccDiff,43,109,8,kd,7.0,76.74,0.1,75.76,0.7247847776174545,74.92,0.7391512748718262,,,,,,-0.8400000000000034,0.014366497254371668,101-120
MWM_AccDiff,43,109,4,kd,5.0,77.16,0.1,75.6,0.7174171663284302,75.5,0.7266385232925415,,,,,,-0.09999999999999432,0.009221356964111305,101-120
MWM_AccDiff,43,109,6,ce,,,0.1,76.7,0.6840794211387634,71.72,0.8353775638580322,5.0,77.16,77.16,75.16,0.7376064616203308,-4.980000000000004,0.15129814271926878,101-120
MWM_AccDiff,43,109,3,kd,9.0,76.74,0.1,75.44,0.7161846687316894,74.14,0.7634670380830765,,,,,,-1.2999999999999972,0.04728236935138708,101-120
MWM_AccDiff,43,110,1,ce,,,0.1,75.58,0.7235432719707489,70.72,0.8702924290657044,5.0,77.16,77.16,74.16,0.7675917906761169,-4.859999999999999,0.1467491570949555,101-120
MWM_AccDiff,43,110,6,kd,2.0,76.9,0.1,71.72,0.8353775638580322,76.62,0.6794968341827392,,,,,,4.900000000000006,-0.15588072967529298,101-120
MWM_AccDiff,43,110,8,kd,9.0,76.74,0.1,74.92,0.7391512748718262,74.9,0.749623254942894,,,,,,-0.01999999999999602,0.010471980071067755,101-120
MWM_AccDiff,43,110,4,kd,7.0,76.74,0.1,75.5,0.7266385232925415,76.4,0.6917404262065887,,,,,,0.9000000000000057,-0.03489809708595282,101-120
MWM_AccDiff,43,110,3,kd,5.0,77.16,0.1,74.14,0.7634670380830765,75.46,0.7135492586135864,,,,,,1.3199999999999932,-0.04991777946949005,101-120
MWM_AccDiff,43,111,1,kd,5.0,77.16,0.1,70.72,0.8702924290657044,75.66,0.7103727432727813,,,,,,4.939999999999998,-0.15991968579292304,101-120
MWM_AccDiff,43,111,6,ce,,,0.1,76.62,0.6794968341827392,74.36,0.7459933847427368,5.0,77.16,77.16,76.16,0.699935017490387,-2.260000000000005,0.06649655055999759,101-120
MWM_AccDiff,43,111,3,kd,9.0,76.74,0.1,75.46,0.7135492586135864,74.34,0.7581577375411988,,,,,,-1.1199999999999903,0.04460847892761233,101-120
MWM_AccDiff,43,111,8,kd,2.0,76.9,0.1,74.9,0.749623254942894,74.9,0.737260667514801,,,,,,0.0,-0.01236258742809293,101-120
MWM_AccDiff,43,111,4,kd,7.0,76.74,0.1,76.4,0.6917404262065887,75.18,0.7239515804052353,,,,,,-1.2199999999999989,0.03221115419864662,101-120
MWM_AccDiff,43,112,1,ce,,,0.1,75.66,0.7103727432727813,75.38,0.7213011082649231,5.0,77.16,77.16,76.12,0.7053548622131348,-0.28000000000000114,0.010928364992141781,101-120
MWM_AccDiff,43,112,6,kd,2.0,76.9,0.1,74.36,0.7459933847427368,76.68,0.6698571722984314,,,,,,2.3200000000000074,-0.07613621244430535,101-120
MWM_AccDiff,43,112,8,kd,9.0,76.74,0.1,74.9,0.737260667514801,75.56,0.727695854473114,,,,,,0.6599999999999966,-0.009564813041686993,101-120
MWM_AccDiff,43,112,4,kd,7.0,76.74,0.1,75.18,0.7239515804052353,75.62,0.7143175065517425,,,,,,0.4399999999999977,-0.009634073853492797,101-120
MWM_AccDiff,43,112,3,kd,5.0,77.16,0.1,74.34,0.7581577375411988,74.32,0.7424899499893188,,,,,,-0.020000000000010232,-0.01566778755187992,101-120
MWM_AccDiff,43,113,4,kd,2.0,76.9,0.1,75.62,0.7143175065517425,74.38,0.748599003648758,,,,,,-1.240000000000009,0.034281497097015445,101-120
MWM_AccDiff,43,113,8,kd,5.0,77.16,0.1,75.56,0.727695854473114,75.64,0.7153961072444915,,,,,,0.0799999999999983,-0.012299747228622482,101-120
MWM_AccDiff,43,113,6,ce,,,0.1,76.68,0.6698571722984314,74.0,0.7616391280174255,5.0,77.16,77.16,76.7,0.684712128162384,-2.680000000000007,0.09178195571899406,101-120
MWM_AccDiff,43,113,1,kd,7.0,76.74,0.1,75.38,0.7213011082649231,75.38,0.7296868996143341,,,,,,0.0,0.008385791349410976,101-120
MWM_AccDiff,43,113,3,kd,9.0,76.74,0.1,74.32,0.7424899499893188,75.82,0.708622189617157,,,,,,1.5,-0.03386776037216188,101-120
MWM_AccDiff,43,114,6,kd,2.0,76.9,0.1,74.0,0.7616391280174255,76.28,0.6797148235797882,,,,,,2.280000000000001,-0.08192430443763732,101-120
MWM_AccDiff,43,114,8,kd,7.0,76.74,0.1,75.64,0.7153961072444915,75.02,0.7307484186649322,,,,,,-0.6200000000000045,0.01535231142044069,101-120
MWM_AccDiff,43,114,3,ce,,,0.1,75.82,0.708622189617157,73.46,0.7933475737571716,5.0,77.16,77.16,74.62,0.7351481937408447,-2.3599999999999994,0.08472538414001463,101-120
MWM_AccDiff,43,114,4,kd,5.0,77.16,0.1,74.38,0.748599003648758,75.9,0.7105644972801208,,,,,,1.5200000000000102,-0.038034506368637144,101-120
MWM_AccDiff,43,114,1,kd,9.0,76.74,0.1,75.38,0.7296868996143341,74.68,0.7437160535335541,,,,,,-0.6999999999999886,0.014029153919219994,101-120
MWM_AccDiff,43,115,1,kd,5.0,77.16,0.1,74.68,0.7437160535335541,76.28,0.6944259288311004,,,,,,1.5999999999999943,-0.04929012470245364,101-120
MWM_AccDiff,43,115,6,ce,,,0.1,76.28,0.6797148235797882,74.66,0.7316025567054748,5.0,77.16,77.16,74.46,0.740878168296814,-1.6200000000000045,0.05188773312568662,101-120
MWM_AccDiff,43,115,8,kd,9.0,76.74,0.1,75.02,0.7307484186649322,75.0,0.7288063498497009,,,,,,-0.01999999999999602,-0.0019420688152312904,101-120
MWM_AccDiff,43,115,3,kd,2.0,76.9,0.1,73.46,0.7933475737571716,75.0,0.7337149497032166,,,,,,1.5400000000000063,-0.059632624053954975,101-120
MWM_AccDiff,43,115,4,kd,7.0,76.74,0.1,75.9,0.7105644972801208,75.84,0.7253236403942108,,,,,,-0.060000000000002274,0.01475914311408999,101-120
MWM_AccDiff,43,116,1,ce,,,0.1,76.28,0.6944259288311004,73.46,0.7976631787776947,5.0,77.16,77.16,76.78,0.6872143330574035,-2.8200000000000074,0.10323724994659422,101-120
MWM_AccDiff,43,116,8,kd,5.0,77.16,0.1,75.0,0.7288063498497009,75.32,0.7251891486167907,,,,,,0.3199999999999932,-0.0036172012329102055,101-120
MWM_AccDiff,43,116,3,kd,2.0,76.9,0.1,75.0,0.7337149497032166,75.32,0.716150041103363,,,,,,0.3199999999999932,-0.0175649085998536,101-120
MWM_AccDiff,43,116,6,kd,9.0,76.74,0.1,74.66,0.7316025567054748,76.48,0.7156766396045685,,,,,,1.8200000000000074,-0.015925917100906295,101-120
MWM_AccDiff,43,116,4,kd,7.0,76.74,0.1,75.84,0.7253236403942108,75.86,0.7011324381351471,,,,,,0.01999999999999602,-0.024191202259063682,101-120
MWM_AccDiff,43,117,1,kd,2.0,76.9,0.1,73.46,0.7976631787776947,75.74,0.737069622707367,,,,,,2.280000000000001,-0.06059355607032768,101-120
MWM_AccDiff,43,117,6,ce,,,0.1,76.48,0.7156766396045685,77.14,0.6699718204021454,5.0,77.16,77.16,76.16,0.7201371132850647,0.6599999999999966,-0.045704819202423086,101-120
MWM_AccDiff,43,117,8,kd,9.0,76.74,0.1,75.32,0.7251891486167907,74.14,0.7720072805404663,,,,,,-1.1799999999999926,0.046818131923675566,101-120
MWM_AccDiff,43,117,3,kd,5.0,77.16,0.1,75.32,0.716150041103363,75.5,0.7178796093940735,,,,,,0.18000000000000682,0.0017295682907104704,101-120
MWM_AccDiff,43,117,4,kd,7.0,76.74,0.1,75.86,0.7011324381351471,75.62,0.7262178077697754,,,,,,-0.23999999999999488,0.025085369634628263,101-120
MWM_AccDiff,43,118,7,ce,,,0.1,76.74,0.6803865371227265,76.76,0.6980571499347686,5.0,77.16,77.16,75.14,0.7335508267402648,0.020000000000010232,0.017670612812042186,101-120
MWM_AccDiff,43,118,1,kd,2.0,76.9,0.1,75.74,0.737069622707367,77.0,0.675835816860199,,,,,,1.2600000000000051,-0.06123380584716798,101-120
MWM_AccDiff,43,118,4,kd,9.0,76.74,0.1,75.62,0.7262178077697754,74.32,0.746323400592804,,,,,,-1.3000000000000114,0.020105592823028595,101-120
MWM_AccDiff,43,118,8,kd,6.0,77.14,0.1,74.14,0.7720072805404663,74.86,0.7661316138744354,,,,,,0.7199999999999989,-0.005875666666030899,101-120
MWM_AccDiff,43,118,3,kd,5.0,77.16,0.1,75.5,0.7178796093940735,76.62,0.679467073059082,,,,,,1.1200000000000045,-0.03841253633499142,101-120
MWM_AccDiff,43,119,9,ce,,,0.1,76.74,0.6736025925159455,76.74,0.6920729302406311,5.0,77.16,77.16,75.84,0.7123174160957336,0.0,0.018470337724685648,101-120
MWM_AccDiff,43,119,4,kd,5.0,77.16,0.1,74.32,0.746323400592804,75.76,0.7080085409164428,,,,,,1.440000000000012,-0.03831485967636117,101-120
MWM_AccDiff,43,119,7,kd,1.0,77.0,0.1,76.76,0.6980571499347686,75.76,0.7191984668731689,,,,,,-1.0,0.021141316938400267,101-120
MWM_AccDiff,43,119,8,kd,6.0,77.14,0.1,74.86,0.7661316138744354,75.76,0.740508757019043,,,,,,0.9000000000000057,-0.02562285685539245,101-120
MWM_AccDiff,43,119,3,kd,2.0,76.9,0.1,76.62,0.679467073059082,75.82,0.7096811907291413,,,,,,-0.8000000000000114,0.030214117670059215,101-120
MWM_AccDiff,43,120,4,kd,6.0,77.14,0.1,75.76,0.7080085409164428,75.02,0.7446032902240753,,,,,,-0.7400000000000091,0.03659474930763251,101-120
MWM_AccDiff,43,120,9,ce,,,0.1,76.74,0.6920729302406311,77.68,0.6696212096452713,5.0,77.16,77.16,76.4,0.6965485127925872,0.9400000000000119,-0.022451720595359825,101-120
MWM_AccDiff,43,120,7,kd,5.0,77.16,0.1,75.76,0.7191984668731689,76.62,0.6849036563396453,,,,,,0.8599999999999994,-0.03429481053352357,101-120
MWM_AccDiff,43,120,8,kd,2.0,76.9,0.1,75.76,0.740508757019043,75.8,0.6958371777057648,,,,,,0.03999999999999204,-0.04467157931327814,101-120
MWM_AccDiff,43,120,3,kd,1.0,77.0,0.1,75.82,0.7096811907291413,75.48,0.7211881086587906,,,,,,-0.3399999999999892,0.011506917929649307,101-120
MWM_AccDiff,43,121,7,kd,1.0,77.0,0.1,76.62,0.6849036563396453,76.22,0.7128513586521149,,,,,,-0.4000000000000057,0.02794770231246957,121-140
MWM_AccDiff,43,121,4,kd,6.0,77.14,0.1,75.02,0.7446032902240753,72.94,0.8223607639312744,,,,,,-2.0799999999999983,0.0777574737071991,121-140
MWM_AccDiff,43,121,2,ce,,,0.1,76.9,0.6536474463939667,76.54,0.6882187610387802,9.0,77.68,77.68,76.24,0.7160041632652283,-0.35999999999999943,0.034571314644813556,121-140
MWM_AccDiff,43,121,8,kd,9.0,77.68,0.1,75.8,0.6958371777057648,74.12,0.7901034973621368,,,,,,-1.6799999999999926,0.094266319656372,121-140
MWM_AccDiff,43,121,3,kd,5.0,77.16,0.1,75.48,0.7211881086587906,75.22,0.7251600131034851,,,,,,-0.2600000000000051,0.0039719044446945295,121-140
MWM_AccDiff,43,122,7,kd,1.0,77.0,0.1,76.22,0.7128513586521149,76.38,0.6992557379484177,,,,,,0.1599999999999966,-0.013595620703697242,121-140
MWM_AccDiff,43,122,4,kd,9.0,77.68,0.1,72.94,0.8223607639312744,75.92,0.7414240285396576,,,,,,2.980000000000004,-0.08093673539161683,121-140
MWM_AccDiff,43,122,2,ce,,,0.1,76.54,0.6882187610387802,76.04,0.6988002171516419,9.0,77.68,77.68,75.2,0.7334663834571838,-0.5,0.010581456112861654,121-140
MWM_AccDiff,43,122,3,kd,6.0,77.14,0.1,75.22,0.7251600131034851,74.86,0.7588537328720093,,,,,,-0.35999999999999943,0.0336937197685242,121-140
MWM_AccDiff,43,122,8,kd,5.0,77.16,0.1,74.12,0.7901034973621368,76.7,0.6886353184223175,,,,,,2.5799999999999983,-0.1014681789398193,121-140
MWM_AccDiff,43,123,7,kd,1.0,77.0,0.1,76.38,0.6992557379484177,76.38,0.7122686500549317,,,,,,0.0,0.013012912106514007,121-140
MWM_AccDiff,43,123,4,kd,6.0,77.14,0.1,75.92,0.7414240285396576,75.6,0.756139757156372,,,,,,-0.3200000000000074,0.01471572861671444,121-140
MWM_AccDiff,43,123,3,kd,9.0,77.68,0.1,74.86,0.7588537328720093,77.08,0.6860085449695588,,,,,,2.219999999999999,-0.07284518790245054,121-140
MWM_AccDiff,43,123,8,ce,,,0.1,76.7,0.6886353184223175,69.9,0.8984709331512452,9.0,77.68,77.68,75.52,0.7297380845069885,-6.799999999999997,0.20983561472892764,121-140
MWM_AccDiff,43,123,2,kd,5.0,77.16,0.1,76.04,0.6988002171516419,76.8,0.6660687816619874,,,,,,0.7599999999999909,-0.032731435489654515,121-140
MWM_AccDiff,43,124,1,ce,,,0.1,77.0,0.675835816860199,73.62,0.7957702434539795,9.0,77.68,77.68,75.58,0.7474882336616516,-3.3799999999999955,0.11993442659378051,121-140
MWM_AccDiff,43,124,4,kd,9.0,77.68,0.1,75.6,0.756139757156372,75.4,0.7498823243141174,,,,,,-0.19999999999998863,-0.006257432842254662,121-140
MWM_AccDiff,43,124,2,kd,3.0,77.08,0.1,76.8,0.6660687816619874,76.62,0.7269641942024231,,,,,,-0.1799999999999926,0.060895412540435734,121-140
MWM_AccDiff,43,124,7,kd,6.0,77.14,0.1,76.38,0.7122686500549317,76.0,0.7373992292404175,,,,,,-0.37999999999999545,0.02513057918548578,121-140
MWM_AccDiff,43,124,8,kd,5.0,77.16,0.1,69.9,0.8984709331512452,76.18,0.6861699243068695,,,,,,6.280000000000001,-0.21230100884437564,121-140
MWM_AccDiff,43,125,4,kd,5.0,77.16,0.1,75.4,0.7498823243141174,74.06,0.7650235748291015,,,,,,-1.3400000000000034,0.015141250514984161,121-140
MWM_AccDiff,43,125,2,ce,,,0.1,76.62,0.7269641942024231,75.94,0.711758104801178,9.0,77.68,77.68,75.88,0.7281173895359039,-0.6800000000000068,-0.015206089401245126,121-140
MWM_AccDiff,43,125,7,kd,6.0,77.14,0.1,76.0,0.7373992292404175,76.28,0.7265259626865387,,,,,,0.28000000000000114,-0.010873266553878769,121-140
MWM_AccDiff,43,125,8,kd,3.0,77.08,0.1,76.18,0.6861699243068695,76.48,0.7296386835098266,,,,,,0.29999999999999716,0.04346875920295712,121-140
MWM_AccDiff,43,125,1,kd,9.0,77.68,0.1,73.62,0.7957702434539795,76.42,0.7119606068849563,,,,,,2.799999999999997,-0.08380963656902318,121-140
MWM_AccDiff,43,126,1,ce,,,0.1,76.42,0.7119606068849563,76.2,0.7125205786943436,9.0,77.68,77.68,75.56,0.7413574401855468,-0.21999999999999886,0.0005599718093872719,121-140
MWM_AccDiff,43,126,4,kd,6.0,77.14,0.1,74.06,0.7650235748291015,75.18,0.7586425208091736,,,,,,1.1200000000000045,-0.006381054019927945,121-140
MWM_AccDiff,43,126,8,kd,3.0,77.08,0.1,76.48,0.7296386835098266,76.88,0.721910289478302,,,,,,0.3999999999999915,-0.007728394031524588,121-140
MWM_AccDiff,43,126,2,kd,5.0,77.16,0.1,75.94,0.711758104801178,77.02,0.6699165684700013,,,,,,1.0799999999999983,-0.04184153633117671,121-140
MWM_AccDiff,43,126,7,kd,9.0,77.68,0.1,76.28,0.7265259626865387,74.66,0.8153472828388214,,,,,,-1.6200000000000045,0.08882132015228272,121-140
MWM_AccDiff,43,127,4,kd,9.0,77.68,0.1,75.18,0.7586425208091736,75.62,0.7720705104827881,,,,,,0.4399999999999977,0.013427989673614471,121-140
MWM_AccDiff,43,127,8,kd,3.0,77.08,0.1,76.88,0.721910289478302,77.3,0.7016890200614929,,,,,,0.4200000000000017,-0.02022126941680913,121-140
MWM_AccDiff,43,127,2,ce,,,0.1,77.02,0.6699165684700013,76.76,0.6703139420509339,9.0,77.68,77.68,76.96,0.6963729986667633,-0.2599999999999909,0.000397373580932614,121-140
MWM_AccDiff,43,127,1,kd,6.0,77.14,0.1,76.2,0.7125205786943436,76.58,0.6995939000606537,,,,,,0.37999999999999545,-0.012926678633689903,121-140
MWM_AccDiff,43,127,7,kd,5.0,77.16,0.1,74.66,0.8153472828388214,75.84,0.7150990696907044,,,,,,1.1800000000000068,-0.10024821314811705,121-140
MWM_AccDiff,43,128,1,kd,5.0,77.16,0.1,76.58,0.6995939000606537,77.02,0.6735740938186645,,,,,,0.4399999999999977,-0.026019806241989185,121-140
MWM_AccDiff,43,128,4,kd,9.0,77.68,0.1,75.62,0.7720705104827881,75.86,0.7416935336589813,,,,,,0.23999999999999488,-0.0303769768238068,121-140
MWM_AccDiff,43,128,3,ce,,,0.1,77.08,0.6860085449695588,74.84,0.73650382437706,9.0,77.68,77.68,75.26,0.7596645018577576,-2.239999999999995,0.050495279407501203,121-140
MWM_AccDiff,43,128,2,kd,6.0,77.14,0.1,76.76,0.6703139420509339,77.38,0.6677215783119201,,,,,,0.6199999999999903,-0.0025923637390137255,121-140
MWM_AccDiff,43,128,7,kd,8.0,77.3,0.1,75.84,0.7150990696907044,76.5,0.7213900382995605,,,,,,0.6599999999999966,0.00629096860885614,121-140
MWM_AccDiff,43,129,1,kd,5.0,77.16,0.1,77.02,0.6735740938186645,76.68,0.6773846784591675,,,,,,-0.3399999999999892,0.0038105846405029897,121-140
MWM_AccDiff,43,129,4,kd,2.0,77.38,0.1,75.86,0.7416935336589813,75.26,0.7479657596111298,,,,,,-0.5999999999999943,0.006272225952148491,121-140
MWM_AccDiff,43,129,6,ce,,,0.1,77.14,0.6699718204021454,76.72,0.6796894616127014,9.0,77.68,77.68,75.28,0.7387915955066681,-0.4200000000000017,0.00971764121055596,121-140
MWM_AccDiff,43,129,3,kd,9.0,77.68,0.1,74.84,0.73650382437706,75.92,0.7262250248432159,,,,,,1.0799999999999983,-0.01027879953384403,121-140
MWM_AccDiff,43,129,7,kd,8.0,77.3,0.1,76.5,0.7213900382995605,75.24,0.7744927926778793,,,,,,-1.2600000000000051,0.053102754378318795,121-140
MWM_AccDiff,43,130,3,kd,8.0,77.3,0.1,75.92,0.7262250248432159,75.24,0.7411802546977997,,,,,,-0.6800000000000068,0.014955229854583751,121-140
MWM_AccDiff,43,130,1,kd,5.0,77.16,0.1,76.68,0.6773846784591675,76.72,0.6879287771701813,,,,,,0.03999999999999204,0.010544098711013805,121-140
MWM_AccDiff,43,130,4,kd,9.0,77.68,0.1,75.26,0.7479657596111298,75.04,0.770803511428833,,,,,,-0.21999999999999886,0.0228377518177032,121-140
MWM_AccDiff,43,130,6,ce,,,0.1,76.72,0.6796894616127014,76.7,0.6954701511383057,9.0,77.68,77.68,76.8,0.7084022215366363,-0.01999999999999602,0.015780689525604297,121-140
MWM_AccDiff,43,130,7,kd,2.0,77.38,0.1,75.24,0.7744927926778793,76.9,0.6963230128288269,,,,,,1.6600000000000108,-0.07816977984905238,121-140
MWM_AccDiff,43,131,7,ce,,,0.1,76.9,0.6963230128288269,75.5,0.7118219686985016,9.0,77.68,77.68,75.04,0.7731726323127747,-1.4000000000000057,0.015498955869674647,121-140
MWM_AccDiff,43,131,6,kd,5.0,77.16,0.1,76.7,0.6954701511383057,77.64,0.6651887449264526,,,,,,0.9399999999999977,-0.030281406211853046,121-140
MWM_AccDiff,43,131,1,kd,8.0,77.3,0.1,76.72,0.6879287771701813,76.7,0.7467463526248932,,,,,,-0.01999999999999602,0.05881757545471189,121-140
MWM_AccDiff,43,131,4,kd,2.0,77.38,0.1,75.04,0.770803511428833,75.88,0.7494393009662628,,,,,,0.8399999999999892,-0.0213642104625702,121-140
MWM_AccDiff,43,131,3,kd,9.0,77.68,0.1,75.24,0.7411802546977997,76.0,0.7404363902807236,,,,,,0.7600000000000051,-0.0007438644170760789,121-140
MWM_AccDiff,43,132,4,kd,9.0,77.68,0.1,75.88,0.7494393009662628,76.12,0.7181294068813324,,,,,,0.2400000000000091,-0.031309894084930345,121-140
MWM_AccDiff,43,132,1,kd,8.0,77.3,0.010000000000000002,76.7,0.7467463526248932,77.16,0.6870790444374084,,,,,,0.45999999999999375,-0.05966730818748478,121-140
MWM_AccDiff,43,132,7,kd,6.0,77.64,0.1,75.5,0.7118219686985016,75.92,0.7214234258651734,,,,,,0.4200000000000017,0.009601457166671823,121-140
MWM_AccDiff,43,132,5,ce,,,0.1,77.16,0.6640699654102326,75.3,0.7277008103370667,9.0,77.68,77.68,75.76,0.7398067000389099,-1.8599999999999994,0.06363084492683413,121-140
MWM_AccDiff,43,132,3,kd,2.0,77.38,0.1,76.0,0.7404363902807236,75.3,0.756094815158844,,,,,,-0.7000000000000028,0.015658424878120414,121-140
MWM_AccDiff,43,133,1,ce,,,0.010000000000000002,77.16,0.6870790444374084,81.06,0.5527484836578369,9.0,77.68,77.68,77.4,0.6811393682003021,3.9000000000000057,-0.1343305607795715,121-140
MWM_AccDiff,43,133,5,kd,6.0,77.64,0.1,75.3,0.7277008103370667,77.12,0.674630966091156,,,,,,1.8200000000000074,-0.05306984424591066,121-140
MWM_AccDiff,43,133,3,kd,2.0,77.38,0.1,75.3,0.756094815158844,75.32,0.7437832360744476,,,,,,0.01999999999999602,-0.012311579084396396,121-140
MWM_AccDiff,43,133,7,kd,8.0,77.3,0.1,75.92,0.7214234258651734,77.32,0.6989403463602066,,,,,,1.3999999999999915,-0.022483079504966752,121-140
MWM_AccDiff,43,133,4,kd,9.0,77.68,0.1,76.12,0.7181294068813324,74.66,0.7958729216098785,,,,,,-1.460000000000008,0.07774351472854613,121-140
MWM_AccDiff,43,134,5,kd,1.0,81.06,0.1,77.12,0.674630966091156,78.74,0.6305502614021301,,,,,,1.6199999999999903,-0.04408070468902592,121-140
MWM_AccDiff,43,134,4,kd,6.0,77.64,0.1,74.66,0.7958729216098785,74.96,0.7736824512481689,,,,,,0.29999999999999716,-0.022190470361709624,121-140
MWM_AccDiff,43,134,3,kd,2.0,77.38,0.1,75.32,0.7437832360744476,74.68,0.7520566269874572,,,,,,-0.6399999999999864,0.008273390913009604,121-140
MWM_AccDiff,43,134,8,ce,,,0.1,77.3,0.7016890200614929,75.3,0.7303438673496246,1.0,81.06,81.06,79.08,0.6364142185211181,-2.0,0.028654847288131724,121-140
MWM_AccDiff,43,134,7,kd,9.0,77.68,0.1,77.32,0.6989403463602066,76.3,0.7281646931886673,,,,,,-1.019999999999996,0.029224346828460646,121-140
MWM_AccDiff,43,135,4,kd,6.0,77.64,0.1,74.96,0.7736824512481689,75.8,0.7387002417564392,,,,,,0.8400000000000034,-0.0349822094917297,121-140
MWM_AccDiff,43,135,8,kd,1.0,81.06,0.1,75.3,0.7303438673496246,80.2,0.6111258978366851,,,,,,4.900000000000006,-0.1192179695129395,121-140
MWM_AccDiff,43,135,7,kd,5.0,78.74,0.1,76.3,0.7281646931886673,77.32,0.6813364575386047,,,,,,1.019999999999996,-0.046828235650062555,121-140
MWM_AccDiff,43,135,2,ce,,,0.1,77.38,0.6677215783119201,77.5,0.6730300202846528,1.0,81.06,81.06,80.62,0.5775545556545257,0.12000000000000455,0.005308441972732614,121-140
MWM_AccDiff,43,135,3,kd,9.0,77.68,0.1,74.68,0.7520566269874572,75.0,0.762740068435669,,,,,,0.3199999999999932,0.010683441448211761,121-140
MWM_AccDiff,43,136,7,ce,,,0.1,77.32,0.6813364575386047,75.22,0.7247599979877472,1.0,81.06,81.06,77.86,0.6703013804197311,-2.0999999999999943,0.04342354044914243,121-140
MWM_AccDiff,43,136,3,kd,1.0,81.06,0.1,75.0,0.762740068435669,79.32,0.6167861702442169,,,,,,4.319999999999993,-0.1459538981914521,121-140
MWM_AccDiff,43,136,2,kd,9.0,77.68,0.1,77.5,0.6730300202846528,78.0,0.6707636725902557,,,,,,0.5,-0.0022663476943970418,121-140
MWM_AccDiff,43,136,6,kd,5.0,78.74,0.1,77.64,0.6651887449264526,79.22,0.6350102823734284,,,,,,1.5799999999999983,-0.030178462553024255,121-140
MWM_AccDiff,43,136,4,kd,8.0,80.2,0.1,75.8,0.7387002417564392,77.84,0.6810649829387665,,,,,,2.0400000000000063,-0.05763525881767273,121-140
MWM_AccDiff,43,137,7,kd,1.0,81.06,0.1,75.22,0.7247599979877472,80.46,0.5872518991708755,,,,,,5.239999999999995,-0.13750809881687165,121-140
MWM_AccDiff,43,137,9,kd,6.0,79.22,0.1,77.68,0.6696212096452713,78.22,0.6451098912715912,,,,,,0.539999999999992,-0.024511318373680036,121-140
MWM_AccDiff,43,137,2,kd,3.0,79.32,0.1,78.0,0.6707636725902557,77.44,0.7052448214530945,,,,,,-0.5600000000000023,0.03448114886283882,121-140
MWM_AccDiff,43,137,4,kd,8.0,80.2,0.1,77.84,0.6810649829387665,78.02,0.678995216846466,,,,,,0.1799999999999926,-0.0020697660923004735,121-140
MWM_AccDiff,43,137,5,ce,,,0.1,78.74,0.6305502614021301,75.14,0.7308931797027588,1.0,81.06,81.06,79.3,0.6023853501319886,-3.5999999999999943,0.10034291830062869,121-140
MWM_AccDiff,43,138,4,kd,1.0,81.06,0.1,78.02,0.678995216846466,79.18,0.6393056205272675,,,,,,1.1600000000000108,-0.03968959631919855,121-140
MWM_AccDiff,43,138,6,ce,,,0.1,79.22,0.6350102823734284,76.9,0.7012400578498841,1.0,81.06,81.06,80.48,0.5883932971000672,-2.319999999999993,0.0662297754764557,121-140
MWM_AccDiff,43,138,9,kd,7.0,80.46,0.1,78.22,0.6451098912715912,79.24,0.6309565031766892,,,,,,1.019999999999996,-0.014153388094902075,121-140
MWM_AccDiff,43,138,5,kd,3.0,79.32,0.1,75.14,0.7308931797027588,78.94,0.6402396609783173,,,,,,3.799999999999997,-0.0906535187244415,121-140
MWM_AccDiff,43,138,2,kd,8.0,80.2,0.1,77.44,0.7052448214530945,78.74,0.6591081538677216,,,,,,1.2999999999999972,-0.04613666758537294,121-140
MWM_AccDiff,43,139,4,kd,7.0,80.46,0.1,79.18,0.6393056205272675,77.02,0.7014944637298584,,,,,,-2.160000000000011,0.06218884320259088,121-140
MWM_AccDiff,43,139,5,kd,1.0,81.06,0.1,78.94,0.6402396609783173,80.3,0.5884649977684021,,,,,,1.3599999999999994,-0.051774663209915195,121-140
MWM_AccDiff,43,139,2,kd,3.0,79.32,0.1,78.74,0.6591081538677216,78.88,0.6411721438407898,,,,,,0.14000000000000057,-0.017936010026931792,121-140
MWM_AccDiff,43,139,9,kd,8.0,80.2,0.1,79.24,0.6309565031766892,78.72,0.6401886137008667,,,,,,-0.519999999999996,0.009232110524177495,121-140
MWM_AccDiff,43,139,6,ce,,,0.1,76.9,0.7012400578498841,76.92,0.6697490620613098,1.0,81.06,81.06,79.96,0.5847699506759644,0.01999999999999602,-0.03149099578857428,121-140
MWM_AccDiff,43,140,3,ce,,,0.1,79.32,0.6167861702442169,74.22,0.7672356037139892,1.0,81.06,81.06,79.76,0.6118246275424958,-5.099999999999994,0.15044943346977235,121-140
MWM_AccDiff,43,140,4,kd,1.0,81.06,0.1,77.02,0.7014944637298584,79.64,0.6129662334680557,,,,,,2.6200000000000045,-0.08852823026180268,121-140
MWM_AccDiff,43,140,6,kd,7.0,80.46,0.1,76.92,0.6697490620613098,79.34,0.6260454451560974,,,,,,2.4200000000000017,-0.043703616905212406,121-140
MWM_AccDiff,43,140,9,kd,8.0,80.2,0.1,78.72,0.6401886137008667,79.1,0.6428923759698868,,,,,,0.37999999999999545,0.002703762269020138,121-140
MWM_AccDiff,43,140,2,kd,5.0,80.3,0.1,78.88,0.6411721438407898,78.78,0.6255436987876892,,,,,,-0.09999999999999432,-0.01562844505310057,121-140
MWM_AccDiff,43,141,4,ce,,,0.1,79.64,0.6129662334680557,73.7,0.7725850001573563,1.0,81.06,81.06,79.78,0.6121090291500092,-5.939999999999998,0.15961876668930064,141-160
MWM_AccDiff,43,141,2,kd,7.0,80.46,0.1,78.78,0.6255436987876892,79.92,0.6139045307397842,,,,,,1.1400000000000006,-0.01163916804790499,141-160
MWM_AccDiff,43,141,6,kd,8.0,80.2,0.1,79.34,0.6260454451560974,78.7,0.6524712880849838,,,,,,-0.6400000000000006,0.02642584292888639,141-160
MWM_AccDiff,43,141,9,kd,1.0,81.06,0.1,79.1,0.6428923759698868,79.24,0.6230994445323944,,,,,,0.14000000000000057,-0.01979293143749239,141-160
MWM_AccDiff,43,141,3,kd,5.0,80.3,0.1,74.22,0.7672356037139892,76.26,0.7043499701499939,,,,,,2.0400000000000063,-0.06288563356399535,141-160
MWM_AccDiff,43,142,6,kd,5.0,80.3,0.1,78.7,0.6524712880849838,79.24,0.6147307217597962,,,,,,0.539999999999992,-0.03774056632518763,141-160
MWM_AccDiff,43,142,2,ce,,,0.1,79.92,0.6139045307397842,78.88,0.6359644790172577,1.0,81.06,81.06,80.36,0.590603314447403,-1.0400000000000063,0.022059948277473485,141-160
MWM_AccDiff,43,142,9,kd,8.0,80.2,0.1,79.24,0.6230994445323944,76.5,0.7236195749521256,,,,,,-2.739999999999995,0.10052013041973118,141-160
MWM_AccDiff,43,142,3,kd,1.0,81.06,0.1,76.26,0.7043499701499939,78.08,0.6396769585847855,,,,,,1.8199999999999932,-0.06467301156520844,141-160
MWM_AccDiff,43,142,4,kd,7.0,80.46,0.1,73.7,0.7725850001573563,78.7,0.6343074267148971,,,,,,5.0,-0.13827757344245917,141-160
MWM_AccDiff,43,143,9,kd,7.0,80.46,0.1,76.5,0.7236195749521256,79.22,0.6356456362724304,,,,,,2.719999999999999,-0.08797393867969516,141-160
MWM_AccDiff,43,143,6,ce,,,0.1,79.24,0.6147307217597962,76.4,0.7094390985488892,1.0,81.06,81.06,79.58,0.6040939160823822,-2.839999999999989,0.09470837678909305,141-160
MWM_AccDiff,43,143,4,kd,5.0,80.3,0.1,78.7,0.6343074267148971,78.26,0.6278241730213165,,,,,,-0.4399999999999977,-0.006483253693580604,141-160
MWM_AccDiff,43,143,3,kd,1.0,81.06,0.1,78.08,0.6396769585847855,80.42,0.5895606020450592,,,,,,2.3400000000000034,-0.05011635653972624,141-160
MWM_AccDiff,43,143,2,kd,8.0,80.2,0.1,78.88,0.6359644790172577,78.9,0.6475761228561402,,,,,,0.020000000000010232,0.011611643838882468,141-160
MWM_AccDiff,43,144,4,kd,1.0,81.06,0.1,78.26,0.6278241730213165,79.46,0.6267283494949341,,,,,,1.1999999999999886,-0.001095823526382489,141-160
MWM_AccDiff,43,144,2,kd,3.0,80.42,0.1,78.9,0.6475761228561402,78.66,0.6541641874313354,,,,,,-0.2400000000000091,0.006588064575195229,141-160
MWM_AccDiff,43,144,6,kd,7.0,80.46,0.1,76.4,0.7094390985488892,79.8,0.6051135846138,,,,,,3.3999999999999915,-0.10432551393508915,141-160
MWM_AccDiff,43,144,9,kd,5.0,80.3,0.1,79.22,0.6356456362724304,78.22,0.6755503929138184,,,,,,-1.0,0.03990475664138793,141-160
MWM_AccDiff,43,144,8,ce,,,0.1,80.2,0.6111258978366851,77.46,0.6894702927589417,1.0,81.06,81.06,79.6,0.6099522483825683,-2.740000000000009,0.07834439492225653,141-160
MWM_AccDiff,43,145,2,kd,7.0,80.46,0.1,78.66,0.6541641874313354,78.48,0.6615629315376281,,,,,,-0.1799999999999926,0.0073987441062927095,141-160
MWM_AccDiff,43,145,9,kd,3.0,80.42,0.1,78.22,0.6755503929138184,76.44,0.7389873157978057,,,,,,-1.7800000000000011,0.06343692288398739,141-160
MWM_AccDiff,43,145,8,kd,1.0,81.06,0.1,77.46,0.6894702927589417,79.42,0.6153040605306626,,,,,,1.960000000000008,-0.07416623222827912,141-160
MWM_AccDiff,43,145,6,ce,,,0.1,79.8,0.6051135846138,73.64,0.7902378040313721,1.0,81.06,81.06,80.98,0.5683714482784271,-6.159999999999997,0.18512421941757207,141-160
MWM_AccDiff,43,145,4,kd,5.0,80.3,0.1,79.46,0.6267283494949341,78.82,0.6632568903923035,,,,,,-0.6400000000000006,0.036528540897369455,141-160
MWM_AccDiff,43,146,6,kd,1.0,81.06,0.1,73.64,0.7902378040313721,80.22,0.5697171254873276,,,,,,6.579999999999998,-0.22052067854404456,141-160
MWM_AccDiff,43,146,2,kd,3.0,80.42,0.1,78.48,0.6615629315376281,78.62,0.6547669159412384,,,,,,0.14000000000000057,-0.0067960155963897595,141-160
MWM_AccDiff,43,146,4,kd,5.0,80.3,0.1,78.82,0.6632568903923035,79.06,0.6311747816562653,,,,,,0.2400000000000091,-0.03208210873603823,141-160
MWM_AccDiff,43,146,8,ce,,,0.1,79.42,0.6153040605306626,75.46,0.7270914551258087,1.0,81.06,81.06,79.32,0.6245399331092835,-3.960000000000008,0.1117873945951462,141-160
MWM_AccDiff,43,146,9,kd,7.0,80.46,0.1,76.44,0.7389873157978057,78.22,0.6658847020149231,,,,,,1.7800000000000011,-0.07310261378288263,141-160
MWM_AccDiff,43,147,2,kd,7.0,80.46,0.1,78.62,0.6547669159412384,78.0,0.6540803688287735,,,,,,-0.6200000000000045,-0.0006865471124648526,141-160
MWM_AccDiff,43,147,9,kd,3.0,80.42,0.1,78.22,0.6658847020149231,77.5,0.6988792150497437,,,,,,-0.7199999999999989,0.032994513034820594,141-160
MWM_AccDiff,43,147,8,kd,1.0,81.06,0.1,75.46,0.7270914551258087,81.18,0.5640245734214783,,,,,,5.720000000000013,-0.16306688170433048,141-160
MWM_AccDiff,43,147,6,ce,,,0.1,80.22,0.5697171254873276,76.6,0.6870203251838685,1.0,81.06,81.06,80.04,0.5836135055065155,-3.6200000000000045,0.1173031996965409,141-160
MWM_AccDiff,43,147,4,kd,5.0,80.3,0.1,79.06,0.6311747816562653,78.24,0.669031273651123,,,,,,-0.8200000000000074,0.037856491994857744,141-160
MWM_AccDiff,43,148,2,kd,7.0,80.46,0.1,78.0,0.6540803688287735,78.7,0.644736407995224,,,,,,0.7000000000000028,-0.009343960833549492,141-160
MWM_AccDiff,43,148,4,kd,3.0,80.42,0.1,78.24,0.669031273651123,78.8,0.6589329433441162,,,,,,0.5600000000000023,-0.010098330307006798,141-160
MWM_AccDiff,43,148,6,kd,8.0,81.18,0.1,76.6,0.6870203251838685,80.38,0.5820010132312775,,,,,,3.780000000000001,-0.10501931195259095,141-160
MWM_AccDiff,43,148,5,ce,,,0.1,80.3,0.5884649977684021,76.56,0.7053945030212402,8.0,81.18,81.18,78.54,0.6474478067874908,-3.739999999999995,0.11692950525283807,141-160
MWM_AccDiff,43,148,9,kd,1.0,81.06,0.1,77.5,0.6988792150497437,78.48,0.6334382677078247,,,,,,0.980000000000004,-0.06544094734191896,141-160
MWM_AccDiff,43,149,2,kd,7.0,80.46,0.1,78.7,0.644736407995224,78.5,0.6469141093015671,,,,,,-0.20000000000000284,0.002177701306343094,141-160
MWM_AccDiff,43,149,4,kd,3.0,80.42,0.1,78.8,0.6589329433441162,78.76,0.66831951379776,,,,,,-0.03999999999999204,0.009386570453643772,141-160
MWM_AccDiff,43,149,5,kd,8.0,81.18,0.1,76.56,0.7053945030212402,79.98,0.6054872643470764,,,,,,3.4200000000000017,-0.09990723867416373,141-160
MWM_AccDiff,43,149,6,ce,,,0.1,80.38,0.5820010132312775,76.94,0.6960564809799195,8.0,81.18,81.18,79.56,0.6121844414710998,-3.4399999999999977,0.11405546774864195,141-160
MWM_AccDiff,43,149,9,kd,1.0,81.06,0.1,78.48,0.6334382677078247,79.1,0.6147739565372468,,,,,,0.6199999999999903,-0.018664311170577985,141-160
MWM_AccDiff,43,150,2,kd,7.0,80.46,0.1,78.5,0.6469141093015671,78.34,0.6677036668300629,,,,,,-0.1599999999999966,0.02078955752849576,141-160
MWM_AccDiff,43,150,4,kd,3.0,80.42,0.1,78.76,0.66831951379776,77.94,0.6773482738018036,,,,,,-0.8200000000000074,0.009028760004043623,141-160
MWM_AccDiff,43,150,6,kd,1.0,81.06,0.1,76.94,0.6960564809799195,79.48,0.5997921248435975,,,,,,2.5400000000000063,-0.096264356136322,141-160
MWM_AccDiff,43,150,9,kd,8.0,81.18,0.1,79.1,0.6147739565372468,78.92,0.6329784711837768,,,,,,-0.1799999999999926,0.018204514646530057,141-160
MWM_AccDiff,43,150,5,ce,,,0.1,79.98,0.6054872643470764,76.94,0.6864695147514344,8.0,81.18,81.18,77.78,0.6592569125175476,-3.0400000000000063,0.08098225040435791,141-160
MWM_AccDiff,43,151,2,kd,7.0,80.46,0.1,78.34,0.6677036668300629,79.16,0.6313234133958816,,,,,,0.8199999999999932,-0.036380253434181276,141-160
MWM_AccDiff,43,151,9,kd,3.0,80.42,0.1,78.92,0.6329784711837768,77.08,0.7196159118652343,,,,,,-1.8400000000000034,0.08663744068145751,141-160
MWM_AccDiff,43,151,5,kd,1.0,81.06,0.1,76.94,0.6864695147514344,80.14,0.5805599686861038,,,,,,3.200000000000003,-0.10590954606533054,141-160
MWM_AccDiff,43,151,6,ce,,,0.1,79.48,0.5997921248435975,79.86,0.6250693819761276,8.0,81.18,81.18,78.74,0.6415636322021484,0.37999999999999545,0.02527725713253015,141-160
MWM_AccDiff,43,151,4,kd,8.0,81.18,0.1,77.94,0.6773482738018036,77.26,0.694080279827118,,,,,,-0.6799999999999926,0.016732006025314328,141-160
MWM_AccDiff,43,152,2,kd,7.0,80.46,0.1,79.16,0.6313234133958816,79.3,0.6348431930065155,,,,,,0.14000000000000057,0.0035197796106338775,141-160
MWM_AccDiff,43,152,6,kd,3.0,80.42,0.1,79.86,0.6250693819761276,79.54,0.6166952082633972,,,,,,-0.3199999999999932,-0.008374173712730415,141-160
MWM_AccDiff,43,152,4,kd,8.0,81.18,0.1,77.26,0.694080279827118,78.96,0.6419526082038879,,,,,,1.6999999999999886,-0.052127671623230065,141-160
MWM_AccDiff,43,152,5,ce,,,0.1,80.14,0.5805599686861038,76.66,0.6858252531051636,8.0,81.18,81.18,80.2,0.5887587022781372,-3.480000000000004,0.1052652844190598,141-160
MWM_AccDiff,43,152,9,kd,1.0,81.06,0.1,77.08,0.7196159118652343,77.84,0.6794842212677003,,,,,,0.7600000000000051,-0.040131690597534075,141-160
MWM_AccDiff,43,153,2,kd,7.0,80.46,0.1,79.3,0.6348431930065155,78.72,0.6665339587688446,,,,,,-0.5799999999999983,0.0316907657623291,141-160
MWM_AccDiff,43,153,4,kd,3.0,80.42,0.1,78.96,0.6419526082038879,76.96,0.7178036168575287,,,,,,-2.0,0.0758510086536408,141-160
MWM_AccDiff,43,153,5,kd,8.0,81.18,0.1,76.66,0.6858252531051636,80.44,0.600472796344757,,,,,,3.780000000000001,-0.08535245676040659,141-160
MWM_AccDiff,43,153,6,ce,,,0.1,79.54,0.6166952082633972,78.4,0.6336657377719879,8.0,81.18,81.18,79.78,0.6237918215751648,-1.1400000000000006,0.01697052950859068,141-160
MWM_AccDiff,43,153,9,kd,1.0,81.06,0.1,77.84,0.6794842212677003,78.2,0.6424385360240936,,,,,,0.35999999999999943,-0.03704568524360663,141-160
MWM_AccDiff,43,154,6,kd,5.0,80.44,0.1,78.4,0.6336657377719879,79.5,0.6282738780975342,,,,,,1.0999999999999943,-0.0053918596744536584,141-160
MWM_AccDiff,43,154,2,kd,7.0,80.46,0.1,78.72,0.6665339587688446,78.86,0.6397841125965118,,,,,,0.14000000000000057,-0.02674984617233278,141-160
MWM_AccDiff,43,154,3,ce,,,0.1,80.42,0.5895606020450592,74.56,0.7357163367271423,8.0,81.18,81.18,78.54,0.6327885813236237,-5.859999999999999,0.1461557346820831,141-160
MWM_AccDiff,43,154,4,kd,8.0,81.18,0.1,76.96,0.7178036168575287,79.4,0.6364187742233276,,,,,,2.440000000000012,-0.0813848426342011,141-160
MWM_AccDiff,43,154,9,kd,1.0,81.06,0.1,78.2,0.6424385360240936,78.92,0.6415608517169953,,,,,,0.7199999999999989,-0.0008776843070983364,141-160
MWM_AccDiff,43,155,2,kd,7.0,80.46,0.1,78.86,0.6397841125965118,77.82,0.6932149195194245,,,,,,-1.0400000000000063,0.05343080692291269,141-160
MWM_AccDiff,43,155,4,kd,1.0,81.06,0.1,79.4,0.6364187742233276,79.1,0.61386692943573,,,,,,-0.30000000000001137,-0.02255184478759764,141-160
MWM_AccDiff,43,155,6,ce,,,0.1,79.5,0.6282738780975342,75.68,0.7220280950546265,8.0,81.18,81.18,79.42,0.6121951632499695,-3.819999999999993,0.0937542169570923,141-160
MWM_AccDiff,43,155,9,kd,8.0,81.18,0.1,78.92,0.6415608517169953,79.24,0.6284250058174133,,,,,,0.3199999999999932,-0.013135845899581944,141-160
MWM_AccDiff,43,155,3,kd,5.0,80.44,0.1,74.56,0.7357163367271423,77.88,0.6771400113105774,,,,,,3.319999999999993,-0.05857632541656488,141-160
MWM_AccDiff,43,156,2,kd,1.0,81.06,0.1,77.82,0.6932149195194245,80.16,0.6098901911020279,,,,,,2.3400000000000034,-0.08332472841739658,141-160
MWM_AccDiff,43,156,9,ce,,,0.1,79.24,0.6284250058174133,75.22,0.7241455046653748,8.0,81.18,81.18,78.74,0.6389728332519531,-4.019999999999996,0.09572049884796141,141-160
MWM_AccDiff,43,156,6,kd,7.0,80.46,0.1,75.68,0.7220280950546265,79.9,0.5922183376073837,,,,,,4.219999999999999,-0.12980975744724277,141-160
MWM_AccDiff,43,156,4,kd,5.0,80.44,0.1,79.1,0.61386692943573,77.02,0.7210559542655944,,,,,,-2.0799999999999983,0.10718902482986448,141-160
MWM_AccDiff,43,156,3,kd,8.0,81.18,0.1,77.88,0.6771400113105774,80.1,0.6122469532489777,,,,,,2.219999999999999,-0.06489305806159973,141-160
MWM_AccDiff,43,157,6,kd,5.0,80.44,0.1,79.9,0.5922183376073837,79.22,0.6359289696693421,,,,,,-0.6800000000000068,0.043710632061958354,141-160
MWM_AccDiff,43,157,3,kd,7.0,80.46,0.1,80.1,0.6122469532489777,79.14,0.6147466011285782,,,,,,-0.9599999999999937,0.0024996478796004418,141-160
MWM_AccDiff,43,157,2,ce,,,0.1,80.16,0.6098901911020279,75.0,0.7229622756958007,8.0,81.18,81.18,78.04,0.66735744805336,-5.159999999999997,0.11307208459377283,141-160
MWM_AccDiff,43,157,4,kd,8.0,81.18,0.1,77.02,0.7210559542655944,79.12,0.6229846175193786,,,,,,2.1000000000000085,-0.09807133674621582,141-160
MWM_AccDiff,43,157,9,kd,1.0,81.06,0.1,75.22,0.7241455046653748,80.06,0.6253366250038147,,,,,,4.840000000000003,-0.09880887966156005,141-160
MWM_AccDiff,43,158,2,kd,7.0,80.46,0.1,75.0,0.7229622756958007,77.74,0.6800343350172043,,,,,,2.739999999999995,-0.0429279406785964,141-160
MWM_AccDiff,43,158,9,ce,,,0.1,80.06,0.6253366250038147,77.42,0.6716178884506225,8.0,81.18,81.18,79.38,0.6377934871673584,-2.6400000000000006,0.04628126344680783,141-160
MWM_AccDiff,43,158,4,kd,5.0,80.44,0.1,79.12,0.6229846175193786,78.14,0.6819256211280823,,,,,,-0.980000000000004,0.05894100360870369,141-160
MWM_AccDiff,43,158,3,kd,8.0,81.18,0.1,79.14,0.6147466011285782,79.04,0.6190742297172547,,,,,,-0.09999999999999432,0.004327628588676524,141-160
MWM_AccDiff,43,158,6,kd,1.0,81.06,0.1,79.22,0.6359289696693421,80.64,0.5677234360694885,,,,,,1.4200000000000017,-0.0682055335998536,141-160
MWM_AccDiff,43,159,3,kd,7.0,80.46,0.1,79.04,0.6190742297172547,77.78,0.6725135696411133,,,,,,-1.2600000000000051,0.05343933992385863,141-160
MWM_AccDiff,43,159,4,kd,6.0,80.64,0.1,78.14,0.6819256211280823,77.66,0.6910415253639222,,,,,,-0.480000000000004,0.009115904235839856,141-160
MWM_AccDiff,43,159,5,ce,,,0.1,80.44,0.600472796344757,75.46,0.7051833337306976,8.0,81.18,81.18,80.5,0.5915470546722412,-4.980000000000004,0.1047105373859406,141-160
MWM_AccDiff,43,159,9,kd,1.0,81.06,0.1,77.42,0.6716178884506225,80.18,0.5902529191017151,,,,,,2.760000000000005,-0.08136496934890747,141-160
MWM_AccDiff,43,159,2,kd,8.0,81.18,0.1,77.74,0.6800343350172043,79.18,0.6359921837806701,,,,,,1.440000000000012,-0.04404215123653421,141-160
MWM_AccDiff,43,160,2,kd,7.0,80.46,0.1,79.18,0.6359921837806701,78.54,0.6377205061912536,,,,,,-0.6400000000000006,0.001728322410583516,141-160
MWM_AccDiff,43,160,3,kd,1.0,81.06,0.1,77.78,0.6725135696411133,79.7,0.6036631118774414,,,,,,1.9200000000000017,-0.06885045776367194,141-160
MWM_AccDiff,43,160,9,ce,,,0.1,80.18,0.5902529191017151,75.04,0.7402966102123261,8.0,81.18,81.18,78.9,0.6221491400003433,-5.140000000000001,0.150043691110611,141-160
MWM_AccDiff,43,160,5,kd,6.0,80.64,0.1,75.46,0.7051833337306976,79.16,0.617831860435009,,,,,,3.700000000000003,-0.0873514732956886,141-160
MWM_AccDiff,43,160,4,kd,8.0,81.18,0.1,77.66,0.6910415253639222,79.08,0.6298638071060181,,,,,,1.4200000000000017,-0.06117771825790408,141-160
MWM_AccDiff,43,161,3,ce,,,0.1,79.7,0.6036631118774414,73.96,0.7646779782295227,8.0,81.18,81.18,77.72,0.6818042694568635,-5.740000000000009,0.1610148663520813,161-180
MWM_AccDiff,43,161,5,kd,8.0,81.18,0.1,79.16,0.617831860435009,80.04,0.6084677717447281,,,,,,0.8800000000000097,-0.009364088690280936,161-180
MWM_AccDiff,43,161,2,kd,6.0,80.64,0.1,78.54,0.6377205061912536,77.82,0.6635717524766922,,,,,,-0.7200000000000131,0.025851246285438556,161-180
MWM_AccDiff,43,161,9,kd,1.0,81.06,0.1,75.04,0.7402966102123261,80.9,0.5732586798429489,,,,,,5.859999999999999,-0.1670379303693772,161-180
MWM_AccDiff,43,161,4,kd,7.0,80.46,0.1,79.08,0.6298638071060181,78.96,0.6339749585628509,,,,,,-0.12000000000000455,0.004111151456832829,161-180
MWM_AccDiff,43,162,7,ce,,,0.1,80.46,0.5872518991708755,77.7,0.6425366672515869,8.0,81.18,81.18,78.48,0.6483470606327056,-2.759999999999991,0.055284768080711366,161-180
MWM_AccDiff,43,162,3,kd,1.0,81.06,0.1,73.96,0.7646779782295227,80.0,0.6022578524589539,,,,,,6.040000000000006,-0.16242012577056875,161-180
MWM_AccDiff,43,162,4,kd,9.0,80.9,0.1,78.96,0.6339749585628509,78.4,0.6687838762283326,,,,,,-0.5599999999999881,0.034808917665481665,161-180
MWM_AccDiff,43,162,5,kd,6.0,80.64,0.1,80.04,0.6084677717447281,77.86,0.6532373353481292,,,,,,-2.180000000000007,0.04476956360340112,161-180
MWM_AccDiff,43,162,2,kd,8.0,81.18,0.1,77.82,0.6635717524766922,79.26,0.6289171043395996,,,,,,1.440000000000012,-0.034654648137092625,161-180
MWM_AccDiff,43,163,7,kd,1.0,81.06,0.1,77.7,0.6425366672515869,80.42,0.5882788496971131,,,,,,2.719999999999999,-0.054257817554473786,161-180
MWM_AccDiff,43,163,5,kd,8.0,81.18,0.1,77.86,0.6532373353481292,80.12,0.5914549661159515,,,,,,2.260000000000005,-0.061782369232177725,161-180
MWM_AccDiff,43,163,4,kd,9.0,80.9,0.1,78.4,0.6687838762283326,78.66,0.6510943259239197,,,,,,0.2599999999999909,-0.017689550304412882,161-180
MWM_AccDiff,43,163,3,ce,,,0.1,80.0,0.6022578524589539,72.66,0.7876889532089233,8.0,81.18,81.18,79.52,0.6248245226621628,-7.340000000000003,0.18543110074996938,161-180
MWM_AccDiff,43,163,2,kd,6.0,80.64,0.1,79.26,0.6289171043395996,79.36,0.6263961583614349,,,,,,0.09999999999999432,-0.002520945978164657,161-180
MWM_AccDiff,43,164,7,ce,,,0.1,80.42,0.5882788496971131,76.28,0.6966486052513122,8.0,81.18,81.18,79.86,0.5962779500961304,-4.140000000000001,0.10836975555419914,161-180
MWM_AccDiff,43,164,3,kd,8.0,81.18,0.1,72.66,0.7876889532089233,78.46,0.6430648038387299,,,,,,5.799999999999997,-0.1446241493701934,161-180
MWM_AccDiff,43,164,2,kd,9.0,80.9,0.1,79.36,0.6263961583614349,76.98,0.6846758769989014,,,,,,-2.3799999999999955,0.058279718637466504,161-180
MWM_AccDiff,43,164,5,kd,6.0,80.64,0.1,80.12,0.5914549661159515,79.68,0.6305687596082687,,,,,,-0.4399999999999977,0.03911379349231725,161-180
MWM_AccDiff,43,164,4,kd,1.0,81.06,0.1,78.66,0.6510943259239197,78.18,0.6518390522956848,,,,,,-0.47999999999998977,0.0007447263717651476,161-180
MWM_AccDiff,43,165,7,kd,1.0,81.06,0.1,76.28,0.6966486052513122,79.84,0.5979176309585571,,,,,,3.5600000000000023,-0.09873097429275512,161-180
MWM_AccDiff,43,165,4,kd,9.0,80.9,0.1,78.18,0.6518390522956848,78.94,0.645355269575119,,,,,,0.7599999999999909,-0.006483782720565823,161-180
MWM_AccDiff,43,165,5,ce,,,0.1,79.68,0.6305687596082687,77.84,0.6611688866138459,8.0,81.18,81.18,79.46,0.612112769460678,-1.8400000000000034,0.030600127005577127,161-180
MWM_AccDiff,43,165,3,kd,6.0,80.64,0.1,78.46,0.6430648038387299,79.38,0.6303411984920502,,,,,,0.9200000000000017,-0.012723605346679712,161-180
MWM_AccDiff,43,165,2,kd,8.0,81.18,0.1,76.98,0.6846758769989014,78.28,0.6595074783325195,,,,,,1.2999999999999972,-0.025168398666381875,161-180
MWM_AccDiff,43,166,7,ce,,,0.1,79.84,0.5979176309585571,78.2,0.6392818859577178,8.0,81.18,81.18,79.4,0.6274191289424896,-1.6400000000000006,0.04136425499916074,161-180
MWM_AccDiff,43,166,4,kd,9.0,80.9,0.1,78.94,0.645355269575119,77.22,0.6806249167203903,,,,,,-1.7199999999999989,0.035269647145271255,161-180
MWM_AccDiff,43,166,5,kd,1.0,81.06,0.1,77.84,0.6611688866138459,80.14,0.5798306353092194,,,,,,2.299999999999997,-0.08133825130462646,161-180
MWM_AccDiff,43,166,3,kd,6.0,80.64,0.1,79.38,0.6303411984920502,79.24,0.617114469075203,,,,,,-0.14000000000000057,-0.013226729416847216,161-180
MWM_AccDiff,43,166,2,kd,8.0,81.18,0.1,78.28,0.6595074783325195,78.82,0.6319154952526093,,,,,,0.539999999999992,-0.027591983079910287,161-180
MWM_AccDiff,43,167,7,kd,1.0,81.06,0.1,78.2,0.6392818859577178,79.86,0.5917822481155396,,,,,,1.6599999999999966,-0.047499637842178255,161-180
MWM_AccDiff,43,167,2,kd,9.0,80.9,0.1,78.82,0.6319154952526093,79.2,0.64862697057724,,,,,,0.38000000000000966,0.016711475324630687,161-180
MWM_AccDiff,43,167,4,kd,8.0,81.18,0.1,77.22,0.6806249167203903,75.22,0.8027807412624359,,,,,,-2.0,0.12215582454204565,161-180
MWM_AccDiff,43,167,3,kd,6.0,80.64,0.1,79.24,0.617114469075203,79.14,0.6264711108922958,,,,,,-0.09999999999999432,0.009356641817092837,161-180
MWM_AccDiff,43,167,5,ce,,,0.1,80.14,0.5798306353092194,77.62,0.6557785534381867,8.0,81.18,81.18,79.1,0.6292225160598754,-2.519999999999996,0.07594791812896728,161-180
MWM_AccDiff,43,168,7,ce,,,0.1,79.86,0.5917822481155396,75.82,0.7065578870773316,8.0,81.18,81.18,79.88,0.5956876889705658,-4.040000000000006,0.11477563896179199,161-180
MWM_AccDiff,43,168,5,kd,1.0,81.06,0.1,77.62,0.6557785534381867,80.18,0.5789008817434311,,,,,,2.5600000000000023,-0.07687767169475557,161-180
MWM_AccDiff,43,168,2,kd,9.0,80.9,0.1,79.2,0.64862697057724,77.88,0.6621635613441468,,,,,,-1.3200000000000074,0.01353659076690683,161-180
MWM_AccDiff,43,168,4,kd,8.0,81.18,0.1,75.22,0.8027807412624359,78.64,0.6428184006214142,,,,,,3.4200000000000017,-0.15996234064102177,161-180
MWM_AccDiff,43,168,3,kd,6.0,80.64,0.1,79.14,0.6264711108922958,78.42,0.6565113619804382,,,,,,-0.7199999999999989,0.030040251088142456,161-180
MWM_AccDiff,43,169,7,kd,1.0,81.06,0.1,75.82,0.7065578870773316,80.5,0.568188713979721,,,,,,4.680000000000007,-0.13836917309761054,161-180
MWM_AccDiff,43,169,4,kd,6.0,80.64,0.1,78.64,0.6428184006214142,78.02,0.6706512679576874,,,,,,-0.6200000000000045,0.027832867336273215,161-180
MWM_AccDiff,43,169,3,kd,9.0,80.9,0.1,78.42,0.6565113619804382,79.34,0.6348811105728149,,,,,,0.9200000000000017,-0.021630251407623313,161-180
MWM_AccDiff,43,169,5,ce,,,0.1,80.18,0.5789008817434311,76.8,0.7002959524154663,8.0,81.18,81.18,79.3,0.6183345554828644,-3.3800000000000097,0.12139507067203514,161-180
MWM_AccDiff,43,169,2,kd,8.0,81.18,0.1,77.88,0.6621635613441468,78.84,0.6245056647777557,,,,,,0.960000000000008,-0.03765789656639107,161-180
MWM_AccDiff,43,170,7,ce,,,0.1,80.5,0.568188713979721,77.36,0.6587692643642425,8.0,81.18,81.18,80.52,0.5869907097816467,-3.1400000000000006,0.09058055038452151,161-180
MWM_AccDiff,43,170,5,kd,1.0,81.06,0.1,76.8,0.7002959524154663,79.4,0.6032209961414338,,,,,,2.6000000000000085,-0.09707495627403251,161-180
MWM_AccDiff,43,170,2,kd,9.0,80.9,0.1,78.84,0.6245056647777557,79.16,0.6356257217168808,,,,,,0.3199999999999932,0.0111200569391251,161-180
MWM_AccDiff,43,170,4,kd,8.0,81.18,0.1,78.02,0.6706512679576874,79.06,0.6341912604808807,,,,,,1.0400000000000063,-0.036460007476806666,161-180
MWM_AccDiff,43,170,3,kd,6.0,80.64,0.1,79.34,0.6348811105728149,78.62,0.6464469108581543,,,,,,-0.7199999999999989,0.011565800285339378,161-180
MWM_AccDiff,43,171,3,kd,8.0,81.18,0.1,78.62,0.6464469108581543,79.16,0.612011034154892,,,,,,0.539999999999992,-0.034435876703262314,161-180
MWM_AccDiff,43,171,7,kd,1.0,81.06,0.1,77.36,0.6587692643642425,80.32,0.5739515948057174,,,,,,2.9599999999999937,-0.0848176695585251,161-180
MWM_AccDiff,43,171,4,ce,,,0.1,79.06,0.6341912604808807,71.66,0.8548966351509094,8.0,81.18,81.18,79.24,0.6375035715103149,-7.400000000000006,0.2207053746700287,161-180
MWM_AccDiff,43,171,5,kd,9.0,80.9,0.1,79.4,0.6032209961414338,78.98,0.6383296342372894,,,,,,-0.4200000000000017,0.03510863809585563,161-180
MWM_AccDiff,43,171,2,kd,6.0,80.64,0.1,79.16,0.6356257217168808,78.78,0.6399649992465973,,,,,,-0.37999999999999545,0.004339277529716523,161-180
MWM_AccDiff,43,172,7,ce,,,0.1,80.32,0.5739515948057174,78.76,0.6362281715869904,8.0,81.18,81.18,80.4,0.5842098978996277,-1.559999999999988,0.06227657678127296,161-180
MWM_AccDiff,43,172,3,kd,6.0,80.64,0.1,79.16,0.612011034154892,77.5,0.6924424994468689,,,,,,-1.6599999999999966,0.08043146529197687,161-180
MWM_AccDiff,43,172,5,kd,9.0,80.9,0.1,78.98,0.6383296342372894,79.5,0.6136596133708954,,,,,,0.519999999999996,-0.024670020866394027,161-180
MWM_AccDiff,43,172,4,kd,1.0,81.06,0.1,71.66,0.8548966351509094,80.12,0.5920403523206711,,,,,,8.460000000000008,-0.2628562828302383,161-180
MWM_AccDiff,43,172,2,kd,8.0,81.18,0.1,78.78,0.6399649992465973,77.14,0.7185659029006958,,,,,,-1.6400000000000006,0.07860090365409844,161-180
MWM_AccDiff,43,173,4,ce,,,0.1,80.12,0.5920403523206711,76.72,0.6799703085899353,8.0,81.18,81.18,79.28,0.6145320773601533,-3.4000000000000057,0.08792995626926425,161-180
MWM_AccDiff,43,173,3,kd,1.0,81.06,0.1,77.5,0.6924424994468689,79.82,0.6074046926259995,,,,,,2.319999999999993,-0.08503780682086937,161-180
MWM_AccDiff,43,173,7,kd,9.0,80.9,0.1,78.76,0.6362281715869904,79.98,0.6006223429441452,,,,,,1.2199999999999989,-0.03560582864284523,161-180
MWM_AccDiff,43,173,5,kd,6.0,80.64,0.1,79.5,0.6136596133708954,79.68,0.6268410549402237,,,,,,0.18000000000000682,0.013181441569328323,161-180
MWM_AccDiff,43,173,2,kd,8.0,81.18,0.1,77.14,0.7185659029006958,80.28,0.6132763793945313,,,,,,3.1400000000000006,-0.1052895235061645,161-180
MWM_AccDiff,43,174,5,kd,1.0,81.06,0.1,79.68,0.6268410549402237,80.52,0.5819999495506286,,,,,,0.8399999999999892,-0.04484110538959507,161-180
MWM_AccDiff,43,174,2,ce,,,0.1,80.28,0.6132763793945313,74.04,0.7570538500785827,8.0,81.18,81.18,78.92,0.6374724780082702,-6.239999999999995,0.14377747068405144,161-180
MWM_AccDiff,43,174,7,kd,6.0,80.64,0.1,79.98,0.6006223429441452,78.26,0.6576893015146256,,,,,,-1.7199999999999989,0.057066958570480386,161-180
MWM_AccDiff,43,174,3,kd,9.0,80.9,0.1,79.82,0.6074046926259995,77.66,0.6818680436372757,,,,,,-2.1599999999999966,0.07446335101127621,161-180
MWM_AccDiff,43,174,4,kd,8.0,81.18,0.1,76.72,0.6799703085899353,79.72,0.5965569476604462,,,,,,3.0,-0.08341336092948914,161-180
MWM_AccDiff,43,175,3,kd,1.0,81.06,0.1,77.66,0.6818680436372757,80.28,0.6121567546367646,,,,,,2.6200000000000045,-0.06971128900051116,161-180
MWM_AccDiff,43,175,4,kd,6.0,80.64,0.1,79.72,0.5965569476604462,79.48,0.6157532707095146,,,,,,-0.23999999999999488,0.019196323049068376,161-180
MWM_AccDiff,43,175,7,kd,9.0,80.9,0.1,78.26,0.6576893015146256,79.64,0.610290971493721,,,,,,1.3799999999999955,-0.047398330020904544,161-180
MWM_AccDiff,43,175,5,ce,,,0.1,80.52,0.5819999495506286,73.78,0.7950304790496826,8.0,81.18,81.18,78.12,0.6653891070365906,-6.739999999999995,0.213030529499054,161-180
MWM_AccDiff,43,175,2,kd,8.0,81.18,0.1,74.04,0.7570538500785827,79.98,0.6064233381271362,,,,,,5.939999999999998,-0.1506305119514465,161-180
MWM_AccDiff,43,176,3,ce,,,0.1,80.28,0.6121567546367646,75.38,0.7047773223876953,8.0,81.18,81.18,78.0,0.6722712882041931,-4.900000000000006,0.09262056775093075,161-180
MWM_AccDiff,43,176,5,kd,1.0,81.06,0.1,73.78,0.7950304790496826,79.92,0.591366838502884,,,,,,6.140000000000001,-0.20366364054679864,161-180
MWM_AccDiff,43,176,7,kd,9.0,80.9,0.1,79.64,0.610290971493721,79.9,0.6174893009185791,,,,,,0.2600000000000051,0.0071983294248580965,161-180
MWM_AccDiff,43,176,2,kd,6.0,80.64,0.1,79.98,0.6064233381271362,78.26,0.6574875255584717,,,,,,-1.7199999999999989,0.05106418743133545,161-180
MWM_AccDiff,43,176,4,kd,8.0,81.18,0.1,79.48,0.6157532707095146,79.52,0.615607241487503,,,,,,0.03999999999999204,-0.00014602922201156776,161-180
MWM_AccDiff,43,177,7,ce,,,0.1,79.9,0.6174893009185791,76.2,0.7127890580654145,8.0,81.18,81.18,80.0,0.6054246450901032,-3.700000000000003,0.09529975714683536,161-180
MWM_AccDiff,43,177,3,kd,1.0,81.06,0.1,75.38,0.7047773223876953,79.94,0.5901183109521866,,,,,,4.560000000000002,-0.11465901143550872,161-180
MWM_AccDiff,43,177,4,kd,9.0,80.9,0.1,79.52,0.615607241487503,79.04,0.6598385111808777,,,,,,-0.47999999999998977,0.04423126969337465,161-180
MWM_AccDiff,43,177,2,kd,6.0,80.64,0.1,78.26,0.6574875255584717,78.08,0.6743264437198639,,,,,,-0.18000000000000682,0.01683891816139227,161-180
MWM_AccDiff,43,177,5,kd,8.0,81.18,0.1,79.92,0.591366838502884,78.52,0.6540905654430389,,,,,,-1.4000000000000057,0.06272372694015493,161-180
MWM_AccDiff,43,178,7,kd,1.0,81.06,0.1,76.2,0.7127890580654145,80.64,0.5779551540374755,,,,,,4.439999999999998,-0.13483390402793893,161-180
MWM_AccDiff,43,178,4,kd,6.0,80.64,0.1,79.04,0.6598385111808777,77.28,0.7095261396169662,,,,,,-1.7600000000000051,0.04968762843608854,161-180
MWM_AccDiff,43,178,3,ce,,,0.1,79.94,0.5901183109521866,76.62,0.6904609297275544,8.0,81.18,81.18,79.72,0.6061157983779907,-3.319999999999993,0.10034261877536776,161-180
MWM_AccDiff,43,178,5,kd,9.0,80.9,0.1,78.52,0.6540905654430389,79.22,0.634086179959774,,,,,,0.7000000000000028,-0.020004385483264886,161-180
MWM_AccDiff,43,178,2,kd,8.0,81.18,0.1,78.08,0.6743264437198639,78.2,0.6492532409667969,,,,,,0.12000000000000455,-0.025073202753067014,161-180
MWM_AccDiff,43,179,3,kd,8.0,81.18,0.1,76.62,0.6904609297275544,80.24,0.5926636041164398,,,,,,3.6199999999999903,-0.09779732561111454,161-180
MWM_AccDiff,43,179,5,kd,7.0,80.64,0.1,79.22,0.634086179959774,78.98,0.6384893734455108,,,,,,-0.23999999999999488,0.004403193485736812,161-180
MWM_AccDiff,43,179,6,ce,,,0.1,80.64,0.5677234360694885,78.12,0.6384924790859222,8.0,81.18,81.18,79.46,0.6211580303192139,-2.519999999999996,0.07076904301643372,161-180
MWM_AccDiff,43,179,2,kd,9.0,80.9,0.1,78.2,0.6492532409667969,78.1,0.6739976515769959,,,,,,-0.10000000000000853,0.02474441061019894,161-180
MWM_AccDiff,43,179,4,kd,1.0,81.06,0.1,77.28,0.7095261396169662,79.84,0.6170943220615387,,,,,,2.5600000000000023,-0.09243181755542751,161-180
MWM_AccDiff,43,180,6,kd,1.0,81.06,0.1,78.12,0.6384924790859222,79.66,0.5791952000617981,,,,,,1.539999999999992,-0.05929727902412407,161-180
MWM_AccDiff,43,180,3,ce,,,0.1,80.24,0.5926636041164398,75.88,0.6962863178253174,8.0,81.18,81.18,78.74,0.6435217393875122,-4.359999999999999,0.10362271370887755,161-180
MWM_AccDiff,43,180,5,kd,9.0,80.9,0.1,78.98,0.6384893734455108,78.88,0.6345430781126022,,,,,,-0.10000000000000853,-0.003946295332908578,161-180
MWM_AccDiff,43,180,4,kd,7.0,80.64,0.1,79.84,0.6170943220615387,79.88,0.61247545337677,,,,,,0.03999999999999204,-0.004618868684768684,161-180
MWM_AccDiff,43,180,2,kd,8.0,81.18,0.1,78.1,0.6739976515769959,79.52,0.6076244485855102,,,,,,1.4200000000000017,-0.06637320299148564,161-180
MWM_AccDiff,43,181,3,kd,8.0,81.18,0.1,75.88,0.6962863178253174,79.7,0.6081749878406525,,,,,,3.8200000000000074,-0.08811132998466487,181-200
MWM_AccDiff,43,181,2,kd,7.0,80.64,0.1,79.52,0.6076244485855102,79.18,0.6175669929027557,,,,,,-0.3399999999999892,0.009942544317245505,181-200
MWM_AccDiff,43,181,5,kd,1.0,81.06,0.1,78.88,0.6345430781126022,80.2,0.5856682704210281,,,,,,1.3200000000000074,-0.04887480769157415,181-200
MWM_AccDiff,43,181,6,ce,,,0.1,79.66,0.5791952000617981,75.98,0.6964219773292541,8.0,81.18,81.18,79.56,0.6062710965156555,-3.6799999999999926,0.117226777267456,181-200
MWM_AccDiff,43,181,4,kd,9.0,80.9,0.1,79.88,0.61247545337677,78.46,0.6717426732063293,,,,,,-1.4200000000000017,0.05926721982955929,181-200
MWM_AccDiff,43,182,6,kd,1.0,81.06,0.1,75.98,0.6964219773292541,79.72,0.5994712225437164,,,,,,3.739999999999995,-0.09695075478553772,181-200
MWM_AccDiff,43,182,3,kd,7.0,80.64,0.1,79.7,0.6081749878406525,79.4,0.6174575781345367,,,,,,-0.29999999999999716,0.00928259029388423,181-200
MWM_AccDiff,43,182,2,kd,9.0,80.9,0.1,79.18,0.6175669929027557,79.04,0.6481497960090638,,,,,,-0.14000000000000057,0.03058280310630801,181-200
MWM_AccDiff,43,182,4,kd,8.0,81.18,0.1,78.46,0.6717426732063293,79.52,0.6081356768131256,,,,,,1.0600000000000023,-0.06360699639320366,181-200
MWM_AccDiff,43,182,5,ce,,,0.1,80.2,0.5856682704210281,75.42,0.7401834593772888,8.0,81.18,81.18,79.36,0.6430801939964295,-4.780000000000001,0.1545151889562607,181-200
MWM_AccDiff,43,183,4,kd,8.0,81.18,0.1,79.52,0.6081356768131256,79.36,0.6216205645561218,,,,,,-0.1599999999999966,0.013484887742996166,181-200
MWM_AccDiff,43,183,2,kd,7.0,80.64,0.1,79.04,0.6481497960090638,77.64,0.6791757774353028,,,,,,-1.4000000000000057,0.031025981426239024,181-200
MWM_AccDiff,43,183,6,kd,9.0,80.9,0.1,79.72,0.5994712225437164,79.36,0.602663358283043,,,,,,-0.35999999999999943,0.0031921357393265293,181-200
MWM_AccDiff,43,183,3,ce,,,0.1,79.4,0.6174575781345367,76.94,0.6789442949295044,8.0,81.18,81.18,79.74,0.6067423721313476,-2.460000000000008,0.061486716794967644,181-200
MWM_AccDiff,43,183,5,kd,1.0,81.06,0.1,75.42,0.7401834593772888,79.32,0.6168329837322235,,,,,,3.8999999999999915,-0.1233504756450653,181-200
MWM_AccDiff,43,184,2,kd,7.0,80.64,0.010000000000000002,77.64,0.6791757774353028,80.3,0.5961770043849945,,,,,,2.6599999999999966,-0.08299877305030823,181-200
MWM_AccDiff,43,184,3,kd,1.0,81.06,0.010000000000000002,76.94,0.6789442949295044,81.96,0.5280057805538177,,,,,,5.019999999999996,-0.15093851437568662,181-200
MWM_AccDiff,43,184,5,ce,,,0.1,79.32,0.6168329837322235,73.98,0.7732007217407226,8.0,81.18,81.18,79.9,0.6042739354133606,-5.339999999999989,0.15636773800849912,181-200
MWM_AccDiff,43,184,6,kd,8.0,81.18,0.1,79.36,0.602663358283043,80.62,0.5801689292907715,,,,,,1.2600000000000051,-0.022494428992271498,181-200
MWM_AccDiff,43,184,4,kd,9.0,80.9,0.1,79.36,0.6216205645561218,78.66,0.6576593752384186,,,,,,-0.7000000000000028,0.03603881068229675,181-200
MWM_AccDiff,43,185,4,kd,3.0,81.96,0.1,78.66,0.6576593752384186,79.54,0.6067984149932861,,,,,,0.8800000000000097,-0.050860960245132425,181-200
MWM_AccDiff,43,185,5,kd,8.0,81.18,0.1,73.98,0.7732007217407226,79.52,0.6145167463302612,,,,,,5.539999999999992,-0.15868397541046142,181-200
MWM_AccDiff,43,185,6,ce,,,0.1,80.62,0.5801689292907715,78.16,0.6578393767356873,3.0,81.96,81.96,80.58,0.5588606915473938,-2.460000000000008,0.0776704474449158,181-200
MWM_AccDiff,43,185,2,kd,9.0,80.9,0.010000000000000002,80.3,0.5961770043849945,80.64,0.5799590860128403,,,,,,0.3400000000000034,-0.01621791837215425,181-200
MWM_AccDiff,43,185,7,kd,1.0,81.06,0.1,80.64,0.5779551540374755,79.44,0.5972011283397675,,,,,,-1.2000000000000028,0.019245974302291913,181-200
MWM_AccDiff,43,186,5,kd,8.0,81.18,0.1,79.52,0.6145167463302612,79.82,0.6029486110210419,,,,,,0.29999999999999716,-0.011568135309219296,181-200
MWM_AccDiff,43,186,4,kd,1.0,81.06,0.1,79.54,0.6067984149932861,79.22,0.6330972711801529,,,,,,-0.3200000000000074,0.02629885618686678,181-200
MWM_AccDiff,43,186,7,kd,9.0,80.9,0.1,79.44,0.5972011283397675,77.08,0.6943074386596679,,,,,,-2.3599999999999994,0.09710631031990047,181-200
MWM_AccDiff,43,186,2,ce,,,0.010000000000000002,80.64,0.5799590860128403,81.96,0.5388421638011932,3.0,81.96,81.96,81.22,0.5532378359794616,1.3199999999999932,-0.04111692221164709,181-200
MWM_AccDiff,43,186,6,kd,3.0,81.96,0.1,78.16,0.6578393767356873,80.58,0.5711212325334549,,,,,,2.4200000000000017,-0.08671814420223234,181-200
MWM_AccDiff,43,187,9,ce,,,0.1,80.9,0.5732586798429489,76.98,0.6769323753356934,3.0,81.96,81.96,79.96,0.5919204115867615,-3.9200000000000017,0.10367369549274452,181-200
MWM_AccDiff,43,187,5,kd,1.0,81.06,0.1,79.82,0.6029486110210419,80.48,0.5893838714122772,,,,,,0.6600000000000108,-0.013564739608764698,181-200
MWM_AccDiff,43,187,7,kd,3.0,81.96,0.1,77.08,0.6943074386596679,80.7,0.5715810348987579,,,,,,3.6200000000000045,-0.12272640376091004,181-200
MWM_AccDiff,43,187,6,kd,2.0,81.96,0.1,80.58,0.5711212325334549,81.3,0.5567385261774063,,,,,,0.7199999999999989,-0.014382706356048658,181-200
MWM_AccDiff,43,187,4,kd,8.0,81.18,0.1,79.22,0.6330972711801529,78.44,0.6608347663640975,,,,,,-0.7800000000000011,0.027737495183944638,181-200
MWM_AccDiff,43,188,1,ce,,,0.010000000000000002,81.06,0.5527484836578369,82.36,0.5190873995542526,3.0,81.96,81.96,81.04,0.5528773871898651,1.2999999999999972,-0.03366108410358426,181-200
MWM_AccDiff,43,188,7,kd,2.0,81.96,0.1,80.7,0.5715810348987579,80.46,0.587223909330368,,,,,,-0.2400000000000091,0.015642874431610165,181-200
MWM_AccDiff,43,188,9,kd,3.0,81.96,0.1,76.98,0.6769323753356934,80.76,0.5664047588348389,,,,,,3.780000000000001,-0.11052761650085452,181-200
MWM_AccDiff,43,188,5,kd,8.0,81.18,0.1,80.48,0.5893838714122772,79.58,0.6069181074142456,,,,,,-0.9000000000000057,0.01753423600196835,181-200
MWM_AccDiff,43,188,4,kd,6.0,81.3,0.1,78.44,0.6608347663640975,78.82,0.6526925997257232,,,,,,0.37999999999999545,-0.008142166638374304,181-200
MWM_AccDiff,43,189,8,kd,1.0,82.36,0.1,81.18,0.5640245734214783,81.02,0.5639010222196579,,,,,,-0.1600000000000108,-0.00012355120182039325,181-200
MWM_AccDiff,43,189,4,kd,6.0,81.3,0.1,78.82,0.6526925997257232,78.44,0.6569245999336243,,,,,,-0.37999999999999545,0.004232000207901043,181-200
MWM_AccDiff,43,189,9,ce,,,0.1,80.76,0.5664047588348389,76.44,0.688321950340271,1.0,82.36,82.36,80.2,0.591250363779068,-4.320000000000007,0.12191719150543212,181-200
MWM_AccDiff,43,189,7,kd,2.0,81.96,0.1,80.46,0.587223909330368,80.06,0.5871724639177323,,,,,,-0.3999999999999915,-5.1445412635797716e-05,181-200
MWM_AccDiff,43,189,5,kd,3.0,81.96,0.1,79.58,0.6069181074142456,79.98,0.5977581865310669,,,,,,0.4000000000000057,-0.00915992088317863,181-200
MWM_AccDiff,43,190,9,kd,3.0,81.96,0.1,76.44,0.688321950340271,81.04,0.5526911894798279,,,,,,4.6000000000000085,-0.13563076086044312,181-200
MWM_AccDiff,43,190,4,kd,1.0,82.36,0.1,78.44,0.6569245999336243,79.8,0.6158266073226929,,,,,,1.3599999999999994,-0.04109799261093139,181-200
MWM_AccDiff,43,190,7,kd,6.0,81.3,0.1,80.06,0.5871724639177323,79.68,0.6504273653507233,,,,,,-0.37999999999999545,0.06325490143299106,181-200
MWM_AccDiff,43,190,8,ce,,,0.1,81.02,0.5639010222196579,76.36,0.7023393768310547,1.0,82.36,82.36,81.46,0.5755875008583069,-4.659999999999997,0.13843835461139686,181-200
MWM_AccDiff,43,190,5,kd,2.0,81.96,0.1,79.98,0.5977581865310669,77.5,0.6919215293884278,,,,,,-2.480000000000004,0.09416334285736083,181-200
MWM_AccDiff,43,191,5,kd,1.0,82.36,0.1,77.5,0.6919215293884278,80.42,0.5794166499137878,,,,,,2.9200000000000017,-0.11250487947463994,181-200
MWM_AccDiff,43,191,4,kd,6.0,81.3,0.1,79.8,0.6158266073226929,78.6,0.6604519949674607,,,,,,-1.2000000000000028,0.044625387644767756,181-200
MWM_AccDiff,43,191,9,ce,,,0.1,81.04,0.5526911894798279,77.0,0.6809166383743286,1.0,82.36,82.36,81.42,0.5538299388170242,-4.040000000000006,0.12822544889450072,181-200
MWM_AccDiff,43,191,8,kd,3.0,81.96,0.1,76.36,0.7023393768310547,80.3,0.5859096411705017,,,,,,3.9399999999999977,-0.11642973566055304,181-200
MWM_AccDiff,43,191,7,kd,2.0,81.96,0.1,79.68,0.6504273653507233,78.74,0.6339324897289276,,,,,,-0.9400000000000119,-0.016494875621795746,181-200
MWM_AccDiff,43,192,9,kd,3.0,81.96,0.1,77.0,0.6809166383743286,79.6,0.5960902908802033,,,,,,2.5999999999999943,-0.08482634749412532,181-200
MWM_AccDiff,43,192,4,kd,6.0,81.3,0.010000000000000002,78.6,0.6604519949674607,81.32,0.5714063525676727,,,,,,2.719999999999999,-0.08904564239978796,181-200
MWM_AccDiff,43,192,7,kd,1.0,82.36,0.1,78.74,0.6339324897289276,80.7,0.5850677199840546,,,,,,1.960000000000008,-0.04886476974487297,181-200
MWM_AccDiff,43,192,8,ce,,,0.1,80.3,0.5859096411705017,75.36,0.7507798620223999,1.0,82.36,82.36,79.5,0.619998402261734,-4.939999999999998,0.16487022085189817,181-200
MWM_AccDiff,43,192,5,kd,2.0,81.96,0.1,80.42,0.5794166499137878,80.0,0.5876801362991333,,,,,,-0.4200000000000017,0.008263486385345464,181-200
MWM_AccDiff,43,193,7,ce,,,0.1,80.7,0.5850677199840546,77.86,0.642462181186676,1.0,82.36,82.36,79.4,0.6323782918214798,-2.8400000000000034,0.05739446120262137,181-200
MWM_AccDiff,43,193,9,kd,3.0,81.96,0.1,79.6,0.5960902908802033,80.72,0.5666750831127166,,,,,,1.1200000000000045,-0.02941520776748663,181-200
MWM_AccDiff,43,193,8,kd,1.0,82.36,0.1,75.36,0.7507798620223999,80.86,0.580548314833641,,,,,,5.5,-0.17023154718875888,181-200
MWM_AccDiff,43,193,5,kd,4.0,81.32,0.1,80.0,0.5876801362991333,79.16,0.6169283597946167,,,,,,-0.8400000000000034,0.029248223495483394,181-200
MWM_AccDiff,43,193,6,kd,2.0,81.96,0.1,81.3,0.5567385261774063,81.66,0.5571315701007843,,,,,,0.35999999999999943,0.0003930439233780225,181-200
MWM_AccDiff,43,194,4,ce,,,0.010000000000000002,81.32,0.5714063525676727,82.08,0.5240946353673935,1.0,82.36,82.36,81.9,0.5431747061491012,0.7600000000000051,-0.04731171720027916,181-200
MWM_AccDiff,43,194,5,kd,1.0,82.36,0.1,79.16,0.6169283597946167,80.04,0.5965082800626754,,,,,,0.8800000000000097,-0.020420079731941265,181-200
MWM_AccDiff,43,194,9,kd,2.0,81.96,0.1,80.72,0.5666750831127166,80.04,0.5915618040323257,,,,,,-0.6799999999999926,0.024886720919609084,181-200
MWM_AccDiff,43,194,7,kd,3.0,81.96,0.1,77.86,0.642462181186676,79.44,0.6218005589485168,,,,,,1.5799999999999983,-0.02066162223815915,181-200
MWM_AccDiff,43,194,8,kd,6.0,81.66,0.1,80.86,0.580548314833641,79.42,0.6460392868995667,,,,,,-1.4399999999999977,0.06549097206592569,181-200
MWM_AccDiff,43,195,8,kd,4.0,82.08,0.1,79.42,0.6460392868995667,80.92,0.5727572901010514,,,,,,1.5,-0.07328199679851533,181-200
MWM_AccDiff,43,195,9,kd,3.0,81.96,0.1,80.04,0.5915618040323257,81.58,0.5546051972389221,,,,,,1.539999999999992,-0.036956606793403624,181-200
MWM_AccDiff,43,195,6,ce,,,0.1,81.66,0.5571315701007843,73.76,0.7808072083473205,1.0,82.36,82.36,80.72,0.5744168751239777,-7.8999999999999915,0.22367563824653625,181-200
MWM_AccDiff,43,195,7,kd,1.0,82.36,0.1,79.44,0.6218005589485168,80.44,0.5773497279405594,,,,,,1.0,-0.044450831007957436,181-200
MWM_AccDiff,43,195,5,kd,2.0,81.96,0.1,80.04,0.5965082800626754,79.08,0.6262219923734665,,,,,,-0.960000000000008,0.02971371231079112,181-200
MWM_AccDiff,43,196,5,kd,1.0,82.36,0.1,79.08,0.6262219923734665,79.18,0.6180145271778107,,,,,,0.10000000000000853,-0.00820746519565585,181-200
MWM_AccDiff,43,196,9,ce,,,0.1,81.58,0.5546051972389221,75.28,0.7264488486289978,1.0,82.36,82.36,80.66,0.5816571917295456,-6.299999999999997,0.17184365139007574,181-200
MWM_AccDiff,43,196,6,kd,4.0,82.08,0.1,73.76,0.7808072083473205,81.1,0.5613321935415267,,,,,,7.339999999999989,-0.2194750148057938,181-200
MWM_AccDiff,43,196,7,kd,3.0,81.96,0.1,80.44,0.5773497279405594,80.68,0.5900298593044281,,,,,,0.2400000000000091,0.012680131363868696,181-200
MWM_AccDiff,43,196,8,kd,2.0,81.96,0.1,80.92,0.5727572901010514,81.44,0.5519205861568451,,,,,,0.519999999999996,-0.020836703944206225,181-200
MWM_AccDiff,43,197,6,kd,2.0,81.96,0.1,81.1,0.5613321935415267,80.54,0.5724701207160949,,,,,,-0.5599999999999881,0.011137927174568185,181-200
MWM_AccDiff,43,197,5,kd,1.0,82.36,0.1,79.18,0.6180145271778107,80.0,0.6041509300708771,,,,,,0.8199999999999932,-0.013863597106933634,181-200
MWM_AccDiff,43,197,7,kd,3.0,81.96,0.1,80.68,0.5900298593044281,79.86,0.5937214413642883,,,,,,-0.8200000000000074,0.003691582059860199,181-200
MWM_AccDiff,43,197,8,ce,,,0.1,81.44,0.5519205861568451,75.38,0.7170955257415772,1.0,82.36,82.36,80.54,0.591981686925888,-6.060000000000002,0.16517493958473206,181-200
MWM_AccDiff,43,197,9,kd,4.0,82.08,0.1,75.28,0.7264488486289978,80.52,0.57964203748703,,,,,,5.239999999999995,-0.1468068111419678,181-200
MWM_AccDiff,43,198,9,kd,2.0,81.96,0.1,80.52,0.57964203748703,80.06,0.5884529820919037,,,,,,-0.45999999999999375,0.008810944604873638,181-200
MWM_AccDiff,43,198,6,ce,,,0.1,80.54,0.5724701207160949,77.66,0.6569165091514587,1.0,82.36,82.36,80.76,0.5733781776666641,-2.8800000000000097,0.08444638843536378,181-200
MWM_AccDiff,43,198,5,kd,4.0,82.08,0.1,80.0,0.6041509300708771,78.66,0.6321489636182785,,,,,,-1.3400000000000034,0.02799803354740149,181-200
MWM_AccDiff,43,198,8,kd,3.0,81.96,0.1,75.38,0.7170955257415772,80.9,0.5817358912467957,,,,,,5.52000000000001,-0.1353596344947815,181-200
MWM_AccDiff,43,198,7,kd,1.0,82.36,0.1,79.86,0.5937214413642883,79.84,0.615974586892128,,,,,,-0.01999999999999602,0.022253145527839746,181-200
MWM_AccDiff,43,199,5,kd,1.0,82.36,0.1,78.66,0.6321489636182785,78.9,0.6410316321372986,,,,,,0.2400000000000091,0.008882668519020087,181-200
MWM_AccDiff,43,199,9,kd,2.0,81.96,0.1,80.06,0.5884529820919037,80.26,0.5906211225986481,,,,,,0.20000000000000284,0.0021681405067444093,181-200
MWM_AccDiff,43,199,6,kd,4.0,82.08,0.1,77.66,0.6569165091514587,81.84,0.5674035933971405,,,,,,4.180000000000007,-0.08951291575431819,181-200
MWM_AccDiff,43,199,7,kd,3.0,81.96,0.1,79.84,0.615974586892128,79.44,0.6206404674053192,,,,,,-0.4000000000000057,0.004665880513191167,181-200
MWM_AccDiff,43,199,8,ce,,,0.1,80.9,0.5817358912467957,76.32,0.697073170375824,1.0,82.36,82.36,80.02,0.59863026034832,-4.5800000000000125,0.11533727912902825,181-200
MWM_AccDiff,43,200,8,kd,4.0,82.08,0.1,76.32,0.697073170375824,79.3,0.5960923248767853,,,,,,2.980000000000004,-0.10098084549903863,181-200
MWM_AccDiff,43,200,5,kd,1.0,82.36,0.1,78.9,0.6410316321372986,80.5,0.5875547998905182,,,,,,1.5999999999999943,-0.05347683224678046,181-200
MWM_AccDiff,43,200,9,kd,2.0,81.96,0.1,80.26,0.5906211225986481,79.92,0.5937706218957901,,,,,,-0.3400000000000034,0.0031494992971420332,181-200
MWM_AccDiff,43,200,7,kd,3.0,81.96,0.1,79.44,0.6206404674053192,79.68,0.6076081242084503,,,,,,0.2400000000000091,-0.013032343196868856,181-200
MWM_AccDiff,43,200,6,ce,,,0.1,81.84,0.5674035933971405,77.48,0.6732003338813781,1.0,82.36,82.36,79.6,0.6253880821704865,-4.359999999999999,0.1057967404842376,181-200
MWM_AccDiff,43,201,8,kd,4.0,82.08,0.1,79.3,0.5960923248767853,81.26,0.5570886246919632,,,,,,1.960000000000008,-0.03900370018482213,201-220
MWM_AccDiff,43,201,6,kd,1.0,82.36,0.1,77.48,0.6732003338813781,81.64,0.5554729023456574,,,,,,4.159999999999997,-0.11772743153572074,201-220
MWM_AccDiff,43,201,9,kd,2.0,81.96,0.1,79.92,0.5937706218957901,80.14,0.604841473531723,,,,,,0.21999999999999886,0.01107085163593291,201-220
MWM_AccDiff,43,201,7,kd,3.0,81.96,0.1,79.68,0.6076081242084503,79.26,0.6395118281126022,,,,,,-0.4200000000000017,0.03190370390415187,201-220
MWM_AccDiff,43,201,5,ce,,,0.1,80.5,0.5875547998905182,77.0,0.6811662029266358,1.0,82.36,82.36,79.6,0.6250995110034943,-3.5,0.09361140303611759,201-220
MWM_AccDiff,43,202,7,kd,4.0,82.08,0.1,79.26,0.6395118281126022,79.4,0.611362468624115,,,,,,0.14000000000000057,-0.02814935948848718,201-220
MWM_AccDiff,43,202,9,kd,3.0,81.96,0.1,80.14,0.604841473531723,80.56,0.598006861948967,,,,,,0.4200000000000017,-0.0068346115827560006,201-220
MWM_AccDiff,43,202,5,kd,1.0,82.36,0.1,77.0,0.6811662029266358,81.38,0.5586180494308471,,,,,,4.3799999999999955,-0.12254815349578863,201-220
MWM_AccDiff,43,202,6,ce,,,0.1,81.64,0.5554729023456574,74.52,0.7732155527353287,1.0,82.36,82.36,81.2,0.5542032036304474,-7.1200000000000045,0.21774265038967133,201-220
MWM_AccDiff,43,202,8,kd,2.0,81.96,0.1,81.26,0.5570886246919632,80.52,0.5808611902236939,,,,,,-0.7400000000000091,0.023772565531730683,201-220
MWM_AccDiff,43,203,7,kd,4.0,82.08,0.1,79.4,0.611362468624115,79.32,0.6262236115455627,,,,,,-0.0800000000000125,0.01486114292144769,201-220
MWM_AccDiff,43,203,6,kd,2.0,81.96,0.1,74.52,0.7732155527353287,81.24,0.5524579935073852,,,,,,6.719999999999999,-0.2207575592279435,201-220
MWM_AccDiff,43,203,8,kd,3.0,81.96,0.1,80.52,0.5808611902236939,78.14,0.6767110889434814,,,,,,-2.3799999999999955,0.09584989871978755,201-220
MWM_AccDiff,43,203,5,ce,,,0.1,81.38,0.5586180494308471,75.98,0.7188047248840332,1.0,82.36,82.36,80.82,0.5776801862955093,-5.3999999999999915,0.1601866754531861,201-220
MWM_AccDiff,43,203,9,kd,1.0,82.36,0.1,80.56,0.598006861948967,79.42,0.6231217559099197,,,,,,-1.1400000000000006,0.025114893960952678,201-220
MWM_AccDiff,43,204,8,kd,4.0,82.08,0.1,78.14,0.6767110889434814,80.42,0.5830167224884033,,,,,,2.280000000000001,-0.09369436645507812,201-220
MWM_AccDiff,43,204,6,ce,,,0.1,81.24,0.5524579935073852,74.62,0.7722808116912842,1.0,82.36,82.36,80.38,0.5854850865840912,-6.61999999999999,0.21982281818389893,201-220
MWM_AccDiff,43,204,7,kd,3.0,81.96,0.1,79.32,0.6262236115455627,80.14,0.6102377812385559,,,,,,0.8200000000000074,-0.015985830307006843,201-220
MWM_AccDiff,43,204,9,kd,1.0,82.36,0.1,79.42,0.6231217559099197,79.94,0.6101448926210403,,,,,,0.519999999999996,-0.01297686328887937,201-220
MWM_AccDiff,43,204,5,kd,2.0,81.96,0.1,75.98,0.7188047248840332,81.0,0.5703376356601715,,,,,,5.019999999999996,-0.14846708922386176,201-220
MWM_AccDiff,43,205,9,kd,3.0,81.96,0.1,79.94,0.6101448926210403,79.5,0.639090419101715,,,,,,-0.4399999999999977,0.02894552648067472,201-220
MWM_AccDiff,43,205,6,kd,4.0,82.08,0.1,74.62,0.7722808116912842,81.24,0.5482364838838577,,,,,,6.61999999999999,-0.22404432780742645,201-220
MWM_AccDiff,43,205,7,kd,1.0,82.36,0.1,80.14,0.6102377812385559,80.84,0.5923071542263031,,,,,,0.7000000000000028,-0.017930627012252787,201-220
MWM_AccDiff,43,205,5,ce,,,0.010000000000000002,81.0,0.5703376356601715,82.78,0.5057972740411758,1.0,82.36,82.36,82.0,0.5273129839658737,1.7800000000000011,-0.06454036161899568,201-220
MWM_AccDiff,43,205,8,kd,2.0,81.96,0.1,80.42,0.5830167224884033,80.64,0.5751266441345215,,,,,,0.21999999999999886,-0.00789007835388178,201-220
MWM_AccDiff,43,206,8,kd,5.0,82.78,0.1,80.64,0.5751266441345215,77.82,0.6699631656169891,,,,,,-2.8200000000000074,0.09483652148246757,201-220
MWM_AccDiff,43,206,2,ce,,,0.010000000000000002,81.96,0.5388421638011932,83.06,0.503220119190216,5.0,82.78,82.78,82.94,0.515937041926384,1.1000000000000085,-0.03562204461097718,201-220
MWM_AccDiff,43,206,7,kd,1.0,82.36,0.1,80.84,0.5923071542263031,81.14,0.5729686648845672,,,,,,0.29999999999999716,-0.019338489341735876,201-220
MWM_AccDiff,43,206,6,kd,3.0,81.96,0.1,81.24,0.5482364838838577,80.62,0.5723649993419647,,,,,,-0.6199999999999903,0.024128515458107014,201-220
MWM_AccDiff,43,206,9,kd,4.0,82.08,0.1,79.5,0.639090419101715,80.48,0.5960778703689575,,,,,,0.980000000000004,-0.043012548732757505,201-220
MWM_AccDiff,43,207,7,kd,4.0,82.08,0.1,81.14,0.5729686648845672,79.92,0.6096178320884704,,,,,,-1.2199999999999989,0.03664916720390321,201-220
MWM_AccDiff,43,207,3,ce,,,0.010000000000000002,81.96,0.5280057805538177,83.14,0.4977773231506348,2.0,83.06,83.06,82.84,0.5046494864463806,1.1800000000000068,-0.030228457403182973,201-220
MWM_AccDiff,43,207,6,kd,5.0,82.78,0.1,80.62,0.5723649993419647,80.72,0.5674870125055314,,,,,,0.09999999999999432,-0.004877986836433368,201-220
MWM_AccDiff,43,207,8,kd,2.0,83.06,0.1,77.82,0.6699631656169891,81.06,0.5733566992282867,,,,,,3.240000000000009,-0.0966064663887024,201-220
MWM_AccDiff,43,207,9,kd,1.0,82.36,0.1,80.48,0.5960778703689575,81.38,0.5911081268906593,,,,,,0.8999999999999915,-0.004969743478298261,201-220
MWM_AccDiff,43,208,4,ce,,,0.010000000000000002,82.08,0.5240946353673935,83.58,0.5014401508808136,3.0,83.14,83.14,82.62,0.514966420865059,1.5,-0.022654484486579918,201-220
MWM_AccDiff,43,208,7,kd,2.0,83.06,0.1,79.92,0.6096178320884704,80.18,0.5872393204689026,,,,,,0.2600000000000051,-0.02237851161956783,201-220
MWM_AccDiff,43,208,6,kd,3.0,83.14,0.1,80.72,0.5674870125055314,80.86,0.5729185840129852,,,,,,0.14000000000000057,0.005431571507453881,201-220
MWM_AccDiff,43,208,9,kd,1.0,82.36,0.1,81.38,0.5911081268906593,80.0,0.6097352485656738,,,,,,-1.3799999999999955,0.01862712167501457,201-220
MWM_AccDiff,43,208,8,kd,5.0,82.78,0.1,81.06,0.5733566992282867,79.02,0.6324758574485779,,,,,,-2.0400000000000063,0.059119158220291235,201-220
MWM_AccDiff,43,209,1,ce,,,0.010000000000000002,82.36,0.5190873995542526,82.54,0.5057324034929276,4.0,83.58,83.58,82.66,0.512126087987423,0.18000000000000682,-0.013354996061325064,201-220
MWM_AccDiff,43,209,8,kd,4.0,83.58,0.1,79.02,0.6324758574485779,80.2,0.5933596361637116,,,,,,1.1800000000000068,-0.03911622128486636,201-220
MWM_AccDiff,43,209,6,kd,5.0,82.78,0.1,80.86,0.5729185840129852,80.94,0.5600682398319244,,,,,,0.0799999999999983,-0.012850344181060791,201-220
MWM_AccDiff,43,209,7,kd,3.0,83.14,0.1,80.18,0.5872393204689026,78.76,0.6431199753761292,,,,,,-1.4200000000000017,0.0558806549072266,201-220
MWM_AccDiff,43,209,9,kd,2.0,83.06,0.1,80.0,0.6097352485656738,79.74,0.6045946211338044,,,,,,-0.2600000000000051,-0.005140627431869493,201-220
MWM_AccDiff,43,210,1,ce,,,0.010000000000000002,82.54,0.5057324034929276,83.0,0.49728185968399047,4.0,83.58,83.58,82.7,0.5014974110126496,0.45999999999999375,-0.008450543808937117,201-220
MWM_AccDiff,43,210,7,kd,4.0,83.58,0.010000000000000002,78.76,0.6431199753761292,82.72,0.5168900405287743,,,,,,3.9599999999999937,-0.1262299348473549,201-220
MWM_AccDiff,43,210,6,kd,5.0,82.78,0.1,80.94,0.5600682398319244,79.92,0.5932630470275879,,,,,,-1.019999999999996,0.03319480719566348,201-220
MWM_AccDiff,43,210,9,kd,3.0,83.14,0.1,79.74,0.6045946211338044,76.72,0.7216709692955017,,,,,,-3.019999999999996,0.11707634816169732,201-220
MWM_AccDiff,43,210,8,kd,2.0,83.06,0.1,80.2,0.5933596361637116,80.4,0.5870679384708405,,,,,,0.20000000000000284,-0.006291697692871079,201-220
MWM_AccDiff,43,211,7,ce,,,0.010000000000000002,82.72,0.5168900405287743,83.24,0.48731741054058075,4.0,83.58,83.58,83.08,0.5097028323531151,0.519999999999996,-0.029572629988193544,201-220
MWM_AccDiff,43,211,9,kd,3.0,83.14,0.1,76.72,0.7216709692955017,80.52,0.5898848595619202,,,,,,3.799999999999997,-0.1317861097335815,201-220
MWM_AccDiff,43,211,6,kd,4.0,83.58,0.1,79.92,0.5932630470275879,80.22,0.5872038066625596,,,,,,0.29999999999999716,-0.006059240365028362,201-220
MWM_AccDiff,43,211,5,kd,1.0,83.0,0.010000000000000002,82.78,0.5057972740411758,82.48,0.5110593947410583,,,,,,-0.29999999999999716,0.005262120699882522,201-220
MWM_AccDiff,43,211,8,kd,2.0,83.06,0.1,80.4,0.5870679384708405,80.58,0.5785512697696685,,,,,,0.1799999999999926,-0.008516668701171959,201-220
MWM_AccDiff,43,212,1,ce,,,0.010000000000000002,83.0,0.49728185968399047,83.44,0.48170944907665253,4.0,83.58,83.58,83.28,0.4925937482357025,0.4399999999999977,-0.015572410607337939,201-220
MWM_AccDiff,43,212,9,kd,3.0,83.14,0.1,80.52,0.5898848595619202,79.52,0.6337174531459808,,,,,,-1.0,0.043832593584060664,201-220
MWM_AccDiff,43,212,6,kd,7.0,83.24,0.1,80.22,0.5872038066625596,81.38,0.5642713855266571,,,,,,1.1599999999999966,-0.022932421135902437,201-220
MWM_AccDiff,43,212,8,kd,4.0,83.58,0.1,80.58,0.5785512697696685,80.24,0.595594420003891,,,,,,-0.3400000000000034,0.017043150234222426,201-220
MWM_AccDiff,43,212,5,kd,2.0,83.06,0.010000000000000002,82.48,0.5110593947410583,83.06,0.49661214606761933,,,,,,0.5799999999999983,-0.014447248673438995,201-220
MWM_AccDiff,43,213,2,kd,3.0,83.14,0.010000000000000002,83.06,0.503220119190216,83.36,0.5015491181373596,,,,,,0.29999999999999716,-0.0016710010528564467,201-220
MWM_AccDiff,43,213,6,kd,7.0,83.24,0.1,81.38,0.5642713855266571,80.5,0.5847948723316193,,,,,,-0.8799999999999955,0.020523486804962188,201-220
MWM_AccDiff,43,213,8,kd,4.0,83.58,0.1,80.24,0.595594420003891,80.0,0.6169206169128418,,,,,,-0.23999999999999488,0.02132619690895088,201-220
MWM_AccDiff,43,213,5,ce,,,0.010000000000000002,83.06,0.49661214606761933,83.16,0.49022084147930145,4.0,83.58,83.58,83.12,0.5045340342044831,0.09999999999999432,-0.006391304588317881,201-220
MWM_AccDiff,43,213,9,kd,1.0,83.44,0.1,79.52,0.6337174531459808,80.3,0.6121010908126832,,,,,,0.7800000000000011,-0.021616362333297667,201-220
MWM_AccDiff,43,214,6,kd,2.0,83.36,0.1,80.5,0.5847948723316193,80.98,0.589915067577362,,,,,,0.480000000000004,0.005120195245742698,201-220
MWM_AccDiff,43,214,8,kd,4.0,83.58,0.1,80.0,0.6169206169128418,80.36,0.587316128206253,,,,,,0.35999999999999943,-0.029604488706588827,201-220
MWM_AccDiff,43,214,3,kd,7.0,83.24,0.010000000000000002,83.14,0.4977773231506348,83.28,0.4916701490879059,,,,,,0.14000000000000057,-0.006107174062728871,201-220
MWM_AccDiff,43,214,5,ce,,,0.010000000000000002,83.16,0.49022084147930145,83.34,0.47746935980319977,4.0,83.58,83.58,83.12,0.488072075176239,0.18000000000000682,-0.012751481676101684,201-220
MWM_AccDiff,43,214,9,kd,1.0,83.44,0.1,80.3,0.6121010908126832,80.82,0.5799669282913208,,,,,,0.519999999999996,-0.032134162521362364,201-220
MWM_AccDiff,43,215,6,kd,2.0,83.36,0.1,80.98,0.589915067577362,81.44,0.5680797905445099,,,,,,0.45999999999999375,-0.02183527703285215,201-220
MWM_AccDiff,43,215,8,kd,4.0,83.58,0.010000000000000002,80.36,0.587316128206253,82.52,0.5208091466903687,,,,,,2.1599999999999966,-0.0665069815158843,201-220
MWM_AccDiff,43,215,3,ce,,,0.010000000000000002,83.28,0.4916701490879059,83.84,0.48373315329551697,4.0,83.58,83.58,83.42,0.4879664977788925,0.5600000000000023,-0.007936995792388934,201-220
MWM_AccDiff,43,215,7,kd,5.0,83.34,0.010000000000000002,83.24,0.48731741054058075,83.2,0.49453771126270296,,,,,,-0.03999999999999204,0.007220300722122208,201-220
MWM_AccDiff,43,215,9,kd,1.0,83.44,0.1,80.82,0.5799669282913208,81.3,0.5585967965126037,,,,,,0.480000000000004,-0.02137013177871705,201-220
MWM_AccDiff,43,216,8,kd,1.0,83.44,0.010000000000000002,82.52,0.5208091466903687,82.78,0.5200331614494323,,,,,,0.2600000000000051,-0.000775985240936361,201-220
MWM_AccDiff,43,216,7,kd,2.0,83.36,0.010000000000000002,83.2,0.49453771126270296,83.38,0.49924761135578155,,,,,,0.1799999999999926,0.0047099000930785895,201-220
MWM_AccDiff,43,216,6,kd,3.0,83.84,0.1,81.44,0.5680797905445099,79.8,0.6305816466331482,,,,,,-1.6400000000000006,0.06250185608863834,201-220
MWM_AccDiff,43,216,5,ce,,,0.010000000000000002,83.34,0.47746935980319977,83.32,0.47376922268867494,3.0,83.84,83.84,83.52,0.4785444407939911,-0.020000000000010232,-0.0037001371145248263,201-220
MWM_AccDiff,43,216,9,kd,4.0,83.58,0.1,81.3,0.5585967965126037,81.52,0.54369746260643,,,,,,0.21999999999999886,-0.014899333906173706,201-220
MWM_AccDiff,43,217,2,kd,7.0,83.38,0.010000000000000002,83.36,0.5015491181373596,83.14,0.5067366359233856,,,,,,-0.21999999999999886,0.005187517786025997,201-220
MWM_AccDiff,43,217,8,kd,1.0,83.44,0.010000000000000002,82.78,0.5200331614494323,82.74,0.5095347924947738,,,,,,-0.04000000000000625,-0.010498368954658499,201-220
MWM_AccDiff,43,217,5,ce,,,0.010000000000000002,83.32,0.47376922268867494,84.46,0.4613866219520569,3.0,83.84,83.84,83.88,0.47336092100143434,1.1400000000000006,-0.012382600736618066,201-220
MWM_AccDiff,43,217,6,kd,3.0,83.84,0.1,79.8,0.6305816466331482,80.96,0.5741914324045181,,,,,,1.1599999999999966,-0.05639021422863011,201-220
MWM_AccDiff,43,217,9,kd,4.0,83.58,0.1,81.52,0.54369746260643,82.02,0.5511427875518798,,,,,,0.5,0.007445324945449805,201-220
MWM_AccDiff,43,218,7,ce,,,0.010000000000000002,83.38,0.49924761135578155,84.04,0.47563105731010435,5.0,84.46,84.46,83.46,0.497217212843895,0.6600000000000108,-0.023616554045677196,201-220
MWM_AccDiff,43,218,8,kd,4.0,83.58,0.010000000000000002,82.74,0.5095347924947738,83.12,0.5012363130807876,,,,,,0.38000000000000966,-0.008298479413986204,201-220
MWM_AccDiff,43,218,2,kd,1.0,83.44,0.010000000000000002,83.14,0.5067366359233856,83.26,0.4985717665195465,,,,,,0.12000000000000455,-0.008164869403839092,201-220
MWM_AccDiff,43,218,9,kd,3.0,83.84,0.1,82.02,0.5511427875518798,80.7,0.6021554316520691,,,,,,-1.3199999999999932,0.05101264410018924,201-220
MWM_AccDiff,43,218,6,kd,5.0,84.46,0.1,80.96,0.5741914324045181,79.06,0.6545381109118462,,,,,,-1.8999999999999915,0.08034667850732813,201-220
MWM_AccDiff,43,219,6,kd,5.0,84.46,0.1,79.06,0.6545381109118462,81.34,0.5778971701145172,,,,,,2.280000000000001,-0.07664094079732897,201-220
MWM_AccDiff,43,219,1,kd,4.0,83.58,0.010000000000000002,83.44,0.48170944907665253,83.68,0.4830973837852478,,,,,,0.2400000000000091,0.0013879347085952731,201-220
MWM_AccDiff,43,219,2,kd,3.0,83.84,0.010000000000000002,83.26,0.4985717665195465,83.58,0.501314686346054,,,,,,0.3199999999999932,0.0027429198265075394,201-220
MWM_AccDiff,43,219,8,ce,,,0.010000000000000002,83.12,0.5012363130807876,83.3,0.48498218438625335,5.0,84.46,84.46,83.28,0.5012019152641296,0.1799999999999926,-0.016254128694534298,201-220
MWM_AccDiff,43,219,9,kd,7.0,84.04,0.1,80.7,0.6021554316520691,80.06,0.6048350306034088,,,,,,-0.6400000000000006,0.0026795989513397345,201-220
MWM_AccDiff,43,220,4,ce,,,0.010000000000000002,83.58,0.5014401508808136,83.26,0.4944668799161911,5.0,84.46,84.46,83.46,0.49929087979793546,-0.3199999999999932,-0.006973270964622524,201-220
MWM_AccDiff,43,220,2,kd,1.0,83.68,0.010000000000000002,83.58,0.501314686346054,83.48,0.4954364673137665,,,,,,-0.09999999999999432,-0.005878219032287524,201-220
MWM_AccDiff,43,220,8,kd,3.0,83.84,0.010000000000000002,83.3,0.48498218438625335,83.34,0.48909668588638305,,,,,,0.04000000000000625,0.004114501500129708,201-220
MWM_AccDiff,43,220,6,kd,5.0,84.46,0.1,81.34,0.5778971701145172,81.06,0.5825525045871734,,,,,,-0.28000000000000114,0.004655334472656203,201-220
MWM_AccDiff,43,220,9,kd,7.0,84.04,0.1,80.06,0.6048350306034088,80.92,0.5846806779384613,,,,,,0.8599999999999994,-0.020154352664947472,201-220
MWM_AccDiff,44,1,1,ce,,,0.1,9.54,2.456045150756836,42.54,1.5772880805969238,4.0,13.3,13.3,13.9,2.5021305458068848,33.0,-0.8787570701599121,1-20
MWM_AccDiff,44,1,9,kd,2.0,11.76,0.1,8.06,2.4689381008148192,10.64,2.439846975708008,,,,,,2.58,-0.029091125106811333,1-20
MWM_AccDiff,44,1,7,kd,4.0,13.3,0.1,9.94,2.545304963302612,9.8,2.504361135482788,,,,,,-0.1399999999999988,-0.0409438278198242,1-20
MWM_AccDiff,44,1,3,kd,6.0,10.28,0.1,9.92,2.4257108470916746,10.18,2.6362313842773437,,,,,,0.2599999999999998,0.2105205371856691,1-20
MWM_AccDiff,44,1,5,kd,8.0,10.5,0.1,9.94,2.539342770767212,11.74,2.5423289279937746,,,,,,1.8000000000000007,0.0029861572265628133,1-20
MWM_AccDiff,44,2,6,kd,4.0,13.3,0.1,10.28,2.4617751327514648,13.86,2.525782004547119,,,,,,3.58,0.06400687179565434,1-20
MWM_AccDiff,44,2,9,ce,,,0.1,10.64,2.439846975708008,44.46,1.5151862823486328,1.0,42.54,42.54,39.74,1.9509278774261474,33.82,-0.9246606933593751,1-20
MWM_AccDiff,44,2,7,kd,2.0,11.76,0.1,9.8,2.504361135482788,10.16,2.442949639892578,,,,,,0.35999999999999943,-0.061411495590209864,1-20
MWM_AccDiff,44,2,3,kd,1.0,42.54,0.1,10.18,2.6362313842773437,40.0,1.704585445022583,,,,,,29.82,-0.9316459392547607,1-20
MWM_AccDiff,44,2,8,kd,5.0,11.74,0.1,10.5,2.3984798595428467,11.62,2.658634602737427,,,,,,1.1199999999999992,0.2601547431945801,1-20
MWM_AccDiff,44,3,7,ce,,,0.1,10.16,2.442949639892578,30.78,1.8394394855499268,9.0,44.46,44.46,36.72,1.7000818714141845,20.62,-0.6035101543426513,1-20
MWM_AccDiff,44,3,4,kd,1.0,42.54,0.1,13.3,2.461676211166382,37.98,1.7630244440078735,,,,,,24.679999999999996,-0.6986517671585084,1-20
MWM_AccDiff,44,3,2,kd,3.0,40.0,0.1,11.76,2.3653504737854005,37.48,1.8749395774841309,,,,,,25.72,-0.49041089630126966,1-20
MWM_AccDiff,44,3,8,kd,9.0,44.46,0.1,11.62,2.658634602737427,38.74,1.6583643939971924,,,,,,27.120000000000005,-1.0002702087402344,1-20
MWM_AccDiff,44,3,5,kd,6.0,13.86,0.1,11.74,2.5423289279937746,13.44,2.6032919704437254,,,,,,1.6999999999999993,0.060963042449950766,1-20
MWM_AccDiff,44,4,7,ce,,,0.1,30.78,1.8394394855499268,39.56,1.5809046417236328,9.0,44.46,44.46,41.34,1.5948420059204103,8.780000000000001,-0.258534843826294,1-20
MWM_AccDiff,44,4,4,kd,1.0,42.54,0.1,37.98,1.7630244440078735,41.52,1.6080400506973267,,,,,,3.5400000000000063,-0.1549843933105468,1-20
MWM_AccDiff,44,4,5,kd,9.0,44.46,0.1,13.44,2.6032919704437254,37.2,1.990748303604126,,,,,,23.760000000000005,-0.6125436668395994,1-20
MWM_AccDiff,44,4,6,kd,3.0,40.0,0.1,13.86,2.525782004547119,38.22,1.7343774360656738,,,,,,24.36,-0.7914045684814452,1-20
MWM_AccDiff,44,4,2,kd,8.0,38.74,0.1,37.48,1.8749395774841309,36.72,1.7493537673950195,,,,,,-0.759999999999998,-0.1255858100891114,1-20
MWM_AccDiff,44,5,6,kd,9.0,44.46,0.1,38.22,1.7343774360656738,41.38,1.6102361793518067,,,,,,3.1600000000000037,-0.12414125671386711,1-20
MWM_AccDiff,44,5,8,kd,1.0,42.54,0.1,38.74,1.6583643939971924,41.88,1.6090133842468262,,,,,,3.1400000000000006,-0.049351009750366215,1-20
MWM_AccDiff,44,5,2,kd,3.0,40.0,0.1,36.72,1.7493537673950195,38.5,1.7339159362792969,,,,,,1.7800000000000011,-0.015437831115722611,1-20
MWM_AccDiff,44,5,5,ce,,,0.1,37.2,1.990748303604126,37.72,1.8767278451919556,9.0,44.46,44.46,41.66,1.5979642944335937,0.519999999999996,-0.11402045841217046,1-20
MWM_AccDiff,44,5,7,kd,4.0,41.52,0.1,39.56,1.5809046417236328,40.72,1.63176908454895,,,,,,1.1599999999999966,0.050864442825317324,1-20
MWM_AccDiff,44,6,7,kd,4.0,41.52,0.1,40.72,1.63176908454895,40.2,1.6568728948593139,,,,,,-0.519999999999996,0.025103810310363794,1-20
MWM_AccDiff,44,6,2,kd,1.0,42.54,0.1,38.5,1.7339159362792969,41.48,1.6085159635543824,,,,,,2.979999999999997,-0.12539997272491443,1-20
MWM_AccDiff,44,6,3,kd,9.0,44.46,0.1,40.0,1.704585445022583,42.32,1.5693384223937987,,,,,,2.3200000000000003,-0.1352470226287843,1-20
MWM_AccDiff,44,6,5,kd,8.0,41.88,0.1,37.72,1.8767278451919556,40.36,1.6145493370056152,,,,,,2.6400000000000006,-0.26217850818634036,1-20
MWM_AccDiff,44,6,6,ce,,,0.1,41.38,1.6102361793518067,48.64,1.4317371854782104,9.0,44.46,44.46,37.82,1.7548796924591064,7.259999999999998,-0.17849899387359636,1-20
MWM_AccDiff,44,7,2,kd,1.0,42.54,0.1,41.48,1.6085159635543824,41.72,1.6048099649429322,,,,,,0.240000000000002,-0.0037059986114502674,1-20
MWM_AccDiff,44,7,7,kd,3.0,42.32,0.1,40.2,1.6568728948593139,40.74,1.6500887382507323,,,,,,0.5399999999999991,-0.00678415660858156,1-20
MWM_AccDiff,44,7,5,kd,6.0,48.64,0.1,40.36,1.6145493370056152,48.12,1.4612907125473023,,,,,,7.759999999999998,-0.15325862445831295,1-20
MWM_AccDiff,44,7,8,ce,,,0.1,41.88,1.6090133842468262,48.12,1.4742895517349244,6.0,48.64,48.64,46.42,1.5314857263565063,6.239999999999995,-0.1347238325119018,1-20
MWM_AccDiff,44,7,4,kd,9.0,44.46,0.1,41.52,1.6080400506973267,44.02,1.534499273109436,,,,,,2.5,-0.07354077758789068,1-20
MWM_AccDiff,44,8,4,ce,,,0.1,44.02,1.534499273109436,48.38,1.464597116279602,6.0,48.64,48.64,46.02,1.5365391899108887,4.359999999999999,-0.06990215682983392,1-20
MWM_AccDiff,44,8,2,kd,6.0,48.64,0.1,41.72,1.6048099649429322,34.72,2.030496438598633,,,,,,-7.0,0.42568647365570067,1-20
MWM_AccDiff,44,8,7,kd,8.0,48.12,0.1,40.74,1.6500887382507323,45.24,1.5872810651779174,,,,,,4.5,-0.06280767307281487,1-20
MWM_AccDiff,44,8,1,kd,9.0,44.46,0.1,42.54,1.5772880805969238,42.96,1.5652882705688476,,,,,,0.4200000000000017,-0.011999810028076263,1-20
MWM_AccDiff,44,8,3,kd,5.0,48.12,0.1,42.32,1.5693384223937987,12.36,6.69264715423584,,,,,,-29.96,5.123308731842041,1-20
MWM_AccDiff,44,9,7,ce,,,0.1,45.24,1.5872810651779174,51.66,1.3504761447906495,6.0,48.64,48.64,44.9,1.5955710712432862,6.419999999999995,-0.23680492038726797,1-20
MWM_AccDiff,44,9,3,kd,4.0,48.38,0.1,12.36,6.69264715423584,45.94,1.5408252771377564,,,,,,33.58,-5.151821877098084,1-20
MWM_AccDiff,44,9,1,kd,8.0,48.12,0.1,42.96,1.5652882705688476,43.02,1.6258337265014648,,,,,,0.060000000000002274,0.06054545593261729,1-20
MWM_AccDiff,44,9,9,kd,5.0,48.12,0.1,44.46,1.5151862823486328,43.02,1.669787142753601,,,,,,-1.4399999999999977,0.15460086040496823,1-20
MWM_AccDiff,44,9,2,kd,6.0,48.64,0.1,34.72,2.030496438598633,47.32,1.5153758602142333,,,,,,12.600000000000001,-0.5151205783843995,1-20
MWM_AccDiff,44,10,3,kd,8.0,48.12,0.1,45.94,1.5408252771377564,46.8,1.4924817626953124,,,,,,0.8599999999999994,-0.048343514442444,1-20
MWM_AccDiff,44,10,5,kd,4.0,48.38,0.1,48.12,1.4612907125473023,46.32,1.6229105163574218,,,,,,-1.7999999999999972,0.16161980381011953,1-20
MWM_AccDiff,44,10,2,ce,,,0.1,47.32,1.5153758602142333,54.42,1.2628715000152588,7.0,51.66,51.66,50.64,1.3827481170654297,7.100000000000001,-0.2525043601989745,1-20
MWM_AccDiff,44,10,1,kd,6.0,48.64,0.1,43.02,1.6258337265014648,45.72,1.5802802200317383,,,,,,2.6999999999999957,-0.04555350646972656,1-20
MWM_AccDiff,44,10,9,kd,7.0,51.66,0.1,43.02,1.669787142753601,50.48,1.4303290758132934,,,,,,7.459999999999994,-0.2394580669403077,1-20
MWM_AccDiff,44,11,4,kd,7.0,51.66,0.1,48.38,1.464597116279602,51.52,1.3612174697875976,,,,,,3.1400000000000006,-0.10337964649200448,1-20
MWM_AccDiff,44,11,3,kd,9.0,50.48,0.1,46.8,1.4924817626953124,47.44,1.5350225658416747,,,,,,0.6400000000000006,0.04254080314636233,1-20
MWM_AccDiff,44,11,1,kd,6.0,48.64,0.1,45.72,1.5802802200317383,46.68,1.4802257070541383,,,,,,0.9600000000000009,-0.10005451297760004,1-20
MWM_AccDiff,44,11,8,ce,,,0.1,48.12,1.4742895517349244,57.54,1.2715205450057983,2.0,54.42,54.42,53.18,1.2982136993408202,9.420000000000002,-0.20276900672912612,1-20
MWM_AccDiff,44,11,5,kd,2.0,54.42,0.1,46.32,1.6229105163574218,52.84,1.3080237831115722,,,,,,6.520000000000003,-0.3148867332458496,1-20
MWM_AccDiff,44,12,4,kd,2.0,54.42,0.1,51.52,1.3612174697875976,54.42,1.2822343639373779,,,,,,2.8999999999999986,-0.07898310585021973,1-20
MWM_AccDiff,44,12,9,ce,,,0.1,50.48,1.4303290758132934,49.38,1.6125549631118774,8.0,57.54,57.54,52.34,1.3801259115219116,-1.0999999999999943,0.18222588729858402,1-20
MWM_AccDiff,44,12,1,kd,7.0,51.66,0.1,46.68,1.4802257070541383,51.74,1.3569277683258056,,,,,,5.060000000000002,-0.12329793872833261,1-20
MWM_AccDiff,44,12,6,kd,8.0,57.54,0.1,48.64,1.4317371854782104,55.74,1.2839417085647582,,,,,,7.100000000000001,-0.14779547691345218,1-20
MWM_AccDiff,44,12,3,kd,5.0,52.84,0.1,47.44,1.5350225658416747,51.46,1.3732794298171997,,,,,,4.020000000000003,-0.161743136024475,1-20
MWM_AccDiff,44,13,1,kd,2.0,54.42,0.1,51.74,1.3569277683258056,52.48,1.367774386024475,,,,,,0.7399999999999949,0.010846617698669458,1-20
MWM_AccDiff,44,13,7,kd,8.0,57.54,0.1,51.66,1.3504761447906495,54.08,1.4604645904541016,,,,,,2.4200000000000017,0.10998844566345212,1-20
MWM_AccDiff,44,13,5,ce,,,0.1,52.84,1.3080237831115722,60.48,1.1318220987319947,8.0,57.54,57.54,56.68,1.2863053352355958,7.6399999999999935,-0.1762016843795775,1-20
MWM_AccDiff,44,13,3,kd,6.0,55.74,0.1,51.46,1.3732794298171997,54.74,1.310441582298279,,,,,,3.280000000000001,-0.06283784751892085,1-20
MWM_AccDiff,44,13,9,kd,4.0,54.42,0.1,49.38,1.6125549631118774,53.64,1.3037036003112792,,,,,,4.259999999999998,-0.3088513628005982,1-20
MWM_AccDiff,44,14,2,kd,6.0,55.74,0.1,54.42,1.2628715000152588,55.32,1.3419783950805664,,,,,,0.8999999999999986,0.07910689506530755,1-20
MWM_AccDiff,44,14,4,kd,8.0,57.54,0.1,54.42,1.2822343639373779,55.98,1.399891618347168,,,,,,1.5599999999999952,0.11765725440979002,1-20
MWM_AccDiff,44,14,9,ce,,,0.1,53.64,1.3037036003112792,64.84,0.9897921970367431,5.0,60.48,60.48,59.7,1.15395771484375,11.200000000000003,-0.31391140327453604,1-20
MWM_AccDiff,44,14,7,kd,5.0,60.48,0.1,54.08,1.4604645904541016,54.18,1.4034218143463135,,,,,,0.10000000000000142,-0.057042776107788074,1-20
MWM_AccDiff,44,14,1,kd,3.0,54.74,0.1,52.48,1.367774386024475,53.98,1.318019713973999,,,,,,1.5,-0.04975467205047601,1-20
MWM_AccDiff,44,15,3,ce,,,0.1,54.74,1.310441582298279,57.82,1.1986738399505614,9.0,64.84,64.84,61.06,1.118745615005493,3.0799999999999983,-0.11176774234771747,1-20
MWM_AccDiff,44,15,1,kd,4.0,55.98,0.1,53.98,1.318019713973999,53.96,1.469901365661621,,,,,,-0.01999999999999602,0.15188165168762202,1-20
MWM_AccDiff,44,15,7,kd,9.0,64.84,0.1,54.18,1.4034218143463135,62.32,1.0633549484252929,,,,,,8.14,-0.34006686592102064,1-20
MWM_AccDiff,44,15,6,kd,8.0,57.54,0.1,55.74,1.2839417085647582,54.52,1.3532928520202636,,,,,,-1.2199999999999989,0.06935114345550542,1-20
MWM_AccDiff,44,15,2,kd,5.0,60.48,0.1,55.32,1.3419783950805664,58.92,1.2112307735443115,,,,,,3.6000000000000014,-0.13074762153625485,1-20
MWM_AccDiff,44,16,1,kd,2.0,58.92,0.1,53.96,1.469901365661621,56.02,1.31474630279541,,,,,,2.0600000000000023,-0.15515506286621106,1-20
MWM_AccDiff,44,16,4,ce,,,0.1,55.98,1.399891618347168,49.76,1.6599148792266847,9.0,64.84,64.84,61.74,1.0871383142471314,-6.219999999999999,0.26002326087951677,1-20
MWM_AccDiff,44,16,3,kd,5.0,60.48,0.1,57.82,1.1986738399505614,59.78,1.1654476470947266,,,,,,1.9600000000000009,-0.033226192855834835,1-20
MWM_AccDiff,44,16,6,kd,9.0,64.84,0.1,54.52,1.3532928520202636,60.46,1.131877292060852,,,,,,5.939999999999998,-0.22141555995941165,1-20
MWM_AccDiff,44,16,8,kd,7.0,62.32,0.1,57.54,1.2715205450057983,60.3,1.153455699157715,,,,,,2.759999999999998,-0.1180648458480833,1-20
MWM_AccDiff,44,17,3,kd,9.0,64.84,0.1,59.78,1.1654476470947266,63.38,1.0422672216415405,,,,,,3.6000000000000014,-0.12318042545318608,1-20
MWM_AccDiff,44,17,1,kd,5.0,60.48,0.1,56.02,1.31474630279541,58.16,1.1989794179916382,,,,,,2.1399999999999935,-0.11576688480377184,1-20
MWM_AccDiff,44,17,2,kd,6.0,60.46,0.1,58.92,1.2112307735443115,58.86,1.207254788017273,,,,,,-0.060000000000002274,-0.003975985527038484,1-20
MWM_AccDiff,44,17,8,ce,,,0.1,60.3,1.153455699157715,60.82,1.1141053495407105,9.0,64.84,64.84,62.0,1.0667854696273804,0.5200000000000031,-0.039350349617004454,1-20
MWM_AccDiff,44,17,4,kd,7.0,62.32,0.1,49.76,1.6599148792266847,63.98,1.0448015016555787,,,,,,14.219999999999999,-0.615113377571106,1-20
MWM_AccDiff,44,18,2,kd,4.0,63.98,0.1,58.86,1.207254788017273,62.3,1.1023428899765015,,,,,,3.4399999999999977,-0.1049118980407715,1-20
MWM_AccDiff,44,18,8,kd,3.0,63.38,0.1,60.82,1.1141053495407105,55.48,1.316580700302124,,,,,,-5.340000000000003,0.20247535076141343,1-20
MWM_AccDiff,44,18,6,ce,,,0.1,60.46,1.131877292060852,65.66,1.0132809328079224,9.0,64.84,64.84,63.22,1.0481729255676269,5.199999999999996,-0.11859635925292955,1-20
MWM_AccDiff,44,18,5,kd,9.0,64.84,0.1,60.48,1.1318220987319947,63.48,1.029813306236267,,,,,,3.0,-0.10200879249572758,1-20
MWM_AccDiff,44,18,1,kd,7.0,62.32,0.1,58.16,1.1989794179916382,61.78,1.0867979974746704,,,,,,3.6200000000000045,-0.11218142051696778,1-20
MWM_AccDiff,44,19,2,kd,6.0,65.66,0.1,62.3,1.1023428899765015,63.24,1.1085890285491944,,,,,,0.9400000000000048,0.00624613857269285,1-20
MWM_AccDiff,44,19,3,ce,,,0.1,63.38,1.0422672216415405,61.76,1.1115261293411254,6.0,65.66,65.66,63.84,1.079535216140747,-1.6200000000000045,0.06925890769958487,1-20
MWM_AccDiff,44,19,1,kd,4.0,63.98,0.1,61.78,1.0867979974746704,61.78,1.0965931848526,,,,,,0.0,0.009795187377929615,1-20
MWM_AccDiff,44,19,7,kd,9.0,64.84,0.1,62.32,1.0633549484252929,62.08,1.0499212049484252,,,,,,-0.240000000000002,-0.013433743476867654,1-20
MWM_AccDiff,44,19,8,kd,5.0,63.48,0.1,55.48,1.316580700302124,62.36,1.0736059410095216,,,,,,6.880000000000003,-0.24297475929260237,1-20
MWM_AccDiff,44,20,1,kd,4.0,63.98,0.1,61.78,1.0965931848526,60.52,1.1401049545288087,,,,,,-1.259999999999998,0.04351176967620862,1-20
MWM_AccDiff,44,20,7,kd,6.0,65.66,0.1,62.08,1.0499212049484252,63.04,1.1104304374694824,,,,,,0.9600000000000009,0.06050923252105722,1-20
MWM_AccDiff,44,20,2,ce,,,0.1,63.24,1.1085890285491944,64.2,1.0136383487701417,6.0,65.66,65.66,64.32,1.0587721551895142,0.9600000000000009,-0.0949506797790527,1-20
MWM_AccDiff,44,20,8,kd,9.0,64.84,0.1,62.36,1.0736059410095216,64.24,1.0120682104110719,,,,,,1.8799999999999955,-0.06153773059844969,1-20
MWM_AccDiff,44,20,3,kd,5.0,63.48,0.1,61.76,1.1115261293411254,64.04,1.0355705104827881,,,,,,2.2800000000000082,-0.07595561885833724,1-20
MWM_AccDiff,44,21,7,ce,,,0.1,63.04,1.1104304374694824,63.34,1.050555255126953,6.0,65.66,65.66,64.24,1.0531977378845214,0.30000000000000426,-0.05987518234252942,21-40
MWM_AccDiff,44,21,5,kd,6.0,65.66,0.1,63.48,1.029813306236267,64.0,1.0691732629776,,,,,,0.5200000000000031,0.03935995674133297,21-40
MWM_AccDiff,44,21,1,kd,8.0,64.24,0.1,60.52,1.1401049545288087,62.62,1.081414575767517,,,,,,2.0999999999999943,-0.05869037876129157,21-40
MWM_AccDiff,44,21,3,kd,2.0,64.2,0.1,64.04,1.0355705104827881,63.26,1.0661163204193116,,,,,,-0.7800000000000082,0.03054580993652345,21-40
MWM_AccDiff,44,21,4,kd,9.0,64.84,0.1,63.98,1.0448015016555787,63.94,1.0327185609817504,,,,,,-0.03999999999999915,-0.012082940673828313,21-40
MWM_AccDiff,44,22,1,kd,8.0,64.24,0.1,62.62,1.081414575767517,63.94,1.0269998773574829,,,,,,1.3200000000000003,-0.05441469841003421,21-40
MWM_AccDiff,44,22,7,kd,6.0,65.66,0.1,63.34,1.050555255126953,66.54,0.995504506111145,,,,,,3.200000000000003,-0.055050749015807976,21-40
MWM_AccDiff,44,22,5,ce,,,0.1,64.0,1.0691732629776,63.5,1.0770654180526733,6.0,65.66,65.66,63.66,1.098828197669983,-0.5,0.007892155075073237,21-40
MWM_AccDiff,44,22,3,kd,2.0,64.2,0.1,63.26,1.0661163204193116,63.24,1.0532861444473267,,,,,,-0.01999999999999602,-0.01283017597198488,21-40
MWM_AccDiff,44,22,4,kd,9.0,64.84,0.1,63.94,1.0327185609817504,64.04,1.0120441005706786,,,,,,0.10000000000000853,-0.020674460411071793,21-40
MWM_AccDiff,44,23,3,kd,7.0,66.54,0.1,63.24,1.0532861444473267,63.9,1.0623086698532105,,,,,,0.6599999999999966,0.009022525405883774,21-40
MWM_AccDiff,44,23,1,kd,8.0,64.24,0.1,63.94,1.0269998773574829,62.44,1.0865949918746949,,,,,,-1.5,0.059595114517212,21-40
MWM_AccDiff,44,23,2,kd,9.0,64.84,0.1,64.2,1.0136383487701417,64.34,1.0088564208984374,,,,,,0.14000000000000057,-0.0047819278717042835,21-40
MWM_AccDiff,44,23,4,kd,6.0,65.66,0.1,64.04,1.0120441005706786,63.76,1.083311251449585,,,,,,-0.28000000000000824,0.07126715087890645,21-40
MWM_AccDiff,44,23,5,ce,,,0.1,63.5,1.0770654180526733,65.52,0.9951309846878051,7.0,66.54,66.54,65.68,1.0079976276397704,2.019999999999996,-0.08193443336486816,21-40
MWM_AccDiff,44,24,2,kd,6.0,65.66,0.1,64.34,1.0088564208984374,66.6,0.9922273132324219,,,,,,2.259999999999991,-0.016629107666015552,21-40
MWM_AccDiff,44,24,1,kd,9.0,64.84,0.1,62.44,1.0865949918746949,63.82,1.0405270658493042,,,,,,1.3800000000000026,-0.04606792602539067,21-40
MWM_AccDiff,44,24,8,ce,,,0.1,64.24,1.0120682104110719,65.62,0.9737330451011658,7.0,66.54,66.54,64.22,1.0838837375640868,1.3800000000000097,-0.038335165309906105,21-40
MWM_AccDiff,44,24,4,kd,7.0,66.54,0.1,63.76,1.083311251449585,65.32,1.0465620191574097,,,,,,1.5599999999999952,-0.036749232292175416,21-40
MWM_AccDiff,44,24,3,kd,5.0,65.52,0.1,63.9,1.0623086698532105,63.76,1.0622268732070923,,,,,,-0.14000000000000057,-8.179664611818183e-05,21-40
MWM_AccDiff,44,25,4,kd,7.0,66.54,0.1,65.32,1.0465620191574097,63.3,1.1135985500335694,,,,,,-2.019999999999996,0.0670365308761598,21-40
MWM_AccDiff,44,25,3,ce,,,0.1,63.76,1.0622268732070923,66.58,0.9558832109451294,2.0,66.6,66.6,65.48,1.0333812818527222,2.8200000000000003,-0.1063436622619629,21-40
MWM_AccDiff,44,25,9,kd,8.0,65.62,0.1,64.84,0.9897921970367431,65.06,0.9952894563674927,,,,,,0.21999999999999886,0.0054972593307495154,21-40
MWM_AccDiff,44,25,1,kd,6.0,65.66,0.1,63.82,1.0405270658493042,63.52,1.0914499666213988,,,,,,-0.29999999999999716,0.050922900772094604,21-40
MWM_AccDiff,44,25,5,kd,2.0,66.6,0.1,65.52,0.9951309846878051,66.2,1.0042177627563476,,,,,,0.6800000000000068,0.009086778068542412,21-40
MWM_AccDiff,44,26,1,kd,5.0,66.2,0.1,63.52,1.0914499666213988,59.96,1.2170066537857056,,,,,,-3.5600000000000023,0.1255566871643068,21-40
MWM_AccDiff,44,26,4,kd,3.0,66.58,0.1,63.3,1.1135985500335694,63.16,1.0624957565307618,,,,,,-0.14000000000000057,-0.051102793502807664,21-40
MWM_AccDiff,44,26,9,ce,,,0.1,65.06,0.9952894563674927,67.32,0.9413041774749756,2.0,66.6,66.6,66.36,0.9824708330154419,2.259999999999991,-0.05398527889251703,21-40
MWM_AccDiff,44,26,6,kd,7.0,66.54,0.1,65.66,1.0132809328079224,65.52,1.0104477643966674,,,,,,-0.14000000000000057,-0.002833168411255027,21-40
MWM_AccDiff,44,26,8,kd,2.0,66.6,0.1,65.62,0.9737330451011658,66.26,1.0093743913650512,,,,,,0.6400000000000006,0.03564134626388549,21-40
MWM_AccDiff,44,27,5,kd,7.0,66.54,0.1,66.2,1.0042177627563476,65.94,0.9888616296768189,,,,,,-0.2600000000000051,-0.015356133079528655,21-40
MWM_AccDiff,44,27,4,kd,2.0,66.6,0.1,63.16,1.0624957565307618,66.14,0.9957898344039917,,,,,,2.980000000000004,-0.06670592212677007,21-40
MWM_AccDiff,44,27,8,ce,,,0.1,66.26,1.0093743913650512,66.48,0.9514160612106323,9.0,67.32,67.32,61.84,1.1249552124023436,0.21999999999999886,-0.05795833015441898,21-40
MWM_AccDiff,44,27,6,kd,3.0,66.58,0.1,65.52,1.0104477643966674,62.14,1.103885924911499,,,,,,-3.3799999999999955,0.09343816051483156,21-40
MWM_AccDiff,44,27,1,kd,9.0,67.32,0.1,59.96,1.2170066537857056,64.8,1.0103848804473876,,,,,,4.839999999999996,-0.206621773338318,21-40
MWM_AccDiff,44,28,6,kd,2.0,66.6,0.1,62.14,1.103885924911499,65.76,1.0285850772857665,,,,,,3.6200000000000045,-0.07530084762573241,21-40
MWM_AccDiff,44,28,4,kd,7.0,66.54,0.1,66.14,0.9957898344039917,66.68,0.99748039894104,,,,,,0.5400000000000063,0.0016905645370483002,21-40
MWM_AccDiff,44,28,5,kd,3.0,66.58,0.1,65.94,0.9888616296768189,65.34,0.9892839736938477,,,,,,-0.5999999999999943,0.0004223440170287862,21-40
MWM_AccDiff,44,28,8,ce,,,0.1,66.48,0.9514160612106323,68.84,0.899909090423584,9.0,67.32,67.32,66.32,0.9706298183441162,2.3599999999999994,-0.051506970787048245,21-40
MWM_AccDiff,44,28,1,kd,9.0,67.32,0.1,64.8,1.0103848804473876,63.94,1.046160763168335,,,,,,-0.8599999999999994,0.03577588272094734,21-40
MWM_AccDiff,44,29,7,ce,,,0.1,66.54,0.995504506111145,65.64,0.9880789517402649,8.0,68.84,68.84,65.8,1.0214921329498292,-0.9000000000000057,-0.007425554370880105,21-40
MWM_AccDiff,44,29,1,kd,2.0,66.6,0.1,63.94,1.046160763168335,64.8,1.029485764503479,,,,,,0.8599999999999994,-0.016674998664856,21-40
MWM_AccDiff,44,29,3,kd,9.0,67.32,0.1,66.58,0.9558832109451294,66.02,0.9920242269515991,,,,,,-0.5600000000000023,0.036141016006469684,21-40
MWM_AccDiff,44,29,5,kd,4.0,66.68,0.1,65.34,0.9892839736938477,66.28,0.9879455251693725,,,,,,0.9399999999999977,-0.0013384485244751776,21-40
MWM_AccDiff,44,29,6,kd,8.0,68.84,0.1,65.76,1.0285850772857665,65.86,1.0034873809814453,,,,,,0.09999999999999432,-0.025097696304321238,21-40
MWM_AccDiff,44,30,3,kd,9.0,67.32,0.1,66.02,0.9920242269515991,67.72,0.9300451683044434,,,,,,1.7000000000000028,-0.061979058647155694,21-40
MWM_AccDiff,44,30,1,kd,4.0,66.68,0.1,64.8,1.029485764503479,65.72,1.0180120376586914,,,,,,0.9200000000000017,-0.011473726844787535,21-40
MWM_AccDiff,44,30,7,kd,2.0,66.6,0.1,65.64,0.9880789517402649,65.96,1.005711785888672,,,,,,0.3199999999999932,0.017632834148406995,21-40
MWM_AccDiff,44,30,6,kd,8.0,68.84,0.1,65.86,1.0034873809814453,67.08,0.9593424955368042,,,,,,1.2199999999999989,-0.044144885444641124,21-40
MWM_AccDiff,44,30,5,ce,,,0.1,66.28,0.9879455251693725,68.24,0.9035607011795044,8.0,68.84,68.84,65.76,1.0205712106704712,1.9599999999999937,-0.08438482398986813,21-40
MWM_AccDiff,44,31,4,kd,8.0,68.84,0.1,66.68,0.99748039894104,64.02,1.0573013593673706,,,,,,-2.660000000000011,0.05982096042633056,21-40
MWM_AccDiff,44,31,2,ce,,,0.1,66.6,0.9922273132324219,64.74,1.0108546897888184,8.0,68.84,68.84,66.74,0.9665006231307983,-1.8599999999999994,0.01862737655639657,21-40
MWM_AccDiff,44,31,6,kd,3.0,67.72,0.1,67.08,0.9593424955368042,66.6,0.965464129447937,,,,,,-0.480000000000004,0.006121633911132851,21-40
MWM_AccDiff,44,31,7,kd,5.0,68.24,0.1,65.96,1.005711785888672,66.22,0.9735596406936645,,,,,,0.2600000000000051,-0.03215214519500742,21-40
MWM_AccDiff,44,31,1,kd,9.0,67.32,0.1,65.72,1.0180120376586914,64.56,1.0252245470046997,,,,,,-1.1599999999999966,0.007212509346008256,21-40
MWM_AccDiff,44,32,7,ce,,,0.1,66.22,0.9735596406936645,66.34,1.0070186065673827,8.0,68.84,68.84,67.24,0.9594114931106568,0.12000000000000455,0.033458965873718216,21-40
MWM_AccDiff,44,32,4,kd,3.0,67.72,0.1,64.02,1.0573013593673706,65.18,0.9999191074371337,,,,,,1.1600000000000108,-0.05738225193023683,21-40
MWM_AccDiff,44,32,6,kd,5.0,68.24,0.1,66.6,0.965464129447937,68.02,0.9128616888046265,,,,,,1.4200000000000017,-0.052602440643310544,21-40
MWM_AccDiff,44,32,2,kd,8.0,68.84,0.1,64.74,1.0108546897888184,66.52,0.982582857131958,,,,,,1.7800000000000011,-0.028271832656860396,21-40
MWM_AccDiff,44,32,1,kd,9.0,67.32,0.1,64.56,1.0252245470046997,64.96,1.0084146757125854,,,,,,0.3999999999999915,-0.01680987129211431,21-40
MWM_AccDiff,44,33,9,ce,,,0.1,67.32,0.9413041774749756,65.9,0.9739115472793579,8.0,68.84,68.84,67.02,0.963983913230896,-1.4199999999999875,0.03260736980438228,21-40
MWM_AccDiff,44,33,7,kd,3.0,67.72,0.1,66.34,1.0070186065673827,67.24,0.9291036815643311,,,,,,0.8999999999999915,-0.07791492500305164,21-40
MWM_AccDiff,44,33,4,kd,5.0,68.24,0.1,65.18,0.9999191074371337,67.4,0.929002463722229,,,,,,2.219999999999999,-0.07091664371490469,21-40
MWM_AccDiff,44,33,1,kd,6.0,68.02,0.1,64.96,1.0084146757125854,66.84,0.9466371355056763,,,,,,1.8800000000000097,-0.061777540206909065,21-40
MWM_AccDiff,44,33,2,kd,8.0,68.84,0.1,66.52,0.982582857131958,66.02,0.9946708564758301,,,,,,-0.5,0.012087999343872058,21-40
MWM_AccDiff,44,34,7,ce,,,0.1,67.24,0.9291036815643311,70.8,0.8612907854080201,8.0,68.84,68.84,68.88,0.9047022661209106,3.5600000000000023,-0.06781289615631103,21-40
MWM_AccDiff,44,34,4,kd,6.0,68.02,0.1,67.4,0.929002463722229,67.46,0.9444069564819336,,,,,,0.05999999999998806,0.015404492759704569,21-40
MWM_AccDiff,44,34,9,kd,5.0,68.24,0.1,65.9,0.9739115472793579,64.54,1.0754225479125976,,,,,,-1.3599999999999994,0.1015110006332397,21-40
MWM_AccDiff,44,34,1,kd,3.0,67.72,0.1,66.84,0.9466371355056763,65.34,0.9995945201873779,,,,,,-1.5,0.052957384681701636,21-40
MWM_AccDiff,44,34,2,kd,8.0,68.84,0.1,66.02,0.9946708564758301,68.06,0.9237628087997437,,,,,,2.0400000000000063,-0.07090804767608638,21-40
MWM_AccDiff,44,35,1,kd,5.0,68.24,0.1,65.34,0.9995945201873779,67.04,0.9365465362548828,,,,,,1.7000000000000028,-0.06304798393249511,21-40
MWM_AccDiff,44,35,4,kd,2.0,68.06,0.1,67.46,0.9444069564819336,67.8,0.9309667997360229,,,,,,0.3400000000000034,-0.013440156745910703,21-40
MWM_AccDiff,44,35,3,kd,7.0,70.8,0.1,67.72,0.9300451683044434,67.96,0.9795681911468506,,,,,,0.23999999999999488,0.04952302284240717,21-40
MWM_AccDiff,44,35,6,ce,,,0.1,68.02,0.9128616888046265,69.6,0.8766479848861695,7.0,70.8,70.8,66.46,1.0365572700500487,1.5799999999999983,-0.03621370391845702,21-40
MWM_AccDiff,44,35,9,kd,8.0,68.84,0.1,64.54,1.0754225479125976,67.62,0.9227551332473755,,,,,,3.0799999999999983,-0.15266741466522216,21-40
MWM_AccDiff,44,36,4,kd,7.0,70.8,0.1,67.8,0.9309667997360229,68.48,0.9281386848449708,,,,,,0.6800000000000068,-0.002828114891052169,21-40
MWM_AccDiff,44,36,1,kd,5.0,68.24,0.1,67.04,0.9365465362548828,66.68,0.9566972417831421,,,,,,-0.35999999999999943,0.02015070552825926,21-40
MWM_AccDiff,44,36,9,ce,,,0.1,67.62,0.9227551332473755,71.14,0.8402938167572022,7.0,70.8,70.8,67.8,1.018707268333435,3.519999999999996,-0.0824613164901733,21-40
MWM_AccDiff,44,36,2,kd,8.0,68.84,0.1,68.06,0.9237628087997437,67.98,0.9399565378189086,,,,,,-0.0799999999999983,0.016193729019164937,21-40
MWM_AccDiff,44,36,3,kd,6.0,69.6,0.1,67.96,0.9795681911468506,69.42,0.8770879745483399,,,,,,1.460000000000008,-0.1024802165985107,21-40
MWM_AccDiff,44,37,4,kd,7.0,70.8,0.1,68.48,0.9281386848449708,67.3,0.9942503280639648,,,,,,-1.1800000000000068,0.0661116432189941,21-40
MWM_AccDiff,44,37,2,kd,3.0,69.42,0.1,67.98,0.9399565378189086,67.86,0.9375213670730591,,,,,,-0.12000000000000455,-0.0024351707458495353,21-40
MWM_AccDiff,44,37,5,kd,9.0,71.14,0.1,68.24,0.9035607011795044,69.9,0.884898154258728,,,,,,1.6600000000000108,-0.0186625469207764,21-40
MWM_AccDiff,44,37,1,kd,6.0,69.6,0.1,66.68,0.9566972417831421,67.78,0.9337147668838501,,,,,,1.0999999999999943,-0.02298247489929195,21-40
MWM_AccDiff,44,37,8,ce,,,0.1,68.84,0.899909090423584,68.94,0.9204341201782227,9.0,71.14,71.14,69.64,0.9129269390106202,0.09999999999999432,0.020525029754638657,21-40
MWM_AccDiff,44,38,3,ce,,,0.1,69.42,0.8770879745483399,70.44,0.8506520000457763,9.0,71.14,71.14,70.14,0.8747228786468506,1.019999999999996,-0.02643597450256352,21-40
MWM_AccDiff,44,38,2,kd,9.0,71.14,0.1,67.86,0.9375213670730591,69.3,0.9093514987945557,,,,,,1.4399999999999977,-0.02816986827850343,21-40
MWM_AccDiff,44,38,4,kd,5.0,69.9,0.1,67.3,0.9942503280639648,67.82,0.9833736225128173,,,,,,0.519999999999996,-0.010876705551147503,21-40
MWM_AccDiff,44,38,1,kd,7.0,70.8,0.1,67.78,0.9337147668838501,67.96,0.9563097316741943,,,,,,0.1799999999999926,0.022594964790344174,21-40
MWM_AccDiff,44,38,8,kd,6.0,69.6,0.1,68.94,0.9204341201782227,69.3,0.9072938417434693,,,,,,0.35999999999999943,-0.013140278434753405,21-40
MWM_AccDiff,44,39,1,kd,5.0,69.9,0.1,67.96,0.9563097316741943,70.18,0.8826517782211304,,,,,,2.220000000000013,-0.07365795345306392,21-40
MWM_AccDiff,44,39,2,ce,,,0.1,69.3,0.9093514987945557,68.76,0.9207095356941223,9.0,71.14,71.14,70.6,0.8663934917449951,-0.539999999999992,0.011358036899566604,21-40
MWM_AccDiff,44,39,8,kd,9.0,71.14,0.1,69.3,0.9072938417434693,70.94,0.8633621109008789,,,,,,1.6400000000000006,-0.04393173084259039,21-40
MWM_AccDiff,44,39,6,kd,3.0,70.44,0.1,69.6,0.8766479848861695,68.96,0.8903322673797608,,,,,,-0.6400000000000006,0.013684282493591327,21-40
MWM_AccDiff,44,39,4,kd,7.0,70.8,0.1,67.82,0.9833736225128173,68.64,0.9393207191467285,,,,,,0.8200000000000074,-0.0440529033660888,21-40
MWM_AccDiff,44,40,6,kd,9.0,71.14,0.1,68.96,0.8903322673797608,69.4,0.9246811912536621,,,,,,0.44000000000001194,0.034348923873901316,21-40
MWM_AccDiff,44,40,5,ce,,,0.1,69.9,0.884898154258728,67.62,0.9387140504837036,9.0,71.14,71.14,71.02,0.8646997840881347,-2.280000000000001,0.05381589622497562,21-40
MWM_AccDiff,44,40,1,kd,3.0,70.44,0.1,70.18,0.8826517782211304,70.42,0.8569034749984741,,,,,,0.23999999999999488,-0.02574830322265631,21-40
MWM_AccDiff,44,40,4,kd,7.0,70.8,0.1,68.64,0.9393207191467285,68.5,0.9672287281036377,,,,,,-0.14000000000000057,0.027908008956909147,21-40
MWM_AccDiff,44,40,2,kd,8.0,70.94,0.1,68.76,0.9207095356941223,69.6,0.9152797317504883,,,,,,0.8399999999999892,-0.005429803943634015,21-40
MWM_AccDiff,44,41,1,ce,,,0.1,70.42,0.8569034749984741,68.82,0.9233702054023742,9.0,71.14,71.14,70.42,0.8666034675598144,-1.6000000000000085,0.06646673040390016,41-60
MWM_AccDiff,44,41,5,kd,8.0,70.94,0.1,67.62,0.9387140504837036,69.46,0.8979944087982178,,,,,,1.8399999999999892,-0.04071964168548581,41-60
MWM_AccDiff,44,41,4,kd,9.0,71.14,0.1,68.5,0.9672287281036377,70.56,0.8687506349563598,,,,,,2.0600000000000023,-0.09847809314727785,41-60
MWM_AccDiff,44,41,2,kd,3.0,70.44,0.1,69.6,0.9152797317504883,69.2,0.9182598268508911,,,,,,-0.3999999999999915,0.0029800951004028686,41-60
MWM_AccDiff,44,41,6,kd,7.0,70.8,0.1,69.4,0.9246811912536621,69.0,0.9327873989105224,,,,,,-0.4000000000000057,0.00810620765686032,41-60
MWM_AccDiff,44,42,5,kd,4.0,70.56,0.1,69.46,0.8979944087982178,70.94,0.8499260543823243,,,,,,1.480000000000004,-0.04806835441589352,41-60
MWM_AccDiff,44,42,3,ce,,,0.1,70.44,0.8506520000457763,72.64,0.8112071180343627,9.0,71.14,71.14,70.98,0.8601541818618774,2.200000000000003,-0.03944488201141361,41-60
MWM_AccDiff,44,42,6,kd,7.0,70.8,0.1,69.0,0.9327873989105224,70.36,0.8659658130645752,,,,,,1.3599999999999994,-0.06682158584594722,41-60
MWM_AccDiff,44,42,1,kd,9.0,71.14,0.1,68.82,0.9233702054023742,71.16,0.8423870855331421,,,,,,2.3400000000000034,-0.08098311986923212,41-60
MWM_AccDiff,44,42,2,kd,8.0,70.94,0.1,69.2,0.9182598268508911,69.94,0.9044184581756591,,,,,,0.7399999999999949,-0.013841368675232002,41-60
MWM_AccDiff,44,43,7,ce,,,0.1,70.8,0.8612907854080201,71.48,0.8391742965698242,3.0,72.64,72.64,71.4,0.8615714274406433,0.6800000000000068,-0.022116488838195836,41-60
MWM_AccDiff,44,43,4,kd,3.0,72.64,0.1,70.56,0.8687506349563598,71.96,0.8114514092445374,,,,,,1.3999999999999915,-0.057299225711822444,41-60
MWM_AccDiff,44,43,8,kd,1.0,71.16,0.1,70.94,0.8633621109008789,71.12,0.838274785232544,,,,,,0.18000000000000682,-0.025087325668334937,41-60
MWM_AccDiff,44,43,2,kd,5.0,70.94,0.1,69.94,0.9044184581756591,70.54,0.8792989891052246,,,,,,0.6000000000000085,-0.025119469070434497,41-60
MWM_AccDiff,44,43,6,kd,9.0,71.14,0.1,70.36,0.8659658130645752,70.12,0.8806696332931518,,,,,,-0.23999999999999488,0.014703820228576636,41-60
MWM_AccDiff,44,44,2,kd,1.0,71.16,0.1,70.54,0.8792989891052246,69.7,0.8962089422225952,,,,,,-0.8400000000000034,0.016909953117370535,41-60
MWM_AccDiff,44,44,9,kd,7.0,71.48,0.1,71.14,0.8402938167572022,70.62,0.893907675075531,,,,,,-0.519999999999996,0.05361385831832888,41-60
MWM_AccDiff,44,44,8,kd,4.0,71.96,0.1,71.12,0.838274785232544,71.66,0.8253986956596374,,,,,,0.539999999999992,-0.012876089572906535,41-60
MWM_AccDiff,44,44,6,ce,,,0.1,70.12,0.8806696332931518,67.5,0.9835728740692139,3.0,72.64,72.64,70.44,0.8784306457519532,-2.6200000000000045,0.10290324077606205,41-60
MWM_AccDiff,44,44,5,kd,3.0,72.64,0.1,70.94,0.8499260543823243,71.28,0.8358418672561646,,,,,,0.3400000000000034,-0.014084187126159664,41-60
MWM_AccDiff,44,45,6,kd,4.0,71.96,0.1,67.5,0.9835728740692139,72.2,0.8092261281013489,,,,,,4.700000000000003,-0.17434674596786504,41-60
MWM_AccDiff,44,45,2,kd,3.0,72.64,0.1,69.7,0.8962089422225952,71.36,0.8284630075454712,,,,,,1.6599999999999966,-0.06774593467712398,41-60
MWM_AccDiff,44,45,1,kd,7.0,71.48,0.1,71.16,0.8423870855331421,68.62,0.9577960203170777,,,,,,-2.539999999999992,0.11540893478393555,41-60
MWM_AccDiff,44,45,9,kd,8.0,71.66,0.1,70.62,0.893907675075531,70.18,0.8589141739845276,,,,,,-0.4399999999999977,-0.03499350109100341,41-60
MWM_AccDiff,44,45,5,ce,,,0.1,71.28,0.8358418672561646,70.78,0.8510401281356812,3.0,72.64,72.64,71.9,0.8215884849548339,-0.5,0.01519826087951659,41-60
MWM_AccDiff,44,46,7,kd,3.0,72.64,0.1,71.48,0.8391742965698242,73.04,0.7901481838226319,,,,,,1.5600000000000023,-0.049026112747192374,41-60
MWM_AccDiff,44,46,5,kd,4.0,71.96,0.1,70.78,0.8510401281356812,70.92,0.8356871789932251,,,,,,0.14000000000000057,-0.015352949142456107,41-60
MWM_AccDiff,44,46,1,kd,8.0,71.66,0.1,68.62,0.9577960203170777,70.84,0.8596211221694946,,,,,,2.219999999999999,-0.09817489814758307,41-60
MWM_AccDiff,44,46,9,kd,6.0,72.2,0.1,70.18,0.8589141739845276,68.04,0.9648505822181702,,,,,,-2.1400000000000006,0.10593640823364259,41-60
MWM_AccDiff,44,46,2,ce,,,0.1,71.36,0.8284630075454712,70.28,0.859862177658081,3.0,72.64,72.64,69.64,0.9037182770729065,-1.0799999999999983,0.03139917011260984,41-60
MWM_AccDiff,44,47,2,kd,7.0,73.04,0.1,70.28,0.859862177658081,72.34,0.8104339738845825,,,,,,2.0600000000000023,-0.04942820377349855,41-60
MWM_AccDiff,44,47,9,kd,3.0,72.64,0.1,68.04,0.9648505822181702,71.94,0.8327924941062927,,,,,,3.8999999999999915,-0.13205808811187747,41-60
MWM_AccDiff,44,47,5,kd,4.0,71.96,0.1,70.92,0.8356871789932251,71.98,0.814443417930603,,,,,,1.0600000000000023,-0.021243761062622046,41-60
MWM_AccDiff,44,47,1,kd,6.0,72.2,0.1,70.84,0.8596211221694946,71.4,0.8488247119903565,,,,,,0.5600000000000023,-0.010796410179138127,41-60
MWM_AccDiff,44,47,8,ce,,,0.1,71.66,0.8253986956596374,68.6,0.8771823135375977,7.0,73.04,73.04,72.28,0.8159035793304443,-3.0600000000000023,0.051783617877960264,41-60
MWM_AccDiff,44,48,4,kd,7.0,73.04,0.1,71.96,0.8114514092445374,71.2,0.8512009469032288,,,,,,-0.7599999999999909,0.03974953765869138,41-60
MWM_AccDiff,44,48,9,ce,,,0.1,71.94,0.8327924941062927,72.1,0.8203217527389527,7.0,73.04,73.04,72.22,0.8131167713165284,0.1599999999999966,-0.012470741367340055,41-60
MWM_AccDiff,44,48,8,kd,3.0,72.64,0.1,68.6,0.8771823135375977,71.64,0.8420319988250733,,,,,,3.0400000000000063,-0.03515031471252439,41-60
MWM_AccDiff,44,48,1,kd,6.0,72.2,0.1,71.4,0.8488247119903565,70.8,0.8531869352340699,,,,,,-0.6000000000000085,0.004362223243713381,41-60
MWM_AccDiff,44,48,5,kd,2.0,72.34,0.1,71.98,0.814443417930603,69.18,0.9216021012306214,,,,,,-2.799999999999997,0.10715868330001832,41-60
MWM_AccDiff,44,49,4,kd,3.0,72.64,0.1,71.2,0.8512009469032288,71.38,0.8416871117591858,,,,,,0.1799999999999926,-0.009513835144043026,41-60
MWM_AccDiff,44,49,9,ce,,,0.1,72.1,0.8203217527389527,71.12,0.8522509412765503,7.0,73.04,73.04,72.14,0.8286638860702514,-0.9799999999999898,0.03192918853759763,41-60
MWM_AccDiff,44,49,1,kd,7.0,73.04,0.1,70.8,0.8531869352340699,72.06,0.8065270612716675,,,,,,1.2600000000000051,-0.04665987396240234,41-60
MWM_AccDiff,44,49,8,kd,6.0,72.2,0.1,71.64,0.8420319988250733,71.16,0.8411147981643676,,,,,,-0.480000000000004,-0.0009172006607056638,41-60
MWM_AccDiff,44,49,5,kd,2.0,72.34,0.1,69.18,0.9216021012306214,71.6,0.8460408148765564,,,,,,2.4199999999999875,-0.075561286354065,41-60
MWM_AccDiff,44,50,1,ce,,,0.1,72.06,0.8065270612716675,68.16,0.944693105506897,7.0,73.04,73.04,71.16,0.841103333568573,-3.9000000000000057,0.1381660442352295,41-60
MWM_AccDiff,44,50,9,kd,6.0,72.2,0.1,71.12,0.8522509412765503,72.88,0.7961751426696777,,,,,,1.759999999999991,-0.05607579860687262,41-60
MWM_AccDiff,44,50,4,kd,2.0,72.34,0.1,71.38,0.8416871117591858,71.9,0.8317540470123291,,,,,,0.5200000000000102,-0.009933064746856624,41-60
MWM_AccDiff,44,50,8,kd,7.0,73.04,0.1,71.16,0.8411147981643676,72.58,0.7966059293746949,,,,,,1.4200000000000017,-0.04450886878967275,41-60
MWM_AccDiff,44,50,5,kd,3.0,72.64,0.1,71.6,0.8460408148765564,72.4,0.8000811351776123,,,,,,0.8000000000000114,-0.0459596796989441,41-60
MWM_AccDiff,44,51,5,kd,8.0,72.58,0.1,72.4,0.8000811351776123,72.28,0.8163870498657226,,,,,,-0.12000000000000455,0.01630591468811038,41-60
MWM_AccDiff,44,51,4,kd,9.0,72.88,0.1,71.9,0.8317540470123291,72.14,0.824199702167511,,,,,,0.23999999999999488,-0.007554344844818095,41-60
MWM_AccDiff,44,51,6,ce,,,0.1,72.2,0.8092261281013489,70.32,0.8780557416915894,7.0,73.04,73.04,73.52,0.7712737685203552,-1.8800000000000097,0.06882961359024053,41-60
MWM_AccDiff,44,51,2,kd,7.0,73.04,0.1,72.34,0.8104339738845825,72.08,0.8121852006912231,,,,,,-0.2600000000000051,0.0017512268066406378,41-60
MWM_AccDiff,44,51,1,kd,3.0,72.64,0.1,68.16,0.944693105506897,70.92,0.8657314032554626,,,,,,2.760000000000005,-0.0789617022514344,41-60
MWM_AccDiff,44,52,4,kd,7.0,73.04,0.1,72.14,0.824199702167511,71.44,0.8402310365676879,,,,,,-0.7000000000000028,0.0160313344001769,41-60
MWM_AccDiff,44,52,6,kd,9.0,72.88,0.1,70.32,0.8780557416915894,71.82,0.8178985966682434,,,,,,1.5,-0.060157145023346015,41-60
MWM_AccDiff,44,52,5,ce,,,0.1,72.28,0.8163870498657226,65.88,0.9927402755737305,7.0,73.04,73.04,71.54,0.8367107196807861,-6.400000000000006,0.17635322570800782,41-60
MWM_AccDiff,44,52,1,kd,3.0,72.64,0.1,70.92,0.8657314032554626,73.22,0.7881784211158752,,,,,,2.299999999999997,-0.07755298213958739,41-60
MWM_AccDiff,44,52,2,kd,8.0,72.58,0.1,72.08,0.8121852006912231,72.2,0.8344726179122924,,,,,,0.12000000000000455,0.022287417221069306,41-60
MWM_AccDiff,44,53,4,kd,1.0,73.22,0.1,71.44,0.8402310365676879,71.28,0.8426114988327026,,,,,,-0.1599999999999966,0.002380462265014649,41-60
MWM_AccDiff,44,53,5,kd,7.0,73.04,0.1,65.88,0.9927402755737305,71.82,0.8313562357902526,,,,,,5.939999999999998,-0.16138403978347782,41-60
MWM_AccDiff,44,53,2,kd,3.0,72.64,0.1,72.2,0.8344726179122924,72.0,0.8139504030227661,,,,,,-0.20000000000000284,-0.020522214889526325,41-60
MWM_AccDiff,44,53,8,ce,,,0.1,72.58,0.7966059293746949,71.2,0.8536045330047607,1.0,73.22,73.22,71.94,0.8413562371253968,-1.3799999999999955,0.056998603630065814,41-60
MWM_AccDiff,44,53,6,kd,9.0,72.88,0.1,71.82,0.8178985966682434,72.66,0.8144211493492126,,,,,,0.8400000000000034,-0.0034774473190307686,41-60
MWM_AccDiff,44,54,8,kd,7.0,73.04,0.1,71.2,0.8536045330047607,72.36,0.8070067770957947,,,,,,1.1599999999999966,-0.046597755908965977,41-60
MWM_AccDiff,44,54,3,ce,,,0.1,72.64,0.8112071180343627,71.5,0.8217856184005737,1.0,73.22,73.22,72.4,0.7987204998016357,-1.1400000000000006,0.010578500366210997,41-60
MWM_AccDiff,44,54,4,kd,1.0,73.22,0.1,71.28,0.8426114988327026,70.76,0.8739629608154297,,,,,,-0.519999999999996,0.03135146198272709,41-60
MWM_AccDiff,44,54,2,kd,6.0,72.66,0.1,72.0,0.8139504030227661,72.52,0.821347234916687,,,,,,0.519999999999996,0.00739683189392093,41-60
MWM_AccDiff,44,54,5,kd,9.0,72.88,0.1,71.82,0.8313562357902526,70.4,0.8735245588302613,,,,,,-1.4199999999999875,0.042168323040008615,41-60
MWM_AccDiff,44,55,4,kd,1.0,73.22,0.1,70.76,0.8739629608154297,70.74,0.8916439751625062,,,,,,-0.020000000000010232,0.017681014347076474,41-60
MWM_AccDiff,44,55,5,kd,7.0,73.04,0.1,70.4,0.8735245588302613,73.04,0.7962139282226562,,,,,,2.6400000000000006,-0.07731063060760501,41-60
MWM_AccDiff,44,55,3,kd,9.0,72.88,0.1,71.5,0.8217856184005737,73.46,0.7841939238548279,,,,,,1.9599999999999937,-0.037591694545745846,41-60
MWM_AccDiff,44,55,2,kd,6.0,72.66,0.1,72.52,0.821347234916687,71.34,0.8613755923271179,,,,,,-1.1799999999999926,0.04002835741043087,41-60
MWM_AccDiff,44,55,8,ce,,,0.1,72.36,0.8070067770957947,70.12,0.9047284677505493,1.0,73.22,73.22,72.32,0.8146517224311829,-2.239999999999995,0.09772169065475456,41-60
MWM_AccDiff,44,56,4,kd,3.0,73.46,0.1,70.74,0.8916439751625062,72.12,0.8355220076560974,,,,,,1.3800000000000097,-0.05612196750640874,41-60
MWM_AccDiff,44,56,6,kd,5.0,73.04,0.1,72.66,0.8144211493492126,72.28,0.8107346555709839,,,,,,-0.37999999999999545,-0.0036864937782287166,41-60
MWM_AccDiff,44,56,2,kd,7.0,73.04,0.1,71.34,0.8613755923271179,71.58,0.8285346293449402,,,,,,0.23999999999999488,-0.03284096298217776,41-60
MWM_AccDiff,44,56,8,kd,1.0,73.22,0.1,70.12,0.9047284677505493,73.5,0.7914517240524293,,,,,,3.3799999999999955,-0.11327674369812002,41-60
MWM_AccDiff,44,56,9,ce,,,0.1,72.88,0.7961751426696777,75.28,0.7121486217498779,3.0,73.46,73.46,73.36,0.795275118637085,2.4000000000000057,-0.08402652091979979,41-60
MWM_AccDiff,44,57,2,kd,1.0,73.22,0.1,71.58,0.8285346293449402,71.94,0.8269094888687134,,,,,,0.35999999999999943,-0.0016251404762267496,41-60
MWM_AccDiff,44,57,4,kd,3.0,73.46,0.1,72.12,0.8355220076560974,72.26,0.825218319606781,,,,,,0.14000000000000057,-0.010303688049316362,41-60
MWM_AccDiff,44,57,7,kd,8.0,73.5,0.1,73.04,0.7901481838226319,72.34,0.8019742609024048,,,,,,-0.7000000000000028,0.011826077079772901,41-60
MWM_AccDiff,44,57,6,kd,9.0,75.28,0.1,72.28,0.8107346555709839,73.4,0.7745672967910766,,,,,,1.1200000000000045,-0.03616735877990729,41-60
MWM_AccDiff,44,57,5,ce,,,0.1,73.04,0.7962139282226562,71.34,0.8659934215545654,9.0,75.28,75.28,69.84,0.880550372505188,-1.7000000000000028,0.06977949333190914,41-60
MWM_AccDiff,44,58,1,ce,,,0.1,73.22,0.7881784211158752,71.94,0.809149811553955,9.0,75.28,75.28,74.02,0.7529054403305053,-1.2800000000000011,0.02097139043807983,41-60
MWM_AccDiff,44,58,2,kd,8.0,73.5,0.1,71.94,0.8269094888687134,72.34,0.8244406532287598,,,,,,0.4000000000000057,-0.0024688356399535927,41-60
MWM_AccDiff,44,58,7,kd,6.0,73.4,0.1,72.34,0.8019742609024048,71.92,0.83557959690094,,,,,,-0.4200000000000017,0.03360533599853521,41-60
MWM_AccDiff,44,58,5,kd,3.0,73.46,0.1,71.34,0.8659934215545654,72.48,0.7949215723991394,,,,,,1.1400000000000006,-0.07107184915542597,41-60
MWM_AccDiff,44,58,4,kd,9.0,75.28,0.1,72.26,0.825218319606781,70.26,0.8701560531616211,,,,,,-2.0,0.0449377335548401,41-60
MWM_AccDiff,44,59,4,kd,9.0,75.28,0.1,70.26,0.8701560531616211,72.94,0.796092212486267,,,,,,2.6799999999999926,-0.0740638406753541,41-60
MWM_AccDiff,44,59,1,kd,8.0,73.5,0.1,71.94,0.809149811553955,72.38,0.8081275087356568,,,,,,0.4399999999999977,-0.001022302818298293,41-60
MWM_AccDiff,44,59,7,kd,3.0,73.46,0.1,71.92,0.83557959690094,72.76,0.8143816208839416,,,,,,0.8400000000000034,-0.021197976016998354,41-60
MWM_AccDiff,44,59,2,kd,6.0,73.4,0.1,72.34,0.8244406532287598,69.84,0.9369458986282349,,,,,,-2.5,0.11250524539947504,41-60
MWM_AccDiff,44,59,5,ce,,,0.1,72.48,0.7949215723991394,72.26,0.8152675546646119,9.0,75.28,75.28,74.74,0.7436149179458618,-0.21999999999999886,0.020345982265472462,41-60
MWM_AccDiff,44,60,4,ce,,,0.1,72.94,0.796092212486267,67.94,0.9367076620101928,9.0,75.28,75.28,71.96,0.8142136991500855,-5.0,0.1406154495239258,41-60
MWM_AccDiff,44,60,1,kd,8.0,73.5,0.1,72.38,0.8081275087356568,73.2,0.786244485092163,,,,,,0.8200000000000074,-0.021883023643493704,41-60
MWM_AccDiff,44,60,2,kd,9.0,75.28,0.1,69.84,0.9369458986282349,72.12,0.8295919086456299,,,,,,2.280000000000001,-0.10735398998260492,41-60
MWM_AccDiff,44,60,7,kd,6.0,73.4,0.1,72.76,0.8143816208839416,70.44,0.8871303024291992,,,,,,-2.3200000000000074,0.0727486815452576,41-60
MWM_AccDiff,44,60,5,kd,3.0,73.46,0.1,72.26,0.8152675546646119,73.32,0.7915965342521667,,,,,,1.059999999999988,-0.023671020412445176,41-60
MWM_AccDiff,44,61,4,kd,9.0,75.28,0.1,67.94,0.9367076620101928,74.48,0.7434370143890381,,,,,,6.540000000000006,-0.19327064762115476,61-80
MWM_AccDiff,44,61,7,kd,3.0,73.46,0.1,70.44,0.8871303024291992,72.3,0.8198169522285461,,,,,,1.8599999999999994,-0.0673133502006531,61-80
MWM_AccDiff,44,61,5,ce,,,0.1,73.32,0.7915965342521667,72.22,0.8500598588943481,9.0,75.28,75.28,75.32,0.7355048007965088,-1.0999999999999943,0.0584633246421814,61-80
MWM_AccDiff,44,61,1,kd,6.0,73.4,0.1,73.2,0.786244485092163,70.78,0.8736858573913574,,,,,,-2.4200000000000017,0.08744137229919435,61-80
MWM_AccDiff,44,61,2,kd,8.0,73.5,0.1,72.12,0.8295919086456299,72.72,0.8108787005424499,,,,,,0.5999999999999943,-0.01871320810318,61-80
MWM_AccDiff,44,62,1,kd,8.0,73.5,0.1,70.78,0.8736858573913574,72.18,0.8176432594299317,,,,,,1.4000000000000057,-0.056042597961425744,61-80
MWM_AccDiff,44,62,2,kd,4.0,74.48,0.1,72.72,0.8108787005424499,71.94,0.841919260597229,,,,,,-0.7800000000000011,0.031040560054779065,61-80
MWM_AccDiff,44,62,6,ce,,,0.1,73.4,0.7745672967910766,72.1,0.7999979084014892,9.0,75.28,75.28,71.64,0.8244853170394898,-1.3000000000000114,0.0254306116104126,61-80
MWM_AccDiff,44,62,5,kd,3.0,73.46,0.1,72.22,0.8500598588943481,73.92,0.7689071827888488,,,,,,1.7000000000000028,-0.08115267610549926,61-80
MWM_AccDiff,44,62,7,kd,9.0,75.28,0.1,72.3,0.8198169522285461,72.84,0.7736583911895752,,,,,,0.5400000000000063,-0.04615856103897087,61-80
MWM_AccDiff,44,63,6,kd,5.0,73.92,0.1,72.1,0.7999979084014892,73.44,0.7940231391906738,,,,,,1.3400000000000034,-0.005974769210815412,61-80
MWM_AccDiff,44,63,3,ce,,,0.1,73.46,0.7841939238548279,71.42,0.8304126964569092,9.0,75.28,75.28,74.0,0.757545797920227,-2.039999999999992,0.04621877260208129,61-80
MWM_AccDiff,44,63,1,kd,4.0,74.48,0.1,72.18,0.8176432594299317,74.04,0.7509612354278564,,,,,,1.8599999999999994,-0.06668202400207524,61-80
MWM_AccDiff,44,63,2,kd,9.0,75.28,0.1,71.94,0.841919260597229,71.36,0.8290678956985473,,,,,,-0.5799999999999983,-0.012851364898681661,61-80
MWM_AccDiff,44,63,7,kd,8.0,73.5,0.1,72.84,0.7736583911895752,70.68,0.869893584060669,,,,,,-2.1599999999999966,0.09623519287109372,61-80
MWM_AccDiff,44,64,7,kd,1.0,74.04,0.1,70.68,0.869893584060669,70.52,0.8923130331039428,,,,,,-0.1600000000000108,0.022419449043273865,61-80
MWM_AccDiff,44,64,3,kd,9.0,75.28,0.1,71.42,0.8304126964569092,73.66,0.7651233959197998,,,,,,2.239999999999995,-0.06528930053710935,61-80
MWM_AccDiff,44,64,6,ce,,,0.1,73.44,0.7940231391906738,70.9,0.8699572774887085,9.0,75.28,75.28,72.94,0.7862680646896363,-2.539999999999992,0.07593413829803475,61-80
MWM_AccDiff,44,64,8,kd,4.0,74.48,0.1,73.5,0.7914517240524293,73.46,0.7787672212600708,,,,,,-0.04000000000000625,-0.012684502792358443,61-80
MWM_AccDiff,44,64,2,kd,5.0,73.92,0.1,71.36,0.8290678956985473,73.08,0.8072784203529358,,,,,,1.7199999999999989,-0.021789475345611486,61-80
MWM_AccDiff,44,65,7,kd,4.0,74.48,0.1,70.52,0.8923130331039428,71.76,0.843179049873352,,,,,,1.240000000000009,-0.049133983230590816,61-80
MWM_AccDiff,44,65,2,kd,1.0,74.04,0.1,73.08,0.8072784203529358,71.76,0.8216863044738769,,,,,,-1.3199999999999932,0.014407884120941072,61-80
MWM_AccDiff,44,65,3,ce,,,0.1,73.66,0.7651233959197998,73.82,0.7681148094177246,9.0,75.28,75.28,71.7,0.8344247737884521,0.1599999999999966,0.0029914134979247553,61-80
MWM_AccDiff,44,65,6,kd,9.0,75.28,0.1,70.9,0.8699572774887085,73.8,0.760157223892212,,,,,,2.8999999999999915,-0.10980005359649658,61-80
MWM_AccDiff,44,65,8,kd,5.0,73.92,0.1,73.46,0.7787672212600708,73.12,0.7978404634475708,,,,,,-0.3399999999999892,0.01907324218749995,61-80
MWM_AccDiff,44,66,7,kd,4.0,74.48,0.1,71.76,0.843179049873352,72.46,0.8099729578018189,,,,,,0.6999999999999886,-0.03320609207153313,61-80
MWM_AccDiff,44,66,3,kd,9.0,75.28,0.1,73.82,0.7681148094177246,74.68,0.7461461694717407,,,,,,0.8600000000000136,-0.02196863994598386,61-80
MWM_AccDiff,44,66,8,kd,1.0,74.04,0.1,73.12,0.7978404634475708,73.88,0.7514444629669189,,,,,,0.7599999999999909,-0.046396000480651844,61-80
MWM_AccDiff,44,66,6,ce,,,0.1,73.8,0.760157223892212,74.84,0.7439716764450073,9.0,75.28,75.28,74.34,0.7547258752822876,1.0400000000000063,-0.016185547447204685,61-80
MWM_AccDiff,44,66,2,kd,5.0,73.92,0.1,71.76,0.8216863044738769,71.9,0.8339775364875793,,,,,,0.14000000000000057,0.012291232013702413,61-80
MWM_AccDiff,44,67,1,kd,4.0,74.48,0.1,74.04,0.7509612354278564,72.66,0.799986909866333,,,,,,-1.3800000000000097,0.04902567443847661,61-80
MWM_AccDiff,44,67,2,kd,3.0,74.68,0.1,71.9,0.8339775364875793,70.96,0.8718467798233033,,,,,,-0.9400000000000119,0.037869243335723946,61-80
MWM_AccDiff,44,67,5,kd,9.0,75.28,0.1,73.92,0.7689071827888488,75.68,0.7138756689071655,,,,,,1.7600000000000051,-0.05503151388168337,61-80
MWM_AccDiff,44,67,7,kd,6.0,74.84,0.1,72.46,0.8099729578018189,70.22,0.9313661039352417,,,,,,-2.239999999999995,0.12139314613342278,61-80
MWM_AccDiff,44,67,8,ce,,,0.1,73.88,0.7514444629669189,72.8,0.8047123834609985,9.0,75.28,75.28,72.38,0.8087646837234497,-1.0799999999999983,0.05326792049407958,61-80
MWM_AccDiff,44,68,4,ce,,,0.1,74.48,0.7434370143890381,74.38,0.7381617412567139,5.0,75.68,75.68,74.86,0.7555764936447144,-0.10000000000000853,-0.005275273132324232,61-80
MWM_AccDiff,44,68,7,kd,9.0,75.28,0.1,70.22,0.9313661039352417,72.86,0.7923987949371338,,,,,,2.6400000000000006,-0.13896730899810783,61-80
MWM_AccDiff,44,68,8,kd,3.0,74.68,0.1,72.8,0.8047123834609985,73.44,0.8005841171264648,,,,,,0.6400000000000006,-0.00412826633453367,61-80
MWM_AccDiff,44,68,1,kd,6.0,74.84,0.1,72.66,0.799986909866333,73.14,0.8212025242805481,,,,,,0.480000000000004,0.021215614414215045,61-80
MWM_AccDiff,44,68,2,kd,5.0,75.68,0.1,70.96,0.8718467798233033,74.16,0.7626066591262818,,,,,,3.200000000000003,-0.10924012069702149,61-80
MWM_AccDiff,44,69,4,ce,,,0.1,74.38,0.7381617412567139,75.36,0.7625663371086121,5.0,75.68,75.68,74.68,0.737977272605896,0.980000000000004,0.024404595851898248,61-80
MWM_AccDiff,44,69,8,kd,5.0,75.68,0.1,73.44,0.8005841171264648,74.66,0.7497817520141602,,,,,,1.2199999999999989,-0.050802365112304626,61-80
MWM_AccDiff,44,69,2,kd,3.0,74.68,0.1,74.16,0.7626066591262818,71.68,0.8116680248260498,,,,,,-2.4799999999999898,0.049061365699768045,61-80
MWM_AccDiff,44,69,7,kd,6.0,74.84,0.1,72.86,0.7923987949371338,73.2,0.8186411725997925,,,,,,0.3400000000000034,0.02624237766265869,61-80
MWM_AccDiff,44,69,1,kd,9.0,75.28,0.1,73.14,0.8212025242805481,72.26,0.8245464561462402,,,,,,-0.8799999999999955,0.0033439318656921513,61-80
MWM_AccDiff,44,70,2,kd,4.0,75.36,0.1,71.68,0.8116680248260498,71.98,0.844240752029419,,,,,,0.29999999999999716,0.03257272720336912,61-80
MWM_AccDiff,44,70,7,kd,9.0,75.28,0.1,73.2,0.8186411725997925,74.54,0.7323348300933837,,,,,,1.3400000000000034,-0.08630634250640878,61-80
MWM_AccDiff,44,70,3,kd,5.0,75.68,0.1,74.68,0.7461461694717407,74.12,0.756373690032959,,,,,,-0.5600000000000023,0.010227520561218229,61-80
MWM_AccDiff,44,70,1,kd,6.0,74.84,0.1,72.26,0.8245464561462402,71.84,0.8466768258094788,,,,,,-0.4200000000000017,0.022130369663238558,61-80
MWM_AccDiff,44,70,8,ce,,,0.1,74.66,0.7497817520141602,76.02,0.7219788400650025,5.0,75.68,75.68,73.6,0.7939190977096557,1.3599999999999994,-0.027802911949157738,61-80
MWM_AccDiff,44,71,3,kd,4.0,75.36,0.1,74.12,0.756373690032959,74.26,0.813003129196167,,,,,,0.14000000000000057,0.05662943916320806,61-80
MWM_AccDiff,44,71,1,kd,8.0,76.02,0.1,71.84,0.8466768258094788,72.0,0.8461548051834107,,,,,,0.1599999999999966,-0.0005220206260680982,61-80
MWM_AccDiff,44,71,6,ce,,,0.1,74.84,0.7439716764450073,73.96,0.7661115133285522,8.0,76.02,76.02,74.24,0.7625679029464721,-0.8800000000000097,0.022139836883544928,61-80
MWM_AccDiff,44,71,7,kd,9.0,75.28,0.1,74.54,0.7323348300933837,73.54,0.7592903823852539,,,,,,-1.0,0.02695555229187019,61-80
MWM_AccDiff,44,71,2,kd,5.0,75.68,0.1,71.98,0.844240752029419,74.86,0.7401303754806519,,,,,,2.8799999999999955,-0.10411037654876709,61-80
MWM_AccDiff,44,72,1,kd,4.0,75.36,0.1,72.0,0.8461548051834107,75.26,0.7441888798713684,,,,,,3.260000000000005,-0.1019659253120423,61-80
MWM_AccDiff,44,72,2,ce,,,0.1,74.86,0.7401303754806519,66.96,0.9577130590438843,8.0,76.02,76.02,73.3,0.7882984188079833,-7.900000000000006,0.2175826835632324,61-80
MWM_AccDiff,44,72,3,kd,8.0,76.02,0.1,74.26,0.813003129196167,73.78,0.7680009923934936,,,,,,-0.480000000000004,-0.0450021368026734,61-80
MWM_AccDiff,44,72,7,kd,5.0,75.68,0.1,73.54,0.7592903823852539,75.38,0.7198838836669922,,,,,,1.8399999999999892,-0.03940649871826174,61-80
MWM_AccDiff,44,72,6,kd,9.0,75.28,0.1,73.96,0.7661115133285522,75.3,0.7022822357177735,,,,,,1.3400000000000034,-0.06382927761077872,61-80
MWM_AccDiff,44,73,9,ce,,,0.1,75.28,0.7121486217498779,73.04,0.8141242357254028,8.0,76.02,76.02,73.88,0.7860762964248658,-2.239999999999995,0.1019756139755249,61-80
MWM_AccDiff,44,73,6,kd,4.0,75.36,0.1,75.3,0.7022822357177735,75.56,0.7549928206443787,,,,,,0.2600000000000051,0.052710584926605186,61-80
MWM_AccDiff,44,73,1,kd,7.0,75.38,0.1,75.26,0.7441888798713684,74.72,0.7684142251968383,,,,,,-0.5400000000000063,0.024225345325469938,61-80
MWM_AccDiff,44,73,3,kd,5.0,75.68,0.1,73.78,0.7680009923934936,74.74,0.7416147720336914,,,,,,0.9599999999999937,-0.026386220359802204,61-80
MWM_AccDiff,44,73,2,kd,8.0,76.02,0.1,66.96,0.9577130590438843,73.88,0.7753450744628906,,,,,,6.920000000000002,-0.18236798458099368,61-80
MWM_AccDiff,44,74,4,ce,,,0.1,75.36,0.7625663371086121,74.98,0.7408862091064453,8.0,76.02,76.02,74.62,0.7592429983139038,-0.37999999999999545,-0.021680128002166787,61-80
MWM_AccDiff,44,74,3,kd,7.0,75.38,0.1,74.74,0.7416147720336914,74.84,0.7324942018508911,,,,,,0.10000000000000853,-0.009120570182800325,61-80
MWM_AccDiff,44,74,9,kd,5.0,75.68,0.1,73.04,0.8141242357254028,75.56,0.7269368007659912,,,,,,2.519999999999996,-0.08718743495941161,61-80
MWM_AccDiff,44,74,1,kd,6.0,75.56,0.1,74.72,0.7684142251968383,71.54,0.9372760437011719,,,,,,-3.1799999999999926,0.16886181850433357,61-80
MWM_AccDiff,44,74,2,kd,8.0,76.02,0.1,73.88,0.7753450744628906,74.46,0.7466830844879151,,,,,,0.5799999999999983,-0.028661989974975488,61-80
MWM_AccDiff,44,75,7,ce,,,0.1,75.38,0.7198838836669922,70.86,0.9200698888778687,8.0,76.02,76.02,73.08,0.8095442008972168,-4.519999999999996,0.20018600521087648,61-80
MWM_AccDiff,44,75,4,kd,6.0,75.56,0.1,74.98,0.7408862091064453,74.42,0.8040884536743164,,,,,,-0.5600000000000023,0.06320224456787105,61-80
MWM_AccDiff,44,75,1,kd,8.0,76.02,0.1,71.54,0.9372760437011719,74.3,0.7748200973510743,,,,,,2.759999999999991,-0.16245594635009764,61-80
MWM_AccDiff,44,75,3,kd,9.0,75.56,0.1,74.84,0.7324942018508911,73.48,0.7959294555664063,,,,,,-1.3599999999999994,0.06343525371551517,61-80
MWM_AccDiff,44,75,2,kd,5.0,75.68,0.1,74.46,0.7466830844879151,74.28,0.745991286277771,,,,,,-0.1799999999999926,-0.00069179821014409,61-80
MWM_AccDiff,44,76,3,kd,8.0,76.02,0.1,73.48,0.7959294555664063,73.84,0.7807360933303833,,,,,,0.35999999999999943,-0.015193362236022967,61-80
MWM_AccDiff,44,76,4,ce,,,0.1,74.42,0.8040884536743164,76.34,0.6922341756820679,8.0,76.02,76.02,75.04,0.7331849130630493,1.9200000000000017,-0.11185427799224845,61-80
MWM_AccDiff,44,76,2,kd,9.0,75.56,0.1,74.28,0.745991286277771,74.6,0.7518684976577759,,,,,,0.3199999999999932,0.005877211380004854,61-80
MWM_AccDiff,44,76,1,kd,6.0,75.56,0.1,74.3,0.7748200973510743,72.48,0.8818315078735351,,,,,,-1.8199999999999932,0.10701141052246088,61-80
MWM_AccDiff,44,76,7,kd,5.0,75.68,0.1,70.86,0.9200698888778687,74.06,0.7817660995483399,,,,,,3.200000000000003,-0.1383037893295288,61-80
MWM_AccDiff,44,77,1,kd,8.0,76.02,0.1,72.48,0.8818315078735351,74.52,0.7643542720794678,,,,,,2.039999999999992,-0.11747723579406733,61-80
MWM_AccDiff,44,77,6,ce,,,0.1,75.56,0.7549928206443787,74.26,0.7661645144462585,4.0,76.34,76.34,74.32,0.7482440835952758,-1.2999999999999972,0.011171693801879878,61-80
MWM_AccDiff,44,77,2,kd,9.0,75.56,0.1,74.6,0.7518684976577759,74.18,0.7660847354888916,,,,,,-0.4199999999999875,0.014216237831115697,61-80
MWM_AccDiff,44,77,7,kd,4.0,76.34,0.1,74.06,0.7817660995483399,73.44,0.7787383771896362,,,,,,-0.6200000000000045,-0.003027722358703633,61-80
MWM_AccDiff,44,77,3,kd,5.0,75.68,0.1,73.84,0.7807360933303833,75.26,0.7209268102645874,,,,,,1.4200000000000017,-0.059809283065795915,61-80
MWM_AccDiff,44,78,1,kd,5.0,75.68,0.1,74.52,0.7643542720794678,73.78,0.7711595951080322,,,,,,-0.7399999999999949,0.006805323028564403,61-80
MWM_AccDiff,44,78,3,ce,,,0.1,75.26,0.7209268102645874,68.64,0.9554968121528625,4.0,76.34,76.34,73.16,0.7903986331939697,-6.6200000000000045,0.23457000188827515,61-80
MWM_AccDiff,44,78,6,kd,4.0,76.34,0.1,74.26,0.7661645144462585,74.62,0.7505046316146851,,,,,,0.35999999999999943,-0.01565988283157349,61-80
MWM_AccDiff,44,78,7,kd,9.0,75.56,0.1,73.44,0.7787383771896362,73.8,0.781264009475708,,,,,,0.35999999999999943,0.0025256322860717217,61-80
MWM_AccDiff,44,78,2,kd,8.0,76.02,0.1,74.18,0.7660847354888916,73.78,0.7585754028320313,,,,,,-0.4000000000000057,-0.007509332656860268,61-80
MWM_AccDiff,44,79,1,kd,5.0,75.68,0.1,73.78,0.7711595951080322,74.78,0.7444039121627808,,,,,,1.0,-0.026755682945251436,61-80
MWM_AccDiff,44,79,7,kd,8.0,76.02,0.1,73.8,0.781264009475708,74.26,0.7627231599807739,,,,,,0.46000000000000796,-0.018540849494934064,61-80
MWM_AccDiff,44,79,2,kd,4.0,76.34,0.1,73.78,0.7585754028320313,72.74,0.8068934183120727,,,,,,-1.0400000000000063,0.04831801548004144,61-80
MWM_AccDiff,44,79,6,ce,,,0.1,74.62,0.7505046316146851,76.26,0.6913865451812744,4.0,76.34,76.34,75.34,0.7119782939910889,1.6400000000000006,-0.059118086433410655,61-80
MWM_AccDiff,44,79,3,kd,9.0,75.56,0.1,68.64,0.9554968121528625,73.98,0.7709584598541259,,,,,,5.340000000000003,-0.1845383522987366,61-80
MWM_AccDiff,44,80,2,kd,4.0,76.34,0.1,72.74,0.8068934183120727,73.78,0.780988339805603,,,,,,1.0400000000000063,-0.025905078506469725,61-80
MWM_AccDiff,44,80,1,kd,5.0,75.68,0.1,74.78,0.7444039121627808,73.88,0.7808660467147828,,,,,,-0.9000000000000057,0.03646213455200198,61-80
MWM_AccDiff,44,80,9,ce,,,0.1,75.56,0.7269368007659912,75.24,0.7362705562591553,4.0,76.34,76.34,75.74,0.711080199432373,-0.3200000000000074,0.009333755493164064,61-80
MWM_AccDiff,44,80,3,kd,6.0,76.26,0.1,73.98,0.7709584598541259,72.02,0.8320368005752563,,,,,,-1.960000000000008,0.061078340721130386,61-80
MWM_AccDiff,44,80,7,kd,8.0,76.02,0.1,74.26,0.7627231599807739,75.48,0.726121636390686,,,,,,1.2199999999999989,-0.03660152359008784,61-80
MWM_AccDiff,44,81,2,kd,4.0,76.34,0.1,73.78,0.780988339805603,74.18,0.7648189596176147,,,,,,0.4000000000000057,-0.016169380187988303,81-100
MWM_AccDiff,44,81,1,kd,5.0,75.68,0.1,73.88,0.7808660467147828,72.94,0.8082490158081055,,,,,,-0.9399999999999977,0.027382969093322718,81-100
MWM_AccDiff,44,81,7,kd,8.0,76.02,0.1,75.48,0.726121636390686,74.88,0.7549467649459839,,,,,,-0.6000000000000085,0.02882512855529784,81-100
MWM_AccDiff,44,81,9,ce,,,0.1,75.24,0.7362705562591553,74.52,0.7675938924789428,4.0,76.34,76.34,74.84,0.7371599381446838,-0.7199999999999989,0.031323336219787556,81-100
MWM_AccDiff,44,81,3,kd,6.0,76.26,0.1,72.02,0.8320368005752563,72.74,0.8193515893936157,,,,,,0.7199999999999989,-0.012685211181640565,81-100
MWM_AccDiff,44,82,7,ce,,,0.1,74.88,0.7549467649459839,69.42,0.9428837503433227,4.0,76.34,76.34,72.16,0.8315883293151856,-5.459999999999994,0.18793698539733883,81-100
MWM_AccDiff,44,82,1,kd,4.0,76.34,0.1,72.94,0.8082490158081055,74.64,0.7694211061477662,,,,,,1.7000000000000028,-0.03882790966033933,81-100
MWM_AccDiff,44,82,9,kd,5.0,75.68,0.1,74.52,0.7675938924789428,75.88,0.7171019798278808,,,,,,1.3599999999999994,-0.05049191265106201,81-100
MWM_AccDiff,44,82,3,kd,6.0,76.26,0.1,72.74,0.8193515893936157,75.7,0.7166349351882935,,,,,,2.960000000000008,-0.10271665420532228,81-100
MWM_AccDiff,44,82,2,kd,8.0,76.02,0.1,74.18,0.7648189596176147,74.16,0.8022325166702271,,,,,,-0.020000000000010232,0.0374135570526124,81-100
MWM_AccDiff,44,83,2,kd,4.0,76.34,0.1,74.16,0.8022325166702271,73.74,0.7661799465179443,,,,,,-0.4200000000000017,-0.036052570152282803,81-100
MWM_AccDiff,44,83,3,kd,8.0,76.02,0.1,75.7,0.7166349351882935,74.12,0.7597688074111939,,,,,,-1.5799999999999983,0.04313387222290044,81-100
MWM_AccDiff,44,83,7,kd,6.0,76.26,0.1,69.42,0.9428837503433227,75.7,0.7023908987045288,,,,,,6.280000000000001,-0.24049285163879397,81-100
MWM_AccDiff,44,83,5,ce,,,0.1,75.68,0.7138756689071655,73.56,0.7788418685913086,4.0,76.34,76.34,74.64,0.7437181066513061,-2.1200000000000045,0.06496619968414308,81-100
MWM_AccDiff,44,83,1,kd,9.0,75.88,0.1,74.64,0.7694211061477662,74.7,0.7496315454483032,,,,,,0.060000000000002274,-0.019789560699462916,81-100
MWM_AccDiff,44,84,7,ce,,,0.1,75.7,0.7023908987045288,76.8,0.6850848976135254,4.0,76.34,76.34,74.9,0.7514480625152588,1.0999999999999943,-0.01730600109100333,81-100
MWM_AccDiff,44,84,2,kd,4.0,76.34,0.1,73.74,0.7661799465179443,74.38,0.7546646102905273,,,,,,0.6400000000000006,-0.011515336227416961,81-100
MWM_AccDiff,44,84,3,kd,8.0,76.02,0.1,74.12,0.7597688074111939,74.64,0.7579600723266602,,,,,,0.519999999999996,-0.0018087350845337191,81-100
MWM_AccDiff,44,84,5,kd,6.0,76.26,0.1,73.56,0.7788418685913086,75.7,0.7019608585357666,,,,,,2.1400000000000006,-0.07688101005554193,81-100
MWM_AccDiff,44,84,1,kd,9.0,75.88,0.1,74.7,0.7496315454483032,73.82,0.7826897075653076,,,,,,-0.8800000000000097,0.03305816211700441,81-100
MWM_AccDiff,44,85,9,kd,4.0,76.34,0.1,75.88,0.7171019798278808,75.16,0.7180743120193481,,,,,,-0.7199999999999989,0.0009723321914673067,81-100
MWM_AccDiff,44,85,1,kd,8.0,76.02,0.1,73.82,0.7826897075653076,73.94,0.7773053434371948,,,,,,0.12000000000000455,-0.0053843641281128285,81-100
MWM_AccDiff,44,85,3,kd,7.0,76.8,0.1,74.64,0.7579600723266602,75.0,0.7270589508056641,,,,,,0.35999999999999943,-0.03090112152099611,81-100
MWM_AccDiff,44,85,2,kd,6.0,76.26,0.1,74.38,0.7546646102905273,74.18,0.7803204843521118,,,,,,-0.19999999999998863,0.025655874061584427,81-100
MWM_AccDiff,44,85,5,ce,,,0.1,75.7,0.7019608585357666,75.1,0.7441602428436279,7.0,76.8,76.8,76.64,0.6933797680854797,-0.6000000000000085,0.0421993843078613,81-100
MWM_AccDiff,44,86,2,kd,4.0,76.34,0.1,74.18,0.7803204843521118,73.08,0.7942572937011719,,,,,,-1.1000000000000085,0.013936809349060164,81-100
MWM_AccDiff,44,86,1,kd,8.0,76.02,0.1,73.94,0.7773053434371948,74.26,0.7622757995605469,,,,,,0.3200000000000074,-0.0150295438766479,81-100
MWM_AccDiff,44,86,9,kd,7.0,76.8,0.1,75.16,0.7180743120193481,75.8,0.7284064756393432,,,,,,0.6400000000000006,0.010332163619995116,81-100
MWM_AccDiff,44,86,5,ce,,,0.1,75.1,0.7441602428436279,77.02,0.6904768058776856,7.0,76.8,76.8,75.7,0.7301718711853027,1.9200000000000017,-0.053683436965942355,81-100
MWM_AccDiff,44,86,3,kd,6.0,76.26,0.1,75.0,0.7270589508056641,74.96,0.7251104984283447,,,,,,-0.04000000000000625,-0.0019484523773193319,81-100
MWM_AccDiff,44,87,3,kd,4.0,76.34,0.1,74.96,0.7251104984283447,74.52,0.7580975637435913,,,,,,-0.4399999999999977,0.03298706531524653,81-100
MWM_AccDiff,44,87,2,kd,7.0,76.8,0.1,73.08,0.7942572937011719,74.92,0.7717015545845032,,,,,,1.8400000000000034,-0.02255573911666875,81-100
MWM_AccDiff,44,87,1,kd,5.0,77.02,0.1,74.26,0.7622757995605469,73.04,0.8111809717178344,,,,,,-1.2199999999999989,0.04890517215728751,81-100
MWM_AccDiff,44,87,9,kd,6.0,76.26,0.1,75.8,0.7284064756393432,75.04,0.726568106842041,,,,,,-0.7599999999999909,-0.0018383687973022589,81-100
MWM_AccDiff,44,87,8,ce,,,0.1,76.02,0.7219788400650025,73.18,0.7708437700271606,5.0,77.02,77.02,74.5,0.7790772174835205,-2.839999999999989,0.04886492996215819,81-100
MWM_AccDiff,44,88,8,kd,7.0,76.8,0.1,73.18,0.7708437700271606,75.64,0.7025576354980468,,,,,,2.4599999999999937,-0.0682861345291138,81-100
MWM_AccDiff,44,88,9,ce,,,0.1,75.04,0.726568106842041,72.66,0.8283305503845215,5.0,77.02,77.02,75.24,0.7465848728179931,-2.3800000000000097,0.10176244354248054,81-100
MWM_AccDiff,44,88,1,kd,4.0,76.34,0.1,73.04,0.8111809717178344,73.72,0.7890811047554016,,,,,,0.6799999999999926,-0.022099866962432824,81-100
MWM_AccDiff,44,88,3,kd,6.0,76.26,0.1,74.52,0.7580975637435913,71.56,0.8567485637664795,,,,,,-2.9599999999999937,0.09865100002288818,81-100
MWM_AccDiff,44,88,2,kd,5.0,77.02,0.1,74.92,0.7717015545845032,73.96,0.8119462173461914,,,,,,-0.960000000000008,0.040244662761688255,81-100
MWM_AccDiff,44,89,1,kd,4.0,76.34,0.1,73.72,0.7890811047554016,74.78,0.7385493169784546,,,,,,1.0600000000000023,-0.050531787776947,81-100
MWM_AccDiff,44,89,2,kd,6.0,76.26,0.1,73.96,0.8119462173461914,74.72,0.7438459215164185,,,,,,0.7600000000000051,-0.06810029582977295,81-100
MWM_AccDiff,44,89,8,ce,,,0.1,75.64,0.7025576354980468,76.02,0.6864760095596314,5.0,77.02,77.02,75.2,0.7566967056274414,0.37999999999999545,-0.016081625938415445,81-100
MWM_AccDiff,44,89,9,kd,7.0,76.8,0.1,72.66,0.8283305503845215,76.84,0.6850353477478027,,,,,,4.180000000000007,-0.1432952026367188,81-100
MWM_AccDiff,44,89,3,kd,5.0,77.02,0.1,71.56,0.8567485637664795,73.6,0.8306802299499512,,,,,,2.039999999999992,-0.02606833381652829,81-100
MWM_AccDiff,44,90,3,kd,7.0,76.8,0.1,73.6,0.8306802299499512,73.12,0.8071584733963013,,,,,,-0.47999999999998977,-0.023521756553649853,81-100
MWM_AccDiff,44,90,6,kd,9.0,76.84,0.1,76.26,0.6913865451812744,77.12,0.6877909776687622,,,,,,0.8599999999999994,-0.003595567512512221,81-100
MWM_AccDiff,44,90,1,kd,4.0,76.34,0.1,74.78,0.7385493169784546,73.82,0.7673543678283692,,,,,,-0.960000000000008,0.028805050849914582,81-100
MWM_AccDiff,44,90,8,ce,,,0.1,76.02,0.6864760095596314,76.5,0.6856524027824402,5.0,77.02,77.02,73.54,0.8568533920288086,0.480000000000004,-0.000823606777191177,81-100
MWM_AccDiff,44,90,2,kd,5.0,77.02,0.1,74.72,0.7438459215164185,74.52,0.7706787261962891,,,,,,-0.20000000000000284,0.026832804679870592,81-100
MWM_AccDiff,44,91,2,kd,9.0,76.84,0.1,74.52,0.7706787261962891,75.74,0.7210359058380127,,,,,,1.2199999999999989,-0.049642820358276385,81-100
MWM_AccDiff,44,91,1,kd,6.0,77.12,0.1,73.82,0.7673543678283692,76.7,0.7036406639099121,,,,,,2.8800000000000097,-0.0637137039184571,81-100
MWM_AccDiff,44,91,8,ce,,,0.1,76.5,0.6856524027824402,75.78,0.7215467027664184,6.0,77.12,77.12,76.6,0.713484713935852,-0.7199999999999989,0.035894299983978195,81-100
MWM_AccDiff,44,91,4,kd,7.0,76.8,0.1,76.34,0.6922341756820679,76.32,0.7161418455123901,,,,,,-0.020000000000010232,0.02390766983032222,81-100
MWM_AccDiff,44,91,3,kd,5.0,77.02,0.1,73.12,0.8071584733963013,74.8,0.7990023494720458,,,,,,1.6799999999999926,-0.008156123924255465,81-100
MWM_AccDiff,44,92,1,ce,,,0.1,76.7,0.7036406639099121,73.48,0.7756621376037598,6.0,77.12,77.12,75.68,0.7559350536346435,-3.219999999999999,0.0720214736938477,81-100
MWM_AccDiff,44,92,8,kd,6.0,77.12,0.1,75.78,0.7215467027664184,76.16,0.7114106041908265,,,,,,0.37999999999999545,-0.010136098575591945,81-100
MWM_AccDiff,44,92,3,kd,9.0,76.84,0.1,74.8,0.7990023494720458,74.82,0.767492163848877,,,,,,0.01999999999999602,-0.031510185623168874,81-100
MWM_AccDiff,44,92,2,kd,5.0,77.02,0.1,75.74,0.7210359058380127,74.82,0.7664316392898559,,,,,,-0.9200000000000017,0.04539573345184322,81-100
MWM_AccDiff,44,92,4,kd,7.0,76.8,0.1,76.32,0.7161418455123901,76.5,0.6991210935592651,,,,,,0.18000000000000682,-0.017020751953125024,81-100
MWM_AccDiff,44,93,2,kd,6.0,77.12,0.1,74.82,0.7664316392898559,74.7,0.7790053609848022,,,,,,-0.11999999999999034,0.012573721694946305,81-100
MWM_AccDiff,44,93,4,ce,,,0.1,76.5,0.6991210935592651,76.3,0.7089355842590332,6.0,77.12,77.12,76.7,0.7114396017074585,-0.20000000000000284,0.009814490699768141,81-100
MWM_AccDiff,44,93,1,kd,5.0,77.02,0.1,73.48,0.7756621376037598,75.52,0.7316641069412232,,,,,,2.039999999999992,-0.0439980306625366,81-100
MWM_AccDiff,44,93,8,kd,7.0,76.8,0.1,76.16,0.7114106041908265,76.54,0.7103464495658874,,,,,,0.38000000000000966,-0.0010641546249390288,81-100
MWM_AccDiff,44,93,3,kd,9.0,76.84,0.1,74.82,0.767492163848877,75.58,0.7230401045799255,,,,,,0.7600000000000051,-0.04445205926895146,81-100
MWM_AccDiff,44,94,1,kd,5.0,77.02,0.1,75.52,0.7316641069412232,76.18,0.7197271228790283,,,,,,0.6600000000000108,-0.0119369840621949,81-100
MWM_AccDiff,44,94,2,kd,9.0,76.84,0.1,74.7,0.7790053609848022,74.32,0.7849149032592774,,,,,,-0.38000000000000966,0.005909542274475155,81-100
MWM_AccDiff,44,94,8,ce,,,0.1,76.54,0.7103464495658874,76.22,0.7043918621063232,6.0,77.12,77.12,76.78,0.6957842980384826,-0.3200000000000074,-0.005954587459564231,81-100
MWM_AccDiff,44,94,3,kd,6.0,77.12,0.1,75.58,0.7230401045799255,74.6,0.7587331529617309,,,,,,-0.980000000000004,0.035693048381805426,81-100
MWM_AccDiff,44,94,4,kd,7.0,76.8,0.1,76.3,0.7089355842590332,77.76,0.6599524597167968,,,,,,1.460000000000008,-0.04898312454223641,81-100
MWM_AccDiff,44,95,7,ce,,,0.1,76.8,0.6850848976135254,77.68,0.6661290924072265,4.0,77.76,77.76,75.68,0.7194089270591736,0.8800000000000097,-0.018955805206298915,81-100
MWM_AccDiff,44,95,2,kd,4.0,77.76,0.1,74.32,0.7849149032592774,76.82,0.6911288328170776,,,,,,2.5,-0.09378607044219978,81-100
MWM_AccDiff,44,95,1,kd,5.0,77.02,0.1,76.18,0.7197271228790283,74.86,0.765726836013794,,,,,,-1.3200000000000074,0.045999713134765696,81-100
MWM_AccDiff,44,95,8,kd,9.0,76.84,0.1,76.22,0.7043918621063232,76.48,0.6888737537384033,,,,,,0.2600000000000051,-0.015518108367919892,81-100
MWM_AccDiff,44,95,3,kd,6.0,77.12,0.1,74.6,0.7587331529617309,75.98,0.74482080078125,,,,,,1.3800000000000097,-0.013912352180480925,81-100
MWM_AccDiff,44,96,1,kd,5.0,77.02,0.1,74.86,0.765726836013794,75.1,0.7696896764755249,,,,,,0.23999999999999488,0.003962840461730899,81-100
MWM_AccDiff,44,96,3,kd,7.0,77.68,0.1,75.98,0.74482080078125,74.24,0.7652409200668335,,,,,,-1.740000000000009,0.020420119285583516,81-100
MWM_AccDiff,44,96,2,kd,4.0,77.76,0.1,76.82,0.6911288328170776,74.78,0.7433966592788697,,,,,,-2.039999999999992,0.052267826461792066,81-100
MWM_AccDiff,44,96,8,ce,,,0.1,76.48,0.6888737537384033,75.94,0.6923678480148315,4.0,77.76,77.76,76.1,0.7059820119857788,-0.5400000000000063,0.003494094276428217,81-100
MWM_AccDiff,44,96,9,kd,6.0,77.12,0.1,76.84,0.6850353477478027,75.8,0.7413206782341003,,,,,,-1.0400000000000063,0.05628533048629758,81-100
MWM_AccDiff,44,97,2,kd,4.0,77.76,0.1,74.78,0.7433966592788697,75.12,0.7225612314224243,,,,,,0.3400000000000034,-0.02083542785644532,81-100
MWM_AccDiff,44,97,3,kd,7.0,77.68,0.1,74.24,0.7652409200668335,75.82,0.7129892986297608,,,,,,1.5799999999999983,-0.05225162143707274,81-100
MWM_AccDiff,44,97,9,kd,5.0,77.02,0.1,75.8,0.7413206782341003,75.62,0.7360302198410034,,,,,,-0.1799999999999926,-0.005290458393096942,81-100
MWM_AccDiff,44,97,1,kd,6.0,77.12,0.1,75.1,0.7696896764755249,76.54,0.7209292937278747,,,,,,1.440000000000012,-0.048760382747650155,81-100
MWM_AccDiff,44,97,8,ce,,,0.1,75.94,0.6923678480148315,77.04,0.6667619077682495,4.0,77.76,77.76,75.84,0.7105584573745728,1.1000000000000085,-0.025605940246582026,81-100
MWM_AccDiff,44,98,2,kd,4.0,77.76,0.1,75.12,0.7225612314224243,75.94,0.7277526566505432,,,,,,0.8199999999999932,0.005191425228118884,81-100
MWM_AccDiff,44,98,1,kd,8.0,77.04,0.1,76.54,0.7209292937278747,74.96,0.7732995365142822,,,,,,-1.5800000000000125,0.05237024278640745,81-100
MWM_AccDiff,44,98,5,ce,,,0.1,77.02,0.6904768058776856,77.1,0.6649673231124877,4.0,77.76,77.76,77.16,0.6890226877212524,0.0799999999999983,-0.025509482765197822,81-100
MWM_AccDiff,44,98,3,kd,6.0,77.12,0.1,75.82,0.7129892986297608,74.86,0.7513297811508178,,,,,,-0.9599999999999937,0.03834048252105704,81-100
MWM_AccDiff,44,98,9,kd,7.0,77.68,0.1,75.62,0.7360302198410034,74.38,0.7935969989776611,,,,,,-1.240000000000009,0.05756677913665775,81-100
MWM_AccDiff,44,99,3,kd,4.0,77.76,0.1,74.86,0.7513297811508178,76.12,0.7062764391899109,,,,,,1.2600000000000051,-0.045053341960906934,81-100
MWM_AccDiff,44,99,1,kd,6.0,77.12,0.1,74.96,0.7732995365142822,76.16,0.7184191159248352,,,,,,1.2000000000000028,-0.05488042058944698,81-100
MWM_AccDiff,44,99,8,ce,,,0.1,77.04,0.6667619077682495,78.26,0.6271762550354004,4.0,77.76,77.76,76.8,0.6891666702270508,1.2199999999999989,-0.039585652732849086,81-100
MWM_AccDiff,44,99,2,kd,5.0,77.1,0.1,75.94,0.7277526566505432,74.56,0.7788817604064942,,,,,,-1.3799999999999955,0.05112910375595092,81-100
MWM_AccDiff,44,99,9,kd,7.0,77.68,0.1,74.38,0.7935969989776611,76.66,0.6786071847915649,,,,,,2.280000000000001,-0.11498981418609622,81-100
MWM_AccDiff,44,100,3,kd,7.0,77.68,0.1,76.12,0.7062764391899109,76.26,0.7037304668426514,,,,,,0.14000000000000057,-0.0025459723472595064,81-100
MWM_AccDiff,44,100,9,ce,,,0.1,76.66,0.6786071847915649,74.5,0.7416323233604432,8.0,78.26,78.26,74.88,0.8046667301177979,-2.1599999999999966,0.06302513856887826,81-100
MWM_AccDiff,44,100,5,kd,4.0,77.76,0.1,77.1,0.6649673231124877,76.7,0.6989314341545105,,,,,,-0.3999999999999915,0.03396411104202279,81-100
MWM_AccDiff,44,100,1,kd,6.0,77.12,0.1,76.16,0.7184191159248352,74.78,0.7678238132476807,,,,,,-1.3799999999999955,0.04940469732284547,81-100
MWM_AccDiff,44,100,2,kd,8.0,78.26,0.1,74.56,0.7788817604064942,75.7,0.7588613132476807,,,,,,1.1400000000000006,-0.02002044715881346,81-100
MWM_AccDiff,44,101,2,kd,7.0,77.68,0.1,75.7,0.7588613132476807,75.92,0.7162527076721191,,,,,,0.21999999999999886,-0.042608605575561564,101-120
MWM_AccDiff,44,101,3,ce,,,0.1,76.26,0.7037304668426514,74.82,0.7298848051071167,8.0,78.26,78.26,75.4,0.7610944385528564,-1.440000000000012,0.026154338264465338,101-120
MWM_AccDiff,44,101,1,kd,6.0,77.12,0.1,74.78,0.7678238132476807,76.12,0.7368070575714112,,,,,,1.3400000000000034,-0.031016755676269492,101-120
MWM_AccDiff,44,101,5,kd,8.0,78.26,0.1,76.7,0.6989314341545105,74.76,0.7705962715148926,,,,,,-1.9399999999999977,0.0716648373603821,101-120
MWM_AccDiff,44,101,9,kd,4.0,77.76,0.1,74.5,0.7416323233604432,76.64,0.6976441889762879,,,,,,2.1400000000000006,-0.043988134384155275,101-120
MWM_AccDiff,44,102,3,kd,8.0,78.26,0.1,74.82,0.7298848051071167,76.24,0.7371065805435181,,,,,,1.4200000000000017,0.007221775436401345,101-120
MWM_AccDiff,44,102,2,kd,7.0,77.68,0.1,75.92,0.7162527076721191,75.4,0.7237973390579223,,,,,,-0.519999999999996,0.007544631385803191,101-120
MWM_AccDiff,44,102,5,kd,4.0,77.76,0.1,74.76,0.7705962715148926,77.5,0.6664911568641663,,,,,,2.739999999999995,-0.10410511465072636,101-120
MWM_AccDiff,44,102,9,ce,,,0.1,76.64,0.6976441889762879,74.04,0.7622254190444946,8.0,78.26,78.26,76.6,0.6977902717590332,-2.5999999999999943,0.06458123006820671,101-120
MWM_AccDiff,44,102,1,kd,6.0,77.12,0.1,76.12,0.7368070575714112,75.46,0.7512726903915405,,,,,,-0.6600000000000108,0.01446563282012936,101-120
MWM_AccDiff,44,103,1,kd,4.0,77.76,0.1,75.46,0.7512726903915405,76.12,0.7092663204193115,,,,,,0.6600000000000108,-0.04200636997222906,101-120
MWM_AccDiff,44,103,6,ce,,,0.1,77.12,0.6877909776687622,74.84,0.7371726284027099,8.0,78.26,78.26,75.8,0.7588637815475464,-2.280000000000001,0.049381650733947735,101-120
MWM_AccDiff,44,103,9,kd,7.0,77.68,0.1,74.04,0.7622254190444946,77.46,0.6949599187850952,,,,,,3.4199999999999875,-0.06726550025939937,101-120
MWM_AccDiff,44,103,3,kd,5.0,77.5,0.1,76.24,0.7371065805435181,76.76,0.7118305018424987,,,,,,0.5200000000000102,-0.025276078701019333,101-120
MWM_AccDiff,44,103,2,kd,8.0,78.26,0.1,75.4,0.7237973390579223,76.66,0.7272716691970825,,,,,,1.259999999999991,0.003474330139160209,101-120
MWM_AccDiff,44,104,2,kd,7.0,77.68,0.1,76.66,0.7272716691970825,75.24,0.7393799865722657,,,,,,-1.4200000000000017,0.012108317375183142,101-120
MWM_AccDiff,44,104,1,kd,8.0,78.26,0.1,76.12,0.7092663204193115,75.86,0.737481717300415,,,,,,-0.2600000000000051,0.028215396881103527,101-120
MWM_AccDiff,44,104,9,ce,,,0.1,77.46,0.6949599187850952,76.26,0.6837375040054321,8.0,78.26,78.26,75.36,0.7413466184616089,-1.1999999999999886,-0.011222414779663126,101-120
MWM_AccDiff,44,104,6,kd,4.0,77.76,0.1,74.84,0.7371726284027099,75.8,0.7162685037612915,,,,,,0.9599999999999937,-0.020904124641418442,101-120
MWM_AccDiff,44,104,3,kd,5.0,77.5,0.1,76.76,0.7118305018424987,77.26,0.6966340373039246,,,,,,0.5,-0.01519646453857415,101-120
MWM_AccDiff,44,105,3,ce,,,0.1,77.26,0.6966340373039246,73.06,0.7984727489471436,8.0,78.26,78.26,75.98,0.7566712556838989,-4.200000000000003,0.101838711643219,101-120
MWM_AccDiff,44,105,1,kd,4.0,77.76,0.1,75.86,0.737481717300415,76.12,0.7017413932800293,,,,,,0.2600000000000051,-0.03574032402038574,101-120
MWM_AccDiff,44,105,6,kd,7.0,77.68,0.1,75.8,0.7162685037612915,77.12,0.6823724327087403,,,,,,1.3200000000000074,-0.03389607105255121,101-120
MWM_AccDiff,44,105,9,kd,5.0,77.5,0.1,76.26,0.6837375040054321,77.4,0.6750470144271851,,,,,,1.1400000000000006,-0.00869048957824703,101-120
MWM_AccDiff,44,105,2,kd,8.0,78.26,0.1,75.24,0.7393799865722657,77.12,0.6772330104827881,,,,,,1.8800000000000097,-0.06214697608947761,101-120
MWM_AccDiff,44,106,3,kd,4.0,77.76,0.1,73.06,0.7984727489471436,77.3,0.67794771194458,,,,,,4.239999999999995,-0.12052503700256356,101-120
MWM_AccDiff,44,106,9,ce,,,0.1,77.4,0.6750470144271851,75.1,0.718895775604248,8.0,78.26,78.26,77.12,0.7145714204788208,-2.3000000000000114,0.043848761177062934,101-120
MWM_AccDiff,44,106,1,kd,7.0,77.68,0.1,76.12,0.7017413932800293,75.72,0.7328803045272827,,,,,,-0.4000000000000057,0.03113891124725343,101-120
MWM_AccDiff,44,106,6,kd,8.0,78.26,0.1,77.12,0.6823724327087403,76.0,0.7241064262390137,,,,,,-1.1200000000000045,0.041733993530273406,101-120
MWM_AccDiff,44,106,2,kd,5.0,77.5,0.1,77.12,0.6772330104827881,76.7,0.7168387384414673,,,,,,-0.4200000000000017,0.03960572795867923,101-120
MWM_AccDiff,44,107,3,ce,,,0.1,77.3,0.67794771194458,74.32,0.7641769435882568,8.0,78.26,78.26,76.24,0.7096267414093017,-2.980000000000004,0.0862292316436768,101-120
MWM_AccDiff,44,107,1,kd,4.0,77.76,0.1,75.72,0.7328803045272827,76.02,0.7187886817932129,,,,,,0.29999999999999716,-0.01409162273406983,101-120
MWM_AccDiff,44,107,6,kd,8.0,78.26,0.1,76.0,0.7241064262390137,74.52,0.8036653730392456,,,,,,-1.480000000000004,0.0795589468002319,101-120
MWM_AccDiff,44,107,2,kd,5.0,77.5,0.1,76.7,0.7168387384414673,76.26,0.7313986474037171,,,,,,-0.4399999999999977,0.01455990896224979,101-120
MWM_AccDiff,44,107,9,kd,7.0,77.68,0.1,75.1,0.718895775604248,77.76,0.646806223487854,,,,,,2.660000000000011,-0.072089552116394,101-120
MWM_AccDiff,44,108,3,kd,8.0,78.26,0.1,74.32,0.7641769435882568,76.26,0.7219757759094239,,,,,,1.940000000000012,-0.042201167678832974,101-120
MWM_AccDiff,44,108,2,kd,7.0,77.68,0.1,76.26,0.7313986474037171,76.22,0.6947458349227905,,,,,,-0.04000000000000625,-0.036652812480926555,101-120
MWM_AccDiff,44,108,1,kd,4.0,77.76,0.1,76.02,0.7187886817932129,76.2,0.7029535859107972,,,,,,0.18000000000000682,-0.015835095882415717,101-120
MWM_AccDiff,44,108,5,ce,,,0.1,77.5,0.6664911568641663,73.62,0.8135372066497802,8.0,78.26,78.26,77.16,0.7187111886978149,-3.8799999999999955,0.14704604978561397,101-120
MWM_AccDiff,44,108,6,kd,9.0,77.76,0.1,74.52,0.8036653730392456,76.9,0.6903541070938111,,,,,,2.3800000000000097,-0.1133112659454345,101-120
MWM_AccDiff,44,109,3,kd,7.0,77.68,0.1,76.26,0.7219757759094239,77.66,0.6592765548706054,,,,,,1.3999999999999915,-0.06269922103881842,101-120
MWM_AccDiff,44,109,1,kd,4.0,77.76,0.1,76.2,0.7029535859107972,76.98,0.6942052698135376,,,,,,0.7800000000000011,-0.008748316097259567,101-120
MWM_AccDiff,44,109,6,ce,,,0.1,76.9,0.6903541070938111,77.14,0.6913621015548707,8.0,78.26,78.26,77.52,0.6834906671524048,0.23999999999999488,0.0010079944610595915,101-120
MWM_AccDiff,44,109,5,kd,9.0,77.76,0.1,73.62,0.8135372066497802,76.72,0.6961932344436645,,,,,,3.0999999999999943,-0.1173439722061157,101-120
MWM_AccDiff,44,109,2,kd,8.0,78.26,0.1,76.22,0.6947458349227905,74.26,0.7916626976013184,,,,,,-1.9599999999999937,0.09691686267852784,101-120
MWM_AccDiff,44,110,3,ce,,,0.1,77.66,0.6592765548706054,76.1,0.6982994245529175,8.0,78.26,78.26,77.0,0.6955426347732544,-1.5600000000000023,0.039022869682312056,101-120
MWM_AccDiff,44,110,1,kd,4.0,77.76,0.1,76.98,0.6942052698135376,76.22,0.7143380601882935,,,,,,-0.7600000000000051,0.020132790374755904,101-120
MWM_AccDiff,44,110,6,kd,7.0,77.68,0.1,77.14,0.6913621015548707,77.16,0.6781638536453247,,,,,,0.01999999999999602,-0.013198247909545935,101-120
MWM_AccDiff,44,110,5,kd,9.0,77.76,0.1,76.72,0.6961932344436645,77.12,0.687166314125061,,,,,,0.4000000000000057,-0.009026920318603526,101-120
MWM_AccDiff,44,110,2,kd,8.0,78.26,0.1,74.26,0.7916626976013184,76.56,0.7086511735916138,,,,,,2.299999999999997,-0.08301152400970457,101-120
MWM_AccDiff,44,111,6,kd,4.0,77.76,0.1,77.16,0.6781638536453247,77.46,0.662927370929718,,,,,,0.29999999999999716,-0.015236482715606736,101-120
MWM_AccDiff,44,111,1,kd,7.0,77.68,0.1,76.22,0.7143380601882935,76.2,0.6999136283874512,,,,,,-0.01999999999999602,-0.014424431800842297,101-120
MWM_AccDiff,44,111,3,kd,9.0,77.76,0.1,76.1,0.6982994245529175,77.52,0.6693362310409546,,,,,,1.4200000000000017,-0.02896319351196286,101-120
MWM_AccDiff,44,111,5,ce,,,0.1,77.12,0.687166314125061,77.8,0.6449505582809448,8.0,78.26,78.26,76.48,0.7135951247215271,0.6799999999999926,-0.04221575584411619,101-120
MWM_AccDiff,44,111,2,kd,8.0,78.26,0.1,76.56,0.7086511735916138,76.8,0.6903186971664429,,,,,,0.23999999999999488,-0.018332476425170885,101-120
MWM_AccDiff,44,112,7,ce,,,0.1,77.68,0.6661290924072265,78.04,0.6436118139266968,8.0,78.26,78.26,75.46,0.7760460987091065,0.35999999999999943,-0.022517278480529757,101-120
MWM_AccDiff,44,112,3,kd,4.0,77.76,0.1,77.52,0.6693362310409546,77.74,0.6584574060440064,,,,,,0.21999999999999886,-0.010878824996948255,101-120
MWM_AccDiff,44,112,1,kd,8.0,78.26,0.1,76.2,0.6999136283874512,76.32,0.7260201560974121,,,,,,0.11999999999999034,0.026106527709960914,101-120
MWM_AccDiff,44,112,2,kd,5.0,77.8,0.1,76.8,0.6903186971664429,75.76,0.7472367502212525,,,,,,-1.039999999999992,0.05691805305480957,101-120
MWM_AccDiff,44,112,6,kd,9.0,77.76,0.1,77.46,0.662927370929718,77.56,0.6637329557418823,,,,,,0.10000000000000853,0.0008055848121643061,101-120
MWM_AccDiff,44,113,2,kd,7.0,78.04,0.1,75.76,0.7472367502212525,76.86,0.6692833204269409,,,,,,1.0999999999999943,-0.07795342979431152,101-120
MWM_AccDiff,44,113,1,kd,4.0,77.76,0.1,76.32,0.7260201560974121,75.62,0.704634156703949,,,,,,-0.6999999999999886,-0.021385999393463084,101-120
MWM_AccDiff,44,113,6,ce,,,0.1,77.56,0.6637329557418823,73.88,0.7691321486473084,8.0,78.26,78.26,76.92,0.6852991250991821,-3.680000000000007,0.1053991929054261,101-120
MWM_AccDiff,44,113,3,kd,8.0,78.26,0.1,77.74,0.6584574060440064,74.76,0.7965845907211304,,,,,,-2.9799999999999898,0.13812718467712404,101-120
MWM_AccDiff,44,113,9,kd,5.0,77.8,0.1,77.76,0.646806223487854,77.28,0.668249179649353,,,,,,-0.480000000000004,0.02144295616149905,101-120
MWM_AccDiff,44,114,3,kd,8.0,78.26,0.1,74.76,0.7965845907211304,76.94,0.7252849132537842,,,,,,2.1799999999999926,-0.07129967746734622,101-120
MWM_AccDiff,44,114,2,kd,4.0,77.76,0.1,76.86,0.6692833204269409,76.68,0.6860195720672607,,,,,,-0.1799999999999926,0.016736251640319777,101-120
MWM_AccDiff,44,114,1,kd,5.0,77.8,0.1,75.62,0.704634156703949,75.8,0.7261182063102722,,,,,,0.1799999999999926,0.02148404960632322,101-120
MWM_AccDiff,44,114,9,ce,,,0.1,77.28,0.668249179649353,77.12,0.6914475455284118,8.0,78.26,78.26,77.66,0.6849793308258056,-0.1599999999999966,0.02319836587905877,101-120
MWM_AccDiff,44,114,6,kd,7.0,78.04,0.1,73.88,0.7691321486473084,77.26,0.6488175296783447,,,,,,3.3800000000000097,-0.12031461896896367,101-120
MWM_AccDiff,44,115,3,kd,4.0,77.76,0.1,76.94,0.7252849132537842,76.56,0.7016933090209961,,,,,,-0.37999999999999545,-0.023591604232788055,101-120
MWM_AccDiff,44,115,2,kd,7.0,78.04,0.1,76.68,0.6860195720672607,76.5,0.6887909275054932,,,,,,-0.18000000000000682,0.002771355438232481,101-120
MWM_AccDiff,44,115,1,kd,5.0,77.8,0.1,75.8,0.7261182063102722,76.94,0.6980407447814941,,,,,,1.1400000000000006,-0.028077461528778103,101-120
MWM_AccDiff,44,115,6,ce,,,0.1,77.26,0.6488175296783447,75.42,0.7323880014419556,8.0,78.26,78.26,77.1,0.6916940132141113,-1.8400000000000034,0.08357047176361088,101-120
MWM_AccDiff,44,115,9,kd,8.0,78.26,0.1,77.12,0.6914475455284118,77.52,0.6712654611587524,,,,,,0.3999999999999915,-0.020182084369659403,101-120
MWM_AccDiff,44,116,2,kd,7.0,78.04,0.1,76.5,0.6887909275054932,76.2,0.7029315093994141,,,,,,-0.29999999999999716,0.014140581893920867,101-120
MWM_AccDiff,44,116,6,kd,5.0,77.8,0.1,75.42,0.7323880014419556,76.48,0.6815746918678284,,,,,,1.0600000000000023,-0.05081330957412722,101-120
MWM_AccDiff,44,116,9,ce,,,0.1,77.52,0.6712654611587524,77.42,0.6674409278869629,8.0,78.26,78.26,78.12,0.6898287672042847,-0.09999999999999432,-0.003824533271789554,101-120
MWM_AccDiff,44,116,1,kd,4.0,77.76,0.1,76.94,0.6980407447814941,75.96,0.6941557778358459,,,,,,-0.980000000000004,-0.003884966945648216,101-120
MWM_AccDiff,44,116,3,kd,8.0,78.26,0.1,76.56,0.7016933090209961,77.14,0.7072505262374877,,,,,,0.5799999999999983,0.005557217216491606,101-120
MWM_AccDiff,44,117,3,kd,4.0,77.76,0.1,77.14,0.7072505262374877,76.48,0.6942247409820557,,,,,,-0.6599999999999966,-0.013025785255432076,101-120
MWM_AccDiff,44,117,6,kd,5.0,77.8,0.1,76.48,0.6815746918678284,77.68,0.6732329164505005,,,,,,1.2000000000000028,-0.008341775417327835,101-120
MWM_AccDiff,44,117,2,kd,7.0,78.04,0.1,76.2,0.7029315093994141,74.9,0.7574015739440918,,,,,,-1.2999999999999972,0.05447006454467773,101-120
MWM_AccDiff,44,117,1,kd,8.0,78.26,0.1,75.96,0.6941557778358459,76.46,0.7114481105804443,,,,,,0.5,0.017292332744598404,101-120
MWM_AccDiff,44,117,9,ce,,,0.1,77.42,0.6674409278869629,76.38,0.7055746063232422,8.0,78.26,78.26,78.28,0.6564828991889954,-1.0400000000000063,0.03813367843627935,101-120
MWM_AccDiff,44,118,2,kd,8.0,78.26,0.1,74.9,0.7574015739440918,76.24,0.7323213623046875,,,,,,1.3399999999999892,-0.025080211639404326,101-120
MWM_AccDiff,44,118,1,kd,5.0,77.8,0.1,76.46,0.7114481105804443,76.92,0.6941632208824158,,,,,,0.46000000000000796,-0.01728488969802855,101-120
MWM_AccDiff,44,118,6,ce,,,0.1,77.68,0.6732329164505005,75.1,0.72785309009552,8.0,78.26,78.26,77.76,0.6955052047729492,-2.5800000000000125,0.054620173645019476,101-120
MWM_AccDiff,44,118,3,kd,7.0,78.04,0.1,76.48,0.6942247409820557,76.52,0.679446982383728,,,,,,0.03999999999999204,-0.01477775859832764,101-120
MWM_AccDiff,44,118,9,kd,4.0,77.76,0.1,76.38,0.7055746063232422,78.04,0.6550964395523071,,,,,,1.6600000000000108,-0.050478166770935085,101-120
MWM_AccDiff,44,119,4,ce,,,0.1,77.76,0.6599524597167968,76.64,0.6860299167633057,8.0,78.26,78.26,77.28,0.6864284879684448,-1.1200000000000045,0.02607745704650888,101-120
MWM_AccDiff,44,119,1,kd,5.0,77.8,0.1,76.92,0.6941632208824158,76.5,0.7139329099655152,,,,,,-0.4200000000000017,0.019769689083099395,101-120
MWM_AccDiff,44,119,3,kd,7.0,78.04,0.1,76.52,0.679446982383728,77.16,0.6704928855895996,,,,,,0.6400000000000006,-0.008954096794128397,101-120
MWM_AccDiff,44,119,6,kd,9.0,78.04,0.1,75.1,0.72785309009552,77.48,0.6696444796562195,,,,,,2.3800000000000097,-0.05820861043930048,101-120
MWM_AccDiff,44,119,2,kd,8.0,78.26,0.1,76.24,0.7323213623046875,74.8,0.7768042184829712,,,,,,-1.4399999999999977,0.044482856178283736,101-120
MWM_AccDiff,44,120,4,kd,8.0,78.26,0.1,76.64,0.6860299167633057,76.72,0.7395643507003784,,,,,,0.0799999999999983,0.05353443393707269,101-120
MWM_AccDiff,44,120,6,ce,,,0.1,77.48,0.6696444796562195,76.46,0.7046128555297851,8.0,78.26,78.26,79.04,0.652731734085083,-1.0200000000000102,0.034968375873565605,101-120
MWM_AccDiff,44,120,2,kd,9.0,78.04,0.1,74.8,0.7768042184829712,76.28,0.711559769821167,,,,,,1.480000000000004,-0.06524444866180423,101-120
MWM_AccDiff,44,120,1,kd,7.0,78.04,0.1,76.5,0.7139329099655152,77.34,0.676010435295105,,,,,,0.8400000000000034,-0.03792247467041021,101-120
MWM_AccDiff,44,120,3,kd,5.0,77.8,0.1,77.16,0.6704928855895996,76.56,0.7010783849716187,,,,,,-0.5999999999999943,0.030585499382019044,101-120
MWM_AccDiff,44,121,1,ce,,,0.1,77.34,0.676010435295105,74.2,0.776675601387024,8.0,78.26,78.26,76.66,0.7381226904869079,-3.1400000000000006,0.100665166091919,121-140
MWM_AccDiff,44,121,2,kd,7.0,78.04,0.1,76.28,0.711559769821167,77.24,0.6683378898620606,,,,,,0.9599999999999937,-0.043221879959106424,121-140
MWM_AccDiff,44,121,3,kd,8.0,78.26,0.1,76.56,0.7010783849716187,75.46,0.7631847217559814,,,,,,-1.1000000000000085,0.062106336784362726,121-140
MWM_AccDiff,44,121,4,kd,5.0,77.8,0.1,76.72,0.7395643507003784,77.16,0.6658705225944519,,,,,,0.4399999999999977,-0.0736938281059265,121-140
MWM_AccDiff,44,121,6,kd,9.0,78.04,0.1,76.46,0.7046128555297851,77.36,0.6689986448287963,,,,,,0.9000000000000057,-0.0356142107009888,121-140
MWM_AccDiff,44,122,1,kd,5.0,77.8,0.1,74.2,0.776675601387024,76.94,0.6688278210639954,,,,,,2.739999999999995,-0.10784778032302855,121-140
MWM_AccDiff,44,122,2,ce,,,0.1,77.24,0.6683378898620606,76.2,0.7137321807861328,8.0,78.26,78.26,76.7,0.7146360790252686,-1.039999999999992,0.04539429092407221,121-140
MWM_AccDiff,44,122,3,kd,9.0,78.04,0.1,75.46,0.7631847217559814,77.22,0.6914874517440796,,,,,,1.7600000000000051,-0.07169727001190185,121-140
MWM_AccDiff,44,122,6,kd,8.0,78.26,0.1,77.36,0.6689986448287963,77.84,0.6887203184127808,,,,,,0.480000000000004,0.019721673583984467,121-140
MWM_AccDiff,44,122,4,kd,7.0,78.04,0.1,77.16,0.6658705225944519,77.3,0.6787540475845337,,,,,,0.14000000000000057,0.01288352499008183,121-140
MWM_AccDiff,44,123,3,kd,7.0,78.04,0.1,77.22,0.6914874517440796,77.62,0.6668259668350219,,,,,,0.4000000000000057,-0.024661484909057618,121-140
MWM_AccDiff,44,123,1,kd,8.0,78.26,0.1,76.94,0.6688278210639954,76.92,0.7017055335998535,,,,,,-0.01999999999999602,0.03287771253585814,121-140
MWM_AccDiff,44,123,4,kd,6.0,77.84,0.1,77.3,0.6787540475845337,76.12,0.7351984312057495,,,,,,-1.1799999999999926,0.05644438362121573,121-140
MWM_AccDiff,44,123,2,kd,9.0,78.04,0.1,76.2,0.7137321807861328,76.68,0.6927896720886231,,,,,,0.480000000000004,-0.020942508697509687,121-140
MWM_AccDiff,44,123,5,ce,,,0.1,77.8,0.6449505582809448,77.54,0.665448353099823,8.0,78.26,78.26,76.66,0.7086871877670288,-0.2599999999999909,0.020497794818878146,121-140
MWM_AccDiff,44,124,4,kd,9.0,78.04,0.1,76.12,0.7351984312057495,76.88,0.6854992065429687,,,,,,0.7599999999999909,-0.04969922466278076,121-140
MWM_AccDiff,44,124,3,kd,7.0,78.04,0.1,77.62,0.6668259668350219,77.36,0.6569656036376953,,,,,,-0.2600000000000051,-0.009860363197326638,121-140
MWM_AccDiff,44,124,5,ce,,,0.1,77.54,0.665448353099823,77.18,0.6663426782608032,8.0,78.26,78.26,78.04,0.67009612865448,-0.35999999999999943,0.0008943251609802028,121-140
MWM_AccDiff,44,124,1,kd,6.0,77.84,0.1,76.92,0.7017055335998535,76.42,0.7460175685882569,,,,,,-0.5,0.044312034988403304,121-140
MWM_AccDiff,44,124,2,kd,8.0,78.26,0.1,76.68,0.6927896720886231,76.82,0.6813473443984985,,,,,,0.13999999999998636,-0.011442327690124543,121-140
MWM_AccDiff,44,125,4,kd,8.0,78.26,0.1,76.88,0.6854992065429687,76.46,0.707196799659729,,,,,,-0.4200000000000017,0.02169759311676034,121-140
MWM_AccDiff,44,125,3,kd,7.0,78.04,0.1,77.36,0.6569656036376953,76.48,0.6899116489410401,,,,,,-0.8799999999999955,0.03294604530334477,121-140
MWM_AccDiff,44,125,2,kd,9.0,78.04,0.1,76.82,0.6813473443984985,77.32,0.6907802102088928,,,,,,0.5,0.009432865810394264,121-140
MWM_AccDiff,44,125,5,ce,,,0.1,77.18,0.6663426782608032,76.54,0.7220861885070801,8.0,78.26,78.26,78.96,0.6231741386413574,-0.6400000000000006,0.055743510246276884,121-140
MWM_AccDiff,44,125,1,kd,6.0,77.84,0.1,76.42,0.7460175685882569,76.6,0.7304342988967896,,,,,,0.1799999999999926,-0.015583269691467283,121-140
MWM_AccDiff,44,126,4,kd,9.0,78.04,0.1,76.46,0.707196799659729,76.78,0.7021702960968017,,,,,,0.3200000000000074,-0.005026503562927331,121-140
MWM_AccDiff,44,126,3,kd,7.0,78.04,0.1,76.48,0.6899116489410401,76.12,0.6908034120559693,,,,,,-0.35999999999999943,0.0008917631149292227,121-140
MWM_AccDiff,44,126,2,ce,,,0.1,77.32,0.6907802102088928,78.2,0.6602122130393981,8.0,78.26,78.26,76.28,0.7227399669647216,0.8800000000000097,-0.030567997169494654,121-140
MWM_AccDiff,44,126,1,kd,6.0,77.84,0.1,76.6,0.7304342988967896,77.02,0.7159564136505127,,,,,,0.4200000000000017,-0.014477885246276911,121-140
MWM_AccDiff,44,126,5,kd,8.0,78.26,0.1,76.54,0.7220861885070801,78.58,0.6544264011383056,,,,,,2.039999999999992,-0.06765978736877443,121-140
MWM_AccDiff,44,127,7,ce,,,0.1,78.04,0.6436118139266968,77.1,0.677030058670044,5.0,78.58,78.58,74.94,0.7732235534667968,-0.9400000000000119,0.0334182447433472,121-140
MWM_AccDiff,44,127,1,kd,8.0,78.26,0.1,77.02,0.7159564136505127,76.3,0.7233825813293457,,,,,,-0.7199999999999989,0.007426167678833084,121-140
MWM_AccDiff,44,127,4,kd,2.0,78.2,0.1,76.78,0.7021702960968017,77.54,0.675946914100647,,,,,,0.7600000000000051,-0.026223381996154704,121-140
MWM_AccDiff,44,127,6,kd,9.0,78.04,0.1,77.84,0.6887203184127808,77.5,0.6633905220031738,,,,,,-0.3400000000000034,-0.025329796409606975,121-140
MWM_AccDiff,44,127,3,kd,5.0,78.58,0.1,76.12,0.6908034120559693,75.46,0.7453126165390015,,,,,,-0.6600000000000108,0.0545092044830322,121-140
MWM_AccDiff,44,128,3,kd,8.0,78.26,0.1,75.46,0.7453126165390015,75.36,0.769065403175354,,,,,,-0.09999999999999432,0.023752786636352496,121-140
MWM_AccDiff,44,128,4,kd,5.0,78.58,0.1,77.54,0.675946914100647,77.3,0.6874039733886719,,,,,,-0.2400000000000091,0.011457059288024873,121-140
MWM_AccDiff,44,128,6,ce,,,0.1,77.5,0.6633905220031738,76.48,0.686275873374939,5.0,78.58,78.58,76.5,0.6990314832687378,-1.019999999999996,0.022885351371765172,121-140
MWM_AccDiff,44,128,7,kd,2.0,78.2,0.1,77.1,0.677030058670044,77.8,0.6643994424819947,,,,,,0.7000000000000028,-0.012630616188049282,121-140
MWM_AccDiff,44,128,1,kd,9.0,78.04,0.1,76.3,0.7233825813293457,77.5,0.6607339301109314,,,,,,1.2000000000000028,-0.06264865121841434,121-140
MWM_AccDiff,44,129,7,ce,,,0.1,77.8,0.6643994424819947,76.22,0.6754213655471801,5.0,78.58,78.58,75.42,0.7388206190109253,-1.5799999999999983,0.011021923065185457,121-140
MWM_AccDiff,44,129,6,kd,8.0,78.26,0.1,76.48,0.686275873374939,79.06,0.6495782522201539,,,,,,2.5799999999999983,-0.03669762115478514,121-140
MWM_AccDiff,44,129,4,kd,2.0,78.2,0.1,77.3,0.6874039733886719,77.52,0.6696555318832398,,,,,,0.21999999999999886,-0.01774844150543209,121-140
MWM_AccDiff,44,129,1,kd,9.0,78.04,0.1,77.5,0.6607339301109314,77.5,0.683005997467041,,,,,,0.0,0.02227206735610965,121-140
MWM_AccDiff,44,129,3,kd,5.0,78.58,0.1,75.36,0.769065403175354,76.46,0.7047404939651489,,,,,,1.0999999999999943,-0.06432490921020506,121-140
MWM_AccDiff,44,130,1,kd,8.0,78.26,0.1,77.5,0.683005997467041,76.28,0.7355394477844238,,,,,,-1.2199999999999989,0.05253345031738277,121-140
MWM_AccDiff,44,130,9,ce,,,0.1,78.04,0.6550964395523071,76.86,0.7162767143249512,6.0,79.06,79.06,77.74,0.6903728639602661,-1.1800000000000068,0.061180274772644094,121-140
MWM_AccDiff,44,130,4,kd,2.0,78.2,0.1,77.52,0.6696555318832398,77.16,0.68448410987854,,,,,,-0.35999999999999943,0.01482857799530024,121-140
MWM_AccDiff,44,130,3,kd,6.0,79.06,0.1,76.46,0.7047404939651489,76.3,0.7432807809829712,,,,,,-0.1599999999999966,0.038540287017822306,121-140
MWM_AccDiff,44,130,7,kd,5.0,78.58,0.1,76.22,0.6754213655471801,76.98,0.6956183881759643,,,,,,0.7600000000000051,0.0201970226287842,121-140
MWM_AccDiff,44,131,4,ce,,,0.1,77.16,0.68448410987854,74.44,0.7428853202819824,6.0,79.06,79.06,75.0,0.7780682874679565,-2.719999999999999,0.05840121040344237,121-140
MWM_AccDiff,44,131,1,kd,8.0,78.26,0.1,76.28,0.7355394477844238,75.88,0.7515836646080017,,,,,,-0.4000000000000057,0.016044216823577928,121-140
MWM_AccDiff,44,131,9,kd,2.0,78.2,0.1,76.86,0.7162767143249512,78.2,0.6568966733932495,,,,,,1.3400000000000034,-0.05938004093170168,121-140
MWM_AccDiff,44,131,7,kd,6.0,79.06,0.1,76.98,0.6956183881759643,77.28,0.6826457145690918,,,,,,0.29999999999999716,-0.012972673606872487,121-140
MWM_AccDiff,44,131,3,kd,5.0,78.58,0.1,76.3,0.7432807809829712,77.22,0.696720272064209,,,,,,0.9200000000000017,-0.04656050891876229,121-140
MWM_AccDiff,44,132,1,kd,8.0,78.26,0.1,75.88,0.7515836646080017,75.22,0.7962726181030273,,,,,,-0.6599999999999966,0.04468895349502555,121-140
MWM_AccDiff,44,132,7,kd,6.0,79.06,0.1,77.28,0.6826457145690918,77.44,0.7021204099655152,,,,,,0.1599999999999966,0.019474695396423325,121-140
MWM_AccDiff,44,132,4,kd,5.0,78.58,0.1,74.44,0.7428853202819824,76.2,0.6972131246566773,,,,,,1.7600000000000051,-0.04567219562530511,121-140
MWM_AccDiff,44,132,2,ce,,,0.1,78.2,0.6602122130393981,75.7,0.7184501861572266,6.0,79.06,79.06,77.64,0.6926987032890319,-2.5,0.05823797311782841,121-140
MWM_AccDiff,44,132,3,kd,9.0,78.2,0.1,77.22,0.696720272064209,76.86,0.7005791408538818,,,,,,-0.35999999999999943,0.003858868789672898,121-140
MWM_AccDiff,44,133,7,ce,,,0.1,77.44,0.7021204099655152,74.5,0.7406754161834717,6.0,79.06,79.06,78.58,0.6665147928237916,-2.9399999999999977,0.03855500621795649,121-140
MWM_AccDiff,44,133,3,kd,9.0,78.2,0.1,76.86,0.7005791408538818,76.64,0.6970504034042359,,,,,,-0.21999999999999886,-0.003528737449645991,121-140
MWM_AccDiff,44,133,4,kd,8.0,78.26,0.1,76.2,0.6972131246566773,75.06,0.7845984804153442,,,,,,-1.1400000000000006,0.0873853557586669,121-140
MWM_AccDiff,44,133,1,kd,6.0,79.06,0.1,75.22,0.7962726181030273,77.0,0.7341603773117066,,,,,,1.7800000000000011,-0.062112240791320716,121-140
MWM_AccDiff,44,133,2,kd,5.0,78.58,0.1,75.7,0.7184501861572266,78.0,0.6699038995742798,,,,,,2.299999999999997,-0.048546286582946796,121-140
MWM_AccDiff,44,134,3,kd,8.0,78.26,0.1,76.64,0.6970504034042359,76.58,0.7114170274734497,,,,,,-0.060000000000002274,0.014366624069213851,121-140
MWM_AccDiff,44,134,4,kd,6.0,79.06,0.1,75.06,0.7845984804153442,75.94,0.7582897563934327,,,,,,0.8799999999999955,-0.026308724021911534,121-140
MWM_AccDiff,44,134,2,ce,,,0.1,78.0,0.6699038995742798,77.2,0.6606234943389893,6.0,79.06,79.06,77.6,0.6836047554016114,-0.7999999999999972,-0.009280405235290501,121-140
MWM_AccDiff,44,134,7,kd,5.0,78.58,0.1,74.5,0.7406754161834717,76.32,0.7282429397583008,,,,,,1.8199999999999932,-0.012432476425170869,121-140
MWM_AccDiff,44,134,1,kd,9.0,78.2,0.1,77.0,0.7341603773117066,77.66,0.6802238008499145,,,,,,0.6599999999999966,-0.05393657646179206,121-140
MWM_AccDiff,44,135,1,ce,,,0.1,77.66,0.6802238008499145,75.54,0.7139115554809571,6.0,79.06,79.06,75.5,0.7717952211380005,-2.1199999999999903,0.033687754631042566,121-140
MWM_AccDiff,44,135,4,kd,6.0,79.06,0.1,75.94,0.7582897563934327,76.82,0.7072347646713257,,,,,,0.8799999999999955,-0.051054991722106924,121-140
MWM_AccDiff,44,135,2,kd,9.0,78.2,0.1,77.2,0.6606234943389893,78.08,0.6670514114379883,,,,,,0.8799999999999955,0.006427917098999036,121-140
MWM_AccDiff,44,135,7,kd,8.0,78.26,0.1,76.32,0.7282429397583008,77.98,0.6729538162231445,,,,,,1.6600000000000108,-0.05528912353515625,121-140
MWM_AccDiff,44,135,3,kd,5.0,78.58,0.1,76.58,0.7114170274734497,76.46,0.709979705619812,,,,,,-0.12000000000000455,-0.001437321853637652,121-140
MWM_AccDiff,44,136,3,kd,8.0,78.26,0.1,76.46,0.709979705619812,76.86,0.6981328470230103,,,,,,0.4000000000000057,-0.01184685859680179,121-140
MWM_AccDiff,44,136,1,kd,5.0,78.58,0.1,75.54,0.7139115554809571,77.34,0.6841375624656677,,,,,,1.7999999999999972,-0.02977399301528938,121-140
MWM_AccDiff,44,136,4,kd,6.0,79.06,0.1,76.82,0.7072347646713257,76.56,0.7097999340057373,,,,,,-0.2599999999999909,0.0025651693344115323,121-140
MWM_AccDiff,44,136,7,kd,9.0,78.2,0.1,77.98,0.6729538162231445,77.48,0.6776188928604125,,,,,,-0.5,0.004665076637268006,121-140
MWM_AccDiff,44,136,2,ce,,,0.1,78.08,0.6670514114379883,77.16,0.706107929611206,6.0,79.06,79.06,77.56,0.6783153043746948,-0.9200000000000017,0.03905651817321776,121-140
MWM_AccDiff,44,137,7,ce,,,0.1,77.48,0.6776188928604125,76.04,0.7189364582061768,6.0,79.06,79.06,77.92,0.6681287174224854,-1.4399999999999977,0.04131756534576425,121-140
MWM_AccDiff,44,137,4,kd,9.0,78.2,0.1,76.56,0.7097999340057373,77.3,0.6877082151412964,,,,,,0.7399999999999949,-0.022091718864440835,121-140
MWM_AccDiff,44,137,1,kd,8.0,78.26,0.1,77.34,0.6841375624656677,78.04,0.6606717615127563,,,,,,0.7000000000000028,-0.023465800952911398,121-140
MWM_AccDiff,44,137,3,kd,6.0,79.06,0.1,76.86,0.6981328470230103,76.92,0.7310100852966308,,,,,,0.060000000000002274,0.032877238273620546,121-140
MWM_AccDiff,44,137,2,kd,5.0,78.58,0.1,77.16,0.706107929611206,78.1,0.6658412702560425,,,,,,0.9399999999999977,-0.0402666593551636,121-140
MWM_AccDiff,44,138,4,kd,6.0,79.06,0.1,77.3,0.6877082151412964,77.94,0.6697759931564331,,,,,,0.6400000000000006,-0.017932221984863328,121-140
MWM_AccDiff,44,138,2,ce,,,0.1,78.1,0.6658412702560425,78.04,0.6372677707672119,6.0,79.06,79.06,78.44,0.6844765573501587,-0.05999999999998806,-0.02857349948883059,121-140
MWM_AccDiff,44,138,7,kd,8.0,78.26,0.1,76.04,0.7189364582061768,76.7,0.6986315700531006,,,,,,0.6599999999999966,-0.020304888153076184,121-140
MWM_AccDiff,44,138,1,kd,9.0,78.2,0.010000000000000002,78.04,0.6606717615127563,78.16,0.6659330127716064,,,,,,0.11999999999999034,0.00526125125885013,121-140
MWM_AccDiff,44,138,3,kd,5.0,78.58,0.1,76.92,0.7310100852966308,76.54,0.7138010383605957,,,,,,-0.37999999999999545,-0.01720904693603509,121-140
MWM_AccDiff,44,139,1,ce,,,0.010000000000000002,78.16,0.6659330127716064,82.58,0.4966122338294983,6.0,79.06,79.06,78.72,0.6469264694213868,4.420000000000002,-0.16932077894210812,121-140
MWM_AccDiff,44,139,4,kd,9.0,78.2,0.1,77.94,0.6697759931564331,77.2,0.705462380027771,,,,,,-0.7399999999999949,0.03568638687133785,121-140
MWM_AccDiff,44,139,3,kd,6.0,79.06,0.1,76.54,0.7138010383605957,75.68,0.7471628143310547,,,,,,-0.8599999999999994,0.03336177597045897,121-140
MWM_AccDiff,44,139,7,kd,5.0,78.58,0.1,76.7,0.6986315700531006,78.02,0.6672605604171753,,,,,,1.3199999999999932,-0.03137100963592532,121-140
MWM_AccDiff,44,139,2,kd,8.0,78.26,0.1,78.04,0.6372677707672119,78.52,0.6219795434951783,,,,,,0.47999999999998977,-0.015288227272033605,121-140
MWM_AccDiff,44,140,4,ce,,,0.1,77.2,0.705462380027771,73.7,0.7823787113189697,1.0,82.58,82.58,79.52,0.580497025680542,-3.5,0.07691633129119879,121-140
MWM_AccDiff,44,140,7,kd,1.0,82.58,0.1,78.02,0.6672605604171753,81.74,0.522350246143341,,,,,,3.719999999999999,-0.14491031427383427,121-140
MWM_AccDiff,44,140,8,kd,2.0,78.52,0.1,78.26,0.6271762550354004,76.9,0.7079846498489379,,,,,,-1.3599999999999994,0.08080839481353752,121-140
MWM_AccDiff,44,140,9,kd,6.0,79.06,0.1,78.2,0.6568966733932495,78.04,0.6588855646133422,,,,,,-0.1599999999999966,0.0019888912200927145,121-140
MWM_AccDiff,44,140,3,kd,5.0,78.58,0.1,75.68,0.7471628143310547,75.22,0.7399605304718018,,,,,,-0.46000000000000796,-0.007202283859252923,121-140
MWM_AccDiff,44,141,9,kd,1.0,82.58,0.1,78.04,0.6588855646133422,81.26,0.5414517515182495,,,,,,3.219999999999999,-0.11743381309509271,141-160
MWM_AccDiff,44,141,3,kd,6.0,79.06,0.1,75.22,0.7399605304718018,75.74,0.7960667419433594,,,,,,0.519999999999996,0.05610621147155759,141-160
MWM_AccDiff,44,141,8,ce,,,0.1,76.9,0.7079846498489379,76.96,0.6709185773849488,1.0,82.58,82.58,81.56,0.539486947441101,0.05999999999998806,-0.037066072463989186,141-160
MWM_AccDiff,44,141,2,kd,5.0,78.58,0.1,78.52,0.6219795434951783,77.94,0.667270301437378,,,,,,-0.5799999999999983,0.04529075794219972,141-160
MWM_AccDiff,44,141,4,kd,7.0,81.74,0.1,73.7,0.7823787113189697,80.28,0.5877090537071228,,,,,,6.579999999999998,-0.19466965761184696,141-160
MWM_AccDiff,44,142,2,kd,4.0,80.28,0.1,77.94,0.667270301437378,78.44,0.6520683721542359,,,,,,0.5,-0.015201929283142124,141-160
MWM_AccDiff,44,142,3,kd,1.0,82.58,0.1,75.74,0.7960667419433594,80.16,0.5747724036216736,,,,,,4.420000000000002,-0.22129433832168577,141-160
MWM_AccDiff,44,142,8,kd,7.0,81.74,0.1,76.96,0.6709185773849488,81.06,0.5596276002883911,,,,,,4.1000000000000085,-0.11129097709655766,141-160
MWM_AccDiff,44,142,6,kd,9.0,81.26,0.1,79.06,0.6495782522201539,80.06,0.599239266204834,,,,,,1.0,-0.05033898601531983,141-160
MWM_AccDiff,44,142,5,ce,,,0.1,78.58,0.6544264011383056,79.02,0.6479917003631592,1.0,82.58,82.58,81.44,0.5354425716400146,0.4399999999999977,-0.006434700775146407,141-160
MWM_AccDiff,44,143,2,kd,8.0,81.06,0.1,78.44,0.6520683721542359,80.26,0.6072849921226502,,,,,,1.8200000000000074,-0.04478338003158566,141-160
MWM_AccDiff,44,143,5,kd,7.0,81.74,0.1,79.02,0.6479917003631592,80.76,0.5594240109443664,,,,,,1.740000000000009,-0.08856768941879278,141-160
MWM_AccDiff,44,143,6,ce,,,0.1,80.06,0.599239266204834,78.34,0.6228883655548095,1.0,82.58,82.58,81.72,0.5243324157714844,-1.7199999999999989,0.0236490993499755,141-160
MWM_AccDiff,44,143,3,kd,1.0,82.58,0.1,80.16,0.5747724036216736,80.4,0.5862977598190308,,,,,,0.2400000000000091,0.011525356197357173,141-160
MWM_AccDiff,44,143,4,kd,9.0,81.26,0.1,80.28,0.5877090537071228,79.16,0.6316786257743835,,,,,,-1.1200000000000045,0.04396957206726071,141-160
MWM_AccDiff,44,144,3,kd,8.0,81.06,0.1,80.4,0.5862977598190308,80.02,0.620146242237091,,,,,,-0.38000000000000966,0.033848482418060266,141-160
MWM_AccDiff,44,144,4,kd,1.0,82.58,0.1,79.16,0.6316786257743835,81.76,0.5247057047843933,,,,,,2.6000000000000085,-0.10697292098999023,141-160
MWM_AccDiff,44,144,6,kd,7.0,81.74,0.1,78.34,0.6228883655548095,81.92,0.5329689731597901,,,,,,3.5799999999999983,-0.08991939239501945,141-160
MWM_AccDiff,44,144,2,kd,9.0,81.26,0.1,80.26,0.6072849921226502,80.04,0.5905719758987427,,,,,,-0.21999999999999886,-0.01671301622390753,141-160
MWM_AccDiff,44,144,5,ce,,,0.1,80.76,0.5594240109443664,78.44,0.6541902070999146,1.0,82.58,82.58,82.16,0.5202907876968383,-2.3200000000000074,0.09476619615554815,141-160
MWM_AccDiff,44,145,8,kd,7.0,81.74,0.1,81.06,0.5596276002883911,80.86,0.5570114900588989,,,,,,-0.20000000000000284,-0.0026161102294921523,141-160
MWM_AccDiff,44,145,5,kd,4.0,81.76,0.1,78.44,0.6541902070999146,80.88,0.5424774950027466,,,,,,2.4399999999999977,-0.11171271209716804,141-160
MWM_AccDiff,44,145,9,ce,,,0.1,81.26,0.5414517515182495,76.8,0.666196828174591,1.0,82.58,82.58,81.36,0.556014914894104,-4.460000000000008,0.12474507665634149,141-160
MWM_AccDiff,44,145,2,kd,6.0,81.92,0.1,80.04,0.5905719758987427,79.48,0.6061688908576965,,,,,,-0.5600000000000023,0.015596914958953878,141-160
MWM_AccDiff,44,145,3,kd,1.0,82.58,0.1,80.02,0.620146242237091,81.06,0.5464646543502808,,,,,,1.0400000000000063,-0.07368158788681023,141-160
MWM_AccDiff,44,146,2,kd,4.0,81.76,0.010000000000000002,79.48,0.6061688908576965,81.92,0.5304303428649902,,,,,,2.4399999999999977,-0.0757385479927063,141-160
MWM_AccDiff,44,146,5,kd,1.0,82.58,0.1,80.88,0.5424774950027466,81.94,0.5276669984817505,,,,,,1.0600000000000023,-0.014810496520996086,141-160
MWM_AccDiff,44,146,8,kd,7.0,81.74,0.1,80.86,0.5570114900588989,80.38,0.588152975654602,,,,,,-0.480000000000004,0.031141485595703067,141-160
MWM_AccDiff,44,146,9,kd,6.0,81.92,0.1,76.8,0.666196828174591,80.7,0.5799640878677368,,,,,,3.9000000000000057,-0.08623274030685424,141-160
MWM_AccDiff,44,146,3,ce,,,0.1,81.06,0.5464646543502808,71.0,0.8522928043365479,1.0,82.58,82.58,80.52,0.5740010059356689,-10.060000000000002,0.30582814998626706,141-160
MWM_AccDiff,44,147,4,ce,,,0.1,81.76,0.5247057047843933,75.8,0.7181215251922607,1.0,82.58,82.58,81.42,0.5525179836273193,-5.960000000000008,0.19341582040786742,141-160
MWM_AccDiff,44,147,7,kd,2.0,81.92,0.1,81.74,0.522350246143341,80.68,0.5660203862190246,,,,,,-1.059999999999988,0.043670140075683594,141-160
MWM_AccDiff,44,147,8,kd,6.0,81.92,0.1,80.38,0.588152975654602,81.16,0.5627961400985718,,,,,,0.7800000000000011,-0.02535683555603019,141-160
MWM_AccDiff,44,147,9,kd,1.0,82.58,0.1,80.7,0.5799640878677368,81.62,0.541474991607666,,,,,,0.9200000000000017,-0.0384890962600708,141-160
MWM_AccDiff,44,147,3,kd,5.0,81.94,0.1,71.0,0.8522928043365479,80.04,0.5950650489807129,,,,,,9.040000000000006,-0.257227755355835,141-160
MWM_AccDiff,44,148,4,kd,6.0,81.92,0.1,75.8,0.7181215251922607,80.22,0.580011441230774,,,,,,4.420000000000002,-0.13811008396148672,141-160
MWM_AccDiff,44,148,9,ce,,,0.1,81.62,0.541474991607666,75.22,0.7156020704269409,1.0,82.58,82.58,81.02,0.5400596733093261,-6.400000000000006,0.17412707881927492,141-160
MWM_AccDiff,44,148,8,kd,2.0,81.92,0.1,81.16,0.5627961400985718,79.96,0.5841602088928223,,,,,,-1.2000000000000028,0.021364068794250457,141-160
MWM_AccDiff,44,148,7,kd,5.0,81.94,0.1,80.68,0.5660203862190246,79.18,0.6174410056114197,,,,,,-1.5,0.05142061939239506,141-160
MWM_AccDiff,44,148,3,kd,1.0,82.58,0.1,80.04,0.5950650489807129,81.58,0.5468694189071656,,,,,,1.539999999999992,-0.048195630073547324,141-160
MWM_AccDiff,44,149,3,ce,,,0.1,81.58,0.5468694189071656,74.7,0.7691220512390137,1.0,82.58,82.58,81.8,0.5328108558654785,-6.8799999999999955,0.2222526323318481,141-160
MWM_AccDiff,44,149,4,kd,2.0,81.92,0.1,80.22,0.580011441230774,80.2,0.5821676009178162,,,,,,-0.01999999999999602,0.0021561596870421917,141-160
MWM_AccDiff,44,149,9,kd,5.0,81.94,0.1,75.22,0.7156020704269409,79.98,0.5925064273834229,,,,,,4.760000000000005,-0.12309564304351805,141-160
MWM_AccDiff,44,149,7,kd,1.0,82.58,0.1,79.18,0.6174410056114197,80.42,0.5739628450393677,,,,,,1.2399999999999949,-0.043478160572052005,141-160
MWM_AccDiff,44,149,8,kd,6.0,81.92,0.1,79.96,0.5841602088928223,79.0,0.6190751001358032,,,,,,-0.9599999999999937,0.03491489124298097,141-160
MWM_AccDiff,44,150,7,ce,,,0.1,80.42,0.5739628450393677,72.8,0.8263010034561157,1.0,82.58,82.58,80.08,0.59050293302536,-7.6200000000000045,0.252338158416748,141-160
MWM_AccDiff,44,150,3,kd,1.0,82.58,0.1,74.7,0.7691220512390137,81.72,0.5266677137374878,,,,,,7.019999999999996,-0.2424543375015259,141-160
MWM_AccDiff,44,150,9,kd,6.0,81.92,0.1,79.98,0.5925064273834229,80.86,0.5776082704544068,,,,,,0.8799999999999955,-0.014898156929016082,141-160
MWM_AccDiff,44,150,4,kd,2.0,81.92,0.1,80.2,0.5821676009178162,80.62,0.5669069133758545,,,,,,0.4200000000000017,-0.015260687541961637,141-160
MWM_AccDiff,44,150,8,kd,5.0,81.94,0.1,79.0,0.6190751001358032,78.54,0.6431264106750488,,,,,,-0.45999999999999375,0.024051310539245585,141-160
MWM_AccDiff,44,151,7,kd,1.0,82.58,0.1,72.8,0.8263010034561157,80.36,0.5766945013046265,,,,,,7.560000000000002,-0.24960650215148916,141-160
MWM_AccDiff,44,151,4,kd,6.0,81.92,0.1,80.62,0.5669069133758545,79.48,0.6031167930603027,,,,,,-1.1400000000000006,0.03620987968444822,141-160
MWM_AccDiff,44,151,3,ce,,,0.1,81.72,0.5266677137374878,76.0,0.7179699678421021,1.0,82.58,82.58,81.4,0.5308282614707946,-5.719999999999999,0.19130225410461432,141-160
MWM_AccDiff,44,151,9,kd,2.0,81.92,0.1,80.86,0.5776082704544068,80.7,0.5747185024261474,,,,,,-0.1599999999999966,-0.002889768028259354,141-160
MWM_AccDiff,44,151,8,kd,5.0,81.94,0.1,78.54,0.6431264106750488,79.1,0.6207021938323974,,,,,,0.5599999999999881,-0.02242421684265139,141-160
MWM_AccDiff,44,152,9,ce,,,0.1,80.7,0.5747185024261474,70.62,0.927008051109314,1.0,82.58,82.58,81.22,0.5368744602203369,-10.079999999999998,0.35228954868316653,141-160
MWM_AccDiff,44,152,4,kd,1.0,82.58,0.1,79.48,0.6031167930603027,80.58,0.5653460743904114,,,,,,1.0999999999999943,-0.037770718669891346,141-160
MWM_AccDiff,44,152,7,kd,2.0,81.92,0.1,80.36,0.5766945013046265,80.44,0.57334644947052,,,,,,0.0799999999999983,-0.003348051834106469,141-160
MWM_AccDiff,44,152,8,kd,6.0,81.92,0.1,79.1,0.6207021938323974,78.8,0.6260290791511536,,,,,,-0.29999999999999716,0.005326885318756136,141-160
MWM_AccDiff,44,152,3,kd,5.0,81.94,0.1,76.0,0.7179699678421021,79.78,0.589376484298706,,,,,,3.780000000000001,-0.12859348354339606,141-160
MWM_AccDiff,44,153,4,ce,,,0.1,80.58,0.5653460743904114,75.52,0.7214822319030761,1.0,82.58,82.58,80.22,0.5706509830474854,-5.060000000000002,0.15613615751266474,141-160
MWM_AccDiff,44,153,8,kd,1.0,82.58,0.1,78.8,0.6260290791511536,80.7,0.5500240455627441,,,,,,1.9000000000000057,-0.07600503358840949,141-160
MWM_AccDiff,44,153,9,kd,5.0,81.94,0.1,70.62,0.927008051109314,81.38,0.548671344089508,,,,,,10.759999999999991,-0.37833670701980593,141-160
MWM_AccDiff,44,153,7,kd,2.0,81.92,0.1,80.44,0.57334644947052,80.3,0.5809303141593933,,,,,,-0.14000000000000057,0.0075838646888732875,141-160
MWM_AccDiff,44,153,3,kd,6.0,81.92,0.1,79.78,0.589376484298706,79.78,0.6031271258354187,,,,,,0.0,0.013750641536712682,141-160
MWM_AccDiff,44,154,4,kd,6.0,81.92,0.1,75.52,0.7214822319030761,79.12,0.619508667564392,,,,,,3.6000000000000085,-0.1019735643386841,141-160
MWM_AccDiff,44,154,9,ce,,,0.1,81.38,0.548671344089508,75.56,0.7111109126091003,1.0,82.58,82.58,82.5,0.5087209184646606,-5.819999999999993,0.1624395685195923,141-160
MWM_AccDiff,44,154,7,kd,1.0,82.58,0.1,80.3,0.5809303141593933,81.04,0.5668760343551635,,,,,,0.7400000000000091,-0.014054279804229797,141-160
MWM_AccDiff,44,154,8,kd,2.0,81.92,0.1,80.7,0.5500240455627441,78.76,0.6326106559753418,,,,,,-1.9399999999999977,0.08258661041259774,141-160
MWM_AccDiff,44,154,3,kd,5.0,81.94,0.1,79.78,0.6031271258354187,79.58,0.5992499300003051,,,,,,-0.20000000000000284,-0.0038771958351135893,141-160
MWM_AccDiff,44,155,7,ce,,,0.1,81.04,0.5668760343551635,74.82,0.7467779546737671,1.0,82.58,82.58,80.16,0.6016984563827514,-6.220000000000013,0.17990192031860353,141-160
MWM_AccDiff,44,155,9,kd,6.0,81.92,0.1,75.56,0.7111109126091003,81.22,0.567532663822174,,,,,,5.659999999999997,-0.14357824878692627,141-160
MWM_AccDiff,44,155,8,kd,1.0,82.58,0.1,78.76,0.6326106559753418,80.36,0.5804679668426513,,,,,,1.5999999999999943,-0.05214268913269049,141-160
MWM_AccDiff,44,155,4,kd,5.0,81.94,0.1,79.12,0.619508667564392,80.44,0.5726506160736085,,,,,,1.3199999999999932,-0.04685805149078359,141-160
MWM_AccDiff,44,155,3,kd,2.0,81.92,0.1,79.58,0.5992499300003051,80.36,0.5807209954261779,,,,,,0.7800000000000011,-0.018528934574127187,141-160
MWM_AccDiff,44,156,8,kd,1.0,82.58,0.1,80.36,0.5804679668426513,79.92,0.5918993227005005,,,,,,-0.4399999999999977,0.011431355857849157,141-160
MWM_AccDiff,44,156,9,ce,,,0.1,81.22,0.567532663822174,77.44,0.6782443103790283,1.0,82.58,82.58,81.48,0.5379567759513855,-3.780000000000001,0.11071164655685428,141-160
MWM_AccDiff,44,156,4,kd,2.0,81.92,0.1,80.44,0.5726506160736085,80.76,0.5626207913398743,,,,,,0.3200000000000074,-0.01002982473373415,141-160
MWM_AccDiff,44,156,7,kd,6.0,81.92,0.1,74.82,0.7467779546737671,79.88,0.597827063369751,,,,,,5.060000000000002,-0.14895089130401606,141-160
MWM_AccDiff,44,156,3,kd,5.0,81.94,0.1,80.36,0.5807209954261779,80.66,0.5800733481407165,,,,,,0.29999999999999716,-0.0006476472854614057,141-160
MWM_AccDiff,44,157,4,ce,,,0.1,80.76,0.5626207913398743,77.32,0.6745354128837585,1.0,82.58,82.58,81.2,0.5545050332069397,-3.440000000000012,0.11191462154388421,141-160
MWM_AccDiff,44,157,7,kd,5.0,81.94,0.1,79.88,0.597827063369751,81.1,0.5613520960807801,,,,,,1.2199999999999989,-0.03647496728897093,141-160
MWM_AccDiff,44,157,9,kd,6.0,81.92,0.1,77.44,0.6782443103790283,80.5,0.581770030784607,,,,,,3.0600000000000023,-0.09647427959442134,141-160
MWM_AccDiff,44,157,8,kd,1.0,82.58,0.1,79.92,0.5918993227005005,80.62,0.5604006635665894,,,,,,0.7000000000000028,-0.031498659133911144,141-160
MWM_AccDiff,44,157,3,kd,2.0,81.92,0.1,80.66,0.5800733481407165,79.52,0.6028513299942017,,,,,,-1.1400000000000006,0.02277798185348512,141-160
MWM_AccDiff,44,158,7,ce,,,0.1,81.1,0.5613520960807801,75.32,0.7298334183692932,1.0,82.58,82.58,81.46,0.5328420363426208,-5.780000000000001,0.1684813222885131,141-160
MWM_AccDiff,44,158,9,kd,6.0,81.92,0.1,80.5,0.581770030784607,81.32,0.5628088436126709,,,,,,0.8199999999999932,-0.018961187171936067,141-160
MWM_AccDiff,44,158,4,kd,5.0,81.94,0.1,77.32,0.6745354128837585,81.0,0.562929312133789,,,,,,3.680000000000007,-0.11160610074996946,141-160
MWM_AccDiff,44,158,8,kd,2.0,81.92,0.1,80.62,0.5604006635665894,80.18,0.5788841966629028,,,,,,-0.4399999999999977,0.018483533096313454,141-160
MWM_AccDiff,44,158,3,kd,1.0,82.58,0.1,79.52,0.6028513299942017,80.28,0.5765297554016113,,,,,,0.7600000000000051,-0.026321574592590324,141-160
MWM_AccDiff,44,159,7,kd,1.0,82.58,0.1,75.32,0.7298334183692932,79.72,0.6040264085769653,,,,,,4.400000000000006,-0.12580700979232784,141-160
MWM_AccDiff,44,159,9,ce,,,0.1,81.32,0.5628088436126709,77.38,0.6856641499519348,1.0,82.58,82.58,80.84,0.5545664821624756,-3.9399999999999977,0.12285530633926389,141-160
MWM_AccDiff,44,159,4,kd,2.0,81.92,0.1,81.0,0.562929312133789,81.02,0.5586899661064147,,,,,,0.01999999999999602,-0.004239346027374302,141-160
MWM_AccDiff,44,159,8,kd,6.0,81.92,0.1,80.18,0.5788841966629028,78.84,0.6383477866172791,,,,,,-1.3400000000000034,0.059463589954376284,141-160
MWM_AccDiff,44,159,3,kd,5.0,81.94,0.1,80.28,0.5765297554016113,80.48,0.5975014279365539,,,,,,0.20000000000000284,0.020971672534942587,141-160
MWM_AccDiff,44,160,4,ce,,,0.1,81.02,0.5586899661064147,74.1,0.7981000782012939,1.0,82.58,82.58,80.9,0.5584093851089478,-6.920000000000002,0.23941011209487917,141-160
MWM_AccDiff,44,160,8,kd,1.0,82.58,0.1,78.84,0.6383477866172791,79.96,0.589288500213623,,,,,,1.1199999999999903,-0.04905928640365609,141-160
MWM_AccDiff,44,160,9,kd,5.0,81.94,0.1,77.38,0.6856641499519348,80.98,0.5623914844512939,,,,,,3.6000000000000085,-0.12327266550064087,141-160
MWM_AccDiff,44,160,7,kd,6.0,81.92,0.1,79.72,0.6040264085769653,80.9,0.5753678238868714,,,,,,1.1800000000000068,-0.02865858469009397,141-160
MWM_AccDiff,44,160,3,kd,2.0,81.92,0.010000000000000002,80.48,0.5975014279365539,81.88,0.5356450102806092,,,,,,1.3999999999999915,-0.06185641765594474,141-160
MWM_AccDiff,44,161,3,ce,,,0.010000000000000002,81.88,0.5356450102806092,83.2,0.49505191345214844,1.0,82.58,82.58,82.74,0.5064336257934571,1.3200000000000074,-0.04059309682846074,161-180
MWM_AccDiff,44,161,9,kd,2.0,81.92,0.1,80.98,0.5623914844512939,81.78,0.5490962418556213,,,,,,0.7999999999999972,-0.013295242595672607,161-180
MWM_AccDiff,44,161,7,kd,6.0,81.92,0.1,80.9,0.5753678238868714,78.44,0.6622246325492859,,,,,,-2.460000000000008,0.08685680866241452,161-180
MWM_AccDiff,44,161,4,kd,1.0,82.58,0.1,74.1,0.7981000782012939,81.66,0.5233632839202881,,,,,,7.560000000000002,-0.27473679428100584,161-180
MWM_AccDiff,44,161,8,kd,5.0,81.94,0.1,79.96,0.589288500213623,77.76,0.6625748947143555,,,,,,-2.1999999999999886,0.07328639450073249,161-180
MWM_AccDiff,44,162,8,kd,1.0,82.58,0.1,77.76,0.6625748947143555,79.28,0.5996450481414795,,,,,,1.519999999999996,-0.06292984657287604,161-180
MWM_AccDiff,44,162,7,kd,3.0,83.2,0.1,78.44,0.6622246325492859,81.36,0.5528769566535949,,,,,,2.9200000000000017,-0.10934767589569094,161-180
MWM_AccDiff,44,162,9,kd,6.0,81.92,0.1,81.78,0.5490962418556213,81.12,0.5629698859214782,,,,,,-0.6599999999999966,0.013873644065856894,161-180
MWM_AccDiff,44,162,4,kd,5.0,81.94,0.1,81.66,0.5233632839202881,80.1,0.5808590909957886,,,,,,-1.5600000000000023,0.057495807075500505,161-180
MWM_AccDiff,44,162,2,ce,,,0.010000000000000002,81.92,0.5304303428649902,82.92,0.49495646677017213,3.0,83.2,83.2,82.76,0.507555656337738,1.0,-0.03547387609481811,161-180
MWM_AccDiff,44,163,7,kd,3.0,83.2,0.1,81.36,0.5528769566535949,80.74,0.5827902126312255,,,,,,-0.6200000000000045,0.029913255977630615,161-180
MWM_AccDiff,44,163,9,ce,,,0.1,81.12,0.5629698859214782,77.8,0.6663848386764526,3.0,83.2,83.2,81.68,0.5354898289680481,-3.3200000000000074,0.10341495275497437,161-180
MWM_AccDiff,44,163,4,kd,5.0,81.94,0.1,80.1,0.5808590909957886,80.06,0.5761901475906372,,,,,,-0.03999999999999204,-0.004668943405151338,161-180
MWM_AccDiff,44,163,6,kd,1.0,82.58,0.1,81.92,0.5329689731597901,80.88,0.5760475358963013,,,,,,-1.0400000000000063,0.04307856273651123,161-180
MWM_AccDiff,44,163,8,kd,2.0,82.92,0.1,79.28,0.5996450481414795,79.66,0.605192260837555,,,,,,0.37999999999999545,0.005547212696075499,161-180
MWM_AccDiff,44,164,7,ce,,,0.1,80.74,0.5827902126312255,79.14,0.6147000460624695,3.0,83.2,83.2,81.38,0.5440818300247192,-1.5999999999999943,0.031909833431243984,161-180
MWM_AccDiff,44,164,8,kd,3.0,83.2,0.1,79.66,0.605192260837555,80.56,0.5732390701293946,,,,,,0.9000000000000057,-0.031953190708160384,161-180
MWM_AccDiff,44,164,9,kd,2.0,82.92,0.1,77.8,0.6663848386764526,82.0,0.529352423286438,,,,,,4.200000000000003,-0.13703241539001465,161-180
MWM_AccDiff,44,164,4,kd,5.0,81.94,0.1,80.06,0.5761901475906372,81.32,0.5699777499198914,,,,,,1.259999999999991,-0.006212397670745884,161-180
MWM_AccDiff,44,164,6,kd,1.0,82.58,0.1,80.88,0.5760475358963013,81.52,0.5393313404083252,,,,,,0.6400000000000006,-0.03671619548797611,161-180
MWM_AccDiff,44,165,5,kd,1.0,82.58,0.1,81.94,0.5276669984817505,82.04,0.5222765484809876,,,,,,0.10000000000000853,-0.005390450000762881,161-180
MWM_AccDiff,44,165,4,kd,9.0,82.0,0.1,81.32,0.5699777499198914,80.4,0.5946152688026428,,,,,,-0.9199999999999875,0.024637518882751452,161-180
MWM_AccDiff,44,165,6,ce,,,0.1,81.52,0.5393313404083252,74.94,0.7751617774963379,3.0,83.2,83.2,81.22,0.551289013671875,-6.579999999999998,0.23583043708801266,161-180
MWM_AccDiff,44,165,7,kd,3.0,83.2,0.1,79.14,0.6147000460624695,81.76,0.5338022480010987,,,,,,2.6200000000000045,-0.08089779806137087,161-180
MWM_AccDiff,44,165,8,kd,2.0,82.92,0.1,80.56,0.5732390701293946,80.46,0.5827757561683655,,,,,,-0.10000000000000853,0.009536686038970954,161-180
MWM_AccDiff,44,166,7,ce,,,0.1,81.76,0.5338022480010987,75.68,0.7280274188995361,3.0,83.2,83.2,79.18,0.6195433122634888,-6.079999999999998,0.1942251708984375,161-180
MWM_AccDiff,44,166,8,kd,3.0,83.2,0.1,80.46,0.5827757561683655,80.66,0.5737681270599365,,,,,,0.20000000000000284,-0.009007629108429005,161-180
MWM_AccDiff,44,166,6,kd,1.0,82.58,0.1,74.94,0.7751617774963379,81.96,0.5258362846374511,,,,,,7.019999999999996,-0.24932549285888672,161-180
MWM_AccDiff,44,166,9,kd,2.0,82.92,0.1,82.0,0.529352423286438,80.92,0.576212223815918,,,,,,-1.0799999999999983,0.04685980052948002,161-180
MWM_AccDiff,44,166,4,kd,5.0,82.04,0.1,80.4,0.5946152688026428,81.12,0.5531069385528564,,,,,,0.7199999999999989,-0.041508330249786396,161-180
MWM_AccDiff,44,167,4,kd,1.0,82.58,0.1,81.12,0.5531069385528564,81.3,0.5414216430664063,,,,,,0.1799999999999926,-0.011685295486450142,161-180
MWM_AccDiff,44,167,6,ce,,,0.1,81.96,0.5258362846374511,77.42,0.6493926392555237,3.0,83.2,83.2,81.4,0.5566557618141175,-4.539999999999992,0.12355635461807257,161-180
MWM_AccDiff,44,167,9,kd,3.0,83.2,0.1,80.92,0.576212223815918,81.54,0.5526081731796265,,,,,,0.6200000000000045,-0.02360405063629145,161-180
MWM_AccDiff,44,167,7,kd,2.0,82.92,0.1,75.68,0.7280274188995361,81.84,0.5412698187828064,,,,,,6.159999999999997,-0.1867576001167297,161-180
MWM_AccDiff,44,167,8,kd,5.0,82.04,0.1,80.66,0.5737681270599365,79.86,0.5962062744140625,,,,,,-0.7999999999999972,0.02243814735412597,161-180
MWM_AccDiff,44,168,9,ce,,,0.1,81.54,0.5526081731796265,76.52,0.6944729744911193,3.0,83.2,83.2,81.68,0.5438580400466919,-5.02000000000001,0.14186480131149282,161-180
MWM_AccDiff,44,168,4,kd,5.0,82.04,0.1,81.3,0.5414216430664063,80.22,0.5919520792007447,,,,,,-1.0799999999999983,0.050530436134338386,161-180
MWM_AccDiff,44,168,7,kd,1.0,82.58,0.1,81.84,0.5412698187828064,82.02,0.5157710839271545,,,,,,0.1799999999999926,-0.025498734855651906,161-180
MWM_AccDiff,44,168,8,kd,2.0,82.92,0.1,79.86,0.5962062744140625,80.38,0.6019308504104615,,,,,,0.519999999999996,0.005724575996398973,161-180
MWM_AccDiff,44,168,6,kd,3.0,83.2,0.1,77.42,0.6493926392555237,81.46,0.5467294547080994,,,,,,4.039999999999992,-0.10266318454742429,161-180
MWM_AccDiff,44,169,7,ce,,,0.1,82.02,0.5157710839271545,78.98,0.6266182203292847,3.0,83.2,83.2,81.48,0.5454423427581787,-3.039999999999992,0.11084713640213018,161-180
MWM_AccDiff,44,169,8,kd,3.0,83.2,0.1,80.38,0.6019308504104615,80.1,0.6023738172531128,,,,,,-0.28000000000000114,0.0004429668426513267,161-180
MWM_AccDiff,44,169,6,kd,5.0,82.04,0.1,81.46,0.5467294547080994,81.1,0.5590404885292053,,,,,,-0.35999999999999943,0.012311033821105877,161-180
MWM_AccDiff,44,169,4,kd,2.0,82.92,0.1,80.22,0.5919520792007447,81.42,0.5537602085113525,,,,,,1.2000000000000028,-0.038191870689392116,161-180
MWM_AccDiff,44,169,9,kd,1.0,82.58,0.1,76.52,0.6944729744911193,81.9,0.5301874193191528,,,,,,5.38000000000001,-0.16428555517196652,161-180
MWM_AccDiff,44,170,6,ce,,,0.1,81.1,0.5590404885292053,78.42,0.6294040727615356,3.0,83.2,83.2,81.4,0.557987887096405,-2.6799999999999926,0.07036358423233036,161-180
MWM_AccDiff,44,170,7,kd,3.0,83.2,0.1,78.98,0.6266182203292847,82.44,0.5316670783996582,,,,,,3.4599999999999937,-0.0949511419296265,161-180
MWM_AccDiff,44,170,4,kd,5.0,82.04,0.1,81.42,0.5537602085113525,80.82,0.5807788223266601,,,,,,-0.6000000000000085,0.02701861381530757,161-180
MWM_AccDiff,44,170,8,kd,2.0,82.92,0.1,80.1,0.6023738172531128,77.98,0.6664059324264526,,,,,,-2.1199999999999903,0.06403211517333984,161-180
MWM_AccDiff,44,170,9,kd,1.0,82.58,0.1,81.9,0.5301874193191528,81.96,0.5256355821609497,,,,,,0.05999999999998806,-0.004551837158203065,161-180
MWM_AccDiff,44,171,5,kd,1.0,82.58,0.1,82.04,0.5222765484809876,81.28,0.5309581556320191,,,,,,-0.7600000000000051,0.0086816071510315,161-180
MWM_AccDiff,44,171,9,ce,,,0.1,81.96,0.5256355821609497,77.66,0.6772982688903808,3.0,83.2,83.2,81.36,0.5611208242416382,-4.299999999999997,0.15166268672943106,161-180
MWM_AccDiff,44,171,6,kd,3.0,83.2,0.1,78.42,0.6294040727615356,81.56,0.5452121126174927,,,,,,3.1400000000000006,-0.08419196014404295,161-180
MWM_AccDiff,44,171,8,kd,2.0,82.92,0.1,77.98,0.6664059324264526,81.28,0.5518328966140748,,,,,,3.299999999999997,-0.11457303581237788,161-180
MWM_AccDiff,44,171,4,kd,7.0,82.44,0.1,80.82,0.5807788223266601,80.3,0.5962721030235291,,,,,,-0.519999999999996,0.01549328069686895,161-180
MWM_AccDiff,44,172,8,kd,3.0,83.2,0.1,81.28,0.5518328966140748,79.72,0.6093237297058105,,,,,,-1.5600000000000023,0.05749083309173575,161-180
MWM_AccDiff,44,172,9,kd,2.0,82.92,0.1,77.66,0.6772982688903808,81.74,0.550835434436798,,,,,,4.079999999999998,-0.12646283445358275,161-180
MWM_AccDiff,44,172,5,kd,7.0,82.44,0.1,81.28,0.5309581556320191,80.08,0.6078027471542359,,,,,,-1.2000000000000028,0.07684459152221679,161-180
MWM_AccDiff,44,172,6,ce,,,0.1,81.56,0.5452121126174927,76.66,0.6890570812225342,3.0,83.2,83.2,81.38,0.5457823390960693,-4.900000000000006,0.14384496860504148,161-180
MWM_AccDiff,44,172,4,kd,1.0,82.58,0.1,80.3,0.5962721030235291,81.24,0.5464423411369324,,,,,,0.9399999999999977,-0.04982976188659671,161-180
MWM_AccDiff,44,173,9,ce,,,0.1,81.74,0.550835434436798,77.46,0.682632033252716,3.0,83.2,83.2,81.76,0.5434894927024841,-4.280000000000001,0.131796598815918,161-180
MWM_AccDiff,44,173,5,kd,1.0,82.58,0.1,80.08,0.6078027471542359,80.06,0.5889484411239624,,,,,,-0.01999999999999602,-0.018854306030273493,161-180
MWM_AccDiff,44,173,8,kd,2.0,82.92,0.1,79.72,0.6093237297058105,80.9,0.5670768238067627,,,,,,1.1800000000000068,-0.04224690589904778,161-180
MWM_AccDiff,44,173,6,kd,3.0,83.2,0.1,76.66,0.6890570812225342,81.06,0.5535665632247925,,,,,,4.400000000000006,-0.1354905179977417,161-180
MWM_AccDiff,44,173,4,kd,7.0,82.44,0.1,81.24,0.5464423411369324,77.82,0.7184972186088562,,,,,,-3.4200000000000017,0.17205487747192383,161-180
MWM_AccDiff,44,174,4,kd,3.0,83.2,0.1,77.82,0.7184972186088562,80.36,0.6007053424835205,,,,,,2.5400000000000063,-0.1177918761253357,161-180
MWM_AccDiff,44,174,8,kd,7.0,82.44,0.1,80.9,0.5670768238067627,79.68,0.6311057461738586,,,,,,-1.2199999999999989,0.0640289223670959,161-180
MWM_AccDiff,44,174,5,kd,1.0,82.58,0.1,80.06,0.5889484411239624,81.28,0.5521786295890808,,,,,,1.2199999999999989,-0.03676981153488157,161-180
MWM_AccDiff,44,174,9,kd,2.0,82.92,0.1,77.46,0.682632033252716,82.3,0.5222199451446533,,,,,,4.840000000000003,-0.16041208810806273,161-180
MWM_AccDiff,44,174,6,ce,,,0.1,81.06,0.5535665632247925,77.72,0.6398268329620361,3.0,83.2,83.2,81.7,0.5276145197868347,-3.3400000000000034,0.08626026973724366,161-180
MWM_AccDiff,44,175,9,ce,,,0.1,82.3,0.5222199451446533,79.14,0.6150297952651977,3.0,83.2,83.2,82.06,0.5328356854438782,-3.1599999999999966,0.09280985012054443,161-180
MWM_AccDiff,44,175,5,kd,7.0,82.44,0.1,81.28,0.5521786295890808,79.94,0.5931638712882996,,,,,,-1.3400000000000034,0.0409852416992188,161-180
MWM_AccDiff,44,175,8,kd,2.0,82.92,0.1,79.68,0.6311057461738586,79.66,0.6064037438392639,,,,,,-0.020000000000010232,-0.02470200233459474,161-180
MWM_AccDiff,44,175,6,kd,3.0,83.2,0.1,77.72,0.6398268329620361,82.76,0.5166771849632263,,,,,,5.040000000000006,-0.12314964799880979,161-180
MWM_AccDiff,44,175,4,kd,1.0,82.58,0.1,80.36,0.6007053424835205,81.64,0.5352874609947205,,,,,,1.2800000000000011,-0.06541788148880001,161-180
MWM_AccDiff,44,176,7,ce,,,0.1,82.44,0.5316670783996582,74.74,0.7763995319366455,3.0,83.2,83.2,82.14,0.5272674722671509,-7.700000000000003,0.24473245353698725,161-180
MWM_AccDiff,44,176,8,kd,3.0,83.2,0.1,79.66,0.6064037438392639,80.22,0.6093598634719849,,,,,,0.5600000000000023,0.0029561196327210215,161-180
MWM_AccDiff,44,176,9,kd,6.0,82.76,0.1,79.14,0.6150297952651977,81.98,0.5532071958065033,,,,,,2.8400000000000034,-0.061822599458694394,161-180
MWM_AccDiff,44,176,4,kd,1.0,82.58,0.1,81.64,0.5352874609947205,80.3,0.5795766031265259,,,,,,-1.3400000000000034,0.04428914213180546,161-180
MWM_AccDiff,44,176,5,kd,2.0,82.92,0.1,79.94,0.5931638712882996,78.88,0.6419723114013672,,,,,,-1.0600000000000023,0.04880844011306762,161-180
MWM_AccDiff,44,177,8,kd,1.0,82.58,0.1,80.22,0.6093598634719849,80.68,0.5552349403381348,,,,,,0.46000000000000796,-0.05412492313385009,161-180
MWM_AccDiff,44,177,4,kd,6.0,82.76,0.1,80.3,0.5795766031265259,79.52,0.6445577765464783,,,,,,-0.7800000000000011,0.06498117341995235,161-180
MWM_AccDiff,44,177,9,ce,,,0.1,81.98,0.5532071958065033,73.72,0.830033073425293,3.0,83.2,83.2,82.2,0.5308256567955018,-8.260000000000005,0.27682587761878963,161-180
MWM_AccDiff,44,177,7,kd,2.0,82.92,0.1,74.74,0.7763995319366455,82.42,0.5225779039382935,,,,,,7.680000000000007,-0.25382162799835195,161-180
MWM_AccDiff,44,177,5,kd,3.0,83.2,0.1,78.88,0.6419723114013672,81.24,0.5533193364143372,,,,,,2.3599999999999994,-0.08865297498703006,161-180
MWM_AccDiff,44,178,7,ce,,,0.1,82.42,0.5225779039382935,79.46,0.6225438883781433,3.0,83.2,83.2,80.64,0.5806527742385864,-2.960000000000008,0.09996598443984983,161-180
MWM_AccDiff,44,178,4,kd,3.0,83.2,0.1,79.52,0.6445577765464783,81.04,0.5599675461769104,,,,,,1.5200000000000102,-0.08459023036956792,161-180
MWM_AccDiff,44,178,5,kd,1.0,82.58,0.1,81.24,0.5533193364143372,81.28,0.5486605833053589,,,,,,0.04000000000000625,-0.004658753108978231,161-180
MWM_AccDiff,44,178,9,kd,2.0,82.92,0.1,73.72,0.830033073425293,82.28,0.5195757851600648,,,,,,8.560000000000002,-0.3104572882652282,161-180
MWM_AccDiff,44,178,8,kd,6.0,82.76,0.1,80.68,0.5552349403381348,78.32,0.666435025882721,,,,,,-2.3600000000000136,0.11120008554458616,161-180
MWM_AccDiff,44,179,7,kd,3.0,83.2,0.1,79.46,0.6225438883781433,83.26,0.4901835509300232,,,,,,3.8000000000000114,-0.13236033744812015,161-180
MWM_AccDiff,44,179,4,kd,6.0,82.76,0.1,81.04,0.5599675461769104,79.24,0.6181906083106995,,,,,,-1.8000000000000114,0.05822306213378914,161-180
MWM_AccDiff,44,179,9,ce,,,0.1,82.28,0.5195757851600648,79.5,0.5993410047531128,3.0,83.2,83.2,82.56,0.5204824671745301,-2.780000000000001,0.07976521959304805,161-180
MWM_AccDiff,44,179,5,kd,1.0,82.58,0.1,81.28,0.5486605833053589,80.54,0.5758790356636048,,,,,,-0.7399999999999949,0.027218452358245826,161-180
MWM_AccDiff,44,179,8,kd,2.0,82.92,0.1,78.32,0.666435025882721,81.26,0.5523561248779297,,,,,,2.940000000000012,-0.11407890100479123,161-180
MWM_AccDiff,44,180,1,ce,,,0.010000000000000002,82.58,0.4966122338294983,82.52,0.4881773055076599,7.0,83.26,83.26,82.38,0.5008220615386962,-0.060000000000002274,-0.008434928321838397,161-180
MWM_AccDiff,44,180,9,kd,3.0,83.2,0.1,79.5,0.5993410047531128,82.88,0.5012155652046204,,,,,,3.3799999999999955,-0.0981254395484924,161-180
MWM_AccDiff,44,180,8,kd,6.0,82.76,0.1,81.26,0.5523561248779297,80.64,0.5791486574649811,,,,,,-0.6200000000000045,0.026792532587051388,161-180
MWM_AccDiff,44,180,4,kd,7.0,83.26,0.1,79.24,0.6181906083106995,80.16,0.5943773029327393,,,,,,0.9200000000000017,-0.023813305377960226,161-180
MWM_AccDiff,44,180,5,kd,2.0,82.92,0.1,80.54,0.5758790356636048,80.18,0.6004927225112915,,,,,,-0.35999999999999943,0.024613686847686722,161-180
MWM_AccDiff,44,181,6,ce,,,0.1,82.76,0.5166771849632263,78.1,0.6296476881027222,7.0,83.26,83.26,82.44,0.5285046566009521,-4.660000000000011,0.11297050313949586,181-200
MWM_AccDiff,44,181,4,kd,7.0,83.26,0.1,80.16,0.5943773029327393,80.62,0.5881483891487121,,,,,,0.46000000000000796,-0.006228913784027124,181-200
MWM_AccDiff,44,181,5,kd,3.0,83.2,0.1,80.18,0.6004927225112915,80.1,0.6044964336395263,,,,,,-0.0800000000000125,0.0040037111282348326,181-200
MWM_AccDiff,44,181,8,kd,2.0,82.92,0.1,80.64,0.5791486574649811,80.26,0.5913404229164123,,,,,,-0.37999999999999545,0.012191765451431191,181-200
MWM_AccDiff,44,181,1,kd,9.0,82.88,0.010000000000000002,82.52,0.4881773055076599,82.3,0.5155431899070739,,,,,,-0.21999999999999886,0.02736588439941401,181-200
MWM_AccDiff,44,182,1,ce,,,0.010000000000000002,82.3,0.5155431899070739,83.36,0.4807181640625,7.0,83.26,83.26,82.86,0.4939938465118408,1.0600000000000023,-0.03482502584457392,181-200
MWM_AccDiff,44,182,4,kd,9.0,82.88,0.1,80.62,0.5881483891487121,79.5,0.6367903255462647,,,,,,-1.1200000000000045,0.04864193639755254,181-200
MWM_AccDiff,44,182,5,kd,7.0,83.26,0.1,80.1,0.6044964336395263,80.98,0.5708337430953979,,,,,,0.8800000000000097,-0.033662690544128404,181-200
MWM_AccDiff,44,182,8,kd,2.0,82.92,0.1,80.26,0.5913404229164123,81.2,0.5521929175376892,,,,,,0.9399999999999977,-0.039147505378723135,181-200
MWM_AccDiff,44,182,6,kd,3.0,83.2,0.1,78.1,0.6296476881027222,81.88,0.5409277129173279,,,,,,3.780000000000001,-0.08871997518539432,181-200
MWM_AccDiff,44,183,6,kd,2.0,82.92,0.1,81.88,0.5409277129173279,82.18,0.5235793360710144,,,,,,0.30000000000001137,-0.017348376846313518,181-200
MWM_AccDiff,44,183,9,ce,,,0.1,82.88,0.5012155652046204,77.24,0.6659992273330688,1.0,83.36,83.36,83.3,0.5073813649177551,-5.640000000000001,0.16478366212844842,181-200
MWM_AccDiff,44,183,5,kd,7.0,83.26,0.1,80.98,0.5708337430953979,79.6,0.6077845888137817,,,,,,-1.3800000000000097,0.03695084571838381,181-200
MWM_AccDiff,44,183,8,kd,3.0,83.2,0.1,81.2,0.5521929175376892,80.6,0.5766063646316528,,,,,,-0.6000000000000085,0.024413447093963647,181-200
MWM_AccDiff,44,183,4,kd,1.0,83.36,0.1,79.5,0.6367903255462647,80.1,0.5993111603736877,,,,,,0.5999999999999943,-0.03747916517257699,181-200
MWM_AccDiff,44,184,4,kd,3.0,83.2,0.1,80.1,0.5993111603736877,80.32,0.5846307574272156,,,,,,0.21999999999999886,-0.014680402946472104,181-200
MWM_AccDiff,44,184,5,kd,1.0,83.36,0.1,79.6,0.6077845888137817,79.72,0.6092361976623535,,,,,,0.12000000000000455,0.0014516088485717615,181-200
MWM_AccDiff,44,184,6,ce,,,0.1,82.18,0.5235793360710144,76.94,0.6909299840927124,1.0,83.36,83.36,80.78,0.5559780203819275,-5.240000000000009,0.16735064802169808,181-200
MWM_AccDiff,44,184,8,kd,2.0,82.92,0.1,80.6,0.5766063646316528,80.36,0.5872712849617004,,,,,,-0.23999999999999488,0.010664920330047623,181-200
MWM_AccDiff,44,184,9,kd,7.0,83.26,0.1,77.24,0.6659992273330688,82.94,0.5179738716125488,,,,,,5.700000000000003,-0.14802535572052,181-200
MWM_AccDiff,44,185,4,kd,3.0,83.2,0.1,80.32,0.5846307574272156,80.8,0.5920055995941162,,,,,,0.480000000000004,0.0073748421669006525,181-200
MWM_AccDiff,44,185,5,kd,1.0,83.36,0.1,79.72,0.6092361976623535,80.94,0.5768740947723389,,,,,,1.2199999999999989,-0.03236210289001462,181-200
MWM_AccDiff,44,185,6,kd,7.0,83.26,0.1,76.94,0.6909299840927124,82.2,0.5276223158836365,,,,,,5.260000000000005,-0.16330766820907594,181-200
MWM_AccDiff,44,185,2,ce,,,0.010000000000000002,82.92,0.49495646677017213,83.4,0.48226211366653443,1.0,83.36,83.36,83.7,0.4913057753562927,0.480000000000004,-0.012694353103637701,181-200
MWM_AccDiff,44,185,8,kd,9.0,82.94,0.1,80.36,0.5872712849617004,79.44,0.616647057723999,,,,,,-0.9200000000000017,0.029375772762298524,181-200
MWM_AccDiff,44,186,4,kd,2.0,83.4,0.1,80.8,0.5920055995941162,80.64,0.5895937262535095,,,,,,-0.1599999999999966,-0.002411873340606774,181-200
MWM_AccDiff,44,186,8,kd,1.0,83.36,0.1,79.44,0.616647057723999,79.86,0.6117065143585205,,,,,,0.4200000000000017,-0.004940543365478445,181-200
MWM_AccDiff,44,186,9,ce,,,0.1,82.94,0.5179738716125488,79.52,0.605515207195282,2.0,83.4,83.4,82.3,0.5234538725852966,-3.4200000000000017,0.08754133558273314,181-200
MWM_AccDiff,44,186,5,kd,7.0,83.26,0.1,80.94,0.5768740947723389,81.06,0.5709059500694275,,,,,,0.12000000000000455,-0.005968144702911404,181-200
MWM_AccDiff,44,186,6,kd,3.0,83.2,0.1,82.2,0.5276223158836365,81.9,0.5348538103103637,,,,,,-0.29999999999999716,0.007231494426727214,181-200
MWM_AccDiff,44,187,6,ce,,,0.1,81.9,0.5348538103103637,73.76,0.7604295865058899,2.0,83.4,83.4,81.68,0.544766130065918,-8.14,0.22557577619552616,181-200
MWM_AccDiff,44,187,5,kd,3.0,83.2,0.1,81.06,0.5709059500694275,81.2,0.5561684717178345,,,,,,0.14000000000000057,-0.014737478351593003,181-200
MWM_AccDiff,44,187,9,kd,1.0,83.36,0.1,79.52,0.605515207195282,81.96,0.5365910793304444,,,,,,2.4399999999999977,-0.06892412786483759,181-200
MWM_AccDiff,44,187,4,kd,7.0,83.26,0.1,80.64,0.5895937262535095,80.44,0.5853183277130127,,,,,,-0.20000000000000284,-0.004275398540496744,181-200
MWM_AccDiff,44,187,8,kd,2.0,83.4,0.1,79.86,0.6117065143585205,79.88,0.5967061190605164,,,,,,0.01999999999999602,-0.015000395298004121,181-200
MWM_AccDiff,44,188,6,kd,2.0,83.4,0.1,73.76,0.7604295865058899,82.12,0.5298613633155823,,,,,,8.36,-0.23056822319030756,181-200
MWM_AccDiff,44,188,8,kd,1.0,83.36,0.1,79.88,0.5967061190605164,80.32,0.583844156742096,,,,,,0.4399999999999977,-0.012861962318420406,181-200
MWM_AccDiff,44,188,9,ce,,,0.1,81.96,0.5365910793304444,79.48,0.6057429734230042,2.0,83.4,83.4,83.22,0.49812406358718875,-2.4799999999999898,0.06915189409255984,181-200
MWM_AccDiff,44,188,5,kd,3.0,83.2,0.1,81.2,0.5561684717178345,81.56,0.5416224020004272,,,,,,0.35999999999999943,-0.01454606971740724,181-200
MWM_AccDiff,44,188,4,kd,7.0,83.26,0.1,80.44,0.5853183277130127,82.1,0.545747447013855,,,,,,1.6599999999999966,-0.03957088069915771,181-200
MWM_AccDiff,44,189,4,kd,3.0,83.2,0.1,82.1,0.545747447013855,81.38,0.5599301942825318,,,,,,-0.7199999999999989,0.014182747268676743,181-200
MWM_AccDiff,44,189,5,kd,7.0,83.26,0.1,81.56,0.5416224020004272,80.42,0.5754548664093018,,,,,,-1.1400000000000006,0.03383246440887455,181-200
MWM_AccDiff,44,189,6,ce,,,0.1,82.12,0.5298613633155823,76.2,0.7271259050369263,2.0,83.4,83.4,81.94,0.5301932888031006,-5.920000000000002,0.197264541721344,181-200
MWM_AccDiff,44,189,9,kd,1.0,83.36,0.1,79.48,0.6057429734230042,83.32,0.49254543380737303,,,,,,3.839999999999989,-0.11319753961563117,181-200
MWM_AccDiff,44,189,8,kd,2.0,83.4,0.1,80.32,0.583844156742096,80.22,0.5933208477020264,,,,,,-0.09999999999999432,0.009476690959930423,181-200
MWM_AccDiff,44,190,6,kd,2.0,83.4,0.1,76.2,0.7271259050369263,82.58,0.5191742925643921,,,,,,6.3799999999999955,-0.20795161247253424,181-200
MWM_AccDiff,44,190,8,kd,1.0,83.36,0.1,80.22,0.5933208477020264,80.68,0.5805705186843872,,,,,,0.46000000000000796,-0.012750329017639173,181-200
MWM_AccDiff,44,190,3,ce,,,0.010000000000000002,83.2,0.49505191345214844,83.6,0.48522034130096436,2.0,83.4,83.4,83.16,0.4957873323440552,0.3999999999999915,-0.009831572151184076,181-200
MWM_AccDiff,44,190,5,kd,9.0,83.32,0.1,80.42,0.5754548664093018,79.4,0.6206911846160889,,,,,,-1.019999999999996,0.045236318206787085,181-200
MWM_AccDiff,44,190,4,kd,7.0,83.26,0.1,81.38,0.5599301942825318,81.06,0.567581033706665,,,,,,-0.3199999999999932,0.007650839424133249,181-200
MWM_AccDiff,44,191,7,ce,,,0.1,83.26,0.4901835509300232,76.66,0.6794598380088807,3.0,83.6,83.6,81.06,0.5647936528205871,-6.6000000000000085,0.18927628707885746,181-200
MWM_AccDiff,44,191,4,kd,1.0,83.36,0.010000000000000002,81.06,0.567581033706665,82.52,0.5137510251998901,,,,,,1.4599999999999937,-0.053830008506774885,181-200
MWM_AccDiff,44,191,5,kd,3.0,83.6,0.1,79.4,0.6206911846160889,81.84,0.5430761559486389,,,,,,2.4399999999999977,-0.07761502866744996,181-200
MWM_AccDiff,44,191,8,kd,2.0,83.4,0.1,80.68,0.5805705186843872,80.54,0.5827408338546753,,,,,,-0.14000000000000057,0.002170315170288095,181-200
MWM_AccDiff,44,191,6,kd,9.0,83.32,0.1,82.58,0.5191742925643921,80.62,0.6077555015563965,,,,,,-1.9599999999999937,0.08858120899200439,181-200
MWM_AccDiff,44,192,4,ce,,,0.010000000000000002,82.52,0.5137510251998901,82.92,0.4942422874450684,3.0,83.6,83.6,83.18,0.49808303384780883,0.4000000000000057,-0.01950873775482176,181-200
MWM_AccDiff,44,192,8,kd,1.0,83.36,0.1,80.54,0.5827408338546753,81.66,0.555025096988678,,,,,,1.1199999999999903,-0.027715736865997376,181-200
MWM_AccDiff,44,192,7,kd,3.0,83.6,0.1,76.66,0.6794598380088807,83.18,0.506340696144104,,,,,,6.52000000000001,-0.17311914186477662,181-200
MWM_AccDiff,44,192,6,kd,2.0,83.4,0.1,80.62,0.6077555015563965,82.6,0.5203252192497253,,,,,,1.9799999999999898,-0.08743028230667116,181-200
MWM_AccDiff,44,192,5,kd,9.0,83.32,0.1,81.84,0.5430761559486389,79.9,0.6081984100341797,,,,,,-1.9399999999999977,0.06512225408554084,181-200
MWM_AccDiff,44,193,7,ce,,,0.1,83.18,0.506340696144104,78.82,0.6163662528991699,3.0,83.6,83.6,82.48,0.5249434522628784,-4.360000000000014,0.11002555675506587,181-200
MWM_AccDiff,44,193,4,kd,9.0,83.32,0.010000000000000002,82.92,0.4942422874450684,82.1,0.5173873531341553,,,,,,-0.8200000000000074,0.02314506568908692,181-200
MWM_AccDiff,44,193,6,kd,1.0,83.36,0.1,82.6,0.5203252192497253,81.82,0.5506208536148072,,,,,,-0.7800000000000011,0.03029563436508187,181-200
MWM_AccDiff,44,193,5,kd,3.0,83.6,0.1,79.9,0.6081984100341797,81.34,0.567297748374939,,,,,,1.4399999999999977,-0.04090066165924078,181-200
MWM_AccDiff,44,193,8,kd,2.0,83.4,0.1,81.66,0.555025096988678,81.1,0.5676166927337647,,,,,,-0.5600000000000023,0.012591595745086726,181-200
MWM_AccDiff,44,194,4,ce,,,0.010000000000000002,82.1,0.5173873531341553,84.22,0.47255900087356567,3.0,83.6,83.6,83.88,0.4828181860923767,2.1200000000000045,-0.04482835226058962,181-200
MWM_AccDiff,44,194,5,kd,1.0,83.36,0.1,81.34,0.567297748374939,80.96,0.5690221628189087,,,,,,-0.38000000000000966,0.0017244144439697573,181-200
MWM_AccDiff,44,194,7,kd,3.0,83.6,0.1,78.82,0.6163662528991699,83.28,0.4936362228393555,,,,,,4.460000000000008,-0.12273003005981442,181-200
MWM_AccDiff,44,194,8,kd,2.0,83.4,0.1,81.1,0.5676166927337647,81.18,0.5705847999572754,,,,,,0.0800000000000125,0.0029681072235107075,181-200
MWM_AccDiff,44,194,6,kd,9.0,83.32,0.1,81.82,0.5506208536148072,81.04,0.5826193178176879,,,,,,-0.7799999999999869,0.03199846420288077,181-200
MWM_AccDiff,44,195,7,ce,,,0.1,83.28,0.4936362228393555,77.06,0.6707673583984375,4.0,84.22,84.22,81.72,0.5439084550857544,-6.219999999999999,0.177131135559082,181-200
MWM_AccDiff,44,195,6,kd,2.0,83.4,0.1,81.04,0.5826193178176879,81.98,0.5286157140731812,,,,,,0.9399999999999977,-0.054003603744506745,181-200
MWM_AccDiff,44,195,5,kd,1.0,83.36,0.1,80.96,0.5690221628189087,81.64,0.5379906880378723,,,,,,0.6800000000000068,-0.031031474781036406,181-200
MWM_AccDiff,44,195,9,kd,3.0,83.6,0.1,83.32,0.49254543380737303,83.14,0.5040276233673096,,,,,,-0.1799999999999926,0.011482189559936518,181-200
MWM_AccDiff,44,195,8,kd,4.0,84.22,0.1,81.18,0.5705847999572754,80.7,0.5889292579650879,,,,,,-0.480000000000004,0.01834445800781248,181-200
MWM_AccDiff,44,196,7,kd,4.0,84.22,0.1,77.06,0.6707673583984375,82.92,0.4985509174346924,,,,,,5.859999999999999,-0.1722164409637451,181-200
MWM_AccDiff,44,196,6,kd,1.0,83.36,0.1,81.98,0.5286157140731812,81.82,0.5400638766288758,,,,,,-0.1600000000000108,0.011448162555694585,181-200
MWM_AccDiff,44,196,9,ce,,,0.1,83.14,0.5040276233673096,79.32,0.6248694128036499,4.0,84.22,84.22,82.62,0.5111844031333923,-3.8200000000000074,0.12084178943634039,181-200
MWM_AccDiff,44,196,8,kd,3.0,83.6,0.1,80.7,0.5889292579650879,81.18,0.5583792922973633,,,,,,0.480000000000004,-0.03054996566772461,181-200
MWM_AccDiff,44,196,5,kd,2.0,83.4,0.1,81.64,0.5379906880378723,81.86,0.5396919033050537,,,,,,0.21999999999999886,0.0017012152671813663,181-200
MWM_AccDiff,44,197,7,ce,,,0.1,82.92,0.4985509174346924,79.32,0.6240918586730957,4.0,84.22,84.22,82.64,0.5252105618476868,-3.6000000000000085,0.12554094123840331,181-200
MWM_AccDiff,44,197,9,kd,3.0,83.6,0.1,79.32,0.6248694128036499,82.68,0.5089699597358703,,,,,,3.3600000000000136,-0.1158994530677796,181-200
MWM_AccDiff,44,197,6,kd,1.0,83.36,0.1,81.82,0.5400638766288758,81.9,0.5241935740470887,,,,,,0.0800000000000125,-0.01587030258178712,181-200
MWM_AccDiff,44,197,8,kd,4.0,84.22,0.1,81.18,0.5583792922973633,80.42,0.5706418327331543,,,,,,-0.7600000000000051,0.012262540435791003,181-200
MWM_AccDiff,44,197,5,kd,2.0,83.4,0.1,81.86,0.5396919033050537,80.1,0.5841818534851074,,,,,,-1.7600000000000051,0.04448995018005375,181-200
MWM_AccDiff,44,198,6,kd,1.0,83.36,0.1,81.9,0.5241935740470887,81.66,0.5455188255310058,,,,,,-0.2400000000000091,0.021325251483917174,181-200
MWM_AccDiff,44,198,9,ce,,,0.1,82.68,0.5089699597358703,76.92,0.6788245847702027,4.0,84.22,84.22,82.68,0.5076978791236877,-5.760000000000005,0.16985462503433235,181-200
MWM_AccDiff,44,198,8,kd,4.0,84.22,0.1,80.42,0.5706418327331543,80.58,0.5706484391212463,,,,,,0.1599999999999966,6.606388092023074e-06,181-200
MWM_AccDiff,44,198,7,kd,2.0,83.4,0.1,79.32,0.6240918586730957,82.18,0.5262900354385376,,,,,,2.8600000000000136,-0.0978018232345581,181-200
MWM_AccDiff,44,198,5,kd,3.0,83.6,0.1,80.1,0.5841818534851074,79.64,0.5960378769874572,,,,,,-0.45999999999999375,0.011856023502349822,181-200
MWM_AccDiff,44,199,7,ce,,,0.1,82.18,0.5262900354385376,78.16,0.6568830144882202,4.0,84.22,84.22,82.46,0.5185854055404663,-4.02000000000001,0.1305929790496826,181-200
MWM_AccDiff,44,199,9,kd,3.0,83.6,0.1,76.92,0.6788245847702027,82.4,0.5156105333328247,,,,,,5.480000000000004,-0.163214051437378,181-200
MWM_AccDiff,44,199,6,kd,1.0,83.36,0.1,81.66,0.5455188255310058,82.64,0.5204631958961486,,,,,,0.980000000000004,-0.02505562963485719,181-200
MWM_AccDiff,44,199,5,kd,4.0,84.22,0.1,79.64,0.5960378769874572,81.16,0.5561872247695923,,,,,,1.519999999999996,-0.03985065221786499,181-200
MWM_AccDiff,44,199,8,kd,2.0,83.4,0.1,80.58,0.5706484391212463,79.54,0.6242829935073853,,,,,,-1.039999999999992,0.053634554386138955,181-200
MWM_AccDiff,44,200,7,kd,4.0,84.22,0.1,78.16,0.6568830144882202,82.42,0.5092125393867493,,,,,,4.260000000000005,-0.1476704751014709,181-200
MWM_AccDiff,44,200,6,ce,,,0.1,82.64,0.5204631958961486,75.68,0.7193874960899354,4.0,84.22,84.22,80.84,0.5809738993644714,-6.959999999999994,0.1989243001937867,181-200
MWM_AccDiff,44,200,8,kd,3.0,83.6,0.1,79.54,0.6242829935073853,82.16,0.5236426678657532,,,,,,2.6199999999999903,-0.10064032564163206,181-200
MWM_AccDiff,44,200,9,kd,1.0,83.36,0.1,82.4,0.5156105333328247,82.32,0.5131702159881592,,,,,,-0.0800000000000125,-0.0024403173446655435,181-200
MWM_AccDiff,44,200,5,kd,2.0,83.4,0.1,81.16,0.5561872247695923,81.24,0.5538791519165039,,,,,,0.0799999999999983,-0.0023080728530883166,181-200
MWM_AccDiff,44,201,7,ce,,,0.1,82.42,0.5092125393867493,77.98,0.6590930389404297,4.0,84.22,84.22,82.78,0.5050158375740051,-4.439999999999998,0.14988049955368044,201-220
MWM_AccDiff,44,201,8,kd,1.0,83.36,0.1,82.16,0.5236426678657532,81.06,0.5632223395347595,,,,,,-1.0999999999999943,0.03957967166900633,201-220
MWM_AccDiff,44,201,9,kd,4.0,84.22,0.1,82.32,0.5131702159881592,82.76,0.5199177171707153,,,,,,0.44000000000001194,0.0067475011825561815,201-220
MWM_AccDiff,44,201,6,kd,3.0,83.6,0.1,75.68,0.7193874960899354,81.8,0.5199209211349487,,,,,,6.11999999999999,-0.19946657495498665,201-220
MWM_AccDiff,44,201,5,kd,2.0,83.4,0.1,81.24,0.5538791519165039,79.14,0.6474956867218018,,,,,,-2.0999999999999943,0.09361653480529786,201-220
MWM_AccDiff,44,202,6,kd,1.0,83.36,0.1,81.8,0.5199209211349487,81.94,0.5476895862579346,,,,,,0.14000000000000057,0.027768665122985925,201-220
MWM_AccDiff,44,202,9,ce,,,0.1,82.76,0.5199177171707153,79.08,0.6499399055480957,4.0,84.22,84.22,82.3,0.5379037577629089,-3.680000000000007,0.13002218837738033,201-220
MWM_AccDiff,44,202,7,kd,3.0,83.6,0.1,77.98,0.6590930389404297,83.08,0.5042694630622864,,,,,,5.099999999999994,-0.15482357587814333,201-220
MWM_AccDiff,44,202,5,kd,4.0,84.22,0.1,79.14,0.6474956867218018,81.34,0.5420201628684997,,,,,,2.200000000000003,-0.10547552385330206,201-220
MWM_AccDiff,44,202,8,kd,2.0,83.4,0.1,81.06,0.5632223395347595,81.5,0.5552068344116211,,,,,,0.4399999999999977,-0.008015505123138422,201-220
MWM_AccDiff,44,203,7,ce,,,0.1,83.08,0.5042694630622864,78.82,0.6208571781158447,4.0,84.22,84.22,83.28,0.49869417572021485,-4.260000000000005,0.11658771505355836,201-220
MWM_AccDiff,44,203,6,kd,1.0,83.36,0.1,81.94,0.5476895862579346,81.44,0.5544277946472168,,,,,,-0.5,0.006738208389282185,201-220
MWM_AccDiff,44,203,9,kd,2.0,83.4,0.1,79.08,0.6499399055480957,82.2,0.5197677165985107,,,,,,3.1200000000000045,-0.13017218894958493,201-220
MWM_AccDiff,44,203,8,kd,4.0,84.22,0.1,81.5,0.5552068344116211,80.36,0.5872696413040162,,,,,,-1.1400000000000006,0.032062806892395046,201-220
MWM_AccDiff,44,203,5,kd,3.0,83.6,0.1,81.34,0.5420201628684997,82.08,0.5481399345397949,,,,,,0.7399999999999949,0.006119771671295182,201-220
MWM_AccDiff,44,204,7,kd,4.0,84.22,0.1,78.82,0.6208571781158447,83.4,0.4862957335472107,,,,,,4.5800000000000125,-0.13456144456863406,201-220
MWM_AccDiff,44,204,6,kd,2.0,83.4,0.1,81.44,0.5544277946472168,81.7,0.53895059633255,,,,,,0.2600000000000051,-0.015477198314666762,201-220
MWM_AccDiff,44,204,9,ce,,,0.1,82.2,0.5197677165985107,78.32,0.6325370440483093,4.0,84.22,84.22,82.2,0.5177231676101685,-3.8800000000000097,0.11276932744979862,201-220
MWM_AccDiff,44,204,5,kd,1.0,83.36,0.1,82.08,0.5481399345397949,80.9,0.5703296717643738,,,,,,-1.1799999999999926,0.022189737224578843,201-220
MWM_AccDiff,44,204,8,kd,3.0,83.6,0.1,80.36,0.5872696413040162,81.12,0.569742788696289,,,,,,0.7600000000000051,-0.017526852607727128,201-220
MWM_AccDiff,44,205,1,ce,,,0.010000000000000002,83.36,0.4807181640625,83.58,0.47146381845474244,4.0,84.22,84.22,83.58,0.4785767481803894,0.21999999999999886,-0.009254345607757564,201-220
MWM_AccDiff,44,205,6,kd,2.0,83.4,0.1,81.7,0.53895059633255,81.88,0.5435740586280823,,,,,,0.1799999999999926,0.004623462295532232,201-220
MWM_AccDiff,44,205,8,kd,4.0,84.22,0.1,81.12,0.569742788696289,80.1,0.596455466556549,,,,,,-1.0200000000000102,0.026712677860259992,201-220
MWM_AccDiff,44,205,5,kd,3.0,83.6,0.1,80.9,0.5703296717643738,81.36,0.5666871060371399,,,,,,0.45999999999999375,-0.0036425657272338707,201-220
MWM_AccDiff,44,205,9,kd,7.0,83.4,0.1,78.32,0.6325370440483093,82.42,0.5252484473228455,,,,,,4.1000000000000085,-0.10728859672546387,201-220
MWM_AccDiff,44,206,8,kd,1.0,83.58,0.1,80.1,0.596455466556549,81.2,0.5607472227096557,,,,,,1.1000000000000085,-0.035708243846893306,201-220
MWM_AccDiff,44,206,6,kd,4.0,84.22,0.1,81.88,0.5435740586280823,81.4,0.5529252576828003,,,,,,-0.47999999999998977,0.00935119905471804,201-220
MWM_AccDiff,44,206,2,ce,,,0.010000000000000002,83.4,0.48226211366653443,83.52,0.47411074285507204,4.0,84.22,84.22,84.26,0.4738906869888306,0.11999999999999034,-0.008151370811462388,201-220
MWM_AccDiff,44,206,5,kd,3.0,83.6,0.1,81.36,0.5666871060371399,81.58,0.5664026659965515,,,,,,0.21999999999999886,-0.0002844400405883629,201-220
MWM_AccDiff,44,206,9,kd,7.0,83.4,0.1,82.42,0.5252484473228455,81.66,0.550254479598999,,,,,,-0.7600000000000051,0.0250060322761535,201-220
MWM_AccDiff,44,207,7,ce,,,0.1,83.4,0.4862957335472107,78.42,0.6424811834335327,4.0,84.22,84.22,83.16,0.49857217178344726,-4.980000000000004,0.156185449886322,201-220
MWM_AccDiff,44,207,8,kd,1.0,83.58,0.1,81.2,0.5607472227096557,81.58,0.5373397018432617,,,,,,0.37999999999999545,-0.02340752086639397,201-220
MWM_AccDiff,44,207,6,kd,4.0,84.22,0.1,81.4,0.5529252576828003,81.48,0.5405772416114807,,,,,,0.0799999999999983,-0.012348016071319634,201-220
MWM_AccDiff,44,207,9,kd,2.0,83.52,0.1,81.66,0.550254479598999,81.2,0.5650718824386597,,,,,,-0.45999999999999375,0.01481740283966071,201-220
MWM_AccDiff,44,207,5,kd,3.0,83.6,0.1,81.58,0.5664026659965515,81.56,0.5483836526870728,,,,,,-0.01999999999999602,-0.01801901330947875,201-220
MWM_AccDiff,44,208,7,kd,4.0,84.22,0.1,78.42,0.6424811834335327,83.46,0.4906267314910889,,,,,,5.039999999999992,-0.1518544519424438,201-220
MWM_AccDiff,44,208,6,kd,3.0,83.6,0.1,81.48,0.5405772416114807,80.72,0.5797791285037994,,,,,,-0.7600000000000051,0.03920188689231874,201-220
MWM_AccDiff,44,208,8,ce,,,0.1,81.58,0.5373397018432617,76.78,0.6810474182128906,4.0,84.22,84.22,81.82,0.5489431560516358,-4.799999999999997,0.14370771636962887,201-220
MWM_AccDiff,44,208,9,kd,1.0,83.58,0.1,81.2,0.5650718824386597,82.0,0.5253647539138794,,,,,,0.7999999999999972,-0.03970712852478031,201-220
MWM_AccDiff,44,208,5,kd,2.0,83.52,0.1,81.56,0.5483836526870728,79.8,0.6058715337753295,,,,,,-1.7600000000000051,0.057487881088256754,201-220
MWM_AccDiff,44,209,7,ce,,,0.1,83.46,0.4906267314910889,78.72,0.6587151670455933,4.0,84.22,84.22,82.42,0.5102659083366394,-4.739999999999995,0.16808843555450442,201-220
MWM_AccDiff,44,209,6,kd,1.0,83.58,0.1,80.72,0.5797791285037994,81.74,0.546356810092926,,,,,,1.019999999999996,-0.0334223184108734,201-220
MWM_AccDiff,44,209,9,kd,2.0,83.52,0.1,82.0,0.5253647539138794,81.26,0.5532916774749755,,,,,,-0.7399999999999949,0.027926923561096162,201-220
MWM_AccDiff,44,209,5,kd,4.0,84.22,0.1,79.8,0.6058715337753295,80.98,0.5649517276763916,,,,,,1.1800000000000068,-0.04091980609893797,201-220
MWM_AccDiff,44,209,8,kd,3.0,83.6,0.1,76.78,0.6810474182128906,81.68,0.5489229681015014,,,,,,4.900000000000006,-0.13212445011138918,201-220
MWM_AccDiff,44,210,7,kd,1.0,83.58,0.1,78.72,0.6587151670455933,82.98,0.5037656015396118,,,,,,4.260000000000005,-0.1549495655059815,201-220
MWM_AccDiff,44,210,9,kd,4.0,84.22,0.1,81.26,0.5532916774749755,82.62,0.5274194231033326,,,,,,1.3599999999999994,-0.025872254371642978,201-220
MWM_AccDiff,44,210,6,kd,3.0,83.6,0.1,81.74,0.546356810092926,81.54,0.5513134276390076,,,,,,-0.19999999999998863,0.004956617546081565,201-220
MWM_AccDiff,44,210,8,ce,,,0.1,81.68,0.5489229681015014,75.52,0.7303830368041992,4.0,84.22,84.22,80.04,0.6112848428726196,-6.160000000000011,0.18146006870269782,201-220
MWM_AccDiff,44,210,5,kd,2.0,83.52,0.1,80.98,0.5649517276763916,81.22,0.5695052575111389,,,,,,0.23999999999999488,0.004553529834747327,201-220
MWM_AccDiff,44,211,7,ce,,,0.1,82.98,0.5037656015396118,76.06,0.6936835744857788,4.0,84.22,84.22,82.62,0.5149671083450318,-6.920000000000002,0.18991797294616697,201-220
MWM_AccDiff,44,211,8,kd,1.0,83.58,0.1,75.52,0.7303830368041992,81.44,0.5332467106819153,,,,,,5.920000000000002,-0.19713632612228393,201-220
MWM_AccDiff,44,211,6,kd,4.0,84.22,0.1,81.54,0.5513134276390076,81.72,0.540969122505188,,,,,,0.1799999999999926,-0.010344305133819565,201-220
MWM_AccDiff,44,211,9,kd,2.0,83.52,0.1,82.62,0.5274194231033326,81.5,0.5477357110023499,,,,,,-1.1200000000000045,0.020316287899017293,201-220
MWM_AccDiff,44,211,5,kd,3.0,83.6,0.1,81.22,0.5695052575111389,82.16,0.5399703738212586,,,,,,0.9399999999999977,-0.02953488368988033,201-220
MWM_AccDiff,44,212,6,kd,2.0,83.52,0.1,81.72,0.540969122505188,81.26,0.5594910818099975,,,,,,-0.45999999999999375,0.018521959304809488,201-220
MWM_AccDiff,44,212,8,kd,1.0,83.58,0.1,81.44,0.5332467106819153,81.5,0.5299433931350708,,,,,,0.060000000000002274,-0.003303317546844542,201-220
MWM_AccDiff,44,212,9,kd,4.0,84.22,0.1,81.5,0.5477357110023499,81.98,0.5383278659820556,,,,,,0.480000000000004,-0.009407845020294237,201-220
MWM_AccDiff,44,212,7,kd,3.0,83.6,0.1,76.06,0.6936835744857788,83.2,0.5101444427490235,,,,,,7.140000000000001,-0.1835391317367553,201-220
MWM_AccDiff,44,212,5,ce,,,0.1,82.16,0.5399703738212586,77.56,0.6419985004425048,4.0,84.22,84.22,81.82,0.554165870475769,-4.599999999999994,0.10202812662124627,201-220
MWM_AccDiff,44,213,7,ce,,,0.1,83.2,0.5101444427490235,79.12,0.6239988941192627,4.0,84.22,84.22,82.86,0.5047359517097473,-4.079999999999998,0.1138544513702392,201-220
MWM_AccDiff,44,213,6,kd,1.0,83.58,0.1,81.26,0.5594910818099975,81.88,0.5311423201560974,,,,,,0.6199999999999903,-0.0283487616539001,201-220
MWM_AccDiff,44,213,9,kd,2.0,83.52,0.1,81.98,0.5383278659820556,81.06,0.5770605777740478,,,,,,-0.9200000000000017,0.038732711791992225,201-220
MWM_AccDiff,44,213,8,kd,4.0,84.22,0.1,81.5,0.5299433931350708,82.3,0.5182030166625976,,,,,,0.7999999999999972,-0.011740376472473169,201-220
MWM_AccDiff,44,213,5,kd,3.0,83.6,0.1,77.56,0.6419985004425048,81.76,0.542298772907257,,,,,,4.200000000000003,-0.0996997275352478,201-220
MWM_AccDiff,44,214,7,kd,4.0,84.22,0.1,79.12,0.6239988941192627,82.36,0.5270668823242187,,,,,,3.239999999999995,-0.09693201179504396,201-220
MWM_AccDiff,44,214,6,kd,2.0,83.52,0.1,81.88,0.5311423201560974,80.68,0.5657732730865479,,,,,,-1.1999999999999886,0.03463095293045049,201-220
MWM_AccDiff,44,214,9,kd,3.0,83.6,0.1,81.06,0.5770605777740478,82.1,0.5403318025588989,,,,,,1.039999999999992,-0.036728775215148945,201-220
MWM_AccDiff,44,214,5,kd,1.0,83.58,0.1,81.76,0.542298772907257,81.82,0.5371979700088501,,,,,,0.05999999999998806,-0.005100802898406975,201-220
MWM_AccDiff,44,214,8,ce,,,0.1,82.3,0.5182030166625976,76.42,0.6853040664672851,4.0,84.22,84.22,81.28,0.545141394329071,-5.8799999999999955,0.16710104980468754,201-220
MWM_AccDiff,44,215,7,ce,,,0.1,82.36,0.5270668823242187,79.12,0.6143479604721069,4.0,84.22,84.22,83.5,0.49150561017990113,-3.239999999999995,0.08728107814788821,201-220
MWM_AccDiff,44,215,6,kd,4.0,84.22,0.1,80.68,0.5657732730865479,82.12,0.5312230570793152,,,,,,1.4399999999999977,-0.03455021600723274,201-220
MWM_AccDiff,44,215,5,kd,1.0,83.58,0.1,81.82,0.5371979700088501,82.16,0.5226697326660156,,,,,,0.3400000000000034,-0.014528237342834482,201-220
MWM_AccDiff,44,215,9,kd,2.0,83.52,0.1,82.1,0.5403318025588989,81.76,0.5524491569519043,,,,,,-0.3399999999999892,0.01211735439300543,201-220
MWM_AccDiff,44,215,8,kd,3.0,83.6,0.1,76.42,0.6853040664672851,82.7,0.5190328084945679,,,,,,6.280000000000001,-0.16627125797271725,201-220
MWM_AccDiff,44,216,7,kd,4.0,84.22,0.1,79.12,0.6143479604721069,82.96,0.49775955743789674,,,,,,3.839999999999989,-0.1165884030342102,201-220
MWM_AccDiff,44,216,6,kd,3.0,83.6,0.1,82.12,0.5312230570793152,81.96,0.52233708152771,,,,,,-0.1600000000000108,-0.008885975551605196,201-220
MWM_AccDiff,44,216,8,ce,,,0.1,82.7,0.5190328084945679,76.62,0.6917448530197143,4.0,84.22,84.22,82.38,0.516103176021576,-6.079999999999998,0.17271204452514644,201-220
MWM_AccDiff,44,216,9,kd,1.0,83.58,0.1,81.76,0.5524491569519043,82.0,0.522994580745697,,,,,,0.23999999999999488,-0.029454576206207284,201-220
MWM_AccDiff,44,216,5,kd,2.0,83.52,0.1,82.16,0.5226697326660156,80.86,0.5701698613166809,,,,,,-1.2999999999999972,0.04750012865066533,201-220
MWM_AccDiff,44,217,7,ce,,,0.1,82.96,0.49775955743789674,80.04,0.5954237119674682,4.0,84.22,84.22,82.56,0.5136238973617554,-2.9199999999999875,0.0976641545295715,201-220
MWM_AccDiff,44,217,6,kd,1.0,83.58,0.1,81.96,0.52233708152771,81.94,0.5363054860115051,,,,,,-0.01999999999999602,0.013968404483795105,201-220
MWM_AccDiff,44,217,9,kd,2.0,83.52,0.1,82.0,0.522994580745697,82.02,0.532345903968811,,,,,,0.01999999999999602,0.009351323223113939,201-220
MWM_AccDiff,44,217,5,kd,4.0,84.22,0.1,80.86,0.5701698613166809,81.18,0.5802662467956543,,,,,,0.3200000000000074,0.010096385478973402,201-220
MWM_AccDiff,44,217,8,kd,3.0,83.6,0.010000000000000002,76.62,0.6917448530197143,83.38,0.47776928367614746,,,,,,6.759999999999991,-0.21397556934356687,201-220
MWM_AccDiff,44,218,6,kd,1.0,83.58,0.1,81.94,0.5363054860115051,82.14,0.5363822083473205,,,,,,0.20000000000000284,7.672233581546006e-05,201-220
MWM_AccDiff,44,218,9,kd,2.0,83.52,0.1,82.02,0.532345903968811,79.94,0.6113587491989135,,,,,,-2.0799999999999983,0.07901284523010255,201-220
MWM_AccDiff,44,218,7,kd,3.0,83.6,0.1,80.04,0.5954237119674682,82.52,0.5090980753898621,,,,,,2.4799999999999898,-0.08632563657760617,201-220
MWM_AccDiff,44,218,5,kd,4.0,84.22,0.1,81.18,0.5802662467956543,80.62,0.5549142924308776,,,,,,-0.5600000000000023,-0.025351954364776663,201-220
MWM_AccDiff,44,218,8,ce,,,0.010000000000000002,83.38,0.47776928367614746,84.4,0.45572467470169065,4.0,84.22,84.22,83.94,0.4643980131149292,1.0200000000000102,-0.022044608974456814,201-220
MWM_AccDiff,44,219,7,kd,8.0,84.4,0.1,82.52,0.5090980753898621,82.72,0.519990169429779,,,,,,0.20000000000000284,0.010892094039916977,201-220
MWM_AccDiff,44,219,6,kd,1.0,83.58,0.1,82.14,0.5363822083473205,80.7,0.5796706544876099,,,,,,-1.4399999999999977,0.04328844614028937,201-220
MWM_AccDiff,44,219,2,ce,,,0.010000000000000002,83.52,0.47411074285507204,84.08,0.46747415008544924,8.0,84.4,84.4,84.02,0.4650385135650635,0.5600000000000023,-0.006636592769622807,201-220
MWM_AccDiff,44,219,5,kd,3.0,83.6,0.1,80.62,0.5549142924308776,79.04,0.6290416653633117,,,,,,-1.5799999999999983,0.0741273729324341,201-220
MWM_AccDiff,44,219,9,kd,4.0,84.22,0.1,79.94,0.6113587491989135,81.18,0.5562865125656128,,,,,,1.240000000000009,-0.05507223663330074,201-220
MWM_AccDiff,44,220,1,ce,,,0.010000000000000002,83.58,0.47146381845474244,83.64,0.4711884587287903,8.0,84.4,84.4,83.8,0.4656331233024597,0.060000000000002274,-0.0002753597259521623,201-220
MWM_AccDiff,44,220,5,kd,8.0,84.4,0.1,79.04,0.6290416653633117,80.94,0.5703614238739013,,,,,,1.8999999999999915,-0.05868024148941042,201-220
MWM_AccDiff,44,220,9,kd,2.0,84.08,0.1,81.18,0.5562865125656128,80.86,0.5804470434188843,,,,,,-0.3200000000000074,0.024160530853271522,201-220
MWM_AccDiff,44,220,6,kd,4.0,84.22,0.1,80.7,0.5796706544876099,81.44,0.5622013565063476,,,,,,0.7399999999999949,-0.01746929798126229,201-220
MWM_AccDiff,44,220,7,kd,3.0,83.6,0.010000000000000002,82.72,0.519990169429779,84.12,0.4520278542518616,,,,,,1.4000000000000057,-0.06796231517791745,201-220
MWM_ClassDist,42,1,6,kd,2.0,11.1,0.1,10.1,2.455472416305542,9.42,2.425918324661255,,,,,,-0.6799999999999997,-0.029554091644286906,1-20
MWM_ClassDist,42,1,1,kd,7.0,10.0,0.1,9.56,2.4497131542205812,10.0,2.7019499031066894,,,,,,0.4399999999999995,0.25223674888610814,1-20
MWM_ClassDist,42,1,9,ce,,,0.1,7.42,2.4722107765197756,40.12,1.6436166255950928,4.0,13.66,13.66,14.46,2.523483835220337,32.699999999999996,-0.8285941509246828,1-20
MWM_ClassDist,42,1,8,kd,4.0,13.66,0.1,10.58,2.4011038234710695,14.92,2.5209967597961427,,,,,,4.34,0.11989293632507314,1-20
MWM_ClassDist,42,1,3,kd,5.0,10.62,0.1,9.94,2.4335200691223147,10.64,2.596071357727051,,,,,,0.7000000000000011,0.16255128860473622,1-20
MWM_ClassDist,42,2,7,kd,8.0,14.92,0.1,10.0,2.5385899616241456,14.5,2.6116151798248293,,,,,,4.5,0.07302521820068364,1-20
MWM_ClassDist,42,2,3,ce,,,0.1,10.64,2.596071357727051,33.26,1.8078359237670898,9.0,40.12,40.12,35.98,1.794166213607788,22.619999999999997,-0.7882354339599611,1-20
MWM_ClassDist,42,2,1,kd,4.0,13.66,0.1,10.0,2.7019499031066894,10.28,2.5202244316101075,,,,,,0.27999999999999936,-0.18172547149658191,1-20
MWM_ClassDist,42,2,6,kd,9.0,40.12,0.1,9.42,2.425918324661255,15.62,33.19628784790039,,,,,,6.199999999999999,30.77036952323914,1-20
MWM_ClassDist,42,2,5,kd,2.0,11.1,0.1,10.62,2.539627278137207,9.28,2.446779870605469,,,,,,-1.3399999999999999,-0.09284740753173804,1-20
MWM_ClassDist,42,3,4,ce,,,0.1,13.66,2.45139803237915,40.36,1.6363295650482177,9.0,40.12,40.12,34.22,1.8434013883590699,26.7,-0.8150684673309325,1-20
MWM_ClassDist,42,3,2,kd,7.0,14.5,0.1,11.1,2.3685577098846435,10.28,2.6924468952178957,,,,,,-0.8200000000000003,0.32388918533325217,1-20
MWM_ClassDist,42,3,5,kd,8.0,14.92,0.1,9.28,2.446779870605469,15.54,2.620139326095581,,,,,,6.26,0.17335945549011234,1-20
MWM_ClassDist,42,3,6,kd,3.0,33.26,0.1,15.62,33.19628784790039,25.08,2.114410090637207,,,,,,9.459999999999999,-31.081877757263186,1-20
MWM_ClassDist,42,3,1,kd,9.0,40.12,0.1,10.28,2.5202244316101075,37.3,1.7337324909210206,,,,,,27.019999999999996,-0.7864919406890869,1-20
MWM_ClassDist,42,4,5,kd,1.0,37.3,0.1,15.54,2.620139326095581,36.56,1.7489348484039307,,,,,,21.020000000000003,-0.8712044776916505,1-20
MWM_ClassDist,42,4,6,kd,4.0,40.36,0.1,25.08,2.114410090637207,40.4,1.6416848148345948,,,,,,15.32,-0.47272527580261214,1-20
MWM_ClassDist,42,4,2,kd,3.0,33.26,0.1,10.28,2.6924468952178957,29.74,2.0963635471343993,,,,,,19.46,-0.5960833480834964,1-20
MWM_ClassDist,42,4,7,kd,9.0,40.12,0.1,14.5,2.6116151798248293,37.16,1.7418403018951416,,,,,,22.659999999999997,-0.8697748779296877,1-20
MWM_ClassDist,42,4,8,ce,,,0.1,14.92,2.5209967597961427,38.02,1.7103865051269531,4.0,40.36,40.36,37.0,2.0040714292526247,23.1,-0.8106102546691896,1-20
MWM_ClassDist,42,5,2,ce,,,0.1,29.74,2.0963635471343993,12.52,22.665530279541017,6.0,40.4,40.4,38.78,1.7382280361175537,-17.22,20.569166732406618,1-20
MWM_ClassDist,42,5,7,kd,6.0,40.4,0.1,37.16,1.7418403018951416,39.5,1.6611033679962157,,,,,,2.3400000000000034,-0.08073693389892589,1-20
MWM_ClassDist,42,5,8,kd,9.0,40.12,0.1,38.02,1.7103865051269531,39.54,1.6563993209838868,,,,,,1.519999999999996,-0.05398718414306636,1-20
MWM_ClassDist,42,5,1,kd,4.0,40.36,0.1,37.3,1.7337324909210206,37.9,1.7339607372283936,,,,,,0.6000000000000014,0.00022824630737305895,1-20
MWM_ClassDist,42,5,3,kd,5.0,36.56,0.1,33.26,1.8078359237670898,36.42,1.7959121335983277,,,,,,3.1600000000000037,-0.011923790168762105,1-20
MWM_ClassDist,42,6,3,kd,4.0,40.36,0.1,36.42,1.7959121335983277,39.82,1.7413879861831665,,,,,,3.3999999999999986,-0.054524147415161206,1-20
MWM_ClassDist,42,6,1,kd,8.0,39.54,0.1,37.9,1.7339607372283936,38.94,1.67991271648407,,,,,,1.0399999999999991,-0.05404802074432369,1-20
MWM_ClassDist,42,6,2,ce,,,0.1,12.52,22.665530279541017,37.06,1.6969068958282472,6.0,40.4,40.4,36.8,1.8211706579208373,24.540000000000003,-20.96862338371277,1-20
MWM_ClassDist,42,6,5,kd,7.0,39.5,0.1,36.56,1.7489348484039307,39.7,1.66860249710083,,,,,,3.1400000000000006,-0.08033235130310068,1-20
MWM_ClassDist,42,6,9,kd,6.0,40.4,0.1,40.12,1.6436166255950928,41.38,1.64053965549469,,,,,,1.2600000000000051,-0.003076970100402754,1-20
MWM_ClassDist,42,7,2,kd,7.0,39.5,0.1,37.06,1.6969068958282472,38.98,1.6754676380157472,,,,,,1.9199999999999946,-0.0214392578125,1-20
MWM_ClassDist,42,7,4,kd,9.0,41.38,0.1,40.36,1.6363295650482177,40.22,1.7073113359451293,,,,,,-0.14000000000000057,0.0709817708969116,1-20
MWM_ClassDist,42,7,6,ce,,,0.1,40.4,1.6416848148345948,47.6,1.430581686782837,9.0,41.38,41.38,38.1,1.9135639541625977,7.200000000000003,-0.2111031280517579,1-20
MWM_ClassDist,42,7,1,kd,3.0,39.82,0.1,38.94,1.67991271648407,39.56,1.73742587890625,,,,,,0.6200000000000045,0.057513162422180075,1-20
MWM_ClassDist,42,7,8,kd,5.0,39.7,0.1,39.54,1.6563993209838868,39.96,1.6943173601150512,,,,,,0.4200000000000017,0.03791803913116443,1-20
MWM_ClassDist,42,8,2,ce,,,0.1,38.98,1.6754676380157472,44.58,1.5044883262634277,6.0,47.6,47.6,37.3,1.907976258468628,5.600000000000001,-0.1709793117523195,1-20
MWM_ClassDist,42,8,7,kd,9.0,41.38,0.1,39.5,1.6611033679962157,40.02,1.6719908491134643,,,,,,0.5200000000000031,0.010887481117248576,1-20
MWM_ClassDist,42,8,8,kd,4.0,40.22,0.1,39.96,1.6943173601150512,39.88,1.7702115242004395,,,,,,-0.0799999999999983,0.0758941640853883,1-20
MWM_ClassDist,42,8,5,kd,3.0,39.82,0.1,39.7,1.66860249710083,38.16,1.891222017288208,,,,,,-1.5400000000000063,0.22261952018737796,1-20
MWM_ClassDist,42,8,1,kd,6.0,47.6,0.1,39.56,1.73742587890625,46.3,1.4929658821105958,,,,,,6.739999999999995,-0.24445999679565422,1-20
MWM_ClassDist,42,9,7,ce,,,0.1,40.02,1.6719908491134643,45.6,1.4565914993286133,6.0,47.6,47.6,46.18,1.480053646850586,5.579999999999998,-0.21539934978485098,1-20
MWM_ClassDist,42,9,3,kd,1.0,46.3,0.1,39.82,1.7413879861831665,43.86,1.5377421318054199,,,,,,4.039999999999999,-0.20364585437774663,1-20
MWM_ClassDist,42,9,4,kd,6.0,47.6,0.1,40.22,1.7073113359451293,46.22,1.4833958862304688,,,,,,6.0,-0.22391544971466049,1-20
MWM_ClassDist,42,9,5,kd,9.0,41.38,0.1,38.16,1.891222017288208,41.58,1.662180331993103,,,,,,3.4200000000000017,-0.22904168529510494,1-20
MWM_ClassDist,42,9,8,kd,2.0,44.58,0.1,39.88,1.7702115242004395,42.18,1.6001144149780273,,,,,,2.299999999999997,-0.17009710922241217,1-20
MWM_ClassDist,42,10,4,ce,,,0.1,46.22,1.4833958862304688,49.78,1.3797910306930543,6.0,47.6,47.6,46.12,1.4597902599334718,3.5600000000000023,-0.1036048555374145,1-20
MWM_ClassDist,42,10,8,kd,1.0,46.3,0.1,42.18,1.6001144149780273,45.2,1.5551741621017456,,,,,,3.020000000000003,-0.04494025287628167,1-20
MWM_ClassDist,42,10,3,kd,7.0,45.6,0.1,43.86,1.5377421318054199,43.54,1.5248803760528564,,,,,,-0.3200000000000003,-0.01286175575256343,1-20
MWM_ClassDist,42,10,9,kd,6.0,47.6,0.1,41.38,1.64053965549469,44.66,1.5630863245010376,,,,,,3.279999999999994,-0.07745333099365248,1-20
MWM_ClassDist,42,10,5,kd,2.0,44.58,0.1,41.58,1.662180331993103,44.24,1.529186253929138,,,,,,2.6600000000000037,-0.1329940780639649,1-20
MWM_ClassDist,42,11,7,kd,1.0,46.3,0.1,45.6,1.4565914993286133,46.76,1.4810141422271728,,,,,,1.1599999999999966,0.024422642898559443,1-20
MWM_ClassDist,42,11,9,ce,,,0.1,44.66,1.5630863245010376,52.2,1.3442963302612305,4.0,49.78,49.78,45.0,1.5756140829086305,7.540000000000006,-0.21878999423980705,1-20
MWM_ClassDist,42,11,5,kd,4.0,49.78,0.1,44.24,1.529186253929138,49.42,1.3983250133514404,,,,,,5.18,-0.13086124057769766,1-20
MWM_ClassDist,42,11,3,kd,6.0,47.6,0.1,43.54,1.5248803760528564,46.74,1.4439604242324828,,,,,,3.200000000000003,-0.08091995182037359,1-20
MWM_ClassDist,42,11,2,kd,8.0,45.2,0.1,44.58,1.5044883262634277,45.0,1.5658422969818115,,,,,,0.4200000000000017,0.06135397071838389,1-20
MWM_ClassDist,42,12,1,kd,5.0,49.42,0.1,46.3,1.4929658821105958,48.94,1.4177353286743164,,,,,,2.6400000000000006,-0.07523055343627938,1-20
MWM_ClassDist,42,12,3,ce,,,0.1,46.74,1.4439604242324828,49.68,1.40676664352417,9.0,52.2,52.2,48.9,1.4911491119384765,2.9399999999999977,-0.03719378070831292,1-20
MWM_ClassDist,42,12,8,kd,9.0,52.2,0.1,45.2,1.5551741621017456,49.38,1.4892110118865967,,,,,,4.18,-0.06596315021514898,1-20
MWM_ClassDist,42,12,2,kd,6.0,47.6,0.1,45.0,1.5658422969818115,47.62,1.468943818283081,,,,,,2.6199999999999974,-0.09689847869873058,1-20
MWM_ClassDist,42,12,7,kd,4.0,49.78,0.1,46.76,1.4810141422271728,49.28,1.4191445400238036,,,,,,2.520000000000003,-0.06186960220336912,1-20
MWM_ClassDist,42,13,7,ce,,,0.1,49.28,1.4191445400238036,54.64,1.2525895099639892,9.0,52.2,52.2,51.84,1.3671087734222411,5.359999999999999,-0.16655503005981442,1-20
MWM_ClassDist,42,13,1,kd,8.0,49.38,0.1,48.94,1.4177353286743164,48.74,1.4989320209503174,,,,,,-0.19999999999999574,0.08119669227600101,1-20
MWM_ClassDist,42,13,2,kd,4.0,49.78,0.1,47.62,1.468943818283081,49.98,1.3983549757003784,,,,,,2.3599999999999994,-0.0705888425827026,1-20
MWM_ClassDist,42,13,6,kd,9.0,52.2,0.1,47.6,1.430581686782837,49.56,1.4421890197753906,,,,,,1.9600000000000009,0.011607332992553676,1-20
MWM_ClassDist,42,13,5,kd,3.0,49.68,0.1,49.42,1.3983250133514404,40.86,1.9355953876495362,,,,,,-8.560000000000002,0.5372703742980958,1-20
MWM_ClassDist,42,14,1,kd,2.0,49.98,0.1,48.74,1.4989320209503174,48.78,1.4090176937103271,,,,,,0.03999999999999915,-0.08991432723999027,1-20
MWM_ClassDist,42,14,3,kd,4.0,49.78,0.1,49.68,1.40676664352417,50.16,1.3957922979354858,,,,,,0.4799999999999969,-0.010974345588684153,1-20
MWM_ClassDist,42,14,6,ce,,,0.1,49.56,1.4421890197753906,53.28,1.3675049423217773,7.0,54.64,54.64,42.92,1.6619986064910888,3.719999999999999,-0.07468407745361327,1-20
MWM_ClassDist,42,14,5,kd,9.0,52.2,0.1,40.86,1.9355953876495362,51.5,1.371001251220703,,,,,,10.64,-0.5645941364288332,1-20
MWM_ClassDist,42,14,8,kd,7.0,54.64,0.1,49.38,1.4892110118865967,50.84,1.363348589515686,,,,,,1.4600000000000009,-0.1258624223709106,1-20
MWM_ClassDist,42,15,4,kd,5.0,51.5,0.1,49.78,1.3797910306930543,50.92,1.4069420099258423,,,,,,1.1400000000000006,0.027150979232787975,1-20
MWM_ClassDist,42,15,9,kd,7.0,54.64,0.1,52.2,1.3442963302612305,50.04,1.40631692943573,,,,,,-2.1600000000000037,0.062020599174499536,1-20
MWM_ClassDist,42,15,1,ce,,,0.1,48.78,1.4090176937103271,45.46,3.210015877723694,7.0,54.64,54.64,52.4,1.3292211435317993,-3.3200000000000003,1.8009981840133669,1-20
MWM_ClassDist,42,15,2,kd,8.0,50.84,0.1,49.98,1.3983549757003784,46.22,1.5398874752044678,,,,,,-3.759999999999998,0.14153249950408942,1-20
MWM_ClassDist,42,15,3,kd,6.0,53.28,0.1,50.16,1.3957922979354858,51.56,1.4377825225830079,,,,,,1.4000000000000057,0.04199022464752211,1-20
MWM_ClassDist,42,16,1,kd,5.0,51.5,0.1,45.46,3.210015877723694,51.54,1.3798667213439941,,,,,,6.079999999999998,-1.8301491563796999,1-20
MWM_ClassDist,42,16,3,kd,7.0,54.64,0.1,51.56,1.4377825225830079,52.56,1.3162008840560913,,,,,,1.0,-0.12158163852691661,1-20
MWM_ClassDist,42,16,8,kd,6.0,53.28,0.1,50.84,1.363348589515686,51.48,1.4395195377349854,,,,,,0.6399999999999935,0.07617094821929937,1-20
MWM_ClassDist,42,16,2,ce,,,0.1,46.22,1.5398874752044678,54.14,1.2762666385650634,7.0,54.64,54.64,47.26,1.5140226987838745,7.920000000000002,-0.2636208366394044,1-20
MWM_ClassDist,42,16,9,kd,4.0,50.92,0.1,50.04,1.40631692943573,51.0,1.411401846885681,,,,,,0.9600000000000009,0.0050849174499509875,1-20
MWM_ClassDist,42,17,1,kd,2.0,54.14,0.1,51.54,1.3798667213439941,53.74,1.2872892789840698,,,,,,2.200000000000003,-0.09257744235992438,1-20
MWM_ClassDist,42,17,4,kd,8.0,51.48,0.1,50.92,1.4069420099258423,48.7,1.521843314743042,,,,,,-2.219999999999999,0.11490130481719962,1-20
MWM_ClassDist,42,17,9,kd,3.0,52.56,0.1,51.0,1.411401846885681,50.08,1.4407285921096802,,,,,,-0.9200000000000017,0.02932674522399914,1-20
MWM_ClassDist,42,17,6,kd,7.0,54.64,0.1,53.28,1.3675049423217773,52.84,1.3274731384277343,,,,,,-0.4399999999999977,-0.04003180389404304,1-20
MWM_ClassDist,42,17,5,ce,,,0.1,51.5,1.371001251220703,59.92,1.1133596096038818,7.0,54.64,54.64,50.74,1.4220650581359864,8.420000000000002,-0.25764164161682124,1-20
MWM_ClassDist,42,18,1,kd,5.0,59.92,0.1,53.74,1.2872892789840698,57.74,1.1623903036117553,,,,,,4.0,-0.12489897537231442,1-20
MWM_ClassDist,42,18,6,ce,,,0.1,52.84,1.3274731384277343,61.28,1.0839706246376037,5.0,59.92,59.92,57.16,1.204291594314575,8.439999999999998,-0.24350251379013055,1-20
MWM_ClassDist,42,18,9,kd,8.0,51.48,0.1,50.08,1.4407285921096802,51.5,1.4173901927947998,,,,,,1.4200000000000017,-0.023338399314880354,1-20
MWM_ClassDist,42,18,3,kd,2.0,54.14,0.1,52.56,1.3162008840560913,55.6,1.2326325904846192,,,,,,3.039999999999999,-0.08356829357147211,1-20
MWM_ClassDist,42,18,4,kd,7.0,54.64,0.1,48.7,1.521843314743042,53.32,1.3009036012649535,,,,,,4.619999999999997,-0.22093971347808838,1-20
MWM_ClassDist,42,19,2,kd,1.0,57.74,0.1,54.14,1.2762666385650634,56.16,1.2173129867553711,,,,,,2.019999999999996,-0.058953651809692253,1-20
MWM_ClassDist,42,19,4,kd,6.0,61.28,0.1,53.32,1.3009036012649535,58.64,1.1877083927154541,,,,,,5.32,-0.11319520854949938,1-20
MWM_ClassDist,42,19,8,ce,,,0.1,51.48,1.4395195377349854,55.74,1.2718943691253661,6.0,61.28,61.28,58.24,1.2020175495147705,4.260000000000005,-0.1676251686096193,1-20
MWM_ClassDist,42,19,9,kd,7.0,54.64,0.1,51.5,1.4173901927947998,50.76,1.3956562995910644,,,,,,-0.740000000000002,-0.02173389320373542,1-20
MWM_ClassDist,42,19,3,kd,5.0,59.92,0.1,55.6,1.2326325904846192,58.14,1.1413570913314819,,,,,,2.539999999999999,-0.09127549915313726,1-20
MWM_ClassDist,42,20,7,kd,1.0,57.74,0.1,54.64,1.2525895099639892,57.2,1.1876927503585815,,,,,,2.5600000000000023,-0.06489675960540775,1-20
MWM_ClassDist,42,20,4,kd,5.0,59.92,0.1,58.64,1.1877083927154541,58.58,1.1608987201690675,,,,,,-0.060000000000002274,-0.026809672546386665,1-20
MWM_ClassDist,42,20,2,ce,,,0.1,56.16,1.2173129867553711,60.76,1.1102589756011962,6.0,61.28,61.28,58.96,1.150438793182373,4.600000000000001,-0.1070540111541749,1-20
MWM_ClassDist,42,20,9,kd,8.0,55.74,0.1,50.76,1.3956562995910644,54.4,1.3309157414436341,,,,,,3.6400000000000006,-0.0647405581474303,1-20
MWM_ClassDist,42,20,3,kd,6.0,61.28,0.1,58.14,1.1413570913314819,59.96,1.13146171875,,,,,,1.8200000000000003,-0.009895372581481876,1-20
MWM_ClassDist,42,21,1,ce,,,0.1,57.74,1.1623903036117553,63.1,1.0098504432678224,6.0,61.28,61.28,59.4,1.1519377141952514,5.359999999999999,-0.15253986034393296,21-40
MWM_ClassDist,42,21,4,kd,3.0,59.96,0.1,58.58,1.1608987201690675,60.26,1.1184526235580445,,,,,,1.6799999999999997,-0.04244609661102294,21-40
MWM_ClassDist,42,21,9,kd,5.0,59.92,0.1,54.4,1.3309157414436341,60.16,1.1441887733459473,,,,,,5.759999999999998,-0.18672696809768685,21-40
MWM_ClassDist,42,21,7,kd,6.0,61.28,0.1,57.2,1.1876927503585815,61.96,1.065687947845459,,,,,,4.759999999999998,-0.1220048025131224,21-40
MWM_ClassDist,42,21,8,kd,2.0,60.76,0.1,55.74,1.2718943691253661,60.72,1.0968589559555053,,,,,,4.979999999999997,-0.17503541316986082,21-40
MWM_ClassDist,42,22,4,ce,,,0.1,60.26,1.1184526235580445,60.96,1.0661247791290283,1.0,63.1,63.1,62.74,1.033390016746521,0.7000000000000028,-0.05232784442901628,21-40
MWM_ClassDist,42,22,8,kd,6.0,61.28,0.1,60.72,1.0968589559555053,60.64,1.1373076942443847,,,,,,-0.0799999999999983,0.040448738288879404,21-40
MWM_ClassDist,42,22,5,kd,7.0,61.96,0.1,59.92,1.1133596096038818,61.04,1.0962400644302368,,,,,,1.1199999999999974,-0.017119545173645,21-40
MWM_ClassDist,42,22,3,kd,2.0,60.76,0.1,59.96,1.13146171875,60.86,1.1399103218078612,,,,,,0.8999999999999986,0.008448603057861215,21-40
MWM_ClassDist,42,22,9,kd,1.0,63.1,0.1,60.16,1.1441887733459473,61.02,1.1086620056152343,,,,,,0.8600000000000065,-0.03552676773071295,21-40
MWM_ClassDist,42,23,7,ce,,,0.1,61.96,1.065687947845459,64.44,0.9879096178054809,1.0,63.1,63.1,61.02,1.057459943962097,2.479999999999997,-0.07777833003997814,21-40
MWM_ClassDist,42,23,8,kd,9.0,61.02,0.1,60.64,1.1373076942443847,61.4,1.1106477798461913,,,,,,0.759999999999998,-0.026659914398193374,21-40
MWM_ClassDist,42,23,2,kd,6.0,61.28,0.1,60.76,1.1102589756011962,56.44,1.2299497640609742,,,,,,-4.32,0.11969078845977799,21-40
MWM_ClassDist,42,23,4,kd,1.0,63.1,0.1,60.96,1.0661247791290283,64.32,1.0035635568618775,,,,,,3.3599999999999923,-0.06256122226715077,21-40
MWM_ClassDist,42,23,3,kd,5.0,61.04,0.1,60.86,1.1399103218078612,58.68,1.1619340915679932,,,,,,-2.1799999999999997,0.022023769760131984,21-40
MWM_ClassDist,42,24,3,kd,4.0,64.32,0.1,58.68,1.1619340915679932,63.58,1.022427783203125,,,,,,4.899999999999999,-0.13950630836486821,21-40
MWM_ClassDist,42,24,2,kd,7.0,64.44,0.1,56.44,1.2299497640609742,60.54,1.098282430458069,,,,,,4.100000000000001,-0.13166733360290528,21-40
MWM_ClassDist,42,24,5,kd,1.0,63.1,0.1,61.04,1.0962400644302368,60.2,1.08887299118042,,,,,,-0.8399999999999963,-0.00736707324981678,21-40
MWM_ClassDist,42,24,8,ce,,,0.1,61.4,1.1106477798461913,65.3,0.9716916463851929,7.0,64.44,64.44,32.82,5.557339421081543,3.8999999999999986,-0.13895613346099844,21-40
MWM_ClassDist,42,24,9,kd,6.0,61.28,0.1,61.02,1.1086620056152343,62.54,1.0568144773483277,,,,,,1.519999999999996,-0.05184752826690664,21-40
MWM_ClassDist,42,25,2,ce,,,0.1,60.54,1.098282430458069,63.42,1.0462921663284301,8.0,65.3,65.3,62.84,1.0722684185028075,2.8800000000000026,-0.05199026412963881,21-40
MWM_ClassDist,42,25,6,kd,4.0,64.32,0.1,61.28,1.0839706246376037,61.36,1.0733853260040283,,,,,,0.0799999999999983,-0.01058529863357549,21-40
MWM_ClassDist,42,25,5,kd,7.0,64.44,0.1,60.2,1.08887299118042,61.62,1.0886870149612426,,,,,,1.4199999999999946,-0.00018597621917737506,21-40
MWM_ClassDist,42,25,3,kd,8.0,65.3,0.1,63.58,1.022427783203125,62.44,1.083374506378174,,,,,,-1.1400000000000006,0.0609467231750489,21-40
MWM_ClassDist,42,25,9,kd,1.0,63.1,0.1,62.54,1.0568144773483277,61.94,1.047695916366577,,,,,,-0.6000000000000014,-0.009118560981750568,21-40
MWM_ClassDist,42,26,1,kd,2.0,63.42,0.1,63.1,1.0098504432678224,63.42,1.0444699459075928,,,,,,0.3200000000000003,0.03461950263977043,21-40
MWM_ClassDist,42,26,3,kd,4.0,64.32,0.1,62.44,1.083374506378174,63.18,1.0402015474319457,,,,,,0.740000000000002,-0.04317295894622819,21-40
MWM_ClassDist,42,26,5,kd,8.0,65.3,0.1,61.62,1.0886870149612426,64.86,1.007345274543762,,,,,,3.240000000000002,-0.08134174041748055,21-40
MWM_ClassDist,42,26,6,ce,,,0.1,61.36,1.0733853260040283,64.78,0.9728466090202331,8.0,65.3,65.3,62.88,1.0751218473434447,3.4200000000000017,-0.10053871698379513,21-40
MWM_ClassDist,42,26,9,kd,7.0,64.44,0.1,61.94,1.047695916366577,60.94,1.1272913570404053,,,,,,-1.0,0.07959544067382818,21-40
MWM_ClassDist,42,27,2,kd,4.0,64.32,0.1,63.42,1.0462921663284301,62.16,1.0777911724090576,,,,,,-1.2600000000000051,0.0314990060806275,21-40
MWM_ClassDist,42,27,6,kd,5.0,64.86,0.1,64.78,0.9728466090202331,62.72,1.0639420753479003,,,,,,-2.0600000000000023,0.09109546632766718,21-40
MWM_ClassDist,42,27,3,ce,,,0.1,63.18,1.0402015474319457,66.48,0.955770496559143,8.0,65.3,65.3,61.38,1.1510997785568238,3.3000000000000043,-0.08443105087280267,21-40
MWM_ClassDist,42,27,1,kd,7.0,64.44,0.1,63.42,1.0444699459075928,60.0,1.1202779195785522,,,,,,-3.4200000000000017,0.07580797367095937,21-40
MWM_ClassDist,42,27,9,kd,8.0,65.3,0.1,60.94,1.1272913570404053,59.86,1.1856148297309876,,,,,,-1.0799999999999983,0.058323472690582356,21-40
MWM_ClassDist,42,28,4,kd,7.0,64.44,0.1,64.32,1.0035635568618775,63.88,1.0228697028160094,,,,,,-0.4399999999999906,0.019306145954131937,21-40
MWM_ClassDist,42,28,1,kd,8.0,65.3,0.1,60.0,1.1202779195785522,64.88,1.0058924285888673,,,,,,4.8799999999999955,-0.11438549098968487,21-40
MWM_ClassDist,42,28,9,ce,,,0.1,59.86,1.1856148297309876,63.88,1.0373496942520142,3.0,66.48,66.48,65.8,0.9782647905349732,4.020000000000003,-0.14826513547897346,21-40
MWM_ClassDist,42,28,6,kd,3.0,66.48,0.1,62.72,1.0639420753479003,64.78,1.0047947509765625,,,,,,2.0600000000000023,-0.05914732437133785,21-40
MWM_ClassDist,42,28,2,kd,5.0,64.86,0.1,62.16,1.0777911724090576,62.2,1.0656541439056397,,,,,,0.04000000000000625,-0.012137028503417913,21-40
MWM_ClassDist,42,29,4,ce,,,0.1,63.88,1.0228697028160094,64.04,1.0304106266021729,3.0,66.48,66.48,65.34,1.0083988655090332,0.1600000000000037,0.007540923786163445,21-40
MWM_ClassDist,42,29,6,kd,1.0,64.88,0.1,64.78,1.0047947509765625,64.5,1.0273480330467224,,,,,,-0.28000000000000114,0.02255328207015994,21-40
MWM_ClassDist,42,29,2,kd,3.0,66.48,0.1,62.2,1.0656541439056397,63.54,1.030499766921997,,,,,,1.3399999999999963,-0.035154376983642655,21-40
MWM_ClassDist,42,29,9,kd,8.0,65.3,0.1,63.88,1.0373496942520142,65.78,0.9891219625473022,,,,,,1.8999999999999986,-0.04822773170471195,21-40
MWM_ClassDist,42,29,7,kd,5.0,64.86,0.1,64.44,0.9879096178054809,64.42,1.0263703449249268,,,,,,-0.01999999999999602,0.038460727119445925,21-40
MWM_ClassDist,42,30,1,ce,,,0.1,64.88,1.0058924285888673,63.02,1.0479582515716552,3.0,66.48,66.48,64.26,1.0261063591003419,-1.8599999999999923,0.04206582298278794,21-40
MWM_ClassDist,42,30,7,kd,3.0,66.48,0.1,64.42,1.0263703449249268,63.9,1.0549086456298828,,,,,,-0.5200000000000031,0.028538300704956,21-40
MWM_ClassDist,42,30,2,kd,6.0,64.5,0.1,63.54,1.030499766921997,63.02,1.0780218976974487,,,,,,-0.519999999999996,0.04752213077545164,21-40
MWM_ClassDist,42,30,4,kd,8.0,65.3,0.1,64.04,1.0304106266021729,65.64,0.9912450820922851,,,,,,1.5999999999999943,-0.03916554450988774,21-40
MWM_ClassDist,42,30,5,kd,9.0,65.78,0.1,64.86,1.007345274543762,62.42,1.0884984487533569,,,,,,-2.4399999999999977,0.08115317420959478,21-40
MWM_ClassDist,42,31,5,kd,4.0,65.64,0.1,62.42,1.0884984487533569,65.26,1.0171691734313966,,,,,,2.8400000000000034,-0.07132927532196032,21-40
MWM_ClassDist,42,31,2,kd,3.0,66.48,0.1,63.02,1.0780218976974487,65.1,1.0281611660003662,,,,,,2.079999999999991,-0.049860731697082494,21-40
MWM_ClassDist,42,31,7,kd,6.0,64.5,0.1,63.9,1.0549086456298828,63.54,1.0488884496688842,,,,,,-0.35999999999999943,-0.0060201959609986755,21-40
MWM_ClassDist,42,31,8,ce,,,0.1,65.3,0.9716916463851929,66.46,0.9533079408645629,3.0,66.48,66.48,64.84,1.037636343383789,1.1599999999999966,-0.018383705520629956,21-40
MWM_ClassDist,42,31,1,kd,9.0,65.78,0.1,63.02,1.0479582515716552,64.1,1.028580774116516,,,,,,1.0799999999999912,-0.01937747745513918,21-40
MWM_ClassDist,42,32,4,kd,8.0,66.46,0.1,65.64,0.9912450820922851,65.28,1.006951229095459,,,,,,-0.35999999999999943,0.015706147003173854,21-40
MWM_ClassDist,42,32,1,kd,5.0,65.26,0.1,64.1,1.028580774116516,65.46,1.005483454322815,,,,,,1.3599999999999994,-0.023097319793701,21-40
MWM_ClassDist,42,32,9,ce,,,0.1,65.78,0.9891219625473022,67.2,0.928910128211975,3.0,66.48,66.48,66.02,0.9662521870613098,1.4200000000000017,-0.060211834335327175,21-40
MWM_ClassDist,42,32,7,kd,3.0,66.48,0.1,63.54,1.0488884496688842,63.92,1.052784691619873,,,,,,0.38000000000000256,0.0038962419509889212,21-40
MWM_ClassDist,42,32,6,kd,2.0,65.1,0.1,64.5,1.0273480330467224,64.56,1.0401539916992188,,,,,,0.060000000000002274,0.012805958652496452,21-40
MWM_ClassDist,42,33,4,ce,,,0.1,65.28,1.006951229095459,63.62,1.04893656539917,9.0,67.2,67.2,66.36,0.9649948581695557,-1.6600000000000037,0.04198533630371104,21-40
MWM_ClassDist,42,33,6,kd,9.0,67.2,0.1,64.56,1.0401539916992188,65.56,0.9829150045394898,,,,,,1.0,-0.05723898715972908,21-40
MWM_ClassDist,42,33,2,kd,5.0,65.26,0.1,65.1,1.0281611660003662,64.38,1.0307516332626343,,,,,,-0.7199999999999989,0.0025904672622680813,21-40
MWM_ClassDist,42,33,1,kd,3.0,66.48,0.1,65.46,1.005483454322815,65.16,0.9967637187957764,,,,,,-0.29999999999999716,-0.008719735527038641,21-40
MWM_ClassDist,42,33,7,kd,8.0,66.46,0.1,63.92,1.052784691619873,65.58,0.9925473596572876,,,,,,1.6599999999999966,-0.060237331962585516,21-40
MWM_ClassDist,42,34,1,kd,8.0,66.46,0.1,65.16,0.9967637187957764,64.52,1.0237075142860412,,,,,,-0.6400000000000006,0.02694379549026482,21-40
MWM_ClassDist,42,34,4,kd,9.0,67.2,0.1,63.62,1.04893656539917,67.58,0.9334074189186096,,,,,,3.960000000000001,-0.11552914648056045,21-40
MWM_ClassDist,42,34,3,ce,,,0.1,66.48,0.955770496559143,67.72,0.9228369542598724,9.0,67.2,67.2,66.76,0.9522357690811157,1.2399999999999949,-0.03293354229927059,21-40
MWM_ClassDist,42,34,2,kd,6.0,65.56,0.1,64.38,1.0307516332626343,64.92,1.0041074083328247,,,,,,0.5400000000000063,-0.026644224929809557,21-40
MWM_ClassDist,42,34,5,kd,7.0,65.58,0.1,65.26,1.0171691734313966,64.04,1.0518339561462402,,,,,,-1.2199999999999989,0.034664782714843634,21-40
MWM_ClassDist,42,35,1,ce,,,0.1,64.52,1.0237075142860412,66.74,0.9623520322799682,3.0,67.72,67.72,65.8,0.9848091091632843,2.219999999999999,-0.06135548200607299,21-40
MWM_ClassDist,42,35,4,kd,3.0,67.72,0.1,67.58,0.9334074189186096,68.24,0.9156447527885437,,,,,,0.6599999999999966,-0.01776266613006583,21-40
MWM_ClassDist,42,35,6,kd,8.0,66.46,0.1,65.56,0.9829150045394898,64.36,0.9957786598205567,,,,,,-1.2000000000000028,0.012863655281066921,21-40
MWM_ClassDist,42,35,2,kd,7.0,65.58,0.1,64.92,1.0041074083328247,62.46,1.114714011001587,,,,,,-2.460000000000001,0.11060660266876221,21-40
MWM_ClassDist,42,35,5,kd,9.0,67.2,0.1,64.04,1.0518339561462402,66.88,0.95044912109375,,,,,,2.839999999999989,-0.10138483505249019,21-40
MWM_ClassDist,42,36,8,kd,3.0,67.72,0.1,66.46,0.9533079408645629,66.2,0.9665570948600769,,,,,,-0.2599999999999909,0.013249153995513963,21-40
MWM_ClassDist,42,36,6,kd,4.0,68.24,0.1,64.36,0.9957786598205567,67.32,0.9334315009117127,,,,,,2.9599999999999937,-0.062347158908844014,21-40
MWM_ClassDist,42,36,2,ce,,,0.1,62.46,1.114714011001587,64.12,1.028760439682007,4.0,68.24,68.24,65.2,0.9986970791339874,1.6600000000000037,-0.08595357131958004,21-40
MWM_ClassDist,42,36,7,kd,5.0,66.88,0.1,65.58,0.9925473596572876,65.76,0.9986653223991394,,,,,,0.18000000000000682,0.0061179627418518345,21-40
MWM_ClassDist,42,36,1,kd,9.0,67.2,0.1,66.74,0.9623520322799682,68.76,0.9071485593795776,,,,,,2.0200000000000102,-0.05520347290039063,21-40
MWM_ClassDist,42,37,2,kd,7.0,65.76,0.1,64.12,1.028760439682007,64.64,1.046056145477295,,,,,,0.519999999999996,0.017295705795288052,21-40
MWM_ClassDist,42,37,8,kd,1.0,68.76,0.1,66.2,0.9665570948600769,67.76,0.9338685328483581,,,,,,1.5600000000000023,-0.03268856201171877,21-40
MWM_ClassDist,42,37,6,ce,,,0.1,67.32,0.9334315009117127,64.58,1.0023407267570497,1.0,68.76,68.76,66.46,0.9831246130943299,-2.739999999999995,0.06890922584533699,21-40
MWM_ClassDist,42,37,5,kd,3.0,67.72,0.1,66.88,0.95044912109375,67.86,0.9379409121036529,,,,,,0.980000000000004,-0.01250820899009708,21-40
MWM_ClassDist,42,37,9,kd,4.0,68.24,0.1,67.2,0.928910128211975,68.28,0.9240906558990478,,,,,,1.0799999999999983,-0.004819472312927231,21-40
MWM_ClassDist,42,38,8,kd,4.0,68.24,0.1,67.76,0.9338685328483581,66.38,0.9871671685218811,,,,,,-1.3800000000000097,0.053298635673523,21-40
MWM_ClassDist,42,38,2,ce,,,0.1,64.64,1.046056145477295,68.76,0.8865037890434265,1.0,68.76,68.76,66.96,0.954525515460968,4.1200000000000045,-0.15955235643386845,21-40
MWM_ClassDist,42,38,6,kd,7.0,65.76,0.1,64.58,1.0023407267570497,64.98,1.0295021057605744,,,,,,0.4000000000000057,0.027161379003524777,21-40
MWM_ClassDist,42,38,5,kd,9.0,68.28,0.1,67.86,0.9379409121036529,67.84,0.9393511794090271,,,,,,-0.01999999999999602,0.001410267305374191,21-40
MWM_ClassDist,42,38,3,kd,1.0,68.76,0.1,67.72,0.9228369542598724,67.56,0.9371342287540436,,,,,,-0.1599999999999966,0.014297274494171175,21-40
MWM_ClassDist,42,39,7,ce,,,0.1,65.76,0.9986653223991394,65.4,1.0056264043807983,2.0,68.76,68.76,66.08,0.9665654461860657,-0.35999999999999943,0.006961081981658901,21-40
MWM_ClassDist,42,39,3,kd,4.0,68.24,0.1,67.56,0.9371342287540436,67.42,0.929139077758789,,,,,,-0.14000000000000057,-0.007995150995254607,21-40
MWM_ClassDist,42,39,5,kd,1.0,68.76,0.1,67.84,0.9393511794090271,67.92,0.9344475721359253,,,,,,0.0799999999999983,-0.0049036072731017954,21-40
MWM_ClassDist,42,39,6,kd,9.0,68.28,0.1,64.98,1.0295021057605744,66.76,0.9694765228271485,,,,,,1.7800000000000011,-0.06002558293342597,21-40
MWM_ClassDist,42,39,8,kd,2.0,68.76,0.1,66.38,0.9871671685218811,67.26,0.9338457250595092,,,,,,0.8800000000000097,-0.05332144346237189,21-40
MWM_ClassDist,42,40,4,kd,2.0,68.76,0.1,68.24,0.9156447527885437,68.68,0.8916869953155517,,,,,,0.44000000000001194,-0.023957757472992003,21-40
MWM_ClassDist,42,40,6,ce,,,0.1,66.76,0.9694765228271485,69.46,0.8558631437301636,2.0,68.76,68.76,68.3,0.8936277479171753,2.6999999999999886,-0.11361337909698488,21-40
MWM_ClassDist,42,40,8,kd,9.0,68.28,0.1,67.26,0.9338457250595092,67.14,0.9907733728408813,,,,,,-0.12000000000000455,0.05692764778137205,21-40
MWM_ClassDist,42,40,7,kd,5.0,67.92,0.1,65.4,1.0056264043807983,67.18,0.9521443160057068,,,,,,1.7800000000000011,-0.0534820883750915,21-40
MWM_ClassDist,42,40,3,kd,1.0,68.76,0.1,67.42,0.929139077758789,66.2,0.9770563936233521,,,,,,-1.2199999999999989,0.04791731586456305,21-40
MWM_ClassDist,42,41,4,kd,1.0,68.76,0.1,68.68,0.8916869953155517,67.36,0.9507904396057129,,,,,,-1.3200000000000074,0.05910344429016112,41-60
MWM_ClassDist,42,41,7,kd,9.0,68.28,0.1,67.18,0.9521443160057068,67.9,0.9334896557807922,,,,,,0.7199999999999989,-0.018654660224914577,41-60
MWM_ClassDist,42,41,5,ce,,,0.1,67.92,0.9344475721359253,66.92,0.9391027192115784,6.0,69.46,69.46,65.6,1.0039524378299713,-1.0,0.0046551470756530655,41-60
MWM_ClassDist,42,41,3,kd,6.0,69.46,0.1,66.2,0.9770563936233521,69.8,0.8796784600257873,,,,,,3.5999999999999943,-0.09737793359756475,41-60
MWM_ClassDist,42,41,8,kd,2.0,68.76,0.1,67.14,0.9907733728408813,69.52,0.8762874530792236,,,,,,2.3799999999999955,-0.11448591976165767,41-60
MWM_ClassDist,42,42,4,kd,3.0,69.8,0.1,67.36,0.9507904396057129,67.88,0.9343244499206543,,,,,,0.519999999999996,-0.016465989685058524,41-60
MWM_ClassDist,42,42,9,ce,,,0.1,68.28,0.9240906558990478,70.32,0.8380001004219055,3.0,69.8,69.8,68.88,0.8985765550613404,2.039999999999992,-0.08609055547714228,41-60
MWM_ClassDist,42,42,1,kd,6.0,69.46,0.1,68.76,0.9071485593795776,70.24,0.8522167658805847,,,,,,1.4799999999999898,-0.05493179349899291,41-60
MWM_ClassDist,42,42,7,kd,8.0,69.52,0.1,67.9,0.9334896557807922,68.9,0.8953701900482178,,,,,,1.0,-0.03811946573257441,41-60
MWM_ClassDist,42,42,5,kd,2.0,68.76,0.1,66.92,0.9391027192115784,68.16,0.8894834209442138,,,,,,1.2399999999999949,-0.04961929826736455,41-60
MWM_ClassDist,42,43,7,ce,,,0.1,68.9,0.8953701900482178,66.82,0.9618339324951172,9.0,70.32,70.32,66.5,0.9859817028045654,-2.0800000000000125,0.06646374244689934,41-60
MWM_ClassDist,42,43,6,kd,9.0,70.32,0.1,69.46,0.8558631437301636,70.7,0.8533565254211426,,,,,,1.240000000000009,-0.0025066183090209915,41-60
MWM_ClassDist,42,43,5,kd,1.0,70.24,0.1,68.16,0.8894834209442138,68.92,0.8965499408721924,,,,,,0.7600000000000051,0.007066519927978576,41-60
MWM_ClassDist,42,43,2,kd,3.0,69.8,0.1,68.76,0.8865037890434265,67.82,0.9543593790054321,,,,,,-0.9400000000000119,0.06785558996200558,41-60
MWM_ClassDist,42,43,4,kd,8.0,69.52,0.1,67.88,0.9343244499206543,69.0,0.8918190517425537,,,,,,1.1200000000000045,-0.04250539817810062,41-60
MWM_ClassDist,42,44,7,kd,1.0,70.24,0.1,66.82,0.9618339324951172,68.98,0.8976656383514404,,,,,,2.160000000000011,-0.06416829414367675,41-60
MWM_ClassDist,42,44,4,ce,,,0.1,69.0,0.8918190517425537,67.92,0.9112544788360596,6.0,70.7,70.7,68.9,0.8876235004425049,-1.0799999999999983,0.019435427093505875,41-60
MWM_ClassDist,42,44,3,kd,9.0,70.32,0.1,69.8,0.8796784600257873,67.14,0.949648317527771,,,,,,-2.6599999999999966,0.0699698575019837,41-60
MWM_ClassDist,42,44,5,kd,8.0,69.52,0.1,68.92,0.8965499408721924,68.38,0.8930544359207153,,,,,,-0.5400000000000063,-0.003495504951477102,41-60
MWM_ClassDist,42,44,2,kd,6.0,70.7,0.1,67.82,0.9543593790054321,69.62,0.898639727306366,,,,,,1.8000000000000114,-0.05571965169906612,41-60
MWM_ClassDist,42,45,7,kd,2.0,69.62,0.1,68.98,0.8976656383514404,69.06,0.8881417861938476,,,,,,0.0799999999999983,-0.009523852157592771,41-60
MWM_ClassDist,42,45,3,kd,1.0,70.24,0.1,67.14,0.949648317527771,70.06,0.874501158618927,,,,,,2.9200000000000017,-0.07514715890884405,41-60
MWM_ClassDist,42,45,4,kd,6.0,70.7,0.1,67.92,0.9112544788360596,68.16,0.9482615398406983,,,,,,0.23999999999999488,0.037007061004638686,41-60
MWM_ClassDist,42,45,8,kd,9.0,70.32,0.1,69.52,0.8762874530792236,67.32,0.9512290510177612,,,,,,-2.200000000000003,0.07494159793853761,41-60
MWM_ClassDist,42,45,5,ce,,,0.1,68.38,0.8930544359207153,71.94,0.8267140523910522,6.0,70.7,70.7,68.72,0.9335859172821045,3.5600000000000023,-0.0663403835296631,41-60
MWM_ClassDist,42,46,1,kd,9.0,70.32,0.1,70.24,0.8522167658805847,68.0,0.9220281003952027,,,,,,-2.239999999999995,0.06981133451461796,41-60
MWM_ClassDist,42,46,8,kd,5.0,71.94,0.1,67.32,0.9512290510177612,68.5,0.9337047005653382,,,,,,1.1800000000000068,-0.017524350452423065,41-60
MWM_ClassDist,42,46,2,kd,3.0,70.06,0.1,69.62,0.898639727306366,68.46,0.9222474175930023,,,,,,-1.1600000000000108,0.02360769028663634,41-60
MWM_ClassDist,42,46,6,ce,,,0.1,70.7,0.8533565254211426,69.12,0.8879082738876343,5.0,71.94,71.94,70.64,0.8578878450870514,-1.5799999999999983,0.03455174846649167,41-60
MWM_ClassDist,42,46,4,kd,7.0,69.06,0.1,68.16,0.9482615398406983,68.5,0.9327314964294433,,,,,,0.3400000000000034,-0.015530043411254968,41-60
MWM_ClassDist,42,47,1,kd,2.0,68.46,0.1,68.0,0.9220281003952027,66.86,0.9652102233886719,,,,,,-1.1400000000000006,0.04318212299346924,41-60
MWM_ClassDist,42,47,4,ce,,,0.1,68.5,0.9327314964294433,68.38,0.9279552023887634,5.0,71.94,71.94,69.62,0.904407833480835,-0.12000000000000455,-0.004776294040679918,41-60
MWM_ClassDist,42,47,7,kd,6.0,69.12,0.1,69.06,0.8881417861938476,67.4,0.9541285532951355,,,,,,-1.6599999999999966,0.06598676710128781,41-60
MWM_ClassDist,42,47,8,kd,9.0,70.32,0.1,68.5,0.9337047005653382,68.4,0.8986047996520996,,,,,,-0.09999999999999432,-0.03509990091323856,41-60
MWM_ClassDist,42,47,3,kd,5.0,71.94,0.1,70.06,0.874501158618927,71.3,0.854350489616394,,,,,,1.2399999999999949,-0.020150669002532928,41-60
MWM_ClassDist,42,48,4,ce,,,0.1,68.38,0.9279552023887634,69.2,0.8924638718605041,5.0,71.94,71.94,70.22,0.8668235684871674,0.8200000000000074,-0.03549133052825926,41-60
MWM_ClassDist,42,48,7,kd,9.0,70.32,0.1,67.4,0.9541285532951355,67.84,0.914262236404419,,,,,,0.4399999999999977,-0.03986631689071651,41-60
MWM_ClassDist,42,48,8,kd,6.0,69.12,0.1,68.4,0.8986047996520996,67.4,0.9437470867156983,,,,,,-1.0,0.045142287063598685,41-60
MWM_ClassDist,42,48,2,kd,5.0,71.94,0.1,68.46,0.9222474175930023,67.42,0.9502729314804077,,,,,,-1.039999999999992,0.028025513887405373,41-60
MWM_ClassDist,42,48,1,kd,3.0,71.3,0.1,66.86,0.9652102233886719,68.4,0.9196944017410278,,,,,,1.5400000000000063,-0.04551582164764412,41-60
MWM_ClassDist,42,49,7,kd,3.0,71.3,0.1,67.84,0.914262236404419,68.46,0.937313948583603,,,,,,0.6199999999999903,0.023051712179184003,41-60
MWM_ClassDist,42,49,2,kd,9.0,70.32,0.1,67.42,0.9502729314804077,67.42,0.9481553947448731,,,,,,0.0,-0.0021175367355346086,41-60
MWM_ClassDist,42,49,6,kd,5.0,71.94,0.1,69.12,0.8879082738876343,70.0,0.8698952517032623,,,,,,0.8799999999999955,-0.018013022184371952,41-60
MWM_ClassDist,42,49,8,ce,,,0.1,67.4,0.9437470867156983,67.66,0.9236761867523193,5.0,71.94,71.94,69.54,0.8941940256118774,0.2599999999999909,-0.020070899963378963,41-60
MWM_ClassDist,42,49,1,kd,4.0,69.2,0.1,68.4,0.9196944017410278,65.78,1.0273774039745331,,,,,,-2.6200000000000045,0.10768300223350535,41-60
MWM_ClassDist,42,50,7,ce,,,0.1,68.46,0.937313948583603,67.7,0.9174425487995148,5.0,71.94,71.94,68.54,0.918426969242096,-0.7599999999999909,-0.01987139978408814,41-60
MWM_ClassDist,42,50,2,kd,4.0,69.2,0.1,67.42,0.9481553947448731,64.84,1.0554812764167785,,,,,,-2.5799999999999983,0.10732588167190538,41-60
MWM_ClassDist,42,50,9,kd,3.0,71.3,0.1,70.32,0.8380001004219055,69.12,0.9147793792724609,,,,,,-1.1999999999999886,0.07677927885055535,41-60
MWM_ClassDist,42,50,1,kd,5.0,71.94,0.1,65.78,1.0273774039745331,69.82,0.8779172357559204,,,,,,4.039999999999992,-0.14946016821861274,41-60
MWM_ClassDist,42,50,8,kd,6.0,70.0,0.1,67.66,0.9236761867523193,70.12,0.8742664277076722,,,,,,2.460000000000008,-0.04940975904464717,41-60
MWM_ClassDist,42,51,1,kd,8.0,70.12,0.1,69.82,0.8779172357559204,67.5,0.9579759771347046,,,,,,-2.319999999999993,0.08005874137878422,41-60
MWM_ClassDist,42,51,4,kd,6.0,70.0,0.1,69.2,0.8924638718605041,70.2,0.8902576015472412,,,,,,1.0,-0.0022062703132629258,41-60
MWM_ClassDist,42,51,9,ce,,,0.1,69.12,0.9147793792724609,71.18,0.8392040672302246,5.0,71.94,71.94,70.56,0.850031129360199,2.0600000000000023,-0.07557531204223633,41-60
MWM_ClassDist,42,51,2,kd,3.0,71.3,0.1,64.84,1.0554812764167785,69.86,0.8950750245094299,,,,,,5.019999999999996,-0.16040625190734858,41-60
MWM_ClassDist,42,51,7,kd,5.0,71.94,0.1,67.7,0.9174425487995148,70.7,0.8589380597114563,,,,,,3.0,-0.0585044890880585,41-60
MWM_ClassDist,42,52,4,kd,7.0,70.7,0.1,70.2,0.8902576015472412,68.8,0.9037134776115417,,,,,,-1.4000000000000057,0.013455876064300543,41-60
MWM_ClassDist,42,52,1,kd,2.0,69.86,0.1,67.5,0.9579759771347046,67.98,0.9716830507278442,,,,,,0.480000000000004,0.013707073593139607,41-60
MWM_ClassDist,42,52,9,kd,5.0,71.94,0.1,71.18,0.8392040672302246,70.98,0.8592390450954437,,,,,,-0.20000000000000284,0.020034977865219128,41-60
MWM_ClassDist,42,52,6,kd,3.0,71.3,0.1,70.0,0.8698952517032623,70.76,0.8641164048194885,,,,,,0.7600000000000051,-0.005778846883773836,41-60
MWM_ClassDist,42,52,8,ce,,,0.1,70.12,0.8742664277076722,71.24,0.8304163436889649,5.0,71.94,71.94,70.7,0.8798540661811829,1.1199999999999903,-0.04385008401870727,41-60
MWM_ClassDist,42,53,1,kd,5.0,71.94,0.1,67.98,0.9716830507278442,69.48,0.8763008900165558,,,,,,1.5,-0.09538216071128847,41-60
MWM_ClassDist,42,53,4,kd,3.0,71.3,0.1,68.8,0.9037134776115417,70.36,0.8862479477882386,,,,,,1.5600000000000023,-0.017465529823303183,41-60
MWM_ClassDist,42,53,6,ce,,,0.1,70.76,0.8641164048194885,71.8,0.7981298815727234,5.0,71.94,71.94,69.56,0.9020066328048706,1.039999999999992,-0.06598652324676513,41-60
MWM_ClassDist,42,53,9,kd,8.0,71.24,0.1,70.98,0.8592390450954437,70.66,0.8648466569900513,,,,,,-0.3200000000000074,0.005607611894607567,41-60
MWM_ClassDist,42,53,2,kd,7.0,70.7,0.1,69.86,0.8950750245094299,68.3,0.9195874534606934,,,,,,-1.5600000000000023,0.024512428951263487,41-60
MWM_ClassDist,42,54,9,kd,3.0,71.3,0.1,70.66,0.8648466569900513,69.62,0.8842904829025269,,,,,,-1.039999999999992,0.01944382591247562,41-60
MWM_ClassDist,42,54,1,kd,8.0,71.24,0.1,69.48,0.8763008900165558,70.36,0.8836680017471313,,,,,,0.8799999999999955,0.007367111730575582,41-60
MWM_ClassDist,42,54,2,ce,,,0.1,68.3,0.9195874534606934,69.1,0.8732674336910248,5.0,71.94,71.94,68.18,0.9152461857318878,0.7999999999999972,-0.0463200197696686,41-60
MWM_ClassDist,42,54,4,kd,6.0,71.8,0.1,70.36,0.8862479477882386,71.34,0.824030474948883,,,,,,0.980000000000004,-0.062217472839355525,41-60
MWM_ClassDist,42,54,7,kd,5.0,71.94,0.1,70.7,0.8589380597114563,71.18,0.8456469146728516,,,,,,0.480000000000004,-0.013291145038604735,41-60
MWM_ClassDist,42,55,3,ce,,,0.1,71.3,0.854350489616394,69.3,0.8699202540397644,5.0,71.94,71.94,70.52,0.8775207071304322,-2.0,0.015569764423370325,41-60
MWM_ClassDist,42,55,4,kd,5.0,71.94,0.1,71.34,0.824030474948883,70.32,0.8627811000823975,,,,,,-1.0200000000000102,0.03875062513351446,41-60
MWM_ClassDist,42,55,1,kd,7.0,71.18,0.1,70.36,0.8836680017471313,68.6,0.9226081964492798,,,,,,-1.7600000000000051,0.03894019470214849,41-60
MWM_ClassDist,42,55,2,kd,6.0,71.8,0.1,69.1,0.8732674336910248,70.6,0.8531767860889434,,,,,,1.5,-0.020090647602081346,41-60
MWM_ClassDist,42,55,9,kd,8.0,71.24,0.1,69.62,0.8842904829025269,71.36,0.8407419013977051,,,,,,1.7399999999999949,-0.04354858150482177,41-60
MWM_ClassDist,42,56,4,kd,9.0,71.36,0.1,70.32,0.8627811000823975,71.0,0.8442127661705017,,,,,,0.6800000000000068,-0.01856833391189583,41-60
MWM_ClassDist,42,56,7,kd,8.0,71.24,0.1,71.18,0.8456469146728516,69.06,0.9084361618041992,,,,,,-2.1200000000000045,0.06278924713134759,41-60
MWM_ClassDist,42,56,3,kd,6.0,71.8,0.1,69.3,0.8699202540397644,70.92,0.8343922455787659,,,,,,1.6200000000000045,-0.03552800846099846,41-60
MWM_ClassDist,42,56,1,ce,,,0.1,68.6,0.9226081964492798,69.58,0.8619767055511475,5.0,71.94,71.94,69.68,0.8835403123855591,0.980000000000004,-0.060631490898132356,41-60
MWM_ClassDist,42,56,2,kd,5.0,71.94,0.1,70.6,0.8531767860889434,70.66,0.8479764236450196,,,,,,0.060000000000002274,-0.005200362443923856,41-60
MWM_ClassDist,42,57,3,kd,8.0,71.24,0.1,70.92,0.8343922455787659,70.66,0.8536041709899902,,,,,,-0.2600000000000051,0.019211925411224295,41-60
MWM_ClassDist,42,57,1,kd,4.0,71.0,0.1,69.58,0.8619767055511475,71.02,0.8572448731422424,,,,,,1.4399999999999977,-0.004731832408905068,41-60
MWM_ClassDist,42,57,6,ce,,,0.1,71.8,0.7981298815727234,72.8,0.7898844982147217,5.0,71.94,71.94,71.54,0.8311763119220734,1.0,-0.008245383358001623,41-60
MWM_ClassDist,42,57,7,kd,2.0,70.66,0.1,69.06,0.9084361618041992,70.48,0.876439898777008,,,,,,1.4200000000000017,-0.03199626302719116,41-60
MWM_ClassDist,42,57,9,kd,5.0,71.94,0.1,71.36,0.8407419013977051,71.02,0.8469073463916779,,,,,,-0.3400000000000034,0.006165444993972757,41-60
MWM_ClassDist,42,58,4,ce,,,0.1,71.0,0.8442127661705017,67.12,0.982030739068985,6.0,72.8,72.8,70.32,0.8544703175544739,-3.8799999999999955,0.1378179728984833,41-60
MWM_ClassDist,42,58,7,kd,1.0,71.02,0.1,70.48,0.876439898777008,70.56,0.8882335448265075,,,,,,0.0799999999999983,0.011793646049499507,41-60
MWM_ClassDist,42,58,2,kd,6.0,72.8,0.1,70.66,0.8479764236450196,69.24,0.903862008857727,,,,,,-1.4200000000000017,0.05588558521270748,41-60
MWM_ClassDist,42,58,9,kd,8.0,71.24,0.1,71.02,0.8469073463916779,71.52,0.8311404098510742,,,,,,0.5,-0.015766936540603682,41-60
MWM_ClassDist,42,58,3,kd,5.0,71.94,0.1,70.66,0.8536041709899902,69.94,0.8701537301540375,,,,,,-0.7199999999999989,0.016549559164047323,41-60
MWM_ClassDist,42,59,3,kd,7.0,70.56,0.1,69.94,0.8701537301540375,68.92,0.9727017703056335,,,,,,-1.019999999999996,0.10254804015159602,41-60
MWM_ClassDist,42,59,1,kd,5.0,71.94,0.1,71.02,0.8572448731422424,72.12,0.8144209390163422,,,,,,1.1000000000000085,-0.04282393412590024,41-60
MWM_ClassDist,42,59,2,ce,,,0.1,69.24,0.903862008857727,70.14,0.8781157876968384,6.0,72.8,72.8,70.38,0.8533101499557495,0.9000000000000057,-0.02574622116088865,41-60
MWM_ClassDist,42,59,4,kd,8.0,71.24,0.1,67.12,0.982030739068985,70.54,0.8577362283706665,,,,,,3.4200000000000017,-0.12429451069831843,41-60
MWM_ClassDist,42,59,9,kd,6.0,72.8,0.1,71.52,0.8311404098510742,71.78,0.812082820224762,,,,,,0.2600000000000051,-0.01905758962631221,41-60
MWM_ClassDist,42,60,4,kd,6.0,72.8,0.1,70.54,0.8577362283706665,70.78,0.844294026184082,,,,,,0.23999999999999488,-0.01344220218658454,41-60
MWM_ClassDist,42,60,3,ce,,,0.1,68.92,0.9727017703056335,69.78,0.8724422523498535,6.0,72.8,72.8,70.28,0.8598095463752746,0.8599999999999994,-0.10025951795578003,41-60
MWM_ClassDist,42,60,7,kd,1.0,72.12,0.1,70.56,0.8882335448265075,70.82,0.8598360199451447,,,,,,0.2599999999999909,-0.028397524881362823,41-60
MWM_ClassDist,42,60,9,kd,5.0,71.94,0.1,71.78,0.812082820224762,69.7,0.9016176671028138,,,,,,-2.0799999999999983,0.0895348468780518,41-60
MWM_ClassDist,42,60,2,kd,8.0,71.24,0.1,70.14,0.8781157876968384,71.44,0.8523293781280518,,,,,,1.2999999999999972,-0.02578640956878664,41-60
MWM_ClassDist,42,61,8,kd,1.0,72.12,0.1,71.24,0.8304163436889649,71.2,0.8259607717514038,,,,,,-0.03999999999999204,-0.004455571937561076,61-80
MWM_ClassDist,42,61,9,kd,2.0,71.44,0.1,69.7,0.9016176671028138,70.08,0.8897505685806274,,,,,,0.37999999999999545,-0.01186709852218637,61-80
MWM_ClassDist,42,61,3,ce,,,0.1,69.78,0.8724422523498535,72.3,0.8083211236000061,6.0,72.8,72.8,71.34,0.8493055906295777,2.519999999999996,-0.06412112874984743,61-80
MWM_ClassDist,42,61,4,kd,5.0,71.94,0.1,70.78,0.844294026184082,70.58,0.8547090932369232,,,,,,-0.20000000000000284,0.010415067052841231,61-80
MWM_ClassDist,42,61,7,kd,6.0,72.8,0.1,70.82,0.8598360199451447,69.08,0.9224896617889404,,,,,,-1.7399999999999949,0.06265364184379574,61-80
MWM_ClassDist,42,62,7,kd,1.0,72.12,0.1,69.08,0.9224896617889404,71.72,0.8216997069835663,,,,,,2.6400000000000006,-0.10078995480537412,61-80
MWM_ClassDist,42,62,4,ce,,,0.1,70.58,0.8547090932369232,71.44,0.8168787754058838,6.0,72.8,72.8,72.6,0.7991713481903077,0.8599999999999994,-0.037830317831039406,61-80
MWM_ClassDist,42,62,9,kd,3.0,72.3,0.1,70.08,0.8897505685806274,70.48,0.8938002624511718,,,,,,0.4000000000000057,0.004049693870544435,61-80
MWM_ClassDist,42,62,5,kd,6.0,72.8,0.1,71.94,0.8267140523910522,69.56,0.9057990370750427,,,,,,-2.3799999999999955,0.0790849846839905,61-80
MWM_ClassDist,42,62,8,kd,2.0,71.44,0.1,71.2,0.8259607717514038,70.08,0.8895694407463074,,,,,,-1.1200000000000045,0.06360866899490358,61-80
MWM_ClassDist,42,63,2,kd,7.0,71.72,0.1,71.44,0.8523293781280518,71.48,0.83632865858078,,,,,,0.04000000000000625,-0.01600071954727178,61-80
MWM_ClassDist,42,63,4,kd,6.0,72.8,0.1,71.44,0.8168787754058838,72.18,0.8196273109436035,,,,,,0.7400000000000091,0.0027485355377196985,61-80
MWM_ClassDist,42,63,5,kd,3.0,72.3,0.1,69.56,0.9057990370750427,69.92,0.9192940631866455,,,,,,0.35999999999999943,0.013495026111602804,61-80
MWM_ClassDist,42,63,8,ce,,,0.1,70.08,0.8895694407463074,69.54,0.873798125743866,6.0,72.8,72.8,70.82,0.8573079578399658,-0.539999999999992,-0.015771315002441444,61-80
MWM_ClassDist,42,63,9,kd,1.0,72.12,0.1,70.48,0.8938002624511718,69.88,0.8770128312110901,,,,,,-0.6000000000000085,-0.01678743124008175,61-80
MWM_ClassDist,42,64,7,kd,3.0,72.3,0.1,71.72,0.8216997069835663,70.46,0.8492484169006348,,,,,,-1.2600000000000051,0.02754870991706848,61-80
MWM_ClassDist,42,64,9,ce,,,0.1,69.88,0.8770128312110901,69.38,0.8871318201065064,6.0,72.8,72.8,71.18,0.854689041519165,-0.5,0.010118988895416292,61-80
MWM_ClassDist,42,64,8,kd,6.0,72.8,0.1,69.54,0.873798125743866,71.34,0.8461043752670289,,,,,,1.7999999999999972,-0.027693750476837087,61-80
MWM_ClassDist,42,64,1,kd,4.0,72.18,0.1,72.12,0.8144209390163422,70.66,0.8886399477481842,,,,,,-1.460000000000008,0.07421900873184206,61-80
MWM_ClassDist,42,64,5,kd,2.0,71.48,0.1,69.92,0.9192940631866455,71.36,0.8512304378032685,,,,,,1.4399999999999977,-0.06806362538337707,61-80
MWM_ClassDist,42,65,9,ce,,,0.1,69.38,0.8871318201065064,71.08,0.8466369404792785,6.0,72.8,72.8,71.44,0.8439896827697754,1.7000000000000028,-0.040494879627227864,61-80
MWM_ClassDist,42,65,1,kd,2.0,71.48,0.1,70.66,0.8886399477481842,71.2,0.85788529586792,,,,,,0.5400000000000063,-0.030754651880264272,61-80
MWM_ClassDist,42,65,7,kd,4.0,72.18,0.1,70.46,0.8492484169006348,70.78,0.8838487546920777,,,,,,0.3200000000000074,0.03460033779144289,61-80
MWM_ClassDist,42,65,3,kd,6.0,72.8,0.1,72.3,0.8083211236000061,69.84,0.8955911412239075,,,,,,-2.4599999999999937,0.08727001762390141,61-80
MWM_ClassDist,42,65,8,kd,5.0,71.36,0.1,71.34,0.8461043752670289,70.64,0.8748925801277161,,,,,,-0.7000000000000028,0.028788204860687228,61-80
MWM_ClassDist,42,66,7,kd,2.0,71.48,0.1,70.78,0.8838487546920777,71.12,0.8579485747814178,,,,,,0.3400000000000034,-0.02590017991065985,61-80
MWM_ClassDist,42,66,1,kd,6.0,72.8,0.1,71.2,0.85788529586792,70.54,0.8680907093048096,,,,,,-0.6599999999999966,0.010205413436889632,61-80
MWM_ClassDist,42,66,8,ce,,,0.1,70.64,0.8748925801277161,73.98,0.7600953316688538,6.0,72.8,72.8,70.7,0.8711089221954346,3.3400000000000034,-0.1147972484588623,61-80
MWM_ClassDist,42,66,3,kd,5.0,71.36,0.1,69.84,0.8955911412239075,71.46,0.8591320030212403,,,,,,1.6199999999999903,-0.03645913820266722,61-80
MWM_ClassDist,42,66,9,kd,4.0,72.18,0.1,71.08,0.8466369404792785,71.66,0.829818269443512,,,,,,0.5799999999999983,-0.016818671035766508,61-80
MWM_ClassDist,42,67,3,kd,9.0,71.66,0.1,71.46,0.8591320030212403,70.0,0.8986507885932923,,,,,,-1.4599999999999937,0.03951878557205202,61-80
MWM_ClassDist,42,67,2,kd,4.0,72.18,0.1,71.48,0.83632865858078,69.26,0.9127292531013489,,,,,,-2.219999999999999,0.07640059452056891,61-80
MWM_ClassDist,42,67,1,kd,7.0,71.12,0.1,70.54,0.8680907093048096,70.96,0.8527244061470032,,,,,,0.4199999999999875,-0.015366303157806405,61-80
MWM_ClassDist,42,67,5,ce,,,0.1,71.36,0.8512304378032685,71.72,0.7982479684829712,8.0,73.98,73.98,71.84,0.8337204922676087,0.35999999999999943,-0.052982469320297265,61-80
MWM_ClassDist,42,67,6,kd,8.0,73.98,0.1,72.8,0.7898844982147217,73.06,0.7902382513046264,,,,,,0.2600000000000051,0.000353753089904707,61-80
MWM_ClassDist,42,68,1,ce,,,0.1,70.96,0.8527244061470032,70.66,0.8362265344619751,8.0,73.98,73.98,71.4,0.8478843864440918,-0.29999999999999716,-0.01649787168502803,61-80
MWM_ClassDist,42,68,3,kd,8.0,73.98,0.1,70.0,0.8986507885932923,73.48,0.8175563812255859,,,,,,3.480000000000004,-0.08109440736770634,61-80
MWM_ClassDist,42,68,4,kd,6.0,73.06,0.1,72.18,0.8196273109436035,72.44,0.8236876623153686,,,,,,0.2599999999999909,0.004060351371765081,61-80
MWM_ClassDist,42,68,7,kd,9.0,71.66,0.1,71.12,0.8579485747814178,70.62,0.8679964328765869,,,,,,-0.5,0.01004785809516906,61-80
MWM_ClassDist,42,68,2,kd,5.0,71.72,0.1,69.26,0.9127292531013489,70.12,0.8647810285568237,,,,,,0.8599999999999994,-0.047948224544525186,61-80
MWM_ClassDist,42,69,7,kd,4.0,72.44,0.1,70.62,0.8679964328765869,70.02,0.9129543953895569,,,,,,-0.6000000000000085,0.04495796251297002,61-80
MWM_ClassDist,42,69,9,kd,6.0,73.06,0.1,71.66,0.829818269443512,71.66,0.8583695469856262,,,,,,0.0,0.028551277542114173,61-80
MWM_ClassDist,42,69,2,ce,,,0.1,70.12,0.8647810285568237,69.34,0.8862689701318741,8.0,73.98,73.98,70.6,0.8975022321701049,-0.7800000000000011,0.021487941575050407,61-80
MWM_ClassDist,42,69,1,kd,3.0,73.48,0.1,70.66,0.8362265344619751,70.62,0.8881141468048096,,,,,,-0.03999999999999204,0.051887612342834455,61-80
MWM_ClassDist,42,69,5,kd,8.0,73.98,0.1,71.72,0.7982479684829712,73.24,0.80393984375,,,,,,1.519999999999996,0.005691875267028856,61-80
MWM_ClassDist,42,70,4,ce,,,0.1,72.44,0.8236876623153686,73.58,0.7809254770755768,8.0,73.98,73.98,72.4,0.8382769948959351,1.1400000000000006,-0.042762185239791806,61-80
MWM_ClassDist,42,70,9,kd,3.0,73.48,0.1,71.66,0.8583695469856262,70.5,0.9168931583404542,,,,,,-1.1599999999999966,0.058523611354827976,61-80
MWM_ClassDist,42,70,1,kd,6.0,73.06,0.1,70.62,0.8881141468048096,70.04,0.910651305770874,,,,,,-0.5799999999999983,0.022537158966064452,61-80
MWM_ClassDist,42,70,7,kd,5.0,73.24,0.1,70.02,0.9129543953895569,71.86,0.8187199527740479,,,,,,1.8400000000000034,-0.09423444261550906,61-80
MWM_ClassDist,42,70,2,kd,8.0,73.98,0.1,69.34,0.8862689701318741,72.1,0.8142785197257996,,,,,,2.759999999999991,-0.07199045040607455,61-80
MWM_ClassDist,42,71,6,kd,5.0,73.24,0.1,73.06,0.7902382513046264,71.9,0.8121981899261475,,,,,,-1.1599999999999966,0.021959938621521014,61-80
MWM_ClassDist,42,71,2,ce,,,0.1,72.1,0.8142785197257996,73.0,0.7750058919429779,8.0,73.98,73.98,69.18,0.9374120443344116,0.9000000000000057,-0.0392726277828217,61-80
MWM_ClassDist,42,71,9,kd,8.0,73.98,0.1,70.5,0.9168931583404542,72.2,0.818356057357788,,,,,,1.7000000000000028,-0.0985371009826661,61-80
MWM_ClassDist,42,71,1,kd,3.0,73.48,0.1,70.04,0.910651305770874,71.9,0.8447960590362549,,,,,,1.8599999999999994,-0.06585524673461918,61-80
MWM_ClassDist,42,71,7,kd,4.0,73.58,0.1,71.86,0.8187199527740479,73.84,0.774266760969162,,,,,,1.980000000000004,-0.04445319180488583,61-80
MWM_ClassDist,42,72,9,kd,3.0,73.48,0.1,72.2,0.818356057357788,69.7,0.9622677848815918,,,,,,-2.5,0.14391172752380377,61-80
MWM_ClassDist,42,72,1,kd,4.0,73.58,0.1,71.9,0.8447960590362549,70.14,0.894315191745758,,,,,,-1.7600000000000051,0.049519132709503144,61-80
MWM_ClassDist,42,72,6,ce,,,0.1,71.9,0.8121981899261475,69.22,0.8705091025352478,8.0,73.98,73.98,73.82,0.7819475853919983,-2.680000000000007,0.058310912609100374,61-80
MWM_ClassDist,42,72,5,kd,7.0,73.84,0.1,73.24,0.80393984375,72.82,0.8197671544551849,,,,,,-0.4200000000000017,0.01582731070518484,61-80
MWM_ClassDist,42,72,2,kd,8.0,73.98,0.1,73.0,0.7750058919429779,72.24,0.823699948978424,,,,,,-0.7600000000000051,0.04869405703544616,61-80
MWM_ClassDist,42,73,6,kd,5.0,72.82,0.1,69.22,0.8705091025352478,73.38,0.796815109539032,,,,,,4.159999999999997,-0.07369399299621582,61-80
MWM_ClassDist,42,73,2,kd,3.0,73.48,0.1,72.24,0.823699948978424,72.28,0.844921883392334,,,,,,0.04000000000000625,0.02122193441390996,61-80
MWM_ClassDist,42,73,4,kd,8.0,73.98,0.1,73.58,0.7809254770755768,72.24,0.8115605087280273,,,,,,-1.3400000000000034,0.030635031652450517,61-80
MWM_ClassDist,42,73,1,ce,,,0.1,70.14,0.894315191745758,72.02,0.7940959739685058,8.0,73.98,73.98,72.68,0.8091057888031006,1.8799999999999955,-0.10021921777725218,61-80
MWM_ClassDist,42,73,9,kd,7.0,73.84,0.1,69.7,0.9622677848815918,73.02,0.7997840205192566,,,,,,3.319999999999993,-0.16248376436233525,61-80
MWM_ClassDist,42,74,2,kd,7.0,73.84,0.1,72.28,0.844921883392334,71.48,0.8534882461547851,,,,,,-0.7999999999999972,0.008566362762451152,61-80
MWM_ClassDist,42,74,9,kd,3.0,73.48,0.1,73.02,0.7997840205192566,71.96,0.845795475769043,,,,,,-1.0600000000000023,0.04601145524978645,61-80
MWM_ClassDist,42,74,1,kd,8.0,73.98,0.1,72.02,0.7940959739685058,74.02,0.7654378499984741,,,,,,2.0,-0.028658123970031757,61-80
MWM_ClassDist,42,74,4,kd,6.0,73.38,0.1,72.24,0.8115605087280273,72.92,0.802804426765442,,,,,,0.6800000000000068,-0.008756081962585371,61-80
MWM_ClassDist,42,74,5,ce,,,0.1,72.82,0.8197671544551849,72.38,0.798748603630066,8.0,73.98,73.98,72.74,0.7989728593826294,-0.4399999999999977,-0.021018550825118942,61-80
MWM_ClassDist,42,75,4,kd,1.0,74.02,0.1,72.92,0.802804426765442,72.16,0.7981201867103577,,,,,,-0.7600000000000051,-0.004684240055084277,61-80
MWM_ClassDist,42,75,5,kd,8.0,73.98,0.1,72.38,0.798748603630066,72.1,0.8241276494979859,,,,,,-0.28000000000000114,0.025379045867919947,61-80
MWM_ClassDist,42,75,3,kd,7.0,73.84,0.1,73.48,0.8175563812255859,71.7,0.8388617175102234,,,,,,-1.7800000000000011,0.02130533628463749,61-80
MWM_ClassDist,42,75,2,ce,,,0.1,71.48,0.8534882461547851,70.76,0.8318121157646179,1.0,74.02,74.02,71.36,0.8511952933311462,-0.7199999999999989,-0.021676130390167248,61-80
MWM_ClassDist,42,75,9,kd,6.0,73.38,0.1,71.96,0.845795475769043,73.82,0.786265714263916,,,,,,1.8599999999999994,-0.05952976150512701,61-80
MWM_ClassDist,42,76,2,kd,1.0,74.02,0.1,70.76,0.8318121157646179,72.36,0.8197076476097107,,,,,,1.5999999999999943,-0.012104468154907178,61-80
MWM_ClassDist,42,76,3,ce,,,0.1,71.7,0.8388617175102234,70.16,0.8640993895530701,1.0,74.02,74.02,72.42,0.8196235805511475,-1.5400000000000063,0.02523767204284666,61-80
MWM_ClassDist,42,76,6,kd,8.0,73.98,0.1,73.38,0.796815109539032,73.94,0.7596204053878785,,,,,,0.5600000000000023,-0.03719470415115356,61-80
MWM_ClassDist,42,76,5,kd,9.0,73.82,0.1,72.1,0.8241276494979859,72.86,0.8086064214229584,,,,,,0.7600000000000051,-0.015521228075027538,61-80
MWM_ClassDist,42,76,4,kd,7.0,73.84,0.1,72.16,0.7981201867103577,73.2,0.789819313287735,,,,,,1.0400000000000063,-0.008300873422622645,61-80
MWM_ClassDist,42,77,5,kd,6.0,73.94,0.1,72.86,0.8086064214229584,73.28,0.7782844343185424,,,,,,0.4200000000000017,-0.030321987104415915,61-80
MWM_ClassDist,42,77,3,kd,7.0,73.84,0.1,70.16,0.8640993895530701,73.8,0.7715380201339722,,,,,,3.6400000000000006,-0.09256136941909787,61-80
MWM_ClassDist,42,77,2,ce,,,0.1,72.36,0.8197076476097107,71.62,0.8244335851669311,1.0,74.02,74.02,72.52,0.8049705311298371,-0.7399999999999949,0.004725937557220394,61-80
MWM_ClassDist,42,77,4,kd,8.0,73.98,0.1,73.2,0.789819313287735,72.54,0.8091690162658691,,,,,,-0.6599999999999966,0.019349702978134098,61-80
MWM_ClassDist,42,77,9,kd,1.0,74.02,0.1,73.82,0.786265714263916,71.28,0.8605400712966919,,,,,,-2.539999999999992,0.07427435703277585,61-80
MWM_ClassDist,42,78,9,ce,,,0.1,71.28,0.8605400712966919,71.9,0.8538337352752685,1.0,74.02,74.02,71.54,0.8489071176528931,0.6200000000000045,-0.0067063360214233425,61-80
MWM_ClassDist,42,78,4,kd,3.0,73.8,0.1,72.54,0.8091690162658691,72.46,0.8177940723419189,,,,,,-0.0800000000000125,0.008625056076049797,61-80
MWM_ClassDist,42,78,6,kd,1.0,74.02,0.1,73.94,0.7596204053878785,73.1,0.784327065372467,,,,,,-0.8400000000000034,0.02470665998458854,61-80
MWM_ClassDist,42,78,2,kd,5.0,73.28,0.1,71.62,0.8244335851669311,72.46,0.8378349937438965,,,,,,0.8399999999999892,0.013401408576965368,61-80
MWM_ClassDist,42,78,7,kd,8.0,73.98,0.1,73.84,0.774266760969162,70.04,0.907996365070343,,,,,,-3.799999999999997,0.13372960410118095,61-80
MWM_ClassDist,42,79,3,kd,8.0,73.98,0.1,73.8,0.7715380201339722,72.88,0.8102652013778686,,,,,,-0.9200000000000017,0.0387271812438964,61-80
MWM_ClassDist,42,79,7,ce,,,0.1,70.04,0.907996365070343,71.54,0.826398526763916,1.0,74.02,74.02,71.04,0.8718950273513794,1.5,-0.08159783830642697,61-80
MWM_ClassDist,42,79,4,kd,1.0,74.02,0.1,72.46,0.8177940723419189,72.1,0.8466570596694947,,,,,,-0.35999999999999943,0.02886298732757575,61-80
MWM_ClassDist,42,79,9,kd,5.0,73.28,0.1,71.9,0.8538337352752685,72.64,0.8305433238983154,,,,,,0.7399999999999949,-0.02329041137695309,61-80
MWM_ClassDist,42,79,2,kd,6.0,73.1,0.1,72.46,0.8378349937438965,71.44,0.854831397819519,,,,,,-1.019999999999996,0.01699640407562253,61-80
MWM_ClassDist,42,80,4,ce,,,0.1,72.1,0.8466570596694947,71.3,0.8398443358421326,1.0,74.02,74.02,70.28,0.8958979494094849,-0.7999999999999972,-0.006812723827362088,61-80
MWM_ClassDist,42,80,5,kd,1.0,74.02,0.1,73.28,0.7782844343185424,71.7,0.8517851934432984,,,,,,-1.5799999999999983,0.07350075912475595,61-80
MWM_ClassDist,42,80,2,kd,3.0,72.88,0.1,71.44,0.854831397819519,71.68,0.8383338655471801,,,,,,0.2400000000000091,-0.016497532272338855,61-80
MWM_ClassDist,42,80,9,kd,6.0,73.1,0.1,72.64,0.8305433238983154,72.84,0.7910513021469117,,,,,,0.20000000000000284,-0.03949202175140376,61-80
MWM_ClassDist,42,80,7,kd,8.0,73.98,0.1,71.54,0.826398526763916,72.46,0.8310235799312592,,,,,,0.9199999999999875,0.004625053167343185,61-80
MWM_ClassDist,42,81,7,kd,1.0,74.02,0.1,72.46,0.8310235799312592,73.16,0.7766513006210327,,,,,,0.7000000000000028,-0.05437227931022648,81-100
MWM_ClassDist,42,81,9,kd,3.0,72.88,0.1,72.84,0.7910513021469117,70.74,0.884896314239502,,,,,,-2.1000000000000085,0.09384501209259033,81-100
MWM_ClassDist,42,81,2,kd,6.0,73.1,0.1,71.68,0.8383338655471801,71.88,0.8448049328804016,,,,,,0.19999999999998863,0.0064710673332214474,81-100
MWM_ClassDist,42,81,4,kd,8.0,73.98,0.1,71.3,0.8398443358421326,73.68,0.7747902948379517,,,,,,2.3800000000000097,-0.06505404100418088,81-100
MWM_ClassDist,42,81,5,ce,,,0.1,71.7,0.8517851934432984,69.54,0.8890899400234222,1.0,74.02,74.02,72.92,0.7963579874038696,-2.1599999999999966,0.03730474658012384,81-100
MWM_ClassDist,42,82,2,kd,4.0,73.68,0.1,71.88,0.8448049328804016,72.74,0.8348217836380005,,,,,,0.8599999999999994,-0.009983149242401068,81-100
MWM_ClassDist,42,82,9,kd,6.0,73.1,0.1,70.74,0.884896314239502,72.04,0.8406334451675415,,,,,,1.3000000000000114,-0.04426286907196053,81-100
MWM_ClassDist,42,82,3,ce,,,0.1,72.88,0.8102652013778686,73.48,0.7502248868942261,1.0,74.02,74.02,71.68,0.8414183963775634,0.6000000000000085,-0.060040314483642554,81-100
MWM_ClassDist,42,82,5,kd,1.0,74.02,0.1,69.54,0.8890899400234222,73.02,0.7995680822372436,,,,,,3.4799999999999898,-0.0895218577861786,81-100
MWM_ClassDist,42,82,7,kd,8.0,73.98,0.1,73.16,0.7766513006210327,72.14,0.8200591118812561,,,,,,-1.019999999999996,0.04340781126022342,81-100
MWM_ClassDist,42,83,3,kd,8.0,73.98,0.1,73.48,0.7502248868942261,73.24,0.8013351049423217,,,,,,-0.2400000000000091,0.05111021804809568,81-100
MWM_ClassDist,42,83,2,kd,1.0,74.02,0.1,72.74,0.8348217836380005,72.84,0.7961131940841675,,,,,,0.10000000000000853,-0.03870858955383305,81-100
MWM_ClassDist,42,83,7,kd,6.0,73.1,0.1,72.14,0.8200591118812561,72.38,0.8439510928153992,,,,,,0.23999999999999488,0.02389198093414302,81-100
MWM_ClassDist,42,83,5,ce,,,0.1,73.02,0.7995680822372436,72.66,0.7920735357046127,1.0,74.02,74.02,73.48,0.7900682271003723,-0.35999999999999943,-0.00749454653263093,81-100
MWM_ClassDist,42,83,9,kd,4.0,73.68,0.1,72.04,0.8406334451675415,70.42,0.9030959053039551,,,,,,-1.6200000000000045,0.062462460136413656,81-100
MWM_ClassDist,42,84,5,kd,8.0,73.98,0.1,72.66,0.7920735357046127,72.42,0.8074340438842773,,,,,,-0.23999999999999488,0.015360508179664611,81-100
MWM_ClassDist,42,84,6,kd,4.0,73.68,0.1,73.1,0.784327065372467,72.28,0.8412411151885987,,,,,,-0.8199999999999932,0.056914049816131684,81-100
MWM_ClassDist,42,84,7,kd,3.0,73.24,0.1,72.38,0.8439510928153992,67.98,1.0450738063812255,,,,,,-4.3999999999999915,0.20112271356582634,81-100
MWM_ClassDist,42,84,2,ce,,,0.1,72.84,0.7961131940841675,69.98,0.8875945718765259,1.0,74.02,74.02,71.6,0.8357768933296204,-2.8599999999999994,0.09148137779235843,81-100
MWM_ClassDist,42,84,9,kd,1.0,74.02,0.1,70.42,0.9030959053039551,72.58,0.8041722182273865,,,,,,2.1599999999999966,-0.09892368707656862,81-100
MWM_ClassDist,42,85,7,kd,4.0,73.68,0.1,67.98,1.0450738063812255,73.0,0.8173874918937684,,,,,,5.019999999999996,-0.22768631448745713,81-100
MWM_ClassDist,42,85,3,ce,,,0.1,73.24,0.8013351049423217,74.68,0.7393846603393555,1.0,74.02,74.02,72.86,0.7764390409469605,1.440000000000012,-0.06195044460296628,81-100
MWM_ClassDist,42,85,5,kd,1.0,74.02,0.1,72.42,0.8074340438842773,74.18,0.7559767191886901,,,,,,1.7600000000000051,-0.05145732469558717,81-100
MWM_ClassDist,42,85,6,kd,9.0,72.58,0.1,72.28,0.8412411151885987,71.78,0.8430016443252564,,,,,,-0.5,0.0017605291366576958,81-100
MWM_ClassDist,42,85,2,kd,8.0,73.98,0.1,69.98,0.8875945718765259,71.5,0.8876064813613892,,,,,,1.519999999999996,1.1909484863292796e-05,81-100
MWM_ClassDist,42,86,8,kd,3.0,74.68,0.1,73.98,0.7600953316688538,72.96,0.7914876668930054,,,,,,-1.0200000000000102,0.031392335224151635,81-100
MWM_ClassDist,42,86,7,kd,1.0,74.02,0.1,73.0,0.8173874918937684,72.28,0.821200323009491,,,,,,-0.7199999999999989,0.0038128311157226147,81-100
MWM_ClassDist,42,86,9,ce,,,0.1,72.58,0.8041722182273865,70.22,0.8357427425861359,3.0,74.68,74.68,73.64,0.7646376067638397,-2.3599999999999994,0.03157052435874941,81-100
MWM_ClassDist,42,86,6,kd,4.0,73.68,0.1,71.78,0.8430016443252564,71.66,0.8524679990768432,,,,,,-0.12000000000000455,0.009466354751586858,81-100
MWM_ClassDist,42,86,2,kd,5.0,74.18,0.1,71.5,0.8876064813613892,73.3,0.7838203339576721,,,,,,1.7999999999999972,-0.10378614740371706,81-100
MWM_ClassDist,42,87,6,ce,,,0.1,71.66,0.8524679990768432,71.92,0.7901080215454102,3.0,74.68,74.68,72.8,0.8268100294113159,0.2600000000000051,-0.062359977531433075,81-100
MWM_ClassDist,42,87,7,kd,2.0,73.3,0.1,72.28,0.821200323009491,69.46,0.8932055194854737,,,,,,-2.8200000000000074,0.07200519647598269,81-100
MWM_ClassDist,42,87,1,kd,3.0,74.68,0.1,74.02,0.7654378499984741,74.08,0.7427024396896362,,,,,,0.060000000000002274,-0.022735410308837856,81-100
MWM_ClassDist,42,87,8,kd,5.0,74.18,0.1,72.96,0.7914876668930054,71.82,0.8440677412033081,,,,,,-1.1400000000000006,0.05258007431030265,81-100
MWM_ClassDist,42,87,9,kd,4.0,73.68,0.1,70.22,0.8357427425861359,72.28,0.8227062870025634,,,,,,2.0600000000000023,-0.01303645558357247,81-100
MWM_ClassDist,42,88,7,kd,4.0,73.68,0.1,69.46,0.8932055194854737,72.3,0.8310960927009583,,,,,,2.8400000000000034,-0.062109426784515365,81-100
MWM_ClassDist,42,88,6,kd,5.0,74.18,0.1,71.92,0.7901080215454102,72.84,0.8267646939277649,,,,,,0.9200000000000017,0.036656672382354705,81-100
MWM_ClassDist,42,88,2,kd,3.0,74.68,0.1,73.3,0.7838203339576721,70.9,0.8820199513912201,,,,,,-2.3999999999999915,0.09819961743354799,81-100
MWM_ClassDist,42,88,8,ce,,,0.1,71.82,0.8440677412033081,73.14,0.7905134538650512,3.0,74.68,74.68,73.24,0.7960490310668945,1.3200000000000074,-0.053554287338256845,81-100
MWM_ClassDist,42,88,9,kd,1.0,74.08,0.1,72.28,0.8227062870025634,73.74,0.7714076521396637,,,,,,1.4599999999999937,-0.05129863486289976,81-100
MWM_ClassDist,42,89,2,kd,4.0,73.68,0.1,70.9,0.8820199513912201,73.46,0.7692982253074646,,,,,,2.559999999999988,-0.11272172608375552,81-100
MWM_ClassDist,42,89,7,kd,1.0,74.08,0.1,72.3,0.8310960927009583,73.42,0.7887340221405029,,,,,,1.1200000000000045,-0.04236207056045538,81-100
MWM_ClassDist,42,89,6,ce,,,0.1,72.84,0.8267646939277649,72.4,0.8196610657215119,3.0,74.68,74.68,72.06,0.851655019402504,-0.4399999999999977,-0.007103628206252988,81-100
MWM_ClassDist,42,89,8,kd,9.0,73.74,0.1,73.14,0.7905134538650512,72.76,0.8131596527099609,,,,,,-0.37999999999999545,0.022646198844909704,81-100
MWM_ClassDist,42,89,5,kd,3.0,74.68,0.1,74.18,0.7559767191886901,74.68,0.7286199050188065,,,,,,0.5,-0.02735681416988367,81-100
MWM_ClassDist,42,90,1,ce,,,0.1,74.08,0.7427024396896362,74.4,0.7513550140380859,5.0,74.68,74.68,72.72,0.8029752489089966,0.3200000000000074,0.008652574348449682,81-100
MWM_ClassDist,42,90,4,kd,3.0,74.68,0.1,73.68,0.7747902948379517,71.78,0.8492291489243508,,,,,,-1.9000000000000057,0.07443885408639905,81-100
MWM_ClassDist,42,90,9,kd,5.0,74.68,0.1,73.74,0.7714076521396637,73.72,0.7541479122161865,,,,,,-0.01999999999999602,-0.01725973992347718,81-100
MWM_ClassDist,42,90,6,kd,7.0,73.42,0.1,72.4,0.8196610657215119,72.84,0.8008619318008423,,,,,,0.4399999999999977,-0.018799133920669564,81-100
MWM_ClassDist,42,90,8,kd,2.0,73.46,0.1,72.76,0.8131596527099609,73.3,0.7986064230918885,,,,,,0.539999999999992,-0.014553229618072483,81-100
MWM_ClassDist,42,91,4,ce,,,0.1,71.78,0.8492291489243508,70.9,0.8396275806427002,5.0,74.68,74.68,73.38,0.7586180755138398,-0.8799999999999955,-0.009601568281650597,81-100
MWM_ClassDist,42,91,2,kd,3.0,74.68,0.1,73.46,0.7692982253074646,71.56,0.8496581781387329,,,,,,-1.8999999999999915,0.08035995283126829,81-100
MWM_ClassDist,42,91,7,kd,1.0,74.4,0.1,73.42,0.7887340221405029,71.66,0.8376181406021118,,,,,,-1.7600000000000051,0.048884118461608894,81-100
MWM_ClassDist,42,91,6,kd,9.0,73.72,0.1,72.84,0.8008619318008423,73.28,0.7829749148845673,,,,,,0.4399999999999977,-0.017887016916275034,81-100
MWM_ClassDist,42,91,8,kd,5.0,74.68,0.1,73.3,0.7986064230918885,73.44,0.7686871935367584,,,,,,0.14000000000000057,-0.029919229555130045,81-100
MWM_ClassDist,42,92,4,kd,3.0,74.68,0.1,70.9,0.8396275806427002,72.24,0.8385200025796891,,,,,,1.3399999999999892,-0.0011075780630110943,81-100
MWM_ClassDist,42,92,8,kd,1.0,74.4,0.1,73.44,0.7686871935367584,73.26,0.7758162415504456,,,,,,-0.1799999999999926,0.007129048013687189,81-100
MWM_ClassDist,42,92,6,ce,,,0.1,73.28,0.7829749148845673,73.2,0.7607452905654907,5.0,74.68,74.68,72.98,0.7901947996616363,-0.0799999999999983,-0.022229624319076602,81-100
MWM_ClassDist,42,92,2,kd,9.0,73.72,0.1,71.56,0.8496581781387329,72.46,0.8062341248512268,,,,,,0.8999999999999915,-0.04342405328750609,81-100
MWM_ClassDist,42,92,7,kd,5.0,74.68,0.1,71.66,0.8376181406021118,73.46,0.7682764562606812,,,,,,1.7999999999999972,-0.06934168434143062,81-100
MWM_ClassDist,42,93,7,ce,,,0.1,73.46,0.7682764562606812,71.06,0.8120471933364868,5.0,74.68,74.68,73.06,0.7885118847370147,-2.3999999999999915,0.04377073707580559,81-100
MWM_ClassDist,42,93,1,kd,5.0,74.68,0.1,74.4,0.7513550140380859,73.5,0.7791681774616241,,,,,,-0.9000000000000057,0.027813163423538234,81-100
MWM_ClassDist,42,93,4,kd,9.0,73.72,0.1,72.24,0.8385200025796891,73.64,0.7680167984485626,,,,,,1.4000000000000057,-0.07050320413112643,81-100
MWM_ClassDist,42,93,6,kd,3.0,74.68,0.1,73.2,0.7607452905654907,73.32,0.793073172712326,,,,,,0.11999999999999034,0.03232788214683535,81-100
MWM_ClassDist,42,93,2,kd,8.0,73.26,0.1,72.46,0.8062341248512268,71.86,0.832072961139679,,,,,,-0.5999999999999943,0.025838836288452183,81-100
MWM_ClassDist,42,94,7,kd,1.0,73.5,0.1,71.06,0.8120471933364868,72.4,0.8167948225498199,,,,,,1.3400000000000034,0.00474762921333316,81-100
MWM_ClassDist,42,94,4,kd,3.0,74.68,0.1,73.64,0.7680167984485626,74.2,0.7603101745128632,,,,,,0.5600000000000023,-0.00770662393569943,81-100
MWM_ClassDist,42,94,8,kd,6.0,73.32,0.1,73.26,0.7758162415504456,72.38,0.835659351491928,,,,,,-0.8800000000000097,0.05984310994148245,81-100
MWM_ClassDist,42,94,9,ce,,,0.1,73.72,0.7541479122161865,73.82,0.7559829893112182,5.0,74.68,74.68,73.44,0.7655390320539475,0.09999999999999432,0.001835077095031723,81-100
MWM_ClassDist,42,94,2,kd,5.0,74.68,0.1,71.86,0.832072961139679,72.34,0.801583736538887,,,,,,0.480000000000004,-0.030489224600791953,81-100
MWM_ClassDist,42,95,7,ce,,,0.1,72.4,0.8167948225498199,71.52,0.8518345457077027,5.0,74.68,74.68,73.0,0.7897633375883102,-0.8800000000000097,0.03503972315788273,81-100
MWM_ClassDist,42,95,9,kd,3.0,74.68,0.1,73.82,0.7559829893112182,74.8,0.751442495250702,,,,,,0.980000000000004,-0.004540494060516265,81-100
MWM_ClassDist,42,95,1,kd,4.0,74.2,0.1,73.5,0.7791681774616241,73.42,0.7718546006202698,,,,,,-0.0799999999999983,-0.007313576841354363,81-100
MWM_ClassDist,42,95,2,kd,6.0,73.32,0.1,72.34,0.801583736538887,71.58,0.8695605771303176,,,,,,-0.7600000000000051,0.06797684059143061,81-100
MWM_ClassDist,42,95,8,kd,5.0,74.68,0.1,72.38,0.835659351491928,73.84,0.767731828212738,,,,,,1.460000000000008,-0.06792752327919005,81-100
MWM_ClassDist,42,96,7,kd,4.0,74.2,0.1,71.52,0.8518345457077027,75.1,0.7502209000110627,,,,,,3.5799999999999983,-0.10161364569664,81-100
MWM_ClassDist,42,96,1,kd,5.0,74.68,0.1,73.42,0.7718546006202698,73.28,0.7754368991374969,,,,,,-0.14000000000000057,0.0035822985172271338,81-100
MWM_ClassDist,42,96,3,ce,,,0.1,74.68,0.7393846603393555,75.58,0.7110926748752594,9.0,74.8,74.8,72.46,0.821931903886795,0.8999999999999915,-0.02829198546409606,81-100
MWM_ClassDist,42,96,6,kd,9.0,74.8,0.1,73.32,0.793073172712326,73.44,0.8077106449127197,,,,,,0.12000000000000455,0.014637472200393686,81-100
MWM_ClassDist,42,96,2,kd,8.0,73.84,0.1,71.58,0.8695605771303176,72.82,0.8025692393064499,,,,,,1.2399999999999949,-0.06699133782386779,81-100
MWM_ClassDist,42,97,5,kd,7.0,75.1,0.1,74.68,0.7286199050188065,74.08,0.79167528424263,,,,,,-0.6000000000000085,0.06305537922382354,81-100
MWM_ClassDist,42,97,6,kd,8.0,73.84,0.1,73.44,0.8077106449127197,73.38,0.7731874488353729,,,,,,-0.060000000000002274,-0.034523196077346774,81-100
MWM_ClassDist,42,97,9,ce,,,0.1,74.8,0.751442495250702,74.06,0.7713552556037903,3.0,75.58,75.58,74.28,0.7382813537597657,-0.7399999999999949,0.01991276035308831,81-100
MWM_ClassDist,42,97,1,kd,4.0,74.2,0.1,73.28,0.7754368991374969,72.52,0.8330305987834931,,,,,,-0.7600000000000051,0.057593699645996144,81-100
MWM_ClassDist,42,97,2,kd,3.0,75.58,0.1,72.82,0.8025692393064499,71.46,0.8398092569351197,,,,,,-1.3599999999999994,0.0372400176286698,81-100
MWM_ClassDist,42,98,2,kd,4.0,74.2,0.1,71.46,0.8398092569351197,71.1,0.8523517645835876,,,,,,-0.35999999999999943,0.012542507648467982,81-100
MWM_ClassDist,42,98,9,kd,7.0,75.1,0.1,74.06,0.7713552556037903,75.04,0.7369062316894531,,,,,,0.980000000000004,-0.03444902391433713,81-100
MWM_ClassDist,42,98,6,kd,5.0,74.08,0.1,73.38,0.7731874488353729,72.16,0.8686388585090637,,,,,,-1.2199999999999989,0.09545140967369081,81-100
MWM_ClassDist,42,98,8,ce,,,0.1,73.84,0.767731828212738,71.78,0.8778612304210662,3.0,75.58,75.58,73.36,0.7828155375480652,-2.0600000000000023,0.11012940220832823,81-100
MWM_ClassDist,42,98,1,kd,3.0,75.58,0.1,72.52,0.8330305987834931,73.56,0.7797457486152649,,,,,,1.0400000000000063,-0.05328485016822815,81-100
MWM_ClassDist,42,99,7,ce,,,0.1,75.1,0.7502209000110627,74.84,0.7437304446697235,3.0,75.58,75.58,73.88,0.7840350111484528,-0.2599999999999909,-0.006490455341339185,81-100
MWM_ClassDist,42,99,2,kd,1.0,73.56,0.1,71.1,0.8523517645835876,71.08,0.8641963233947754,,,,,,-0.01999999999999602,0.011844558811187733,81-100
MWM_ClassDist,42,99,5,kd,4.0,74.2,0.1,74.08,0.79167528424263,74.08,0.7728312456369401,,,,,,0.0,-0.01884403860568995,81-100
MWM_ClassDist,42,99,8,kd,9.0,75.04,0.1,71.78,0.8778612304210662,74.02,0.7634547185182572,,,,,,2.239999999999995,-0.11440651190280904,81-100
MWM_ClassDist,42,99,6,kd,3.0,75.58,0.1,72.16,0.8686388585090637,74.44,0.757921644115448,,,,,,2.280000000000001,-0.1107172143936157,81-100
MWM_ClassDist,42,100,4,kd,3.0,75.58,0.1,74.2,0.7603101745128632,74.44,0.7641529870033265,,,,,,0.23999999999999488,0.0038428124904632543,81-100
MWM_ClassDist,42,100,1,kd,5.0,74.08,0.1,73.56,0.7797457486152649,71.14,0.8569798361301422,,,,,,-2.4200000000000017,0.07723408751487726,81-100
MWM_ClassDist,42,100,2,kd,9.0,75.04,0.1,71.08,0.8641963233947754,73.28,0.7893421575069427,,,,,,2.200000000000003,-0.07485416588783267,81-100
MWM_ClassDist,42,100,6,kd,7.0,74.84,0.1,74.44,0.757921644115448,74.62,0.7516116415977478,,,,,,0.18000000000000682,-0.006310002517700197,81-100
MWM_ClassDist,42,100,8,ce,,,0.1,74.02,0.7634547185182572,74.42,0.7419438261985779,3.0,75.58,75.58,73.7,0.7706298677444458,0.4000000000000057,-0.021510892319679287,81-100
MWM_ClassDist,42,101,5,kd,4.0,74.44,0.1,74.08,0.7728312456369401,73.24,0.8014000959396362,,,,,,-0.8400000000000034,0.02856885030269618,101-120
MWM_ClassDist,42,101,2,ce,,,0.1,73.28,0.7893421575069427,72.92,0.7765037658691406,3.0,75.58,75.58,70.5,0.868586704826355,-0.35999999999999943,-0.012838391637802093,101-120
MWM_ClassDist,42,101,6,kd,3.0,75.58,0.1,74.62,0.7516116415977478,74.1,0.7794668982028962,,,,,,-0.5200000000000102,0.027855256605148315,101-120
MWM_ClassDist,42,101,1,kd,9.0,75.04,0.1,71.14,0.8569798361301422,73.24,0.8018074266910553,,,,,,2.0999999999999943,-0.055172409439086856,101-120
MWM_ClassDist,42,101,8,kd,7.0,74.84,0.1,74.42,0.7419438261985779,74.62,0.7729896248817444,,,,,,0.20000000000000284,0.03104579868316648,101-120
MWM_ClassDist,42,102,4,kd,9.0,75.04,0.1,74.44,0.7641529870033265,73.1,0.793664484167099,,,,,,-1.3400000000000034,0.02951149716377255,101-120
MWM_ClassDist,42,102,6,kd,8.0,74.62,0.1,74.1,0.7794668982028962,72.8,0.8249373794078827,,,,,,-1.2999999999999972,0.045470481204986535,101-120
MWM_ClassDist,42,102,5,kd,7.0,74.84,0.1,73.24,0.8014000959396362,73.78,0.787414806842804,,,,,,0.5400000000000063,-0.013985289096832276,101-120
MWM_ClassDist,42,102,1,ce,,,0.1,73.24,0.8018074266910553,71.5,0.805088830280304,3.0,75.58,75.58,73.58,0.7965036633491516,-1.7399999999999949,0.003281403589248666,101-120
MWM_ClassDist,42,102,2,kd,3.0,75.58,0.1,72.92,0.7765037658691406,73.32,0.8135659523963928,,,,,,0.3999999999999915,0.03706218652725224,101-120
MWM_ClassDist,42,103,7,kd,3.0,75.58,0.1,74.84,0.7437304446697235,75.58,0.7208616152763366,,,,,,0.7399999999999949,-0.022868829393386858,101-120
MWM_ClassDist,42,103,1,kd,4.0,73.1,0.1,71.5,0.805088830280304,71.88,0.8417317921638489,,,,,,0.37999999999999545,0.03664296188354488,101-120
MWM_ClassDist,42,103,8,ce,,,0.1,74.62,0.7729896248817444,70.18,0.8903449507713318,3.0,75.58,75.58,74.36,0.7490305448532104,-4.439999999999998,0.11735532588958741,101-120
MWM_ClassDist,42,103,2,kd,5.0,73.78,0.1,73.32,0.8135659523963928,72.8,0.829725829076767,,,,,,-0.519999999999996,0.016159876680374108,101-120
MWM_ClassDist,42,103,6,kd,9.0,75.04,0.1,72.8,0.8249373794078827,74.28,0.7511287446022034,,,,,,1.480000000000004,-0.07380863480567934,101-120
MWM_ClassDist,42,104,1,ce,,,0.1,71.88,0.8417317921638489,71.4,0.8449468897819519,7.0,75.58,75.58,74.66,0.7478107200145722,-0.47999999999998977,0.0032150976181030133,101-120
MWM_ClassDist,42,104,8,kd,9.0,75.04,0.1,70.18,0.8903449507713318,74.46,0.7621876020431518,,,,,,4.279999999999987,-0.12815734872817997,101-120
MWM_ClassDist,42,104,2,kd,6.0,74.28,0.1,72.8,0.829725829076767,73.64,0.7789878434181213,,,,,,0.8400000000000034,-0.050737985658645623,101-120
MWM_ClassDist,42,104,4,kd,7.0,75.58,0.1,73.1,0.793664484167099,73.74,0.7879178750991821,,,,,,0.6400000000000006,-0.005746609067916908,101-120
MWM_ClassDist,42,104,5,kd,3.0,75.58,0.1,73.78,0.787414806842804,73.54,0.772991604423523,,,,,,-0.23999999999999488,-0.014423202419280967,101-120
MWM_ClassDist,42,105,4,kd,9.0,75.04,0.1,73.74,0.7879178750991821,74.7,0.7598199043750763,,,,,,0.960000000000008,-0.028097970724105803,101-120
MWM_ClassDist,42,105,8,kd,7.0,75.58,0.1,74.46,0.7621876020431518,74.92,0.7464584000587463,,,,,,0.46000000000000796,-0.015729201984405528,101-120
MWM_ClassDist,42,105,2,kd,3.0,75.58,0.1,73.64,0.7789878434181213,72.7,0.8078987257957458,,,,,,-0.9399999999999977,0.028910882377624514,101-120
MWM_ClassDist,42,105,5,kd,6.0,74.28,0.1,73.54,0.772991604423523,73.82,0.7478267497062683,,,,,,0.2799999999999869,-0.025164854717254714,101-120
MWM_ClassDist,42,105,1,ce,,,0.1,71.4,0.8449468897819519,77.28,0.6566129148483276,7.0,75.58,75.58,74.58,0.7756971462726593,5.8799999999999955,-0.18833397493362425,101-120
MWM_ClassDist,42,106,4,kd,3.0,75.58,0.1,74.7,0.7598199043750763,75.62,0.7498091216087341,,,,,,0.9200000000000017,-0.010010782766342152,101-120
MWM_ClassDist,42,106,9,kd,7.0,75.58,0.1,75.04,0.7369062316894531,75.44,0.728190041065216,,,,,,0.3999999999999915,-0.008716190624237119,101-120
MWM_ClassDist,42,106,5,ce,,,0.1,73.82,0.7478267497062683,71.42,0.8263840296745301,1.0,77.28,77.28,74.92,0.7295293458938599,-2.3999999999999915,0.07855727996826178,101-120
MWM_ClassDist,42,106,6,kd,1.0,77.28,0.1,74.28,0.7511287446022034,75.7,0.7048206914424896,,,,,,1.4200000000000017,-0.04630805315971376,101-120
MWM_ClassDist,42,106,2,kd,8.0,74.92,0.1,72.7,0.8078987257957458,74.18,0.7787762154579163,,,,,,1.480000000000004,-0.029122510337829532,101-120
MWM_ClassDist,42,107,8,kd,4.0,75.62,0.1,74.92,0.7464584000587463,74.08,0.7824682811260223,,,,,,-0.8400000000000034,0.036009881067275984,101-120
MWM_ClassDist,42,107,2,ce,,,0.1,74.18,0.7787762154579163,73.18,0.7879177902698516,1.0,77.28,77.28,72.8,0.8013787284851074,-1.0,0.009141574811935338,101-120
MWM_ClassDist,42,107,7,kd,1.0,77.28,0.1,75.58,0.7208616152763366,76.1,0.681961745929718,,,,,,0.519999999999996,-0.0388998693466186,101-120
MWM_ClassDist,42,107,5,kd,3.0,75.58,0.1,71.42,0.8263840296745301,75.4,0.7252195787429809,,,,,,3.980000000000004,-0.10116445093154913,101-120
MWM_ClassDist,42,107,9,kd,6.0,75.7,0.1,75.44,0.728190041065216,75.36,0.711644301366806,,,,,,-0.0799999999999983,-0.01654573969841,101-120
MWM_ClassDist,42,108,5,kd,4.0,75.62,0.1,75.4,0.7252195787429809,73.58,0.816937649154663,,,,,,-1.8200000000000074,0.09171807041168212,101-120
MWM_ClassDist,42,108,2,kd,3.0,75.58,0.1,73.18,0.7879177902698516,74.68,0.7568889435768127,,,,,,1.5,-0.03102884669303896,101-120
MWM_ClassDist,42,108,6,kd,7.0,76.1,0.1,75.7,0.7048206914424896,72.42,0.8223860221862793,,,,,,-3.280000000000001,0.11756533074378972,101-120
MWM_ClassDist,42,108,8,ce,,,0.1,74.08,0.7824682811260223,76.72,0.6718209400177002,1.0,77.28,77.28,76.56,0.6940502914428711,2.6400000000000006,-0.11064734110832208,101-120
MWM_ClassDist,42,108,9,kd,1.0,77.28,0.1,75.36,0.711644301366806,75.36,0.7174715196609497,,,,,,0.0,0.005827218294143677,101-120
MWM_ClassDist,42,109,4,kd,7.0,76.1,0.1,75.62,0.7498091216087341,74.0,0.7561914875030518,,,,,,-1.6200000000000045,0.006382365894317621,101-120
MWM_ClassDist,42,109,2,kd,1.0,77.28,0.1,74.68,0.7568889435768127,75.0,0.7021583404541015,,,,,,0.3199999999999932,-0.05473060312271116,101-120
MWM_ClassDist,42,109,9,kd,3.0,75.58,0.1,75.36,0.7174715196609497,75.34,0.7197438801765442,,,,,,-0.01999999999999602,0.0022723605155945403,101-120
MWM_ClassDist,42,109,6,kd,8.0,76.72,0.1,72.42,0.8223860221862793,73.44,0.7650041928291321,,,,,,1.019999999999996,-0.057381829357147196,101-120
MWM_ClassDist,42,109,5,ce,,,0.1,73.58,0.816937649154663,72.76,0.7994586874485016,1.0,77.28,77.28,74.68,0.7303473651409149,-0.8199999999999932,-0.017478961706161478,101-120
MWM_ClassDist,42,110,7,ce,,,0.1,76.1,0.681961745929718,76.04,0.6926261096954346,1.0,77.28,77.28,75.74,0.7079670400619507,-0.05999999999998806,0.010664363765716556,101-120
MWM_ClassDist,42,110,4,kd,3.0,75.58,0.1,74.0,0.7561914875030518,73.78,0.7819488733291626,,,,,,-0.21999999999999886,0.025757385826110868,101-120
MWM_ClassDist,42,110,5,kd,8.0,76.72,0.1,72.76,0.7994586874485016,76.52,0.6774492607116699,,,,,,3.759999999999991,-0.12200942673683168,101-120
MWM_ClassDist,42,110,2,kd,9.0,75.34,0.1,75.0,0.7021583404541015,74.12,0.7529285681247712,,,,,,-0.8799999999999955,0.05077022767066963,101-120
MWM_ClassDist,42,110,6,kd,1.0,77.28,0.1,73.44,0.7650041928291321,73.86,0.7621004291534423,,,,,,0.4200000000000017,-0.0029037636756897856,101-120
MWM_ClassDist,42,111,2,kd,1.0,77.28,0.1,74.12,0.7529285681247712,74.88,0.722915664768219,,,,,,0.7599999999999909,-0.030012903356552156,101-120
MWM_ClassDist,42,111,6,kd,5.0,76.52,0.1,73.86,0.7621004291534423,75.9,0.6878910739898682,,,,,,2.0400000000000063,-0.07420935516357419,101-120
MWM_ClassDist,42,111,9,ce,,,0.1,75.34,0.7197438801765442,76.24,0.6909500858306885,1.0,77.28,77.28,74.12,0.7457450789928436,0.8999999999999915,-0.028793794345855717,101-120
MWM_ClassDist,42,111,3,kd,7.0,76.04,0.1,75.58,0.7110926748752594,75.26,0.7127447899341584,,,,,,-0.3199999999999932,0.0016521150588989508,101-120
MWM_ClassDist,42,111,4,kd,8.0,76.72,0.1,73.78,0.7819488733291626,75.78,0.6987183367729187,,,,,,2.0,-0.0832305365562439,101-120
MWM_ClassDist,42,112,5,kd,1.0,77.28,0.1,76.52,0.6774492607116699,75.88,0.7026261510848999,,,,,,-0.6400000000000006,0.02517689037323001,101-120
MWM_ClassDist,42,112,6,ce,,,0.1,75.9,0.6878910739898682,73.24,0.7542395542621613,1.0,77.28,77.28,75.52,0.7314393933296204,-2.660000000000011,0.06634848027229312,101-120
MWM_ClassDist,42,112,3,kd,9.0,76.24,0.1,75.26,0.7127447899341584,76.1,0.7127862809181214,,,,,,0.8399999999999892,4.149098396299955e-05,101-120
MWM_ClassDist,42,112,4,kd,7.0,76.04,0.1,75.78,0.6987183367729187,75.18,0.7375951642990113,,,,,,-0.5999999999999943,0.03887682752609256,101-120
MWM_ClassDist,42,112,2,kd,8.0,76.72,0.1,74.88,0.722915664768219,76.08,0.693580993270874,,,,,,1.2000000000000028,-0.029334671497345033,101-120
MWM_ClassDist,42,113,2,kd,1.0,77.28,0.1,76.08,0.693580993270874,73.82,0.7415273159980774,,,,,,-2.260000000000005,0.04794632272720345,101-120
MWM_ClassDist,42,113,4,kd,9.0,76.24,0.1,75.18,0.7375951642990113,74.76,0.7481023261070251,,,,,,-0.4200000000000017,0.01050716180801381,101-120
MWM_ClassDist,42,113,7,kd,3.0,76.1,0.1,76.04,0.6926261096954346,75.04,0.7701876939296722,,,,,,-1.0,0.07756158423423765,101-120
MWM_ClassDist,42,113,6,kd,8.0,76.72,0.1,73.24,0.7542395542621613,74.08,0.7412124223709107,,,,,,0.8400000000000034,-0.013027131891250598,101-120
MWM_ClassDist,42,113,5,ce,,,0.1,75.88,0.7026261510848999,75.08,0.7300134974479675,1.0,77.28,77.28,75.26,0.7270865072250366,-0.7999999999999972,0.02738734636306761,101-120
MWM_ClassDist,42,114,3,kd,1.0,77.28,0.1,76.1,0.7127862809181214,75.34,0.7131220654010773,,,,,,-0.7599999999999909,0.00033578448295590313,101-120
MWM_ClassDist,42,114,4,kd,5.0,75.08,0.1,74.76,0.7481023261070251,73.84,0.7705949939727783,,,,,,-0.9200000000000017,0.022492667865753213,101-120
MWM_ClassDist,42,114,2,kd,7.0,75.04,0.1,73.82,0.7415273159980774,71.04,0.8809113231658936,,,,,,-2.779999999999987,0.13938400716781618,101-120
MWM_ClassDist,42,114,8,ce,,,0.1,76.72,0.6718209400177002,72.7,0.791834084701538,1.0,77.28,77.28,76.04,0.6887001997947693,-4.019999999999996,0.12001314468383784,101-120
MWM_ClassDist,42,114,6,kd,9.0,76.24,0.1,74.08,0.7412124223709107,75.14,0.7205422883033752,,,,,,1.0600000000000023,-0.020670134067535484,101-120
MWM_ClassDist,42,115,7,kd,1.0,77.28,0.1,75.04,0.7701876939296722,76.52,0.6944044144630432,,,,,,1.4799999999999898,-0.075783279466629,101-120
MWM_ClassDist,42,115,4,kd,6.0,75.14,0.1,73.84,0.7705949939727783,73.18,0.7840627048492431,,,,,,-0.6599999999999966,0.013467710876464811,101-120
MWM_ClassDist,42,115,3,kd,9.0,76.24,0.1,75.34,0.7131220654010773,75.64,0.7214796750068665,,,,,,0.29999999999999716,0.00835760960578924,101-120
MWM_ClassDist,42,115,8,ce,,,0.1,72.7,0.791834084701538,75.42,0.7278675743103027,1.0,77.28,77.28,75.48,0.7014145705223084,2.719999999999999,-0.06396651039123535,101-120
MWM_ClassDist,42,115,2,kd,5.0,75.08,0.1,71.04,0.8809113231658936,74.1,0.7575343669891358,,,,,,3.059999999999988,-0.12337695617675781,101-120
MWM_ClassDist,42,116,9,kd,7.0,76.52,0.1,76.24,0.6909500858306885,73.72,0.7568038942337036,,,,,,-2.519999999999996,0.06585380840301513,101-120
MWM_ClassDist,42,116,4,kd,5.0,75.08,0.1,73.18,0.7840627048492431,72.48,0.8163448969841003,,,,,,-0.7000000000000028,0.03228219213485717,101-120
MWM_ClassDist,42,116,2,kd,6.0,75.14,0.1,74.1,0.7575343669891358,74.3,0.7771682401180268,,,,,,0.20000000000000284,0.019633873128890977,101-120
MWM_ClassDist,42,116,8,ce,,,0.1,75.42,0.7278675743103027,74.56,0.7522609374046326,1.0,77.28,77.28,77.16,0.6537328527450561,-0.8599999999999994,0.024393363094329934,101-120
MWM_ClassDist,42,116,3,kd,1.0,77.28,0.1,75.64,0.7214796750068665,75.38,0.6977378147125244,,,,,,-0.2600000000000051,-0.02374186029434211,101-120
MWM_ClassDist,42,117,2,kd,1.0,77.28,0.1,74.3,0.7771682401180268,75.92,0.689277372455597,,,,,,1.6200000000000045,-0.08789086766242982,101-120
MWM_ClassDist,42,117,3,ce,,,0.1,75.38,0.6977378147125244,73.48,0.7474821231126785,1.0,77.28,77.28,75.6,0.6981077392578126,-1.8999999999999915,0.04974430840015409,101-120
MWM_ClassDist,42,117,9,kd,8.0,74.56,0.1,73.72,0.7568038942337036,73.14,0.804740708732605,,,,,,-0.5799999999999983,0.0479368144989013,101-120
MWM_ClassDist,42,117,5,kd,6.0,75.14,0.1,75.08,0.7300134974479675,74.6,0.7620975229263306,,,,,,-0.480000000000004,0.03208402547836309,101-120
MWM_ClassDist,42,117,4,kd,7.0,76.52,0.1,72.48,0.8163448969841003,74.54,0.732072292137146,,,,,,2.0600000000000023,-0.08427260484695431,101-120
MWM_ClassDist,42,118,4,kd,8.0,74.56,0.1,74.54,0.732072292137146,73.84,0.7828272129058838,,,,,,-0.7000000000000028,0.05075492076873778,101-120
MWM_ClassDist,42,118,6,kd,1.0,77.28,0.1,75.14,0.7205422883033752,75.06,0.7116607707977295,,,,,,-0.0799999999999983,-0.008881517505645697,101-120
MWM_ClassDist,42,118,3,ce,,,0.1,73.48,0.7474821231126785,75.46,0.7085811820983887,1.0,77.28,77.28,76.8,0.6702921390533447,1.9799999999999898,-0.03890094101428976,101-120
MWM_ClassDist,42,118,9,kd,7.0,76.52,0.1,73.14,0.804740708732605,75.7,0.7078971451997756,,,,,,2.5600000000000023,-0.0968435635328293,101-120
MWM_ClassDist,42,118,5,kd,2.0,75.92,0.1,74.6,0.7620975229263306,75.92,0.6909224670410157,,,,,,1.3200000000000074,-0.07117505588531492,101-120
MWM_ClassDist,42,119,3,kd,1.0,77.28,0.1,75.46,0.7085811820983887,77.18,0.652250465631485,,,,,,1.720000000000013,-0.056330716466903685,101-120
MWM_ClassDist,42,119,8,kd,6.0,75.06,0.1,74.56,0.7522609374046326,75.48,0.708258926486969,,,,,,0.9200000000000017,-0.04400201091766365,101-120
MWM_ClassDist,42,119,9,ce,,,0.1,75.7,0.7078971451997756,73.12,0.7689475184440613,1.0,77.28,77.28,74.46,0.7495132655143738,-2.5799999999999983,0.06105037324428564,101-120
MWM_ClassDist,42,119,5,kd,7.0,76.52,0.1,75.92,0.6909224670410157,75.18,0.7442174783706665,,,,,,-0.7399999999999949,0.053295011329650865,101-120
MWM_ClassDist,42,119,4,kd,2.0,75.92,0.1,73.84,0.7828272129058838,75.1,0.7290657737255096,,,,,,1.259999999999991,-0.053761439180374127,101-120
MWM_ClassDist,42,120,8,kd,7.0,76.52,0.1,75.48,0.708258926486969,77.0,0.6709961700439453,,,,,,1.519999999999996,-0.03726275644302368,101-120
MWM_ClassDist,42,120,2,ce,,,0.1,75.92,0.689277372455597,72.14,0.8111050475120545,1.0,77.28,77.28,75.02,0.7280021481513977,-3.780000000000001,0.12182767505645753,101-120
MWM_ClassDist,42,120,4,kd,5.0,75.18,0.1,75.1,0.7290657737255096,73.46,0.7818796175956726,,,,,,-1.6400000000000006,0.05281384387016297,101-120
MWM_ClassDist,42,120,6,kd,3.0,77.18,0.1,75.06,0.7116607707977295,74.54,0.7511849192619324,,,,,,-0.519999999999996,0.039524148464202935,101-120
MWM_ClassDist,42,120,9,kd,1.0,77.28,0.1,73.12,0.7689475184440613,76.12,0.6827353007316589,,,,,,3.0,-0.0862122177124024,101-120
MWM_ClassDist,42,121,4,ce,,,0.1,73.46,0.7818796175956726,71.48,0.7996067373275757,1.0,77.28,77.28,75.72,0.7020629552841187,-1.9799999999999898,0.017727119731903107,121-140
MWM_ClassDist,42,121,6,kd,1.0,77.28,0.1,74.54,0.7511849192619324,75.42,0.7297096797943116,,,,,,0.8799999999999955,-0.021475239467620866,121-140
MWM_ClassDist,42,121,9,kd,7.0,76.52,0.1,76.12,0.6827353007316589,75.94,0.7025567613601684,,,,,,-0.18000000000000682,0.019821460628509535,121-140
MWM_ClassDist,42,121,5,kd,3.0,77.18,0.1,75.18,0.7442174783706665,76.44,0.6792043924808502,,,,,,1.259999999999991,-0.06501308588981636,121-140
MWM_ClassDist,42,121,2,kd,8.0,77.0,0.1,72.14,0.8111050475120545,75.18,0.7260805163383484,,,,,,3.0400000000000063,-0.08502453117370612,121-140
MWM_ClassDist,42,122,5,kd,7.0,76.52,0.1,76.44,0.6792043924808502,74.64,0.7624969527244568,,,,,,-1.7999999999999972,0.08329256024360665,121-140
MWM_ClassDist,42,122,6,ce,,,0.1,75.42,0.7297096797943116,73.6,0.7735077580928803,1.0,77.28,77.28,75.48,0.696322519493103,-1.8200000000000074,0.04379807829856874,121-140
MWM_ClassDist,42,122,9,kd,3.0,77.18,0.1,75.94,0.7025567613601684,76.28,0.6980869687080383,,,,,,0.3400000000000034,-0.0044697926521301,121-140
MWM_ClassDist,42,122,4,kd,1.0,77.28,0.1,71.48,0.7996067373275757,75.82,0.6821817296981811,,,,,,4.339999999999989,-0.11742500762939456,121-140
MWM_ClassDist,42,122,2,kd,8.0,77.0,0.1,75.18,0.7260805163383484,75.58,0.703983825969696,,,,,,0.3999999999999915,-0.02209669036865236,121-140
MWM_ClassDist,42,123,4,ce,,,0.1,75.82,0.6821817296981811,75.76,0.7154719799041748,1.0,77.28,77.28,74.84,0.748795890045166,-0.05999999999998806,0.03329025020599363,121-140
MWM_ClassDist,42,123,2,kd,1.0,77.28,0.1,75.58,0.703983825969696,75.82,0.7014884011268616,,,,,,0.23999999999999488,-0.0024954248428343817,121-140
MWM_ClassDist,42,123,6,kd,7.0,76.52,0.1,73.6,0.7735077580928803,76.7,0.7035371654510498,,,,,,3.1000000000000085,-0.06997059264183048,121-140
MWM_ClassDist,42,123,9,kd,8.0,77.0,0.1,76.28,0.6980869687080383,75.94,0.6976338651657105,,,,,,-0.3400000000000034,-0.00045310354232785954,121-140
MWM_ClassDist,42,123,5,kd,3.0,77.18,0.1,74.64,0.7624969527244568,76.22,0.6901062223434449,,,,,,1.5799999999999983,-0.07239073038101196,121-140
MWM_ClassDist,42,124,8,kd,3.0,77.18,0.1,77.0,0.6709961700439453,77.66,0.6394791082859039,,,,,,0.6599999999999966,-0.031517061758041365,121-140
MWM_ClassDist,42,124,2,kd,7.0,76.52,0.1,75.82,0.7014884011268616,75.76,0.7060989339351654,,,,,,-0.05999999999998806,0.004610532808303813,121-140
MWM_ClassDist,42,124,4,kd,6.0,76.7,0.1,75.76,0.7154719799041748,75.42,0.741902530670166,,,,,,-0.3400000000000034,0.026430550765991212,121-140
MWM_ClassDist,42,124,5,ce,,,0.1,76.22,0.6901062223434449,76.18,0.701758358669281,1.0,77.28,77.28,75.04,0.7318005689620972,-0.03999999999999204,0.011652136325836171,121-140
MWM_ClassDist,42,124,9,kd,1.0,77.28,0.1,75.94,0.6976338651657105,77.1,0.6606652841567994,,,,,,1.1599999999999966,-0.036968581008911094,121-140
MWM_ClassDist,42,125,4,kd,3.0,77.18,0.1,75.42,0.741902530670166,77.14,0.669253049659729,,,,,,1.7199999999999989,-0.072649481010437,121-140
MWM_ClassDist,42,125,5,kd,7.0,76.52,0.1,76.18,0.701758358669281,75.18,0.717375929927826,,,,,,-1.0,0.015617571258544904,121-140
MWM_ClassDist,42,125,2,ce,,,0.1,75.76,0.7060989339351654,73.06,0.7518692867279053,8.0,77.66,77.66,75.86,0.6919877948284149,-2.700000000000003,0.04577035279273989,121-140
MWM_ClassDist,42,125,6,kd,8.0,77.66,0.1,76.7,0.7035371654510498,77.22,0.6521648106575012,,,,,,0.519999999999996,-0.051372354793548625,121-140
MWM_ClassDist,42,125,9,kd,1.0,77.28,0.1,77.1,0.6606652841567994,75.72,0.6860288975715637,,,,,,-1.3799999999999955,0.02536361341476434,121-140
MWM_ClassDist,42,126,2,kd,1.0,77.28,0.1,73.06,0.7518692867279053,76.36,0.6776159048080445,,,,,,3.299999999999997,-0.07425338191986086,121-140
MWM_ClassDist,42,126,5,kd,4.0,77.14,0.1,75.18,0.717375929927826,76.16,0.6908829642295837,,,,,,0.9799999999999898,-0.02649296569824222,121-140
MWM_ClassDist,42,126,9,ce,,,0.1,75.72,0.6860288975715637,74.7,0.7338950037002564,8.0,77.66,77.66,76.74,0.6573579613447189,-1.019999999999996,0.04786610612869269,121-140
MWM_ClassDist,42,126,3,kd,6.0,77.22,0.1,77.18,0.652250465631485,76.68,0.6559366761684418,,,,,,-0.5,0.0036862105369567244,121-140
MWM_ClassDist,42,126,7,kd,8.0,77.66,0.1,76.52,0.6944044144630432,77.02,0.6643624619960785,,,,,,0.5,-0.030041952466964728,121-140
MWM_ClassDist,42,127,9,kd,6.0,77.22,0.1,74.7,0.7338950037002564,77.18,0.6571982551574707,,,,,,2.480000000000004,-0.07669674854278574,121-140
MWM_ClassDist,42,127,3,ce,,,0.1,76.68,0.6559366761684418,74.34,0.749093147945404,8.0,77.66,77.66,76.28,0.6868855839014053,-2.3400000000000034,0.09315647177696229,121-140
MWM_ClassDist,42,127,5,kd,1.0,77.28,0.1,76.16,0.6908829642295837,75.66,0.6993502637863159,,,,,,-0.5,0.0084672995567322,121-140
MWM_ClassDist,42,127,7,kd,4.0,77.14,0.1,77.02,0.6643624619960785,76.08,0.6858334023475647,,,,,,-0.9399999999999977,0.021470940351486223,121-140
MWM_ClassDist,42,127,2,kd,8.0,77.66,0.1,76.36,0.6776159048080445,76.6,0.6688497646331787,,,,,,0.23999999999999488,-0.008766140174865766,121-140
MWM_ClassDist,42,128,7,ce,,,0.1,76.08,0.6858334023475647,76.22,0.7185276163101196,8.0,77.66,77.66,75.76,0.6934097707271576,0.14000000000000057,0.0326942139625549,121-140
MWM_ClassDist,42,128,3,kd,4.0,77.14,0.1,74.34,0.749093147945404,75.94,0.6782373357772827,,,,,,1.5999999999999943,-0.07085581216812131,121-140
MWM_ClassDist,42,128,5,kd,8.0,77.66,0.1,75.66,0.6993502637863159,76.76,0.6714504402160645,,,,,,1.1000000000000085,-0.027899823570251447,121-140
MWM_ClassDist,42,128,2,kd,6.0,77.22,0.1,76.6,0.6688497646331787,75.92,0.69710790309906,,,,,,-0.6799999999999926,0.02825813846588132,121-140
MWM_ClassDist,42,128,9,kd,1.0,77.28,0.1,77.18,0.6571982551574707,76.14,0.6796557803153992,,,,,,-1.0400000000000063,0.022457525157928537,121-140
MWM_ClassDist,42,129,2,kd,4.0,77.14,0.1,75.92,0.69710790309906,75.88,0.6917797006607056,,,,,,-0.04000000000000625,-0.005328202438354412,121-140
MWM_ClassDist,42,129,3,kd,1.0,77.28,0.1,75.94,0.6782373357772827,76.9,0.6679820762634278,,,,,,0.960000000000008,-0.010255259513854975,121-140
MWM_ClassDist,42,129,6,ce,,,0.1,77.22,0.6521648106575012,75.56,0.7117673776626587,8.0,77.66,77.66,76.92,0.669132576751709,-1.6599999999999966,0.059602567005157536,121-140
MWM_ClassDist,42,129,9,kd,5.0,76.76,0.1,76.14,0.6796557803153992,75.28,0.7279922912597656,,,,,,-0.8599999999999994,0.04833651094436642,121-140
MWM_ClassDist,42,129,7,kd,8.0,77.66,0.1,76.22,0.7185276163101196,75.48,0.7121334461688995,,,,,,-0.7399999999999949,-0.0063941701412201235,121-140
MWM_ClassDist,42,130,7,kd,1.0,77.28,0.1,75.48,0.7121334461688995,75.24,0.7169830403327941,,,,,,-0.2400000000000091,0.004849594163894633,121-140
MWM_ClassDist,42,130,6,kd,8.0,77.66,0.1,75.56,0.7117673776626587,76.64,0.6748766268253327,,,,,,1.0799999999999983,-0.03689075083732607,121-140
MWM_ClassDist,42,130,2,ce,,,0.1,75.88,0.6917797006607056,71.08,0.8891112833023072,8.0,77.66,77.66,75.2,0.7169372222423553,-4.799999999999997,0.19733158264160156,121-140
MWM_ClassDist,42,130,5,kd,3.0,76.9,0.1,76.76,0.6714504402160645,75.62,0.7073117938995361,,,,,,-1.1400000000000006,0.03586135368347165,121-140
MWM_ClassDist,42,130,9,kd,4.0,77.14,0.1,75.28,0.7279922912597656,75.7,0.7109379848480225,,,,,,0.4200000000000017,-0.017054306411743103,121-140
MWM_ClassDist,42,131,9,kd,3.0,76.9,0.1,75.7,0.7109379848480225,76.4,0.6798270146369934,,,,,,0.7000000000000028,-0.031110970211029154,121-140
MWM_ClassDist,42,131,6,kd,1.0,77.28,0.1,76.64,0.6748766268253327,75.5,0.7002371195316315,,,,,,-1.1400000000000006,0.02536049270629881,121-140
MWM_ClassDist,42,131,5,kd,4.0,77.14,0.1,75.62,0.7073117938995361,76.68,0.686137432718277,,,,,,1.0600000000000023,-0.02117436118125915,121-140
MWM_ClassDist,42,131,2,ce,,,0.1,71.08,0.8891112833023072,74.9,0.7473627913475036,8.0,77.66,77.66,74.68,0.7227874498844147,3.8200000000000074,-0.14174849195480355,121-140
MWM_ClassDist,42,131,7,kd,8.0,77.66,0.1,75.24,0.7169830403327941,75.08,0.7263545418262481,,,,,,-0.1599999999999966,0.009371501493454004,121-140
MWM_ClassDist,42,132,7,ce,,,0.1,75.08,0.7263545418262481,74.76,0.7186688291311264,8.0,77.66,77.66,75.44,0.7176577472686767,-0.3199999999999932,-0.007685712695121749,121-140
MWM_ClassDist,42,132,2,kd,1.0,77.28,0.1,74.9,0.7473627913475036,76.24,0.671946799993515,,,,,,1.3399999999999892,-0.07541599135398858,121-140
MWM_ClassDist,42,132,6,kd,4.0,77.14,0.1,75.5,0.7002371195316315,76.2,0.690667453289032,,,,,,0.7000000000000028,-0.009569666242599473,121-140
MWM_ClassDist,42,132,9,kd,8.0,77.66,0.1,76.4,0.6798270146369934,76.68,0.6662735365867615,,,,,,0.28000000000000114,-0.013553478050231882,121-140
MWM_ClassDist,42,132,5,kd,3.0,76.9,0.1,76.68,0.686137432718277,74.38,0.7440039315223694,,,,,,-2.3000000000000114,0.05786649880409245,121-140
MWM_ClassDist,42,133,3,kd,4.0,77.14,0.1,76.9,0.6679820762634278,76.52,0.6907865644931793,,,,,,-0.38000000000000966,0.022804488229751563,121-140
MWM_ClassDist,42,133,5,kd,8.0,77.66,0.1,74.38,0.7440039315223694,75.24,0.713769922208786,,,,,,0.8599999999999994,-0.030234009313583443,121-140
MWM_ClassDist,42,133,2,ce,,,0.1,76.24,0.671946799993515,72.98,0.7749058697938919,8.0,77.66,77.66,77.1,0.6625922688722611,-3.259999999999991,0.10295906980037683,121-140
MWM_ClassDist,42,133,7,kd,6.0,76.2,0.1,74.76,0.7186688291311264,76.32,0.7047214138031006,,,,,,1.559999999999988,-0.013947415328025792,121-140
MWM_ClassDist,42,133,9,kd,1.0,77.28,0.1,76.68,0.6662735365867615,72.74,0.7902019327640534,,,,,,-3.940000000000012,0.1239283961772919,121-140
MWM_ClassDist,42,134,2,kd,4.0,77.14,0.1,72.98,0.7749058697938919,76.32,0.6846090164184571,,,,,,3.339999999999989,-0.0902968533754348,121-140
MWM_ClassDist,42,134,5,kd,1.0,77.28,0.1,75.24,0.713769922208786,74.88,0.745422976064682,,,,,,-0.35999999999999943,0.03165305385589601,121-140
MWM_ClassDist,42,134,7,kd,3.0,76.52,0.1,76.32,0.7047214138031006,75.18,0.7227851174354554,,,,,,-1.1399999999999864,0.018063703632354766,121-140
MWM_ClassDist,42,134,6,ce,,,0.1,76.2,0.690667453289032,73.42,0.7658617924690246,8.0,77.66,77.66,76.44,0.6896272180080414,-2.780000000000001,0.07519433917999263,121-140
MWM_ClassDist,42,134,9,kd,8.0,77.66,0.1,72.74,0.7902019327640534,75.94,0.6868665020465851,,,,,,3.200000000000003,-0.10333543071746831,121-140
MWM_ClassDist,42,135,7,kd,9.0,75.94,0.1,75.18,0.7227851174354554,75.34,0.706970085477829,,,,,,0.1599999999999966,-0.015815031957626347,121-140
MWM_ClassDist,42,135,6,kd,8.0,77.66,0.1,73.42,0.7658617924690246,77.06,0.6616458555221557,,,,,,3.6400000000000006,-0.10421593694686893,121-140
MWM_ClassDist,42,135,5,kd,4.0,77.14,0.1,74.88,0.745422976064682,75.86,0.704233441734314,,,,,,0.980000000000004,-0.04118953433036798,121-140
MWM_ClassDist,42,135,2,ce,,,0.1,76.32,0.6846090164184571,75.8,0.7010991784095764,8.0,77.66,77.66,77.16,0.6662809611320496,-0.519999999999996,0.0164901619911193,121-140
MWM_ClassDist,42,135,3,kd,1.0,77.28,0.1,76.52,0.6907865644931793,76.24,0.6881230597496033,,,,,,-0.28000000000000114,-0.0026635047435760173,121-140
MWM_ClassDist,42,136,6,kd,4.0,77.14,0.1,77.06,0.6616458555221557,75.74,0.7007746762275696,,,,,,-1.3200000000000074,0.0391288207054139,121-140
MWM_ClassDist,42,136,7,kd,3.0,76.24,0.1,75.34,0.706970085477829,74.96,0.754277192401886,,,,,,-0.38000000000000966,0.04730710692405693,121-140
MWM_ClassDist,42,136,5,ce,,,0.1,75.86,0.704233441734314,72.32,0.81960317735672,8.0,77.66,77.66,76.64,0.6729325967788696,-3.5400000000000063,0.11536973562240593,121-140
MWM_ClassDist,42,136,9,kd,1.0,77.28,0.1,75.94,0.6868665020465851,73.88,0.7542972404479981,,,,,,-2.0600000000000023,0.067430738401413,121-140
MWM_ClassDist,42,136,2,kd,8.0,77.66,0.1,75.8,0.7010991784095764,77.48,0.6447731469631195,,,,,,1.6800000000000068,-0.05632603144645687,121-140
MWM_ClassDist,42,137,3,kd,8.0,77.66,0.1,76.24,0.6881230597496033,76.56,0.6641338721275329,,,,,,0.3200000000000074,-0.023989187622070363,121-140
MWM_ClassDist,42,137,7,kd,1.0,77.28,0.1,74.96,0.754277192401886,75.4,0.6967769065856934,,,,,,0.44000000000001194,-0.0575002858161926,121-140
MWM_ClassDist,42,137,5,kd,4.0,77.14,0.1,72.32,0.81960317735672,75.26,0.724485467672348,,,,,,2.940000000000012,-0.09511770968437194,121-140
MWM_ClassDist,42,137,9,kd,2.0,77.48,0.1,73.88,0.7542972404479981,75.14,0.7389351565361023,,,,,,1.2600000000000051,-0.015362083911895752,121-140
MWM_ClassDist,42,137,6,ce,,,0.1,75.74,0.7007746762275696,75.9,0.6887798367023468,8.0,77.66,77.66,75.88,0.6876222037792206,0.1600000000000108,-0.011994839525222845,121-140
MWM_ClassDist,42,138,7,kd,2.0,77.48,0.1,75.4,0.6967769065856934,77.06,0.6719747988700867,,,,,,1.6599999999999966,-0.024802107715606647,121-140
MWM_ClassDist,42,138,1,kd,8.0,77.66,0.1,77.28,0.6566129148483276,77.14,0.6649214401721955,,,,,,-0.14000000000000057,0.008308525323867832,121-140
MWM_ClassDist,42,138,5,ce,,,0.1,75.26,0.724485467672348,74.62,0.7230893210411071,8.0,77.66,77.66,75.56,0.7120659718513489,-0.6400000000000006,-0.00139614663124088,121-140
MWM_ClassDist,42,138,6,kd,3.0,76.56,0.1,75.9,0.6887798367023468,75.92,0.6883994935512543,,,,,,0.01999999999999602,-0.00038034315109247707,121-140
MWM_ClassDist,42,138,9,kd,4.0,77.14,0.1,75.14,0.7389351565361023,75.38,0.7029085861206055,,,,,,0.23999999999999488,-0.03602657041549684,121-140
MWM_ClassDist,42,139,6,kd,2.0,77.48,0.1,75.92,0.6883994935512543,77.06,0.6603056034564972,,,,,,1.1400000000000006,-0.028093890094757046,121-140
MWM_ClassDist,42,139,5,kd,8.0,77.66,0.1,74.62,0.7230893210411071,75.94,0.6896503613948822,,,,,,1.3199999999999932,-0.0334389596462249,121-140
MWM_ClassDist,42,139,3,kd,7.0,77.06,0.1,76.56,0.6641338721275329,75.6,0.7233968713760376,,,,,,-0.960000000000008,0.059262999248504644,121-140
MWM_ClassDist,42,139,9,ce,,,0.1,75.38,0.7029085861206055,66.96,1.0236878904342652,8.0,77.66,77.66,75.5,0.7186512682676315,-8.420000000000002,0.32077930431365975,121-140
MWM_ClassDist,42,139,4,kd,1.0,77.14,0.1,77.14,0.669253049659729,76.1,0.7005703241348267,,,,,,-1.0400000000000063,0.03131727447509769,121-140
MWM_ClassDist,42,140,3,kd,8.0,77.66,0.1,75.6,0.7233968713760376,76.38,0.6825697813510895,,,,,,0.7800000000000011,-0.04082709002494811,121-140
MWM_ClassDist,42,140,9,kd,2.0,77.48,0.1,66.96,1.0236878904342652,76.72,0.6725816620826721,,,,,,9.760000000000005,-0.3511062283515931,121-140
MWM_ClassDist,42,140,5,ce,,,0.1,75.94,0.6896503613948822,75.22,0.7046200737714767,8.0,77.66,77.66,76.1,0.6977308848381042,-0.7199999999999989,0.014969712376594502,121-140
MWM_ClassDist,42,140,6,kd,1.0,77.14,0.1,77.06,0.6603056034564972,75.78,0.7090286872386933,,,,,,-1.2800000000000011,0.04872308378219603,121-140
MWM_ClassDist,42,140,4,kd,7.0,77.06,0.1,76.1,0.7005703241348267,76.62,0.6762316139221192,,,,,,0.5200000000000102,-0.024338710212707504,121-140
MWM_ClassDist,42,141,1,kd,2.0,77.48,0.1,77.14,0.6649214401721955,75.02,0.7182362206459045,,,,,,-2.1200000000000045,0.05331478047370908,141-160
MWM_ClassDist,42,141,4,kd,8.0,77.66,0.1,76.62,0.6762316139221192,75.22,0.715960226726532,,,,,,-1.4000000000000057,0.039728612804412866,141-160
MWM_ClassDist,42,141,6,kd,9.0,76.72,0.1,75.78,0.7090286872386933,74.82,0.7285766136169434,,,,,,-0.960000000000008,0.01954792637825009,141-160
MWM_ClassDist,42,141,3,ce,,,0.1,76.38,0.6825697813510895,71.14,0.8157642790794373,8.0,77.66,77.66,76.56,0.6787597060918807,-5.239999999999995,0.1331944977283478,141-160
MWM_ClassDist,42,141,5,kd,7.0,77.06,0.1,75.22,0.7046200737714767,77.4,0.6590958683013916,,,,,,2.180000000000007,-0.04552420547008518,141-160
MWM_ClassDist,42,142,1,kd,8.0,77.66,0.1,75.02,0.7182362206459045,75.64,0.7017864271640778,,,,,,0.6200000000000045,-0.016449793481826736,141-160
MWM_ClassDist,42,142,3,kd,7.0,77.06,0.1,71.14,0.8157642790794373,76.84,0.686407335472107,,,,,,5.700000000000003,-0.1293569436073303,141-160
MWM_ClassDist,42,142,9,ce,,,0.1,76.72,0.6725816620826721,73.84,0.7731078307151794,8.0,77.66,77.66,77.34,0.6639513332366943,-2.8799999999999955,0.1005261686325073,141-160
MWM_ClassDist,42,142,4,kd,2.0,77.48,0.1,75.22,0.715960226726532,75.68,0.71302953748703,,,,,,0.46000000000000796,-0.0029306892395020157,141-160
MWM_ClassDist,42,142,6,kd,5.0,77.4,0.1,74.82,0.7285766136169434,76.58,0.6951725911140442,,,,,,1.7600000000000051,-0.0334040225028992,141-160
MWM_ClassDist,42,143,6,kd,2.0,77.48,0.1,76.58,0.6951725911140442,77.04,0.6723512269973755,,,,,,0.46000000000000796,-0.022821364116668685,141-160
MWM_ClassDist,42,143,4,ce,,,0.1,75.68,0.71302953748703,73.74,0.7806491164207459,8.0,77.66,77.66,76.42,0.6783126801013947,-1.940000000000012,0.06761957893371584,141-160
MWM_ClassDist,42,143,9,kd,3.0,76.84,0.1,73.84,0.7731078307151794,77.02,0.6871407917022705,,,,,,3.1799999999999926,-0.08596703901290892,141-160
MWM_ClassDist,42,143,1,kd,7.0,77.06,0.1,75.64,0.7017864271640778,76.18,0.6958238875389099,,,,,,0.5400000000000063,-0.005962539625167906,141-160
MWM_ClassDist,42,143,5,kd,8.0,77.66,0.1,77.4,0.6590958683013916,76.72,0.6665139169692993,,,,,,-0.6800000000000068,0.0074180486679077395,141-160
MWM_ClassDist,42,144,1,ce,,,0.1,76.18,0.6958238875389099,73.04,0.8130780398607254,8.0,77.66,77.66,76.52,0.671687490940094,-3.1400000000000006,0.11725415232181546,141-160
MWM_ClassDist,42,144,4,kd,3.0,76.84,0.1,73.74,0.7806491164207459,75.8,0.7140311248779296,,,,,,2.0600000000000023,-0.06661799154281622,141-160
MWM_ClassDist,42,144,9,kd,2.0,77.48,0.1,77.02,0.6871407917022705,77.44,0.6550037006378174,,,,,,0.4200000000000017,-0.03213709106445306,141-160
MWM_ClassDist,42,144,5,kd,7.0,77.06,0.1,76.72,0.6665139169692993,76.76,0.6823364769935608,,,,,,0.04000000000000625,0.015822560024261523,141-160
MWM_ClassDist,42,144,6,kd,8.0,77.66,0.1,77.04,0.6723512269973755,76.24,0.6959531401634216,,,,,,-0.8000000000000114,0.023601913166046096,141-160
MWM_ClassDist,42,145,1,kd,2.0,77.48,0.1,73.04,0.8130780398607254,77.06,0.6566036001205444,,,,,,4.019999999999996,-0.15647443974018094,141-160
MWM_ClassDist,42,145,3,ce,,,0.1,76.84,0.686407335472107,72.84,0.7958662982940674,8.0,77.66,77.66,77.36,0.6599488196372986,-4.0,0.10945896282196044,141-160
MWM_ClassDist,42,145,6,kd,7.0,77.06,0.1,76.24,0.6959531401634216,76.7,0.6824868256568909,,,,,,0.46000000000000796,-0.013466314506530686,141-160
MWM_ClassDist,42,145,4,kd,8.0,77.66,0.1,75.8,0.7140311248779296,77.02,0.6623337374210357,,,,,,1.2199999999999989,-0.051697387456893895,141-160
MWM_ClassDist,42,145,5,kd,9.0,77.44,0.1,76.76,0.6823364769935608,75.74,0.6946015811920166,,,,,,-1.0200000000000102,0.012265104198455834,141-160
MWM_ClassDist,42,146,3,kd,8.0,77.66,0.1,72.84,0.7958662982940674,77.4,0.6679856885433197,,,,,,4.560000000000002,-0.12788060975074766,141-160
MWM_ClassDist,42,146,5,kd,1.0,77.06,0.1,75.74,0.6946015811920166,76.02,0.6931902746677399,,,,,,0.28000000000000114,-0.0014113065242767897,141-160
MWM_ClassDist,42,146,2,ce,,,0.1,77.48,0.6447731469631195,77.18,0.6617077769756318,8.0,77.66,77.66,76.52,0.6968943271636963,-0.29999999999999716,0.016934630012512275,141-160
MWM_ClassDist,42,146,6,kd,9.0,77.44,0.1,76.7,0.6824868256568909,75.5,0.7082063173294068,,,,,,-1.2000000000000028,0.02571949167251586,141-160
MWM_ClassDist,42,146,4,kd,7.0,77.06,0.1,77.02,0.6623337374210357,75.62,0.7155295093059539,,,,,,-1.3999999999999915,0.0531957718849182,141-160
MWM_ClassDist,42,147,4,ce,,,0.1,75.62,0.7155295093059539,73.72,0.7732053829193115,8.0,77.66,77.66,75.5,0.7091922836542129,-1.9000000000000057,0.057675873613357576,141-160
MWM_ClassDist,42,147,7,kd,2.0,77.18,0.1,77.06,0.6719747988700867,74.18,0.8006987733840942,,,,,,-2.8799999999999955,0.12872397451400752,141-160
MWM_ClassDist,42,147,6,kd,8.0,77.66,0.1,75.5,0.7082063173294068,76.7,0.6781691044330597,,,,,,1.2000000000000028,-0.030037212896347087,141-160
MWM_ClassDist,42,147,5,kd,3.0,77.4,0.1,76.02,0.6931902746677399,75.78,0.7139146527528762,,,,,,-0.23999999999999488,0.020724378085136386,141-160
MWM_ClassDist,42,147,1,kd,9.0,77.44,0.1,77.06,0.6566036001205444,76.68,0.6706279565811157,,,,,,-0.37999999999999545,0.014024356460571319,141-160
MWM_ClassDist,42,148,6,kd,2.0,77.18,0.1,76.7,0.6781691044330597,73.8,0.7793979722976685,,,,,,-2.9000000000000057,0.10122886786460883,141-160
MWM_ClassDist,42,148,4,kd,9.0,77.44,0.1,73.72,0.7732053829193115,76.3,0.6908776454925537,,,,,,2.5799999999999983,-0.08232773742675781,141-160
MWM_ClassDist,42,148,5,ce,,,0.1,75.78,0.7139146527528762,73.42,0.7680881937980651,8.0,77.66,77.66,76.46,0.6769894812583923,-2.3599999999999994,0.0541735410451889,141-160
MWM_ClassDist,42,148,1,kd,3.0,77.4,0.1,76.68,0.6706279565811157,75.96,0.7044827667236329,,,,,,-0.7200000000000131,0.03385481014251712,141-160
MWM_ClassDist,42,148,7,kd,8.0,77.66,0.1,74.18,0.8006987733840942,77.22,0.6687371005535125,,,,,,3.039999999999992,-0.1319616728305817,141-160
MWM_ClassDist,42,149,1,ce,,,0.1,75.96,0.7044827667236329,72.5,0.8077461616516113,8.0,77.66,77.66,76.06,0.6958973249912263,-3.4599999999999937,0.10326339492797842,141-160
MWM_ClassDist,42,149,2,kd,7.0,77.22,0.1,77.18,0.6617077769756318,76.54,0.6826158787250519,,,,,,-0.6400000000000006,0.02090810174942015,141-160
MWM_ClassDist,42,149,4,kd,3.0,77.4,0.1,76.3,0.6908776454925537,76.96,0.6738705889701844,,,,,,0.6599999999999966,-0.017007056522369335,141-160
MWM_ClassDist,42,149,6,kd,8.0,77.66,0.1,73.8,0.7793979722976685,76.3,0.6798781597137451,,,,,,2.5,-0.0995198125839234,141-160
MWM_ClassDist,42,149,5,kd,9.0,77.44,0.1,73.42,0.7680881937980651,75.68,0.6946797335624695,,,,,,2.260000000000005,-0.07340846023559566,141-160
MWM_ClassDist,42,150,7,ce,,,0.1,77.22,0.6687371005535125,72.5,0.7949988287448883,8.0,77.66,77.66,76.82,0.6663021243095398,-4.719999999999999,0.1262617281913757,141-160
MWM_ClassDist,42,150,6,kd,9.0,77.44,0.1,76.3,0.6798781597137451,75.92,0.704186807012558,,,,,,-0.37999999999999545,0.02430864729881288,141-160
MWM_ClassDist,42,150,1,kd,4.0,76.96,0.1,72.5,0.8077461616516113,75.96,0.7137730590343475,,,,,,3.4599999999999937,-0.09397310261726377,141-160
MWM_ClassDist,42,150,5,kd,3.0,77.4,0.1,75.68,0.6946797335624695,75.84,0.7043571264266968,,,,,,0.1599999999999966,0.009677392864227308,141-160
MWM_ClassDist,42,150,2,kd,8.0,77.66,0.1,76.54,0.6826158787250519,76.66,0.664005077457428,,,,,,0.11999999999999034,-0.018610801267623933,141-160
MWM_ClassDist,42,151,1,kd,2.0,76.66,0.1,75.96,0.7137730590343475,75.62,0.6936164109230042,,,,,,-0.3399999999999892,-0.020156648111343323,141-160
MWM_ClassDist,42,151,3,ce,,,0.1,77.4,0.6679856885433197,73.1,0.8331402158260346,8.0,77.66,77.66,77.0,0.6614493657112122,-4.300000000000011,0.16515452728271485,141-160
MWM_ClassDist,42,151,6,kd,4.0,76.96,0.1,75.92,0.704186807012558,75.4,0.7245392347812653,,,,,,-0.519999999999996,0.02035242776870727,141-160
MWM_ClassDist,42,151,5,kd,9.0,77.44,0.1,75.84,0.7043571264266968,75.92,0.6929190227031707,,,,,,0.0799999999999983,-0.01143810372352605,141-160
MWM_ClassDist,42,151,7,kd,8.0,77.66,0.1,72.5,0.7949988287448883,76.72,0.6473184084892273,,,,,,4.219999999999999,-0.14768042025566097,141-160
MWM_ClassDist,42,152,1,kd,7.0,76.72,0.1,75.62,0.6936164109230042,76.04,0.6958823139190674,,,,,,0.4200000000000017,0.002265902996063218,141-160
MWM_ClassDist,42,152,5,kd,8.0,77.66,0.1,75.92,0.6929190227031707,76.72,0.6635516167640686,,,,,,0.7999999999999972,-0.029367405939102142,141-160
MWM_ClassDist,42,152,4,kd,9.0,77.44,0.1,76.96,0.6738705889701844,76.76,0.6801685297489166,,,,,,-0.19999999999998863,0.006297940778732247,141-160
MWM_ClassDist,42,152,6,ce,,,0.1,75.4,0.7245392347812653,74.8,0.7268295507907867,8.0,77.66,77.66,76.3,0.6888417202472686,-0.6000000000000085,0.0022903160095214536,141-160
MWM_ClassDist,42,152,3,kd,2.0,76.66,0.1,73.1,0.8331402158260346,76.08,0.6854146543502808,,,,,,2.980000000000004,-0.14772556147575377,141-160
MWM_ClassDist,42,153,7,ce,,,0.1,76.72,0.6473184084892273,75.14,0.7208511510848999,8.0,77.66,77.66,76.92,0.6557397370815277,-1.5799999999999983,0.07353274259567266,141-160
MWM_ClassDist,42,153,1,kd,2.0,76.66,0.1,76.04,0.6958823139190674,74.94,0.7282263197898865,,,,,,-1.1000000000000085,0.03234400587081909,141-160
MWM_ClassDist,42,153,3,kd,4.0,76.76,0.1,76.08,0.6854146543502808,76.52,0.6724166672229767,,,,,,0.4399999999999977,-0.012997987127304156,141-160
MWM_ClassDist,42,153,6,kd,5.0,76.72,0.1,74.8,0.7268295507907867,76.56,0.6853636633872986,,,,,,1.7600000000000051,-0.04146588740348811,141-160
MWM_ClassDist,42,153,9,kd,8.0,77.66,0.1,77.44,0.6550037006378174,77.06,0.6693063654899597,,,,,,-0.37999999999999545,0.014302664852142266,141-160
MWM_ClassDist,42,154,9,ce,,,0.1,77.06,0.6693063654899597,74.26,0.7536928298950195,8.0,77.66,77.66,75.78,0.708844087266922,-2.799999999999997,0.08438646440505981,141-160
MWM_ClassDist,42,154,7,kd,5.0,76.72,0.1,75.14,0.7208511510848999,76.72,0.6604659783363342,,,,,,1.5799999999999983,-0.060385172748565696,141-160
MWM_ClassDist,42,154,3,kd,2.0,76.66,0.1,76.52,0.6724166672229767,75.74,0.7039625964164734,,,,,,-0.7800000000000011,0.03154592919349675,141-160
MWM_ClassDist,42,154,4,kd,8.0,77.66,0.1,76.76,0.6801685297489166,76.24,0.6972746806621551,,,,,,-0.5200000000000102,0.017106150913238527,141-160
MWM_ClassDist,42,154,1,kd,6.0,76.56,0.1,74.94,0.7282263197898865,76.26,0.6956882592201233,,,,,,1.3200000000000074,-0.03253806056976316,141-160
MWM_ClassDist,42,155,4,ce,,,0.1,76.24,0.6972746806621551,72.1,0.7912218853235244,8.0,77.66,77.66,76.6,0.6865279437065125,-4.140000000000001,0.0939472046613693,141-160
MWM_ClassDist,42,155,1,kd,2.0,76.66,0.1,76.26,0.6956882592201233,73.98,0.741674921131134,,,,,,-2.280000000000001,0.04598666191101064,141-160
MWM_ClassDist,42,155,3,kd,7.0,76.72,0.1,75.74,0.7039625964164734,76.1,0.7111318677902222,,,,,,0.35999999999999943,0.007169271373748787,141-160
MWM_ClassDist,42,155,6,kd,5.0,76.72,0.1,76.56,0.6853636633872986,75.56,0.7080206246852875,,,,,,-1.0,0.022656961297988887,141-160
MWM_ClassDist,42,155,9,kd,8.0,77.66,0.1,74.26,0.7536928298950195,77.56,0.649017016172409,,,,,,3.299999999999997,-0.10467581372261048,141-160
MWM_ClassDist,42,156,4,kd,9.0,77.56,0.1,72.1,0.7912218853235244,76.82,0.6796551653862,,,,,,4.719999999999999,-0.11156671993732448,141-160
MWM_ClassDist,42,156,6,kd,8.0,77.66,0.1,75.56,0.7080206246852875,76.28,0.6766126475811005,,,,,,0.7199999999999989,-0.03140797710418697,141-160
MWM_ClassDist,42,156,1,kd,7.0,76.72,0.1,73.98,0.741674921131134,74.66,0.7428614831924438,,,,,,0.6799999999999926,0.0011865620613098482,141-160
MWM_ClassDist,42,156,5,ce,,,0.1,76.72,0.6635516167640686,73.6,0.7736471817016601,8.0,77.66,77.66,76.46,0.6632322145462036,-3.1200000000000045,0.11009556493759154,141-160
MWM_ClassDist,42,156,3,kd,2.0,76.66,0.1,76.1,0.7111318677902222,76.64,0.674929516506195,,,,,,0.5400000000000063,-0.03620235128402716,141-160
MWM_ClassDist,42,157,1,kd,2.0,76.66,0.1,74.66,0.7428614831924438,74.94,0.7349057741165161,,,,,,0.28000000000000114,-0.007955709075927686,141-160
MWM_ClassDist,42,157,5,kd,8.0,77.66,0.1,73.6,0.7736471817016601,76.46,0.6714337646961213,,,,,,2.8599999999999994,-0.10221341700553888,141-160
MWM_ClassDist,42,157,6,kd,4.0,76.82,0.1,76.28,0.6766126475811005,73.42,0.8212224709510804,,,,,,-2.8599999999999994,0.14460982336997985,141-160
MWM_ClassDist,42,157,3,ce,,,0.1,76.64,0.674929516506195,73.66,0.7855144005775452,8.0,77.66,77.66,76.12,0.6930162826538085,-2.980000000000004,0.11058488407135014,141-160
MWM_ClassDist,42,157,7,kd,9.0,77.56,0.1,76.72,0.6604659783363342,76.92,0.6699686581611634,,,,,,0.20000000000000284,0.009502679824829108,141-160
MWM_ClassDist,42,158,1,ce,,,0.1,74.94,0.7349057741165161,70.1,0.9163176566123963,8.0,77.66,77.66,77.4,0.6596660443544388,-4.840000000000003,0.18141188249588014,141-160
MWM_ClassDist,42,158,5,kd,8.0,77.66,0.1,76.46,0.6714337646961213,77.74,0.6519779973506927,,,,,,1.2800000000000011,-0.019455767345428532,141-160
MWM_ClassDist,42,158,3,kd,2.0,76.66,0.1,73.66,0.7855144005775452,77.16,0.6631988537549972,,,,,,3.5,-0.12231554682254797,141-160
MWM_ClassDist,42,158,6,kd,9.0,77.56,0.1,73.42,0.8212224709510804,75.98,0.7049823999404907,,,,,,2.5600000000000023,-0.11624007101058964,141-160
MWM_ClassDist,42,158,4,kd,7.0,76.92,0.1,76.82,0.6796551653862,76.78,0.6804967872619629,,,,,,-0.03999999999999204,0.0008416218757629768,141-160
MWM_ClassDist,42,159,1,kd,2.0,76.66,0.1,70.1,0.9163176566123963,75.86,0.6983858772277832,,,,,,5.760000000000005,-0.21793177938461306,141-160
MWM_ClassDist,42,159,6,ce,,,0.1,75.98,0.7049823999404907,69.78,0.8883061740875244,5.0,77.74,77.74,76.82,0.6635303305149078,-6.200000000000003,0.1833237741470337,141-160
MWM_ClassDist,42,159,3,kd,9.0,77.56,0.1,77.16,0.6631988537549972,76.48,0.6825454047203064,,,,,,-0.6799999999999926,0.01934655096530924,141-160
MWM_ClassDist,42,159,4,kd,8.0,77.66,0.1,76.78,0.6804967872619629,76.88,0.6870727602005005,,,,,,0.09999999999999432,0.006575972938537511,141-160
MWM_ClassDist,42,159,7,kd,5.0,77.74,0.1,76.92,0.6699686581611634,76.76,0.6640178346157074,,,,,,-0.1599999999999966,-0.005950823545455952,141-160
MWM_ClassDist,42,160,7,ce,,,0.1,76.76,0.6640178346157074,74.94,0.7797848101139069,5.0,77.74,77.74,77.16,0.671929862499237,-1.8200000000000074,0.11576697549819948,141-160
MWM_ClassDist,42,160,2,kd,4.0,76.88,0.1,76.66,0.664005077457428,77.16,0.6787834826946259,,,,,,0.5,0.014778405237197867,141-160
MWM_ClassDist,42,160,6,kd,8.0,77.66,0.1,69.78,0.8883061740875244,75.92,0.6819138138771057,,,,,,6.140000000000001,-0.20639236021041873,141-160
MWM_ClassDist,42,160,1,kd,9.0,77.56,0.1,75.86,0.6983858772277832,76.22,0.6944696599960327,,,,,,0.35999999999999943,-0.003916217231750507,141-160
MWM_ClassDist,42,160,3,kd,5.0,77.74,0.1,76.48,0.6825454047203064,76.92,0.6735480193138123,,,,,,0.4399999999999977,-0.008997385406494196,141-160
MWM_ClassDist,42,161,6,kd,2.0,77.16,0.1,75.92,0.6819138138771057,75.84,0.7302420081615448,,,,,,-0.0799999999999983,0.04832819428443913,161-180
MWM_ClassDist,42,161,1,kd,5.0,77.74,0.1,76.22,0.6944696599960327,75.04,0.7224888308048248,,,,,,-1.1799999999999926,0.028019170808792127,161-180
MWM_ClassDist,42,161,4,kd,9.0,77.56,0.1,76.88,0.6870727602005005,76.78,0.6795536350727082,,,,,,-0.09999999999999432,-0.007519125127792292,161-180
MWM_ClassDist,42,161,3,ce,,,0.1,76.92,0.6735480193138123,71.38,0.8623429370880127,5.0,77.74,77.74,76.84,0.6710932440519333,-5.540000000000006,0.18879491777420043,161-180
MWM_ClassDist,42,161,7,kd,8.0,77.66,0.1,74.94,0.7797848101139069,76.42,0.6743710055351257,,,,,,1.480000000000004,-0.10541380457878113,161-180
MWM_ClassDist,42,162,1,ce,,,0.1,75.04,0.7224888308048248,76.1,0.6851888543128968,5.0,77.74,77.74,74.96,0.7132330350875854,1.059999999999988,-0.037299976491928066,161-180
MWM_ClassDist,42,162,6,kd,5.0,77.74,0.1,75.84,0.7302420081615448,76.62,0.6939996609687805,,,,,,0.7800000000000011,-0.03624234719276431,161-180
MWM_ClassDist,42,162,3,kd,9.0,77.56,0.1,71.38,0.8623429370880127,76.66,0.6744126052856445,,,,,,5.280000000000001,-0.18793033180236818,161-180
MWM_ClassDist,42,162,7,kd,2.0,77.16,0.1,76.42,0.6743710055351257,76.06,0.7098448802471161,,,,,,-0.35999999999999943,0.03547387471199037,161-180
MWM_ClassDist,42,162,4,kd,8.0,77.66,0.1,76.78,0.6795536350727082,76.86,0.6713358443260193,,,,,,0.0799999999999983,-0.008217790746688824,161-180
MWM_ClassDist,42,163,7,kd,1.0,76.1,0.1,76.06,0.7098448802471161,75.62,0.7034079484939575,,,,,,-0.4399999999999977,-0.006436931753158626,161-180
MWM_ClassDist,42,163,3,ce,,,0.1,76.66,0.6744126052856445,76.0,0.7007440515518188,5.0,77.74,77.74,77.14,0.6665017559051514,-0.6599999999999966,0.02633144626617434,161-180
MWM_ClassDist,42,163,4,kd,8.0,77.66,0.1,76.86,0.6713358443260193,77.14,0.6751585989952087,,,,,,0.28000000000000114,0.0038227546691893544,161-180
MWM_ClassDist,42,163,2,kd,5.0,77.74,0.1,77.16,0.6787834826946259,74.38,0.761743103837967,,,,,,-2.780000000000001,0.0829596211433411,161-180
MWM_ClassDist,42,163,6,kd,9.0,77.56,0.1,76.62,0.6939996609687805,75.82,0.7139930786132812,,,,,,-0.8000000000000114,0.01999341764450069,161-180
MWM_ClassDist,42,164,2,ce,,,0.1,74.38,0.761743103837967,73.22,0.8052928193569183,5.0,77.74,77.74,77.02,0.6577255269050598,-1.1599999999999966,0.04354971551895137,161-180
MWM_ClassDist,42,164,4,kd,5.0,77.74,0.1,77.14,0.6751585989952087,76.14,0.7036667464971542,,,,,,-1.0,0.028508147501945524,161-180
MWM_ClassDist,42,164,3,kd,9.0,77.56,0.1,76.0,0.7007440515518188,77.16,0.6718621120452881,,,,,,1.1599999999999966,-0.02888193950653073,161-180
MWM_ClassDist,42,164,6,kd,1.0,76.1,0.1,75.82,0.7139930786132812,74.92,0.7184965267181397,,,,,,-0.8999999999999915,0.004503448104858476,161-180
MWM_ClassDist,42,164,7,kd,8.0,77.66,0.1,75.62,0.7034079484939575,76.28,0.703920348083973,,,,,,0.6599999999999966,0.0005123995900154776,161-180
MWM_ClassDist,42,165,7,ce,,,0.1,76.28,0.703920348083973,73.08,0.7795796567916871,5.0,77.74,77.74,77.38,0.6707278365135193,-3.200000000000003,0.07565930870771409,161-180
MWM_ClassDist,42,165,4,kd,9.0,77.56,0.1,76.14,0.7036667464971542,76.92,0.681242669391632,,,,,,0.7800000000000011,-0.02242407710552219,161-180
MWM_ClassDist,42,165,6,kd,8.0,77.66,0.1,74.92,0.7184965267181397,76.04,0.6713230012893677,,,,,,1.1200000000000045,-0.047173525428771956,161-180
MWM_ClassDist,42,165,2,kd,5.0,77.74,0.1,73.22,0.8052928193569183,77.28,0.6688414040565491,,,,,,4.060000000000002,-0.1364514153003692,161-180
MWM_ClassDist,42,165,1,kd,3.0,77.16,0.1,76.1,0.6851888543128968,77.2,0.6795474629402161,,,,,,1.1000000000000085,-0.005641391372680715,161-180
MWM_ClassDist,42,166,1,kd,2.0,77.28,0.1,77.2,0.6795474629402161,76.1,0.7046841416835785,,,,,,-1.1000000000000085,0.02513667874336245,161-180
MWM_ClassDist,42,166,4,ce,,,0.1,76.92,0.681242669391632,68.6,0.9315840329170227,5.0,77.74,77.74,76.4,0.7003768891096115,-8.320000000000007,0.2503413635253907,161-180
MWM_ClassDist,42,166,9,kd,5.0,77.74,0.1,77.56,0.649017016172409,76.64,0.6754630586147309,,,,,,-0.9200000000000017,0.02644604244232185,161-180
MWM_ClassDist,42,166,6,kd,3.0,77.16,0.1,76.04,0.6713230012893677,75.26,0.748077234172821,,,,,,-0.7800000000000011,0.07675423288345329,161-180
MWM_ClassDist,42,166,7,kd,8.0,77.66,0.1,73.08,0.7795796567916871,78.42,0.6325364969491959,,,,,,5.340000000000003,-0.14704315984249117,161-180
MWM_ClassDist,42,167,1,ce,,,0.1,76.1,0.7046841416835785,71.78,0.8130147337913514,7.0,78.42,78.42,77.24,0.6804359974861145,-4.319999999999993,0.10833059210777285,161-180
MWM_ClassDist,42,167,3,kd,7.0,78.42,0.1,77.16,0.6718621120452881,76.96,0.6779777504444122,,,,,,-0.20000000000000284,0.0061156383991241015,161-180
MWM_ClassDist,42,167,4,kd,5.0,77.74,0.1,68.6,0.9315840329170227,76.86,0.6834198061466217,,,,,,8.260000000000005,-0.24816422677040106,161-180
MWM_ClassDist,42,167,2,kd,8.0,77.66,0.1,77.28,0.6688414040565491,76.72,0.6647684878349304,,,,,,-0.5600000000000023,-0.004072916221618761,161-180
MWM_ClassDist,42,167,6,kd,9.0,76.64,0.1,75.26,0.748077234172821,73.16,0.7943376430511475,,,,,,-2.1000000000000085,0.0462604088783265,161-180
MWM_ClassDist,42,168,2,kd,4.0,76.86,0.1,76.72,0.6647684878349304,75.82,0.713959499502182,,,,,,-0.9000000000000057,0.049191011667251594,161-180
MWM_ClassDist,42,168,1,kd,5.0,77.74,0.1,71.78,0.8130147337913514,77.32,0.6635569573402404,,,,,,5.539999999999992,-0.1494577764511109,161-180
MWM_ClassDist,42,168,6,ce,,,0.1,73.16,0.7943376430511475,71.86,0.8500226626396179,7.0,78.42,78.42,76.38,0.6986607246875763,-1.2999999999999972,0.055685019588470386,161-180
MWM_ClassDist,42,168,9,kd,3.0,76.96,0.1,76.64,0.6754630586147309,76.22,0.7115858395576478,,,,,,-0.4200000000000017,0.03612278094291688,161-180
MWM_ClassDist,42,168,8,kd,7.0,78.42,0.1,77.66,0.6394791082859039,77.84,0.6453568266868591,,,,,,0.18000000000000682,0.00587771840095519,161-180
MWM_ClassDist,42,169,2,kd,7.0,78.42,0.1,75.82,0.713959499502182,76.7,0.6749380096912384,,,,,,0.8800000000000097,-0.039021489810943555,161-180
MWM_ClassDist,42,169,5,kd,8.0,77.84,0.1,77.74,0.6519779973506927,75.2,0.7110801474571228,,,,,,-2.539999999999992,0.05910215010643005,161-180
MWM_ClassDist,42,169,6,kd,1.0,77.32,0.1,71.86,0.8500226626396179,76.74,0.6825159478187561,,,,,,4.8799999999999955,-0.16750671482086177,161-180
MWM_ClassDist,42,169,3,ce,,,0.1,76.96,0.6779777504444122,73.64,0.7735064023494721,7.0,78.42,78.42,77.1,0.6768431198120117,-3.319999999999993,0.09552865190505988,161-180
MWM_ClassDist,42,169,9,kd,4.0,76.86,0.1,76.22,0.7115858395576478,76.32,0.6770482750892639,,,,,,0.09999999999999432,-0.03453756446838385,161-180
MWM_ClassDist,42,170,3,kd,4.0,76.86,0.1,73.64,0.7735064023494721,76.06,0.6942784773349762,,,,,,2.4200000000000017,-0.07922792501449594,161-180
MWM_ClassDist,42,170,6,kd,8.0,77.84,0.1,76.74,0.6825159478187561,76.72,0.6730718204021454,,,,,,-0.01999999999999602,-0.009444127416610715,161-180
MWM_ClassDist,42,170,5,kd,1.0,77.32,0.1,75.2,0.7110801474571228,76.06,0.7080824742794037,,,,,,0.8599999999999994,-0.00299767317771904,161-180
MWM_ClassDist,42,170,2,ce,,,0.1,76.7,0.6749380096912384,75.4,0.7054626686096191,7.0,78.42,78.42,75.74,0.6981401384353638,-1.2999999999999972,0.030524658918380743,161-180
MWM_ClassDist,42,170,9,kd,7.0,78.42,0.1,76.32,0.6770482750892639,76.52,0.6934136096954345,,,,,,0.20000000000000284,0.016365334606170623,161-180
MWM_ClassDist,42,171,2,kd,4.0,76.86,0.1,75.4,0.7054626686096191,75.1,0.7250231668949128,,,,,,-0.30000000000001137,0.019560498285293604,161-180
MWM_ClassDist,42,171,5,kd,8.0,77.84,0.1,76.06,0.7080824742794037,76.62,0.6778671256542206,,,,,,0.5600000000000023,-0.030215348625183158,161-180
MWM_ClassDist,42,171,6,kd,1.0,77.32,0.1,76.72,0.6730718204021454,76.18,0.7126444835662842,,,,,,-0.539999999999992,0.039572663164138766,161-180
MWM_ClassDist,42,171,3,ce,,,0.1,76.06,0.6942784773349762,74.86,0.7348003879070282,7.0,78.42,78.42,77.98,0.6440559019327163,-1.2000000000000028,0.04052191057205201,161-180
MWM_ClassDist,42,171,9,kd,7.0,78.42,0.1,76.52,0.6934136096954345,76.92,0.674852930355072,,,,,,0.4000000000000057,-0.01856067934036254,161-180
MWM_ClassDist,42,172,3,kd,1.0,77.32,0.1,74.86,0.7348003879070282,77.54,0.6552623757839203,,,,,,2.680000000000007,-0.07953801212310785,161-180
MWM_ClassDist,42,172,6,kd,4.0,76.86,0.1,76.18,0.7126444835662842,75.5,0.7374795174360276,,,,,,-0.6800000000000068,0.024835033869743395,161-180
MWM_ClassDist,42,172,5,kd,7.0,78.42,0.1,76.62,0.6778671256542206,76.14,0.6918905236721039,,,,,,-0.480000000000004,0.014023398017883326,161-180
MWM_ClassDist,42,172,2,ce,,,0.1,75.1,0.7250231668949128,74.52,0.7368633811473846,7.0,78.42,78.42,76.28,0.6938694597125054,-0.5799999999999983,0.011840214252471837,161-180
MWM_ClassDist,42,172,9,kd,8.0,77.84,0.1,76.92,0.674852930355072,75.8,0.7027359643936157,,,,,,-1.1200000000000045,0.027883034038543753,161-180
MWM_ClassDist,42,173,4,ce,,,0.1,76.86,0.6834198061466217,76.82,0.6806970742225646,7.0,78.42,78.42,76.84,0.693107464504242,-0.04000000000000625,-0.0027227319240570313,161-180
MWM_ClassDist,42,173,2,kd,1.0,77.32,0.010000000000000002,74.52,0.7368633811473846,78.42,0.6218159413337707,,,,,,3.9000000000000057,-0.11504743981361387,161-180
MWM_ClassDist,42,173,6,kd,8.0,77.84,0.1,75.5,0.7374795174360276,76.42,0.6881329288482666,,,,,,0.9200000000000017,-0.049346588587760976,161-180
MWM_ClassDist,42,173,5,kd,7.0,78.42,0.1,76.14,0.6918905236721039,77.3,0.6756788486003876,,,,,,1.1599999999999966,-0.01621167507171628,161-180
MWM_ClassDist,42,173,9,kd,3.0,77.54,0.1,75.8,0.7027359643936157,74.72,0.7504929260730744,,,,,,-1.0799999999999983,0.04775696167945864,161-180
MWM_ClassDist,42,174,7,kd,2.0,78.42,0.1,78.42,0.6325364969491959,77.78,0.654815276837349,,,,,,-0.6400000000000006,0.022278779888153077,161-180
MWM_ClassDist,42,174,1,kd,8.0,77.84,0.1,77.32,0.6635569573402404,76.28,0.6878285810470581,,,,,,-1.039999999999992,0.02427162370681768,161-180
MWM_ClassDist,42,174,5,ce,,,0.1,77.3,0.6756788486003876,74.16,0.7462387160778046,7.0,78.42,77.78,75.42,0.7525131460666656,-3.1400000000000006,0.07055986747741694,161-180
MWM_ClassDist,42,174,6,kd,3.0,77.54,0.1,76.42,0.6881329288482666,76.06,0.7195113532543183,,,,,,-0.35999999999999943,0.03137842440605165,161-180
MWM_ClassDist,42,174,9,kd,4.0,76.82,0.1,74.72,0.7504929260730744,75.58,0.7342625056266785,,,,,,0.8599999999999994,-0.016230420446395888,161-180
MWM_ClassDist,42,175,6,kd,8.0,77.84,0.1,76.06,0.7195113532543183,76.88,0.6896592478752136,,,,,,0.8199999999999932,-0.029852105379104654,161-180
MWM_ClassDist,42,175,3,ce,,,0.1,77.54,0.6552623757839203,74.68,0.7238078742027283,2.0,78.42,78.42,78.24,0.6318381392002106,-2.8599999999999994,0.06854549841880797,161-180
MWM_ClassDist,42,175,1,kd,4.0,76.82,0.1,76.28,0.6878285810470581,75.86,0.6970501391887665,,,,,,-0.4200000000000017,0.00922155814170833,161-180
MWM_ClassDist,42,175,9,kd,7.0,77.78,0.1,75.58,0.7342625056266785,75.0,0.7283878057003021,,,,,,-0.5799999999999983,-0.005874699926376348,161-180
MWM_ClassDist,42,175,5,kd,2.0,78.42,0.1,74.16,0.7462387160778046,77.98,0.6490588756084442,,,,,,3.8200000000000074,-0.09717984046936035,161-180
MWM_ClassDist,42,176,9,ce,,,0.1,75.0,0.7283878057003021,72.66,0.8123462201118469,2.0,78.42,78.42,77.12,0.6844043006896973,-2.3400000000000034,0.08395841441154472,161-180
MWM_ClassDist,42,176,4,kd,2.0,78.42,0.1,76.82,0.6806970742225646,77.2,0.6709671671390534,,,,,,0.38000000000000966,-0.009729907083511291,161-180
MWM_ClassDist,42,176,1,kd,6.0,76.88,0.1,75.86,0.6970501391887665,76.14,0.7121701314926148,,,,,,0.28000000000000114,0.015119992303848306,161-180
MWM_ClassDist,42,176,3,kd,5.0,77.98,0.1,74.68,0.7238078742027283,78.02,0.6436885225296021,,,,,,3.339999999999989,-0.08011935167312623,161-180
MWM_ClassDist,42,176,7,kd,8.0,77.84,0.1,77.78,0.654815276837349,75.94,0.7041353112220764,,,,,,-1.8400000000000034,0.04932003438472743,161-180
MWM_ClassDist,42,177,8,kd,5.0,77.98,0.1,77.84,0.6453568266868591,76.36,0.698796092414856,,,,,,-1.480000000000004,0.05343926572799684,161-180
MWM_ClassDist,42,177,9,kd,2.0,78.42,0.1,72.66,0.8123462201118469,77.68,0.6550513452529907,,,,,,5.02000000000001,-0.15729487485885618,161-180
MWM_ClassDist,42,177,1,kd,4.0,77.2,0.1,76.14,0.7121701314926148,74.28,0.7661526938438415,,,,,,-1.8599999999999994,0.05398256235122678,161-180
MWM_ClassDist,42,177,7,kd,3.0,78.02,0.1,75.94,0.7041353112220764,75.6,0.7028480318069458,,,,,,-0.3400000000000034,-0.0012872794151306266,161-180
MWM_ClassDist,42,177,6,ce,,,0.1,76.88,0.6896592478752136,72.78,0.8236044632911682,2.0,78.42,78.42,76.38,0.6920442144393921,-4.099999999999994,0.1339452154159546,161-180
MWM_ClassDist,42,178,6,kd,2.0,78.42,0.1,72.78,0.8236044632911682,77.26,0.662002865600586,,,,,,4.480000000000004,-0.16160159769058224,161-180
MWM_ClassDist,42,178,4,kd,3.0,78.02,0.1,77.2,0.6709671671390534,77.06,0.6748832613945007,,,,,,-0.14000000000000057,0.0039160942554473666,161-180
MWM_ClassDist,42,178,1,kd,5.0,77.98,0.1,74.28,0.7661526938438415,76.18,0.7146352246284485,,,,,,1.9000000000000057,-0.05151746921539302,161-180
MWM_ClassDist,42,178,7,kd,9.0,77.68,0.1,75.6,0.7028480318069458,75.46,0.697361387872696,,,,,,-0.14000000000000057,-0.005486643934249802,161-180
MWM_ClassDist,42,178,8,ce,,,0.1,76.36,0.698796092414856,70.34,0.8885435320854187,2.0,78.42,78.42,76.26,0.7002429490089417,-6.019999999999996,0.18974743967056273,161-180
MWM_ClassDist,42,179,1,ce,,,0.1,76.18,0.7146352246284485,73.82,0.8039405861854553,2.0,78.42,78.42,77.32,0.6717896845340728,-2.3600000000000136,0.08930536155700675,161-180
MWM_ClassDist,42,179,4,kd,9.0,77.68,0.1,77.06,0.6748832613945007,76.68,0.6827080708503723,,,,,,-0.37999999999999545,0.007824809455871606,161-180
MWM_ClassDist,42,179,6,kd,3.0,78.02,0.1,77.26,0.662002865600586,76.78,0.68425773229599,,,,,,-0.480000000000004,0.022254866695403996,161-180
MWM_ClassDist,42,179,8,kd,2.0,78.42,0.1,70.34,0.8885435320854187,78.04,0.6493703887939453,,,,,,7.700000000000003,-0.23917314329147343,161-180
MWM_ClassDist,42,179,7,kd,5.0,77.98,0.1,75.46,0.697361387872696,76.78,0.6810444533348083,,,,,,1.3200000000000074,-0.01631693453788763,161-180
MWM_ClassDist,42,180,7,ce,,,0.1,76.78,0.6810444533348083,73.06,0.8054257119178772,2.0,78.42,78.42,77.76,0.6470220606803894,-3.719999999999999,0.12438125858306881,161-180
MWM_ClassDist,42,180,1,kd,2.0,78.42,0.1,73.82,0.8039405861854553,77.08,0.660791526222229,,,,,,3.260000000000005,-0.14314905996322624,161-180
MWM_ClassDist,42,180,4,kd,3.0,78.02,0.1,76.68,0.6827080708503723,76.88,0.6799176026344299,,,,,,0.19999999999998863,-0.002790468215942421,161-180
MWM_ClassDist,42,180,6,kd,9.0,77.68,0.1,76.78,0.68425773229599,76.18,0.7056506352424622,,,,,,-0.5999999999999943,0.021392902946472225,161-180
MWM_ClassDist,42,180,5,kd,8.0,78.04,0.1,77.98,0.6490588756084442,77.3,0.672053096652031,,,,,,-0.6800000000000068,0.022994221043586727,161-180
MWM_ClassDist,42,181,4,kd,8.0,78.04,0.1,76.88,0.6799176026344299,76.78,0.6854955078125,,,,,,-0.09999999999999432,0.005577905178070108,181-200
MWM_ClassDist,42,181,7,kd,1.0,77.08,0.1,73.06,0.8054257119178772,77.26,0.6762624108314514,,,,,,4.200000000000003,-0.1291633010864257,181-200
MWM_ClassDist,42,181,6,ce,,,0.1,76.18,0.7056506352424622,74.04,0.7678732988357544,2.0,78.42,78.42,76.74,0.6792326685905457,-2.1400000000000006,0.062222663593292205,181-200
MWM_ClassDist,42,181,9,kd,3.0,78.02,0.1,77.68,0.6550513452529907,77.24,0.6648732157707214,,,,,,-0.44000000000001194,0.009821870517730757,181-200
MWM_ClassDist,42,181,5,kd,2.0,78.42,0.1,77.3,0.672053096652031,76.78,0.6794185907363891,,,,,,-0.519999999999996,0.0073654940843581596,181-200
MWM_ClassDist,42,182,4,kd,3.0,78.02,0.1,76.78,0.6854955078125,77.4,0.6708848096847534,,,,,,0.6200000000000045,-0.014610698127746624,181-200
MWM_ClassDist,42,182,7,kd,2.0,78.42,0.1,77.26,0.6762624108314514,77.18,0.6729526149988174,,,,,,-0.0799999999999983,-0.0033097958326340216,181-200
MWM_ClassDist,42,182,6,kd,8.0,78.04,0.1,74.04,0.7678732988357544,76.58,0.6774488371372223,,,,,,2.539999999999992,-0.09042446169853213,181-200
MWM_ClassDist,42,182,5,ce,,,0.1,76.78,0.6794185907363891,76.36,0.688132277393341,2.0,78.42,78.42,76.84,0.6815317472696304,-0.4200000000000017,0.008713686656951936,181-200
MWM_ClassDist,42,182,1,kd,9.0,77.24,0.1,77.08,0.660791526222229,76.56,0.7127599527835846,,,,,,-0.519999999999996,0.051968426561355585,181-200
MWM_ClassDist,42,183,7,ce,,,0.1,77.18,0.6729526149988174,75.8,0.7054742751121521,2.0,78.42,78.42,77.9,0.6679150258779526,-1.3800000000000097,0.03252166011333468,181-200
MWM_ClassDist,42,183,1,kd,6.0,76.58,0.1,76.56,0.7127599527835846,75.64,0.7357802452087402,,,,,,-0.9200000000000017,0.023020292425155575,181-200
MWM_ClassDist,42,183,5,kd,4.0,77.4,0.1,76.36,0.688132277393341,77.0,0.6952232364654541,,,,,,0.6400000000000006,0.007090959072113101,181-200
MWM_ClassDist,42,183,9,kd,2.0,78.42,0.1,77.24,0.6648732157707214,77.94,0.6456056742668151,,,,,,0.7000000000000028,-0.019267541503906305,181-200
MWM_ClassDist,42,183,3,kd,8.0,78.04,0.1,78.02,0.6436885225296021,77.66,0.6561105674743652,,,,,,-0.35999999999999943,0.012422044944763178,181-200
MWM_ClassDist,42,184,1,ce,,,0.1,75.64,0.7357802452087402,74.74,0.7477718073129654,2.0,78.42,78.42,77.36,0.6579725434303284,-0.9000000000000057,0.01199156210422525,181-200
MWM_ClassDist,42,184,4,kd,8.0,78.04,0.1,77.4,0.6708848096847534,77.6,0.6524445445537567,,,,,,0.19999999999998863,-0.018440265130996725,181-200
MWM_ClassDist,42,184,7,kd,2.0,78.42,0.1,75.8,0.7054742751121521,77.94,0.6330020289421081,,,,,,2.1400000000000006,-0.072472246170044,181-200
MWM_ClassDist,42,184,6,kd,9.0,77.94,0.1,76.58,0.6774488371372223,78.08,0.6563197331428527,,,,,,1.5,-0.021129103994369514,181-200
MWM_ClassDist,42,184,5,kd,3.0,77.66,0.1,77.0,0.6952232364654541,77.48,0.6641835253238678,,,,,,0.480000000000004,-0.031039711141586324,181-200
MWM_ClassDist,42,185,4,kd,6.0,78.08,0.1,77.6,0.6524445445537567,76.22,0.7126846394538879,,,,,,-1.3799999999999955,0.06024009490013127,181-200
MWM_ClassDist,42,185,1,kd,8.0,78.04,0.1,74.74,0.7477718073129654,76.42,0.6875567048072815,,,,,,1.6800000000000068,-0.06021510250568396,181-200
MWM_ClassDist,42,185,9,ce,,,0.1,77.94,0.6456056742668151,73.54,0.7593005334377289,2.0,78.42,78.42,77.76,0.6563158291339874,-4.3999999999999915,0.11369485917091371,181-200
MWM_ClassDist,42,185,3,kd,7.0,77.94,0.1,77.66,0.6561105674743652,77.84,0.6480753478050232,,,,,,0.18000000000000682,-0.008035219669342064,181-200
MWM_ClassDist,42,185,5,kd,2.0,78.42,0.1,77.48,0.6641835253238678,77.64,0.6547576402187347,,,,,,0.1599999999999966,-0.009425885105133092,181-200
MWM_ClassDist,42,186,4,ce,,,0.1,76.22,0.7126846394538879,72.26,0.8069477609634399,2.0,78.42,78.42,76.7,0.6841654861927032,-3.9599999999999937,0.09426312150955196,181-200
MWM_ClassDist,42,186,7,kd,8.0,78.04,0.1,77.94,0.6330020289421081,76.86,0.6846758256673813,,,,,,-1.0799999999999983,0.05167379672527317,181-200
MWM_ClassDist,42,186,9,kd,2.0,78.42,0.1,73.54,0.7593005334377289,77.38,0.6533707179546356,,,,,,3.839999999999989,-0.10592981548309321,181-200
MWM_ClassDist,42,186,5,kd,3.0,77.84,0.1,77.64,0.6547576402187347,76.34,0.6922717698097229,,,,,,-1.2999999999999972,0.03751412959098821,181-200
MWM_ClassDist,42,186,1,kd,6.0,78.08,0.1,76.42,0.6875567048072815,77.74,0.6695039039611816,,,,,,1.3199999999999932,-0.018052800846099837,181-200
MWM_ClassDist,42,187,5,kd,8.0,78.04,0.1,76.34,0.6922717698097229,76.0,0.7002667746543885,,,,,,-0.3400000000000034,0.007995004844665532,181-200
MWM_ClassDist,42,187,3,ce,,,0.1,77.84,0.6480753478050232,74.42,0.7675817028999329,2.0,78.42,78.42,76.88,0.6856210094451904,-3.4200000000000017,0.1195063550949097,181-200
MWM_ClassDist,42,187,4,kd,2.0,78.42,0.1,72.26,0.8069477609634399,77.88,0.6573952618122101,,,,,,5.61999999999999,-0.1495524991512298,181-200
MWM_ClassDist,42,187,7,kd,6.0,78.08,0.1,76.86,0.6846758256673813,77.28,0.6865970659255981,,,,,,0.4200000000000017,0.0019212402582168275,181-200
MWM_ClassDist,42,187,9,kd,1.0,77.74,0.1,77.38,0.6533707179546356,76.56,0.7187992062568664,,,,,,-0.8199999999999932,0.0654284883022308,181-200
MWM_ClassDist,42,188,4,ce,,,0.1,77.88,0.6573952618122101,73.66,0.7514765624046326,2.0,78.42,78.42,77.6,0.6404907197952271,-4.219999999999999,0.09408130059242248,181-200
MWM_ClassDist,42,188,5,kd,1.0,77.74,0.1,76.0,0.7002667746543885,76.7,0.6973501684188843,,,,,,0.7000000000000028,-0.00291660623550416,181-200
MWM_ClassDist,42,188,9,kd,2.0,78.42,0.1,76.56,0.7187992062568664,78.18,0.6455221272945404,,,,,,1.6200000000000045,-0.07327707896232605,181-200
MWM_ClassDist,42,188,3,kd,6.0,78.08,0.1,74.42,0.7675817028999329,77.48,0.6686152716636657,,,,,,3.0600000000000023,-0.09896643123626714,181-200
MWM_ClassDist,42,188,7,kd,8.0,78.04,0.1,77.28,0.6865970659255981,76.96,0.6759929528236389,,,,,,-0.3200000000000074,-0.01060411310195919,181-200
MWM_ClassDist,42,189,1,kd,8.0,78.04,0.1,77.74,0.6695039039611816,77.26,0.6746044279098511,,,,,,-0.47999999999998977,0.005100523948669444,181-200
MWM_ClassDist,42,189,3,ce,,,0.1,77.48,0.6686152716636657,75.72,0.7135792313575745,2.0,78.42,78.42,77.76,0.652272447013855,-1.7600000000000051,0.04496395969390876,181-200
MWM_ClassDist,42,189,4,kd,2.0,78.42,0.1,73.66,0.7514765624046326,77.62,0.6491538734436035,,,,,,3.960000000000008,-0.10232268896102903,181-200
MWM_ClassDist,42,189,7,kd,6.0,78.08,0.1,76.96,0.6759929528236389,76.04,0.7175568305969239,,,,,,-0.9199999999999875,0.04156387777328496,181-200
MWM_ClassDist,42,189,5,kd,9.0,78.18,0.1,76.7,0.6973501684188843,76.26,0.7156486384391785,,,,,,-0.4399999999999977,0.018298470020294166,181-200
MWM_ClassDist,42,190,7,kd,4.0,77.62,0.1,76.04,0.7175568305969239,77.12,0.6627615637779236,,,,,,1.0799999999999983,-0.054795266819000266,181-200
MWM_ClassDist,42,190,5,ce,,,0.1,76.26,0.7156486384391785,73.08,0.7972586691856385,2.0,78.42,78.42,77.24,0.6613255599498749,-3.180000000000007,0.08161003074646,181-200
MWM_ClassDist,42,190,8,kd,6.0,78.08,0.1,78.04,0.6493703887939453,77.7,0.6796986709594727,,,,,,-0.3400000000000034,0.03032828216552741,181-200
MWM_ClassDist,42,190,3,kd,2.0,78.42,0.1,75.72,0.7135792313575745,77.36,0.658428813791275,,,,,,1.6400000000000006,-0.05515041756629946,181-200
MWM_ClassDist,42,190,1,kd,9.0,78.18,0.1,77.26,0.6746044279098511,77.52,0.6757497825622558,,,,,,0.2599999999999909,0.0011453546524047287,181-200
MWM_ClassDist,42,191,1,kd,4.0,77.62,0.1,77.52,0.6757497825622558,77.12,0.6644319006919861,,,,,,-0.3999999999999915,-0.01131788187026972,181-200
MWM_ClassDist,42,191,7,kd,3.0,77.36,0.1,77.12,0.6627615637779236,75.42,0.7613401278018952,,,,,,-1.7000000000000028,0.09857856402397158,181-200
MWM_ClassDist,42,191,8,ce,,,0.1,77.7,0.6796986709594727,76.96,0.7016694554328918,2.0,78.42,78.42,76.32,0.6946472604751587,-0.7400000000000091,0.021970784473419158,181-200
MWM_ClassDist,42,191,6,kd,9.0,78.18,0.1,78.08,0.6563197331428527,77.38,0.667644686126709,,,,,,-0.7000000000000028,0.011324952983856273,181-200
MWM_ClassDist,42,191,5,kd,2.0,78.42,0.1,73.08,0.7972586691856385,76.98,0.6762217228889466,,,,,,3.9000000000000057,-0.12103694629669193,181-200
MWM_ClassDist,42,192,7,ce,,,0.1,75.42,0.7613401278018952,73.38,0.7864531337738037,2.0,78.42,78.42,77.24,0.6632839023590088,-2.0400000000000063,0.025113005971908464,181-200
MWM_ClassDist,42,192,5,kd,4.0,77.62,0.1,76.98,0.6762217228889466,76.46,0.6894528709411621,,,,,,-0.5200000000000102,0.013231148052215591,181-200
MWM_ClassDist,42,192,8,kd,9.0,78.18,0.1,76.96,0.7016694554328918,76.9,0.6890359816074372,,,,,,-0.05999999999998806,-0.012633473825454655,181-200
MWM_ClassDist,42,192,6,kd,2.0,78.42,0.1,77.38,0.667644686126709,77.46,0.6609916244029999,,,,,,0.0799999999999983,-0.006653061723709164,181-200
MWM_ClassDist,42,192,1,kd,3.0,77.36,0.1,77.12,0.6644319006919861,75.3,0.7558573812007904,,,,,,-1.8200000000000074,0.09142548050880428,181-200
MWM_ClassDist,42,193,1,ce,,,0.1,75.3,0.7558573812007904,75.3,0.7257518927574158,2.0,78.42,78.42,77.06,0.6839791715860367,0.0,-0.030105488443374573,181-200
MWM_ClassDist,42,193,8,kd,4.0,77.62,0.1,76.9,0.6890359816074372,76.82,0.6715244621276856,,,,,,-0.0800000000000125,-0.017511519479751603,181-200
MWM_ClassDist,42,193,7,kd,2.0,78.42,0.1,73.38,0.7864531337738037,78.32,0.6423566617965698,,,,,,4.939999999999998,-0.14409647197723385,181-200
MWM_ClassDist,42,193,5,kd,9.0,78.18,0.1,76.46,0.6894528709411621,76.2,0.7071232942581177,,,,,,-0.2599999999999909,0.017670423316955564,181-200
MWM_ClassDist,42,193,3,kd,6.0,77.46,0.1,77.36,0.658428813791275,77.02,0.673136787891388,,,,,,-0.3400000000000034,0.01470797410011293,181-200
MWM_ClassDist,42,194,3,kd,7.0,78.32,0.1,77.02,0.673136787891388,77.78,0.6712656374216079,,,,,,0.7600000000000051,-0.0018711504697800363,181-200
MWM_ClassDist,42,194,1,kd,4.0,77.62,0.1,75.3,0.7257518927574158,77.32,0.6769405450344086,,,,,,2.019999999999996,-0.048811347723007215,181-200
MWM_ClassDist,42,194,8,kd,9.0,78.18,0.1,76.82,0.6715244621276856,76.98,0.6784864708900452,,,,,,0.1600000000000108,0.006962008762359639,181-200
MWM_ClassDist,42,194,6,kd,2.0,78.42,0.1,77.46,0.6609916244029999,76.82,0.689734002494812,,,,,,-0.6400000000000006,0.028742378091812126,181-200
MWM_ClassDist,42,194,5,ce,,,0.1,76.2,0.7071232942581177,74.5,0.759632194519043,2.0,78.42,78.42,76.94,0.6691033172607422,-1.7000000000000028,0.05250890026092525,181-200
MWM_ClassDist,42,195,1,kd,9.0,78.18,0.1,77.32,0.6769405450344086,77.62,0.6599571223258972,,,,,,0.30000000000001137,-0.016983422708511386,181-200
MWM_ClassDist,42,195,8,ce,,,0.1,76.98,0.6784864708900452,74.28,0.7451687718391419,2.0,78.42,78.42,77.0,0.6617272610664368,-2.700000000000003,0.06668230094909666,181-200
MWM_ClassDist,42,195,6,kd,3.0,77.78,0.010000000000000002,76.82,0.689734002494812,77.32,0.6663009254217148,,,,,,0.5,-0.023433077073097164,181-200
MWM_ClassDist,42,195,4,kd,7.0,78.32,0.1,77.62,0.6491538734436035,77.36,0.6687664860963821,,,,,,-0.2600000000000051,0.019612612652778583,181-200
MWM_ClassDist,42,195,5,kd,2.0,78.42,0.1,74.5,0.759632194519043,77.84,0.6485728848457336,,,,,,3.3400000000000034,-0.11105930967330935,181-200
MWM_ClassDist,42,196,1,kd,3.0,77.78,0.1,77.62,0.6599571223258972,75.56,0.7300814329385757,,,,,,-2.0600000000000023,0.07012431061267854,181-200
MWM_ClassDist,42,196,4,ce,,,0.1,77.36,0.6687664860963821,73.56,0.7713695742607116,2.0,78.42,78.42,76.98,0.6749675919055939,-3.799999999999997,0.1026030881643295,181-200
MWM_ClassDist,42,196,5,kd,7.0,78.32,0.1,77.84,0.6485728848457336,77.12,0.6705212449431419,,,,,,-0.7199999999999989,0.021948360097408304,181-200
MWM_ClassDist,42,196,8,kd,2.0,78.42,0.1,74.28,0.7451687718391419,77.06,0.6708050714492798,,,,,,2.780000000000001,-0.07436370038986206,181-200
MWM_ClassDist,42,196,6,kd,9.0,78.18,0.010000000000000002,77.32,0.6663009254217148,77.92,0.6451961241483688,,,,,,0.6000000000000085,-0.02110480127334602,181-200
MWM_ClassDist,42,197,8,kd,3.0,77.78,0.1,77.06,0.6708050714492798,76.44,0.6954558037281037,,,,,,-0.6200000000000045,0.02465073227882386,181-200
MWM_ClassDist,42,197,4,kd,9.0,78.18,0.1,73.56,0.7713695742607116,77.84,0.654745048904419,,,,,,4.280000000000001,-0.11662452535629264,181-200
MWM_ClassDist,42,197,6,ce,,,0.010000000000000002,77.92,0.6451961241483688,81.72,0.5207099341392517,2.0,78.42,78.42,78.56,0.6269656762361526,3.799999999999997,-0.12448619000911709,181-200
MWM_ClassDist,42,197,1,kd,7.0,78.32,0.1,75.56,0.7300814329385757,75.46,0.7346407886981964,,,,,,-0.10000000000000853,0.004559355759620631,181-200
MWM_ClassDist,42,197,5,kd,2.0,78.42,0.1,77.12,0.6705212449431419,77.76,0.6563024227619171,,,,,,0.6400000000000006,-0.014218822181224833,181-200
MWM_ClassDist,42,198,7,ce,,,0.1,78.32,0.6423566617965698,75.54,0.7218567736625672,6.0,81.72,81.72,79.46,0.5962877539753914,-2.779999999999987,0.07950011186599737,181-200
MWM_ClassDist,42,198,3,kd,4.0,77.84,0.1,77.78,0.6712656374216079,77.82,0.6612679198265076,,,,,,0.03999999999999204,-0.009997717595100375,181-200
MWM_ClassDist,42,198,5,kd,6.0,81.72,0.1,77.76,0.6563024227619171,79.94,0.5832680218338966,,,,,,2.1799999999999926,-0.0730344009280205,181-200
MWM_ClassDist,42,198,8,kd,2.0,78.42,0.1,76.44,0.6954558037281037,77.28,0.6662001762866974,,,,,,0.8400000000000034,-0.029255627441406307,181-200
MWM_ClassDist,42,198,1,kd,9.0,78.18,0.1,75.46,0.7346407886981964,77.52,0.6643523345470429,,,,,,2.0600000000000023,-0.07028845415115348,181-200
MWM_ClassDist,42,199,4,ce,,,0.1,77.84,0.654745048904419,78.76,0.6144269186496735,6.0,81.72,81.72,80.26,0.5837705444812775,0.9200000000000017,-0.04031813025474551,181-200
MWM_ClassDist,42,199,8,kd,1.0,77.52,0.1,77.28,0.6662001762866974,76.9,0.6814356478214264,,,,,,-0.37999999999999545,0.01523547153472904,181-200
MWM_ClassDist,42,199,7,kd,2.0,78.42,0.1,75.54,0.7218567736625672,77.58,0.6625653860092163,,,,,,2.039999999999992,-0.05929138765335085,181-200
MWM_ClassDist,42,199,9,kd,6.0,81.72,0.1,78.18,0.6455221272945404,80.32,0.5767917271435261,,,,,,2.1399999999999864,-0.06873040015101428,181-200
MWM_ClassDist,42,199,3,kd,5.0,79.94,0.1,77.82,0.6612679198265076,76.74,0.7024568923950195,,,,,,-1.0799999999999983,0.04118897256851195,181-200
MWM_ClassDist,42,200,2,kd,9.0,80.32,0.010000000000000002,78.42,0.6218159413337707,80.52,0.5649233929634094,,,,,,2.0999999999999943,-0.056892548370361284,181-200
MWM_ClassDist,42,200,1,kd,4.0,78.76,0.1,77.52,0.6643523345470429,75.54,0.7344898290634155,,,,,,-1.9799999999999898,0.07013749451637263,181-200
MWM_ClassDist,42,200,3,ce,,,0.1,76.74,0.7024568923950195,73.52,0.798484395980835,6.0,81.72,81.72,80.56,0.5770314953327179,-3.219999999999999,0.09602750358581547,181-200
MWM_ClassDist,42,200,7,kd,6.0,81.72,0.1,77.58,0.6625653860092163,80.6,0.5482459610462189,,,,,,3.019999999999996,-0.1143194249629974,181-200
MWM_ClassDist,42,200,8,kd,5.0,79.94,0.1,76.9,0.6814356478214264,77.2,0.7009105866193771,,,,,,0.29999999999999716,0.019474938797950703,181-200
MWM_ClassDist,42,201,1,ce,,,0.1,75.54,0.7344898290634155,74.64,0.7351162033557892,6.0,81.72,81.72,79.32,0.6003873506069183,-0.9000000000000057,0.0006263742923736659,201-220
MWM_ClassDist,42,201,4,kd,7.0,80.6,0.1,78.76,0.6144269186496735,79.06,0.6025059889316559,,,,,,0.29999999999999716,-0.011920929718017614,201-220
MWM_ClassDist,42,201,8,kd,9.0,80.32,0.1,77.2,0.7009105866193771,76.96,0.6808268028259278,,,,,,-0.2400000000000091,-0.020083783793449328,201-220
MWM_ClassDist,42,201,3,kd,6.0,81.72,0.1,73.52,0.798484395980835,81.22,0.5504769720077515,,,,,,7.700000000000003,-0.2480074239730835,201-220
MWM_ClassDist,42,201,5,kd,2.0,80.52,0.1,79.94,0.5832680218338966,78.34,0.6361774565458298,,,,,,-1.5999999999999943,0.05290943471193321,201-220
MWM_ClassDist,42,202,4,kd,9.0,80.32,0.1,79.06,0.6025059889316559,78.94,0.6170822064638137,,,,,,-0.12000000000000455,0.014576217532157876,201-220
MWM_ClassDist,42,202,8,kd,6.0,81.72,0.1,76.96,0.6808268028259278,79.48,0.6102144216537475,,,,,,2.5200000000000102,-0.07061238117218027,201-220
MWM_ClassDist,42,202,5,kd,7.0,80.6,0.1,78.34,0.6361774565458298,79.34,0.6181659293174744,,,,,,1.0,-0.018011527228355417,201-220
MWM_ClassDist,42,202,1,ce,,,0.1,74.64,0.7351162033557892,78.5,0.6412094230175018,6.0,81.72,81.72,79.86,0.5784582938194275,3.8599999999999994,-0.09390678033828737,201-220
MWM_ClassDist,42,202,2,kd,3.0,81.22,0.010000000000000002,80.52,0.5649233929634094,81.04,0.5520489440202713,,,,,,0.5200000000000102,-0.012874448943138161,201-220
MWM_ClassDist,42,203,7,ce,,,0.1,80.6,0.5482459610462189,76.4,0.6940484859466552,6.0,81.72,81.72,80.38,0.5718956204891205,-4.199999999999989,0.14580252490043633,201-220
MWM_ClassDist,42,203,4,kd,2.0,81.04,0.010000000000000002,78.94,0.6170822064638137,80.22,0.5656986828327178,,,,,,1.2800000000000011,-0.051383523631095884,201-220
MWM_ClassDist,42,203,8,kd,9.0,80.32,0.1,79.48,0.6102144216537475,78.18,0.6456526868581772,,,,,,-1.2999999999999972,0.03543826520442972,201-220
MWM_ClassDist,42,203,5,kd,6.0,81.72,0.010000000000000002,79.34,0.6181659293174744,80.86,0.5438369290232659,,,,,,1.519999999999996,-0.07432900029420852,201-220
MWM_ClassDist,42,203,1,kd,3.0,81.22,0.1,78.5,0.6412094230175018,80.44,0.5722186392307281,,,,,,1.9399999999999977,-0.0689907837867737,201-220
MWM_ClassDist,42,204,1,kd,2.0,81.04,0.1,80.44,0.5722186392307281,79.46,0.6070961141109467,,,,,,-0.980000000000004,0.03487747488021853,201-220
MWM_ClassDist,42,204,4,ce,,,0.010000000000000002,80.22,0.5656986828327178,82.82,0.4968061576843262,6.0,81.72,81.72,81.94,0.5294183785438538,2.5999999999999943,-0.06889252514839167,201-220
MWM_ClassDist,42,204,9,kd,6.0,81.72,0.1,80.32,0.5767917271435261,80.6,0.5785727435529232,,,,,,0.28000000000000114,0.001781016409397096,201-220
MWM_ClassDist,42,204,8,kd,3.0,81.22,0.1,78.18,0.6456526868581772,78.84,0.6145595308303833,,,,,,0.6599999999999966,-0.031093156027793944,201-220
MWM_ClassDist,42,204,7,kd,5.0,80.86,0.1,76.4,0.6940484859466552,81.04,0.5533351397514343,,,,,,4.640000000000001,-0.1407133461952209,201-220
MWM_ClassDist,42,205,9,kd,3.0,81.22,0.1,80.6,0.5785727435529232,78.62,0.6196123612880706,,,,,,-1.9799999999999898,0.041039617735147416,201-220
MWM_ClassDist,42,205,8,kd,7.0,81.04,0.1,78.84,0.6145595308303833,79.2,0.621757214808464,,,,,,0.35999999999999943,0.007197683978080738,201-220
MWM_ClassDist,42,205,2,kd,4.0,82.82,0.010000000000000002,81.04,0.5520489440202713,82.58,0.514495314526558,,,,,,1.539999999999992,-0.037553629493713325,201-220
MWM_ClassDist,42,205,5,ce,,,0.010000000000000002,80.86,0.5438369290232659,82.22,0.5074501895427704,4.0,82.82,82.82,82.26,0.5214657686948776,1.3599999999999994,-0.03638673948049542,201-220
MWM_ClassDist,42,205,1,kd,6.0,81.72,0.1,79.46,0.6070961141109467,81.08,0.5555856135845184,,,,,,1.6200000000000045,-0.05151050052642825,201-220
MWM_ClassDist,42,206,7,ce,,,0.1,81.04,0.5533351397514343,76.48,0.6826728806972504,4.0,82.82,82.82,80.16,0.5887107073307037,-4.560000000000002,0.12933774094581607,201-220
MWM_ClassDist,42,206,3,kd,4.0,82.82,0.1,81.22,0.5504769720077515,80.82,0.5704597535848618,,,,,,-0.4000000000000057,0.01998278157711031,201-220
MWM_ClassDist,42,206,9,kd,2.0,82.58,0.1,78.62,0.6196123612880706,78.12,0.6641237699508667,,,,,,-0.5,0.044511408662796126,201-220
MWM_ClassDist,42,206,1,kd,6.0,81.72,0.1,81.08,0.5555856135845184,81.04,0.5539777655124665,,,,,,-0.03999999999999204,-0.0016078480720519428,201-220
MWM_ClassDist,42,206,8,kd,5.0,82.22,0.1,79.2,0.621757214808464,80.7,0.575051121211052,,,,,,1.5,-0.04670609359741207,201-220
MWM_ClassDist,42,207,7,ce,,,0.1,76.48,0.6826728806972504,75.68,0.7324757497787475,4.0,82.82,82.82,81.74,0.5416534916877747,-0.7999999999999972,0.049802869081497114,201-220
MWM_ClassDist,42,207,6,kd,4.0,82.82,0.010000000000000002,81.72,0.5207099341392517,82.28,0.5031318781614303,,,,,,0.5600000000000023,-0.01757805597782136,201-220
MWM_ClassDist,42,207,1,kd,5.0,82.22,0.1,81.04,0.5539777655124665,80.56,0.5781489852428436,,,,,,-0.480000000000004,0.02417121973037717,201-220
MWM_ClassDist,42,207,3,kd,2.0,82.58,0.1,80.82,0.5704597535848618,79.86,0.6043747019290924,,,,,,-0.9599999999999937,0.03391494834423059,201-220
MWM_ClassDist,42,207,9,kd,8.0,80.7,0.1,78.12,0.6641237699508667,78.88,0.6269125777244567,,,,,,0.7599999999999909,-0.037211192226410006,201-220
MWM_ClassDist,42,208,9,kd,2.0,82.58,0.1,78.88,0.6269125777244567,80.18,0.5944904453754425,,,,,,1.3000000000000114,-0.032422132349014254,201-220
MWM_ClassDist,42,208,1,kd,4.0,82.82,0.1,80.56,0.5781489852428436,80.36,0.5682267218589783,,,,,,-0.20000000000000284,-0.00992226338386537,201-220
MWM_ClassDist,42,208,3,kd,6.0,82.28,0.1,79.86,0.6043747019290924,81.4,0.5514098315238952,,,,,,1.5400000000000063,-0.05296487040519715,201-220
MWM_ClassDist,42,208,7,kd,5.0,82.22,0.1,75.68,0.7324757497787475,81.46,0.5460588547706604,,,,,,5.779999999999987,-0.1864168950080871,201-220
MWM_ClassDist,42,208,8,ce,,,0.1,80.7,0.575051121211052,74.5,0.7571709633827209,4.0,82.82,82.82,80.02,0.599621504497528,-6.200000000000003,0.182119842171669,201-220
MWM_ClassDist,42,209,1,ce,,,0.1,80.36,0.5682267218589783,74.7,0.7174192284584046,4.0,82.82,82.82,81.08,0.5616815155506134,-5.659999999999997,0.1491925065994263,201-220
MWM_ClassDist,42,209,9,kd,6.0,82.28,0.1,80.18,0.5944904453754425,79.56,0.5821042100906372,,,,,,-0.6200000000000045,-0.012386235284805314,201-220
MWM_ClassDist,42,209,5,kd,4.0,82.82,0.010000000000000002,82.22,0.5074501895427704,82.7,0.5022144236087799,,,,,,0.480000000000004,-0.005235765933990555,201-220
MWM_ClassDist,42,209,3,kd,7.0,81.46,0.1,81.4,0.5514098315238952,80.06,0.6042659788966179,,,,,,-1.3400000000000034,0.052856147372722706,201-220
MWM_ClassDist,42,209,8,kd,2.0,82.58,0.1,74.5,0.7571709633827209,80.54,0.5776939750671387,,,,,,6.040000000000006,-0.17947698831558223,201-220
MWM_ClassDist,42,210,7,kd,4.0,82.82,0.010000000000000002,81.46,0.5460588547706604,82.52,0.502851911175251,,,,,,1.0600000000000023,-0.04320694359540944,201-220
MWM_ClassDist,42,210,9,ce,,,0.1,79.56,0.5821042100906372,74.46,0.7419448724746704,4.0,82.82,82.82,81.18,0.5536564041137695,-5.1000000000000085,0.15984066238403327,201-220
MWM_ClassDist,42,210,3,kd,5.0,82.7,0.1,80.06,0.6042659788966179,80.02,0.5891794061183929,,,,,,-0.04000000000000625,-0.015086572778225005,201-220
MWM_ClassDist,42,210,1,kd,6.0,82.28,0.010000000000000002,74.7,0.7174192284584046,82.2,0.506999417757988,,,,,,7.5,-0.2104198107004166,201-220
MWM_ClassDist,42,210,8,kd,2.0,82.58,0.1,80.54,0.5776939750671387,80.7,0.5838065575242043,,,,,,0.1599999999999966,0.006112582457065585,201-220
MWM_ClassDist,42,211,1,kd,2.0,82.58,0.010000000000000002,82.2,0.506999417757988,82.48,0.505557187128067,,,,,,0.28000000000000114,-0.001442230629920993,201-220
MWM_ClassDist,42,211,8,kd,5.0,82.7,0.1,80.7,0.5838065575242043,81.04,0.5480992800712585,,,,,,0.3400000000000034,-0.035707277452945774,201-220
MWM_ClassDist,42,211,3,kd,7.0,82.52,0.1,80.02,0.5891794061183929,80.6,0.576774344921112,,,,,,0.5799999999999983,-0.012405061197280909,201-220
MWM_ClassDist,42,211,6,ce,,,0.010000000000000002,82.28,0.5031318781614303,82.48,0.5042094201087952,4.0,82.82,82.82,82.5,0.5070792632579804,0.20000000000000284,0.0010775419473648684,201-220
MWM_ClassDist,42,211,9,kd,4.0,82.82,0.1,74.46,0.7419448724746704,80.72,0.5590130036115646,,,,,,6.260000000000005,-0.18293186886310586,201-220
MWM_ClassDist,42,212,1,kd,2.0,82.58,0.010000000000000002,82.48,0.505557187128067,82.54,0.5030644121885299,,,,,,0.060000000000002274,-0.0024927749395370347,201-220
MWM_ClassDist,42,212,6,kd,4.0,82.82,0.010000000000000002,82.48,0.5042094201087952,82.94,0.493558834028244,,,,,,0.45999999999999375,-0.010650586080551194,201-220
MWM_ClassDist,42,212,8,ce,,,0.1,81.04,0.5480992800712585,74.26,0.7459652199745178,4.0,82.82,82.82,80.92,0.5606798758029937,-6.780000000000001,0.1978659399032593,201-220
MWM_ClassDist,42,212,9,kd,7.0,82.52,0.010000000000000002,80.72,0.5590130036115646,82.06,0.5189545100212097,,,,,,1.3400000000000034,-0.04005849359035485,201-220
MWM_ClassDist,42,212,3,kd,5.0,82.7,0.1,80.6,0.576774344921112,80.76,0.5713898035883903,,,,,,0.1600000000000108,-0.005384541332721704,201-220
MWM_ClassDist,42,213,7,ce,,,0.010000000000000002,82.52,0.502851911175251,83.42,0.4757121093392372,6.0,82.94,82.94,82.7,0.5041070770502091,0.9000000000000057,-0.027139801836013777,201-220
MWM_ClassDist,42,213,3,kd,1.0,82.54,0.1,80.76,0.5713898035883903,80.44,0.576656186556816,,,,,,-0.3200000000000074,0.005266382968425742,201-220
MWM_ClassDist,42,213,2,kd,6.0,82.94,0.010000000000000002,82.58,0.514495314526558,82.42,0.5158506167411804,,,,,,-0.1599999999999966,0.0013553022146224336,201-220
MWM_ClassDist,42,213,8,kd,5.0,82.7,0.1,74.26,0.7459652199745178,80.76,0.566371904039383,,,,,,6.5,-0.17959331593513483,201-220
MWM_ClassDist,42,213,9,kd,4.0,82.82,0.010000000000000002,82.06,0.5189545100212097,81.92,0.5136371420383453,,,,,,-0.14000000000000057,-0.005317367982864418,201-220
MWM_ClassDist,42,214,9,ce,,,0.010000000000000002,81.92,0.5136371420383453,83.1,0.4915154333472252,7.0,83.42,83.42,82.76,0.5003685395240783,1.1799999999999926,-0.022121708691120123,201-220
MWM_ClassDist,42,214,2,kd,7.0,83.42,0.010000000000000002,82.42,0.5158506167411804,82.76,0.5097704182624817,,,,,,0.3400000000000034,-0.006080198478698673,201-220
MWM_ClassDist,42,214,3,kd,6.0,82.94,0.1,80.44,0.576656186556816,81.22,0.5523105152606964,,,,,,0.7800000000000011,-0.024345671296119642,201-220
MWM_ClassDist,42,214,1,kd,4.0,82.82,0.010000000000000002,82.54,0.5030644121885299,83.0,0.4978258808851242,,,,,,0.45999999999999375,-0.005238531303405736,201-220
MWM_ClassDist,42,214,8,kd,5.0,82.7,0.1,80.76,0.566371904039383,80.22,0.5806631308555603,,,,,,-0.5400000000000063,0.014291226816177338,201-220
MWM_ClassDist,42,215,2,kd,4.0,82.82,0.010000000000000002,82.76,0.5097704182624817,83.02,0.5008736579656601,,,,,,0.2599999999999909,-0.008896760296821626,201-220
MWM_ClassDist,42,215,3,kd,1.0,83.0,0.1,81.22,0.5523105152606964,80.5,0.5866960473775864,,,,,,-0.7199999999999989,0.034385532116889994,201-220
MWM_ClassDist,42,215,5,ce,,,0.010000000000000002,82.7,0.5022144236087799,82.76,0.48792683711051943,7.0,83.42,83.42,82.66,0.4989318652868271,0.060000000000002274,-0.014287586498260452,201-220
MWM_ClassDist,42,215,6,kd,9.0,83.1,0.010000000000000002,82.94,0.493558834028244,82.88,0.4919226688623428,,,,,,-0.060000000000002274,-0.0016361651659012044,201-220
MWM_ClassDist,42,215,8,kd,7.0,83.42,0.1,80.22,0.5806631308555603,80.84,0.56520110809803,,,,,,0.6200000000000045,-0.01546202275753028,201-220
MWM_ClassDist,42,216,9,ce,,,0.010000000000000002,83.1,0.4915154333472252,83.72,0.47561803288459775,7.0,83.42,83.42,82.94,0.48973121178150175,0.6200000000000045,-0.015897400462627442,201-220
MWM_ClassDist,42,216,5,kd,1.0,83.0,0.010000000000000002,82.76,0.48792683711051943,82.82,0.49486606588363646,,,,,,0.05999999999998806,0.006939228773117034,201-220
MWM_ClassDist,42,216,8,kd,6.0,82.88,0.1,80.84,0.56520110809803,81.18,0.5561722984075547,,,,,,0.3400000000000034,-0.00902880969047537,201-220
MWM_ClassDist,42,216,3,kd,2.0,83.02,0.1,80.5,0.5866960473775864,80.58,0.5920271794557571,,,,,,0.0799999999999983,0.005331132078170708,201-220
MWM_ClassDist,42,216,4,kd,7.0,83.42,0.010000000000000002,82.82,0.4968061576843262,83.44,0.4861357637405396,,,,,,0.6200000000000045,-0.010670393943786605,201-220
MWM_ClassDist,42,217,5,kd,6.0,82.88,0.010000000000000002,82.82,0.49486606588363646,82.9,0.4893429321289062,,,,,,0.0800000000000125,-0.005523133754730236,201-220
MWM_ClassDist,42,217,2,ce,,,0.010000000000000002,83.02,0.5008736579656601,83.4,0.4849724413275719,9.0,83.72,83.72,83.26,0.49549790350198747,0.38000000000000966,-0.01590121663808819,201-220
MWM_ClassDist,42,217,3,kd,9.0,83.72,0.1,80.58,0.5920271794557571,79.06,0.615470780658722,,,,,,-1.519999999999996,0.023443601202964848,201-220
MWM_ClassDist,42,217,1,kd,4.0,83.44,0.010000000000000002,83.0,0.4978258808851242,82.82,0.4978039074063301,,,,,,-0.18000000000000682,-2.1973478794068413e-05,201-220
MWM_ClassDist,42,217,8,kd,7.0,83.42,0.1,81.18,0.5561722984075547,79.86,0.6072914936065674,,,,,,-1.3200000000000074,0.05111919519901276,201-220
MWM_ClassDist,42,218,3,kd,7.0,83.42,0.1,79.06,0.615470780658722,80.92,0.5767931560754777,,,,,,1.8599999999999994,-0.03867762458324431,201-220
MWM_ClassDist,42,218,5,kd,4.0,83.44,0.010000000000000002,82.9,0.4893429321289062,82.82,0.4947083104372025,,,,,,-0.0800000000000125,0.005365378308296254,201-220
MWM_ClassDist,42,218,6,ce,,,0.010000000000000002,82.88,0.4919226688623428,82.88,0.48871510353088377,9.0,83.72,83.72,83.18,0.4864583417534828,0.0,-0.00320756533145905,201-220
MWM_ClassDist,42,218,8,kd,2.0,83.4,0.1,79.86,0.6072914936065674,79.86,0.6133584095478057,,,,,,0.0,0.006066915941238316,201-220
MWM_ClassDist,42,218,1,kd,9.0,83.72,0.010000000000000002,82.82,0.4978039074063301,82.82,0.4936605793118477,,,,,,0.0,-0.0041433280944824236,201-220
MWM_ClassDist,42,219,2,kd,4.0,83.44,0.010000000000000002,83.4,0.4849724413275719,83.12,0.4875963593006134,,,,,,-0.28000000000000114,0.002623917973041512,201-220
MWM_ClassDist,42,219,8,kd,7.0,83.42,0.1,79.86,0.6133584095478057,80.86,0.5776607274770736,,,,,,1.0,-0.035697682070732095,201-220
MWM_ClassDist,42,219,1,kd,6.0,82.88,0.010000000000000002,82.82,0.4936605793118477,82.34,0.5045883150577545,,,,,,-0.47999999999998977,0.010927735745906775,201-220
MWM_ClassDist,42,219,3,ce,,,0.1,80.92,0.5767931560754777,74.52,0.7447110588073731,9.0,83.72,83.72,80.08,0.5975254471778869,-6.400000000000006,0.16791790273189544,201-220
MWM_ClassDist,42,219,5,kd,9.0,83.72,0.010000000000000002,82.82,0.4947083104372025,83.06,0.48340858364105227,,,,,,0.2400000000000091,-0.011299726796150211,201-220
MWM_ClassDist,42,220,4,ce,,,0.010000000000000002,83.44,0.4861357637405396,84.12,0.47114821469783785,9.0,83.72,83.72,83.58,0.4904345368862152,0.6800000000000068,-0.01498754904270172,201-220
MWM_ClassDist,42,220,3,kd,7.0,83.42,0.1,74.52,0.7447110588073731,81.02,0.5563618678092956,,,,,,6.5,-0.18834919099807745,201-220
MWM_ClassDist,42,220,6,kd,5.0,83.06,0.010000000000000002,82.88,0.48871510353088377,83.96,0.4777231727838516,,,,,,1.0799999999999983,-0.010991930747032141,201-220
MWM_ClassDist,42,220,8,kd,2.0,83.12,0.1,80.86,0.5776607274770736,80.58,0.5975601901531219,,,,,,-0.28000000000000114,0.019899462676048252,201-220
MWM_ClassDist,42,220,1,kd,9.0,83.72,0.010000000000000002,82.34,0.5045883150577545,83.58,0.4812094934821129,,,,,,1.2399999999999949,-0.023378821575641584,201-220
MWM_ClassDist,43,1,6,kd,1.0,10.82,0.1,10.32,2.464642674255371,10.68,2.4804565673828125,,,,,,0.35999999999999943,0.015813893127441414,1-20
MWM_ClassDist,43,1,9,ce,,,0.1,7.56,2.469659296798706,40.16,1.6041163084030152,4.0,12.96,12.96,13.32,2.4922505275726317,32.599999999999994,-0.8655429883956909,1-20
MWM_ClassDist,43,1,3,kd,7.0,9.96,0.1,8.78,2.43647321434021,8.58,2.52323840713501,,,,,,-0.1999999999999993,0.08676519279479988,1-20
MWM_ClassDist,43,1,8,kd,4.0,12.96,0.1,10.96,2.4082260131835938,12.74,2.5561782905578614,,,,,,1.7799999999999994,0.14795227737426764,1-20
MWM_ClassDist,43,1,5,kd,2.0,11.42,0.1,9.94,2.5337846519470215,9.94,2.4625846393585205,,,,,,0.0,-0.07120001258850106,1-20
MWM_ClassDist,43,2,6,kd,2.0,11.42,0.1,10.68,2.4804565673828125,10.28,2.450846802902222,,,,,,-0.40000000000000036,-0.029609764480590606,1-20
MWM_ClassDist,43,2,5,kd,4.0,12.96,0.1,9.94,2.4625846393585205,14.44,2.517828770446777,,,,,,4.5,0.055244131088256765,1-20
MWM_ClassDist,43,2,3,ce,,,0.1,8.58,2.52323840713501,33.2,1.7767686687469482,9.0,40.16,40.16,32.72,1.8456225002288817,24.620000000000005,-0.7464697383880616,1-20
MWM_ClassDist,43,2,1,kd,9.0,40.16,0.1,10.82,2.434580908203125,38.04,1.6638452527999879,,,,,,27.22,-0.7707356554031373,1-20
MWM_ClassDist,43,2,7,kd,8.0,12.74,0.1,9.96,2.5575626434326173,13.9,2.694402119064331,,,,,,3.9399999999999995,0.13683947563171373,1-20
MWM_ClassDist,43,3,6,kd,1.0,38.04,0.1,10.28,2.450846802902222,36.18,1.7531334112167358,,,,,,25.9,-0.6977133916854861,1-20
MWM_ClassDist,43,3,7,kd,3.0,33.2,0.1,13.9,2.694402119064331,29.46,1.8727924238204956,,,,,,15.56,-0.8216096952438354,1-20
MWM_ClassDist,43,3,8,ce,,,0.1,12.74,2.5561782905578614,39.32,1.5648740726470947,9.0,40.16,40.16,39.28,1.6344221332550048,26.58,-0.9913042179107667,1-20
MWM_ClassDist,43,3,2,kd,5.0,14.44,0.1,11.42,2.370824634933472,13.72,2.5974680686950684,,,,,,2.3000000000000007,0.22664343376159657,1-20
MWM_ClassDist,43,3,4,kd,9.0,40.16,0.1,12.96,2.454688126754761,36.02,1.727015075111389,,,,,,23.060000000000002,-0.7276730516433718,1-20
MWM_ClassDist,43,4,7,ce,,,0.1,29.46,1.8727924238204956,41.54,1.5306859491348266,9.0,40.16,40.16,37.22,1.69008812084198,12.079999999999998,-0.342106474685669,1-20
MWM_ClassDist,43,4,1,kd,8.0,39.32,0.1,38.04,1.6638452527999879,38.56,1.638000611114502,,,,,,0.5200000000000031,-0.025844641685485836,1-20
MWM_ClassDist,43,4,5,kd,4.0,36.02,0.1,14.44,2.517828770446777,32.88,1.8468443107604982,,,,,,18.440000000000005,-0.6709844596862791,1-20
MWM_ClassDist,43,4,2,kd,9.0,40.16,0.1,13.72,2.5974680686950684,36.04,1.7658875123977662,,,,,,22.32,-0.8315805562973022,1-20
MWM_ClassDist,43,4,3,kd,6.0,36.18,0.1,33.2,1.7767686687469482,35.96,1.8077863384246826,,,,,,2.759999999999998,0.03101766967773445,1-20
MWM_ClassDist,43,5,3,kd,7.0,41.54,0.1,35.96,1.8077863384246826,38.86,1.6068354181289672,,,,,,2.8999999999999986,-0.20095092029571537,1-20
MWM_ClassDist,43,5,4,kd,1.0,38.56,0.1,36.02,1.727015075111389,38.1,1.6718017894744872,,,,,,2.0799999999999983,-0.055213285636901865,1-20
MWM_ClassDist,43,5,2,ce,,,0.1,36.04,1.7658875123977662,47.6,1.413425638961792,7.0,41.54,41.54,40.88,1.5583595668792725,11.560000000000002,-0.3524618734359741,1-20
MWM_ClassDist,43,5,6,kd,8.0,39.32,0.1,36.18,1.7531334112167358,36.22,1.6866694782257081,,,,,,0.03999999999999915,-0.06646393299102771,1-20
MWM_ClassDist,43,5,5,kd,9.0,40.16,0.1,32.88,1.8468443107604982,39.72,1.6176486181259155,,,,,,6.839999999999996,-0.22919569263458262,1-20
MWM_ClassDist,43,6,4,kd,9.0,40.16,0.1,38.1,1.6718017894744872,39.14,1.6503438865661622,,,,,,1.0399999999999991,-0.021457902908325055,1-20
MWM_ClassDist,43,6,3,ce,,,0.1,38.86,1.6068354181289672,46.32,1.4676860721588134,2.0,47.6,47.6,41.7,1.5867876195907593,7.460000000000001,-0.13914934597015383,1-20
MWM_ClassDist,43,6,1,kd,5.0,39.72,0.1,38.56,1.638000611114502,39.38,1.6576217428207398,,,,,,0.8200000000000003,0.019621131706237804,1-20
MWM_ClassDist,43,6,6,kd,7.0,41.54,0.1,36.22,1.6866694782257081,39.6,1.6050304893493652,,,,,,3.3800000000000026,-0.08163898887634291,1-20
MWM_ClassDist,43,6,8,kd,2.0,47.6,0.1,39.32,1.5648740726470947,45.18,1.519242769241333,,,,,,5.859999999999999,-0.0456313034057616,1-20
MWM_ClassDist,43,7,6,kd,2.0,47.6,0.1,39.6,1.6050304893493652,44.68,1.476121322631836,,,,,,5.079999999999998,-0.12890916671752928,1-20
MWM_ClassDist,43,7,4,ce,,,0.1,39.14,1.6503438865661622,50.54,1.3581293497085571,2.0,47.6,47.6,45.32,1.4884183195114136,11.399999999999999,-0.292214536857605,1-20
MWM_ClassDist,43,7,5,kd,7.0,41.54,0.1,39.72,1.6176486181259155,38.34,1.6613770942687989,,,,,,-1.3799999999999955,0.04372847614288333,1-20
MWM_ClassDist,43,7,9,kd,8.0,45.18,0.1,40.16,1.6041163084030152,43.48,1.5846366510391234,,,,,,3.3200000000000003,-0.01947965736389179,1-20
MWM_ClassDist,43,7,1,kd,3.0,46.32,0.1,39.38,1.6576217428207398,37.44,1.8481983003616334,,,,,,-1.9400000000000048,0.19057655754089353,1-20
MWM_ClassDist,43,8,8,kd,3.0,46.32,0.1,45.18,1.519242769241333,44.94,1.4946238746643066,,,,,,-0.240000000000002,-0.024618894577026484,1-20
MWM_ClassDist,43,8,9,ce,,,0.1,43.48,1.5846366510391234,51.3,1.3611907567977906,4.0,50.54,50.54,48.64,1.4142798692703247,7.82,-0.22344589424133288,1-20
MWM_ClassDist,43,8,5,kd,4.0,50.54,0.1,38.34,1.6613770942687989,48.24,1.413968257713318,,,,,,9.899999999999999,-0.24740883655548096,1-20
MWM_ClassDist,43,8,7,kd,2.0,47.6,0.1,41.54,1.5306859491348266,47.24,1.433597116470337,,,,,,5.700000000000003,-0.09708883266448964,1-20
MWM_ClassDist,43,8,1,kd,6.0,44.68,0.1,37.44,1.8481983003616334,45.6,1.4975374284744263,,,,,,8.160000000000004,-0.35066087188720707,1-20
MWM_ClassDist,43,9,7,ce,,,0.1,47.24,1.433597116470337,49.24,1.3785086767196655,9.0,51.3,51.3,48.76,1.4570877988815307,2.0,-0.05508843975067146,1-20
MWM_ClassDist,43,9,8,kd,5.0,48.24,0.1,44.94,1.4946238746643066,47.08,1.4831949306488037,,,,,,2.1400000000000006,-0.011428944015502873,1-20
MWM_ClassDist,43,9,2,kd,4.0,50.54,0.1,47.6,1.413425638961792,47.74,1.4219197002410888,,,,,,0.14000000000000057,0.00849406127929675,1-20
MWM_ClassDist,43,9,6,kd,3.0,46.32,0.1,44.68,1.476121322631836,42.52,1.5781988237380982,,,,,,-2.1599999999999966,0.10207750110626224,1-20
MWM_ClassDist,43,9,1,kd,9.0,51.3,0.1,45.6,1.4975374284744263,49.78,1.4664585319519043,,,,,,4.18,-0.031078896522521937,1-20
MWM_ClassDist,43,10,9,ce,,,0.1,51.3,1.3611907567977906,54.42,1.2709625574111938,4.0,50.54,50.54,45.3,1.5397754537582398,3.1200000000000045,-0.09022819938659676,1-20
MWM_ClassDist,43,10,5,kd,1.0,49.78,0.1,48.24,1.413968257713318,48.4,1.49919758644104,,,,,,0.1599999999999966,0.08522932872772215,1-20
MWM_ClassDist,43,10,6,kd,4.0,50.54,0.1,42.52,1.5781988237380982,47.32,1.4466960430145264,,,,,,4.799999999999997,-0.1315027807235718,1-20
MWM_ClassDist,43,10,3,kd,8.0,47.08,0.1,46.32,1.4676860721588134,12.52,12.620107325744629,,,,,,-33.8,11.152421253585816,1-20
MWM_ClassDist,43,10,2,kd,7.0,49.24,0.1,47.74,1.4219197002410888,46.42,1.5305977529525756,,,,,,-1.3200000000000003,0.10867805271148678,1-20
MWM_ClassDist,43,11,8,kd,1.0,49.78,0.1,47.08,1.4831949306488037,48.74,1.5584505006790161,,,,,,1.6600000000000037,0.07525557003021244,1-20
MWM_ClassDist,43,11,5,kd,4.0,50.54,0.1,48.4,1.49919758644104,49.04,1.3963725250244141,,,,,,0.6400000000000006,-0.10282506141662595,1-20
MWM_ClassDist,43,11,3,ce,,,0.1,12.52,12.620107325744629,34.64,1.7407768180847167,9.0,54.42,54.42,42.08,1.6163861373901367,22.12,-10.879330507659912,1-20
MWM_ClassDist,43,11,7,kd,9.0,54.42,0.1,49.24,1.3785086767196655,51.62,1.3620835855484008,,,,,,2.3799999999999955,-0.016425091171264672,1-20
MWM_ClassDist,43,11,2,kd,6.0,47.32,0.1,46.42,1.5305977529525756,46.32,1.4642658500671386,,,,,,-0.10000000000000142,-0.066331902885437,1-20
MWM_ClassDist,43,12,8,kd,4.0,50.54,0.1,48.74,1.5584505006790161,48.38,1.432054817199707,,,,,,-0.35999999999999943,-0.12639568347930918,1-20
MWM_ClassDist,43,12,2,kd,7.0,51.62,0.1,46.32,1.4642658500671386,46.92,1.5622982357025146,,,,,,0.6000000000000014,0.09803238563537597,1-20
MWM_ClassDist,43,12,5,kd,1.0,49.78,0.1,49.04,1.3963725250244141,49.04,1.441547561264038,,,,,,0.0,0.045175036239623934,1-20
MWM_ClassDist,43,12,3,ce,,,0.1,34.64,1.7407768180847167,46.42,1.4763562049865722,9.0,54.42,54.42,44.46,1.5342068899154664,11.780000000000001,-0.2644206130981446,1-20
MWM_ClassDist,43,12,6,kd,9.0,54.42,0.1,47.32,1.4466960430145264,49.52,1.4210852495193482,,,,,,2.200000000000003,-0.02561079349517814,1-20
MWM_ClassDist,43,13,8,kd,7.0,51.62,0.1,48.38,1.432054817199707,49.26,1.4365749521255493,,,,,,0.8799999999999955,0.004520134925842356,1-20
MWM_ClassDist,43,13,1,kd,4.0,50.54,0.1,49.78,1.4664585319519043,48.02,1.4141142475128174,,,,,,-1.759999999999998,-0.0523442844390869,1-20
MWM_ClassDist,43,13,2,ce,,,0.1,46.92,1.5622982357025146,57.34,1.2621778577804565,9.0,54.42,54.42,53.64,1.3136687349319458,10.420000000000002,-0.30012037792205803,1-20
MWM_ClassDist,43,13,3,kd,9.0,54.42,0.1,46.42,1.4763562049865722,45.38,1.5497463918685912,,,,,,-1.0399999999999991,0.07339018688201904,1-20
MWM_ClassDist,43,13,5,kd,6.0,49.52,0.1,49.04,1.441547561264038,47.3,1.4674442928314209,,,,,,-1.740000000000002,0.025896731567382814,1-20
MWM_ClassDist,43,14,3,kd,8.0,49.26,0.1,45.38,1.5497463918685912,46.8,1.48960869140625,,,,,,1.4199999999999946,-0.060137700462341126,1-20
MWM_ClassDist,43,14,4,kd,9.0,54.42,0.1,50.54,1.3581293497085571,54.02,1.2770825143814086,,,,,,3.480000000000004,-0.08104683532714851,1-20
MWM_ClassDist,43,14,1,kd,7.0,51.62,0.1,48.02,1.4141142475128174,50.96,1.4001298709869385,,,,,,2.9399999999999977,-0.013984376525878917,1-20
MWM_ClassDist,43,14,6,kd,2.0,57.34,0.1,49.52,1.4210852495193482,54.32,1.370017691040039,,,,,,4.799999999999997,-0.051067558479309216,1-20
MWM_ClassDist,43,14,5,ce,,,0.1,47.3,1.4674442928314209,59.6,1.1538083343505858,2.0,57.34,57.34,54.38,1.4556306812286377,12.300000000000004,-0.31363595848083503,1-20
MWM_ClassDist,43,15,7,kd,2.0,57.34,0.1,51.62,1.3620835855484008,54.84,1.388126180267334,,,,,,3.220000000000006,0.02604259471893311,1-20
MWM_ClassDist,43,15,1,kd,4.0,54.02,0.1,50.96,1.4001298709869385,50.64,1.3787656810760498,,,,,,-0.3200000000000003,-0.02136418991088873,1-20
MWM_ClassDist,43,15,8,ce,,,0.1,49.26,1.4365749521255493,54.1,1.3164605508804321,5.0,59.6,59.6,57.26,1.2177608339309693,4.840000000000003,-0.12011440124511719,1-20
MWM_ClassDist,43,15,6,kd,9.0,54.42,0.1,54.32,1.370017691040039,51.6,1.3597781679153442,,,,,,-2.719999999999999,-0.010239523124694783,1-20
MWM_ClassDist,43,15,3,kd,5.0,59.6,0.1,46.8,1.48960869140625,48.86,1.5257869075775146,,,,,,2.0600000000000023,0.03617821617126449,1-20
MWM_ClassDist,43,16,4,kd,7.0,54.84,0.1,54.02,1.2770825143814086,53.26,1.4964592559814454,,,,,,-0.7600000000000051,0.21937674160003673,1-20
MWM_ClassDist,43,16,6,kd,2.0,57.34,0.1,51.6,1.3597781679153442,55.3,1.3390356700897217,,,,,,3.6999999999999957,-0.02074249782562254,1-20
MWM_ClassDist,43,16,3,kd,8.0,54.1,0.1,48.86,1.5257869075775146,52.2,1.4093992444992065,,,,,,3.3400000000000034,-0.11638766307830806,1-20
MWM_ClassDist,43,16,1,kd,5.0,59.6,0.1,50.64,1.3787656810760498,56.86,1.2754603372573852,,,,,,6.219999999999999,-0.10330534381866463,1-20
MWM_ClassDist,43,16,9,ce,,,0.1,54.42,1.2709625574111938,59.88,1.129561675453186,5.0,59.6,59.6,55.98,1.284008562850952,5.460000000000001,-0.1414008819580077,1-20
MWM_ClassDist,43,17,4,ce,,,0.1,53.26,1.4964592559814454,61.4,1.0905468727111816,9.0,59.88,59.88,57.68,1.2175131383895874,8.14,-0.4059123832702638,1-20
MWM_ClassDist,43,17,8,kd,1.0,56.86,0.1,54.1,1.3164605508804321,56.28,1.3579740915298462,,,,,,2.1799999999999997,0.04151354064941404,1-20
MWM_ClassDist,43,17,7,kd,5.0,59.6,0.1,54.84,1.388126180267334,57.04,1.220501301574707,,,,,,2.1999999999999957,-0.16762487869262688,1-20
MWM_ClassDist,43,17,3,kd,2.0,57.34,0.1,52.2,1.4093992444992065,51.78,1.5452285507202148,,,,,,-0.4200000000000017,0.1358293062210083,1-20
MWM_ClassDist,43,17,6,kd,9.0,59.88,0.1,55.3,1.3390356700897217,57.86,1.2190622678756713,,,,,,2.5600000000000023,-0.1199734022140504,1-20
MWM_ClassDist,43,18,1,ce,,,0.1,56.86,1.2754603372573852,60.7,1.117567584991455,4.0,61.4,61.4,58.34,1.1803699838638306,3.8400000000000034,-0.15789275226593014,1-20
MWM_ClassDist,43,18,3,kd,4.0,61.4,0.1,51.78,1.5452285507202148,57.86,1.199112430667877,,,,,,6.079999999999998,-0.3461161200523377,1-20
MWM_ClassDist,43,18,6,kd,5.0,59.6,0.1,57.86,1.2190622678756713,58.66,1.1845843288421631,,,,,,0.7999999999999972,-0.034477939033508154,1-20
MWM_ClassDist,43,18,7,kd,9.0,59.88,0.1,57.04,1.220501301574707,58.3,1.185749976348877,,,,,,1.259999999999998,-0.03475132522583002,1-20
MWM_ClassDist,43,18,8,kd,2.0,57.34,0.1,56.28,1.3579740915298462,55.94,1.3221431076049805,,,,,,-0.3400000000000034,-0.03583098392486561,1-20
MWM_ClassDist,43,19,8,kd,1.0,60.7,0.1,55.94,1.3221431076049805,60.02,1.1685438722610473,,,,,,4.080000000000005,-0.15359923534393327,1-20
MWM_ClassDist,43,19,6,kd,4.0,61.4,0.1,58.66,1.1845843288421631,60.82,1.1157641952514648,,,,,,2.1600000000000037,-0.06882013359069838,1-20
MWM_ClassDist,43,19,2,ce,,,0.1,57.34,1.2621778577804565,61.98,1.0705510375976564,4.0,61.4,61.4,59.66,1.1412318809509276,4.6399999999999935,-0.1916268201828002,1-20
MWM_ClassDist,43,19,3,kd,9.0,59.88,0.1,57.86,1.199112430667877,55.52,1.2682327919006349,,,,,,-2.3399999999999963,0.06912036123275778,1-20
MWM_ClassDist,43,19,7,kd,5.0,59.6,0.1,58.3,1.185749976348877,59.04,1.1566000686645508,,,,,,0.740000000000002,-0.029149907684326237,1-20
MWM_ClassDist,43,20,3,kd,1.0,60.7,0.1,55.52,1.2682327919006349,58.66,1.190952279663086,,,,,,3.1399999999999935,-0.07728051223754884,1-20
MWM_ClassDist,43,20,9,kd,4.0,61.4,0.1,59.88,1.129561675453186,61.28,1.102120751953125,,,,,,1.3999999999999986,-0.027440923500061,1-20
MWM_ClassDist,43,20,7,kd,8.0,60.02,0.1,59.04,1.1566000686645508,59.06,1.2257974216461183,,,,,,0.020000000000003126,0.06919735298156748,1-20
MWM_ClassDist,43,20,6,ce,,,0.1,60.82,1.1157641952514648,61.12,1.1178180295944213,2.0,61.98,61.98,59.86,1.1217724936485292,0.29999999999999716,0.002053834342956584,1-20
MWM_ClassDist,43,20,5,kd,2.0,61.98,0.1,59.6,1.1538083343505858,60.96,1.1138423807144164,,,,,,1.3599999999999994,-0.03996595363616939,1-20
MWM_ClassDist,43,21,7,ce,,,0.1,59.06,1.2257974216461183,62.92,1.0618131731987,2.0,61.98,61.98,59.8,1.1911557090759277,3.8599999999999994,-0.16398424844741832,21-40
MWM_ClassDist,43,21,1,kd,2.0,61.98,0.1,60.7,1.117567584991455,58.42,1.1789855451583862,,,,,,-2.280000000000001,0.06141796016693113,21-40
MWM_ClassDist,43,21,5,kd,4.0,61.4,0.1,60.96,1.1138423807144164,59.3,1.1577235473632812,,,,,,-1.6600000000000037,0.04388116664886477,21-40
MWM_ClassDist,43,21,8,kd,9.0,61.28,0.1,60.02,1.1685438722610473,61.02,1.1199347260475159,,,,,,1.0,-0.04860914621353141,21-40
MWM_ClassDist,43,21,3,kd,6.0,61.12,0.1,58.66,1.190952279663086,55.58,1.3076268604278565,,,,,,-3.0799999999999983,0.11667458076477044,21-40
MWM_ClassDist,43,22,3,kd,4.0,61.4,0.1,55.58,1.3076268604278565,58.98,1.1667288611412048,,,,,,3.3999999999999986,-0.1408979992866517,21-40
MWM_ClassDist,43,22,1,kd,7.0,62.92,0.1,58.42,1.1789855451583862,62.1,1.1119121862411498,,,,,,3.6799999999999997,-0.06707335891723631,21-40
MWM_ClassDist,43,22,5,ce,,,0.1,59.3,1.1577235473632812,62.32,1.117792303276062,7.0,62.92,62.92,62.7,1.0687172271728516,3.020000000000003,-0.039931244087219264,21-40
MWM_ClassDist,43,22,8,kd,2.0,61.98,0.1,61.02,1.1199347260475159,60.68,1.110837289237976,,,,,,-0.3400000000000034,-0.009097436809539783,21-40
MWM_ClassDist,43,22,6,kd,9.0,61.28,0.1,61.12,1.1178180295944213,62.42,1.0791847455978394,,,,,,1.3000000000000043,-0.038633283996581946,21-40
MWM_ClassDist,43,23,4,kd,5.0,62.32,0.1,61.4,1.0905468727111816,58.74,1.2729057341575623,,,,,,-2.6599999999999966,0.1823588614463807,21-40
MWM_ClassDist,43,23,8,kd,1.0,62.1,0.1,60.68,1.110837289237976,61.38,1.1385724010467528,,,,,,0.7000000000000028,0.027735111808776747,21-40
MWM_ClassDist,43,23,3,ce,,,0.1,58.98,1.1667288611412048,60.92,1.09187036113739,7.0,62.92,62.92,60.6,1.1231932168960572,1.9400000000000048,-0.07485850000381467,21-40
MWM_ClassDist,43,23,9,kd,2.0,61.98,0.1,61.28,1.102120751953125,61.04,1.1325148679733277,,,,,,-0.240000000000002,0.03039411602020259,21-40
MWM_ClassDist,43,23,6,kd,7.0,62.92,0.1,62.42,1.0791847455978394,62.0,1.0852544981002807,,,,,,-0.4200000000000017,0.00606975250244135,21-40
MWM_ClassDist,43,24,2,kd,6.0,62.0,0.1,61.98,1.0705510375976564,61.38,1.1140841526031495,,,,,,-0.5999999999999943,0.04353311500549317,21-40
MWM_ClassDist,43,24,3,ce,,,0.1,60.92,1.09187036113739,62.5,1.0477939725875856,7.0,62.92,62.92,59.72,1.173858791732788,1.5799999999999983,-0.04407638854980456,21-40
MWM_ClassDist,43,24,9,kd,8.0,61.38,0.1,61.04,1.1325148679733277,60.58,1.1511985525131225,,,,,,-0.46000000000000085,0.018683684539794854,21-40
MWM_ClassDist,43,24,5,kd,7.0,62.92,0.1,62.32,1.117792303276062,61.44,1.12608823223114,,,,,,-0.8800000000000026,0.008295928955078136,21-40
MWM_ClassDist,43,24,4,kd,1.0,62.1,0.1,58.74,1.2729057341575623,59.52,1.2159412187576295,,,,,,0.7800000000000011,-0.05696451539993275,21-40
MWM_ClassDist,43,25,8,kd,3.0,62.5,0.1,61.38,1.1385724010467528,62.18,1.0835163146972657,,,,,,0.7999999999999972,-0.05505608634948711,21-40
MWM_ClassDist,43,25,4,ce,,,0.1,59.52,1.2159412187576295,62.74,1.050331440639496,7.0,62.92,62.92,61.8,1.1036705572128296,3.219999999999999,-0.1656097781181336,21-40
MWM_ClassDist,43,25,2,kd,1.0,62.1,0.1,61.38,1.1140841526031495,59.9,1.1971973594665528,,,,,,-1.480000000000004,0.08311320686340329,21-40
MWM_ClassDist,43,25,5,kd,6.0,62.0,0.1,61.44,1.12608823223114,60.06,1.1398108011245727,,,,,,-1.3799999999999955,0.013722568893432596,21-40
MWM_ClassDist,43,25,9,kd,7.0,62.92,0.1,60.58,1.1511985525131225,61.92,1.105579264831543,,,,,,1.3400000000000034,-0.04561928768157952,21-40
MWM_ClassDist,43,26,9,kd,4.0,62.74,0.1,61.92,1.105579264831543,60.28,1.13297875289917,,,,,,-1.6400000000000006,0.02739948806762693,21-40
MWM_ClassDist,43,26,8,kd,7.0,62.92,0.1,62.18,1.0835163146972657,60.96,1.169009603691101,,,,,,-1.2199999999999989,0.08549328899383535,21-40
MWM_ClassDist,43,26,2,ce,,,0.1,59.9,1.1971973594665528,63.72,1.0436695633888244,7.0,62.92,62.92,58.02,1.2744259979248047,3.8200000000000003,-0.15352779607772837,21-40
MWM_ClassDist,43,26,5,kd,1.0,62.1,0.1,60.06,1.1398108011245727,61.2,1.1469636198043822,,,,,,1.1400000000000006,0.007152818679809547,21-40
MWM_ClassDist,43,26,6,kd,3.0,62.5,0.1,62.0,1.0852544981002807,61.82,1.0842232655525208,,,,,,-0.17999999999999972,-0.0010312325477599416,21-40
MWM_ClassDist,43,27,4,kd,7.0,62.92,0.1,62.74,1.050331440639496,63.32,1.0509040040016175,,,,,,0.5799999999999983,0.0005725633621216364,21-40
MWM_ClassDist,43,27,9,kd,3.0,62.5,0.1,60.28,1.13297875289917,61.14,1.1149047637939453,,,,,,0.8599999999999994,-0.01807398910522462,21-40
MWM_ClassDist,43,27,6,kd,1.0,62.1,0.1,61.82,1.0842232655525208,59.82,1.2288713970184326,,,,,,-2.0,0.14464813146591182,21-40
MWM_ClassDist,43,27,5,ce,,,0.1,61.2,1.1469636198043822,65.72,0.9878705955505371,2.0,63.72,63.72,61.18,1.1416105800628662,4.519999999999996,-0.15909302425384508,21-40
MWM_ClassDist,43,27,8,kd,2.0,63.72,0.1,60.96,1.169009603691101,61.3,1.126728170490265,,,,,,0.3399999999999963,-0.042281433200836105,21-40
MWM_ClassDist,43,28,8,kd,5.0,65.72,0.1,61.3,1.126728170490265,65.2,1.0037118298530578,,,,,,3.9000000000000057,-0.12301634063720712,21-40
MWM_ClassDist,43,28,1,kd,3.0,62.5,0.1,62.1,1.1119121862411498,62.68,1.0542853474617004,,,,,,0.5799999999999983,-0.05762683877944941,21-40
MWM_ClassDist,43,28,4,kd,2.0,63.72,0.1,63.32,1.0509040040016175,63.86,1.0540698606491088,,,,,,0.5399999999999991,0.0031658566474912497,21-40
MWM_ClassDist,43,28,9,kd,7.0,62.92,0.1,61.14,1.1149047637939453,62.54,1.061831425666809,,,,,,1.3999999999999986,-0.053073338127136216,21-40
MWM_ClassDist,43,28,6,ce,,,0.1,59.82,1.2288713970184326,63.02,1.104966469192505,5.0,65.72,65.72,61.62,1.15174175491333,3.200000000000003,-0.12390492782592766,21-40
MWM_ClassDist,43,29,1,kd,7.0,62.92,0.1,62.68,1.0542853474617004,59.4,1.1888396574020386,,,,,,-3.280000000000001,0.13455430994033812,21-40
MWM_ClassDist,43,29,6,kd,4.0,63.86,0.1,63.02,1.104966469192505,63.02,1.0895933066368102,,,,,,0.0,-0.015373162555694764,21-40
MWM_ClassDist,43,29,2,ce,,,0.1,63.72,1.0436695633888244,66.32,0.9759098991394043,5.0,65.72,65.72,64.62,1.040902805328369,2.5999999999999943,-0.06775966424942015,21-40
MWM_ClassDist,43,29,9,kd,8.0,65.2,0.1,62.54,1.061831425666809,62.66,1.0908204385757447,,,,,,0.11999999999999744,0.02898901290893563,21-40
MWM_ClassDist,43,29,3,kd,5.0,65.72,0.1,62.5,1.0477939725875856,61.72,1.133134278011322,,,,,,-0.7800000000000011,0.0853403054237365,21-40
MWM_ClassDist,43,30,6,kd,2.0,66.32,0.1,63.02,1.0895933066368102,66.9,0.9638376331329346,,,,,,3.8800000000000026,-0.12575567350387562,21-40
MWM_ClassDist,43,30,1,kd,8.0,65.2,0.1,59.4,1.1888396574020386,64.0,1.0946890559196472,,,,,,4.600000000000001,-0.0941506014823914,21-40
MWM_ClassDist,43,30,3,ce,,,0.1,61.72,1.133134278011322,62.54,1.0666790433883666,2.0,66.32,66.32,64.96,0.9911419380187988,0.8200000000000003,-0.06645523462295544,21-40
MWM_ClassDist,43,30,9,kd,7.0,62.92,0.1,62.66,1.0908204385757447,59.96,1.240179746246338,,,,,,-2.6999999999999957,0.14935930767059324,21-40
MWM_ClassDist,43,30,4,kd,5.0,65.72,0.1,63.86,1.0540698606491088,62.5,1.1221090068817139,,,,,,-1.3599999999999994,0.0680391462326051,21-40
MWM_ClassDist,43,31,4,ce,,,0.1,62.5,1.1221090068817139,67.58,0.9544337755203247,6.0,66.9,66.9,65.78,0.9973031224250793,5.079999999999998,-0.16767523136138918,21-40
MWM_ClassDist,43,31,9,kd,6.0,66.9,0.1,59.96,1.240179746246338,64.04,1.0480905972480774,,,,,,4.080000000000005,-0.19208914899826057,21-40
MWM_ClassDist,43,31,5,kd,2.0,66.32,0.1,65.72,0.9878705955505371,64.76,1.0378374336242675,,,,,,-0.9599999999999937,0.04996683807373037,21-40
MWM_ClassDist,43,31,3,kd,1.0,64.0,0.1,62.54,1.0666790433883666,62.86,1.0940838934898376,,,,,,0.3200000000000003,0.02740485010147098,21-40
MWM_ClassDist,43,31,7,kd,8.0,65.2,0.1,62.92,1.0618131731987,64.66,1.0283134855270386,,,,,,1.7399999999999949,-0.03349968767166134,21-40
MWM_ClassDist,43,32,7,ce,,,0.1,64.66,1.0283134855270386,67.24,0.9318931487083435,4.0,67.58,67.58,64.1,1.0730119364738464,2.5799999999999983,-0.09642033681869511,21-40
MWM_ClassDist,43,32,1,kd,2.0,66.32,0.1,64.0,1.0946890559196472,63.64,1.0529207765579223,,,,,,-0.35999999999999943,-0.04176827936172489,21-40
MWM_ClassDist,43,32,8,kd,6.0,66.9,0.1,65.2,1.0037118298530578,65.1,1.027860308933258,,,,,,-0.10000000000000853,0.024148479080200236,21-40
MWM_ClassDist,43,32,5,kd,4.0,67.58,0.1,64.76,1.0378374336242675,68.14,0.9568840790748596,,,,,,3.3799999999999955,-0.08095335454940789,21-40
MWM_ClassDist,43,32,3,kd,9.0,64.04,0.1,62.86,1.0940838934898376,63.92,1.0608094308853149,,,,,,1.0600000000000023,-0.033274462604522714,21-40
MWM_ClassDist,43,33,1,ce,,,0.1,63.64,1.0529207765579223,64.56,1.025372422504425,5.0,68.14,68.14,64.72,1.049872638130188,0.9200000000000017,-0.027548354053497315,21-40
MWM_ClassDist,43,33,9,kd,7.0,67.24,0.1,64.04,1.0480905972480774,65.46,0.9996359422683716,,,,,,1.4199999999999875,-0.0484546549797058,21-40
MWM_ClassDist,43,33,8,kd,4.0,67.58,0.1,65.1,1.027860308933258,62.3,1.1483667436599732,,,,,,-2.799999999999997,0.12050643472671507,21-40
MWM_ClassDist,43,33,3,kd,6.0,66.9,0.1,63.92,1.0608094308853149,66.02,0.9813664194107056,,,,,,2.0999999999999943,-0.0794430114746093,21-40
MWM_ClassDist,43,33,2,kd,5.0,68.14,0.1,66.32,0.9759098991394043,68.14,0.9642704153060913,,,,,,1.8200000000000074,-0.011639483833313036,21-40
MWM_ClassDist,43,34,8,ce,,,0.1,62.3,1.1483667436599732,62.64,1.1313091047286987,5.0,68.14,68.14,66.66,1.0131960653305054,0.3400000000000034,-0.017057638931274433,21-40
MWM_ClassDist,43,34,6,kd,7.0,67.24,0.1,66.9,0.9638376331329346,65.12,1.020838838005066,,,,,,-1.7800000000000011,0.05700120487213134,21-40
MWM_ClassDist,43,34,9,kd,2.0,68.14,0.1,65.46,0.9996359422683716,64.48,1.1014246713638305,,,,,,-0.9799999999999898,0.10178872909545889,21-40
MWM_ClassDist,43,34,1,kd,4.0,67.58,0.1,64.56,1.025372422504425,65.8,1.0342417320251465,,,,,,1.2399999999999949,0.008869309520721513,21-40
MWM_ClassDist,43,34,3,kd,5.0,68.14,0.1,66.02,0.9813664194107056,65.56,1.0351489301681518,,,,,,-0.45999999999999375,0.05378251075744622,21-40
MWM_ClassDist,43,35,7,kd,4.0,67.58,0.1,67.24,0.9318931487083435,65.08,1.0152431511878968,,,,,,-2.1599999999999966,0.08335000247955326,21-40
MWM_ClassDist,43,35,9,ce,,,0.1,64.48,1.1014246713638305,67.28,0.9417189697265625,5.0,68.14,68.14,65.2,1.0481771445274353,2.799999999999997,-0.15970570163726794,21-40
MWM_ClassDist,43,35,6,kd,5.0,68.14,0.1,65.12,1.020838838005066,66.62,1.0120841930389404,,,,,,1.5,-0.008754644966125547,21-40
MWM_ClassDist,43,35,3,kd,1.0,65.8,0.1,65.56,1.0351489301681518,65.96,1.0213169139862062,,,,,,0.3999999999999915,-0.013832016181945628,21-40
MWM_ClassDist,43,35,8,kd,2.0,68.14,0.1,62.64,1.1313091047286987,66.54,1.0352828775405885,,,,,,3.9000000000000057,-0.09602622718811027,21-40
MWM_ClassDist,43,36,3,kd,8.0,66.54,0.1,65.96,1.0213169139862062,63.42,1.1714737606048584,,,,,,-2.539999999999992,0.15015684661865225,21-40
MWM_ClassDist,43,36,1,kd,5.0,68.14,0.1,65.8,1.0342417320251465,65.32,1.0615002147674562,,,,,,-0.480000000000004,0.027258482742309686,21-40
MWM_ClassDist,43,36,6,ce,,,0.1,66.62,1.0120841930389404,65.7,0.9764329364776612,5.0,68.14,68.14,65.98,1.0305041243553161,-0.9200000000000017,-0.03565125656127921,21-40
MWM_ClassDist,43,36,7,kd,2.0,68.14,0.1,65.08,1.0152431511878968,67.08,0.9857163373947143,,,,,,2.0,-0.02952681379318245,21-40
MWM_ClassDist,43,36,9,kd,4.0,67.58,0.1,67.28,0.9417189697265625,66.98,0.985699887561798,,,,,,-0.29999999999999716,0.0439809178352355,21-40
MWM_ClassDist,43,37,4,kd,5.0,68.14,0.1,67.58,0.9544337755203247,65.78,1.0611176271438598,,,,,,-1.7999999999999972,0.10668385162353511,21-40
MWM_ClassDist,43,37,1,kd,7.0,67.08,0.1,65.32,1.0615002147674562,65.58,1.0650913389205932,,,,,,0.2600000000000051,0.003591124153137004,21-40
MWM_ClassDist,43,37,3,kd,2.0,68.14,0.1,63.42,1.1714737606048584,66.4,1.0119429445266723,,,,,,2.980000000000004,-0.1595308160781861,21-40
MWM_ClassDist,43,37,6,kd,9.0,66.98,0.1,65.7,0.9764329364776612,66.66,0.9941727776527405,,,,,,0.9599999999999937,0.01773984117507932,21-40
MWM_ClassDist,43,37,8,ce,,,0.1,66.54,1.0352828775405885,69.92,0.8703205920219421,5.0,68.14,68.14,66.24,1.0358675481796265,3.3799999999999955,-0.16496228551864633,21-40
MWM_ClassDist,43,38,6,kd,5.0,68.14,0.1,66.66,0.9941727776527405,65.94,1.031879837322235,,,,,,-0.7199999999999989,0.037707059669494614,21-40
MWM_ClassDist,43,38,1,kd,9.0,66.98,0.1,65.58,1.0650913389205932,66.36,1.009509316444397,,,,,,0.7800000000000011,-0.05558202247619626,21-40
MWM_ClassDist,43,38,3,ce,,,0.1,66.4,1.0119429445266723,66.48,0.9461873589515686,8.0,69.92,69.92,66.46,0.9914741382598877,0.0799999999999983,-0.06575558557510375,21-40
MWM_ClassDist,43,38,2,kd,8.0,69.92,0.1,68.14,0.9642704153060913,67.5,0.9462766105651855,,,,,,-0.6400000000000006,-0.017993804740905728,21-40
MWM_ClassDist,43,38,4,kd,7.0,67.08,0.1,65.78,1.0611176271438598,66.44,1.0383990085601806,,,,,,0.6599999999999966,-0.022718618583679184,21-40
MWM_ClassDist,43,39,4,kd,3.0,66.48,0.1,66.44,1.0383990085601806,67.2,0.9351078777313232,,,,,,0.7600000000000051,-0.10329113082885744,21-40
MWM_ClassDist,43,39,1,kd,7.0,67.08,0.1,66.36,1.009509316444397,66.3,1.029165978050232,,,,,,-0.060000000000002274,0.019656661605835124,21-40
MWM_ClassDist,43,39,9,kd,8.0,69.92,0.1,66.98,0.985699887561798,68.72,0.9069446804046631,,,,,,1.7399999999999949,-0.07875520715713491,21-40
MWM_ClassDist,43,39,6,ce,,,0.1,65.94,1.031879837322235,67.26,1.0022729044914245,8.0,69.92,69.92,68.24,0.9203842298507691,1.3200000000000074,-0.029606932830810617,21-40
MWM_ClassDist,43,39,2,kd,5.0,68.14,0.1,67.5,0.9462766105651855,65.16,1.1011076852798463,,,,,,-2.3400000000000034,0.15483107471466073,21-40
MWM_ClassDist,43,40,1,kd,8.0,69.92,0.1,66.3,1.029165978050232,68.12,0.9289239143371582,,,,,,1.8200000000000074,-0.10024206371307387,21-40
MWM_ClassDist,43,40,2,ce,,,0.1,65.16,1.1011076852798463,68.06,0.9250175189971924,8.0,69.92,69.92,69.04,0.9038265407562256,2.9000000000000057,-0.17609016628265384,21-40
MWM_ClassDist,43,40,6,kd,9.0,68.72,0.1,67.26,1.0022729044914245,68.32,0.9192166369438172,,,,,,1.059999999999988,-0.08305626754760731,21-40
MWM_ClassDist,43,40,7,kd,4.0,67.2,0.1,67.08,0.9857163373947143,66.36,0.9474018048286438,,,,,,-0.7199999999999989,-0.038314532566070536,21-40
MWM_ClassDist,43,40,3,kd,5.0,68.14,0.1,66.48,0.9461873589515686,66.18,1.0157444446563721,,,,,,-0.29999999999999716,0.06955708570480357,21-40
MWM_ClassDist,43,41,2,kd,1.0,68.12,0.1,68.06,0.9250175189971924,67.78,0.9352008735656738,,,,,,-0.28000000000000114,0.010183354568481406,41-60
MWM_ClassDist,43,41,5,kd,6.0,68.32,0.1,68.14,0.9568840790748596,67.04,0.9548668995857239,,,,,,-1.0999999999999943,-0.002017179489135712,41-60
MWM_ClassDist,43,41,3,ce,,,0.1,66.18,1.0157444446563721,69.02,0.8877151174545288,8.0,69.92,69.92,67.72,0.94818919506073,2.839999999999989,-0.12802932720184335,41-60
MWM_ClassDist,43,41,7,kd,9.0,68.72,0.1,66.36,0.9474018048286438,67.68,0.9397443842887878,,,,,,1.3200000000000074,-0.007657420539855964,41-60
MWM_ClassDist,43,41,4,kd,8.0,69.92,0.1,67.2,0.9351078777313232,67.94,0.9187048624992371,,,,,,0.7399999999999949,-0.016403015232086093,41-60
MWM_ClassDist,43,42,7,kd,4.0,67.94,0.1,67.68,0.9397443842887878,66.98,0.9604675756454468,,,,,,-0.7000000000000028,0.02072319135665901,41-60
MWM_ClassDist,43,42,3,kd,8.0,69.92,0.1,69.02,0.8877151174545288,69.12,0.8891615823745728,,,,,,0.10000000000000853,0.001446464920043966,41-60
MWM_ClassDist,43,42,2,kd,6.0,68.32,0.1,67.78,0.9352008735656738,66.62,0.9904136305809021,,,,,,-1.1599999999999966,0.05521275701522832,41-60
MWM_ClassDist,43,42,5,ce,,,0.1,67.04,0.9548668995857239,68.98,0.8930606208801269,8.0,69.92,69.92,68.82,0.8984431877136231,1.9399999999999977,-0.06180627870559696,41-60
MWM_ClassDist,43,42,1,kd,9.0,68.72,0.1,68.12,0.9289239143371582,67.38,0.9467969093322753,,,,,,-0.7400000000000091,0.017872994995117186,41-60
MWM_ClassDist,43,43,9,ce,,,0.1,68.72,0.9069446804046631,69.72,0.8793122061252594,8.0,69.92,69.92,68.32,0.9072830974578857,1.0,-0.02763247427940374,41-60
MWM_ClassDist,43,43,1,kd,4.0,67.94,0.1,67.38,0.9467969093322753,67.68,0.9498596692085266,,,,,,0.30000000000001137,0.0030627598762512642,41-60
MWM_ClassDist,43,43,7,kd,5.0,68.98,0.1,66.98,0.9604675756454468,67.72,0.9456402513504029,,,,,,0.7399999999999949,-0.014827324295043964,41-60
MWM_ClassDist,43,43,6,kd,3.0,69.12,0.1,68.32,0.9192166369438172,68.26,0.9109497802734375,,,,,,-0.05999999999998806,-0.00826685667037963,41-60
MWM_ClassDist,43,43,2,kd,8.0,69.92,0.1,66.62,0.9904136305809021,68.58,0.9332433835983276,,,,,,1.9599999999999937,-0.05717024698257456,41-60
MWM_ClassDist,43,44,1,kd,5.0,68.98,0.1,67.68,0.9498596692085266,67.24,0.9718057680130004,,,,,,-0.44000000000001194,0.021946098804473846,41-60
MWM_ClassDist,43,44,3,ce,,,0.1,69.12,0.8891615823745728,67.32,0.9371495868682861,8.0,69.92,69.92,66.22,0.9792832551956177,-1.8000000000000114,0.04798800449371332,41-60
MWM_ClassDist,43,44,4,kd,6.0,68.26,0.1,67.94,0.9187048624992371,68.14,0.9286944169998169,,,,,,0.20000000000000284,0.009989554500579811,41-60
MWM_ClassDist,43,44,2,kd,9.0,69.72,0.1,68.58,0.9332433835983276,69.14,0.8937778861045838,,,,,,0.5600000000000023,-0.03946549749374384,41-60
MWM_ClassDist,43,44,7,kd,8.0,69.92,0.1,67.72,0.9456402513504029,68.38,0.9260664583206176,,,,,,0.6599999999999966,-0.019573793029785236,41-60
MWM_ClassDist,43,45,7,ce,,,0.1,68.38,0.9260664583206176,68.84,0.8952425712585449,8.0,69.92,69.92,68.36,0.923832385635376,0.46000000000000796,-0.03082388706207273,41-60
MWM_ClassDist,43,45,1,kd,4.0,68.14,0.1,67.24,0.9718057680130004,66.84,0.962858857536316,,,,,,-0.3999999999999915,-0.0089469104766845,41-60
MWM_ClassDist,43,45,6,kd,2.0,69.14,0.1,68.26,0.9109497802734375,68.78,0.9218413182258606,,,,,,0.519999999999996,0.010891537952423036,41-60
MWM_ClassDist,43,45,3,kd,9.0,69.72,0.1,67.32,0.9371495868682861,67.96,0.9340663097381592,,,,,,0.6400000000000006,-0.0030832771301269046,41-60
MWM_ClassDist,43,45,5,kd,8.0,69.92,0.1,68.98,0.8930606208801269,68.88,0.8979870470046997,,,,,,-0.10000000000000853,0.004926426124572725,41-60
MWM_ClassDist,43,46,1,kd,6.0,68.78,0.1,66.84,0.962858857536316,65.68,1.061062024307251,,,,,,-1.1599999999999966,0.0982031667709351,41-60
MWM_ClassDist,43,46,4,kd,2.0,69.14,0.1,68.14,0.9286944169998169,66.66,0.9982164134979248,,,,,,-1.480000000000004,0.06952199649810786,41-60
MWM_ClassDist,43,46,7,kd,5.0,68.88,0.1,68.84,0.8952425712585449,68.44,0.9097426277160644,,,,,,-0.4000000000000057,0.014500056457519506,41-60
MWM_ClassDist,43,46,3,ce,,,0.1,67.96,0.9340663097381592,65.08,1.0945997262954712,8.0,69.92,69.92,67.52,0.9666461814880372,-2.8799999999999955,0.16053341655731201,41-60
MWM_ClassDist,43,46,9,kd,8.0,69.92,0.1,69.72,0.8793122061252594,69.34,0.8834568223953247,,,,,,-0.37999999999999545,0.004144616270065349,41-60
MWM_ClassDist,43,47,1,ce,,,0.1,65.68,1.061062024307251,68.72,0.9044325726509094,8.0,69.92,69.92,67.14,0.9583486289978027,3.039999999999992,-0.15662945165634168,41-60
MWM_ClassDist,43,47,3,kd,8.0,69.92,0.1,65.08,1.0945997262954712,69.58,0.8938179065704346,,,,,,4.5,-0.20078181972503661,41-60
MWM_ClassDist,43,47,6,kd,9.0,69.34,0.1,68.78,0.9218413182258606,67.74,0.9391987313270569,,,,,,-1.0400000000000063,0.017357413101196317,41-60
MWM_ClassDist,43,47,4,kd,7.0,68.44,0.1,66.66,0.9982164134979248,67.94,0.945706898021698,,,,,,1.2800000000000011,-0.05250951547622673,41-60
MWM_ClassDist,43,47,5,kd,2.0,69.14,0.1,68.88,0.8979870470046997,68.46,0.896666766834259,,,,,,-0.4200000000000017,-0.001320280170440613,41-60
MWM_ClassDist,43,48,4,kd,9.0,69.34,0.1,67.94,0.945706898021698,68.28,0.9120585171699523,,,,,,0.3400000000000034,-0.03364838085174571,41-60
MWM_ClassDist,43,48,6,ce,,,0.1,67.74,0.9391987313270569,69.38,0.9196101927757263,8.0,69.92,69.92,68.42,0.9093050884246826,1.6400000000000006,-0.01958853855133058,41-60
MWM_ClassDist,43,48,7,kd,1.0,68.72,0.1,68.44,0.9097426277160644,67.06,0.9602656931877136,,,,,,-1.3799999999999955,0.0505230654716492,41-60
MWM_ClassDist,43,48,5,kd,3.0,69.58,0.1,68.46,0.896666766834259,68.98,0.8948558296203614,,,,,,0.5200000000000102,-0.0018109372138976898,41-60
MWM_ClassDist,43,48,2,kd,8.0,69.92,0.1,69.14,0.8937778861045838,69.24,0.9032559749603272,,,,,,0.09999999999999432,0.009478088855743416,41-60
MWM_ClassDist,43,49,4,ce,,,0.1,68.28,0.9120585171699523,67.72,0.9491542252540588,8.0,69.92,69.92,68.34,0.9232536480903626,-0.5600000000000023,0.03709570808410645,41-60
MWM_ClassDist,43,49,1,kd,8.0,69.92,0.1,68.72,0.9044325726509094,69.84,0.873399028968811,,,,,,1.1200000000000045,-0.03103354368209832,41-60
MWM_ClassDist,43,49,7,kd,3.0,69.58,0.1,67.06,0.9602656931877136,68.42,0.9235939283370972,,,,,,1.3599999999999994,-0.036671764850616406,41-60
MWM_ClassDist,43,49,5,kd,2.0,69.24,0.1,68.98,0.8948558296203614,67.84,0.9437510360717773,,,,,,-1.1400000000000006,0.048895206451415985,41-60
MWM_ClassDist,43,49,9,kd,6.0,69.38,0.1,69.34,0.8834568223953247,68.38,0.9425749843597412,,,,,,-0.960000000000008,0.05911816196441644,41-60
MWM_ClassDist,43,50,7,kd,1.0,69.84,0.1,68.42,0.9235939283370972,68.46,0.9367670367240906,,,,,,0.03999999999999204,0.01317310838699337,41-60
MWM_ClassDist,43,50,4,kd,2.0,69.24,0.1,67.72,0.9491542252540588,68.66,0.9137620578765869,,,,,,0.9399999999999977,-0.03539216737747186,41-60
MWM_ClassDist,43,50,9,kd,8.0,69.92,0.1,68.38,0.9425749843597412,68.52,0.9012812803268433,,,,,,0.14000000000000057,-0.04129370403289789,41-60
MWM_ClassDist,43,50,5,ce,,,0.1,67.84,0.9437510360717773,71.54,0.8234336502075196,8.0,69.92,69.92,68.36,0.9180335391044616,3.700000000000003,-0.12031738586425778,41-60
MWM_ClassDist,43,50,6,kd,3.0,69.58,0.1,69.38,0.9196101927757263,68.98,0.9402944807052612,,,,,,-0.3999999999999915,0.020684287929534917,41-60
MWM_ClassDist,43,51,4,ce,,,0.1,68.66,0.9137620578765869,69.86,0.8725105261802674,5.0,71.54,71.54,69.84,0.8975891277313233,1.2000000000000028,-0.041251531696319566,41-60
MWM_ClassDist,43,51,1,kd,8.0,69.92,0.1,69.84,0.873399028968811,68.92,0.8970381555557251,,,,,,-0.9200000000000017,0.023639126586914028,41-60
MWM_ClassDist,43,51,7,kd,3.0,69.58,0.1,68.46,0.9367670367240906,68.44,0.9322377645492553,,,,,,-0.01999999999999602,-0.0045292721748352305,41-60
MWM_ClassDist,43,51,6,kd,2.0,69.24,0.1,68.98,0.9402944807052612,68.78,0.9137917844772339,,,,,,-0.20000000000000284,-0.026502696228027367,41-60
MWM_ClassDist,43,51,9,kd,5.0,71.54,0.1,68.52,0.9012812803268433,70.92,0.8445626645088196,,,,,,2.4000000000000057,-0.05671861581802373,41-60
MWM_ClassDist,43,52,3,kd,4.0,69.86,0.1,69.58,0.8938179065704346,69.62,0.895689475440979,,,,,,0.04000000000000625,0.0018715688705444045,41-60
MWM_ClassDist,43,52,7,kd,1.0,68.92,0.1,68.44,0.9322377645492553,68.14,0.931630613899231,,,,,,-0.29999999999999716,-0.0006071506500243684,41-60
MWM_ClassDist,43,52,2,ce,,,0.1,69.24,0.9032559749603272,66.7,0.959962826538086,5.0,71.54,71.54,69.3,0.8881309101104736,-2.539999999999992,0.05670685157775879,41-60
MWM_ClassDist,43,52,8,kd,9.0,70.92,0.1,69.92,0.8703205920219421,70.12,0.881810867023468,,,,,,0.20000000000000284,0.011490275001525885,41-60
MWM_ClassDist,43,52,6,kd,5.0,71.54,0.1,68.78,0.9137917844772339,70.38,0.8641964098930359,,,,,,1.5999999999999943,-0.04959537458419794,41-60
MWM_ClassDist,43,53,2,kd,1.0,68.92,0.1,66.7,0.959962826538086,67.68,0.9493542984008789,,,,,,0.980000000000004,-0.01060852813720703,41-60
MWM_ClassDist,43,53,4,kd,6.0,70.38,0.1,69.86,0.8725105261802674,70.34,0.8794300856590271,,,,,,0.480000000000004,0.006919559478759774,41-60
MWM_ClassDist,43,53,7,kd,9.0,70.92,0.1,68.14,0.931630613899231,69.72,0.9046568740844727,,,,,,1.5799999999999983,-0.026973739814758257,41-60
MWM_ClassDist,43,53,8,ce,,,0.1,70.12,0.881810867023468,70.46,0.860262647819519,5.0,71.54,71.54,69.96,0.8863241137504577,0.3399999999999892,-0.021548219203949004,41-60
MWM_ClassDist,43,53,3,kd,5.0,71.54,0.1,69.62,0.895689475440979,70.56,0.8625972712516785,,,,,,0.9399999999999977,-0.03309220418930048,41-60
MWM_ClassDist,43,54,4,kd,8.0,70.46,0.1,70.34,0.8794300856590271,70.08,0.8818269269943237,,,,,,-0.2600000000000051,0.0023968413352966067,41-60
MWM_ClassDist,43,54,3,ce,,,0.1,70.56,0.8625972712516785,71.64,0.8251904636859894,5.0,71.54,71.54,70.28,0.8597844368934632,1.0799999999999983,-0.03740680756568915,41-60
MWM_ClassDist,43,54,7,kd,6.0,70.38,0.1,69.72,0.9046568740844727,69.32,0.908437923336029,,,,,,-0.4000000000000057,0.003781049251556312,41-60
MWM_ClassDist,43,54,2,kd,5.0,71.54,0.1,67.68,0.9493542984008789,70.98,0.834600696182251,,,,,,3.299999999999997,-0.11475360221862796,41-60
MWM_ClassDist,43,54,1,kd,9.0,70.92,0.1,68.92,0.8970381555557251,69.68,0.8768169174194336,,,,,,0.7600000000000051,-0.02022123813629151,41-60
MWM_ClassDist,43,55,1,ce,,,0.1,69.68,0.8768169174194336,71.0,0.8462831039428711,3.0,71.64,71.64,68.94,0.8966895529747009,1.3199999999999932,-0.030533813476562477,41-60
MWM_ClassDist,43,55,4,kd,6.0,70.38,0.1,70.08,0.8818269269943237,69.36,0.9091354727268219,,,,,,-0.7199999999999989,0.02730854573249819,41-60
MWM_ClassDist,43,55,9,kd,3.0,71.64,0.1,70.92,0.8445626645088196,70.6,0.8653072236061096,,,,,,-0.3200000000000074,0.020744559097290005,41-60
MWM_ClassDist,43,55,7,kd,2.0,70.98,0.1,69.32,0.908437923336029,68.66,0.8861593005180359,,,,,,-0.6599999999999966,-0.022278622817993088,41-60
MWM_ClassDist,43,55,8,kd,5.0,71.54,0.1,70.46,0.860262647819519,71.56,0.817500382232666,,,,,,1.1000000000000085,-0.04276226558685303,41-60
MWM_ClassDist,43,56,1,kd,5.0,71.54,0.1,71.0,0.8462831039428711,70.9,0.8516003271102905,,,,,,-0.09999999999999432,0.005317223167419449,41-60
MWM_ClassDist,43,56,9,kd,2.0,70.98,0.1,70.6,0.8653072236061096,69.24,0.8983853034973145,,,,,,-1.3599999999999994,0.033078079891204926,41-60
MWM_ClassDist,43,56,6,ce,,,0.1,70.38,0.8641964098930359,69.66,0.8769098365783692,3.0,71.64,71.64,70.3,0.8777705345153809,-0.7199999999999989,0.012713426685333262,41-60
MWM_ClassDist,43,56,7,kd,3.0,71.64,0.1,68.66,0.8861593005180359,69.28,0.9020197353839874,,,,,,0.6200000000000045,0.015860434865951456,41-60
MWM_ClassDist,43,56,4,kd,8.0,71.56,0.1,69.36,0.9091354727268219,70.82,0.8636725662231445,,,,,,1.4599999999999937,-0.04546290650367746,41-60
MWM_ClassDist,43,57,1,ce,,,0.1,70.9,0.8516003271102905,71.2,0.8307195631980896,3.0,71.64,71.64,71.0,0.8529339194774628,0.29999999999999716,-0.02088076391220095,41-60
MWM_ClassDist,43,57,4,kd,2.0,70.98,0.1,70.82,0.8636725662231445,70.16,0.8853544812202454,,,,,,-0.6599999999999966,0.021681914997100926,41-60
MWM_ClassDist,43,57,6,kd,5.0,71.54,0.1,69.66,0.8769098365783692,71.62,0.8250790187835694,,,,,,1.960000000000008,-0.05183081779479981,41-60
MWM_ClassDist,43,57,9,kd,3.0,71.64,0.1,69.24,0.8983853034973145,70.46,0.8540156813621521,,,,,,1.2199999999999989,-0.04436962213516238,41-60
MWM_ClassDist,43,57,7,kd,8.0,71.56,0.1,69.28,0.9020197353839874,69.0,0.8975312631607055,,,,,,-0.28000000000000114,-0.004488472223281859,41-60
MWM_ClassDist,43,58,1,kd,5.0,71.54,0.1,71.2,0.8307195631980896,71.56,0.828546572971344,,,,,,0.35999999999999943,-0.0021729902267455525,41-60
MWM_ClassDist,43,58,9,ce,,,0.1,70.46,0.8540156813621521,70.98,0.8327181421756744,3.0,71.64,71.64,71.34,0.8277523260593415,0.5200000000000102,-0.0212975391864777,41-60
MWM_ClassDist,43,58,7,kd,6.0,71.62,0.1,69.0,0.8975312631607055,69.62,0.8906347631454468,,,,,,0.6200000000000045,-0.006896500015258766,41-60
MWM_ClassDist,43,58,4,kd,8.0,71.56,0.1,70.16,0.8853544812202454,71.5,0.8500431812286376,,,,,,1.3400000000000034,-0.03531129999160776,41-60
MWM_ClassDist,43,58,2,kd,3.0,71.64,0.1,70.98,0.834600696182251,70.32,0.8511100503921509,,,,,,-0.6600000000000108,0.016509354209899962,41-60
MWM_ClassDist,43,59,1,kd,8.0,71.56,0.1,71.56,0.828546572971344,71.8,0.8333788491249084,,,,,,0.23999999999999488,0.004832276153564408,41-60
MWM_ClassDist,43,59,7,ce,,,0.1,69.62,0.8906347631454468,70.28,0.8646748172760009,3.0,71.64,71.64,70.32,0.8733625554084777,0.6599999999999966,-0.025959945869445833,41-60
MWM_ClassDist,43,59,2,kd,9.0,70.98,0.1,70.32,0.8511100503921509,70.56,0.8656298409938812,,,,,,0.2400000000000091,0.014519790601730254,41-60
MWM_ClassDist,43,59,4,kd,5.0,71.54,0.1,71.5,0.8500431812286376,71.52,0.8388771680831909,,,,,,0.01999999999999602,-0.01116601314544674,41-60
MWM_ClassDist,43,59,6,kd,3.0,71.64,0.1,71.62,0.8250790187835694,71.16,0.8423122285842896,,,,,,-0.46000000000000796,0.017233209800720184,41-60
MWM_ClassDist,43,60,6,kd,4.0,71.52,0.1,71.16,0.8423122285842896,70.46,0.8564320322990417,,,,,,-0.7000000000000028,0.014119803714752188,41-60
MWM_ClassDist,43,60,7,kd,9.0,70.98,0.1,70.28,0.8646748172760009,69.34,0.8826894045829773,,,,,,-0.9399999999999977,0.01801458730697636,41-60
MWM_ClassDist,43,60,8,ce,,,0.1,71.56,0.817500382232666,70.24,0.908822154712677,1.0,71.8,71.8,70.46,0.8792260340690613,-1.3200000000000074,0.09132177248001105,41-60
MWM_ClassDist,43,60,2,kd,5.0,71.54,0.1,70.56,0.8656298409938812,71.16,0.8595230823516846,,,,,,0.5999999999999943,-0.006106758642196564,41-60
MWM_ClassDist,43,60,3,kd,1.0,71.8,0.1,71.64,0.8251904636859894,70.62,0.8438017124176025,,,,,,-1.019999999999996,0.018611248731613128,41-60
MWM_ClassDist,43,61,2,kd,4.0,71.52,0.1,71.16,0.8595230823516846,70.24,0.8764348360061646,,,,,,-0.9200000000000017,0.016911753654479944,61-80
MWM_ClassDist,43,61,8,kd,1.0,71.8,0.1,70.24,0.908822154712677,71.04,0.857109225654602,,,,,,0.8000000000000114,-0.05171292905807501,61-80
MWM_ClassDist,43,61,3,kd,9.0,70.98,0.1,70.62,0.8438017124176025,69.7,0.8838554291725159,,,,,,-0.9200000000000017,0.04005371675491343,61-80
MWM_ClassDist,43,61,6,ce,,,0.1,70.46,0.8564320322990417,68.2,0.9428691529273987,1.0,71.8,71.8,70.76,0.8512346208572388,-2.259999999999991,0.08643712062835696,61-80
MWM_ClassDist,43,61,7,kd,5.0,71.54,0.1,69.34,0.8826894045829773,71.22,0.8397081288337708,,,,,,1.8799999999999955,-0.042981275749206516,61-80
MWM_ClassDist,43,62,4,ce,,,0.1,71.52,0.8388771680831909,70.6,0.8483762680053711,1.0,71.8,71.8,71.1,0.8330437868118287,-0.9200000000000017,0.009499099922180232,61-80
MWM_ClassDist,43,62,7,kd,1.0,71.8,0.1,71.22,0.8397081288337708,69.94,0.900422854423523,,,,,,-1.2800000000000011,0.060714725589752216,61-80
MWM_ClassDist,43,62,6,kd,8.0,71.04,0.1,68.2,0.9428691529273987,70.46,0.8669097841262817,,,,,,2.259999999999991,-0.07595936880111698,61-80
MWM_ClassDist,43,62,2,kd,9.0,70.98,0.1,70.24,0.8764348360061646,68.36,0.9344080642223358,,,,,,-1.8799999999999955,0.057973228216171235,61-80
MWM_ClassDist,43,62,3,kd,5.0,71.54,0.1,69.7,0.8838554291725159,70.26,0.8618254554748536,,,,,,0.5600000000000023,-0.022029973697662353,61-80
MWM_ClassDist,43,63,2,kd,1.0,71.8,0.1,68.36,0.9344080642223358,71.24,0.8478566925048828,,,,,,2.8799999999999955,-0.08655137171745297,61-80
MWM_ClassDist,43,63,3,kd,4.0,70.6,0.1,70.26,0.8618254554748536,69.6,0.8841058822631835,,,,,,-0.6600000000000108,0.022280426788329977,61-80
MWM_ClassDist,43,63,6,kd,5.0,71.54,0.1,70.46,0.8669097841262817,71.86,0.82280747423172,,,,,,1.4000000000000057,-0.044102309894561764,61-80
MWM_ClassDist,43,63,7,kd,9.0,70.98,0.1,69.94,0.900422854423523,70.54,0.851487080001831,,,,,,0.6000000000000085,-0.04893577442169195,61-80
MWM_ClassDist,43,63,8,ce,,,0.1,71.04,0.857109225654602,70.88,0.8475388175010681,1.0,71.8,71.8,71.14,0.8729105377197266,-0.1600000000000108,-0.009570408153533938,61-80
MWM_ClassDist,43,64,8,kd,1.0,71.8,0.1,70.88,0.8475388175010681,71.68,0.8228464007377625,,,,,,0.8000000000000114,-0.02469241676330558,61-80
MWM_ClassDist,43,64,4,kd,2.0,71.24,0.1,70.6,0.8483762680053711,70.6,0.8587651374816895,,,,,,0.0,0.010388869476318341,61-80
MWM_ClassDist,43,64,3,ce,,,0.1,69.6,0.8841058822631835,69.38,0.8829769244194031,6.0,71.86,71.86,70.28,0.8622861795425415,-0.21999999999999886,-0.0011289578437804204,61-80
MWM_ClassDist,43,64,7,kd,5.0,71.54,0.1,70.54,0.851487080001831,70.14,0.8835025280952453,,,,,,-0.4000000000000057,0.03201544809341428,61-80
MWM_ClassDist,43,64,9,kd,6.0,71.86,0.1,70.98,0.8327181421756744,70.6,0.8534598348617554,,,,,,-0.38000000000000966,0.020741692686080948,61-80
MWM_ClassDist,43,65,3,kd,1.0,71.8,0.1,69.38,0.8829769244194031,70.46,0.8927064033508301,,,,,,1.0799999999999983,0.00972947893142695,61-80
MWM_ClassDist,43,65,4,kd,6.0,71.86,0.1,70.6,0.8587651374816895,70.46,0.8612640694618225,,,,,,-0.14000000000000057,0.002498931980133068,61-80
MWM_ClassDist,43,65,9,kd,8.0,71.68,0.1,70.6,0.8534598348617554,70.44,0.8695038011550903,,,,,,-0.1599999999999966,0.016043966293334933,61-80
MWM_ClassDist,43,65,7,kd,2.0,71.24,0.1,70.14,0.8835025280952453,69.82,0.8868469481468201,,,,,,-0.3200000000000074,0.003344420051574759,61-80
MWM_ClassDist,43,65,5,ce,,,0.1,71.54,0.8234336502075196,67.4,0.964288861656189,6.0,71.86,71.86,70.36,0.8726153369903564,-4.140000000000001,0.14085521144866942,61-80
MWM_ClassDist,43,66,4,kd,1.0,71.8,0.1,70.46,0.8612640694618225,71.76,0.8401105442047119,,,,,,1.3000000000000114,-0.021153525257110672,61-80
MWM_ClassDist,43,66,2,ce,,,0.1,71.24,0.8478566925048828,67.94,0.9672372903823853,6.0,71.86,71.86,71.62,0.826558096408844,-3.299999999999997,0.11938059787750244,61-80
MWM_ClassDist,43,66,5,kd,3.0,70.46,0.1,67.4,0.964288861656189,70.2,0.9043211511611938,,,,,,2.799999999999997,-0.05996771049499516,61-80
MWM_ClassDist,43,66,9,kd,6.0,71.86,0.1,70.44,0.8695038011550903,70.2,0.8850251245498657,,,,,,-0.23999999999999488,0.01552132339477541,61-80
MWM_ClassDist,43,66,7,kd,8.0,71.68,0.1,69.82,0.8868469481468201,68.28,0.942800231552124,,,,,,-1.539999999999992,0.05595328340530392,61-80
MWM_ClassDist,43,67,2,kd,1.0,71.8,0.1,67.94,0.9672372903823853,70.76,0.8587793087005615,,,,,,2.8200000000000074,-0.10845798168182375,61-80
MWM_ClassDist,43,67,5,kd,8.0,71.68,0.1,70.2,0.9043211511611938,69.38,0.9204505245208741,,,,,,-0.8200000000000074,0.016129373359680232,61-80
MWM_ClassDist,43,67,7,ce,,,0.1,68.28,0.942800231552124,70.0,0.858678358078003,6.0,71.86,71.86,71.34,0.8326345682144165,1.7199999999999989,-0.08412187347412103,61-80
MWM_ClassDist,43,67,3,kd,6.0,71.86,0.1,70.46,0.8927064033508301,71.38,0.8267616164207459,,,,,,0.9200000000000017,-0.06594478693008421,61-80
MWM_ClassDist,43,67,9,kd,4.0,71.76,0.1,70.2,0.8850251245498657,70.7,0.8711611035346984,,,,,,0.5,-0.01386402101516726,61-80
MWM_ClassDist,43,68,7,kd,2.0,70.76,0.1,70.0,0.858678358078003,70.8,0.8495237392425538,,,,,,0.7999999999999972,-0.009154618835449213,61-80
MWM_ClassDist,43,68,4,kd,6.0,71.86,0.1,71.76,0.8401105442047119,70.12,0.8747654859542847,,,,,,-1.6400000000000006,0.03465494174957284,61-80
MWM_ClassDist,43,68,5,kd,3.0,71.38,0.1,69.38,0.9204505245208741,72.14,0.8040542628288269,,,,,,2.760000000000005,-0.1163962616920472,61-80
MWM_ClassDist,43,68,8,ce,,,0.1,71.68,0.8228464007377625,74.1,0.745937223148346,6.0,71.86,71.86,71.76,0.8172765937805175,2.4199999999999875,-0.07690917758941651,61-80
MWM_ClassDist,43,68,9,kd,1.0,71.8,0.1,70.7,0.8711611035346984,70.44,0.8649959935188294,,,,,,-0.2600000000000051,-0.0061651100158690575,61-80
MWM_ClassDist,43,69,4,ce,,,0.1,70.12,0.8747654859542847,70.4,0.8709135508537292,8.0,74.1,74.1,72.66,0.809273499584198,0.28000000000000114,-0.0038519351005554814,61-80
MWM_ClassDist,43,69,3,kd,1.0,71.8,0.1,71.38,0.8267616164207459,70.64,0.8614216344833374,,,,,,-0.7399999999999949,0.03466001806259156,61-80
MWM_ClassDist,43,69,9,kd,8.0,74.1,0.1,70.44,0.8649959935188294,70.32,0.8919718759536743,,,,,,-0.12000000000000455,0.026975882434844944,61-80
MWM_ClassDist,43,69,7,kd,6.0,71.86,0.1,70.8,0.8495237392425538,71.26,0.8275007804870605,,,,,,0.46000000000000796,-0.022022958755493205,61-80
MWM_ClassDist,43,69,2,kd,5.0,72.14,0.1,70.76,0.8587793087005615,71.66,0.832135347366333,,,,,,0.8999999999999915,-0.026643961334228528,61-80
MWM_ClassDist,43,70,3,ce,,,0.1,70.64,0.8614216344833374,70.16,0.8787629362106323,8.0,74.1,74.1,72.14,0.8067493041992188,-0.480000000000004,0.017341301727294867,61-80
MWM_ClassDist,43,70,9,kd,2.0,71.66,0.1,70.32,0.8919718759536743,69.94,0.8841209367752075,,,,,,-0.37999999999999545,-0.007850939178466798,61-80
MWM_ClassDist,43,70,6,kd,8.0,74.1,0.1,71.86,0.82280747423172,73.26,0.7890056716918945,,,,,,1.4000000000000057,-0.033801802539825454,61-80
MWM_ClassDist,43,70,7,kd,5.0,72.14,0.1,71.26,0.8275007804870605,71.22,0.8334627652168274,,,,,,-0.04000000000000625,0.005961984729766834,61-80
MWM_ClassDist,43,70,4,kd,1.0,71.8,0.1,70.4,0.8709135508537292,71.84,0.8112422072410583,,,,,,1.4399999999999977,-0.0596713436126709,61-80
MWM_ClassDist,43,71,7,ce,,,0.1,71.22,0.8334627652168274,71.52,0.8258509196281433,8.0,74.1,74.1,73.18,0.800199852180481,0.29999999999999716,-0.007611845588684107,61-80
MWM_ClassDist,43,71,2,kd,4.0,71.84,0.1,71.66,0.832135347366333,70.54,0.8584295799255371,,,,,,-1.1199999999999903,0.026294232559204156,61-80
MWM_ClassDist,43,71,5,kd,6.0,73.26,0.1,72.14,0.8040542628288269,71.7,0.823752197933197,,,,,,-0.4399999999999977,0.019697935104370123,61-80
MWM_ClassDist,43,71,3,kd,1.0,71.8,0.1,70.16,0.8787629362106323,70.56,0.8601849025726318,,,,,,0.4000000000000057,-0.01857803363800048,61-80
MWM_ClassDist,43,71,9,kd,8.0,74.1,0.1,69.94,0.8841209367752075,71.06,0.862322422504425,,,,,,1.1200000000000045,-0.0217985142707825,61-80
MWM_ClassDist,43,72,4,kd,6.0,73.26,0.1,71.84,0.8112422072410583,72.48,0.8011524512290955,,,,,,0.6400000000000006,-0.010089756011962825,61-80
MWM_ClassDist,43,72,5,kd,1.0,71.8,0.1,71.7,0.823752197933197,70.68,0.8556824811935425,,,,,,-1.019999999999996,0.03193028326034553,61-80
MWM_ClassDist,43,72,2,ce,,,0.1,70.54,0.8584295799255371,71.2,0.8310905714988709,8.0,74.1,74.1,73.06,0.802845576763153,0.6599999999999966,-0.027339008426666256,61-80
MWM_ClassDist,43,72,3,kd,8.0,74.1,0.1,70.56,0.8601849025726318,71.58,0.8417157155036926,,,,,,1.019999999999996,-0.018469187068939186,61-80
MWM_ClassDist,43,72,9,kd,7.0,71.52,0.1,71.06,0.862322422504425,70.22,0.876331736946106,,,,,,-0.8400000000000034,0.014009314441680965,61-80
MWM_ClassDist,43,73,7,kd,4.0,72.48,0.1,71.52,0.8258509196281433,72.4,0.8160692008018494,,,,,,0.8800000000000097,-0.009781718826293861,61-80
MWM_ClassDist,43,73,3,kd,1.0,71.8,0.1,71.58,0.8417157155036926,70.02,0.8698045057296753,,,,,,-1.5600000000000023,0.02808879022598265,61-80
MWM_ClassDist,43,73,5,ce,,,0.1,70.68,0.8556824811935425,71.48,0.8144035860061646,8.0,74.1,74.1,71.34,0.8392256309509277,0.7999999999999972,-0.04127889518737793,61-80
MWM_ClassDist,43,73,9,kd,8.0,74.1,0.1,70.22,0.876331736946106,71.66,0.8267271491050721,,,,,,1.4399999999999977,-0.04960458784103394,61-80
MWM_ClassDist,43,73,2,kd,6.0,73.26,0.1,71.2,0.8310905714988709,73.2,0.7907470764160156,,,,,,2.0,-0.040343495082855285,61-80
MWM_ClassDist,43,74,4,kd,8.0,74.1,0.1,72.48,0.8011524512290955,72.5,0.8026833907127381,,,,,,0.01999999999999602,0.0015309394836425794,61-80
MWM_ClassDist,43,74,3,ce,,,0.1,70.02,0.8698045057296753,67.68,0.9278771091461182,8.0,74.1,74.1,72.18,0.8061592288970947,-2.339999999999989,0.058072603416442936,61-80
MWM_ClassDist,43,74,9,kd,2.0,73.2,0.1,71.66,0.8267271491050721,71.72,0.8358034317970275,,,,,,0.060000000000002274,0.009076282691955484,61-80
MWM_ClassDist,43,74,1,kd,7.0,72.4,0.1,71.8,0.8333788491249084,72.02,0.8243551588058472,,,,,,0.21999999999999886,-0.00902369031906125,61-80
MWM_ClassDist,43,74,5,kd,6.0,73.26,0.1,71.48,0.8144035860061646,72.82,0.7874800469398499,,,,,,1.3399999999999892,-0.026923539066314728,61-80
MWM_ClassDist,43,75,3,kd,8.0,74.1,0.1,67.68,0.9278771091461182,72.0,0.8205567227363586,,,,,,4.319999999999993,-0.1073203864097596,61-80
MWM_ClassDist,43,75,1,kd,2.0,73.2,0.1,72.02,0.8243551588058472,71.88,0.8311752172470093,,,,,,-0.14000000000000057,0.006820058441162069,61-80
MWM_ClassDist,43,75,4,kd,6.0,73.26,0.1,72.5,0.8026833907127381,72.38,0.8062874197006226,,,,,,-0.12000000000000455,0.003604028987884478,61-80
MWM_ClassDist,43,75,9,ce,,,0.1,71.72,0.8358034317970275,67.96,0.9170760237216949,8.0,74.1,74.1,71.98,0.8218997133255005,-3.760000000000005,0.0812725919246674,61-80
MWM_ClassDist,43,75,7,kd,5.0,72.82,0.1,72.4,0.8160692008018494,72.22,0.8091971894264222,,,,,,-0.18000000000000682,-0.006872011375427256,61-80
MWM_ClassDist,43,76,7,ce,,,0.1,72.22,0.8091971894264222,71.04,0.872355687713623,8.0,74.1,74.1,74.48,0.7583931702613831,-1.1799999999999926,0.06315849828720088,61-80
MWM_ClassDist,43,76,1,kd,4.0,72.38,0.1,71.88,0.8311752172470093,70.78,0.8642961009025574,,,,,,-1.0999999999999943,0.033120883655548106,61-80
MWM_ClassDist,43,76,3,kd,2.0,73.2,0.1,72.0,0.8205567227363586,72.1,0.8274179320335389,,,,,,0.09999999999999432,0.00686120929718026,61-80
MWM_ClassDist,43,76,9,kd,5.0,72.82,0.1,67.96,0.9170760237216949,72.54,0.8088266305923462,,,,,,4.5800000000000125,-0.10824939312934878,61-80
MWM_ClassDist,43,76,6,kd,8.0,74.1,0.1,73.26,0.7890056716918945,71.08,0.8567962527275086,,,,,,-2.180000000000007,0.06779058103561408,61-80
MWM_ClassDist,43,77,1,kd,2.0,73.2,0.1,70.78,0.8642961009025574,72.3,0.820264030456543,,,,,,1.519999999999996,-0.044032070446014426,61-80
MWM_ClassDist,43,77,9,ce,,,0.1,72.54,0.8088266305923462,72.5,0.7972556925773621,8.0,74.1,74.1,73.22,0.7787864074707032,-0.04000000000000625,-0.0115709380149841,61-80
MWM_ClassDist,43,77,6,kd,4.0,72.38,0.1,71.08,0.8567962527275086,71.78,0.8536103258132934,,,,,,0.7000000000000028,-0.0031859269142151536,61-80
MWM_ClassDist,43,77,3,kd,8.0,74.1,0.1,72.1,0.8274179320335389,72.22,0.820435737323761,,,,,,0.12000000000000455,-0.0069821947097779,61-80
MWM_ClassDist,43,77,7,kd,5.0,72.82,0.1,71.04,0.872355687713623,72.46,0.7881087153434754,,,,,,1.4199999999999875,-0.08424697237014767,61-80
MWM_ClassDist,43,78,1,ce,,,0.1,72.3,0.820264030456543,64.14,1.1151573657989502,8.0,74.1,74.1,72.64,0.8107907211303711,-8.159999999999997,0.29489333534240725,61-80
MWM_ClassDist,43,78,6,kd,8.0,74.1,0.1,71.78,0.8536103258132934,72.62,0.7871472497940063,,,,,,0.8400000000000034,-0.06646307601928714,61-80
MWM_ClassDist,43,78,4,kd,5.0,72.82,0.1,72.38,0.8062874197006226,71.2,0.8392288522720337,,,,,,-1.1799999999999926,0.03294143257141113,61-80
MWM_ClassDist,43,78,3,kd,2.0,73.2,0.1,72.22,0.820435737323761,70.42,0.8722394464492798,,,,,,-1.7999999999999972,0.05180370912551879,61-80
MWM_ClassDist,43,78,7,kd,9.0,72.5,0.1,72.46,0.7881087153434754,71.02,0.8389363006591797,,,,,,-1.4399999999999977,0.050827585315704304,61-80
MWM_ClassDist,43,79,3,kd,9.0,72.5,0.1,70.42,0.8722394464492798,69.7,0.8869552702903748,,,,,,-0.7199999999999989,0.014715823841095044,61-80
MWM_ClassDist,43,79,4,kd,8.0,74.1,0.1,71.2,0.8392288522720337,72.96,0.7926945139884949,,,,,,1.759999999999991,-0.04653433828353881,61-80
MWM_ClassDist,43,79,7,kd,2.0,73.2,0.1,71.02,0.8389363006591797,72.66,0.7930050095558167,,,,,,1.6400000000000006,-0.045931291103363026,61-80
MWM_ClassDist,43,79,5,ce,,,0.1,72.82,0.7874800469398499,73.2,0.7771580634117127,8.0,74.1,74.1,73.64,0.7643224034309387,0.38000000000000966,-0.01032198352813718,61-80
MWM_ClassDist,43,79,1,kd,6.0,72.62,0.1,64.14,1.1151573657989502,72.72,0.7960986313819886,,,,,,8.579999999999998,-0.31905873441696164,61-80
MWM_ClassDist,43,80,5,kd,8.0,74.1,0.1,73.2,0.7771580634117127,74.34,0.7402562449455261,,,,,,1.1400000000000006,-0.036901818466186564,61-80
MWM_ClassDist,43,80,6,ce,,,0.1,72.62,0.7871472497940063,68.7,0.9328421402931213,8.0,74.1,74.1,72.36,0.8271601716041564,-3.9200000000000017,0.145694890499115,61-80
MWM_ClassDist,43,80,9,kd,7.0,72.66,0.1,72.5,0.7972556925773621,72.14,0.7994261431694031,,,,,,-0.35999999999999943,0.0021704505920410178,61-80
MWM_ClassDist,43,80,3,kd,2.0,73.2,0.1,69.7,0.8869552702903748,71.94,0.8250906538009644,,,,,,2.239999999999995,-0.06186461648941044,61-80
MWM_ClassDist,43,80,1,kd,4.0,72.96,0.1,72.72,0.7960986313819886,70.68,0.8701397390365601,,,,,,-2.039999999999992,0.0740411076545715,61-80
MWM_ClassDist,43,81,3,kd,8.0,74.1,0.1,71.94,0.8250906538009644,73.08,0.7965548720359802,,,,,,1.1400000000000006,-0.02853578176498417,81-100
MWM_ClassDist,43,81,6,kd,5.0,74.34,0.1,68.7,0.9328421402931213,73.78,0.7720882390022278,,,,,,5.079999999999998,-0.1607539012908935,81-100
MWM_ClassDist,43,81,2,ce,,,0.1,73.2,0.7907470764160156,73.52,0.7595628296852112,5.0,74.34,74.34,72.66,0.8124511206626892,0.3199999999999932,-0.031184246730804444,81-100
MWM_ClassDist,43,81,1,kd,7.0,72.66,0.1,70.68,0.8701397390365601,72.24,0.8357895875930786,,,,,,1.559999999999988,-0.034350151443481414,81-100
MWM_ClassDist,43,81,9,kd,4.0,72.96,0.1,72.14,0.7994261431694031,73.4,0.7823188295364379,,,,,,1.2600000000000051,-0.017107313632965138,81-100
MWM_ClassDist,43,82,7,kd,4.0,72.96,0.1,72.66,0.7930050095558167,73.5,0.7903473840713501,,,,,,0.8400000000000034,-0.0026576254844665748,81-100
MWM_ClassDist,43,82,1,kd,8.0,74.1,0.1,72.24,0.8357895875930786,71.78,0.840437233543396,,,,,,-0.45999999999999375,0.004647645950317303,81-100
MWM_ClassDist,43,82,3,ce,,,0.1,73.08,0.7965548720359802,71.9,0.8165065232276917,5.0,74.34,74.34,72.88,0.7862034775733948,-1.1799999999999926,0.019951651191711495,81-100
MWM_ClassDist,43,82,2,kd,6.0,73.78,0.1,73.52,0.7595628296852112,73.1,0.782936563873291,,,,,,-0.4200000000000017,0.023373734188079864,81-100
MWM_ClassDist,43,82,9,kd,5.0,74.34,0.1,73.4,0.7823188295364379,74.74,0.754302328968048,,,,,,1.3399999999999892,-0.02801650056838989,81-100
MWM_ClassDist,43,83,3,kd,8.0,74.1,0.1,71.9,0.8165065232276917,74.18,0.778984017086029,,,,,,2.280000000000001,-0.03752250614166264,81-100
MWM_ClassDist,43,83,1,kd,5.0,74.34,0.1,71.78,0.840437233543396,72.72,0.7956084462165832,,,,,,0.9399999999999977,-0.044828787326812725,81-100
MWM_ClassDist,43,83,4,kd,9.0,74.74,0.1,72.96,0.7926945139884949,72.44,0.8185207076072692,,,,,,-0.519999999999996,0.025826193618774362,81-100
MWM_ClassDist,43,83,7,kd,6.0,73.78,0.1,73.5,0.7903473840713501,72.84,0.8054265100479125,,,,,,-0.6599999999999966,0.015079125976562469,81-100
MWM_ClassDist,43,83,2,ce,,,0.1,73.1,0.782936563873291,73.78,0.7688681521892547,9.0,74.74,74.74,73.28,0.776272170162201,0.6800000000000068,-0.014068411684036275,81-100
MWM_ClassDist,43,84,1,kd,2.0,73.78,0.1,72.72,0.7956084462165832,71.3,0.8770393227577209,,,,,,-1.4200000000000017,0.08143087654113768,81-100
MWM_ClassDist,43,84,6,ce,,,0.1,73.78,0.7720882390022278,70.56,0.8392277774810791,9.0,74.74,74.74,72.82,0.7859898274898529,-3.219999999999999,0.06713953847885135,81-100
MWM_ClassDist,43,84,7,kd,9.0,74.74,0.1,72.84,0.8054265100479125,71.96,0.82609748544693,,,,,,-0.8800000000000097,0.02067097539901741,81-100
MWM_ClassDist,43,84,4,kd,8.0,74.1,0.1,72.44,0.8185207076072692,73.5,0.7774875693321228,,,,,,1.0600000000000023,-0.04103313827514643,81-100
MWM_ClassDist,43,84,3,kd,5.0,74.34,0.1,74.18,0.778984017086029,72.6,0.7990766413688659,,,,,,-1.5800000000000125,0.02009262428283687,81-100
MWM_ClassDist,43,85,7,kd,2.0,73.78,0.1,71.96,0.82609748544693,73.1,0.8197226993083954,,,,,,1.1400000000000006,-0.006374786138534594,81-100
MWM_ClassDist,43,85,8,kd,5.0,74.34,0.1,74.1,0.745937223148346,74.08,0.7712495496749878,,,,,,-0.01999999999999602,0.025312326526641837,81-100
MWM_ClassDist,43,85,3,ce,,,0.1,72.6,0.7990766413688659,70.18,0.8579171236991883,9.0,74.74,74.74,73.26,0.785176898097992,-2.4199999999999875,0.05884048233032235,81-100
MWM_ClassDist,43,85,6,kd,4.0,73.5,0.1,70.56,0.8392277774810791,73.42,0.7775470093727112,,,,,,2.8599999999999994,-0.06168076810836798,81-100
MWM_ClassDist,43,85,1,kd,9.0,74.74,0.1,71.3,0.8770393227577209,72.64,0.8208873189926148,,,,,,1.3400000000000034,-0.056152003765106095,81-100
MWM_ClassDist,43,86,4,ce,,,0.1,73.5,0.7774875693321228,70.1,0.8763350059509277,9.0,74.74,74.74,73.38,0.7950107803344727,-3.4000000000000057,0.09884743661880491,81-100
MWM_ClassDist,43,86,1,kd,5.0,74.34,0.1,72.64,0.8208873189926148,72.92,0.7965574450492859,,,,,,0.28000000000000114,-0.02432987394332886,81-100
MWM_ClassDist,43,86,7,kd,9.0,74.74,0.1,73.1,0.8197226993083954,72.02,0.8270551488876343,,,,,,-1.0799999999999983,0.007332449579238953,81-100
MWM_ClassDist,43,86,3,kd,6.0,73.42,0.1,70.18,0.8579171236991883,73.84,0.7844918214797973,,,,,,3.6599999999999966,-0.07342530221939092,81-100
MWM_ClassDist,43,86,2,kd,8.0,74.08,0.1,73.78,0.7688681521892547,72.64,0.802656739616394,,,,,,-1.1400000000000006,0.033788587427139305,81-100
MWM_ClassDist,43,87,2,kd,9.0,74.74,0.1,72.64,0.802656739616394,72.72,0.7944664531707764,,,,,,0.0799999999999983,-0.0081902864456177,81-100
MWM_ClassDist,43,87,7,kd,6.0,73.42,0.1,72.02,0.8270551488876343,73.16,0.7953963698387146,,,,,,1.1400000000000006,-0.03165877904891967,81-100
MWM_ClassDist,43,87,4,kd,8.0,74.08,0.1,70.1,0.8763350059509277,72.66,0.8163356792449952,,,,,,2.5600000000000023,-0.059999326705932554,81-100
MWM_ClassDist,43,87,5,ce,,,0.1,74.34,0.7402562449455261,73.34,0.7849693323135376,9.0,74.74,74.74,73.44,0.7739208471298218,-1.0,0.044713087368011495,81-100
MWM_ClassDist,43,87,1,kd,3.0,73.84,0.1,72.92,0.7965574450492859,73.04,0.8019713889122009,,,,,,0.12000000000000455,0.005413943862914938,81-100
MWM_ClassDist,43,88,7,ce,,,0.1,73.16,0.7953963698387146,72.18,0.8340439213752746,9.0,74.74,74.74,74.22,0.7722676335334778,-0.9799999999999898,0.038647551536559965,81-100
MWM_ClassDist,43,88,4,kd,6.0,73.42,0.1,72.66,0.8163356792449952,72.68,0.8115172413825988,,,,,,0.020000000000010232,-0.00481843786239633,81-100
MWM_ClassDist,43,88,3,kd,8.0,74.08,0.1,73.84,0.7844918214797973,72.9,0.8067852277755737,,,,,,-0.9399999999999977,0.022293406295776363,81-100
MWM_ClassDist,43,88,1,kd,9.0,74.74,0.1,73.04,0.8019713889122009,73.96,0.7918627543449401,,,,,,0.9199999999999875,-0.010108634567260744,81-100
MWM_ClassDist,43,88,2,kd,5.0,73.34,0.1,72.72,0.7944664531707764,72.42,0.8594387342453003,,,,,,-0.29999999999999716,0.06497228107452391,81-100
MWM_ClassDist,43,89,4,ce,,,0.1,72.68,0.8115172413825988,71.32,0.8322532502174378,9.0,74.74,74.74,73.22,0.7798612695217133,-1.3600000000000136,0.020736008834838948,81-100
MWM_ClassDist,43,89,6,kd,1.0,73.96,0.1,73.42,0.7775470093727112,73.36,0.8193796191215516,,,,,,-0.060000000000002274,0.0418326097488404,81-100
MWM_ClassDist,43,89,7,kd,3.0,72.9,0.1,72.18,0.8340439213752746,72.82,0.8015438333511352,,,,,,0.6399999999999864,-0.032500088024139395,81-100
MWM_ClassDist,43,89,5,kd,9.0,74.74,0.1,73.34,0.7849693323135376,73.24,0.8000554977416993,,,,,,-0.10000000000000853,0.015086165428161658,81-100
MWM_ClassDist,43,89,2,kd,8.0,74.08,0.1,72.42,0.8594387342453003,73.06,0.795680881023407,,,,,,0.6400000000000006,-0.06375785322189331,81-100
MWM_ClassDist,43,90,7,kd,1.0,73.96,0.1,72.82,0.8015438333511352,73.82,0.7954826483726501,,,,,,1.0,-0.006061184978485068,81-100
MWM_ClassDist,43,90,6,kd,8.0,74.08,0.1,73.36,0.8193796191215516,73.34,0.7887210367202758,,,,,,-0.01999999999999602,-0.030658582401275725,81-100
MWM_ClassDist,43,90,4,kd,2.0,73.06,0.1,71.32,0.8322532502174378,73.12,0.8039009211540222,,,,,,1.8000000000000114,-0.02835232906341556,81-100
MWM_ClassDist,43,90,3,kd,9.0,74.74,0.1,72.9,0.8067852277755737,72.9,0.8269153589248657,,,,,,0.0,0.020130131149291963,81-100
MWM_ClassDist,43,90,5,ce,,,0.1,73.24,0.8000554977416993,72.96,0.7953634803771973,9.0,74.74,74.74,73.28,0.78919827003479,-0.28000000000000114,-0.004692017364501977,81-100
MWM_ClassDist,43,91,5,kd,8.0,74.08,0.1,72.96,0.7953634803771973,73.4,0.7909863090515137,,,,,,0.44000000000001194,-0.004377171325683604,81-100
MWM_ClassDist,43,91,6,kd,1.0,73.96,0.1,73.34,0.7887210367202758,73.36,0.7947289204597473,,,,,,0.01999999999999602,0.006007883739471476,81-100
MWM_ClassDist,43,91,3,ce,,,0.1,72.9,0.8269153589248657,65.86,1.0640556916236878,9.0,74.74,74.74,72.44,0.8394022871017456,-7.040000000000006,0.23714033269882218,81-100
MWM_ClassDist,43,91,2,kd,9.0,74.74,0.1,73.06,0.795680881023407,73.66,0.7761356108665466,,,,,,0.5999999999999943,-0.01954527015686036,81-100
MWM_ClassDist,43,91,4,kd,7.0,73.82,0.1,73.12,0.8039009211540222,73.08,0.8417368807792663,,,,,,-0.04000000000000625,0.03783595962524411,81-100
MWM_ClassDist,43,92,3,kd,8.0,74.08,0.1,65.86,1.0640556916236878,72.54,0.7915900916099549,,,,,,6.680000000000007,-0.272465600013733,81-100
MWM_ClassDist,43,92,2,kd,1.0,73.96,0.1,73.66,0.7761356108665466,73.2,0.7991979741096497,,,,,,-0.45999999999999375,0.023062363243103068,81-100
MWM_ClassDist,43,92,4,kd,9.0,74.74,0.1,73.08,0.8417368807792663,73.04,0.783022339439392,,,,,,-0.03999999999999204,-0.058714541339874304,81-100
MWM_ClassDist,43,92,5,kd,7.0,73.82,0.1,73.4,0.7909863090515137,74.04,0.7944754117012024,,,,,,0.6400000000000006,0.0034891026496887134,81-100
MWM_ClassDist,43,92,6,ce,,,0.1,73.36,0.7947289204597473,72.32,0.7909050494670868,9.0,74.74,74.74,74.16,0.7543292359352112,-1.0400000000000063,-0.003823870992660461,81-100
MWM_ClassDist,43,93,7,ce,,,0.1,73.82,0.7954826483726501,75.9,0.7137013461112977,9.0,74.74,74.74,74.1,0.7697008703708649,2.0800000000000125,-0.0817813022613525,81-100
MWM_ClassDist,43,93,6,kd,2.0,73.2,0.1,72.32,0.7909050494670868,72.68,0.8485178574562072,,,,,,0.36000000000001364,0.057612807989120385,81-100
MWM_ClassDist,43,93,5,kd,8.0,74.08,0.1,74.04,0.7944754117012024,73.14,0.787822722530365,,,,,,-0.9000000000000057,-0.006652689170837389,81-100
MWM_ClassDist,43,93,4,kd,9.0,74.74,0.1,73.04,0.783022339439392,73.66,0.774534175825119,,,,,,0.6199999999999903,-0.00848816361427307,81-100
MWM_ClassDist,43,93,3,kd,1.0,73.96,0.1,72.54,0.7915900916099549,73.16,0.8029409914970398,,,,,,0.6199999999999903,0.011350899887084931,81-100
MWM_ClassDist,43,94,4,kd,8.0,74.08,0.1,73.66,0.774534175825119,73.1,0.792343195438385,,,,,,-0.5600000000000023,0.017809019613266086,81-100
MWM_ClassDist,43,94,3,ce,,,0.1,73.16,0.8029409914970398,71.98,0.8392305011749268,7.0,75.9,75.9,73.98,0.755091083240509,-1.1799999999999926,0.03628950967788702,81-100
MWM_ClassDist,43,94,5,kd,1.0,73.96,0.1,73.14,0.787822722530365,73.78,0.7765671222686767,,,,,,0.6400000000000006,-0.011255600261688259,81-100
MWM_ClassDist,43,94,2,kd,7.0,75.9,0.1,73.2,0.7991979741096497,75.14,0.7172538886070251,,,,,,1.9399999999999977,-0.08194408550262455,81-100
MWM_ClassDist,43,94,6,kd,9.0,74.74,0.1,72.68,0.8485178574562072,73.0,0.8019488273620605,,,,,,0.3199999999999932,-0.0465690300941467,81-100
MWM_ClassDist,43,95,4,ce,,,0.1,73.1,0.792343195438385,68.94,0.9127538614273071,7.0,75.9,75.9,73.54,0.7899892384529114,-4.159999999999997,0.12041066598892203,81-100
MWM_ClassDist,43,95,1,kd,8.0,74.08,0.1,73.96,0.7918627543449401,71.98,0.8328621766090393,,,,,,-1.9799999999999898,0.04099942226409914,81-100
MWM_ClassDist,43,95,6,kd,7.0,75.9,0.1,73.0,0.8019488273620605,74.2,0.7587583800315857,,,,,,1.2000000000000028,-0.043190447330474835,81-100
MWM_ClassDist,43,95,9,kd,2.0,75.14,0.1,74.74,0.754302328968048,74.36,0.7466902048110962,,,,,,-0.37999999999999545,-0.007612124156951894,81-100
MWM_ClassDist,43,95,3,kd,5.0,73.78,0.1,71.98,0.8392305011749268,73.58,0.7681726822853089,,,,,,1.5999999999999943,-0.07105781888961793,81-100
MWM_ClassDist,43,96,1,kd,2.0,75.14,0.1,71.98,0.8328621766090393,72.1,0.8244355470657349,,,,,,0.11999999999999034,-0.00842662954330442,81-100
MWM_ClassDist,43,96,4,kd,9.0,74.36,0.1,68.94,0.9127538614273071,74.62,0.7473264169692994,,,,,,5.680000000000007,-0.16542744445800772,81-100
MWM_ClassDist,43,96,3,kd,7.0,75.9,0.1,73.58,0.7681726822853089,74.9,0.728729814529419,,,,,,1.3200000000000074,-0.0394428677558899,81-100
MWM_ClassDist,43,96,8,kd,6.0,74.2,0.1,74.08,0.7712495496749878,73.62,0.7706477399826049,,,,,,-0.45999999999999375,-0.000601809692382882,81-100
MWM_ClassDist,43,96,5,ce,,,0.1,73.78,0.7765671222686767,72.2,0.8190386534690857,7.0,75.9,75.9,73.68,0.7585721659183502,-1.5799999999999983,0.04247153120040892,81-100
MWM_ClassDist,43,97,9,ce,,,0.1,74.36,0.7466902048110962,71.76,0.8335537399291992,7.0,75.9,75.9,73.98,0.7693262919425964,-2.5999999999999943,0.08686353511810307,81-100
MWM_ClassDist,43,97,5,kd,6.0,74.2,0.1,72.2,0.8190386534690857,73.5,0.7757974788665771,,,,,,1.2999999999999972,-0.043241174602508536,81-100
MWM_ClassDist,43,97,2,kd,7.0,75.9,0.1,75.14,0.7172538886070251,73.54,0.7699672737598419,,,,,,-1.5999999999999943,0.05271338515281676,81-100
MWM_ClassDist,43,97,8,kd,4.0,74.62,0.1,73.62,0.7706477399826049,73.82,0.7532996771812439,,,,,,0.19999999999998863,-0.01734806280136103,81-100
MWM_ClassDist,43,97,1,kd,3.0,74.9,0.1,72.1,0.8244355470657349,73.54,0.777614847946167,,,,,,1.440000000000012,-0.04682069911956788,81-100
MWM_ClassDist,43,98,6,kd,4.0,74.62,0.1,74.2,0.7587583800315857,74.78,0.7512420732498168,,,,,,0.5799999999999983,-0.0075163067817688445,81-100
MWM_ClassDist,43,98,5,kd,1.0,73.54,0.1,73.5,0.7757974788665771,73.64,0.7739891823768615,,,,,,0.14000000000000057,-0.0018082964897155884,81-100
MWM_ClassDist,43,98,2,ce,,,0.1,73.54,0.7699672737598419,68.28,0.9397765499114991,7.0,75.9,75.9,74.46,0.7458016435623169,-5.260000000000005,0.1698092761516572,81-100
MWM_ClassDist,43,98,8,kd,3.0,74.9,0.1,73.82,0.7532996771812439,74.3,0.7619047512531281,,,,,,0.480000000000004,0.008605074071884156,81-100
MWM_ClassDist,43,98,9,kd,7.0,75.9,0.1,71.76,0.8335537399291992,74.66,0.739082648563385,,,,,,2.8999999999999915,-0.09447109136581422,81-100
MWM_ClassDist,43,99,2,kd,4.0,74.62,0.1,68.28,0.9397765499114991,74.2,0.7585921384811402,,,,,,5.920000000000002,-0.1811844114303589,81-100
MWM_ClassDist,43,99,8,kd,6.0,74.78,0.1,74.3,0.7619047512531281,74.72,0.7439113825798035,,,,,,0.4200000000000017,-0.017993368673324572,81-100
MWM_ClassDist,43,99,9,ce,,,0.1,74.66,0.739082648563385,74.82,0.7422188014030456,7.0,75.9,75.9,73.78,0.7647815350532532,0.1599999999999966,0.003136152839660622,81-100
MWM_ClassDist,43,99,1,kd,7.0,75.9,0.1,73.54,0.777614847946167,73.88,0.7724351426124573,,,,,,0.3399999999999892,-0.005179705333709705,81-100
MWM_ClassDist,43,99,5,kd,3.0,74.9,0.1,73.64,0.7739891823768615,74.46,0.7444875699520112,,,,,,0.8199999999999932,-0.029501612424850387,81-100
MWM_ClassDist,43,100,8,kd,3.0,74.9,0.1,74.72,0.7439113825798035,72.72,0.8048076995849609,,,,,,-2.0,0.06089631700515741,81-100
MWM_ClassDist,43,100,1,kd,9.0,74.82,0.1,73.88,0.7724351426124573,72.58,0.8265629958152771,,,,,,-1.2999999999999972,0.054127853202819876,81-100
MWM_ClassDist,43,100,2,ce,,,0.1,74.2,0.7585921384811402,73.34,0.78453630361557,7.0,75.9,75.9,75.62,0.7291375447750091,-0.8599999999999994,0.025944165134429875,81-100
MWM_ClassDist,43,100,5,kd,6.0,74.78,0.1,74.46,0.7444875699520112,74.58,0.7634557036876678,,,,,,0.12000000000000455,0.018968133735656645,81-100
MWM_ClassDist,43,100,4,kd,7.0,75.9,0.1,74.62,0.7473264169692994,74.42,0.7359594098091126,,,,,,-0.20000000000000284,-0.011367007160186793,81-100
MWM_ClassDist,43,101,8,kd,4.0,74.42,0.1,72.72,0.8048076995849609,72.88,0.8031077540397644,,,,,,0.1599999999999966,-0.0016999455451964796,101-120
MWM_ClassDist,43,101,1,kd,5.0,74.58,0.1,72.58,0.8265629958152771,72.96,0.8137572906017303,,,,,,0.37999999999999545,-0.012805705213546847,101-120
MWM_ClassDist,43,101,3,ce,,,0.1,74.9,0.728729814529419,70.4,0.8618371641159057,7.0,75.9,75.9,74.34,0.755394365310669,-4.5,0.13310734958648673,101-120
MWM_ClassDist,43,101,2,kd,6.0,74.78,0.1,73.34,0.78453630361557,74.54,0.749655419921875,,,,,,1.2000000000000028,-0.03488088369369502,101-120
MWM_ClassDist,43,101,9,kd,7.0,75.9,0.1,74.82,0.7422188014030456,74.46,0.7353683394432068,,,,,,-0.35999999999999943,-0.006850461959838849,101-120
MWM_ClassDist,43,102,4,kd,5.0,74.58,0.1,74.42,0.7359594098091126,73.8,0.7843488083839416,,,,,,-0.6200000000000045,0.048389398574829046,101-120
MWM_ClassDist,43,102,9,kd,6.0,74.78,0.1,74.46,0.7353683394432068,75.28,0.7315773449897766,,,,,,0.8200000000000074,-0.0037909944534302298,101-120
MWM_ClassDist,43,102,1,kd,7.0,75.9,0.1,72.96,0.8137572906017303,73.9,0.7826501304626465,,,,,,0.9400000000000119,-0.031107160139083767,101-120
MWM_ClassDist,43,102,3,kd,2.0,74.54,0.1,70.4,0.8618371641159057,72.88,0.8150073330879212,,,,,,2.4799999999999898,-0.04682983102798455,101-120
MWM_ClassDist,43,102,8,ce,,,0.1,72.88,0.8031077540397644,72.04,0.8217707297801972,7.0,75.9,75.9,72.74,0.796764520072937,-0.8399999999999892,0.01866297574043274,101-120
MWM_ClassDist,43,103,6,ce,,,0.1,74.78,0.7512420732498168,73.68,0.7747474078178406,7.0,75.9,75.9,74.62,0.758752014541626,-1.0999999999999943,0.023505334568023728,101-120
MWM_ClassDist,43,103,4,kd,7.0,75.9,0.1,73.8,0.7843488083839416,73.92,0.7815228670120239,,,,,,0.12000000000000455,-0.0028259413719177173,101-120
MWM_ClassDist,43,103,8,kd,2.0,74.54,0.1,72.04,0.8217707297801972,72.72,0.8176973854541778,,,,,,0.6799999999999926,-0.004073344326019357,101-120
MWM_ClassDist,43,103,1,kd,9.0,75.28,0.1,73.9,0.7826501304626465,73.36,0.799760807800293,,,,,,-0.5400000000000063,0.017110677337646485,101-120
MWM_ClassDist,43,103,3,kd,5.0,74.58,0.1,72.88,0.8150073330879212,73.8,0.7919140428543091,,,,,,0.9200000000000017,-0.023093290233612063,101-120
MWM_ClassDist,43,104,1,ce,,,0.1,73.36,0.799760807800293,70.78,0.8431397346496582,7.0,75.9,75.9,72.46,0.8372358852386474,-2.5799999999999983,0.043378926849365174,101-120
MWM_ClassDist,43,104,6,kd,2.0,74.54,0.1,73.68,0.7747474078178406,74.88,0.755177631855011,,,,,,1.1999999999999886,-0.019569775962829605,101-120
MWM_ClassDist,43,104,3,kd,7.0,75.9,0.1,73.8,0.7919140428543091,74.46,0.7537581926345825,,,,,,0.6599999999999966,-0.03815585021972656,101-120
MWM_ClassDist,43,104,4,kd,5.0,74.58,0.1,73.92,0.7815228670120239,74.08,0.7740314973831177,,,,,,0.1599999999999966,-0.007491369628906175,101-120
MWM_ClassDist,43,104,8,kd,9.0,75.28,0.1,72.72,0.8176973854541778,74.92,0.7442713318824768,,,,,,2.200000000000003,-0.07342605357170096,101-120
MWM_ClassDist,43,105,1,kd,2.0,74.54,0.1,70.78,0.8431397346496582,74.74,0.7543526249885559,,,,,,3.9599999999999937,-0.08878710966110226,101-120
MWM_ClassDist,43,105,4,ce,,,0.1,74.08,0.7740314973831177,70.82,0.8566731105804444,7.0,75.9,75.9,74.14,0.7580966467857361,-3.260000000000005,0.08264161319732666,101-120
MWM_ClassDist,43,105,6,kd,8.0,74.92,0.1,74.88,0.755177631855011,74.96,0.7508856689453125,,,,,,0.0799999999999983,-0.004291962909698466,101-120
MWM_ClassDist,43,105,3,kd,9.0,75.28,0.1,74.46,0.7537581926345825,74.5,0.7422488510131836,,,,,,0.04000000000000625,-0.011509341621398939,101-120
MWM_ClassDist,43,105,5,kd,7.0,75.9,0.1,74.58,0.7634557036876678,74.02,0.752569079875946,,,,,,-0.5600000000000023,-0.010886623811721785,101-120
MWM_ClassDist,43,106,3,ce,,,0.1,74.5,0.7422488510131836,70.68,0.8584789928436279,7.0,75.9,75.9,73.58,0.7848914573669433,-3.819999999999993,0.11623014183044433,101-120
MWM_ClassDist,43,106,4,kd,2.0,74.54,0.1,70.82,0.8566731105804444,74.22,0.752262204837799,,,,,,3.4000000000000057,-0.10441090574264533,101-120
MWM_ClassDist,43,106,5,kd,9.0,75.28,0.1,74.02,0.752569079875946,73.5,0.7960809791564941,,,,,,-0.519999999999996,0.043511899280548105,101-120
MWM_ClassDist,43,106,1,kd,6.0,74.96,0.1,74.74,0.7543526249885559,74.1,0.7840056290626526,,,,,,-0.6400000000000006,0.029653004074096656,101-120
MWM_ClassDist,43,106,8,kd,7.0,75.9,0.1,74.92,0.7442713318824768,74.6,0.7353031384944916,,,,,,-0.3200000000000074,-0.008968193387985268,101-120
MWM_ClassDist,43,107,3,kd,4.0,74.22,0.1,70.68,0.8584789928436279,73.98,0.7823091018676758,,,,,,3.299999999999997,-0.07616989097595217,101-120
MWM_ClassDist,43,107,1,kd,7.0,75.9,0.1,74.1,0.7840056290626526,74.4,0.7595368000030518,,,,,,0.30000000000001137,-0.024468829059600794,101-120
MWM_ClassDist,43,107,8,kd,9.0,75.28,0.1,74.6,0.7353031384944916,74.24,0.7720473610401154,,,,,,-0.35999999999999943,0.03674422254562382,101-120
MWM_ClassDist,43,107,2,kd,6.0,74.96,0.1,74.54,0.749655419921875,74.32,0.7534916693210602,,,,,,-0.22000000000001307,0.003836249399185143,101-120
MWM_ClassDist,43,107,5,ce,,,0.1,73.5,0.7960809791564941,71.82,0.8256715613365173,7.0,75.9,75.9,74.34,0.7462608522415161,-1.6800000000000068,0.029590582180023195,101-120
MWM_ClassDist,43,108,4,kd,6.0,74.96,0.1,74.22,0.752262204837799,73.68,0.7797259615898132,,,,,,-0.539999999999992,0.02746375675201418,101-120
MWM_ClassDist,43,108,3,ce,,,0.1,73.98,0.7823091018676758,72.82,0.8297825283527375,7.0,75.9,75.9,75.64,0.7204794206619263,-1.1600000000000108,0.0474734264850617,101-120
MWM_ClassDist,43,108,5,kd,7.0,75.9,0.1,71.82,0.8256715613365173,74.96,0.7449272817611694,,,,,,3.1400000000000006,-0.08074427957534791,101-120
MWM_ClassDist,43,108,1,kd,9.0,75.28,0.1,74.4,0.7595368000030518,74.82,0.7525615449905395,,,,,,0.4199999999999875,-0.0069752550125122825,101-120
MWM_ClassDist,43,108,8,kd,2.0,74.32,0.1,74.24,0.7720473610401154,72.9,0.8033298607826233,,,,,,-1.3399999999999892,0.03128249974250785,101-120
MWM_ClassDist,43,109,1,ce,,,0.1,74.82,0.7525615449905395,66.34,1.0138705330848694,7.0,75.9,75.9,72.94,0.8028508490085602,-8.47999999999999,0.2613089880943299,101-120
MWM_ClassDist,43,109,2,kd,7.0,75.9,0.1,74.32,0.7534916693210602,75.76,0.7118417499542237,,,,,,1.440000000000012,-0.041649919366836485,101-120
MWM_ClassDist,43,109,4,kd,5.0,74.96,0.1,73.68,0.7797259615898132,73.8,0.7765066573143006,,,,,,0.11999999999999034,-0.0032193042755126466,101-120
MWM_ClassDist,43,109,8,kd,9.0,75.28,0.1,72.9,0.8033298607826233,73.82,0.7662259884357452,,,,,,0.9199999999999875,-0.037103872346878064,101-120
MWM_ClassDist,43,109,3,kd,6.0,74.96,0.1,72.82,0.8297825283527375,74.58,0.7606211665153504,,,,,,1.7600000000000051,-0.06916136183738708,101-120
MWM_ClassDist,43,110,8,kd,7.0,75.9,0.1,73.82,0.7662259884357452,74.54,0.7602341521263123,,,,,,0.7200000000000131,-0.005991836309432896,101-120
MWM_ClassDist,43,110,4,kd,6.0,74.96,0.1,73.8,0.7765066573143006,73.74,0.8036238747596741,,,,,,-0.060000000000002274,0.027117217445373543,101-120
MWM_ClassDist,43,110,2,ce,,,0.1,75.76,0.7118417499542237,73.12,0.7866626202583313,7.0,75.9,75.9,74.14,0.7515158045768737,-2.6400000000000006,0.07482087030410767,101-120
MWM_ClassDist,43,110,1,kd,9.0,75.28,0.1,66.34,1.0138705330848694,74.74,0.7524302361965179,,,,,,8.399999999999991,-0.26144029688835146,101-120
MWM_ClassDist,43,110,3,kd,5.0,74.96,0.1,74.58,0.7606211665153504,74.1,0.761946297121048,,,,,,-0.480000000000004,0.0013251306056976109,101-120
MWM_ClassDist,43,111,1,ce,,,0.1,74.74,0.7524302361965179,71.52,0.8538378122329712,7.0,75.9,75.9,74.62,0.7603993173599243,-3.219999999999999,0.10140757603645323,101-120
MWM_ClassDist,43,111,3,kd,9.0,75.28,0.1,74.1,0.761946297121048,74.22,0.7740567572593688,,,,,,0.12000000000000455,0.012110460138320844,101-120
MWM_ClassDist,43,111,6,kd,5.0,74.96,0.1,74.96,0.7508856689453125,72.84,0.8130738887786865,,,,,,-2.1199999999999903,0.06218821983337397,101-120
MWM_ClassDist,43,111,4,kd,7.0,75.9,0.1,73.74,0.8036238747596741,73.56,0.778408511543274,,,,,,-0.1799999999999926,-0.025215363216400166,101-120
MWM_ClassDist,43,111,2,kd,8.0,74.54,0.1,73.12,0.7866626202583313,73.46,0.796566710948944,,,,,,0.3399999999999892,0.00990409069061271,101-120
MWM_ClassDist,43,112,2,kd,4.0,73.56,0.1,73.46,0.796566710948944,73.52,0.8155517374038697,,,,,,0.060000000000002274,0.018985026454925613,101-120
MWM_ClassDist,43,112,1,kd,7.0,75.9,0.1,71.52,0.8538378122329712,74.94,0.7451758136749268,,,,,,3.4200000000000017,-0.10866199855804437,101-120
MWM_ClassDist,43,112,5,kd,9.0,75.28,0.1,74.96,0.7449272817611694,74.16,0.7580048107147217,,,,,,-0.7999999999999972,0.013077528953552298,101-120
MWM_ClassDist,43,112,8,ce,,,0.1,74.54,0.7602341521263123,69.96,0.8614321249961853,7.0,75.9,75.9,75.52,0.7336435569763183,-4.5800000000000125,0.10119797286987298,101-120
MWM_ClassDist,43,112,6,kd,3.0,74.22,0.1,72.84,0.8130738887786865,73.66,0.8173081846237182,,,,,,0.8199999999999932,0.004234295845031766,101-120
MWM_ClassDist,43,113,8,kd,7.0,75.9,0.1,69.96,0.8614321249961853,74.86,0.731484802865982,,,,,,4.900000000000006,-0.1299473221302032,101-120
MWM_ClassDist,43,113,4,kd,9.0,75.28,0.1,73.56,0.778408511543274,74.64,0.7484517113685608,,,,,,1.0799999999999983,-0.02995680017471314,101-120
MWM_ClassDist,43,113,6,ce,,,0.1,73.66,0.8173081846237182,72.08,0.8261904143810272,7.0,75.9,75.9,72.52,0.8239006031990052,-1.5799999999999983,0.008882229757309013,101-120
MWM_ClassDist,43,113,2,kd,5.0,74.16,0.1,73.52,0.8155517374038697,73.68,0.7954906621932983,,,,,,0.1600000000000108,-0.020061075210571322,101-120
MWM_ClassDist,43,113,3,kd,1.0,74.94,0.1,74.22,0.7740567572593688,74.72,0.7537799990653992,,,,,,0.5,-0.02027675819396968,101-120
MWM_ClassDist,43,114,4,kd,3.0,74.72,0.1,74.64,0.7484517113685608,72.92,0.8140274669647217,,,,,,-1.7199999999999989,0.06557575559616091,101-120
MWM_ClassDist,43,114,6,kd,7.0,75.9,0.1,72.08,0.8261904143810272,75.18,0.7383526266098023,,,,,,3.1000000000000085,-0.08783778777122497,101-120
MWM_ClassDist,43,114,5,ce,,,0.1,74.16,0.7580048107147217,73.34,0.7785356060981751,7.0,75.9,75.9,74.64,0.7609335941314698,-0.8199999999999932,0.02053079538345337,101-120
MWM_ClassDist,43,114,1,kd,9.0,75.28,0.1,74.94,0.7451758136749268,75.44,0.7270740531921387,,,,,,0.5,-0.01810176048278811,101-120
MWM_ClassDist,43,114,2,kd,8.0,74.86,0.1,73.68,0.7954906621932983,74.42,0.758951383972168,,,,,,0.7399999999999949,-0.036539278221130345,101-120
MWM_ClassDist,43,115,3,kd,8.0,74.86,0.1,74.72,0.7537799990653992,73.6,0.7937472292900085,,,,,,-1.1200000000000045,0.03996723022460935,101-120
MWM_ClassDist,43,115,4,ce,,,0.1,72.92,0.8140274669647217,71.58,0.8797898809432984,7.0,75.9,75.9,74.04,0.7467265554428101,-1.3400000000000034,0.06576241397857663,101-120
MWM_ClassDist,43,115,2,kd,1.0,75.44,0.1,74.42,0.758951383972168,74.66,0.7575273962020874,,,,,,0.23999999999999488,-0.0014239877700805703,101-120
MWM_ClassDist,43,115,5,kd,6.0,75.18,0.1,73.34,0.7785356060981751,74.52,0.7503248812675476,,,,,,1.1799999999999926,-0.028210724830627476,101-120
MWM_ClassDist,43,115,9,kd,7.0,75.9,0.1,75.28,0.7315773449897766,74.02,0.7774336033821106,,,,,,-1.2600000000000051,0.04585625839233409,101-120
MWM_ClassDist,43,116,8,kd,1.0,75.44,0.1,74.86,0.731484802865982,74.42,0.75708501663208,,,,,,-0.4399999999999977,0.025600213766098,101-120
MWM_ClassDist,43,116,9,ce,,,0.1,74.02,0.7774336033821106,70.72,0.8758850914001465,7.0,75.9,75.9,75.04,0.7380185958385468,-3.299999999999997,0.09845148801803583,101-120
MWM_ClassDist,43,116,3,kd,6.0,75.18,0.1,73.6,0.7937472292900085,72.96,0.799103678894043,,,,,,-0.6400000000000006,0.0053564496040344745,101-120
MWM_ClassDist,43,116,5,kd,2.0,74.66,0.1,74.52,0.7503248812675476,72.42,0.8325470852851867,,,,,,-2.0999999999999943,0.08222220401763913,101-120
MWM_ClassDist,43,116,4,kd,7.0,75.9,0.1,71.58,0.8797898809432984,75.66,0.7300331226348877,,,,,,4.079999999999998,-0.14975675830841062,101-120
MWM_ClassDist,43,117,9,ce,,,0.1,70.72,0.8758850914001465,73.52,0.7537679863929748,7.0,75.9,75.9,75.4,0.7209399577140808,2.799999999999997,-0.12211710500717166,101-120
MWM_ClassDist,43,117,8,kd,6.0,75.18,0.1,74.42,0.75708501663208,74.24,0.7603249816894532,,,,,,-0.18000000000000682,0.0032399650573731176,101-120
MWM_ClassDist,43,117,5,kd,7.0,75.9,0.1,72.42,0.8325470852851867,74.58,0.7426396725654602,,,,,,2.1599999999999966,-0.08990741271972658,101-120
MWM_ClassDist,43,117,3,kd,2.0,74.66,0.1,72.96,0.799103678894043,74.48,0.7537464086532593,,,,,,1.5200000000000102,-0.04535727024078373,101-120
MWM_ClassDist,43,117,1,kd,4.0,75.66,0.1,75.44,0.7270740531921387,75.54,0.7376216970443725,,,,,,0.10000000000000853,0.010547643852233834,101-120
MWM_ClassDist,43,118,8,kd,1.0,75.54,0.1,74.24,0.7603249816894532,72.48,0.8564580882072449,,,,,,-1.759999999999991,0.09613310651779172,101-120
MWM_ClassDist,43,118,3,kd,7.0,75.9,0.1,74.48,0.7537464086532593,75.3,0.736137721157074,,,,,,0.8199999999999932,-0.01760868749618527,101-120
MWM_ClassDist,43,118,5,kd,4.0,75.66,0.1,74.58,0.7426396725654602,74.96,0.7354358901500702,,,,,,0.37999999999999545,-0.007203782415389992,101-120
MWM_ClassDist,43,118,9,ce,,,0.1,73.52,0.7537679863929748,75.9,0.7118952253341675,7.0,75.9,75.9,75.6,0.7121464773178101,2.3800000000000097,-0.04187276105880733,101-120
MWM_ClassDist,43,118,2,kd,6.0,75.18,0.1,74.66,0.7575273962020874,73.2,0.7928985210418701,,,,,,-1.4599999999999937,0.035371124839782664,101-120
MWM_ClassDist,43,119,3,kd,4.0,75.66,0.1,75.3,0.736137721157074,74.18,0.7750566776275635,,,,,,-1.1199999999999903,0.038918956470489485,101-120
MWM_ClassDist,43,119,5,kd,7.0,75.9,0.1,74.96,0.7354358901500702,74.7,0.751345015668869,,,,,,-0.2599999999999909,0.01590912551879886,101-120
MWM_ClassDist,43,119,2,ce,,,0.1,73.2,0.7928985210418701,72.18,0.8471813611984252,9.0,75.9,75.9,73.16,0.7956023476600647,-1.019999999999996,0.05428284015655516,101-120
MWM_ClassDist,43,119,8,kd,9.0,75.9,0.1,72.48,0.8564580882072449,72.44,0.8590032313346863,,,,,,-0.04000000000000625,0.0025451431274413627,101-120
MWM_ClassDist,43,119,6,kd,1.0,75.54,0.1,75.18,0.7383526266098023,74.72,0.7534049627304077,,,,,,-0.46000000000000796,0.015052336120605414,101-120
MWM_ClassDist,43,120,4,ce,,,0.1,75.66,0.7300331226348877,72.52,0.8063344687223435,9.0,75.9,75.9,73.8,0.7853659795761109,-3.1400000000000006,0.07630134608745576,101-120
MWM_ClassDist,43,120,8,kd,1.0,75.54,0.1,72.44,0.8590032313346863,74.26,0.7743167057991028,,,,,,1.8200000000000074,-0.08468652553558342,101-120
MWM_ClassDist,43,120,3,kd,7.0,75.9,0.1,74.18,0.7750566776275635,72.74,0.8072700637340545,,,,,,-1.440000000000012,0.03221338610649105,101-120
MWM_ClassDist,43,120,2,kd,5.0,74.7,0.1,72.18,0.8471813611984252,74.52,0.7391737589359283,,,,,,2.339999999999989,-0.10800760226249695,101-120
MWM_ClassDist,43,120,6,kd,9.0,75.9,0.1,74.72,0.7534049627304077,74.92,0.7443642970085144,,,,,,0.20000000000000284,-0.009040665721893326,101-120
MWM_ClassDist,43,121,3,kd,1.0,75.54,0.1,72.74,0.8072700637340545,73.44,0.7985326162338257,,,,,,0.7000000000000028,-0.008737447500228868,121-140
MWM_ClassDist,43,121,2,ce,,,0.1,74.52,0.7391737589359283,73.16,0.775375959777832,9.0,75.9,75.9,73.82,0.7842941168785095,-1.3599999999999994,0.03620220084190373,121-140
MWM_ClassDist,43,121,8,kd,9.0,75.9,0.1,74.26,0.7743167057991028,74.02,0.7816113595962524,,,,,,-0.2400000000000091,0.007294653797149553,121-140
MWM_ClassDist,43,121,5,kd,6.0,74.92,0.1,74.7,0.751345015668869,73.92,0.7871191799163818,,,,,,-0.7800000000000011,0.035774164247512785,121-140
MWM_ClassDist,43,121,4,kd,7.0,75.9,0.1,72.52,0.8063344687223435,75.62,0.7187629291057587,,,,,,3.1000000000000085,-0.08757153961658481,121-140
MWM_ClassDist,43,122,8,kd,7.0,75.9,0.1,74.02,0.7816113595962524,74.38,0.752421014213562,,,,,,0.35999999999999943,-0.029190345382690386,121-140
MWM_ClassDist,43,122,3,ce,,,0.1,73.44,0.7985326162338257,68.7,0.9151720533370972,9.0,75.9,75.9,73.66,0.8107901837348938,-4.739999999999995,0.11663943710327151,121-140
MWM_ClassDist,43,122,6,kd,4.0,75.62,0.1,74.92,0.7443642970085144,74.36,0.7601501052856445,,,,,,-0.5600000000000023,0.015785808277130164,121-140
MWM_ClassDist,43,122,5,kd,1.0,75.54,0.1,73.92,0.7871191799163818,74.6,0.77747344789505,,,,,,0.6799999999999926,-0.009645732021331788,121-140
MWM_ClassDist,43,122,2,kd,9.0,75.9,0.1,73.16,0.775375959777832,74.92,0.7412546061515808,,,,,,1.7600000000000051,-0.03412135362625124,121-140
MWM_ClassDist,43,123,5,kd,7.0,75.9,0.1,74.6,0.77747344789505,75.24,0.7292051557540894,,,,,,0.6400000000000006,-0.04826829214096062,121-140
MWM_ClassDist,43,123,3,ce,,,0.1,68.7,0.9151720533370972,73.28,0.7858851531028748,9.0,75.9,75.9,74.7,0.7523486662864685,4.579999999999998,-0.1292869002342224,121-140
MWM_ClassDist,43,123,8,kd,9.0,75.9,0.1,74.38,0.752421014213562,75.32,0.750532814502716,,,,,,0.9399999999999977,-0.0018881997108459725,121-140
MWM_ClassDist,43,123,6,kd,2.0,74.92,0.1,74.36,0.7601501052856445,72.9,0.8336833296775817,,,,,,-1.4599999999999937,0.07353322439193721,121-140
MWM_ClassDist,43,123,1,kd,4.0,75.62,0.1,75.54,0.7376216970443725,74.86,0.744977296257019,,,,,,-0.6800000000000068,0.007355599212646502,121-140
MWM_ClassDist,43,124,3,kd,4.0,75.62,0.1,73.28,0.7858851531028748,75.62,0.721027539730072,,,,,,2.3400000000000034,-0.06485761337280271,121-140
MWM_ClassDist,43,124,6,ce,,,0.1,72.9,0.8336833296775817,70.08,0.8978119867324829,9.0,75.9,75.9,73.1,0.7934584788322449,-2.8200000000000074,0.06412865705490112,121-140
MWM_ClassDist,43,124,2,kd,5.0,75.24,0.1,74.92,0.7412546061515808,75.08,0.7198430292606354,,,,,,0.1599999999999966,-0.021411576890945416,121-140
MWM_ClassDist,43,124,1,kd,9.0,75.9,0.1,74.86,0.744977296257019,74.4,0.7705324933052063,,,,,,-0.45999999999999375,0.025555197048187317,121-140
MWM_ClassDist,43,124,8,kd,7.0,75.9,0.1,75.32,0.750532814502716,75.32,0.715298365688324,,,,,,0.0,-0.03523444881439208,121-140
MWM_ClassDist,43,125,4,kd,9.0,75.9,0.1,75.62,0.7187629291057587,74.0,0.7860350379943848,,,,,,-1.6200000000000045,0.06727210888862611,121-140
MWM_ClassDist,43,125,1,kd,7.0,75.9,0.1,74.4,0.7705324933052063,76.18,0.7161199378967286,,,,,,1.7800000000000011,-0.05441255540847778,121-140
MWM_ClassDist,43,125,5,ce,,,0.1,75.24,0.7292051557540894,73.36,0.7779079623222351,9.0,75.9,75.9,73.74,0.8088710432052613,-1.8799999999999955,0.04870280656814574,121-140
MWM_ClassDist,43,125,6,kd,3.0,75.62,0.1,70.08,0.8978119867324829,75.04,0.7398217149734497,,,,,,4.960000000000008,-0.15799027175903313,121-140
MWM_ClassDist,43,125,2,kd,8.0,75.32,0.1,75.08,0.7198430292606354,76.08,0.7191491818904877,,,,,,1.0,-0.00069384737014766,121-140
MWM_ClassDist,43,126,6,kd,2.0,76.08,0.1,75.04,0.7398217149734497,75.76,0.7189034999847412,,,,,,0.7199999999999989,-0.020918214988708494,121-140
MWM_ClassDist,43,126,3,ce,,,0.1,75.62,0.721027539730072,70.04,0.8813745667457581,1.0,76.18,76.18,74.7,0.7553782024383545,-5.579999999999998,0.16034702701568604,121-140
MWM_ClassDist,43,126,5,kd,7.0,75.9,0.1,73.36,0.7779079623222351,74.88,0.7393493591308594,,,,,,1.519999999999996,-0.03855860319137572,121-140
MWM_ClassDist,43,126,4,kd,8.0,75.32,0.1,74.0,0.7860350379943848,75.92,0.7058566120147705,,,,,,1.9200000000000017,-0.08017842597961433,121-140
MWM_ClassDist,43,126,9,kd,1.0,76.18,0.1,75.9,0.7118952253341675,75.84,0.7198157084941864,,,,,,-0.060000000000002274,0.00792048316001892,121-140
MWM_ClassDist,43,127,8,kd,9.0,75.84,0.1,75.32,0.715298365688324,75.04,0.7533262754440307,,,,,,-0.2799999999999869,0.0380279097557068,121-140
MWM_ClassDist,43,127,5,ce,,,0.1,74.88,0.7393493591308594,73.48,0.8120459915161132,1.0,76.18,76.18,75.54,0.7270594289779663,-1.3999999999999915,0.07269663238525381,121-140
MWM_ClassDist,43,127,6,kd,1.0,76.18,0.1,75.76,0.7189034999847412,75.76,0.7343783611774445,,,,,,0.0,0.015474861192703249,121-140
MWM_ClassDist,43,127,3,kd,2.0,76.08,0.1,70.04,0.8813745667457581,76.54,0.7014512546539307,,,,,,6.5,-0.17992331209182744,121-140
MWM_ClassDist,43,127,7,kd,4.0,75.92,0.1,75.9,0.7137013461112977,75.24,0.7375592670440674,,,,,,-0.6600000000000108,0.023857920932769727,121-140
MWM_ClassDist,43,128,6,kd,2.0,76.08,0.1,75.76,0.7343783611774445,75.8,0.7227126636505127,,,,,,0.03999999999999204,-0.011665697526931806,121-140
MWM_ClassDist,43,128,7,kd,1.0,76.18,0.1,75.24,0.7375592670440674,74.32,0.7805204730033874,,,,,,-0.9200000000000017,0.04296120595932007,121-140
MWM_ClassDist,43,128,5,kd,3.0,76.54,0.1,73.48,0.8120459915161132,75.6,0.7355222123622894,,,,,,2.1199999999999903,-0.0765237791538238,121-140
MWM_ClassDist,43,128,8,ce,,,0.1,75.04,0.7533262754440307,71.84,0.8201076578140258,3.0,76.54,76.54,75.94,0.7163737677574158,-3.200000000000003,0.06678138236999509,121-140
MWM_ClassDist,43,128,9,kd,4.0,75.92,0.1,75.84,0.7198157084941864,75.58,0.7270155663490295,,,,,,-0.2600000000000051,0.007199857854843117,121-140
MWM_ClassDist,43,129,8,kd,4.0,75.92,0.1,71.84,0.8201076578140258,75.22,0.7302937332153321,,,,,,3.3799999999999955,-0.08981392459869375,121-140
MWM_ClassDist,43,129,7,kd,3.0,76.54,0.1,74.32,0.7805204730033874,74.82,0.748572512435913,,,,,,0.5,-0.0319479605674744,121-140
MWM_ClassDist,43,129,6,ce,,,0.1,75.8,0.7227126636505127,72.56,0.821449494934082,3.0,76.54,76.54,75.3,0.7468353004455567,-3.239999999999995,0.09873683128356936,121-140
MWM_ClassDist,43,129,9,kd,1.0,76.18,0.1,75.58,0.7270155663490295,75.1,0.7197637357234955,,,,,,-0.480000000000004,-0.007251830625534028,121-140
MWM_ClassDist,43,129,5,kd,2.0,76.08,0.1,75.6,0.7355222123622894,75.08,0.7609375314235687,,,,,,-0.519999999999996,0.02541531906127925,121-140
MWM_ClassDist,43,130,9,kd,3.0,76.54,0.1,75.1,0.7197637357234955,75.88,0.733744061422348,,,,,,0.7800000000000011,0.013980325698852547,121-140
MWM_ClassDist,43,130,6,kd,8.0,75.22,0.1,72.56,0.821449494934082,75.82,0.7415364056587219,,,,,,3.259999999999991,-0.07991308927536012,121-140
MWM_ClassDist,43,130,4,kd,1.0,76.18,0.1,75.92,0.7058566120147705,74.56,0.7406177264213561,,,,,,-1.3599999999999994,0.03476111440658569,121-140
MWM_ClassDist,43,130,7,kd,5.0,75.08,0.1,74.82,0.748572512435913,73.48,0.8089061585903168,,,,,,-1.3399999999999892,0.06033364615440373,121-140
MWM_ClassDist,43,130,2,ce,,,0.1,76.08,0.7191491818904877,73.58,0.7612337592124939,3.0,76.54,76.54,75.9,0.7214452834606171,-2.5,0.04208457732200621,121-140
MWM_ClassDist,43,131,7,kd,1.0,76.18,0.1,73.48,0.8089061585903168,74.76,0.7391431378364564,,,,,,1.2800000000000011,-0.06976302075386043,121-140
MWM_ClassDist,43,131,4,kd,6.0,75.82,0.1,74.56,0.7406177264213561,74.06,0.7737986636161804,,,,,,-0.5,0.03318093719482429,121-140
MWM_ClassDist,43,131,9,ce,,,0.1,75.88,0.733744061422348,73.52,0.7929506535053253,3.0,76.54,76.54,75.8,0.705415216255188,-2.3599999999999994,0.059206592082977294,121-140
MWM_ClassDist,43,131,8,kd,3.0,76.54,0.1,75.22,0.7302937332153321,75.52,0.721266406583786,,,,,,0.29999999999999716,-0.00902732663154604,121-140
MWM_ClassDist,43,131,2,kd,5.0,75.08,0.1,73.58,0.7612337592124939,75.66,0.7348478622674942,,,,,,2.0799999999999983,-0.02638589694499971,121-140
MWM_ClassDist,43,132,4,ce,,,0.1,74.06,0.7737986636161804,72.78,0.8090429692268372,3.0,76.54,76.54,75.88,0.72136342587471,-1.2800000000000011,0.03524430561065672,121-140
MWM_ClassDist,43,132,6,kd,3.0,76.54,0.1,75.82,0.7415364056587219,75.2,0.7521206743240356,,,,,,-0.6199999999999903,0.0105842686653137,121-140
MWM_ClassDist,43,132,7,kd,5.0,75.08,0.1,74.76,0.7391431378364564,73.9,0.7846977434396744,,,,,,-0.8599999999999994,0.045554605603218,121-140
MWM_ClassDist,43,132,9,kd,1.0,76.18,0.1,73.52,0.7929506535053253,75.68,0.7323747038841247,,,,,,2.160000000000011,-0.06057594962120061,121-140
MWM_ClassDist,43,132,8,kd,2.0,75.66,0.1,75.52,0.721266406583786,75.06,0.7581503277301789,,,,,,-0.45999999999999375,0.03688392114639283,121-140
MWM_ClassDist,43,133,7,ce,,,0.1,73.9,0.7846977434396744,70.86,0.8161441030502319,3.0,76.54,76.54,74.78,0.7442093093872071,-3.0400000000000063,0.03144635961055753,121-140
MWM_ClassDist,43,133,5,kd,1.0,76.18,0.1,75.08,0.7609375314235687,75.78,0.7159191809177399,,,,,,0.7000000000000028,-0.04501835050582881,121-140
MWM_ClassDist,43,133,6,kd,9.0,75.68,0.1,75.2,0.7521206743240356,73.44,0.7938696637153625,,,,,,-1.7600000000000051,0.041748989391326874,121-140
MWM_ClassDist,43,133,4,kd,8.0,75.06,0.1,72.78,0.8090429692268372,74.54,0.7790471575260163,,,,,,1.7600000000000051,-0.029995811700820885,121-140
MWM_ClassDist,43,133,2,kd,3.0,76.54,0.1,75.66,0.7348478622674942,75.9,0.7079143383979797,,,,,,0.2400000000000091,-0.02693352386951453,121-140
MWM_ClassDist,43,134,8,kd,1.0,76.18,0.1,75.06,0.7581503277301789,73.72,0.772025135231018,,,,,,-1.3400000000000034,0.013874807500839137,121-140
MWM_ClassDist,43,134,4,kd,9.0,75.68,0.1,74.54,0.7790471575260163,73.58,0.7832964572906495,,,,,,-0.960000000000008,0.004249299764633174,121-140
MWM_ClassDist,43,134,7,kd,2.0,75.9,0.1,70.86,0.8161441030502319,73.92,0.7745675992965698,,,,,,3.0600000000000023,-0.041576503753662064,121-140
MWM_ClassDist,43,134,5,ce,,,0.1,75.78,0.7159191809177399,72.82,0.8294838121414184,3.0,76.54,76.54,76.52,0.7121162986755372,-2.960000000000008,0.11356463122367855,121-140
MWM_ClassDist,43,134,6,kd,3.0,76.54,0.1,73.44,0.7938696637153625,76.18,0.7120041854381561,,,,,,2.740000000000009,-0.08186547827720636,121-140
MWM_ClassDist,43,135,7,kd,1.0,76.18,0.1,73.92,0.7745675992965698,74.06,0.7614547200202942,,,,,,0.14000000000000057,-0.01311287927627558,121-140
MWM_ClassDist,43,135,4,kd,3.0,76.54,0.1,73.58,0.7832964572906495,76.14,0.7067657070159912,,,,,,2.5600000000000023,-0.07653075027465828,121-140
MWM_ClassDist,43,135,6,ce,,,0.1,76.18,0.7120041854381561,73.64,0.7689420715332032,3.0,76.54,76.54,74.8,0.7555891860961914,-2.5400000000000063,0.05693788609504702,121-140
MWM_ClassDist,43,135,5,kd,9.0,75.68,0.1,72.82,0.8294838121414184,75.2,0.7366095280647278,,,,,,2.3800000000000097,-0.09287428407669063,121-140
MWM_ClassDist,43,135,8,kd,2.0,75.9,0.1,73.72,0.772025135231018,73.74,0.7731749515533447,,,,,,0.01999999999999602,0.001149816322326691,121-140
MWM_ClassDist,43,136,7,ce,,,0.1,74.06,0.7614547200202942,73.86,0.7903273981094361,3.0,76.54,76.54,74.76,0.7483761749267578,-0.20000000000000284,0.028872678089141846,121-140
MWM_ClassDist,43,136,9,kd,3.0,76.54,0.1,75.68,0.7323747038841247,75.86,0.7236606978416443,,,,,,0.1799999999999926,-0.008714006042480404,121-140
MWM_ClassDist,43,136,8,kd,1.0,76.18,0.1,73.74,0.7731749515533447,74.44,0.7535394764900207,,,,,,0.7000000000000028,-0.01963547506332397,121-140
MWM_ClassDist,43,136,6,kd,4.0,76.14,0.1,73.64,0.7689420715332032,76.26,0.7176326157569886,,,,,,2.6200000000000045,-0.051309455776214596,121-140
MWM_ClassDist,43,136,5,kd,2.0,75.9,0.1,75.2,0.7366095280647278,75.4,0.7503344344139099,,,,,,0.20000000000000284,0.013724906349182109,121-140
MWM_ClassDist,43,137,4,ce,,,0.1,76.14,0.7067657070159912,75.02,0.7271369805335999,3.0,76.54,76.54,75.18,0.7398641697406769,-1.1200000000000045,0.0203712735176087,121-140
MWM_ClassDist,43,137,5,kd,1.0,76.18,0.1,75.4,0.7503344344139099,75.34,0.7393334230422973,,,,,,-0.060000000000002274,-0.011001011371612579,121-140
MWM_ClassDist,43,137,7,kd,9.0,75.86,0.1,73.86,0.7903273981094361,74.36,0.7737080887317658,,,,,,0.5,-0.01661930937767031,121-140
MWM_ClassDist,43,137,8,kd,3.0,76.54,0.1,74.44,0.7535394764900207,74.44,0.7736398006439209,,,,,,0.0,0.020100324153900173,121-140
MWM_ClassDist,43,137,2,kd,6.0,76.26,0.1,75.9,0.7079143383979797,75.78,0.7294053411006928,,,,,,-0.12000000000000455,0.02149100270271309,121-140
MWM_ClassDist,43,138,7,kd,1.0,76.18,0.1,74.36,0.7737080887317658,74.9,0.7577382050514221,,,,,,0.5400000000000063,-0.01596988368034369,121-140
MWM_ClassDist,43,138,2,ce,,,0.1,75.78,0.7294053411006928,73.54,0.7858998765945434,3.0,76.54,76.54,75.62,0.7312570861816406,-2.239999999999995,0.05649453549385064,121-140
MWM_ClassDist,43,138,8,kd,4.0,75.02,0.1,74.44,0.7736398006439209,72.76,0.8483575669288635,,,,,,-1.6799999999999926,0.07471776628494264,121-140
MWM_ClassDist,43,138,5,kd,3.0,76.54,0.1,75.34,0.7393334230422973,76.08,0.7214389079093934,,,,,,0.7399999999999949,-0.017894515132903965,121-140
MWM_ClassDist,43,138,9,kd,6.0,76.26,0.1,75.86,0.7236606978416443,74.68,0.7652367408752442,,,,,,-1.1799999999999926,0.04157604303359985,121-140
MWM_ClassDist,43,139,7,ce,,,0.1,74.9,0.7577382050514221,74.74,0.7326288238048554,3.0,76.54,76.54,75.26,0.748417934846878,-0.1600000000000108,-0.025109381246566698,121-140
MWM_ClassDist,43,139,2,kd,3.0,76.54,0.1,73.54,0.7858998765945434,76.5,0.7022324224472046,,,,,,2.9599999999999937,-0.08366745414733878,121-140
MWM_ClassDist,43,139,4,kd,5.0,76.08,0.1,75.02,0.7271369805335999,75.86,0.7378576113224029,,,,,,0.8400000000000034,0.010720630788803032,121-140
MWM_ClassDist,43,139,8,kd,6.0,76.26,0.1,72.76,0.8483575669288635,75.94,0.7302830311775208,,,,,,3.1799999999999926,-0.11807453575134275,121-140
MWM_ClassDist,43,139,9,kd,1.0,76.18,0.1,74.68,0.7652367408752442,74.3,0.7611404510498047,,,,,,-0.38000000000000966,-0.004096289825439525,121-140
MWM_ClassDist,43,140,8,kd,1.0,76.18,0.1,75.94,0.7302830311775208,75.0,0.7302334696769714,,,,,,-0.9399999999999977,-4.9561500549355486e-05,121-140
MWM_ClassDist,43,140,9,kd,6.0,76.26,0.1,74.3,0.7611404510498047,74.98,0.7400389738082885,,,,,,0.6800000000000068,-0.02110147724151612,121-140
MWM_ClassDist,43,140,4,kd,2.0,76.5,0.1,75.86,0.7378576113224029,75.48,0.726724727344513,,,,,,-0.37999999999999545,-0.011132883977889918,121-140
MWM_ClassDist,43,140,7,kd,3.0,76.54,0.1,74.74,0.7326288238048554,76.38,0.7191062331199646,,,,,,1.6400000000000006,-0.013522590684890812,121-140
MWM_ClassDist,43,140,5,ce,,,0.1,76.08,0.7214389079093934,72.56,0.8029926619052887,3.0,76.54,76.54,75.32,0.7398362212181091,-3.519999999999996,0.08155375399589537,121-140
MWM_ClassDist,43,141,4,ce,,,0.1,75.48,0.726724727344513,74.06,0.7812941358566284,3.0,76.54,76.54,75.4,0.7367055316925049,-1.4200000000000017,0.05456940851211545,141-160
MWM_ClassDist,43,141,5,kd,1.0,76.18,0.1,72.56,0.8029926619052887,75.54,0.7220747754573822,,,,,,2.980000000000004,-0.08091788644790654,141-160
MWM_ClassDist,43,141,9,kd,2.0,76.5,0.1,74.98,0.7400389738082885,75.52,0.7399084217071533,,,,,,0.539999999999992,-0.0001305521011352173,141-160
MWM_ClassDist,43,141,6,kd,7.0,76.38,0.1,76.26,0.7176326157569886,75.82,0.7323123256683349,,,,,,-0.44000000000001194,0.014679709911346372,141-160
MWM_ClassDist,43,141,8,kd,3.0,76.54,0.1,75.0,0.7302334696769714,74.8,0.7504869210720062,,,,,,-0.20000000000000284,0.02025345139503476,141-160
MWM_ClassDist,43,142,4,kd,3.0,76.54,0.1,74.06,0.7812941358566284,76.32,0.7032658194541931,,,,,,2.259999999999991,-0.07802831640243535,141-160
MWM_ClassDist,43,142,8,kd,7.0,76.38,0.1,74.8,0.7504869210720062,75.66,0.7369109928131103,,,,,,0.8599999999999994,-0.013575928258895864,141-160
MWM_ClassDist,43,142,6,kd,2.0,76.5,0.1,75.82,0.7323123256683349,75.9,0.7261717829227448,,,,,,0.0800000000000125,-0.006140542745590172,141-160
MWM_ClassDist,43,142,5,ce,,,0.1,75.54,0.7220747754573822,73.68,0.7801025316715241,3.0,76.54,76.54,75.92,0.7282801249980927,-1.8599999999999994,0.05802775621414191,141-160
MWM_ClassDist,43,142,9,kd,1.0,76.18,0.1,75.52,0.7399084217071533,75.12,0.7404417789459229,,,,,,-0.3999999999999915,0.0005333572387695718,141-160
MWM_ClassDist,43,143,8,kd,3.0,76.54,0.1,75.66,0.7369109928131103,75.54,0.7345227301120758,,,,,,-0.11999999999999034,-0.002388262701034538,141-160
MWM_ClassDist,43,143,9,ce,,,0.1,75.12,0.7404417789459229,70.78,0.8589650590896607,3.0,76.54,76.54,75.8,0.7294846067428589,-4.340000000000003,0.11852328014373781,141-160
MWM_ClassDist,43,143,6,kd,7.0,76.38,0.1,75.9,0.7261717829227448,74.72,0.7664735903739929,,,,,,-1.1800000000000068,0.04030180745124812,141-160
MWM_ClassDist,43,143,1,kd,4.0,76.32,0.1,76.18,0.7161199378967286,74.24,0.7737373574256897,,,,,,-1.940000000000012,0.057617419528961156,141-160
MWM_ClassDist,43,143,5,kd,2.0,76.5,0.1,73.68,0.7801025316715241,75.5,0.7237155392646789,,,,,,1.8199999999999932,-0.05638699240684519,141-160
MWM_ClassDist,43,144,9,kd,3.0,76.54,0.1,70.78,0.8589650590896607,76.8,0.7057376700878143,,,,,,6.019999999999996,-0.1532273890018464,141-160
MWM_ClassDist,43,144,6,kd,4.0,76.32,0.1,74.72,0.7664735903739929,75.34,0.7259173185348511,,,,,,0.6200000000000045,-0.04055627183914179,141-160
MWM_ClassDist,43,144,1,kd,7.0,76.38,0.1,74.24,0.7737373574256897,75.0,0.756380819940567,,,,,,0.7600000000000051,-0.01735653748512267,141-160
MWM_ClassDist,43,144,5,ce,,,0.1,75.5,0.7237155392646789,74.58,0.7554401098251343,3.0,76.54,76.54,75.82,0.7390719946861267,-0.9200000000000017,0.03172457056045541,141-160
MWM_ClassDist,43,144,8,kd,2.0,76.5,0.1,75.54,0.7345227301120758,74.4,0.7649291007041931,,,,,,-1.1400000000000006,0.03040637059211726,141-160
MWM_ClassDist,43,145,1,kd,6.0,75.34,0.1,75.0,0.756380819940567,74.64,0.770732176733017,,,,,,-0.35999999999999943,0.01435135679244992,141-160
MWM_ClassDist,43,145,5,kd,4.0,76.32,0.1,74.58,0.7554401098251343,76.58,0.70152248544693,,,,,,2.0,-0.053917624378204354,141-160
MWM_ClassDist,43,145,7,kd,9.0,76.8,0.1,76.38,0.7191062331199646,75.72,0.7342405457496644,,,,,,-0.6599999999999966,0.015134312629699775,141-160
MWM_ClassDist,43,145,2,kd,3.0,76.54,0.1,76.5,0.7022324224472046,75.82,0.7240202044487,,,,,,-0.6800000000000068,0.021787782001495337,141-160
MWM_ClassDist,43,145,8,ce,,,0.1,74.4,0.7649291007041931,70.42,0.8478025185585022,9.0,76.8,76.8,74.62,0.7527934651374817,-3.980000000000004,0.08287341785430913,141-160
MWM_ClassDist,43,146,1,kd,2.0,75.82,0.1,74.64,0.770732176733017,75.16,0.7691757462501526,,,,,,0.519999999999996,-0.0015564304828643571,141-160
MWM_ClassDist,43,146,8,ce,,,0.1,70.42,0.8478025185585022,72.44,0.8151323935508729,9.0,76.8,76.8,75.84,0.7394379324436188,2.019999999999996,-0.032670125007629336,141-160
MWM_ClassDist,43,146,6,kd,3.0,76.54,0.1,75.34,0.7259173185348511,74.56,0.7738623723983765,,,,,,-0.7800000000000011,0.04794505386352543,141-160
MWM_ClassDist,43,146,5,kd,9.0,76.8,0.1,76.58,0.70152248544693,76.86,0.6853867092132568,,,,,,0.28000000000000114,-0.016135776233673127,141-160
MWM_ClassDist,43,146,7,kd,4.0,76.32,0.1,75.72,0.7342405457496644,75.02,0.7395681049346924,,,,,,-0.7000000000000028,0.00532755918502803,141-160
MWM_ClassDist,43,147,8,kd,4.0,76.32,0.1,72.44,0.8151323935508729,75.88,0.7218366687774658,,,,,,3.4399999999999977,-0.09329572477340708,141-160
MWM_ClassDist,43,147,1,kd,5.0,76.86,0.1,75.16,0.7691757462501526,75.46,0.7331817439079285,,,,,,0.29999999999999716,-0.03599400234222416,141-160
MWM_ClassDist,43,147,7,kd,3.0,76.54,0.1,75.02,0.7395681049346924,75.46,0.7331631476402283,,,,,,0.4399999999999977,-0.006404957294464109,141-160
MWM_ClassDist,43,147,2,ce,,,0.1,75.82,0.7240202044487,72.14,0.8227644102096557,5.0,76.86,76.86,76.68,0.701866153383255,-3.6799999999999926,0.09874420576095577,141-160
MWM_ClassDist,43,147,6,kd,9.0,76.8,0.1,74.56,0.7738623723983765,76.16,0.7329676129341125,,,,,,1.5999999999999943,-0.04089475946426402,141-160
MWM_ClassDist,43,148,7,ce,,,0.1,75.46,0.7331631476402283,72.64,0.8382882992982864,5.0,76.86,76.86,74.58,0.7474799395561218,-2.819999999999993,0.10512515165805814,141-160
MWM_ClassDist,43,148,6,kd,4.0,76.32,0.1,76.16,0.7329676129341125,75.58,0.7317246997833252,,,,,,-0.5799999999999983,-0.0012429131507872837,141-160
MWM_ClassDist,43,148,8,kd,9.0,76.8,0.1,75.88,0.7218366687774658,75.4,0.7251413707256317,,,,,,-0.47999999999998977,0.0033047019481659,141-160
MWM_ClassDist,43,148,2,kd,5.0,76.86,0.1,72.14,0.8227644102096557,76.28,0.7025513180732728,,,,,,4.140000000000001,-0.12021309213638298,141-160
MWM_ClassDist,43,148,1,kd,3.0,76.54,0.1,75.46,0.7331817439079285,74.64,0.7534180407524109,,,,,,-0.8199999999999932,0.02023629684448247,141-160
MWM_ClassDist,43,149,6,kd,5.0,76.86,0.1,75.58,0.7317246997833252,75.44,0.7435205533504486,,,,,,-0.14000000000000057,0.011795853567123427,141-160
MWM_ClassDist,43,149,1,kd,4.0,76.32,0.1,74.64,0.7534180407524109,74.22,0.7731267473220825,,,,,,-0.4200000000000017,0.019708706569671608,141-160
MWM_ClassDist,43,149,7,kd,9.0,76.8,0.1,72.64,0.8382882992982864,76.76,0.7085977974891663,,,,,,4.1200000000000045,-0.12969050180912012,141-160
MWM_ClassDist,43,149,2,kd,3.0,76.54,0.1,76.28,0.7025513180732728,75.7,0.7365980448246002,,,,,,-0.5799999999999983,0.03404672675132747,141-160
MWM_ClassDist,43,149,8,ce,,,0.1,75.4,0.7251413707256317,74.38,0.7632513695716858,5.0,76.86,76.86,76.58,0.6960681652069092,-1.0200000000000102,0.03810999884605415,141-160
MWM_ClassDist,43,150,7,ce,,,0.1,76.76,0.7085977974891663,73.86,0.7721468158721924,5.0,76.86,76.86,75.82,0.7353267763137817,-2.9000000000000057,0.06354901838302607,141-160
MWM_ClassDist,43,150,2,kd,4.0,76.32,0.1,75.7,0.7365980448246002,75.92,0.7357730693340302,,,,,,0.21999999999999886,-0.0008249754905700346,141-160
MWM_ClassDist,43,150,1,kd,5.0,76.86,0.1,74.22,0.7731267473220825,74.24,0.7737329411029815,,,,,,0.01999999999999602,0.0006061937808989892,141-160
MWM_ClassDist,43,150,8,kd,9.0,76.8,0.1,74.38,0.7632513695716858,75.82,0.729626007270813,,,,,,1.4399999999999977,-0.033625362300872874,141-160
MWM_ClassDist,43,150,6,kd,3.0,76.54,0.1,75.44,0.7435205533504486,74.92,0.7277030121803284,,,,,,-0.519999999999996,-0.015817541170120242,141-160
MWM_ClassDist,43,151,6,kd,2.0,75.92,0.1,74.92,0.7277030121803284,74.82,0.7603648212432861,,,,,,-0.10000000000000853,0.03266180906295768,141-160
MWM_ClassDist,43,151,4,kd,5.0,76.86,0.1,76.32,0.7032658194541931,75.6,0.71556162981987,,,,,,-0.7199999999999989,0.012295810365676951,141-160
MWM_ClassDist,43,151,1,kd,8.0,75.82,0.1,74.24,0.7737329411029815,73.5,0.8035766098976135,,,,,,-0.7399999999999949,0.02984366879463196,141-160
MWM_ClassDist,43,151,9,ce,,,0.1,76.8,0.7057376700878143,71.3,0.8575735119342804,5.0,76.86,76.86,75.92,0.726622212934494,-5.5,0.15183584184646615,141-160
MWM_ClassDist,43,151,7,kd,3.0,76.54,0.1,73.86,0.7721468158721924,76.46,0.7044243519306183,,,,,,2.5999999999999943,-0.06772246394157411,141-160
MWM_ClassDist,43,152,1,ce,,,0.1,73.5,0.8035766098976135,71.84,0.8329394222259522,5.0,76.86,76.86,74.7,0.7651261384963989,-1.6599999999999966,0.029362812328338705,141-160
MWM_ClassDist,43,152,4,kd,2.0,75.92,0.1,75.6,0.71556162981987,75.36,0.7435368360042572,,,,,,-0.23999999999999488,0.027975206184387202,141-160
MWM_ClassDist,43,152,9,kd,3.0,76.54,0.1,71.3,0.8575735119342804,76.2,0.7225875785827637,,,,,,4.900000000000006,-0.13498593335151676,141-160
MWM_ClassDist,43,152,8,kd,7.0,76.46,0.1,75.82,0.729626007270813,76.38,0.7131018311500549,,,,,,0.5600000000000023,-0.016524176120758072,141-160
MWM_ClassDist,43,152,6,kd,5.0,76.86,0.1,74.82,0.7603648212432861,73.12,0.7998692695140839,,,,,,-1.6999999999999886,0.0395044482707978,141-160
MWM_ClassDist,43,153,6,ce,,,0.1,73.12,0.7998692695140839,71.72,0.8327885498046875,5.0,76.86,76.86,75.14,0.7278391586303711,-1.4000000000000057,0.03291928029060365,141-160
MWM_ClassDist,43,153,9,kd,8.0,76.38,0.1,76.2,0.7225875785827637,75.38,0.7347420191764832,,,,,,-0.8200000000000074,0.012154440593719507,141-160
MWM_ClassDist,43,153,1,kd,3.0,76.54,0.1,71.84,0.8329394222259522,75.02,0.7499480973243713,,,,,,3.1799999999999926,-0.0829913249015809,141-160
MWM_ClassDist,43,153,4,kd,7.0,76.46,0.1,75.36,0.7435368360042572,76.04,0.7141493556022644,,,,,,0.6800000000000068,-0.029387480401992794,141-160
MWM_ClassDist,43,153,2,kd,5.0,76.86,0.1,75.92,0.7357730693340302,74.92,0.7483471908092498,,,,,,-1.0,0.012574121475219635,141-160
MWM_ClassDist,43,154,6,kd,5.0,76.86,0.1,71.72,0.8327885498046875,75.14,0.7437754001140594,,,,,,3.4200000000000017,-0.08901314969062812,141-160
MWM_ClassDist,43,154,9,ce,,,0.1,75.38,0.7347420191764832,73.38,0.7872284776687622,5.0,76.86,76.86,75.22,0.7461935985088348,-2.0,0.052486458492279064,141-160
MWM_ClassDist,43,154,1,kd,4.0,76.04,0.1,75.02,0.7499480973243713,75.38,0.7313727957248688,,,,,,0.35999999999999943,-0.01857530159950249,141-160
MWM_ClassDist,43,154,7,kd,3.0,76.54,0.1,76.46,0.7044243519306183,76.28,0.7093310963153839,,,,,,-0.1799999999999926,0.004906744384765682,141-160
MWM_ClassDist,43,154,2,kd,8.0,76.38,0.1,74.92,0.7483471908092498,74.8,0.7585299625873566,,,,,,-0.12000000000000455,0.01018277177810678,141-160
MWM_ClassDist,43,155,1,ce,,,0.1,75.38,0.7313727957248688,72.26,0.8272235078334809,5.0,76.86,76.86,75.62,0.7456909058094024,-3.1199999999999903,0.09585071210861207,141-160
MWM_ClassDist,43,155,2,kd,3.0,76.54,0.1,74.8,0.7585299625873566,75.34,0.7545333653926849,,,,,,0.5400000000000063,-0.003996597194671714,141-160
MWM_ClassDist,43,155,6,kd,7.0,76.28,0.1,75.14,0.7437754001140594,75.02,0.7430992178916931,,,,,,-0.12000000000000455,-0.0006761822223663172,141-160
MWM_ClassDist,43,155,4,kd,5.0,76.86,0.1,76.04,0.7141493556022644,75.88,0.7229039181232453,,,,,,-0.1600000000000108,0.008754562520980835,141-160
MWM_ClassDist,43,155,9,kd,8.0,76.38,0.1,73.38,0.7872284776687622,76.26,0.7092619842529296,,,,,,2.8800000000000097,-0.07796649341583262,141-160
MWM_ClassDist,43,156,2,kd,7.0,76.28,0.1,75.34,0.7545333653926849,75.36,0.7371097036361695,,,,,,0.01999999999999602,-0.01742366175651544,141-160
MWM_ClassDist,43,156,6,ce,,,0.1,75.02,0.7430992178916931,73.14,0.7803894188404084,5.0,76.86,76.86,75.58,0.7298348109245301,-1.8799999999999955,0.03729020094871527,141-160
MWM_ClassDist,43,156,9,kd,5.0,76.86,0.1,76.26,0.7092619842529296,76.66,0.6978794031620026,,,,,,0.3999999999999915,-0.011382581090927046,141-160
MWM_ClassDist,43,156,4,kd,8.0,76.38,0.1,75.88,0.7229039181232453,74.88,0.749482850933075,,,,,,-1.0,0.026578932809829703,141-160
MWM_ClassDist,43,156,1,kd,3.0,76.54,0.1,72.26,0.8272235078334809,76.04,0.7107776880264283,,,,,,3.780000000000001,-0.1164458198070526,141-160
MWM_ClassDist,43,157,1,ce,,,0.1,76.04,0.7107776880264283,74.98,0.7305735714912415,5.0,76.86,76.86,76.76,0.6958349859237671,-1.0600000000000023,0.019795883464813202,141-160
MWM_ClassDist,43,157,2,kd,9.0,76.66,0.1,75.36,0.7371097036361695,75.14,0.7430068007946015,,,,,,-0.21999999999999886,0.0058970971584320075,141-160
MWM_ClassDist,43,157,4,kd,5.0,76.86,0.1,74.88,0.749482850933075,76.02,0.7272690594673157,,,,,,1.1400000000000006,-0.022213791465759303,141-160
MWM_ClassDist,43,157,6,kd,3.0,76.54,0.1,73.14,0.7803894188404084,76.56,0.691030106830597,,,,,,3.4200000000000017,-0.0893593120098114,141-160
MWM_ClassDist,43,157,7,kd,8.0,76.38,0.1,76.28,0.7093310963153839,76.96,0.6990881488323212,,,,,,0.6799999999999926,-0.010242947483062759,141-160
MWM_ClassDist,43,158,4,kd,8.0,76.38,0.1,76.02,0.7272690594673157,75.38,0.7454804309844971,,,,,,-0.6400000000000006,0.01821137151718144,141-160
MWM_ClassDist,43,158,6,kd,5.0,76.86,0.1,76.56,0.691030106830597,75.22,0.7394434711933136,,,,,,-1.3400000000000034,0.04841336436271659,141-160
MWM_ClassDist,43,158,9,ce,,,0.1,76.66,0.6978794031620026,73.46,0.7974115648269653,7.0,76.96,76.96,76.72,0.7054468914031983,-3.200000000000003,0.0995321616649627,141-160
MWM_ClassDist,43,158,2,kd,3.0,76.54,0.1,75.14,0.7430068007946015,75.76,0.7215835424423218,,,,,,0.6200000000000045,-0.02142325835227965,141-160
MWM_ClassDist,43,158,1,kd,7.0,76.96,0.1,74.98,0.7305735714912415,76.64,0.7130842309951783,,,,,,1.6599999999999966,-0.01748934049606321,141-160
MWM_ClassDist,43,159,1,ce,,,0.1,76.64,0.7130842309951783,75.36,0.7354519742012023,7.0,76.96,76.96,76.0,0.7301036888599396,-1.2800000000000011,0.022367743206024082,141-160
MWM_ClassDist,43,159,9,kd,3.0,76.54,0.1,73.46,0.7974115648269653,76.02,0.7112892777919769,,,,,,2.5600000000000023,-0.08612228703498837,141-160
MWM_ClassDist,43,159,6,kd,7.0,76.96,0.1,75.22,0.7394434711933136,75.48,0.7494141633510589,,,,,,0.2600000000000051,0.009970692157745376,141-160
MWM_ClassDist,43,159,4,kd,5.0,76.86,0.1,75.38,0.7454804309844971,76.18,0.7285498534679413,,,,,,0.8000000000000114,-0.0169305775165558,141-160
MWM_ClassDist,43,159,2,kd,8.0,76.38,0.1,75.76,0.7215835424423218,74.82,0.7533991390705108,,,,,,-0.9400000000000119,0.031815596628189,141-160
MWM_ClassDist,43,160,4,kd,3.0,76.54,0.1,76.18,0.7285498534679413,75.62,0.7243641119480133,,,,,,-0.5600000000000023,-0.00418574151992801,141-160
MWM_ClassDist,43,160,1,kd,5.0,76.86,0.1,75.36,0.7354519742012023,76.08,0.704488271522522,,,,,,0.7199999999999989,-0.030963702678680316,141-160
MWM_ClassDist,43,160,2,kd,6.0,75.48,0.1,74.82,0.7533991390705108,73.48,0.8172109732151032,,,,,,-1.3399999999999892,0.06381183414459235,141-160
MWM_ClassDist,43,160,8,ce,,,0.1,76.38,0.7131018311500549,72.84,0.7951082025527955,7.0,76.96,76.96,75.66,0.7387885001182556,-3.539999999999992,0.08200637140274059,141-160
MWM_ClassDist,43,160,9,kd,7.0,76.96,0.1,76.02,0.7112892777919769,75.82,0.7339877276897431,,,,,,-0.20000000000000284,0.02269844989776615,141-160
MWM_ClassDist,43,161,4,ce,,,0.1,75.62,0.7243641119480133,71.62,0.8273559643745423,7.0,76.96,76.96,75.24,0.7359186088562012,-4.0,0.10299185242652897,161-180
MWM_ClassDist,43,161,8,kd,7.0,76.96,0.1,72.84,0.7951082025527955,76.44,0.710824061012268,,,,,,3.5999999999999943,-0.08428414154052744,161-180
MWM_ClassDist,43,161,2,kd,5.0,76.86,0.1,73.48,0.8172109732151032,73.44,0.7935183127403259,,,,,,-0.04000000000000625,-0.02369266047477725,161-180
MWM_ClassDist,43,161,6,kd,3.0,76.54,0.1,75.48,0.7494141633510589,75.8,0.737590062379837,,,,,,0.3199999999999932,-0.011824100971221885,161-180
MWM_ClassDist,43,161,9,kd,1.0,76.08,0.1,75.82,0.7339877276897431,76.08,0.7127104348182678,,,,,,0.2600000000000051,-0.021277292871475284,161-180
MWM_ClassDist,43,162,1,ce,,,0.1,76.08,0.704488271522522,76.26,0.6784217228889465,7.0,76.96,76.96,75.92,0.7174948716640472,0.18000000000000682,-0.026066548633575493,161-180
MWM_ClassDist,43,162,9,kd,3.0,76.54,0.1,76.08,0.7127104348182678,77.0,0.6942692641735076,,,,,,0.9200000000000017,-0.01844117064476014,161-180
MWM_ClassDist,43,162,2,kd,7.0,76.96,0.1,73.44,0.7935183127403259,75.04,0.7521573377609253,,,,,,1.6000000000000085,-0.04136097497940061,161-180
MWM_ClassDist,43,162,4,kd,6.0,75.8,0.1,71.62,0.8273559643745423,75.34,0.7340251541137696,,,,,,3.719999999999999,-0.09333081026077272,161-180
MWM_ClassDist,43,162,8,kd,5.0,76.86,0.1,76.44,0.710824061012268,76.28,0.7135155016422272,,,,,,-0.1599999999999966,0.0026914406299591853,161-180
MWM_ClassDist,43,163,4,ce,,,0.1,75.34,0.7340251541137696,74.22,0.7620576830863952,9.0,77.0,77.0,76.24,0.7195170223236084,-1.1200000000000045,0.028032528972625648,161-180
MWM_ClassDist,43,163,3,kd,9.0,77.0,0.1,76.54,0.7014512546539307,75.8,0.7191812643051148,,,,,,-0.7400000000000091,0.017730009651184098,161-180
MWM_ClassDist,43,163,1,kd,8.0,76.28,0.1,76.26,0.6784217228889465,76.12,0.7185337620258331,,,,,,-0.14000000000000057,0.040112039136886546,161-180
MWM_ClassDist,43,163,6,kd,7.0,76.96,0.1,75.8,0.737590062379837,76.34,0.7193817289829254,,,,,,0.5400000000000063,-0.018208333396911636,161-180
MWM_ClassDist,43,163,2,kd,5.0,76.86,0.1,75.04,0.7521573377609253,75.0,0.7608246653556824,,,,,,-0.04000000000000625,0.00866732759475708,161-180
MWM_ClassDist,43,164,6,ce,,,0.1,76.34,0.7193817289829254,71.12,0.8741923177719116,9.0,77.0,77.0,75.48,0.7521365747451783,-5.219999999999999,0.15481058878898624,161-180
MWM_ClassDist,43,164,2,kd,3.0,75.8,0.1,75.0,0.7608246653556824,74.14,0.7776759686470032,,,,,,-0.8599999999999994,0.016851303291320785,161-180
MWM_ClassDist,43,164,4,kd,5.0,76.86,0.1,74.22,0.7620576830863952,76.7,0.6979996383666992,,,,,,2.480000000000004,-0.064058044719696,161-180
MWM_ClassDist,43,164,8,kd,9.0,77.0,0.1,76.28,0.7135155016422272,75.84,0.7339372661590576,,,,,,-0.4399999999999977,0.02042176451683042,161-180
MWM_ClassDist,43,164,1,kd,7.0,76.96,0.1,76.12,0.7185337620258331,75.9,0.7297310125350952,,,,,,-0.21999999999999886,0.011197250509262124,161-180
MWM_ClassDist,43,165,2,kd,1.0,75.9,0.1,74.14,0.7776759686470032,73.08,0.8352015514850617,,,,,,-1.0600000000000023,0.05752558283805853,161-180
MWM_ClassDist,43,165,3,ce,,,0.1,75.8,0.7191812643051148,72.3,0.8216319247245789,9.0,77.0,77.0,76.9,0.7172725189208984,-3.5,0.10245066041946416,161-180
MWM_ClassDist,43,165,6,kd,7.0,76.96,0.1,71.12,0.8741923177719116,77.62,0.683692213344574,,,,,,6.5,-0.19050010442733767,161-180
MWM_ClassDist,43,165,8,kd,5.0,76.86,0.1,75.84,0.7339372661590576,75.38,0.7429732557296753,,,,,,-0.46000000000000796,0.009035989570617686,161-180
MWM_ClassDist,43,165,4,kd,9.0,77.0,0.1,76.7,0.6979996383666992,76.46,0.7146027364730835,,,,,,-0.2400000000000091,0.016603098106384273,161-180
MWM_ClassDist,43,166,1,ce,,,0.1,75.9,0.7297310125350952,77.82,0.6647957748413086,6.0,77.62,77.62,77.8,0.6794973256111145,1.9199999999999875,-0.06493523769378662,161-180
MWM_ClassDist,43,166,4,kd,7.0,76.96,0.1,76.46,0.7146027364730835,76.6,0.7156435502052307,,,,,,0.14000000000000057,0.001040813732147261,161-180
MWM_ClassDist,43,166,8,kd,9.0,77.0,0.1,75.38,0.7429732557296753,75.28,0.7444589267730712,,,,,,-0.09999999999999432,0.0014856710433959197,161-180
MWM_ClassDist,43,166,3,kd,6.0,77.62,0.1,72.3,0.8216319247245789,76.9,0.6954531931877136,,,,,,4.6000000000000085,-0.12617873153686532,161-180
MWM_ClassDist,43,166,2,kd,5.0,76.86,0.1,73.08,0.8352015514850617,74.84,0.7493972750902176,,,,,,1.7600000000000051,-0.08580427639484411,161-180
MWM_ClassDist,43,167,4,kd,3.0,76.9,0.1,76.6,0.7156435502052307,76.94,0.7137763514518738,,,,,,0.3400000000000034,-0.0018671987533569467,161-180
MWM_ClassDist,43,167,5,kd,6.0,77.62,0.1,76.86,0.6853867092132568,76.2,0.7108023772239686,,,,,,-0.6599999999999966,0.02541566801071171,161-180
MWM_ClassDist,43,167,2,kd,9.0,77.0,0.1,74.84,0.7493972750902176,75.7,0.7382465124607086,,,,,,0.8599999999999994,-0.011150762629508981,161-180
MWM_ClassDist,43,167,7,kd,1.0,77.82,0.1,76.96,0.6990881488323212,74.02,0.7807908386230469,,,,,,-2.9399999999999977,0.0817026897907257,161-180
MWM_ClassDist,43,167,8,ce,,,0.1,75.28,0.7444589267730712,71.0,0.8560945393562317,1.0,77.82,77.82,75.26,0.7480067950725555,-4.280000000000001,0.11163561258316046,161-180
MWM_ClassDist,43,168,3,kd,1.0,77.82,0.1,76.9,0.6954531931877136,75.26,0.7316329530239105,,,,,,-1.6400000000000006,0.03617975983619692,161-180
MWM_ClassDist,43,168,8,ce,,,0.1,71.0,0.8560945393562317,74.84,0.729257122707367,1.0,77.82,77.82,75.32,0.7583869167804718,3.8400000000000034,-0.12683741664886472,161-180
MWM_ClassDist,43,168,7,kd,9.0,77.0,0.1,74.02,0.7807908386230469,76.24,0.7234046055793762,,,,,,2.219999999999999,-0.05738623304367063,161-180
MWM_ClassDist,43,168,5,kd,4.0,76.94,0.1,76.2,0.7108023772239686,75.7,0.729990600681305,,,,,,-0.5,0.019188223457336395,161-180
MWM_ClassDist,43,168,2,kd,6.0,77.62,0.1,75.7,0.7382465124607086,73.92,0.8050014637947083,,,,,,-1.7800000000000011,0.06675495133399967,161-180
MWM_ClassDist,43,169,8,kd,4.0,76.94,0.1,74.84,0.729257122707367,76.06,0.7312887806892395,,,,,,1.2199999999999989,0.0020316579818725478,161-180
MWM_ClassDist,43,169,3,ce,,,0.1,75.26,0.7316329530239105,75.44,0.721351964855194,1.0,77.82,77.82,74.26,0.7669993885040283,0.1799999999999926,-0.010280988168716476,161-180
MWM_ClassDist,43,169,5,kd,1.0,77.82,0.1,75.7,0.729990600681305,75.94,0.7347003842830658,,,,,,0.23999999999999488,0.004709783601760886,161-180
MWM_ClassDist,43,169,2,kd,9.0,77.0,0.1,73.92,0.8050014637947083,75.56,0.7468557250499726,,,,,,1.6400000000000006,-0.05814573874473572,161-180
MWM_ClassDist,43,169,7,kd,6.0,77.62,0.1,76.24,0.7234046055793762,76.5,0.7255158681869507,,,,,,0.2600000000000051,0.002111262607574438,161-180
MWM_ClassDist,43,170,8,kd,1.0,77.82,0.1,76.06,0.7312887806892395,76.3,0.7181510498523712,,,,,,0.23999999999999488,-0.013137730836868311,161-180
MWM_ClassDist,43,170,4,kd,9.0,77.0,0.1,76.94,0.7137763514518738,76.04,0.7148573809623718,,,,,,-0.8999999999999915,0.0010810295104980439,161-180
MWM_ClassDist,43,170,3,kd,7.0,76.5,0.1,75.44,0.721351964855194,75.7,0.740428085899353,,,,,,0.2600000000000051,0.01907612104415901,161-180
MWM_ClassDist,43,170,2,ce,,,0.1,75.56,0.7468557250499726,70.34,0.8755748991012573,1.0,77.82,77.82,75.14,0.7497391695976258,-5.219999999999999,0.12871917405128475,161-180
MWM_ClassDist,43,170,5,kd,6.0,77.62,0.1,75.94,0.7347003842830658,77.44,0.6920229471206665,,,,,,1.5,-0.042677437162399356,161-180
MWM_ClassDist,43,171,4,ce,,,0.1,76.04,0.7148573809623718,73.0,0.8125345065116882,1.0,77.82,77.82,75.46,0.7490147568702697,-3.0400000000000063,0.0976771255493164,161-180
MWM_ClassDist,43,171,7,kd,9.0,77.0,0.1,76.5,0.7255158681869507,75.6,0.7236695435523987,,,,,,-0.9000000000000057,-0.0018463246345520323,161-180
MWM_ClassDist,43,171,2,kd,6.0,77.62,0.1,70.34,0.8755748991012573,76.58,0.7078571918487548,,,,,,6.239999999999995,-0.16771770725250246,161-180
MWM_ClassDist,43,171,3,kd,1.0,77.82,0.1,75.7,0.740428085899353,75.9,0.7289967332363129,,,,,,0.20000000000000284,-0.011431352663040184,161-180
MWM_ClassDist,43,171,8,kd,5.0,77.44,0.1,76.3,0.7181510498523712,76.0,0.7269781943798065,,,,,,-0.29999999999999716,0.008827144527435271,161-180
MWM_ClassDist,43,172,4,kd,5.0,77.44,0.1,73.0,0.8125345065116882,76.54,0.7112390440940857,,,,,,3.5400000000000063,-0.10129546241760257,161-180
MWM_ClassDist,43,172,8,kd,9.0,77.0,0.1,76.0,0.7269781943798065,75.92,0.7210125159263611,,,,,,-0.0799999999999983,-0.005965678453445422,161-180
MWM_ClassDist,43,172,7,kd,1.0,77.82,0.1,75.6,0.7236695435523987,73.98,0.7831777834892273,,,,,,-1.6199999999999903,0.05950823993682863,161-180
MWM_ClassDist,43,172,2,ce,,,0.1,76.58,0.7078571918487548,73.78,0.7591654846191406,1.0,77.82,77.82,74.84,0.7428067142963409,-2.799999999999997,0.05130829277038573,161-180
MWM_ClassDist,43,172,3,kd,6.0,77.62,0.1,75.9,0.7289967332363129,76.28,0.7143357970237731,,,,,,0.37999999999999545,-0.014660936212539721,161-180
MWM_ClassDist,43,173,7,kd,4.0,76.54,0.1,73.98,0.7831777834892273,75.72,0.7484291537284851,,,,,,1.7399999999999949,-0.03474862976074222,161-180
MWM_ClassDist,43,173,3,kd,1.0,77.82,0.1,76.28,0.7143357970237731,75.58,0.738512077665329,,,,,,-0.7000000000000028,0.02417628064155586,161-180
MWM_ClassDist,43,173,9,ce,,,0.1,77.0,0.6942692641735076,74.46,0.7638452052116395,1.0,77.82,77.82,75.34,0.7507971454620361,-2.5400000000000063,0.0695759410381318,161-180
MWM_ClassDist,43,173,8,kd,6.0,77.62,0.1,75.92,0.7210125159263611,76.2,0.7117223586559296,,,,,,0.28000000000000114,-0.009290157270431476,161-180
MWM_ClassDist,43,173,2,kd,5.0,77.44,0.1,73.78,0.7591654846191406,76.54,0.7205888207435608,,,,,,2.760000000000005,-0.038576663875579786,161-180
MWM_ClassDist,43,174,7,ce,,,0.1,75.72,0.7484291537284851,73.26,0.776581534576416,1.0,77.82,77.82,74.2,0.7685347891807556,-2.4599999999999937,0.028152380847930925,161-180
MWM_ClassDist,43,174,2,kd,1.0,77.82,0.1,76.54,0.7205888207435608,76.16,0.7336020377159118,,,,,,-0.38000000000000966,0.013013216972351027,161-180
MWM_ClassDist,43,174,9,kd,6.0,77.62,0.1,74.46,0.7638452052116395,75.28,0.7463729273796081,,,,,,0.8200000000000074,-0.017472277832031313,161-180
MWM_ClassDist,43,174,8,kd,4.0,76.54,0.1,76.2,0.7117223586559296,76.04,0.7464426461219787,,,,,,-0.1599999999999966,0.03472028746604916,161-180
MWM_ClassDist,43,174,3,kd,5.0,77.44,0.1,75.58,0.738512077665329,77.6,0.6979003684520722,,,,,,2.019999999999996,-0.04061170921325685,161-180
MWM_ClassDist,43,175,9,kd,3.0,77.6,0.1,75.28,0.7463729273796081,76.68,0.7184514139175415,,,,,,1.4000000000000057,-0.027921513462066616,161-180
MWM_ClassDist,43,175,8,kd,1.0,77.82,0.1,76.04,0.7464426461219787,76.32,0.7131889374256134,,,,,,0.2799999999999869,-0.03325370869636535,161-180
MWM_ClassDist,43,175,2,kd,4.0,76.54,0.1,76.16,0.7336020377159118,76.26,0.7232612679481506,,,,,,0.10000000000000853,-0.010340769767761215,161-180
MWM_ClassDist,43,175,6,ce,,,0.1,77.62,0.683692213344574,73.18,0.7933736265182495,1.0,77.82,77.82,74.32,0.7642931589126587,-4.439999999999998,0.10968141317367552,161-180
MWM_ClassDist,43,175,7,kd,5.0,77.44,0.1,73.26,0.776581534576416,76.2,0.7242222312927246,,,,,,2.9399999999999977,-0.05235930328369143,161-180
MWM_ClassDist,43,176,7,ce,,,0.1,76.2,0.7242222312927246,75.64,0.7189455359458924,1.0,77.82,77.82,75.84,0.7205972388744354,-0.5600000000000023,-0.005276695346832172,161-180
MWM_ClassDist,43,176,6,kd,5.0,77.44,0.1,73.18,0.7933736265182495,77.06,0.7051276552200317,,,,,,3.8799999999999955,-0.08824597129821776,161-180
MWM_ClassDist,43,176,2,kd,9.0,76.68,0.1,76.26,0.7232612679481506,76.12,0.7448130696296692,,,,,,-0.14000000000000057,0.0215518016815186,161-180
MWM_ClassDist,43,176,8,kd,3.0,77.6,0.1,76.32,0.7131889374256134,76.78,0.7277247534751892,,,,,,0.46000000000000796,0.014535816049575767,161-180
MWM_ClassDist,43,176,4,kd,1.0,77.82,0.1,76.54,0.7112390440940857,75.18,0.7572806738853455,,,,,,-1.3599999999999994,0.04604162979125981,161-180
MWM_ClassDist,43,177,5,kd,1.0,77.82,0.1,77.44,0.6920229471206665,75.38,0.7508443086624146,,,,,,-2.0600000000000023,0.05882136154174811,161-180
MWM_ClassDist,43,177,4,kd,3.0,77.6,0.1,75.18,0.7572806738853455,76.82,0.7136677004814148,,,,,,1.6399999999999864,-0.043612973403930666,161-180
MWM_ClassDist,43,177,9,ce,,,0.1,76.68,0.7184514139175415,73.84,0.7804280913352967,1.0,77.82,77.82,76.46,0.7136611003398895,-2.8400000000000034,0.061976677417755144,161-180
MWM_ClassDist,43,177,7,kd,6.0,77.06,0.1,75.64,0.7189455359458924,76.08,0.7195236790657044,,,,,,0.4399999999999977,0.0005781431198119691,161-180
MWM_ClassDist,43,177,2,kd,8.0,76.78,0.1,76.12,0.7448130696296692,75.9,0.7429954991340637,,,,,,-0.21999999999999886,-0.0018175704956054917,161-180
MWM_ClassDist,43,178,4,ce,,,0.1,76.82,0.7136677004814148,74.12,0.764974262046814,1.0,77.82,77.82,75.58,0.7443984903335571,-2.6999999999999886,0.051306561565399145,161-180
MWM_ClassDist,43,178,2,kd,7.0,76.08,0.1,75.9,0.7429954991340637,75.56,0.7472972725868225,,,,,,-0.3400000000000034,0.004301773452758839,161-180
MWM_ClassDist,43,178,9,kd,3.0,77.6,0.1,73.84,0.7804280913352967,76.98,0.7063136400222778,,,,,,3.1400000000000006,-0.07411445131301886,161-180
MWM_ClassDist,43,178,8,kd,1.0,77.82,0.1,76.78,0.7277247534751892,73.44,0.8078519379138946,,,,,,-3.3400000000000034,0.08012718443870548,161-180
MWM_ClassDist,43,178,5,kd,6.0,77.06,0.1,75.38,0.7508443086624146,75.06,0.7647342248916627,,,,,,-0.3199999999999932,0.013889916229248067,161-180
MWM_ClassDist,43,179,4,ce,,,0.1,74.12,0.764974262046814,71.42,0.8732057842254639,1.0,77.82,77.82,76.08,0.706803576374054,-2.700000000000003,0.10823152217864995,161-180
MWM_ClassDist,43,179,5,kd,1.0,77.82,0.1,75.06,0.7647342248916627,75.7,0.7367720144271851,,,,,,0.6400000000000006,-0.027962210464477555,161-180
MWM_ClassDist,43,179,7,kd,9.0,76.98,0.1,76.08,0.7195236790657044,76.18,0.7361286524772644,,,,,,0.10000000000000853,0.016604973411560087,161-180
MWM_ClassDist,43,179,8,kd,6.0,77.06,0.1,73.44,0.8078519379138946,75.66,0.7419852591991425,,,,,,2.219999999999999,-0.06586667871475216,161-180
MWM_ClassDist,43,179,2,kd,3.0,77.6,0.1,75.56,0.7472972725868225,76.28,0.7322615339279175,,,,,,0.7199999999999989,-0.015035738658905062,161-180
MWM_ClassDist,43,180,4,kd,9.0,76.98,0.1,71.42,0.8732057842254639,77.0,0.7030054207801819,,,,,,5.579999999999998,-0.170200363445282,161-180
MWM_ClassDist,43,180,8,kd,1.0,77.82,0.1,75.66,0.7419852591991425,76.0,0.7437160487651825,,,,,,0.3400000000000034,0.001730789566040003,161-180
MWM_ClassDist,43,180,2,ce,,,0.1,76.28,0.7322615339279175,71.34,0.890675644493103,1.0,77.82,77.82,74.36,0.7797806263923645,-4.939999999999998,0.1584141105651855,161-180
MWM_ClassDist,43,180,7,kd,6.0,77.06,0.1,76.18,0.7361286524772644,76.8,0.7085494889259338,,,,,,0.6199999999999903,-0.02757916355133061,161-180
MWM_ClassDist,43,180,5,kd,3.0,77.6,0.1,75.7,0.7367720144271851,76.16,0.7454686970710754,,,,,,0.45999999999999375,0.008696682643890341,161-180
MWM_ClassDist,43,181,2,kd,3.0,77.6,0.1,71.34,0.890675644493103,76.7,0.7185691980361939,,,,,,5.359999999999999,-0.1721064464569091,181-200
MWM_ClassDist,43,181,7,kd,1.0,77.82,0.1,76.8,0.7085494889259338,74.42,0.7767565020561218,,,,,,-2.3799999999999955,0.06820701313018795,181-200
MWM_ClassDist,43,181,8,kd,4.0,77.0,0.1,76.0,0.7437160487651825,76.06,0.7273587880134582,,,,,,0.060000000000002274,-0.01635726075172428,181-200
MWM_ClassDist,43,181,5,ce,,,0.1,76.16,0.7454686970710754,69.3,0.9324024925231934,1.0,77.82,77.82,74.34,0.7659394546031952,-6.859999999999999,0.18693379545211797,181-200
MWM_ClassDist,43,181,9,kd,6.0,77.06,0.1,76.98,0.7063136400222778,75.54,0.7439352094650269,,,,,,-1.4399999999999977,0.03762156944274908,181-200
MWM_ClassDist,43,182,7,ce,,,0.1,74.42,0.7767565020561218,71.64,0.8868843163490295,1.0,77.82,77.82,75.38,0.7647725624084473,-2.780000000000001,0.11012781429290774,181-200
MWM_ClassDist,43,182,2,kd,4.0,77.0,0.1,76.7,0.7185691980361939,76.12,0.7355643293380737,,,,,,-0.5799999999999983,0.016995131301879796,181-200
MWM_ClassDist,43,182,8,kd,6.0,77.06,0.1,76.06,0.7273587880134582,75.7,0.7357317052841187,,,,,,-0.35999999999999943,0.008372917270660474,181-200
MWM_ClassDist,43,182,5,kd,3.0,77.6,0.1,69.3,0.9324024925231934,76.38,0.7212724187850952,,,,,,7.079999999999998,-0.21113007373809822,181-200
MWM_ClassDist,43,182,9,kd,1.0,77.82,0.1,75.54,0.7439352094650269,75.6,0.7572006042957306,,,,,,0.05999999999998806,0.013265394830703658,181-200
MWM_ClassDist,43,183,2,kd,6.0,77.06,0.1,76.12,0.7355643293380737,76.58,0.7280446796417236,,,,,,0.45999999999999375,-0.007519649696350106,181-200
MWM_ClassDist,43,183,8,kd,1.0,77.82,0.1,75.7,0.7357317052841187,75.52,0.7461036096096039,,,,,,-0.18000000000000682,0.010371904325485182,181-200
MWM_ClassDist,43,183,7,kd,3.0,77.6,0.1,71.64,0.8868843163490295,76.74,0.7077106460571289,,,,,,5.099999999999994,-0.17917367029190068,181-200
MWM_ClassDist,43,183,5,ce,,,0.1,76.38,0.7212724187850952,74.4,0.7453614056587219,1.0,77.82,77.82,75.54,0.7519703178405762,-1.9799999999999898,0.024088986873626705,181-200
MWM_ClassDist,43,183,9,kd,4.0,77.0,0.1,75.6,0.7572006042957306,75.96,0.725698466873169,,,,,,0.35999999999999943,-0.03150213742256158,181-200
MWM_ClassDist,43,184,2,kd,1.0,77.82,0.1,76.58,0.7280446796417236,74.5,0.7818609072685242,,,,,,-2.0799999999999983,0.053816227626800606,181-200
MWM_ClassDist,43,184,8,kd,3.0,77.6,0.1,75.52,0.7461036096096039,76.46,0.7254901605129241,,,,,,0.9399999999999977,-0.020613449096679726,181-200
MWM_ClassDist,43,184,5,ce,,,0.1,74.4,0.7453614056587219,73.76,0.761720788192749,1.0,77.82,77.82,76.52,0.713349750995636,-0.6400000000000006,0.016359382534027134,181-200
MWM_ClassDist,43,184,9,kd,6.0,77.06,0.1,75.96,0.725698466873169,76.12,0.7264684956550598,,,,,,0.1600000000000108,0.000770028781890808,181-200
MWM_ClassDist,43,184,7,kd,4.0,77.0,0.1,76.74,0.7077106460571289,75.76,0.7323241510391235,,,,,,-0.9799999999999898,0.02461350498199466,181-200
MWM_ClassDist,43,185,2,ce,,,0.1,74.5,0.7818609072685242,70.46,0.8944368183135987,1.0,77.82,77.82,74.46,0.7636167707443238,-4.040000000000006,0.11257591104507447,181-200
MWM_ClassDist,43,185,5,kd,3.0,77.6,0.1,73.76,0.761720788192749,78.08,0.6837392374038697,,,,,,4.319999999999993,-0.07798155078887936,181-200
MWM_ClassDist,43,185,6,kd,1.0,77.82,0.1,77.06,0.7051276552200317,73.82,0.8027263226985931,,,,,,-3.240000000000009,0.09759866747856139,181-200
MWM_ClassDist,43,185,7,kd,8.0,76.46,0.1,75.76,0.7323241510391235,75.36,0.752610258102417,,,,,,-0.4000000000000057,0.02028610706329348,181-200
MWM_ClassDist,43,185,9,kd,4.0,77.0,0.1,76.12,0.7264684956550598,76.12,0.7279854487419128,,,,,,0.0,0.0015169530868530678,181-200
MWM_ClassDist,43,186,7,kd,4.0,77.0,0.1,75.36,0.752610258102417,75.8,0.7334899878501893,,,,,,0.4399999999999977,-0.019120270252227733,181-200
MWM_ClassDist,43,186,6,ce,,,0.1,73.82,0.8027263226985931,72.66,0.792329466342926,5.0,78.08,78.08,75.66,0.7479966599464416,-1.1599999999999966,-0.010396856355667117,181-200
MWM_ClassDist,43,186,9,kd,8.0,76.46,0.1,76.12,0.7279854487419128,75.8,0.7332369940757751,,,,,,-0.3200000000000074,0.005251545333862295,181-200
MWM_ClassDist,43,186,2,kd,5.0,78.08,0.1,70.46,0.8944368183135987,77.16,0.7112936712265014,,,,,,6.700000000000003,-0.18314314708709722,181-200
MWM_ClassDist,43,186,3,kd,1.0,77.82,0.1,77.6,0.6979003684520722,76.18,0.7104191016674042,,,,,,-1.4199999999999875,0.012518733215332034,181-200
MWM_ClassDist,43,187,6,kd,5.0,78.08,0.1,72.66,0.792329466342926,76.72,0.7088343544006348,,,,,,4.060000000000002,-0.0834951119422912,181-200
MWM_ClassDist,43,187,9,ce,,,0.1,75.8,0.7332369940757751,73.7,0.7925439165592194,5.0,78.08,78.08,76.32,0.7214900626182557,-2.0999999999999943,0.05930692248344427,181-200
MWM_ClassDist,43,187,3,kd,2.0,77.16,0.1,76.18,0.7104191016674042,76.64,0.7271632751464844,,,,,,0.45999999999999375,0.016744173479080193,181-200
MWM_ClassDist,43,187,4,kd,1.0,77.82,0.1,77.0,0.7030054207801819,76.02,0.7157185299396515,,,,,,-0.980000000000004,0.012713109159469549,181-200
MWM_ClassDist,43,187,7,kd,8.0,76.46,0.1,75.8,0.7334899878501893,74.96,0.7801280466079712,,,,,,-0.8400000000000034,0.04663805875778193,181-200
MWM_ClassDist,43,188,7,kd,5.0,78.08,0.1,74.96,0.7801280466079712,76.2,0.7376416051864624,,,,,,1.240000000000009,-0.042486441421508814,181-200
MWM_ClassDist,43,188,3,kd,1.0,77.82,0.1,76.64,0.7271632751464844,75.5,0.7692337552070617,,,,,,-1.1400000000000006,0.04207048006057734,181-200
MWM_ClassDist,43,188,4,kd,6.0,76.72,0.1,76.02,0.7157185299396515,76.44,0.7336542192459107,,,,,,0.4200000000000017,0.017935689306259217,181-200
MWM_ClassDist,43,188,9,kd,2.0,77.16,0.1,73.7,0.7925439165592194,76.2,0.7199508609771729,,,,,,2.5,-0.07259305558204654,181-200
MWM_ClassDist,43,188,8,ce,,,0.1,76.46,0.7254901605129241,73.52,0.766119955444336,5.0,78.08,78.08,76.64,0.7164926627159118,-2.9399999999999977,0.04062979493141183,181-200
MWM_ClassDist,43,189,7,ce,,,0.1,76.2,0.7376416051864624,73.34,0.7977214008331299,5.0,78.08,78.08,76.26,0.7222442248344422,-2.8599999999999994,0.060079795646667544,181-200
MWM_ClassDist,43,189,9,kd,6.0,76.72,0.1,76.2,0.7199508609771729,76.28,0.741834344291687,,,,,,0.0799999999999983,0.021883483314514174,181-200
MWM_ClassDist,43,189,4,kd,1.0,77.82,0.1,76.44,0.7336542192459107,76.92,0.6940720138549805,,,,,,0.480000000000004,-0.03958220539093016,181-200
MWM_ClassDist,43,189,3,kd,2.0,77.16,0.1,75.5,0.7692337552070617,75.2,0.7623437555313111,,,,,,-0.29999999999999716,-0.006889999675750658,181-200
MWM_ClassDist,43,189,8,kd,5.0,78.08,0.1,73.52,0.766119955444336,76.5,0.7226619280815124,,,,,,2.980000000000004,-0.04345802736282356,181-200
MWM_ClassDist,43,190,3,kd,1.0,77.82,0.1,75.2,0.7623437555313111,75.0,0.7457042179107666,,,,,,-0.20000000000000284,-0.016639537620544487,181-200
MWM_ClassDist,43,190,9,ce,,,0.1,76.28,0.741834344291687,73.48,0.8107152091026306,5.0,78.08,78.08,77.14,0.7042859357833863,-2.799999999999997,0.06888086481094358,181-200
MWM_ClassDist,43,190,4,kd,5.0,78.08,0.1,76.92,0.6940720138549805,76.88,0.7040174642562866,,,,,,-0.04000000000000625,0.009945450401306122,181-200
MWM_ClassDist,43,190,7,kd,6.0,76.72,0.1,73.34,0.7977214008331299,75.32,0.7578891384124756,,,,,,1.9799999999999898,-0.039832262420654296,181-200
MWM_ClassDist,43,190,8,kd,2.0,77.16,0.1,76.5,0.7226619280815124,75.68,0.7552301693916321,,,,,,-0.8199999999999932,0.032568241310119705,181-200
MWM_ClassDist,43,191,2,kd,1.0,77.82,0.1,77.16,0.7112936712265014,74.86,0.743916533613205,,,,,,-2.299999999999997,0.03262286238670353,181-200
MWM_ClassDist,43,191,7,kd,8.0,75.68,0.1,75.32,0.7578891384124756,74.2,0.8069161756515503,,,,,,-1.1199999999999903,0.049027037239074645,181-200
MWM_ClassDist,43,191,3,ce,,,0.1,75.0,0.7457042179107666,70.36,0.8920916562080383,5.0,78.08,78.08,76.6,0.7097893778800964,-4.640000000000001,0.14638743829727174,181-200
MWM_ClassDist,43,191,6,kd,4.0,76.88,0.1,76.72,0.7088343544006348,76.82,0.7232421520233154,,,,,,0.09999999999999432,0.01440779762268063,181-200
MWM_ClassDist,43,191,9,kd,5.0,78.08,0.1,73.48,0.8107152091026306,77.42,0.6989294089317322,,,,,,3.9399999999999977,-0.11178580017089845,181-200
MWM_ClassDist,43,192,4,ce,,,0.1,76.88,0.7040174642562866,76.22,0.7126965610027314,5.0,78.08,78.08,75.58,0.7537952096939087,-0.6599999999999966,0.008679096746444737,181-200
MWM_ClassDist,43,192,8,kd,1.0,77.82,0.1,75.68,0.7552301693916321,75.68,0.7435070684432984,,,,,,0.0,-0.011723100948333731,181-200
MWM_ClassDist,43,192,2,kd,9.0,77.42,0.1,74.86,0.743916533613205,76.08,0.7464661849975586,,,,,,1.2199999999999989,0.0025496513843535906,181-200
MWM_ClassDist,43,192,7,kd,6.0,76.82,0.1,74.2,0.8069161756515503,76.42,0.7459622385978699,,,,,,2.219999999999999,-0.06095393705368035,181-200
MWM_ClassDist,43,192,3,kd,5.0,78.08,0.1,70.36,0.8920916562080383,77.08,0.7121058386802673,,,,,,6.719999999999999,-0.17998581752777099,181-200
MWM_ClassDist,43,193,7,kd,1.0,77.82,0.1,76.42,0.7459622385978699,75.36,0.7382367471694946,,,,,,-1.0600000000000023,-0.0077254914283753084,181-200
MWM_ClassDist,43,193,4,kd,3.0,77.08,0.1,76.22,0.7126965610027314,76.28,0.7415276427268982,,,,,,0.060000000000002274,0.028831081724166818,181-200
MWM_ClassDist,43,193,2,ce,,,0.1,76.08,0.7464661849975586,74.0,0.7715043255805969,5.0,78.08,78.08,77.34,0.6942695995807647,-2.0799999999999983,0.025038140583038326,181-200
MWM_ClassDist,43,193,6,kd,9.0,77.42,0.1,76.82,0.7232421520233154,75.46,0.7472483419418335,,,,,,-1.3599999999999994,0.024006189918518106,181-200
MWM_ClassDist,43,193,8,kd,5.0,78.08,0.1,75.68,0.7435070684432984,76.62,0.7106283551216126,,,,,,0.9399999999999977,-0.03287871332168579,181-200
MWM_ClassDist,43,194,2,kd,1.0,77.82,0.1,74.0,0.7715043255805969,75.98,0.7229449447154999,,,,,,1.980000000000004,-0.048559380865097035,181-200
MWM_ClassDist,43,194,7,kd,5.0,78.08,0.1,75.36,0.7382367471694946,76.82,0.7016482456207276,,,,,,1.4599999999999937,-0.03658850154876703,181-200
MWM_ClassDist,43,194,4,kd,9.0,77.42,0.1,76.28,0.7415276427268982,76.62,0.7197247465133667,,,,,,0.3400000000000034,-0.021802896213531486,181-200
MWM_ClassDist,43,194,8,ce,,,0.1,76.62,0.7106283551216126,74.08,0.7464527278900146,5.0,78.08,78.08,76.36,0.7281625970840454,-2.5400000000000063,0.035824372768402,181-200
MWM_ClassDist,43,194,6,kd,3.0,77.08,0.1,75.46,0.7472483419418335,76.7,0.708078355884552,,,,,,1.240000000000009,-0.0391699860572815,181-200
MWM_ClassDist,43,195,7,kd,1.0,77.82,0.1,76.82,0.7016482456207276,75.9,0.72740703125,,,,,,-0.9199999999999875,0.025758785629272363,181-200
MWM_ClassDist,43,195,4,kd,3.0,77.08,0.1,76.62,0.7197247465133667,76.48,0.722140260219574,,,,,,-0.14000000000000057,0.002415513706207295,181-200
MWM_ClassDist,43,195,6,ce,,,0.1,76.7,0.708078355884552,72.14,0.8296677704811096,5.0,78.08,78.08,76.82,0.7079865146636963,-4.560000000000002,0.12158941459655759,181-200
MWM_ClassDist,43,195,2,kd,9.0,77.42,0.1,75.98,0.7229449447154999,76.5,0.7172271088600158,,,,,,0.519999999999996,-0.005717835855484021,181-200
MWM_ClassDist,43,195,8,kd,5.0,78.08,0.1,74.08,0.7464527278900146,77.0,0.711031639957428,,,,,,2.9200000000000017,-0.03542108793258658,181-200
MWM_ClassDist,43,196,6,kd,5.0,78.08,0.1,72.14,0.8296677704811096,76.82,0.7055857727050782,,,,,,4.679999999999993,-0.12408199777603146,181-200
MWM_ClassDist,43,196,9,ce,,,0.1,77.42,0.6989294089317322,75.78,0.7538354831695556,5.0,78.08,78.08,77.4,0.6929079522132874,-1.6400000000000006,0.054906074237823455,181-200
MWM_ClassDist,43,196,2,kd,3.0,77.08,0.1,76.5,0.7172271088600158,76.62,0.7225938492774964,,,,,,0.12000000000000455,0.005366740417480531,181-200
MWM_ClassDist,43,196,4,kd,1.0,77.82,0.1,76.48,0.722140260219574,76.08,0.7065649491786957,,,,,,-0.4000000000000057,-0.015575311040878281,181-200
MWM_ClassDist,43,196,7,kd,8.0,77.0,0.1,75.9,0.72740703125,76.58,0.7243752141952514,,,,,,0.6799999999999926,-0.0030318170547485312,181-200
MWM_ClassDist,43,197,7,kd,3.0,77.08,0.1,76.58,0.7243752141952514,76.42,0.7276444302558899,,,,,,-0.1599999999999966,0.003269216060638458,181-200
MWM_ClassDist,43,197,6,ce,,,0.1,76.82,0.7055857727050782,74.6,0.7479427448272705,5.0,78.08,78.08,76.7,0.7087173704147339,-2.219999999999999,0.04235697212219236,181-200
MWM_ClassDist,43,197,2,kd,5.0,78.08,0.1,76.62,0.7225938492774964,77.1,0.7238488413333893,,,,,,0.47999999999998977,0.0012549920558929673,181-200
MWM_ClassDist,43,197,4,kd,8.0,77.0,0.1,76.08,0.7065649491786957,76.2,0.7290133314132691,,,,,,0.12000000000000455,0.02244838223457335,181-200
MWM_ClassDist,43,197,9,kd,1.0,77.82,0.1,75.78,0.7538354831695556,75.84,0.7359897059440613,,,,,,0.060000000000002274,-0.017845777225494297,181-200
MWM_ClassDist,43,198,6,kd,1.0,77.82,0.1,74.6,0.7479427448272705,76.36,0.698838682460785,,,,,,1.7600000000000051,-0.04910406236648557,181-200
MWM_ClassDist,43,198,9,ce,,,0.1,75.84,0.7359897059440613,76.56,0.7006430757522583,5.0,78.08,78.08,76.8,0.7179874938011169,0.7199999999999989,-0.03534663019180306,181-200
MWM_ClassDist,43,198,4,kd,5.0,78.08,0.1,76.2,0.7290133314132691,76.66,0.7262679379463196,,,,,,0.45999999999999375,-0.002745393466949464,181-200
MWM_ClassDist,43,198,3,kd,2.0,77.1,0.1,77.08,0.7121058386802673,74.28,0.7987052550792694,,,,,,-2.799999999999997,0.08659941639900204,181-200
MWM_ClassDist,43,198,7,kd,8.0,77.0,0.1,76.42,0.7276444302558899,76.4,0.7358110980033874,,,,,,-0.01999999999999602,0.008166667747497525,181-200
MWM_ClassDist,43,199,2,kd,1.0,77.82,0.1,77.1,0.7238488413333893,74.68,0.7967966819763184,,,,,,-2.4199999999999875,0.07294784064292903,181-200
MWM_ClassDist,43,199,6,kd,5.0,78.08,0.1,76.36,0.698838682460785,76.42,0.7163465566635132,,,,,,0.060000000000002274,0.017507874202728257,181-200
MWM_ClassDist,43,199,3,ce,,,0.1,74.28,0.7987052550792694,74.38,0.7441337046146392,5.0,78.08,78.08,77.16,0.7087173825263977,0.09999999999999432,-0.054571550464630136,181-200
MWM_ClassDist,43,199,9,kd,8.0,77.0,0.1,76.56,0.7006430757522583,76.52,0.7152376138687134,,,,,,-0.04000000000000625,0.014594538116455169,181-200
MWM_ClassDist,43,199,7,kd,4.0,76.66,0.1,76.4,0.7358110980033874,75.02,0.7547174356460571,,,,,,-1.3800000000000097,0.01890633764266969,181-200
MWM_ClassDist,43,200,3,kd,1.0,77.82,0.1,74.38,0.7441337046146392,75.1,0.7454911779880524,,,,,,0.7199999999999989,0.0013574733734131872,181-200
MWM_ClassDist,43,200,6,ce,,,0.1,76.42,0.7163465566635132,75.54,0.7249903072357178,5.0,78.08,78.08,76.82,0.7181835824012757,-0.8799999999999955,0.008643750572204567,181-200
MWM_ClassDist,43,200,2,kd,5.0,78.08,0.1,74.68,0.7967966819763184,76.34,0.7259187019348144,,,,,,1.6599999999999966,-0.07087798004150392,181-200
MWM_ClassDist,43,200,7,kd,8.0,77.0,0.1,75.02,0.7547174356460571,75.6,0.7498194472312927,,,,,,0.5799999999999983,-0.004897988414764409,181-200
MWM_ClassDist,43,200,9,kd,4.0,76.66,0.1,76.52,0.7152376138687134,76.8,0.7228641973495483,,,,,,0.28000000000000114,0.007626583480834892,181-200
MWM_ClassDist,43,201,7,kd,4.0,76.66,0.1,75.6,0.7498194472312927,74.2,0.7849170587539673,,,,,,-1.3999999999999915,0.035097611522674654,201-220
MWM_ClassDist,43,201,2,kd,1.0,77.82,0.010000000000000002,76.34,0.7259187019348144,76.96,0.6770483572483063,,,,,,0.6199999999999903,-0.048870344686508194,201-220
MWM_ClassDist,43,201,6,kd,5.0,78.08,0.1,75.54,0.7249903072357178,77.34,0.693742723083496,,,,,,1.7999999999999972,-0.03124758415222173,201-220
MWM_ClassDist,43,201,3,ce,,,0.1,75.1,0.7454911779880524,76.22,0.7001124499320984,5.0,78.08,78.08,76.64,0.72509666223526,1.1200000000000045,-0.045378728055954,201-220
MWM_ClassDist,43,201,9,kd,8.0,77.0,0.1,76.8,0.7228641973495483,77.24,0.7110505996704102,,,,,,0.4399999999999977,-0.011813597679138144,201-220
MWM_ClassDist,43,202,4,kd,9.0,77.24,0.010000000000000002,76.66,0.7262679379463196,77.08,0.7192648777008057,,,,,,0.4200000000000017,-0.007003060245513892,201-220
MWM_ClassDist,43,202,2,ce,,,0.010000000000000002,76.96,0.6770483572483063,82.0,0.5294693731784821,5.0,78.08,78.08,77.96,0.6669266735076904,5.040000000000006,-0.14757898406982417,201-220
MWM_ClassDist,43,202,7,kd,8.0,77.0,0.1,74.2,0.7849170587539673,74.06,0.8182019103050232,,,,,,-0.14000000000000057,0.03328485155105587,201-220
MWM_ClassDist,43,202,6,kd,1.0,77.82,0.1,77.34,0.693742723083496,75.54,0.7241424306869507,,,,,,-1.7999999999999972,0.030399707603454673,201-220
MWM_ClassDist,43,202,3,kd,5.0,78.08,0.1,76.22,0.7001124499320984,76.7,0.7208920741081237,,,,,,0.480000000000004,0.020779624176025302,201-220
MWM_ClassDist,43,203,6,kd,4.0,77.08,0.010000000000000002,75.54,0.7241424306869507,78.14,0.6836154166221619,,,,,,2.5999999999999943,-0.04052701406478887,201-220
MWM_ClassDist,43,203,3,ce,,,0.1,76.7,0.7208920741081237,76.26,0.7002592763900757,2.0,82.0,82.0,79.6,0.605687442111969,-0.4399999999999977,-0.020632797718048046,201-220
MWM_ClassDist,43,203,7,kd,2.0,82.0,0.1,74.06,0.8182019103050232,77.04,0.7229425891399384,,,,,,2.980000000000004,-0.09525932116508484,201-220
MWM_ClassDist,43,203,9,kd,1.0,77.82,0.1,77.24,0.7110505996704102,76.36,0.7325293292045594,,,,,,-0.8799999999999955,0.0214787295341492,201-220
MWM_ClassDist,43,203,8,kd,5.0,78.08,0.1,77.0,0.711031639957428,77.3,0.7053039102554322,,,,,,0.29999999999999716,-0.005727729701995865,201-220
MWM_ClassDist,43,204,3,kd,4.0,77.08,0.1,76.26,0.7002592763900757,76.96,0.7302677384376526,,,,,,0.6999999999999886,0.0300084620475769,201-220
MWM_ClassDist,43,204,7,kd,5.0,78.08,0.010000000000000002,77.04,0.7229425891399384,77.84,0.6819048709869385,,,,,,0.7999999999999972,-0.041037718152999836,201-220
MWM_ClassDist,43,204,1,kd,6.0,78.14,0.1,77.82,0.6647957748413086,77.38,0.7159636033058167,,,,,,-0.4399999999999977,0.05116782846450807,201-220
MWM_ClassDist,43,204,9,kd,2.0,82.0,0.1,76.36,0.7325293292045594,78.98,0.6290039702415466,,,,,,2.6200000000000045,-0.10352535896301274,201-220
MWM_ClassDist,43,204,8,ce,,,0.1,77.3,0.7053039102554322,73.4,0.7853174351215363,2.0,82.0,82.0,79.32,0.6308067460060119,-3.8999999999999915,0.08001352486610414,201-220
MWM_ClassDist,43,205,4,ce,,,0.010000000000000002,77.08,0.7192648777008057,81.42,0.5471561405181885,2.0,82.0,82.0,80.9,0.5600902175903321,4.340000000000003,-0.1721087371826172,201-220
MWM_ClassDist,43,205,1,kd,5.0,78.08,0.1,77.38,0.7159636033058167,77.7,0.6859390539169311,,,,,,0.3200000000000074,-0.030024549388885546,201-220
MWM_ClassDist,43,205,3,kd,2.0,82.0,0.010000000000000002,76.96,0.7302677384376526,81.6,0.553377012681961,,,,,,4.640000000000001,-0.17689072575569154,201-220
MWM_ClassDist,43,205,8,kd,9.0,78.98,0.1,73.4,0.7853174351215363,78.28,0.6538002386569977,,,,,,4.8799999999999955,-0.13151719646453863,201-220
MWM_ClassDist,43,205,7,kd,6.0,78.14,0.010000000000000002,77.84,0.6819048709869385,77.52,0.7027211430549621,,,,,,-0.3200000000000074,0.02081627206802361,201-220
MWM_ClassDist,43,206,8,kd,4.0,81.42,0.1,78.28,0.6538002386569977,79.2,0.6322126120567322,,,,,,0.9200000000000017,-0.021587626600265475,201-220
MWM_ClassDist,43,206,7,kd,3.0,81.6,0.010000000000000002,77.52,0.7027211430549621,80.32,0.5858342512607575,,,,,,2.799999999999997,-0.11688689179420464,201-220
MWM_ClassDist,43,206,6,kd,2.0,82.0,0.010000000000000002,78.14,0.6836154166221619,81.24,0.5469335662841797,,,,,,3.0999999999999943,-0.1366818503379822,201-220
MWM_ClassDist,43,206,5,ce,,,0.1,78.08,0.6837392374038697,76.8,0.7004419601440429,2.0,82.0,82.0,80.42,0.5687970680713653,-1.2800000000000011,0.01670272274017326,201-220
MWM_ClassDist,43,206,1,kd,9.0,78.98,0.1,77.7,0.6859390539169311,75.88,0.7614795754432678,,,,,,-1.8200000000000074,0.07554052152633672,201-220
MWM_ClassDist,43,207,7,ce,,,0.010000000000000002,80.32,0.5858342512607575,81.44,0.5456759208679199,2.0,82.0,82.0,80.96,0.5631588438034058,1.1200000000000045,-0.04015833039283756,201-220
MWM_ClassDist,43,207,1,kd,2.0,82.0,0.1,75.88,0.7614795754432678,79.74,0.595049054479599,,,,,,3.8599999999999994,-0.16643052096366884,201-220
MWM_ClassDist,43,207,5,kd,4.0,81.42,0.1,76.8,0.7004419601440429,80.18,0.5897037293434143,,,,,,3.3800000000000097,-0.11073823080062861,201-220
MWM_ClassDist,43,207,9,kd,6.0,81.24,0.1,78.98,0.6290039702415466,79.62,0.6123943912506103,,,,,,0.6400000000000006,-0.01660957899093629,201-220
MWM_ClassDist,43,207,8,kd,3.0,81.6,0.1,79.2,0.6322126120567322,79.16,0.6338814566135407,,,,,,-0.04000000000000625,0.0016688445568084909,201-220
MWM_ClassDist,43,208,6,kd,4.0,81.42,0.010000000000000002,81.24,0.5469335662841797,81.26,0.548403745007515,,,,,,0.020000000000010232,0.0014701787233353247,201-220
MWM_ClassDist,43,208,9,ce,,,0.1,79.62,0.6123943912506103,72.14,0.836486770439148,2.0,82.0,82.0,79.22,0.6170858049869538,-7.480000000000004,0.22409237918853764,201-220
MWM_ClassDist,43,208,8,kd,3.0,81.6,0.1,79.16,0.6338814566135407,79.78,0.6177188868522644,,,,,,0.6200000000000045,-0.01616256976127628,201-220
MWM_ClassDist,43,208,1,kd,7.0,81.44,0.1,79.74,0.595049054479599,79.96,0.5958311079025268,,,,,,0.21999999999999886,0.0007820534229278087,201-220
MWM_ClassDist,43,208,5,kd,2.0,82.0,0.1,80.18,0.5897037293434143,80.6,0.5699064118385315,,,,,,0.4199999999999875,-0.019797317504882783,201-220
MWM_ClassDist,43,209,4,kd,2.0,82.0,0.010000000000000002,81.42,0.5471561405181885,81.88,0.5346277625083923,,,,,,0.45999999999999375,-0.012528378009796226,201-220
MWM_ClassDist,43,209,1,kd,5.0,80.6,0.1,79.96,0.5958311079025268,78.44,0.6561650108337402,,,,,,-1.519999999999996,0.060333902931213435,201-220
MWM_ClassDist,43,209,8,ce,,,0.1,79.78,0.6177188868522644,74.56,0.7353877394676208,2.0,82.0,82.0,79.72,0.6091285762310028,-5.219999999999999,0.11766885261535642,201-220
MWM_ClassDist,43,209,6,kd,3.0,81.6,0.010000000000000002,81.26,0.548403745007515,81.42,0.5545852716445923,,,,,,0.1599999999999966,0.006181526637077273,201-220
MWM_ClassDist,43,209,9,kd,7.0,81.44,0.1,72.14,0.836486770439148,79.12,0.615436615228653,,,,,,6.980000000000004,-0.22105015521049498,201-220
MWM_ClassDist,43,210,7,ce,,,0.010000000000000002,81.44,0.5456759208679199,81.8,0.5284840071678162,2.0,82.0,82.0,81.68,0.5461826003551483,0.35999999999999943,-0.017191913700103756,201-220
MWM_ClassDist,43,210,8,kd,4.0,81.88,0.1,74.56,0.7353877394676208,79.9,0.6013199024677277,,,,,,5.340000000000003,-0.1340678369998931,201-220
MWM_ClassDist,43,210,9,kd,3.0,81.6,0.1,79.12,0.615436615228653,79.68,0.6180688323497773,,,,,,0.5600000000000023,0.0026322171211242695,201-220
MWM_ClassDist,43,210,1,kd,6.0,81.42,0.1,78.44,0.6561650108337402,79.02,0.6331414865493774,,,,,,0.5799999999999983,-0.02302352428436283,201-220
MWM_ClassDist,43,210,5,kd,2.0,82.0,0.1,80.6,0.5699064118385315,80.72,0.5799503233909606,,,,,,0.12000000000000455,0.010043911552429119,201-220
MWM_ClassDist,43,211,3,kd,2.0,82.0,0.010000000000000002,81.6,0.553377012681961,81.66,0.5451176774024964,,,,,,0.060000000000002274,-0.008259335279464652,201-220
MWM_ClassDist,43,211,8,kd,6.0,81.42,0.1,79.9,0.6013199024677277,80.18,0.5989430981636047,,,,,,0.28000000000000114,-0.0023768043041230147,201-220
MWM_ClassDist,43,211,1,ce,,,0.1,79.02,0.6331414865493774,73.64,0.7894429718494416,2.0,82.0,82.0,80.14,0.596411494398117,-5.3799999999999955,0.15630148530006416,201-220
MWM_ClassDist,43,211,5,kd,7.0,81.8,0.1,80.72,0.5799503233909606,80.96,0.5682154712677002,,,,,,0.23999999999999488,-0.01173485212326042,201-220
MWM_ClassDist,43,211,9,kd,4.0,81.88,0.1,79.68,0.6180688323497773,80.14,0.5900384984493255,,,,,,0.45999999999999375,-0.02803033390045173,201-220
MWM_ClassDist,43,212,1,kd,2.0,82.0,0.1,73.64,0.7894429718494416,80.68,0.5743011012077331,,,,,,7.040000000000006,-0.21514187064170842,201-220
MWM_ClassDist,43,212,6,ce,,,0.010000000000000002,81.42,0.5545852716445923,82.4,0.5154388770580292,2.0,82.0,82.0,81.52,0.5367210729598999,0.980000000000004,-0.039146394586563105,201-220
MWM_ClassDist,43,212,5,kd,4.0,81.88,0.1,80.96,0.5682154712677002,80.22,0.5940609898090362,,,,,,-0.7399999999999949,0.025845518541335988,201-220
MWM_ClassDist,43,212,8,kd,3.0,81.66,0.1,80.18,0.5989430981636047,79.54,0.61143509516716,,,,,,-0.6400000000000006,0.0124919970035553,201-220
MWM_ClassDist,43,212,9,kd,7.0,81.8,0.1,80.14,0.5900384984493255,78.92,0.6226478747844696,,,,,,-1.2199999999999989,0.03260937633514405,201-220
MWM_ClassDist,43,213,4,ce,,,0.010000000000000002,81.88,0.5346277625083923,82.32,0.5194699659824371,6.0,82.4,82.4,82.28,0.5247968269348144,0.4399999999999977,-0.01515779652595517,201-220
MWM_ClassDist,43,213,9,kd,2.0,82.0,0.1,78.92,0.6226478747844696,80.52,0.5812463280200958,,,,,,1.5999999999999943,-0.0414015467643738,201-220
MWM_ClassDist,43,213,5,kd,7.0,81.8,0.1,80.22,0.5940609898090362,77.9,0.6511912842512131,,,,,,-2.319999999999993,0.05713029444217688,201-220
MWM_ClassDist,43,213,8,kd,6.0,82.4,0.010000000000000002,79.54,0.61143509516716,82.04,0.5461760554313659,,,,,,2.5,-0.06525903973579406,201-220
MWM_ClassDist,43,213,1,kd,3.0,81.66,0.1,80.68,0.5743011012077331,80.04,0.592680521774292,,,,,,-0.6400000000000006,0.018379420566558835,201-220
MWM_ClassDist,43,214,1,ce,,,0.1,80.04,0.592680521774292,75.08,0.7376110821723938,6.0,82.4,82.4,79.72,0.6237567688941955,-4.960000000000008,0.14493056039810182,201-220
MWM_ClassDist,43,214,5,kd,4.0,82.32,0.1,77.9,0.6511912842512131,79.1,0.6202704245567322,,,,,,1.1999999999999886,-0.030920859694480884,201-220
MWM_ClassDist,43,214,9,kd,7.0,81.8,0.1,80.52,0.5812463280200958,79.54,0.6139472102165222,,,,,,-0.9799999999999898,0.03270088219642642,201-220
MWM_ClassDist,43,214,3,kd,6.0,82.4,0.010000000000000002,81.66,0.5451176774024964,81.98,0.5390199104785919,,,,,,0.3200000000000074,-0.006097766923904513,201-220
MWM_ClassDist,43,214,2,kd,8.0,82.04,0.010000000000000002,82.0,0.5294693731784821,81.7,0.5470714579105377,,,,,,-0.29999999999999716,0.0176020847320556,201-220
MWM_ClassDist,43,215,7,kd,4.0,82.32,0.010000000000000002,81.8,0.5284840071678162,81.98,0.5392056815624237,,,,,,0.18000000000000682,0.010721674394607472,201-220
MWM_ClassDist,43,215,9,kd,3.0,81.98,0.1,79.54,0.6139472102165222,79.3,0.6337049085140228,,,,,,-0.2400000000000091,0.019757698297500625,201-220
MWM_ClassDist,43,215,1,kd,8.0,82.04,0.1,75.08,0.7376110821723938,80.5,0.5979601616859436,,,,,,5.420000000000002,-0.13965092048645023,201-220
MWM_ClassDist,43,215,2,ce,,,0.010000000000000002,81.7,0.5470714579105377,82.5,0.5108955970525741,6.0,82.4,82.4,82.32,0.5327541519165039,0.7999999999999972,-0.03617586085796354,201-220
MWM_ClassDist,43,215,5,kd,6.0,82.4,0.1,79.1,0.6202704245567322,79.18,0.6349606270313263,,,,,,0.0800000000000125,0.014690202474594072,201-220
MWM_ClassDist,43,216,5,kd,8.0,82.04,0.1,79.18,0.6349606270313263,79.84,0.6127250046253204,,,,,,0.6599999999999966,-0.02223562240600585,201-220
MWM_ClassDist,43,216,4,kd,6.0,82.4,0.010000000000000002,82.32,0.5194699659824371,82.48,0.5119243629455567,,,,,,0.1600000000000108,-0.007545603036880455,201-220
MWM_ClassDist,43,216,3,ce,,,0.010000000000000002,81.98,0.5390199104785919,82.66,0.511266868686676,2.0,82.5,82.5,82.12,0.528359222459793,0.6799999999999926,-0.027753041791915845,201-220
MWM_ClassDist,43,216,9,kd,2.0,82.5,0.1,79.3,0.6337049085140228,80.02,0.5884276563167572,,,,,,0.7199999999999989,-0.04527725219726564,201-220
MWM_ClassDist,43,216,1,kd,7.0,81.98,0.1,80.5,0.5979601616859436,79.98,0.607138525390625,,,,,,-0.519999999999996,0.009178363704681392,201-220
MWM_ClassDist,43,217,7,kd,3.0,82.66,0.010000000000000002,81.98,0.5392056815624237,82.34,0.5230114628791809,,,,,,0.35999999999999943,-0.016194218683242778,201-220
MWM_ClassDist,43,217,5,ce,,,0.1,79.84,0.6127250046253204,74.36,0.7858216505050659,3.0,82.66,82.66,79.78,0.6072011897087097,-5.480000000000004,0.1730966458797455,201-220
MWM_ClassDist,43,217,8,kd,2.0,82.5,0.010000000000000002,82.04,0.5461760554313659,82.36,0.5334788031578064,,,,,,0.3199999999999932,-0.012697252273559556,201-220
MWM_ClassDist,43,217,1,kd,6.0,82.4,0.1,79.98,0.607138525390625,80.28,0.591654806470871,,,,,,0.29999999999999716,-0.015483718919753975,201-220
MWM_ClassDist,43,217,9,kd,4.0,82.48,0.1,80.02,0.5884276563167572,80.34,0.592226636838913,,,,,,0.3200000000000074,0.0037989805221557704,201-220
MWM_ClassDist,43,218,1,ce,,,0.1,80.28,0.591654806470871,75.72,0.7314621252536774,3.0,82.66,82.66,80.68,0.580772698879242,-4.560000000000002,0.1398073187828064,201-220
MWM_ClassDist,43,218,8,kd,3.0,82.66,0.010000000000000002,82.36,0.5334788031578064,82.26,0.5248768602609635,,,,,,-0.09999999999999432,-0.008601942896842907,201-220
MWM_ClassDist,43,218,7,kd,2.0,82.5,0.010000000000000002,82.34,0.5230114628791809,81.9,0.5247108857154846,,,,,,-0.4399999999999977,0.0016994228363037545,201-220
MWM_ClassDist,43,218,5,kd,4.0,82.48,0.1,74.36,0.7858216505050659,80.6,0.6007992669582367,,,,,,6.239999999999995,-0.1850223835468292,201-220
MWM_ClassDist,43,218,9,kd,6.0,82.4,0.1,80.34,0.592226636838913,79.72,0.622973554134369,,,,,,-0.6200000000000045,0.030746917295455978,201-220
MWM_ClassDist,43,219,7,ce,,,0.010000000000000002,81.9,0.5247108857154846,82.3,0.5185730769634247,3.0,82.66,82.66,81.98,0.5252019423961639,0.3999999999999915,-0.006137808752059937,201-220
MWM_ClassDist,43,219,8,kd,4.0,82.48,0.010000000000000002,82.26,0.5248768602609635,82.64,0.5301972556114197,,,,,,0.37999999999999545,0.005320395350456253,201-220
MWM_ClassDist,43,219,9,kd,2.0,82.5,0.1,79.72,0.622973554134369,81.08,0.582285966014862,,,,,,1.3599999999999994,-0.0406875881195069,201-220
MWM_ClassDist,43,219,5,kd,3.0,82.66,0.1,80.6,0.6007992669582367,81.02,0.576255979681015,,,,,,0.4200000000000017,-0.02454328727722166,201-220
MWM_ClassDist,43,219,1,kd,6.0,82.4,0.1,75.72,0.7314621252536774,81.16,0.5790236411094666,,,,,,5.439999999999998,-0.1524384841442108,201-220
MWM_ClassDist,43,220,5,kd,8.0,82.64,0.1,81.02,0.576255979681015,80.74,0.5986922639369965,,,,,,-0.28000000000000114,0.02243628425598143,201-220
MWM_ClassDist,43,220,1,kd,4.0,82.48,0.1,81.16,0.5790236411094666,80.72,0.5944186325073242,,,,,,-0.4399999999999977,0.015394991397857605,201-220
MWM_ClassDist,43,220,6,ce,,,0.010000000000000002,82.4,0.5154388770580292,82.94,0.5002164839982987,3.0,82.66,82.66,82.62,0.5097831545591355,0.539999999999992,-0.015222393059730499,201-220
MWM_ClassDist,43,220,9,kd,7.0,82.3,0.1,81.08,0.582285966014862,81.26,0.5724037178993225,,,,,,0.18000000000000682,-0.009882248115539505,201-220
MWM_ClassDist,43,220,2,kd,3.0,82.66,0.010000000000000002,82.5,0.5108955970525741,82.8,0.5032918253660202,,,,,,0.29999999999999716,-0.007603771686553906,201-220
MWM_ClassDist,44,1,6,kd,2.0,11.76,0.1,10.28,2.4617751327514648,10.38,2.4309867282867432,,,,,,0.10000000000000142,-0.03078840446472153,1-20
MWM_ClassDist,44,1,5,kd,8.0,10.5,0.1,9.94,2.539342770767212,10.14,2.548032258605957,,,,,,0.20000000000000107,0.008689487838745347,1-20
MWM_ClassDist,44,1,9,ce,,,0.1,8.06,2.4689381008148192,39.06,1.6331658905029296,4.0,13.3,13.3,14.64,2.4789346752166748,31.0,-0.8357722103118896,1-20
MWM_ClassDist,44,1,3,kd,7.0,9.94,0.1,9.92,2.4257108470916746,9.94,2.6713393386840822,,,,,,0.019999999999999574,0.24562849159240763,1-20
MWM_ClassDist,44,1,1,kd,4.0,13.3,0.1,9.54,2.456045150756836,12.9,2.531039471435547,,,,,,3.360000000000001,0.07499432067871092,1-20
MWM_ClassDist,44,2,3,kd,4.0,13.3,0.1,9.94,2.6713393386840822,11.1,2.5171419689178465,,,,,,1.1600000000000001,-0.15419736976623577,1-20
MWM_ClassDist,44,2,5,kd,1.0,12.9,0.1,10.14,2.548032258605957,12.4,2.6802623397827148,,,,,,2.26,0.1322300811767576,1-20
MWM_ClassDist,44,2,7,kd,2.0,11.76,0.1,9.94,2.545304963302612,10.5,2.4532201736450197,,,,,,0.5600000000000005,-0.09208478965759248,1-20
MWM_ClassDist,44,2,8,ce,,,0.1,10.5,2.3984798595428467,18.44,2.5245514228820802,9.0,39.06,39.06,26.32,2.2284094486236574,7.940000000000001,0.12607156333923353,1-20
MWM_ClassDist,44,2,6,kd,9.0,39.06,0.1,10.38,2.4309867282867432,36.5,1.7406102838516235,,,,,,26.119999999999997,-0.6903764444351197,1-20
MWM_ClassDist,44,3,4,kd,8.0,18.44,0.1,13.3,2.461676211166382,17.84,2.561358874511719,,,,,,4.539999999999999,0.09968266334533693,1-20
MWM_ClassDist,44,3,2,kd,1.0,12.9,0.1,11.76,2.3653504737854005,11.22,2.596086061859131,,,,,,-0.5399999999999991,0.2307355880737303,1-20
MWM_ClassDist,44,3,7,kd,6.0,36.5,0.1,10.5,2.4532201736450197,35.34,1.7677361896514892,,,,,,24.840000000000003,-0.6854839839935305,1-20
MWM_ClassDist,44,3,3,kd,9.0,39.06,0.1,11.1,2.5171419689178465,35.54,1.746844274520874,,,,,,24.439999999999998,-0.7702976943969724,1-20
MWM_ClassDist,44,3,5,ce,,,0.1,12.4,2.6802623397827148,41.24,1.5935668001174927,9.0,39.06,39.06,34.86,1.8479442983627319,28.840000000000003,-1.086695539665222,1-20
MWM_ClassDist,44,4,7,ce,,,0.1,35.34,1.7677361896514892,47.66,1.433348131942749,5.0,41.24,41.24,40.36,1.6096082750320435,12.319999999999993,-0.33438805770874014,1-20
MWM_ClassDist,44,4,1,kd,5.0,41.24,0.1,12.9,2.531039471435547,39.88,1.6140431167602538,,,,,,26.980000000000004,-0.9169963546752931,1-20
MWM_ClassDist,44,4,4,kd,6.0,36.5,0.1,17.84,2.561358874511719,35.02,1.8054570886611938,,,,,,17.180000000000003,-0.755901785850525,1-20
MWM_ClassDist,44,4,2,kd,9.0,39.06,0.1,11.22,2.596086061859131,35.04,1.733785397720337,,,,,,23.82,-0.8623006641387938,1-20
MWM_ClassDist,44,4,8,kd,3.0,35.54,0.1,18.44,2.5245514228820802,35.3,1.76387307472229,,,,,,16.859999999999996,-0.7606783481597903,1-20
MWM_ClassDist,44,5,4,kd,9.0,39.06,0.1,35.02,1.8054570886611938,36.88,1.6964786977767945,,,,,,1.8599999999999994,-0.10897839088439931,1-20
MWM_ClassDist,44,5,8,kd,1.0,39.88,0.1,35.3,1.76387307472229,37.46,1.7005805339813231,,,,,,2.1600000000000037,-0.0632925407409668,1-20
MWM_ClassDist,44,5,2,ce,,,0.1,35.04,1.733785397720337,45.7,1.4696090152740477,7.0,47.66,47.66,45.4,1.5644074592590331,10.660000000000004,-0.26417638244628927,1-20
MWM_ClassDist,44,5,3,kd,7.0,47.66,0.1,35.54,1.746844274520874,44.4,1.5219140747070312,,,,,,8.86,-0.22493019981384288,1-20
MWM_ClassDist,44,5,6,kd,5.0,41.24,0.1,36.5,1.7406102838516235,39.98,1.5991793006896973,,,,,,3.479999999999997,-0.14143098316192626,1-20
MWM_ClassDist,44,6,1,kd,3.0,44.4,0.1,39.88,1.6140431167602538,41.36,1.6543095779418946,,,,,,1.4799999999999969,0.04026646118164079,1-20
MWM_ClassDist,44,6,8,kd,7.0,47.66,0.1,37.46,1.7005805339813231,44.68,1.5129346324920654,,,,,,7.219999999999999,-0.18764590148925775,1-20
MWM_ClassDist,44,6,4,kd,2.0,45.7,0.1,36.88,1.6964786977767945,41.44,1.63347631111145,,,,,,4.559999999999995,-0.06300238666534441,1-20
MWM_ClassDist,44,6,6,ce,,,0.1,39.98,1.5991793006896973,47.74,1.4713451902389527,7.0,47.66,47.66,44.02,1.5445205154418946,7.760000000000005,-0.12783411045074455,1-20
MWM_ClassDist,44,6,9,kd,5.0,41.24,0.1,39.06,1.6331658905029296,41.68,1.5498331407546997,,,,,,2.6199999999999974,-0.0833327497482299,1-20
MWM_ClassDist,44,7,1,ce,,,0.1,41.36,1.6543095779418946,50.82,1.3898271680831908,6.0,47.74,47.74,44.46,1.594607876586914,9.46,-0.26448240985870375,1-20
MWM_ClassDist,44,7,9,kd,6.0,47.74,0.1,41.68,1.5498331407546997,45.52,1.548876794052124,,,,,,3.8400000000000034,-0.0009563467025757166,1-20
MWM_ClassDist,44,7,5,kd,3.0,44.4,0.1,41.24,1.5935668001174927,43.94,1.5651606662750244,,,,,,2.6999999999999957,-0.028406133842468373,1-20
MWM_ClassDist,44,7,4,kd,7.0,47.66,0.1,41.44,1.63347631111145,44.82,1.5446738594055176,,,,,,3.3800000000000026,-0.08880245170593248,1-20
MWM_ClassDist,44,7,8,kd,2.0,45.7,0.1,44.68,1.5129346324920654,23.78,2.350971513748169,,,,,,-20.9,0.8380368812561034,1-20
MWM_ClassDist,44,8,8,kd,7.0,47.66,0.1,23.78,2.350971513748169,45.54,1.4821360107421875,,,,,,21.759999999999998,-0.8688355030059813,1-20
MWM_ClassDist,44,8,4,kd,6.0,47.74,0.1,44.82,1.5446738594055176,45.06,1.6058472387313842,,,,,,0.240000000000002,0.06117337932586664,1-20
MWM_ClassDist,44,8,3,kd,2.0,45.7,0.1,44.4,1.5219140747070312,42.4,1.5557676273345946,,,,,,-2.0,0.0338535526275634,1-20
MWM_ClassDist,44,8,5,ce,,,0.1,43.94,1.5651606662750244,51.2,1.4709778787612915,1.0,50.82,50.82,47.22,1.5133300230026245,7.260000000000005,-0.09418278751373288,1-20
MWM_ClassDist,44,8,9,kd,1.0,50.82,0.1,45.52,1.548876794052124,48.3,1.5125895706176757,,,,,,2.779999999999994,-0.036287223434448235,1-20
MWM_ClassDist,44,9,2,kd,1.0,50.82,0.1,45.7,1.4696090152740477,47.16,1.5079819538116455,,,,,,1.4599999999999937,0.03837293853759771,1-20
MWM_ClassDist,44,9,4,kd,9.0,48.3,0.1,45.06,1.6058472387313842,47.16,1.5443950960159303,,,,,,2.0999999999999943,-0.06145214271545396,1-20
MWM_ClassDist,44,9,7,kd,6.0,47.74,0.1,47.66,1.433348131942749,45.56,1.5672717081069947,,,,,,-2.0999999999999943,0.13392357616424566,1-20
MWM_ClassDist,44,9,8,ce,,,0.1,45.54,1.4821360107421875,50.36,1.4225999820709228,5.0,51.2,51.2,48.3,1.5453200862884522,4.82,-0.05953602867126473,1-20
MWM_ClassDist,44,9,3,kd,5.0,51.2,0.1,42.4,1.5557676273345946,49.0,1.4960052581787109,,,,,,6.600000000000001,-0.05976236915588373,1-20
MWM_ClassDist,44,10,4,ce,,,0.1,47.16,1.5443950960159303,57.88,1.1936882209777833,5.0,51.2,51.2,51.32,1.4779128847122192,10.720000000000006,-0.350706875038147,1-20
MWM_ClassDist,44,10,8,kd,1.0,50.82,0.1,50.36,1.4225999820709228,47.16,1.6449369647979737,,,,,,-3.200000000000003,0.22233698272705094,1-20
MWM_ClassDist,44,10,7,kd,3.0,49.0,0.1,45.56,1.5672717081069947,48.18,1.5202241231918334,,,,,,2.6199999999999974,-0.047047584915161256,1-20
MWM_ClassDist,44,10,2,kd,6.0,47.74,0.1,47.16,1.5079819538116455,46.3,1.5285921508789062,,,,,,-0.8599999999999994,0.02061019706726075,1-20
MWM_ClassDist,44,10,9,kd,5.0,51.2,0.1,48.3,1.5125895706176757,45.66,1.702564045906067,,,,,,-2.6400000000000006,0.18997447528839118,1-20
MWM_ClassDist,44,11,9,ce,,,0.1,45.66,1.702564045906067,55.82,1.2322255428314208,4.0,57.88,57.88,54.76,1.2744400201797486,10.160000000000004,-0.4703385030746461,1-20
MWM_ClassDist,44,11,1,kd,5.0,51.2,0.1,50.82,1.3898271680831908,48.92,1.553394124031067,,,,,,-1.8999999999999986,0.16356695594787607,1-20
MWM_ClassDist,44,11,2,kd,3.0,49.0,0.1,46.3,1.5285921508789062,50.0,1.4852909591674806,,,,,,3.700000000000003,-0.04330119171142566,1-20
MWM_ClassDist,44,11,6,kd,7.0,48.18,0.1,47.74,1.4713451902389527,44.98,1.7232148773193359,,,,,,-2.760000000000005,0.25186968708038315,1-20
MWM_ClassDist,44,11,8,kd,4.0,57.88,0.1,47.16,1.6449369647979737,54.92,1.2653701236724852,,,,,,7.760000000000005,-0.37956684112548844,1-20
MWM_ClassDist,44,12,3,kd,4.0,57.88,0.1,49.0,1.4960052581787109,47.74,1.4829376176834106,,,,,,-1.259999999999998,-0.013067640495300292,1-20
MWM_ClassDist,44,12,6,ce,,,0.1,44.98,1.7232148773193359,55.04,1.2306229639053345,4.0,57.88,57.88,54.68,1.3859164421081542,10.060000000000002,-0.4925919134140013,1-20
MWM_ClassDist,44,12,2,kd,8.0,54.92,0.1,50.0,1.4852909591674806,53.88,1.313170008277893,,,,,,3.8800000000000026,-0.17212095088958757,1-20
MWM_ClassDist,44,12,7,kd,5.0,51.2,0.1,48.18,1.5202241231918334,50.8,1.4912199487686157,,,,,,2.6199999999999974,-0.029004174423217677,1-20
MWM_ClassDist,44,12,1,kd,9.0,55.82,0.1,48.92,1.553394124031067,53.06,1.3545063522338867,,,,,,4.140000000000001,-0.1988877717971802,1-20
MWM_ClassDist,44,13,7,kd,4.0,57.88,0.1,50.8,1.4912199487686157,55.24,1.2824428838729858,,,,,,4.440000000000005,-0.20877706489562997,1-20
MWM_ClassDist,44,13,1,kd,8.0,54.92,0.1,53.06,1.3545063522338867,53.48,1.3197134477615355,,,,,,0.4199999999999946,-0.03479290447235117,1-20
MWM_ClassDist,44,13,2,kd,9.0,55.82,0.1,53.88,1.313170008277893,50.48,1.4143258949279784,,,,,,-3.4000000000000057,0.10115588665008546,1-20
MWM_ClassDist,44,13,5,ce,,,0.1,51.2,1.4709778787612915,58.9,1.1891967658996583,4.0,57.88,57.88,55.94,1.2625467729568483,7.699999999999996,-0.2817811128616332,1-20
MWM_ClassDist,44,13,3,kd,6.0,55.04,0.1,47.74,1.4829376176834106,53.22,1.3132407529830932,,,,,,5.479999999999997,-0.16969686470031742,1-20
MWM_ClassDist,44,14,1,ce,,,0.1,53.48,1.3197134477615355,58.14,1.1983441900253295,5.0,58.9,58.9,57.28,1.2408880464553833,4.660000000000004,-0.121369257736206,1-20
MWM_ClassDist,44,14,3,kd,7.0,55.24,0.1,53.22,1.3132407529830932,53.98,1.2905743900299071,,,,,,0.759999999999998,-0.022666362953186026,1-20
MWM_ClassDist,44,14,6,kd,4.0,57.88,0.1,55.04,1.2306229639053345,56.44,1.2445583477020263,,,,,,1.3999999999999986,0.013935383796691792,1-20
MWM_ClassDist,44,14,8,kd,9.0,55.82,0.1,54.92,1.2653701236724852,50.66,1.400505089187622,,,,,,-4.260000000000005,0.13513496551513682,1-20
MWM_ClassDist,44,14,2,kd,5.0,58.9,0.1,50.48,1.4143258949279784,57.78,1.2173456649780274,,,,,,7.300000000000004,-0.196980229949951,1-20
MWM_ClassDist,44,15,7,ce,,,0.1,55.24,1.2824428838729858,56.7,1.253638833427429,5.0,58.9,58.9,55.38,1.318131725692749,1.4600000000000009,-0.028804050445556673,1-20
MWM_ClassDist,44,15,8,kd,4.0,57.88,0.1,50.66,1.400505089187622,55.04,1.266595026397705,,,,,,4.380000000000003,-0.13391006278991702,1-20
MWM_ClassDist,44,15,6,kd,2.0,57.78,0.1,56.44,1.2445583477020263,56.68,1.2642936763763428,,,,,,0.240000000000002,0.019735328674316488,1-20
MWM_ClassDist,44,15,9,kd,5.0,58.9,0.1,55.82,1.2322255428314208,55.88,1.3434417770385743,,,,,,0.060000000000002274,0.11121623420715343,1-20
MWM_ClassDist,44,15,3,kd,1.0,58.14,0.1,53.98,1.2905743900299071,51.9,1.4345707767486573,,,,,,-2.0799999999999983,0.14399638671875015,1-20
MWM_ClassDist,44,16,4,kd,1.0,58.14,0.1,57.88,1.1936882209777833,57.04,1.2553387781143188,,,,,,-0.8400000000000034,0.061650557136535555,1-20
MWM_ClassDist,44,16,6,ce,,,0.1,56.68,1.2642936763763428,63.66,1.034805203819275,5.0,58.9,58.9,58.24,1.2106283405303955,6.979999999999997,-0.22948847255706784,1-20
MWM_ClassDist,44,16,8,kd,9.0,55.88,0.1,55.04,1.266595026397705,53.74,1.4155238681793212,,,,,,-1.2999999999999972,0.14892884178161614,1-20
MWM_ClassDist,44,16,7,kd,2.0,57.78,0.1,56.7,1.253638833427429,57.44,1.224532211494446,,,,,,0.7399999999999949,-0.02910662193298319,1-20
MWM_ClassDist,44,16,3,kd,5.0,58.9,0.1,51.9,1.4345707767486573,58.04,1.2547919332504271,,,,,,6.140000000000001,-0.17977884349823015,1-20
MWM_ClassDist,44,17,8,kd,1.0,58.14,0.1,53.74,1.4155238681793212,55.32,1.3016688316345215,,,,,,1.5799999999999983,-0.11385503654479967,1-20
MWM_ClassDist,44,17,7,kd,3.0,58.04,0.1,57.44,1.224532211494446,58.12,1.2292772485733032,,,,,,0.6799999999999997,0.004745037078857317,1-20
MWM_ClassDist,44,17,4,kd,5.0,58.9,0.1,57.04,1.2553387781143188,55.38,1.3659603452682496,,,,,,-1.6599999999999966,0.11062156715393079,1-20
MWM_ClassDist,44,17,2,ce,,,0.1,57.78,1.2173456649780274,62.92,1.0468125442504883,6.0,63.66,63.66,62.14,1.088390139579773,5.140000000000001,-0.17053312072753912,1-20
MWM_ClassDist,44,17,9,kd,6.0,63.66,0.1,55.88,1.3434417770385743,59.34,1.1790310844421388,,,,,,3.460000000000001,-0.16441069259643548,1-20
MWM_ClassDist,44,18,7,kd,2.0,62.92,0.1,58.12,1.2292772485733032,61.66,1.0907599866867066,,,,,,3.539999999999999,-0.13851726188659663,1-20
MWM_ClassDist,44,18,3,kd,1.0,58.14,0.1,58.04,1.2547919332504271,56.98,1.2486712955474855,,,,,,-1.0600000000000023,-0.006120637702941689,1-20
MWM_ClassDist,44,18,4,kd,6.0,63.66,0.1,55.38,1.3659603452682496,63.44,1.0418594440460205,,,,,,8.059999999999995,-0.3241009012222291,1-20
MWM_ClassDist,44,18,8,ce,,,0.1,55.32,1.3016688316345215,58.16,1.1995294157028198,6.0,63.66,63.66,60.08,1.163151836013794,2.8399999999999963,-0.10213941593170173,1-20
MWM_ClassDist,44,18,5,kd,9.0,59.34,0.1,58.9,1.1891967658996583,59.06,1.1809400852203369,,,,,,0.1600000000000037,-0.008256680679321393,1-20
MWM_ClassDist,44,19,1,kd,4.0,63.44,0.1,58.14,1.1983441900253295,62.0,1.1050357357025147,,,,,,3.8599999999999994,-0.09330845432281487,1-20
MWM_ClassDist,44,19,9,kd,7.0,61.66,0.1,59.34,1.1790310844421388,60.98,1.106557511138916,,,,,,1.6399999999999935,-0.07247357330322268,1-20
MWM_ClassDist,44,19,3,kd,6.0,63.66,0.1,56.98,1.2486712955474855,60.32,1.1478294384002685,,,,,,3.3400000000000034,-0.10084185714721694,1-20
MWM_ClassDist,44,19,8,ce,,,0.1,58.16,1.1995294157028198,63.94,1.0334566394805909,6.0,63.66,63.66,59.76,1.1378600933074952,5.780000000000001,-0.16607277622222893,1-20
MWM_ClassDist,44,19,5,kd,2.0,62.92,0.1,59.06,1.1809400852203369,60.32,1.1306494255065918,,,,,,1.259999999999998,-0.050290659713745134,1-20
MWM_ClassDist,44,20,3,kd,8.0,63.94,0.1,60.32,1.1478294384002685,61.18,1.1310668973922728,,,,,,0.8599999999999994,-0.01676254100799568,1-20
MWM_ClassDist,44,20,2,kd,4.0,63.44,0.1,62.92,1.0468125442504883,61.96,1.0971360216140746,,,,,,-0.9600000000000009,0.05032347736358633,1-20
MWM_ClassDist,44,20,9,ce,,,0.1,60.98,1.106557511138916,65.56,0.990098162651062,8.0,63.94,63.94,59.36,1.1782693510055542,4.580000000000005,-0.11645934848785411,1-20
MWM_ClassDist,44,20,5,kd,1.0,62.0,0.1,60.32,1.1306494255065918,60.0,1.167118278503418,,,,,,-0.3200000000000003,0.03646885299682623,1-20
MWM_ClassDist,44,20,7,kd,6.0,63.66,0.1,61.66,1.0907599866867066,59.3,1.1950411127090454,,,,,,-2.3599999999999994,0.10428112602233885,1-20
MWM_ClassDist,44,21,1,ce,,,0.1,62.0,1.1050357357025147,65.8,0.9738933628082276,9.0,65.56,65.56,64.64,1.0442712118148805,3.799999999999997,-0.1311423728942871,21-40
MWM_ClassDist,44,21,7,kd,4.0,63.44,0.1,59.3,1.1950411127090454,60.96,1.1325148494720458,,,,,,1.6600000000000037,-0.06252626323699961,21-40
MWM_ClassDist,44,21,3,kd,6.0,63.66,0.1,61.18,1.1310668973922728,61.74,1.106398802947998,,,,,,0.5600000000000023,-0.024668094444274757,21-40
MWM_ClassDist,44,21,5,kd,9.0,65.56,0.1,60.0,1.167118278503418,64.16,1.0470139726638794,,,,,,4.159999999999997,-0.12010430583953857,21-40
MWM_ClassDist,44,21,2,kd,8.0,63.94,0.1,61.96,1.0971360216140746,62.28,1.139714833831787,,,,,,0.3200000000000003,0.042578812217712425,21-40
MWM_ClassDist,44,22,7,kd,1.0,65.8,0.1,60.96,1.1325148494720458,62.84,1.0732431699752807,,,,,,1.8800000000000026,-0.05927167949676515,21-40
MWM_ClassDist,44,22,4,ce,,,0.1,63.44,1.0418594440460205,65.76,0.9647540029525756,1.0,65.8,65.8,65.28,1.014284105682373,2.3200000000000074,-0.07710544109344486,21-40
MWM_ClassDist,44,22,2,kd,9.0,65.56,0.1,62.28,1.139714833831787,64.64,1.0340763107299804,,,,,,2.3599999999999994,-0.10563852310180666,21-40
MWM_ClassDist,44,22,6,kd,8.0,63.94,0.1,63.66,1.034805203819275,62.88,1.0732882272720337,,,,,,-0.779999999999994,0.03848302345275867,21-40
MWM_ClassDist,44,22,3,kd,5.0,64.16,0.1,61.74,1.106398802947998,62.7,1.1090781534194947,,,,,,0.9600000000000009,0.0026793504714965888,21-40
MWM_ClassDist,44,23,9,kd,4.0,65.76,0.1,65.56,0.990098162651062,65.32,0.9771754415512085,,,,,,-0.2400000000000091,-0.012922721099853485,21-40
MWM_ClassDist,44,23,6,kd,1.0,65.8,0.1,62.88,1.0732882272720337,64.52,1.0263978660583497,,,,,,1.6399999999999935,-0.04689036121368395,21-40
MWM_ClassDist,44,23,3,kd,7.0,62.84,0.1,62.7,1.1090781534194947,62.04,1.1417299291610719,,,,,,-0.6600000000000037,0.03265177574157718,21-40
MWM_ClassDist,44,23,5,ce,,,0.1,64.16,1.0470139726638794,66.04,0.9912207569122314,1.0,65.8,65.8,65.2,0.9911654239654542,1.8800000000000097,-0.05579321575164797,21-40
MWM_ClassDist,44,23,8,kd,2.0,64.64,0.1,63.94,1.0334566394805909,64.58,1.044224492073059,,,,,,0.6400000000000006,0.010767852592468152,21-40
MWM_ClassDist,44,24,7,ce,,,0.1,62.84,1.0732431699752807,65.8,0.9932751289367676,5.0,66.04,66.04,62.28,1.100447947692871,2.9599999999999937,-0.07996804103851307,21-40
MWM_ClassDist,44,24,3,kd,1.0,65.8,0.1,62.04,1.1417299291610719,63.84,1.0367758213043212,,,,,,1.8000000000000043,-0.10495410785675063,21-40
MWM_ClassDist,44,24,2,kd,9.0,65.32,0.1,64.64,1.0340763107299804,65.1,0.9843533397674561,,,,,,0.45999999999999375,-0.049722970962524315,21-40
MWM_ClassDist,44,24,6,kd,5.0,66.04,0.1,64.52,1.0263978660583497,64.74,1.0277184562683106,,,,,,0.21999999999999886,0.0013205902099608924,21-40
MWM_ClassDist,44,24,8,kd,4.0,65.76,0.1,64.58,1.044224492073059,64.94,1.0060525075912476,,,,,,0.35999999999999943,-0.03817198448181136,21-40
MWM_ClassDist,44,25,2,kd,1.0,65.8,0.1,65.1,0.9843533397674561,63.7,1.048737560081482,,,,,,-1.3999999999999915,0.0643842203140258,21-40
MWM_ClassDist,44,25,3,kd,7.0,65.8,0.1,63.84,1.0367758213043212,64.46,1.0125922845840454,,,,,,0.6199999999999903,-0.024183536720275844,21-40
MWM_ClassDist,44,25,9,ce,,,0.1,65.32,0.9771754415512085,67.16,0.9552263324737549,5.0,66.04,66.04,64.34,1.028179651069641,1.8400000000000034,-0.02194910907745362,21-40
MWM_ClassDist,44,25,4,kd,5.0,66.04,0.1,65.76,0.9647540029525756,65.12,1.0348103536605835,,,,,,-0.6400000000000006,0.07005635070800786,21-40
MWM_ClassDist,44,25,6,kd,8.0,64.94,0.1,64.74,1.0277184562683106,62.88,1.0583704149246216,,,,,,-1.8599999999999923,0.030651958656310985,21-40
MWM_ClassDist,44,26,4,ce,,,0.1,65.12,1.0348103536605835,68.6,0.9062184778213501,9.0,67.16,67.16,63.16,1.07994493932724,3.4799999999999898,-0.12859187583923337,21-40
MWM_ClassDist,44,26,2,kd,7.0,65.8,0.1,63.7,1.048737560081482,62.84,1.0807549991607666,,,,,,-0.8599999999999994,0.03201743907928467,21-40
MWM_ClassDist,44,26,3,kd,1.0,65.8,0.1,64.46,1.0125922845840454,63.0,1.0655699831008911,,,,,,-1.4599999999999937,0.05297769851684575,21-40
MWM_ClassDist,44,26,6,kd,9.0,67.16,0.1,62.88,1.0583704149246216,65.64,1.0057722661018371,,,,,,2.759999999999998,-0.05259814882278446,21-40
MWM_ClassDist,44,26,8,kd,5.0,66.04,0.1,64.94,1.0060525075912476,65.26,1.0159443185806274,,,,,,0.3200000000000074,0.009891810989379746,21-40
MWM_ClassDist,44,27,2,kd,1.0,65.8,0.1,62.84,1.0807549991607666,65.28,0.99509836063385,,,,,,2.4399999999999977,-0.08565663852691652,21-40
MWM_ClassDist,44,27,3,kd,7.0,65.8,0.1,63.0,1.0655699831008911,63.4,1.0634670442581178,,,,,,0.3999999999999986,-0.0021029388427733497,21-40
MWM_ClassDist,44,27,6,kd,4.0,68.6,0.1,65.64,1.0057722661018371,68.68,0.9322609008789062,,,,,,3.0400000000000063,-0.07351136522293089,21-40
MWM_ClassDist,44,27,5,kd,9.0,67.16,0.1,66.04,0.9912207569122314,65.68,0.9745440969467163,,,,,,-0.35999999999999943,-0.01667665996551515,21-40
MWM_ClassDist,44,27,8,ce,,,0.1,65.26,1.0159443185806274,67.64,0.9233159149169922,4.0,68.6,68.6,66.62,0.9851710830688477,2.3799999999999955,-0.09262840366363523,21-40
MWM_ClassDist,44,28,2,kd,4.0,68.6,0.1,65.28,0.99509836063385,65.72,0.9929502116203308,,,,,,0.4399999999999977,-0.0021481490135192294,21-40
MWM_ClassDist,44,28,5,kd,7.0,65.8,0.1,65.68,0.9745440969467163,65.1,0.9867271137237549,,,,,,-0.5800000000000125,0.012183016777038591,21-40
MWM_ClassDist,44,28,3,ce,,,0.1,63.4,1.0634670442581178,64.44,1.0516563041687013,6.0,68.68,68.68,67.54,0.9478271649360657,1.0399999999999991,-0.011810740089416516,21-40
MWM_ClassDist,44,28,9,kd,8.0,67.64,0.1,67.16,0.9552263324737549,67.06,0.9568092018127441,,,,,,-0.09999999999999432,0.0015828693389892123,21-40
MWM_ClassDist,44,28,1,kd,6.0,68.68,0.1,65.8,0.9738933628082276,67.94,0.9441192684173584,,,,,,2.1400000000000006,-0.0297740943908692,21-40
MWM_ClassDist,44,29,1,ce,,,0.1,67.94,0.9441192684173584,65.82,0.9728884766578675,6.0,68.68,68.68,66.48,0.9793545921325684,-2.1200000000000045,0.028769208240509103,21-40
MWM_ClassDist,44,29,3,kd,6.0,68.68,0.1,64.44,1.0516563041687013,68.12,0.9521992594718933,,,,,,3.680000000000007,-0.09945704469680794,21-40
MWM_ClassDist,44,29,5,kd,9.0,67.06,0.1,65.1,0.9867271137237549,65.4,1.0026142364501953,,,,,,0.30000000000001137,0.01588712272644044,21-40
MWM_ClassDist,44,29,7,kd,4.0,68.6,0.1,65.8,0.9932751289367676,67.5,0.9491156515121459,,,,,,1.7000000000000028,-0.044159477424621674,21-40
MWM_ClassDist,44,29,2,kd,8.0,67.64,0.1,65.72,0.9929502116203308,66.34,0.9482543079376221,,,,,,0.6200000000000045,-0.044695903682708704,21-40
MWM_ClassDist,44,30,2,kd,4.0,68.6,0.1,66.34,0.9482543079376221,68.24,0.9380987582206726,,,,,,1.8999999999999915,-0.010155549716949541,21-40
MWM_ClassDist,44,30,8,kd,3.0,68.12,0.1,67.64,0.9233159149169922,68.54,0.9321930104255677,,,,,,0.9000000000000057,0.008877095508575517,21-40
MWM_ClassDist,44,30,9,kd,7.0,67.5,0.1,67.06,0.9568092018127441,65.68,0.9894532387733459,,,,,,-1.3799999999999955,0.03264403696060181,21-40
MWM_ClassDist,44,30,5,ce,,,0.1,65.4,1.0026142364501953,69.88,0.8797847640037537,6.0,68.68,68.68,68.24,0.9375623529434204,4.47999999999999,-0.1228294724464416,21-40
MWM_ClassDist,44,30,1,kd,6.0,68.68,0.1,65.82,0.9728884766578675,68.1,0.9432671277999878,,,,,,2.280000000000001,-0.029621348857879704,21-40
MWM_ClassDist,44,31,1,kd,2.0,68.24,0.1,68.1,0.9432671277999878,67.26,0.9837388906478882,,,,,,-0.8399999999999892,0.04047176284790044,21-40
MWM_ClassDist,44,31,4,ce,,,0.1,68.6,0.9062184778213501,66.34,0.9462576414108277,5.0,69.88,69.88,69.16,0.9153252035140991,-2.259999999999991,0.04003916358947757,21-40
MWM_ClassDist,44,31,7,kd,8.0,68.54,0.1,67.5,0.9491156515121459,67.74,0.9811077855110168,,,,,,0.23999999999999488,0.03199213399887091,21-40
MWM_ClassDist,44,31,9,kd,6.0,68.68,0.1,65.68,0.9894532387733459,67.34,0.9613002729415894,,,,,,1.6599999999999966,-0.028152965831756527,21-40
MWM_ClassDist,44,31,3,kd,5.0,69.88,0.1,68.12,0.9521992594718933,68.12,0.9263873220443726,,,,,,0.0,-0.025811937427520748,21-40
MWM_ClassDist,44,32,9,ce,,,0.1,67.34,0.9613002729415894,66.54,1.0046237798690796,5.0,69.88,69.88,68.92,0.9138783484458923,-0.7999999999999972,0.04332350692749021,21-40
MWM_ClassDist,44,32,6,kd,5.0,69.88,0.1,68.68,0.9322609008789062,67.28,0.9908893448829651,,,,,,-1.4000000000000057,0.058628444004058866,21-40
MWM_ClassDist,44,32,7,kd,2.0,68.24,0.1,67.74,0.9811077855110168,68.04,0.9318615570068359,,,,,,0.30000000000001137,-0.04924622850418092,21-40
MWM_ClassDist,44,32,4,kd,8.0,68.54,0.1,66.34,0.9462576414108277,67.98,0.9492592741012573,,,,,,1.6400000000000006,0.003001632690429634,21-40
MWM_ClassDist,44,32,1,kd,3.0,68.12,0.1,67.26,0.9837388906478882,67.26,0.9681968553543091,,,,,,0.0,-0.015542035293579115,21-40
MWM_ClassDist,44,33,9,ce,,,0.1,66.54,1.0046237798690796,69.78,0.8825359357833862,5.0,69.88,69.88,68.46,0.9303359491348266,3.239999999999995,-0.1220878440856934,21-40
MWM_ClassDist,44,33,1,kd,2.0,68.24,0.1,67.26,0.9681968553543091,66.02,1.0028067638397218,,,,,,-1.240000000000009,0.03460990848541268,21-40
MWM_ClassDist,44,33,8,kd,5.0,69.88,0.1,68.54,0.9321930104255677,66.7,0.9731707653045655,,,,,,-1.8400000000000034,0.040977754878997796,21-40
MWM_ClassDist,44,33,7,kd,3.0,68.12,0.1,68.04,0.9318615570068359,64.64,1.0781154400825501,,,,,,-3.4000000000000057,0.14625388307571419,21-40
MWM_ClassDist,44,33,6,kd,4.0,67.98,0.1,67.28,0.9908893448829651,65.88,1.0056819101333618,,,,,,-1.4000000000000057,0.014792565250396739,21-40
MWM_ClassDist,44,34,6,kd,9.0,69.78,0.1,65.88,1.0056819101333618,66.74,0.9598259834289551,,,,,,0.8599999999999994,-0.045855926704406746,21-40
MWM_ClassDist,44,34,4,kd,5.0,69.88,0.1,67.98,0.9492592741012573,68.14,0.9624859290122986,,,,,,0.1599999999999966,0.013226654911041247,21-40
MWM_ClassDist,44,34,7,kd,2.0,68.24,0.1,64.64,1.0781154400825501,66.94,0.9804288707733154,,,,,,2.299999999999997,-0.0976865693092347,21-40
MWM_ClassDist,44,34,8,ce,,,0.1,66.7,0.9731707653045655,64.06,1.0515129497528075,5.0,69.88,69.88,67.96,0.9353380899429321,-2.6400000000000006,0.07834218444824204,21-40
MWM_ClassDist,44,34,1,kd,3.0,68.12,0.1,66.02,1.0028067638397218,67.98,0.9454364998817444,,,,,,1.960000000000008,-0.057370263957977397,21-40
MWM_ClassDist,44,35,4,ce,,,0.1,68.14,0.9624859290122986,70.94,0.8465894590377807,5.0,69.88,69.88,69.8,0.8811937491416931,2.799999999999997,-0.11589646997451786,21-40
MWM_ClassDist,44,35,6,kd,1.0,67.98,0.1,66.74,0.9598259834289551,68.08,0.9462530510902405,,,,,,1.3400000000000034,-0.013572932338714594,21-40
MWM_ClassDist,44,35,3,kd,2.0,68.24,0.1,68.12,0.9263873220443726,67.56,0.943997318649292,,,,,,-0.5600000000000023,0.017609996604919465,21-40
MWM_ClassDist,44,35,7,kd,9.0,69.78,0.1,66.94,0.9804288707733154,67.44,0.9615043218612671,,,,,,0.5,-0.01892454891204831,21-40
MWM_ClassDist,44,35,8,kd,5.0,69.88,0.1,64.06,1.0515129497528075,66.8,0.9935166877746582,,,,,,2.739999999999995,-0.05799626197814933,21-40
MWM_ClassDist,44,36,7,kd,3.0,67.56,0.1,67.44,0.9615043218612671,68.26,0.9429011981010437,,,,,,0.8200000000000074,-0.01860312376022344,21-40
MWM_ClassDist,44,36,8,ce,,,0.1,66.8,0.9935166877746582,70.34,0.8511996245384217,4.0,70.94,70.94,68.44,0.9222174486160278,3.5400000000000063,-0.1423170632362365,21-40
MWM_ClassDist,44,36,5,kd,4.0,70.94,0.1,69.88,0.8797847640037537,70.52,0.8482214189529419,,,,,,0.6400000000000006,-0.03156334505081182,21-40
MWM_ClassDist,44,36,6,kd,2.0,68.24,0.1,68.08,0.9462530510902405,67.06,0.9748338989257812,,,,,,-1.019999999999996,0.028580847835540713,21-40
MWM_ClassDist,44,36,1,kd,9.0,69.78,0.1,67.98,0.9454364998817444,68.42,0.905026508140564,,,,,,0.4399999999999977,-0.04040999174118043,21-40
MWM_ClassDist,44,37,2,kd,1.0,68.42,0.1,68.24,0.9380987582206726,67.32,0.9404896135330201,,,,,,-0.9200000000000017,0.0023908553123475063,21-40
MWM_ClassDist,44,37,7,kd,9.0,69.78,0.1,68.26,0.9429011981010437,68.32,0.9112436882019043,,,,,,0.05999999999998806,-0.0316575098991394,21-40
MWM_ClassDist,44,37,8,kd,4.0,70.94,0.1,70.34,0.8511996245384217,68.84,0.9212482116699219,,,,,,-1.5,0.0700485871315002,21-40
MWM_ClassDist,44,37,6,ce,,,0.1,67.06,0.9748338989257812,68.56,0.8845847820281982,4.0,70.94,70.94,66.5,0.9495643198013306,1.5,-0.09024911689758297,21-40
MWM_ClassDist,44,37,3,kd,5.0,70.52,0.1,67.56,0.943997318649292,70.2,0.8690408163070679,,,,,,2.6400000000000006,-0.07495650234222417,21-40
MWM_ClassDist,44,38,2,ce,,,0.1,67.32,0.9404896135330201,66.9,0.9749239725112915,4.0,70.94,70.94,67.74,0.9531736379623413,-0.4199999999999875,0.03443435897827141,21-40
MWM_ClassDist,44,38,9,kd,5.0,70.52,0.1,69.78,0.8825359357833862,69.76,0.886716428565979,,,,,,-0.01999999999999602,0.004180492782592804,21-40
MWM_ClassDist,44,38,8,kd,3.0,70.2,0.1,68.84,0.9212482116699219,69.0,0.9193285953521728,,,,,,0.1599999999999966,-0.0019196163177490622,21-40
MWM_ClassDist,44,38,1,kd,6.0,68.56,0.1,68.42,0.905026508140564,67.46,0.941222925567627,,,,,,-0.960000000000008,0.03619641742706303,21-40
MWM_ClassDist,44,38,7,kd,4.0,70.94,0.1,68.32,0.9112436882019043,65.86,1.0104922630310058,,,,,,-2.4599999999999937,0.09924857482910154,21-40
MWM_ClassDist,44,39,8,kd,4.0,70.94,0.1,69.0,0.9193285953521728,69.3,0.8924692487716674,,,,,,0.29999999999999716,-0.026859346580505372,21-40
MWM_ClassDist,44,39,1,kd,5.0,70.52,0.1,67.46,0.941222925567627,69.48,0.8857498432159424,,,,,,2.0200000000000102,-0.05547308235168458,21-40
MWM_ClassDist,44,39,9,ce,,,0.1,69.76,0.886716428565979,70.34,0.8981610727310181,4.0,70.94,70.94,67.92,0.946329355430603,0.5799999999999983,0.011444644165039097,21-40
MWM_ClassDist,44,39,2,kd,3.0,70.2,0.1,66.9,0.9749239725112915,69.94,0.8714225234985351,,,,,,3.039999999999992,-0.10350144901275637,21-40
MWM_ClassDist,44,39,7,kd,6.0,68.56,0.1,65.86,1.0104922630310058,68.5,0.8841297647476196,,,,,,2.6400000000000006,-0.1263624982833862,21-40
MWM_ClassDist,44,40,1,ce,,,0.1,69.48,0.8857498432159424,71.1,0.84471670627594,4.0,70.94,70.94,68.34,0.9360301942825318,1.6199999999999903,-0.041033136940002435,21-40
MWM_ClassDist,44,40,2,kd,4.0,70.94,0.1,69.94,0.8714225234985351,68.78,0.9133554893493653,,,,,,-1.1599999999999966,0.04193296585083017,21-40
MWM_ClassDist,44,40,8,kd,9.0,70.34,0.1,69.3,0.8924692487716674,68.78,0.9078498426437378,,,,,,-0.519999999999996,0.015380593872070358,21-40
MWM_ClassDist,44,40,7,kd,5.0,70.52,0.1,68.5,0.8841297647476196,68.9,0.9060273704528808,,,,,,0.4000000000000057,0.021897605705261225,21-40
MWM_ClassDist,44,40,6,kd,3.0,70.2,0.1,68.56,0.8845847820281982,69.54,0.8962854190826416,,,,,,0.980000000000004,0.011700637054443352,21-40
MWM_ClassDist,44,41,9,kd,1.0,71.1,0.1,70.34,0.8981610727310181,71.6,0.8594443130493165,,,,,,1.259999999999991,-0.03871675968170163,41-60
MWM_ClassDist,44,41,6,ce,,,0.1,69.54,0.8962854190826416,70.66,0.8787085767745971,1.0,71.1,71.1,70.94,0.8505012424468994,1.1199999999999903,-0.01757684230804446,41-60
MWM_ClassDist,44,41,2,kd,3.0,70.2,0.1,68.78,0.9133554893493653,69.24,0.9027277597427368,,,,,,0.45999999999999375,-0.0106277296066285,41-60
MWM_ClassDist,44,41,7,kd,4.0,70.94,0.1,68.9,0.9060273704528808,69.74,0.8948992719650268,,,,,,0.8399999999999892,-0.01112809848785401,41-60
MWM_ClassDist,44,41,8,kd,5.0,70.52,0.1,68.78,0.9078498426437378,71.12,0.8501675983428955,,,,,,2.3400000000000034,-0.057682244300842345,41-60
MWM_ClassDist,44,42,7,kd,1.0,71.1,0.1,69.74,0.8948992719650268,70.06,0.87424074344635,,,,,,0.3200000000000074,-0.020658528518676778,41-60
MWM_ClassDist,44,42,3,kd,4.0,70.94,0.1,70.2,0.8690408163070679,67.26,0.9623227199554444,,,,,,-2.9399999999999977,0.09328190364837652,41-60
MWM_ClassDist,44,42,5,ce,,,0.1,70.52,0.8482214189529419,70.56,0.8701627756118775,9.0,71.6,71.6,69.16,0.9291473205566406,0.04000000000000625,0.021941356658935596,41-60
MWM_ClassDist,44,42,6,kd,9.0,71.6,0.1,70.66,0.8787085767745971,70.78,0.8628403841018677,,,,,,0.12000000000000455,-0.01586819267272943,41-60
MWM_ClassDist,44,42,2,kd,8.0,71.12,0.1,69.24,0.9027277597427368,70.24,0.8752133701324463,,,,,,1.0,-0.027514389610290513,41-60
MWM_ClassDist,44,43,6,kd,8.0,71.12,0.1,70.78,0.8628403841018677,70.88,0.8546708219528198,,,,,,0.09999999999999432,-0.008169562149047849,41-60
MWM_ClassDist,44,43,5,kd,1.0,71.1,0.1,70.56,0.8701627756118775,70.84,0.8561334539413452,,,,,,0.28000000000000114,-0.01402932167053228,41-60
MWM_ClassDist,44,43,2,kd,4.0,70.94,0.1,70.24,0.8752133701324463,69.16,0.9077227502822875,,,,,,-1.0799999999999983,0.03250938014984128,41-60
MWM_ClassDist,44,43,3,ce,,,0.1,67.26,0.9623227199554444,67.82,0.9588238862991333,9.0,71.6,71.6,68.18,0.9793858823776245,0.5599999999999881,-0.0034988336563110956,41-60
MWM_ClassDist,44,43,7,kd,9.0,71.6,0.1,70.06,0.87424074344635,70.96,0.8581484817504883,,,,,,0.8999999999999915,-0.016092261695861754,41-60
MWM_ClassDist,44,44,5,kd,6.0,70.88,0.1,70.84,0.8561334539413452,69.98,0.8947242053985596,,,,,,-0.8599999999999994,0.038590751457214356,41-60
MWM_ClassDist,44,44,2,kd,7.0,70.96,0.1,69.16,0.9077227502822875,70.22,0.8817447967529297,,,,,,1.0600000000000023,-0.025977953529357833,41-60
MWM_ClassDist,44,44,3,kd,1.0,71.1,0.1,67.82,0.9588238862991333,68.62,0.9464444692611694,,,,,,0.8000000000000114,-0.012379417037963858,41-60
MWM_ClassDist,44,44,4,kd,9.0,71.6,0.1,70.94,0.8465894590377807,70.92,0.8670068525314331,,,,,,-0.01999999999999602,0.020417393493652347,41-60
MWM_ClassDist,44,44,8,ce,,,0.1,71.12,0.8501675983428955,71.06,0.8375942584991455,9.0,71.6,71.6,69.48,0.9220392044067383,-0.060000000000002274,-0.012573339843749975,41-60
MWM_ClassDist,44,45,1,ce,,,0.1,71.1,0.84471670627594,70.18,0.8496732859611511,9.0,71.6,71.6,69.42,0.8818615810394287,-0.9199999999999875,0.004956579685211127,41-60
MWM_ClassDist,44,45,3,kd,7.0,70.96,0.1,68.62,0.9464444692611694,71.24,0.8634648447036744,,,,,,2.6199999999999903,-0.08297962455749508,41-60
MWM_ClassDist,44,45,5,kd,4.0,70.92,0.1,69.98,0.8947242053985596,69.06,0.9162728271484375,,,,,,-0.9200000000000017,0.021548621749877928,41-60
MWM_ClassDist,44,45,6,kd,9.0,71.6,0.1,70.88,0.8546708219528198,69.12,0.9121340698242187,,,,,,-1.759999999999991,0.05746324787139889,41-60
MWM_ClassDist,44,45,2,kd,8.0,71.06,0.1,70.22,0.8817447967529297,67.78,0.954185622215271,,,,,,-2.4399999999999977,0.07244082546234132,41-60
MWM_ClassDist,44,46,7,ce,,,0.1,70.96,0.8581484817504883,69.18,0.9143169542312622,9.0,71.6,71.6,70.24,0.8875805391311645,-1.779999999999987,0.056168472480773945,41-60
MWM_ClassDist,44,46,2,kd,4.0,70.92,0.1,67.78,0.954185622215271,69.46,0.9167668809890747,,,,,,1.6799999999999926,-0.03741874122619637,41-60
MWM_ClassDist,44,46,8,kd,9.0,71.6,0.1,71.06,0.8375942584991455,69.96,0.8964149278640747,,,,,,-1.1000000000000085,0.058820669364929246,41-60
MWM_ClassDist,44,46,5,kd,3.0,71.24,0.1,69.06,0.9162728271484375,70.66,0.8764137584686279,,,,,,1.5999999999999943,-0.039859068679809595,41-60
MWM_ClassDist,44,46,6,kd,1.0,70.18,0.1,69.12,0.9121340698242187,69.58,0.8848069155693055,,,,,,0.45999999999999375,-0.027327154254913277,41-60
MWM_ClassDist,44,47,7,kd,2.0,69.46,0.1,69.18,0.9143169542312622,70.06,0.8991167987823486,,,,,,0.8799999999999955,-0.015200155448913621,41-60
MWM_ClassDist,44,47,8,kd,5.0,70.66,0.1,69.96,0.8964149278640747,70.26,0.8837208871841431,,,,,,0.30000000000001137,-0.012694040679931629,41-60
MWM_ClassDist,44,47,3,ce,,,0.1,71.24,0.8634648447036744,71.38,0.8275872260093688,9.0,71.6,71.6,69.86,0.9167924554824829,0.14000000000000057,-0.0358776186943055,41-60
MWM_ClassDist,44,47,1,kd,4.0,70.92,0.1,70.18,0.8496732859611511,70.7,0.8871013046264649,,,,,,0.519999999999996,0.037428018665313756,41-60
MWM_ClassDist,44,47,6,kd,9.0,71.6,0.1,69.58,0.8848069155693055,70.78,0.8529342386245727,,,,,,1.2000000000000028,-0.031872676944732725,41-60
MWM_ClassDist,44,48,4,kd,3.0,71.38,0.1,70.92,0.8670068525314331,70.4,0.8760438117027283,,,,,,-0.519999999999996,0.009036959171295211,41-60
MWM_ClassDist,44,48,5,kd,1.0,70.7,0.1,70.66,0.8764137584686279,70.66,0.8842522232055664,,,,,,0.0,0.0078384647369385,41-60
MWM_ClassDist,44,48,2,ce,,,0.1,69.46,0.9167668809890747,71.2,0.8557452301979065,9.0,71.6,71.6,69.76,0.895866809463501,1.740000000000009,-0.06102165079116817,41-60
MWM_ClassDist,44,48,8,kd,9.0,71.6,0.1,70.26,0.8837208871841431,70.4,0.8800156766891479,,,,,,0.14000000000000057,-0.0037052104949951703,41-60
MWM_ClassDist,44,48,7,kd,6.0,70.78,0.1,70.06,0.8991167987823486,72.18,0.8308314527511597,,,,,,2.1200000000000045,-0.06828534603118896,41-60
MWM_ClassDist,44,49,1,ce,,,0.1,70.7,0.8871013046264649,72.02,0.8212555810928345,7.0,72.18,72.18,70.86,0.8651485301971436,1.3199999999999932,-0.06584572353363038,41-60
MWM_ClassDist,44,49,8,kd,7.0,72.18,0.1,70.4,0.8800156766891479,71.64,0.8482104127883912,,,,,,1.2399999999999949,-0.031805263900756775,41-60
MWM_ClassDist,44,49,4,kd,6.0,70.78,0.1,70.4,0.8760438117027283,70.36,0.8843792358398438,,,,,,-0.04000000000000625,0.008335424137115521,41-60
MWM_ClassDist,44,49,2,kd,9.0,71.6,0.1,71.2,0.8557452301979065,71.24,0.8564118255615234,,,,,,0.03999999999999204,0.0006665953636169064,41-60
MWM_ClassDist,44,49,5,kd,3.0,71.38,0.1,70.66,0.8842522232055664,66.9,0.9650014600753785,,,,,,-3.759999999999991,0.08074923686981206,41-60
MWM_ClassDist,44,50,8,kd,1.0,72.02,0.1,71.64,0.8482104127883912,70.2,0.8656302658081054,,,,,,-1.4399999999999977,0.01741985301971427,41-60
MWM_ClassDist,44,50,6,ce,,,0.1,70.78,0.8529342386245727,72.3,0.8090713265419006,7.0,72.18,72.18,71.24,0.8590170944213867,1.519999999999996,-0.04386291208267212,41-60
MWM_ClassDist,44,50,2,kd,3.0,71.38,0.1,71.24,0.8564118255615234,71.0,0.8544093470573425,,,,,,-0.23999999999999488,-0.0020024785041808935,41-60
MWM_ClassDist,44,50,5,kd,9.0,71.6,0.1,66.9,0.9650014600753785,70.32,0.8776912109375,,,,,,3.4199999999999875,-0.08731024913787844,41-60
MWM_ClassDist,44,50,4,kd,7.0,72.18,0.1,70.36,0.8843792358398438,70.58,0.8652122640609741,,,,,,0.21999999999999886,-0.019166971778869724,41-60
MWM_ClassDist,44,51,4,kd,2.0,71.0,0.1,70.58,0.8652122640609741,70.92,0.8525030783653259,,,,,,0.3400000000000034,-0.012709185695648162,41-60
MWM_ClassDist,44,51,8,kd,7.0,72.18,0.1,70.2,0.8656302658081054,71.4,0.8788985301971436,,,,,,1.2000000000000028,0.013268264389038165,41-60
MWM_ClassDist,44,51,3,kd,9.0,71.6,0.1,71.38,0.8275872260093688,71.16,0.8703788005828857,,,,,,-0.21999999999999886,0.0427915745735169,41-60
MWM_ClassDist,44,51,5,ce,,,0.1,70.32,0.8776912109375,70.32,0.8481514242172241,6.0,72.3,72.3,69.28,0.9131893613815307,0.0,-0.029539786720275907,41-60
MWM_ClassDist,44,51,1,kd,6.0,72.3,0.1,72.02,0.8212555810928345,73.18,0.8123916019439698,,,,,,1.1600000000000108,-0.00886397914886472,41-60
MWM_ClassDist,44,52,2,kd,7.0,72.18,0.1,71.0,0.8544093470573425,71.16,0.8729191890716552,,,,,,0.1599999999999966,0.018509842014312716,41-60
MWM_ClassDist,44,52,6,ce,,,0.1,72.3,0.8090713265419006,69.64,0.9087755983352661,1.0,73.18,73.18,72.12,0.829565998840332,-2.6599999999999966,0.0997042717933655,41-60
MWM_ClassDist,44,52,4,kd,8.0,71.4,0.1,70.92,0.8525030783653259,69.64,0.9371803178787231,,,,,,-1.2800000000000011,0.08467723951339723,41-60
MWM_ClassDist,44,52,5,kd,3.0,71.16,0.1,70.32,0.8481514242172241,69.6,0.8947799592971801,,,,,,-0.7199999999999989,0.04662853507995601,41-60
MWM_ClassDist,44,52,9,kd,1.0,73.18,0.1,71.6,0.8594443130493165,69.42,0.9112133293151855,,,,,,-2.1799999999999926,0.05176901626586905,41-60
MWM_ClassDist,44,53,6,kd,1.0,73.18,0.1,69.64,0.9087755983352661,73.46,0.7943084857940674,,,,,,3.819999999999993,-0.11446711254119868,41-60
MWM_ClassDist,44,53,3,kd,2.0,71.16,0.1,71.16,0.8703788005828857,70.02,0.9207178518295288,,,,,,-1.1400000000000006,0.05033905124664306,41-60
MWM_ClassDist,44,53,5,kd,4.0,69.64,0.1,69.6,0.8947799592971801,68.66,0.9507550153732299,,,,,,-0.9399999999999977,0.0559750560760498,41-60
MWM_ClassDist,44,53,8,ce,,,0.1,71.4,0.8788985301971436,69.78,0.8463677488327026,1.0,73.18,73.18,70.22,0.8845192333221435,-1.6200000000000045,-0.032530781364440986,41-60
MWM_ClassDist,44,53,9,kd,7.0,72.18,0.1,69.42,0.9112133293151855,71.42,0.8505434043884277,,,,,,2.0,-0.06066992492675782,41-60
MWM_ClassDist,44,54,2,kd,6.0,73.46,0.1,71.16,0.8729191890716552,72.74,0.8267784893035889,,,,,,1.5799999999999983,-0.04614069976806634,41-60
MWM_ClassDist,44,54,4,kd,9.0,71.42,0.1,69.64,0.9371803178787231,67.92,0.9970358142852783,,,,,,-1.7199999999999989,0.059855496406555186,41-60
MWM_ClassDist,44,54,3,kd,1.0,73.18,0.1,70.02,0.9207178518295288,69.44,0.9449115850448608,,,,,,-0.5799999999999983,0.024193733215332025,41-60
MWM_ClassDist,44,54,8,kd,7.0,72.18,0.1,69.78,0.8463677488327026,72.52,0.8485822420120239,,,,,,2.739999999999995,0.0022144931793213196,41-60
MWM_ClassDist,44,54,5,ce,,,0.1,68.66,0.9507550153732299,68.6,0.9232055212020874,6.0,73.46,73.46,71.1,0.8538824451446533,-0.060000000000002274,-0.027549494171142497,41-60
MWM_ClassDist,44,55,7,kd,2.0,72.74,0.1,72.18,0.8308314527511597,71.26,0.8458978112220764,,,,,,-0.9200000000000017,0.015066358470916752,41-60
MWM_ClassDist,44,55,4,kd,6.0,73.46,0.1,67.92,0.9970358142852783,70.8,0.89604608669281,,,,,,2.8799999999999955,-0.10098972759246827,41-60
MWM_ClassDist,44,55,3,ce,,,0.1,69.44,0.9449115850448608,70.8,0.8471248695373536,6.0,73.46,73.46,71.52,0.8611236543655395,1.3599999999999994,-0.09778671550750728,41-60
MWM_ClassDist,44,55,5,kd,1.0,73.18,0.1,68.6,0.9232055212020874,71.6,0.8351660470962524,,,,,,3.0,-0.08803947410583501,41-60
MWM_ClassDist,44,55,9,kd,8.0,72.52,0.1,71.42,0.8505434043884277,71.44,0.8762634685516357,,,,,,0.01999999999999602,0.025720064163208045,41-60
MWM_ClassDist,44,56,7,ce,,,0.1,71.26,0.8458978112220764,73.38,0.7761119543075562,6.0,73.46,73.46,70.28,0.8782812936782837,2.1199999999999903,-0.06978585691452022,41-60
MWM_ClassDist,44,56,9,kd,2.0,72.74,0.1,71.44,0.8762634685516357,70.78,0.8669150815963745,,,,,,-0.6599999999999966,-0.00934838695526119,41-60
MWM_ClassDist,44,56,8,kd,6.0,73.46,0.1,72.52,0.8485822420120239,71.48,0.8647177646636963,,,,,,-1.039999999999992,0.016135522651672396,41-60
MWM_ClassDist,44,56,4,kd,1.0,73.18,0.1,70.8,0.89604608669281,70.8,0.8665410014152527,,,,,,0.0,-0.029505085277557352,41-60
MWM_ClassDist,44,56,3,kd,5.0,71.6,0.1,70.8,0.8471248695373536,70.38,0.8794027202606202,,,,,,-0.4200000000000017,0.03227785072326661,41-60
MWM_ClassDist,44,57,1,kd,7.0,73.38,0.1,73.18,0.8123916019439698,72.3,0.8021669826507568,,,,,,-0.8800000000000097,-0.010224619293212944,41-60
MWM_ClassDist,44,57,4,kd,2.0,72.74,0.1,70.8,0.8665410014152527,71.42,0.8521914300918579,,,,,,0.6200000000000045,-0.01434957132339476,41-60
MWM_ClassDist,44,57,9,kd,5.0,71.6,0.1,70.78,0.8669150815963745,69.0,0.9337056556701661,,,,,,-1.7800000000000011,0.06679057407379152,41-60
MWM_ClassDist,44,57,3,kd,6.0,73.46,0.1,70.38,0.8794027202606202,73.16,0.7969923235893249,,,,,,2.780000000000001,-0.08241039667129524,41-60
MWM_ClassDist,44,57,8,ce,,,0.1,71.48,0.8647177646636963,71.82,0.8319670436859131,6.0,73.46,73.46,72.36,0.81167612991333,0.3399999999999892,-0.0327507209777832,41-60
MWM_ClassDist,44,58,4,kd,1.0,72.3,0.1,71.42,0.8521914300918579,70.1,0.8714420915603638,,,,,,-1.3200000000000074,0.019250661468505847,41-60
MWM_ClassDist,44,58,6,ce,,,0.1,73.46,0.7943084857940674,71.5,0.8521533727645874,7.0,73.38,73.38,71.84,0.8257607801437378,-1.9599999999999937,0.057844886970519926,41-60
MWM_ClassDist,44,58,8,kd,3.0,73.16,0.1,71.82,0.8319670436859131,73.32,0.7890771062850952,,,,,,1.5,-0.042889937400817923,41-60
MWM_ClassDist,44,58,9,kd,7.0,73.38,0.1,69.0,0.9337056556701661,71.96,0.8021934455871582,,,,,,2.9599999999999937,-0.13151221008300784,41-60
MWM_ClassDist,44,58,5,kd,2.0,72.74,0.1,71.6,0.8351660470962524,71.86,0.8484200294494629,,,,,,0.2600000000000051,0.013253982353210514,41-60
MWM_ClassDist,44,59,1,kd,2.0,72.74,0.1,72.3,0.8021669826507568,71.9,0.829491164970398,,,,,,-0.3999999999999915,0.027324182319641177,41-60
MWM_ClassDist,44,59,5,kd,8.0,73.32,0.1,71.86,0.8484200294494629,71.26,0.8688128450393676,,,,,,-0.5999999999999943,0.02039281558990469,41-60
MWM_ClassDist,44,59,9,ce,,,0.1,71.96,0.8021934455871582,71.84,0.8450911037445068,7.0,73.38,73.38,70.9,0.8616302024841309,-0.11999999999999034,0.042897658157348584,41-60
MWM_ClassDist,44,59,6,kd,3.0,73.16,0.1,71.5,0.8521533727645874,71.82,0.8706877432823181,,,,,,0.3199999999999932,0.01853437051773077,41-60
MWM_ClassDist,44,59,4,kd,7.0,73.38,0.1,70.1,0.8714420915603638,71.62,0.8235171865463257,,,,,,1.5200000000000102,-0.04792490501403812,41-60
MWM_ClassDist,44,60,4,kd,3.0,73.16,0.1,71.62,0.8235171865463257,71.82,0.8484947017669677,,,,,,0.19999999999998863,0.024977515220642066,41-60
MWM_ClassDist,44,60,1,kd,8.0,73.32,0.1,71.9,0.829491164970398,72.56,0.8375058509826661,,,,,,0.6599999999999966,0.008014686012268069,41-60
MWM_ClassDist,44,60,9,kd,2.0,72.74,0.1,71.84,0.8450911037445068,71.98,0.8377893573760986,,,,,,0.14000000000000057,-0.007301746368408191,41-60
MWM_ClassDist,44,60,6,kd,7.0,73.38,0.1,71.82,0.8706877432823181,72.22,0.8401734952926636,,,,,,0.4000000000000057,-0.03051424798965452,41-60
MWM_ClassDist,44,60,5,ce,,,0.1,71.26,0.8688128450393676,73.28,0.7790272480010987,7.0,73.38,73.38,72.18,0.8262442792892456,2.019999999999996,-0.08978559703826894,41-60
MWM_ClassDist,44,61,3,kd,7.0,73.38,0.1,73.16,0.7969923235893249,72.76,0.7880226036071777,,,,,,-0.3999999999999915,-0.00896971998214724,61-80
MWM_ClassDist,44,61,4,kd,5.0,73.28,0.1,71.82,0.8484947017669677,70.0,0.8705014921188354,,,,,,-1.8199999999999932,0.0220067903518677,61-80
MWM_ClassDist,44,61,6,ce,,,0.1,72.22,0.8401734952926636,73.8,0.7952108751296997,7.0,73.38,73.38,72.12,0.797345571899414,1.5799999999999983,-0.04496262016296393,61-80
MWM_ClassDist,44,61,9,kd,1.0,72.56,0.1,71.98,0.8377893573760986,72.56,0.8462797580718994,,,,,,0.5799999999999983,0.00849040069580076,61-80
MWM_ClassDist,44,61,2,kd,8.0,73.32,0.1,72.74,0.8267784893035889,70.74,0.8817062540054321,,,,,,-2.0,0.05492776470184324,61-80
MWM_ClassDist,44,62,1,kd,7.0,73.38,0.1,72.56,0.8375058509826661,72.0,0.8199838682174683,,,,,,-0.5600000000000023,-0.017521982765197786,61-80
MWM_ClassDist,44,62,3,ce,,,0.1,72.76,0.7880226036071777,72.86,0.7982829435348511,6.0,73.8,73.8,72.2,0.8633085622787475,0.09999999999999432,0.01026033992767339,61-80
MWM_ClassDist,44,62,4,kd,8.0,73.32,0.1,70.0,0.8705014921188354,72.42,0.8380666380882263,,,,,,2.4200000000000017,-0.032434854030609084,61-80
MWM_ClassDist,44,62,9,kd,6.0,73.8,0.1,72.56,0.8462797580718994,69.66,0.9474619590759278,,,,,,-2.9000000000000057,0.10118220100402842,61-80
MWM_ClassDist,44,62,2,kd,5.0,73.28,0.1,70.74,0.8817062540054321,69.44,0.9031741044998169,,,,,,-1.2999999999999972,0.02146785049438482,61-80
MWM_ClassDist,44,63,1,ce,,,0.1,72.0,0.8199838682174683,73.1,0.7943659372329712,6.0,73.8,73.8,72.0,0.8419592895507813,1.0999999999999943,-0.02561793098449705,61-80
MWM_ClassDist,44,63,4,kd,3.0,72.86,0.1,72.42,0.8380666380882263,69.48,0.9274168276786804,,,,,,-2.9399999999999977,0.08935018959045404,61-80
MWM_ClassDist,44,63,5,kd,7.0,73.38,0.1,73.28,0.7790272480010987,72.88,0.7956543367385864,,,,,,-0.4000000000000057,0.01662708873748775,61-80
MWM_ClassDist,44,63,2,kd,6.0,73.8,0.1,69.44,0.9031741044998169,70.94,0.8891004970550537,,,,,,1.5,-0.01407360744476327,61-80
MWM_ClassDist,44,63,9,kd,8.0,73.32,0.1,69.66,0.9474619590759278,73.08,0.7993507071495056,,,,,,3.4200000000000017,-0.14811125192642216,61-80
MWM_ClassDist,44,64,7,ce,,,0.1,73.38,0.7761119543075562,75.46,0.7232947038650512,6.0,73.8,73.8,70.26,0.9237815162658691,2.0799999999999983,-0.05281725044250496,61-80
MWM_ClassDist,44,64,3,kd,1.0,73.1,0.1,72.86,0.7982829435348511,70.48,0.8489833185195923,,,,,,-2.3799999999999955,0.050700374984741226,61-80
MWM_ClassDist,44,64,4,kd,5.0,72.88,0.1,69.48,0.9274168276786804,69.58,0.9060847158432007,,,,,,0.09999999999999432,-0.021332111835479672,61-80
MWM_ClassDist,44,64,9,kd,6.0,73.8,0.1,73.08,0.7993507071495056,72.1,0.8780514665603638,,,,,,-0.980000000000004,0.07870075941085819,61-80
MWM_ClassDist,44,64,2,kd,8.0,73.32,0.1,70.94,0.8891004970550537,71.98,0.8637134304046631,,,,,,1.0400000000000063,-0.02538706665039059,61-80
MWM_ClassDist,44,65,9,kd,7.0,75.46,0.1,72.1,0.8780514665603638,74.12,0.7539322915077209,,,,,,2.0200000000000102,-0.12411917505264292,61-80
MWM_ClassDist,44,65,2,ce,,,0.1,71.98,0.8637134304046631,72.04,0.8167789100646973,7.0,75.46,75.46,73.6,0.7818244464874268,0.060000000000002274,-0.04693452033996581,61-80
MWM_ClassDist,44,65,8,kd,6.0,73.8,0.1,73.32,0.7890771062850952,70.74,0.8936641296386719,,,,,,-2.5799999999999983,0.10458702335357672,61-80
MWM_ClassDist,44,65,4,kd,1.0,73.1,0.1,69.58,0.9060847158432007,70.28,0.8916768581390381,,,,,,0.7000000000000028,-0.014407857704162641,61-80
MWM_ClassDist,44,65,3,kd,5.0,72.88,0.1,70.48,0.8489833185195923,72.8,0.8146644811630249,,,,,,2.319999999999993,-0.03431883735656738,61-80
MWM_ClassDist,44,66,4,kd,9.0,74.12,0.1,70.28,0.8916768581390381,70.7,0.8776118217468262,,,,,,0.4200000000000017,-0.014065036392211905,61-80
MWM_ClassDist,44,66,6,kd,7.0,75.46,0.1,73.8,0.7952108751296997,75.16,0.734310618019104,,,,,,1.3599999999999994,-0.06090025711059566,61-80
MWM_ClassDist,44,66,5,ce,,,0.1,72.88,0.7956543367385864,72.3,0.8643174713134766,7.0,75.46,75.46,74.18,0.7760136190414428,-0.5799999999999983,0.06866313457489015,61-80
MWM_ClassDist,44,66,8,kd,2.0,72.04,0.1,70.74,0.8936641296386719,70.96,0.8514100350379944,,,,,,0.21999999999999886,-0.04225409460067753,61-80
MWM_ClassDist,44,66,3,kd,1.0,73.1,0.1,72.8,0.8146644811630249,72.12,0.8097569055557251,,,,,,-0.6799999999999926,-0.004907575607299819,61-80
MWM_ClassDist,44,67,4,kd,3.0,72.12,0.1,70.7,0.8776118217468262,70.02,0.8780296184539795,,,,,,-0.6800000000000068,0.0004177967071533617,61-80
MWM_ClassDist,44,67,5,kd,7.0,75.46,0.1,72.3,0.8643174713134766,74.78,0.7804556655883789,,,,,,2.480000000000004,-0.08386180572509772,61-80
MWM_ClassDist,44,67,2,kd,6.0,75.16,0.1,72.04,0.8167789100646973,74.98,0.7770092988967896,,,,,,2.9399999999999977,-0.03976961116790767,61-80
MWM_ClassDist,44,67,8,ce,,,0.1,70.96,0.8514100350379944,71.3,0.8737612310409546,7.0,75.46,75.46,74.18,0.7718287242889404,0.3400000000000034,0.022351196002960205,61-80
MWM_ClassDist,44,67,1,kd,9.0,74.12,0.1,73.1,0.7943659372329712,71.32,0.86744022731781,,,,,,-1.7800000000000011,0.07307429008483879,61-80
MWM_ClassDist,44,68,1,ce,,,0.1,71.32,0.86744022731781,72.9,0.7769499411582946,7.0,75.46,75.46,74.96,0.7618287313461304,1.5800000000000125,-0.09049028615951538,61-80
MWM_ClassDist,44,68,3,kd,9.0,74.12,0.1,72.12,0.8097569055557251,72.38,0.8107969799041748,,,,,,0.2599999999999909,0.00104007434844966,61-80
MWM_ClassDist,44,68,8,kd,7.0,75.46,0.1,71.3,0.8737612310409546,75.02,0.7504254138946533,,,,,,3.719999999999999,-0.12333581714630126,61-80
MWM_ClassDist,44,68,4,kd,6.0,75.16,0.1,70.02,0.8780296184539795,73.5,0.8180348081588745,,,,,,3.480000000000004,-0.059994810295105006,61-80
MWM_ClassDist,44,68,5,kd,2.0,74.98,0.1,74.78,0.7804556655883789,72.7,0.821834458732605,,,,,,-2.0799999999999983,0.0413787931442261,61-80
MWM_ClassDist,44,69,4,ce,,,0.1,73.5,0.8180348081588745,73.48,0.7720150676727295,7.0,75.46,75.46,71.84,0.8671282539367676,-0.01999999999999602,-0.04601974048614499,61-80
MWM_ClassDist,44,69,3,kd,7.0,75.46,0.1,72.38,0.8107969799041748,74.46,0.7781882781982422,,,,,,2.0799999999999983,-0.03260870170593255,61-80
MWM_ClassDist,44,69,9,kd,2.0,74.98,0.1,74.12,0.7539322915077209,73.46,0.8089236951828003,,,,,,-0.6600000000000108,0.054991403675079376,61-80
MWM_ClassDist,44,69,1,kd,6.0,75.16,0.1,72.9,0.7769499411582946,75.18,0.742170697402954,,,,,,2.280000000000001,-0.03477924375534058,61-80
MWM_ClassDist,44,69,5,kd,8.0,75.02,0.1,72.7,0.821834458732605,74.32,0.7819658006668091,,,,,,1.6199999999999903,-0.03986865806579587,61-80
MWM_ClassDist,44,70,5,kd,1.0,75.18,0.1,74.32,0.7819658006668091,74.14,0.7733353609085083,,,,,,-0.1799999999999926,-0.0086304397583008,61-80
MWM_ClassDist,44,70,9,ce,,,0.1,73.46,0.8089236951828003,72.24,0.8114799596786499,7.0,75.46,75.46,73.52,0.7888457500457764,-1.2199999999999989,0.0025562644958496694,61-80
MWM_ClassDist,44,70,3,kd,6.0,75.16,0.1,74.46,0.7781882781982422,74.54,0.765653069114685,,,,,,0.0800000000000125,-0.012535209083557208,61-80
MWM_ClassDist,44,70,4,kd,7.0,75.46,0.1,73.48,0.7720150676727295,74.54,0.7667220851898193,,,,,,1.0600000000000023,-0.0052929824829102134,61-80
MWM_ClassDist,44,70,2,kd,8.0,75.02,0.1,74.98,0.7770092988967896,73.96,0.7876615665435791,,,,,,-1.0200000000000102,0.010652267646789504,61-80
MWM_ClassDist,44,71,2,kd,4.0,74.54,0.1,73.96,0.7876615665435791,72.38,0.8697909749984741,,,,,,-1.5799999999999983,0.08212940845489503,61-80
MWM_ClassDist,44,71,9,kd,7.0,75.46,0.1,72.24,0.8114799596786499,74.28,0.7414616027832032,,,,,,2.0400000000000063,-0.07001835689544678,61-80
MWM_ClassDist,44,71,5,kd,8.0,75.02,0.1,74.14,0.7733353609085083,73.92,0.8080864751815796,,,,,,-0.21999999999999886,0.034751114273071315,61-80
MWM_ClassDist,44,71,6,ce,,,0.1,75.16,0.734310618019104,72.88,0.7787758186340332,7.0,75.46,75.46,74.9,0.7517630140304565,-2.280000000000001,0.0444652006149292,61-80
MWM_ClassDist,44,71,3,kd,1.0,75.18,0.1,74.54,0.765653069114685,72.28,0.8446401063919068,,,,,,-2.260000000000005,0.07898703727722178,61-80
MWM_ClassDist,44,72,3,ce,,,0.1,72.28,0.8446401063919068,72.52,0.8087478178024292,7.0,75.46,75.46,73.84,0.7752075294494629,0.23999999999999488,-0.03589228858947757,61-80
MWM_ClassDist,44,72,6,kd,7.0,75.46,0.1,72.88,0.7787758186340332,75.56,0.7316456855773926,,,,,,2.680000000000007,-0.0471301330566406,61-80
MWM_ClassDist,44,72,5,kd,9.0,74.28,0.1,73.92,0.8080864751815796,73.92,0.7458916137695313,,,,,,0.0,-0.06219486141204833,61-80
MWM_ClassDist,44,72,4,kd,1.0,75.18,0.1,74.54,0.7667220851898193,72.72,0.8111322383880615,,,,,,-1.8200000000000074,0.04441015319824215,61-80
MWM_ClassDist,44,72,2,kd,8.0,75.02,0.1,72.38,0.8697909749984741,73.64,0.7851745624542237,,,,,,1.2600000000000051,-0.08461641254425045,61-80
MWM_ClassDist,44,73,5,kd,1.0,75.18,0.1,73.92,0.7458916137695313,73.04,0.8070896358489991,,,,,,-0.8799999999999955,0.061198022079467784,61-80
MWM_ClassDist,44,73,3,kd,7.0,75.46,0.1,72.52,0.8087478178024292,74.8,0.7463264940261841,,,,,,2.280000000000001,-0.0624213237762451,61-80
MWM_ClassDist,44,73,4,kd,6.0,75.56,0.1,72.72,0.8111322383880615,74.28,0.7780706283569336,,,,,,1.5600000000000023,-0.03306161003112784,61-80
MWM_ClassDist,44,73,2,ce,,,0.1,73.64,0.7851745624542237,71.76,0.8177555053710938,6.0,75.56,75.56,72.32,0.8560928379058838,-1.8799999999999955,0.03258094291687008,61-80
MWM_ClassDist,44,73,9,kd,8.0,75.02,0.1,74.28,0.7414616027832032,72.96,0.8090261566162109,,,,,,-1.3200000000000074,0.06756455383300775,61-80
MWM_ClassDist,44,74,1,ce,,,0.1,75.18,0.742170697402954,72.62,0.7975564699172973,6.0,75.56,75.56,73.3,0.8196653852462769,-2.5600000000000023,0.05538577251434329,61-80
MWM_ClassDist,44,74,5,kd,4.0,74.28,0.1,73.04,0.8070896358489991,73.52,0.8286964097976685,,,,,,0.47999999999998977,0.02160677394866939,61-80
MWM_ClassDist,44,74,3,kd,6.0,75.56,0.1,74.8,0.7463264940261841,74.0,0.798076397895813,,,,,,-0.7999999999999972,0.051749903869628855,61-80
MWM_ClassDist,44,74,9,kd,7.0,75.46,0.1,72.96,0.8090261566162109,73.04,0.7970267948150634,,,,,,0.0800000000000125,-0.011999361801147468,61-80
MWM_ClassDist,44,74,2,kd,8.0,75.02,0.1,71.76,0.8177555053710938,74.28,0.7692819974899292,,,,,,2.519999999999996,-0.04847350788116456,61-80
MWM_ClassDist,44,75,3,kd,8.0,75.02,0.1,74.0,0.798076397895813,73.68,0.7914284545898438,,,,,,-0.3199999999999932,-0.006647943305969184,61-80
MWM_ClassDist,44,75,4,kd,6.0,75.56,0.1,74.28,0.7780706283569336,73.98,0.7779589853286744,,,,,,-0.29999999999999716,-0.00011164302825927841,61-80
MWM_ClassDist,44,75,5,kd,7.0,75.46,0.1,73.52,0.8286964097976685,74.54,0.7604019655227661,,,,,,1.0200000000000102,-0.06829444427490239,61-80
MWM_ClassDist,44,75,2,ce,,,0.1,74.28,0.7692819974899292,67.04,0.9867149477005005,6.0,75.56,75.56,73.82,0.7955286094665527,-7.239999999999995,0.2174329502105713,61-80
MWM_ClassDist,44,75,1,kd,9.0,73.04,0.1,72.62,0.7975564699172973,73.44,0.7813184362411499,,,,,,0.8199999999999932,-0.0162380336761474,61-80
MWM_ClassDist,44,76,4,kd,7.0,75.46,0.1,73.98,0.7779589853286744,74.7,0.773074066734314,,,,,,0.7199999999999989,-0.004884918594360355,61-80
MWM_ClassDist,44,76,9,kd,6.0,75.56,0.1,73.04,0.7970267948150634,73.86,0.7861105001449585,,,,,,0.8199999999999932,-0.010916294670104909,61-80
MWM_ClassDist,44,76,3,ce,,,0.1,73.68,0.7914284545898438,72.9,0.7897458330154419,6.0,75.56,75.56,74.26,0.7894012559890747,-0.7800000000000011,-0.0016826215744019102,61-80
MWM_ClassDist,44,76,1,kd,5.0,74.54,0.1,73.44,0.7813184362411499,73.92,0.7948208419799805,,,,,,0.480000000000004,0.013502405738830547,61-80
MWM_ClassDist,44,76,2,kd,8.0,75.02,0.1,67.04,0.9867149477005005,74.36,0.7889929056167603,,,,,,7.319999999999993,-0.19772204208374022,61-80
MWM_ClassDist,44,77,1,kd,4.0,74.7,0.1,73.92,0.7948208419799805,75.42,0.7407412822723388,,,,,,1.5,-0.05407955970764167,61-80
MWM_ClassDist,44,77,5,kd,6.0,75.56,0.1,74.54,0.7604019655227661,71.76,0.9337619483947754,,,,,,-2.780000000000001,0.17335998287200938,61-80
MWM_ClassDist,44,77,3,kd,2.0,74.36,0.1,72.9,0.7897458330154419,73.6,0.8085423465728759,,,,,,0.6999999999999886,0.018796513557434058,61-80
MWM_ClassDist,44,77,9,kd,7.0,75.46,0.1,73.86,0.7861105001449585,75.08,0.7500209369659424,,,,,,1.2199999999999989,-0.036089563179016126,61-80
MWM_ClassDist,44,77,8,ce,,,0.1,75.02,0.7504254138946533,74.48,0.7380491974830627,6.0,75.56,75.56,73.84,0.7945363826751709,-0.539999999999992,-0.01237621641159059,61-80
MWM_ClassDist,44,78,3,kd,4.0,74.7,0.1,73.6,0.8085423465728759,74.12,0.7724913478851319,,,,,,0.5200000000000102,-0.036050998687744085,61-80
MWM_ClassDist,44,78,8,kd,7.0,75.46,0.1,74.48,0.7380491974830627,75.52,0.7297707557678222,,,,,,1.039999999999992,-0.008278441715240503,61-80
MWM_ClassDist,44,78,5,kd,1.0,75.42,0.1,71.76,0.9337619483947754,74.3,0.7729061349868774,,,,,,2.539999999999992,-0.160855813407898,61-80
MWM_ClassDist,44,78,2,ce,,,0.1,74.36,0.7889929056167603,75.52,0.741683709526062,6.0,75.56,75.56,74.48,0.7833451723098754,1.1599999999999966,-0.04730919609069828,61-80
MWM_ClassDist,44,78,9,kd,6.0,75.56,0.1,75.08,0.7500209369659424,73.98,0.7753194660186767,,,,,,-1.0999999999999943,0.02529852905273433,61-80
MWM_ClassDist,44,79,4,ce,,,0.1,74.7,0.773074066734314,70.66,0.8724996384620667,6.0,75.56,75.56,74.02,0.7910925342559815,-4.040000000000006,0.09942557172775268,61-80
MWM_ClassDist,44,79,3,kd,7.0,75.46,0.1,74.12,0.7724913478851319,74.7,0.7562152353286743,,,,,,0.5799999999999983,-0.016276112556457556,61-80
MWM_ClassDist,44,79,5,kd,6.0,75.56,0.1,74.3,0.7729061349868774,72.58,0.8488480838775635,,,,,,-1.7199999999999989,0.07594194889068606,61-80
MWM_ClassDist,44,79,9,kd,1.0,75.42,0.1,73.98,0.7753194660186767,72.86,0.8129588733673095,,,,,,-1.1200000000000045,0.0376394073486328,61-80
MWM_ClassDist,44,79,8,kd,2.0,75.52,0.1,75.52,0.7297707557678222,73.78,0.7914205026626587,,,,,,-1.7399999999999949,0.06164974689483649,61-80
MWM_ClassDist,44,80,4,kd,3.0,74.7,0.1,70.66,0.8724996384620667,73.52,0.7878168962478638,,,,,,2.8599999999999994,-0.08468274221420291,61-80
MWM_ClassDist,44,80,8,kd,7.0,75.46,0.1,73.78,0.7914205026626587,73.9,0.7878122808456421,,,,,,0.12000000000000455,-0.003608221817016588,61-80
MWM_ClassDist,44,80,9,ce,,,0.1,72.86,0.8129588733673095,73.62,0.7761560884475708,6.0,75.56,75.56,73.94,0.7929731360435486,0.7600000000000051,-0.03680278491973876,61-80
MWM_ClassDist,44,80,1,kd,6.0,75.56,0.1,75.42,0.7407412822723388,72.94,0.8215747814178467,,,,,,-2.480000000000004,0.08083349914550786,61-80
MWM_ClassDist,44,80,5,kd,2.0,75.52,0.1,72.58,0.8488480838775635,71.74,0.8572144142150879,,,,,,-0.8400000000000034,0.00836633033752443,61-80
MWM_ClassDist,44,81,4,ce,,,0.1,73.52,0.7878168962478638,70.92,0.8757509241104126,6.0,75.56,75.56,74.62,0.764443039894104,-2.5999999999999943,0.08793402786254878,81-100
MWM_ClassDist,44,81,7,kd,2.0,75.52,0.1,75.46,0.7232947038650512,72.16,0.8819120882034301,,,,,,-3.299999999999997,0.1586173843383789,81-100
MWM_ClassDist,44,81,9,kd,8.0,73.9,0.1,73.62,0.7761560884475708,71.58,0.858808317565918,,,,,,-2.0400000000000063,0.08265222911834724,81-100
MWM_ClassDist,44,81,5,kd,6.0,75.56,0.1,71.74,0.8572144142150879,74.46,0.7783601657867432,,,,,,2.719999999999999,-0.07885424842834476,81-100
MWM_ClassDist,44,81,1,kd,3.0,74.7,0.1,72.94,0.8215747814178467,73.96,0.7850030212402344,,,,,,1.019999999999996,-0.03657176017761232,81-100
MWM_ClassDist,44,82,1,ce,,,0.1,73.96,0.7850030212402344,72.74,0.8065448799133301,6.0,75.56,75.56,73.6,0.8078279775619507,-1.2199999999999989,0.02154185867309577,81-100
MWM_ClassDist,44,82,3,kd,2.0,75.52,0.1,74.7,0.7562152353286743,73.84,0.7969278703689575,,,,,,-0.8599999999999994,0.04071263504028322,81-100
MWM_ClassDist,44,82,9,kd,5.0,74.46,0.1,71.58,0.858808317565918,73.94,0.7935619766235351,,,,,,2.3599999999999994,-0.06524634094238291,81-100
MWM_ClassDist,44,82,7,kd,6.0,75.56,0.1,72.16,0.8819120882034301,75.0,0.7585332370758057,,,,,,2.8400000000000034,-0.12337885112762448,81-100
MWM_ClassDist,44,82,4,kd,8.0,73.9,0.1,70.92,0.8757509241104126,72.6,0.8220878238677979,,,,,,1.6799999999999926,-0.05366310024261467,81-100
MWM_ClassDist,44,83,7,ce,,,0.1,75.0,0.7585332370758057,71.6,0.8282137287139892,6.0,75.56,75.56,73.42,0.8143669862747193,-3.4000000000000057,0.06968049163818357,81-100
MWM_ClassDist,44,83,1,kd,2.0,75.52,0.1,72.74,0.8065448799133301,74.52,0.7625370244979859,,,,,,1.7800000000000011,-0.044007855415344244,81-100
MWM_ClassDist,44,83,8,kd,5.0,74.46,0.1,73.9,0.7878122808456421,73.02,0.8174522468566895,,,,,,-0.8800000000000097,0.029639966011047347,81-100
MWM_ClassDist,44,83,4,kd,9.0,73.94,0.1,72.6,0.8220878238677979,75.02,0.7721002658843994,,,,,,2.4200000000000017,-0.04998755798339849,81-100
MWM_ClassDist,44,83,3,kd,6.0,75.56,0.1,73.84,0.7969278703689575,73.68,0.8012506467819214,,,,,,-0.1599999999999966,0.004322776412963858,81-100
MWM_ClassDist,44,84,7,kd,4.0,75.02,0.1,71.6,0.8282137287139892,73.92,0.8074882362365723,,,,,,2.3200000000000074,-0.02072549247741695,81-100
MWM_ClassDist,44,84,5,kd,1.0,74.52,0.1,74.46,0.7783601657867432,72.66,0.8323848196029663,,,,,,-1.7999999999999972,0.05402465381622312,81-100
MWM_ClassDist,44,84,9,kd,6.0,75.56,0.1,73.94,0.7935619766235351,73.46,0.802160620880127,,,,,,-0.480000000000004,0.008598644256591848,81-100
MWM_ClassDist,44,84,3,kd,2.0,75.52,0.1,73.68,0.8012506467819214,71.7,0.8821887985229492,,,,,,-1.980000000000004,0.08093815174102781,81-100
MWM_ClassDist,44,84,8,ce,,,0.1,73.02,0.8174522468566895,73.24,0.7945849681854248,6.0,75.56,75.56,75.02,0.7554465425491333,0.21999999999999886,-0.0228672786712647,81-100
MWM_ClassDist,44,85,9,kd,2.0,75.52,0.1,73.46,0.802160620880127,73.52,0.8182845483779907,,,,,,0.060000000000002274,0.016123927497863733,81-100
MWM_ClassDist,44,85,3,ce,,,0.1,71.7,0.8821887985229492,69.38,0.8996888156890869,6.0,75.56,75.56,74.68,0.7658190109252929,-2.3200000000000074,0.017500017166137694,81-100
MWM_ClassDist,44,85,5,kd,4.0,75.02,0.1,72.66,0.8323848196029663,73.16,0.8319303888320922,,,,,,0.5,-0.00045443077087403694,81-100
MWM_ClassDist,44,85,7,kd,1.0,74.52,0.1,73.92,0.8074882362365723,73.62,0.8099203672409058,,,,,,-0.29999999999999716,0.002432131004333482,81-100
MWM_ClassDist,44,85,8,kd,6.0,75.56,0.1,73.24,0.7945849681854248,75.22,0.741170384979248,,,,,,1.980000000000004,-0.05341458320617676,81-100
MWM_ClassDist,44,86,7,kd,4.0,75.02,0.1,73.62,0.8099203672409058,73.92,0.7985714370727539,,,,,,0.29999999999999716,-0.01134893016815186,81-100
MWM_ClassDist,44,86,9,kd,8.0,75.22,0.1,73.52,0.8182845483779907,74.5,0.7764305626869201,,,,,,0.980000000000004,-0.04185398569107057,81-100
MWM_ClassDist,44,86,5,ce,,,0.1,73.16,0.8319303888320922,71.84,0.8009134809494018,6.0,75.56,75.56,73.34,0.8196211406707764,-1.3199999999999932,-0.031016907882690403,81-100
MWM_ClassDist,44,86,1,kd,6.0,75.56,0.1,74.52,0.7625370244979859,74.46,0.766459956741333,,,,,,-0.060000000000002274,0.003922932243347166,81-100
MWM_ClassDist,44,86,3,kd,2.0,75.52,0.1,69.38,0.8996888156890869,75.26,0.7301593887329102,,,,,,5.88000000000001,-0.16952942695617668,81-100
MWM_ClassDist,44,87,1,ce,,,0.1,74.46,0.766459956741333,76.68,0.6906379137039185,6.0,75.56,75.56,75.06,0.7622504808425903,2.220000000000013,-0.07582204303741458,81-100
MWM_ClassDist,44,87,4,kd,3.0,75.26,0.1,75.02,0.7721002658843994,74.06,0.7789704372406006,,,,,,-0.9599999999999937,0.00687017135620116,81-100
MWM_ClassDist,44,87,9,kd,2.0,75.52,0.1,74.5,0.7764305626869201,73.0,0.8189152090072632,,,,,,-1.5,0.0424846463203431,81-100
MWM_ClassDist,44,87,5,kd,6.0,75.56,0.1,71.84,0.8009134809494018,74.78,0.7624074474334717,,,,,,2.9399999999999977,-0.03850603351593018,81-100
MWM_ClassDist,44,87,7,kd,8.0,75.22,0.1,73.92,0.7985714370727539,74.64,0.7694062820434571,,,,,,0.7199999999999989,-0.02916515502929684,81-100
MWM_ClassDist,44,88,4,kd,6.0,75.56,0.1,74.06,0.7789704372406006,75.2,0.7665029613494873,,,,,,1.1400000000000006,-0.0124674758911133,81-100
MWM_ClassDist,44,88,7,kd,3.0,75.26,0.1,74.64,0.7694062820434571,73.06,0.8013042541503906,,,,,,-1.5799999999999983,0.03189797210693357,81-100
MWM_ClassDist,44,88,5,ce,,,0.1,74.78,0.7624074474334717,71.74,0.8400605613708496,1.0,76.68,76.68,76.08,0.704278959274292,-3.0400000000000063,0.07765311393737795,81-100
MWM_ClassDist,44,88,8,kd,2.0,75.52,0.1,75.22,0.741170384979248,73.9,0.7798487281799317,,,,,,-1.3199999999999932,0.03867834320068364,81-100
MWM_ClassDist,44,88,9,kd,1.0,76.68,0.1,73.0,0.8189152090072632,74.74,0.7302210309028625,,,,,,1.7399999999999949,-0.08869417810440072,81-100
MWM_ClassDist,44,89,7,ce,,,0.1,73.06,0.8013042541503906,74.58,0.7541649391174317,1.0,76.68,76.68,74.88,0.7441579299926758,1.519999999999996,-0.047139315032958984,81-100
MWM_ClassDist,44,89,8,kd,4.0,75.2,0.1,73.9,0.7798487281799317,74.2,0.7944145498275756,,,,,,0.29999999999999716,0.014565821647643973,81-100
MWM_ClassDist,44,89,9,kd,2.0,75.52,0.1,74.74,0.7302210309028625,73.02,0.8062006895065308,,,,,,-1.7199999999999989,0.07597965860366829,81-100
MWM_ClassDist,44,89,5,kd,6.0,75.56,0.1,71.74,0.8400605613708496,76.08,0.7269281707763672,,,,,,4.340000000000003,-0.11313239059448243,81-100
MWM_ClassDist,44,89,3,kd,1.0,76.68,0.1,75.26,0.7301593887329102,76.0,0.6983093893051148,,,,,,0.7399999999999949,-0.03184999942779543,81-100
MWM_ClassDist,44,90,7,kd,5.0,76.08,0.1,74.58,0.7541649391174317,75.22,0.7587484977722168,,,,,,0.6400000000000006,0.004583558654785103,81-100
MWM_ClassDist,44,90,9,kd,3.0,76.0,0.1,73.02,0.8062006895065308,76.14,0.7120240221023559,,,,,,3.1200000000000045,-0.09417666740417485,81-100
MWM_ClassDist,44,90,4,kd,1.0,76.68,0.1,75.2,0.7665029613494873,75.92,0.7022323742866516,,,,,,0.7199999999999989,-0.06427058706283562,81-100
MWM_ClassDist,44,90,2,kd,6.0,75.56,0.1,75.52,0.741683709526062,74.5,0.7699213605880737,,,,,,-1.019999999999996,0.028237651062011704,81-100
MWM_ClassDist,44,90,8,ce,,,0.1,74.2,0.7944145498275756,72.18,0.8332510313034057,1.0,76.68,76.68,75.42,0.715932565498352,-2.019999999999996,0.038836481475830076,81-100
MWM_ClassDist,44,91,2,kd,1.0,76.68,0.1,74.5,0.7699213605880737,75.68,0.7080718200683593,,,,,,1.1800000000000068,-0.06184954051971436,81-100
MWM_ClassDist,44,91,3,ce,,,0.1,76.0,0.6983093893051148,76.02,0.7016719348907471,1.0,76.68,76.68,75.2,0.7084441497802735,0.01999999999999602,0.003362545585632315,81-100
MWM_ClassDist,44,91,8,kd,5.0,76.08,0.1,72.18,0.8332510313034057,75.2,0.7405097585678101,,,,,,3.019999999999996,-0.09274127273559563,81-100
MWM_ClassDist,44,91,6,kd,9.0,76.14,0.1,75.56,0.7316456855773926,76.14,0.712665626525879,,,,,,0.5799999999999983,-0.018980059051513676,81-100
MWM_ClassDist,44,91,7,kd,4.0,75.92,0.1,75.22,0.7587484977722168,74.86,0.7476328148841858,,,,,,-0.35999999999999943,-0.011115682888030998,81-100
MWM_ClassDist,44,92,8,kd,2.0,75.68,0.1,75.2,0.7405097585678101,76.52,0.6931965294837952,,,,,,1.3199999999999932,-0.04731322908401492,81-100
MWM_ClassDist,44,92,3,kd,1.0,76.68,0.1,76.02,0.7016719348907471,75.3,0.6951918140411377,,,,,,-0.7199999999999989,-0.006480120849609361,81-100
MWM_ClassDist,44,92,6,ce,,,0.1,76.14,0.712665626525879,75.5,0.7240213271141053,1.0,76.68,76.68,74.66,0.7241188097000122,-0.6400000000000006,0.011355700588226325,81-100
MWM_ClassDist,44,92,7,kd,5.0,76.08,0.1,74.86,0.7476328148841858,75.38,0.7387937841415405,,,,,,0.519999999999996,-0.008839030742645249,81-100
MWM_ClassDist,44,92,4,kd,9.0,76.14,0.1,75.92,0.7022323742866516,74.48,0.7854793115615845,,,,,,-1.4399999999999977,0.08324693727493282,81-100
MWM_ClassDist,44,93,6,kd,1.0,76.68,0.1,75.5,0.7240213271141053,75.24,0.7381280193328857,,,,,,-0.2600000000000051,0.01410669221878047,81-100
MWM_ClassDist,44,93,3,ce,,,0.1,75.3,0.6951918140411377,71.66,0.8697150846481323,1.0,76.68,76.68,76.22,0.695771201133728,-3.6400000000000006,0.17452327060699457,81-100
MWM_ClassDist,44,93,4,kd,8.0,76.52,0.1,74.48,0.7854793115615845,75.44,0.7263578622817993,,,,,,0.9599999999999937,-0.05912144927978513,81-100
MWM_ClassDist,44,93,2,kd,5.0,76.08,0.1,75.68,0.7080718200683593,75.58,0.7339797369003296,,,,,,-0.10000000000000853,0.025907916831970246,81-100
MWM_ClassDist,44,93,7,kd,9.0,76.14,0.1,75.38,0.7387937841415405,74.94,0.7579426628112793,,,,,,-0.4399999999999977,0.0191488786697388,81-100
MWM_ClassDist,44,94,1,ce,,,0.1,76.68,0.6906379137039185,72.52,0.80809581823349,8.0,76.52,76.52,75.92,0.7194120844841003,-4.160000000000011,0.1174579045295715,81-100
MWM_ClassDist,44,94,3,kd,8.0,76.52,0.1,71.66,0.8697150846481323,75.74,0.7056381525039673,,,,,,4.079999999999998,-0.16407693214416497,81-100
MWM_ClassDist,44,94,2,kd,9.0,76.14,0.1,75.58,0.7339797369003296,76.3,0.706154355430603,,,,,,0.7199999999999989,-0.027825381469726573,81-100
MWM_ClassDist,44,94,4,kd,5.0,76.08,0.1,75.44,0.7263578622817993,75.34,0.7502677867889405,,,,,,-0.09999999999999432,0.023909924507141134,81-100
MWM_ClassDist,44,94,7,kd,6.0,75.24,0.1,74.94,0.7579426628112793,74.52,0.7558862274169922,,,,,,-0.4200000000000017,-0.002056435394287126,81-100
MWM_ClassDist,44,95,7,kd,4.0,75.34,0.1,74.52,0.7558862274169922,74.92,0.761726828956604,,,,,,0.4000000000000057,0.005840601539611856,81-100
MWM_ClassDist,44,95,6,kd,8.0,76.52,0.1,75.24,0.7381280193328857,76.14,0.7120131542205811,,,,,,0.9000000000000057,-0.026114865112304653,81-100
MWM_ClassDist,44,95,3,ce,,,0.1,75.74,0.7056381525039673,76.46,0.6948026483535766,8.0,76.52,76.52,75.84,0.7009535811424256,0.7199999999999989,-0.010835504150390696,81-100
MWM_ClassDist,44,95,5,kd,2.0,76.3,0.1,76.08,0.7269281707763672,75.98,0.716444006729126,,,,,,-0.09999999999999432,-0.010484164047241173,81-100
MWM_ClassDist,44,95,1,kd,9.0,76.14,0.1,72.52,0.80809581823349,76.04,0.7203215417861939,,,,,,3.5200000000000102,-0.08777427644729607,81-100
MWM_ClassDist,44,96,4,kd,2.0,76.3,0.1,75.34,0.7502677867889405,75.16,0.741988547706604,,,,,,-0.18000000000000682,-0.00827923908233641,81-100
MWM_ClassDist,44,96,9,kd,3.0,76.46,0.1,76.14,0.7120240221023559,73.06,0.8407370332717895,,,,,,-3.0799999999999983,0.12871301116943357,81-100
MWM_ClassDist,44,96,1,kd,6.0,76.14,0.1,76.04,0.7203215417861939,75.92,0.7136765678405762,,,,,,-0.12000000000000455,-0.006644973945617694,81-100
MWM_ClassDist,44,96,7,kd,5.0,75.98,0.1,74.92,0.761726828956604,74.62,0.7618132091522217,,,,,,-0.29999999999999716,8.638019561768573e-05,81-100
MWM_ClassDist,44,96,8,ce,,,0.1,76.52,0.6931965294837952,75.36,0.7165407937049866,3.0,76.46,76.46,74.48,0.766033215713501,-1.1599999999999966,0.023344264221191402,81-100
MWM_ClassDist,44,97,1,kd,2.0,76.3,0.1,75.92,0.7136765678405762,76.2,0.7042558475494385,,,,,,0.28000000000000114,-0.009420720291137719,81-100
MWM_ClassDist,44,97,4,kd,6.0,76.14,0.1,75.16,0.741988547706604,74.42,0.7657506307601929,,,,,,-0.7399999999999949,0.023762083053588845,81-100
MWM_ClassDist,44,97,7,kd,3.0,76.46,0.1,74.62,0.7618132091522217,73.78,0.7884027317047119,,,,,,-0.8400000000000034,0.02658952255249014,81-100
MWM_ClassDist,44,97,9,kd,8.0,75.36,0.1,73.06,0.8407370332717895,73.9,0.7649211161613464,,,,,,0.8400000000000034,-0.07581591711044311,81-100
MWM_ClassDist,44,97,5,ce,,,0.1,75.98,0.716444006729126,73.3,0.7852465758323669,3.0,76.46,76.46,73.46,0.8040114791870118,-2.680000000000007,0.0688025691032409,81-100
MWM_ClassDist,44,98,4,ce,,,0.1,74.42,0.7657506307601929,72.72,0.8211657934188843,3.0,76.46,76.46,71.92,0.8940043766021728,-1.7000000000000028,0.0554151626586914,81-100
MWM_ClassDist,44,98,9,kd,3.0,76.46,0.1,73.9,0.7649211161613464,74.18,0.7751666408538819,,,,,,0.28000000000000114,0.01024552469253548,81-100
MWM_ClassDist,44,98,8,kd,1.0,76.2,0.1,75.36,0.7165407937049866,75.7,0.7207927249908447,,,,,,0.3400000000000034,0.0042519312858581015,81-100
MWM_ClassDist,44,98,5,kd,6.0,76.14,0.1,73.3,0.7852465758323669,74.86,0.74570640335083,,,,,,1.5600000000000023,-0.03954017248153685,81-100
MWM_ClassDist,44,98,7,kd,2.0,76.3,0.1,73.78,0.7884027317047119,75.52,0.7304668407440186,,,,,,1.7399999999999949,-0.05793589096069329,81-100
MWM_ClassDist,44,99,6,kd,1.0,76.2,0.1,76.14,0.7120131542205811,75.14,0.7332555885314942,,,,,,-1.0,0.021242434310913105,81-100
MWM_ClassDist,44,99,7,kd,3.0,76.46,0.1,75.52,0.7304668407440186,74.92,0.7497729637145996,,,,,,-0.5999999999999943,0.019306122970580986,81-100
MWM_ClassDist,44,99,9,kd,2.0,76.3,0.1,74.18,0.7751666408538819,74.62,0.7429451778411865,,,,,,0.4399999999999977,-0.03222146301269535,81-100
MWM_ClassDist,44,99,4,kd,5.0,74.86,0.1,72.72,0.8211657934188843,74.08,0.7627640325546264,,,,,,1.3599999999999994,-0.05840176086425786,81-100
MWM_ClassDist,44,99,8,ce,,,0.1,75.7,0.7207927249908447,76.38,0.6974289506912231,3.0,76.46,76.46,75.1,0.7553715270996094,0.6799999999999926,-0.023363774299621554,81-100
MWM_ClassDist,44,100,7,kd,1.0,76.2,0.1,74.92,0.7497729637145996,75.6,0.7384215390205383,,,,,,0.6799999999999926,-0.011351424694061252,81-100
MWM_ClassDist,44,100,4,kd,6.0,75.14,0.1,74.08,0.7627640325546264,75.06,0.7460452060699463,,,,,,0.980000000000004,-0.01671882648468015,81-100
MWM_ClassDist,44,100,9,ce,,,0.1,74.62,0.7429451778411865,74.56,0.7584513013839722,3.0,76.46,76.46,75.48,0.7386785207748413,-0.060000000000002274,0.015506123542785688,81-100
MWM_ClassDist,44,100,2,kd,3.0,76.46,0.1,76.3,0.706154355430603,73.96,0.8040102352142334,,,,,,-2.3400000000000034,0.09785587978363042,81-100
MWM_ClassDist,44,100,5,kd,8.0,76.38,0.1,74.86,0.74570640335083,74.36,0.7916263971328735,,,,,,-0.5,0.04591999378204348,81-100
MWM_ClassDist,44,101,2,kd,1.0,76.2,0.1,73.96,0.8040102352142334,75.24,0.7262623960494995,,,,,,1.2800000000000011,-0.07774783916473393,101-120
MWM_ClassDist,44,101,4,kd,3.0,76.46,0.1,75.06,0.7460452060699463,73.66,0.8163106117248535,,,,,,-1.4000000000000057,0.07026540565490724,101-120
MWM_ClassDist,44,101,6,ce,,,0.1,75.14,0.7332555885314942,73.28,0.7988081615447998,3.0,76.46,76.46,73.36,0.8222921611785888,-1.8599999999999994,0.06555257301330564,101-120
MWM_ClassDist,44,101,5,kd,9.0,74.56,0.1,74.36,0.7916263971328735,72.54,0.8200102022171021,,,,,,-1.8199999999999932,0.028383805084228553,101-120
MWM_ClassDist,44,101,7,kd,8.0,76.38,0.1,75.6,0.7384215390205383,74.62,0.7956598834991455,,,,,,-0.9799999999999898,0.057238344478607206,101-120
MWM_ClassDist,44,102,5,kd,8.0,76.38,0.1,72.54,0.8200102022171021,75.56,0.7296978910446167,,,,,,3.019999999999996,-0.0903123111724854,101-120
MWM_ClassDist,44,102,4,kd,1.0,76.2,0.1,73.66,0.8163106117248535,75.8,0.7253662122726441,,,,,,2.1400000000000006,-0.09094439945220945,101-120
MWM_ClassDist,44,102,7,kd,3.0,76.46,0.1,74.62,0.7956598834991455,74.62,0.7660681468009949,,,,,,0.0,-0.029591736698150628,101-120
MWM_ClassDist,44,102,2,ce,,,0.1,75.24,0.7262623960494995,73.92,0.7690122937202454,3.0,76.46,76.46,74.6,0.7577592065811157,-1.3199999999999932,0.042749897670745884,101-120
MWM_ClassDist,44,102,6,kd,9.0,74.56,0.1,73.28,0.7988081615447998,74.02,0.7914486875534058,,,,,,0.7399999999999949,-0.007359473991394028,101-120
MWM_ClassDist,44,103,7,ce,,,0.1,74.62,0.7660681468009949,75.26,0.7428545489311218,3.0,76.46,76.46,75.58,0.7436782417297363,0.6400000000000006,-0.023213597869873093,101-120
MWM_ClassDist,44,103,2,kd,4.0,75.8,0.1,73.92,0.7690122937202454,75.0,0.75634658203125,,,,,,1.0799999999999983,-0.01266571168899533,101-120
MWM_ClassDist,44,103,6,kd,5.0,75.56,0.1,74.02,0.7914486875534058,74.42,0.784150118637085,,,,,,0.4000000000000057,-0.007298568916320858,101-120
MWM_ClassDist,44,103,9,kd,8.0,76.38,0.1,74.56,0.7584513013839722,74.74,0.7883333396911621,,,,,,0.1799999999999926,0.02988203830718994,101-120
MWM_ClassDist,44,103,1,kd,3.0,76.46,0.1,76.2,0.7042558475494385,75.5,0.7313366759300232,,,,,,-0.7000000000000028,0.027080828380584676,101-120
MWM_ClassDist,44,104,7,ce,,,0.1,75.26,0.7428545489311218,75.0,0.7165832322120667,3.0,76.46,76.46,73.8,0.801263426399231,-0.2600000000000051,-0.026271316719055138,101-120
MWM_ClassDist,44,104,9,kd,3.0,76.46,0.1,74.74,0.7883333396911621,75.06,0.7309077596664428,,,,,,0.3200000000000074,-0.057425580024719314,101-120
MWM_ClassDist,44,104,1,kd,8.0,76.38,0.1,75.5,0.7313366759300232,75.8,0.7189137086868286,,,,,,0.29999999999999716,-0.012422967243194583,101-120
MWM_ClassDist,44,104,6,kd,4.0,75.8,0.1,74.42,0.784150118637085,74.44,0.7682113874435424,,,,,,0.01999999999999602,-0.0159387311935425,101-120
MWM_ClassDist,44,104,2,kd,5.0,75.56,0.1,75.0,0.75634658203125,74.86,0.7532359586715698,,,,,,-0.14000000000000057,-0.0031106233596802646,101-120
MWM_ClassDist,44,105,4,ce,,,0.1,75.8,0.7253662122726441,74.24,0.7581324524879456,3.0,76.46,76.46,72.58,0.8432180730819702,-1.5600000000000023,0.0327662402153015,101-120
MWM_ClassDist,44,105,6,kd,1.0,75.8,0.1,74.44,0.7682113874435424,74.28,0.7621696973800659,,,,,,-0.1599999999999966,-0.006041690063476546,101-120
MWM_ClassDist,44,105,2,kd,3.0,76.46,0.1,74.86,0.7532359586715698,75.14,0.7324342275619506,,,,,,0.28000000000000114,-0.020801731109619137,101-120
MWM_ClassDist,44,105,9,kd,5.0,75.56,0.1,75.06,0.7309077596664428,74.1,0.7770142538070679,,,,,,-0.960000000000008,0.046106494140625065,101-120
MWM_ClassDist,44,105,7,kd,8.0,76.38,0.1,75.0,0.7165832322120667,75.7,0.7308442613601684,,,,,,0.7000000000000028,0.01426102914810179,101-120
MWM_ClassDist,44,106,8,kd,3.0,76.46,0.1,76.38,0.6974289506912231,75.56,0.7494871997833252,,,,,,-0.8199999999999932,0.052058249092102105,101-120
MWM_ClassDist,44,106,7,kd,1.0,75.8,0.1,75.7,0.7308442613601684,74.64,0.7760370624542237,,,,,,-1.0600000000000023,0.04519280109405521,101-120
MWM_ClassDist,44,106,9,kd,6.0,74.28,0.1,74.1,0.7770142538070679,73.4,0.8190436325073243,,,,,,-0.6999999999999886,0.04202937870025636,101-120
MWM_ClassDist,44,106,4,kd,2.0,75.14,0.1,74.24,0.7581324524879456,73.96,0.7701798652648926,,,,,,-0.28000000000000114,0.012047412776946986,101-120
MWM_ClassDist,44,106,5,ce,,,0.1,75.56,0.7296978910446167,73.12,0.7982668302536011,3.0,76.46,76.46,74.42,0.7696059452056885,-2.4399999999999977,0.06856893920898444,101-120
MWM_ClassDist,44,107,4,kd,8.0,75.56,0.1,73.96,0.7701798652648926,75.42,0.7360104840278625,,,,,,1.460000000000008,-0.03416938123703006,101-120
MWM_ClassDist,44,107,7,kd,2.0,75.14,0.1,74.64,0.7760370624542237,75.54,0.736422030544281,,,,,,0.9000000000000057,-0.039615031909942644,101-120
MWM_ClassDist,44,107,9,kd,3.0,76.46,0.1,73.4,0.8190436325073243,73.76,0.8196484621047974,,,,,,0.35999999999999943,0.0006048295974730999,101-120
MWM_ClassDist,44,107,5,kd,1.0,75.8,0.1,73.12,0.7982668302536011,75.34,0.7271467149734497,,,,,,2.219999999999999,-0.07112011528015139,101-120
MWM_ClassDist,44,107,6,ce,,,0.1,74.28,0.7621696973800659,73.18,0.800599827003479,3.0,76.46,76.46,73.54,0.8010225881576538,-1.0999999999999943,0.03843012962341308,101-120
MWM_ClassDist,44,108,6,kd,5.0,75.34,0.1,73.18,0.800599827003479,74.6,0.7716849040985108,,,,,,1.4199999999999875,-0.02891492290496822,101-120
MWM_ClassDist,44,108,9,ce,,,0.1,73.76,0.8196484621047974,72.92,0.7825483790397644,3.0,76.46,76.46,74.16,0.7799990833282471,-0.8400000000000034,-0.037100083065032985,101-120
MWM_ClassDist,44,108,4,kd,1.0,75.8,0.1,75.42,0.7360104840278625,74.52,0.7711873992919922,,,,,,-0.9000000000000057,0.03517691526412969,101-120
MWM_ClassDist,44,108,7,kd,3.0,76.46,0.1,75.54,0.736422030544281,74.26,0.7776840389251709,,,,,,-1.2800000000000011,0.04126200838088989,101-120
MWM_ClassDist,44,108,2,kd,8.0,75.56,0.1,75.14,0.7324342275619506,74.66,0.7791069116592407,,,,,,-0.480000000000004,0.046672684097290085,101-120
MWM_ClassDist,44,109,6,kd,8.0,75.56,0.1,74.6,0.7716849040985108,73.72,0.826567441368103,,,,,,-0.8799999999999955,0.054882537269592246,101-120
MWM_ClassDist,44,109,9,kd,5.0,75.34,0.1,72.92,0.7825483790397644,75.72,0.7397644714355469,,,,,,2.799999999999997,-0.042783907604217464,101-120
MWM_ClassDist,44,109,2,ce,,,0.1,74.66,0.7791069116592407,76.82,0.6966152528762818,3.0,76.46,76.46,74.48,0.7747557540893555,2.1599999999999966,-0.08249165878295894,101-120
MWM_ClassDist,44,109,1,kd,3.0,76.46,0.1,75.8,0.7189137086868286,75.68,0.7270814865112305,,,,,,-0.11999999999999034,0.008167777824401923,101-120
MWM_ClassDist,44,109,7,kd,4.0,74.52,0.1,74.26,0.7776840389251709,74.82,0.7601996217727661,,,,,,0.5599999999999881,-0.017484417152404785,101-120
MWM_ClassDist,44,110,4,kd,3.0,76.46,0.1,74.52,0.7711873992919922,72.96,0.8199168278694153,,,,,,-1.5600000000000023,0.04872942857742313,101-120
MWM_ClassDist,44,110,6,kd,7.0,74.82,0.1,73.72,0.826567441368103,75.26,0.7772246955871582,,,,,,1.5400000000000063,-0.049342745780944774,101-120
MWM_ClassDist,44,110,5,ce,,,0.1,75.34,0.7271467149734497,70.94,0.87002425365448,2.0,76.82,76.82,75.88,0.7210516611099244,-4.400000000000006,0.14287753868103026,101-120
MWM_ClassDist,44,110,8,kd,2.0,76.82,0.1,75.56,0.7494871997833252,76.14,0.7147873582839965,,,,,,0.5799999999999983,-0.0346998414993287,101-120
MWM_ClassDist,44,110,1,kd,9.0,75.72,0.1,75.68,0.7270814865112305,73.44,0.8016762903213501,,,,,,-2.240000000000009,0.07459480381011963,101-120
MWM_ClassDist,44,111,4,ce,,,0.1,72.96,0.8199168278694153,76.04,0.7266956373214721,2.0,76.82,76.82,76.0,0.7088029918670654,3.0800000000000125,-0.0932211905479432,101-120
MWM_ClassDist,44,111,7,kd,9.0,75.72,0.1,74.82,0.7601996217727661,75.12,0.7611198925018311,,,,,,0.30000000000001137,0.0009202707290649759,101-120
MWM_ClassDist,44,111,6,kd,8.0,76.14,0.1,75.26,0.7772246955871582,74.34,0.768540061378479,,,,,,-0.9200000000000017,-0.008684634208679265,101-120
MWM_ClassDist,44,111,1,kd,3.0,76.46,0.1,73.44,0.8016762903213501,75.0,0.7730360193252563,,,,,,1.5600000000000023,-0.028640270996093786,101-120
MWM_ClassDist,44,111,5,kd,2.0,76.82,0.1,70.94,0.87002425365448,77.7,0.6667923768997193,,,,,,6.760000000000005,-0.20323187675476073,101-120
MWM_ClassDist,44,112,1,kd,4.0,76.04,0.1,75.0,0.7730360193252563,73.06,0.818595977973938,,,,,,-1.9399999999999977,0.045559958648681675,101-120
MWM_ClassDist,44,112,2,ce,,,0.1,76.82,0.6966152528762818,75.78,0.7081016154289246,5.0,77.7,77.7,77.06,0.6921543905258178,-1.039999999999992,0.011486362552642793,101-120
MWM_ClassDist,44,112,9,kd,8.0,76.14,0.1,75.72,0.7397644714355469,76.64,0.7098876295089722,,,,,,0.9200000000000017,-0.029876841926574693,101-120
MWM_ClassDist,44,112,7,kd,5.0,77.7,0.1,75.12,0.7611198925018311,77.04,0.7037005872726441,,,,,,1.9200000000000017,-0.057419305229187034,101-120
MWM_ClassDist,44,112,6,kd,3.0,76.46,0.1,74.34,0.768540061378479,74.72,0.7578544353485107,,,,,,0.37999999999999545,-0.010685626029968254,101-120
MWM_ClassDist,44,113,2,kd,4.0,76.04,0.1,75.78,0.7081016154289246,75.12,0.7509409262657165,,,,,,-0.6599999999999966,0.04283931083679193,101-120
MWM_ClassDist,44,113,6,kd,5.0,77.7,0.1,74.72,0.7578544353485107,76.88,0.7039335145950317,,,,,,2.1599999999999966,-0.053920920753478985,101-120
MWM_ClassDist,44,113,3,kd,7.0,77.04,0.1,76.46,0.6948026483535766,76.8,0.7232711122512817,,,,,,0.3400000000000034,0.028468463897705076,101-120
MWM_ClassDist,44,113,8,ce,,,0.1,76.14,0.7147873582839965,76.28,0.7096496047019959,5.0,77.7,77.7,77.42,0.6818807683944702,0.14000000000000057,-0.005137753582000637,101-120
MWM_ClassDist,44,113,1,kd,9.0,76.64,0.1,73.06,0.818595977973938,76.26,0.7299845611572265,,,,,,3.200000000000003,-0.08861141681671147,101-120
MWM_ClassDist,44,114,1,ce,,,0.1,76.26,0.7299845611572265,73.04,0.7789529220581055,5.0,77.7,77.7,77.42,0.68024745054245,-3.219999999999999,0.04896836090087897,101-120
MWM_ClassDist,44,114,6,kd,7.0,77.04,0.1,76.88,0.7039335145950317,75.88,0.7489875434875488,,,,,,-1.0,0.045054028892517084,101-120
MWM_ClassDist,44,114,9,kd,3.0,76.8,0.1,76.64,0.7098876295089722,74.38,0.813231826210022,,,,,,-2.260000000000005,0.10334419670104977,101-120
MWM_ClassDist,44,114,4,kd,8.0,76.28,0.1,76.04,0.7266956373214721,75.54,0.7202839252471924,,,,,,-0.5,-0.006411712074279707,101-120
MWM_ClassDist,44,114,2,kd,5.0,77.7,0.1,75.12,0.7509409262657165,77.4,0.6763891347885131,,,,,,2.280000000000001,-0.07455179147720337,101-120
MWM_ClassDist,44,115,8,kd,7.0,77.04,0.1,76.28,0.7096496047019959,76.16,0.7298650339126587,,,,,,-0.12000000000000455,0.020215429210662772,101-120
MWM_ClassDist,44,115,9,ce,,,0.1,74.38,0.813231826210022,73.7,0.7510101041793823,5.0,77.7,77.7,77.06,0.6884283925056458,-0.6799999999999926,-0.06222172203063969,101-120
MWM_ClassDist,44,115,4,kd,5.0,77.7,0.1,75.54,0.7202839252471924,77.28,0.6719578029632568,,,,,,1.7399999999999949,-0.048326122283935624,101-120
MWM_ClassDist,44,115,6,kd,2.0,77.4,0.1,75.88,0.7489875434875488,77.08,0.7083307491302491,,,,,,1.2000000000000028,-0.04065679435729974,101-120
MWM_ClassDist,44,115,1,kd,3.0,76.8,0.1,73.04,0.7789529220581055,76.84,0.709734131526947,,,,,,3.799999999999997,-0.06921879053115854,101-120
MWM_ClassDist,44,116,7,ce,,,0.1,77.04,0.7037005872726441,74.92,0.7332712926864624,5.0,77.7,77.7,76.88,0.6985891717910767,-2.1200000000000045,0.029570705413818343,101-120
MWM_ClassDist,44,116,8,kd,4.0,77.28,0.1,76.16,0.7298650339126587,77.76,0.676408539390564,,,,,,1.6000000000000085,-0.053456494522094666,101-120
MWM_ClassDist,44,116,1,kd,6.0,77.08,0.1,76.84,0.709734131526947,76.82,0.7020835805892944,,,,,,-0.020000000000010232,-0.007650550937652545,101-120
MWM_ClassDist,44,116,3,kd,2.0,77.4,0.1,76.8,0.7232711122512817,76.36,0.7086226621627808,,,,,,-0.4399999999999977,-0.014648450088500908,101-120
MWM_ClassDist,44,116,9,kd,5.0,77.7,0.1,73.7,0.7510101041793823,77.24,0.6898916841506958,,,,,,3.539999999999992,-0.061118420028686504,101-120
MWM_ClassDist,44,117,1,ce,,,0.1,76.82,0.7020835805892944,76.08,0.7064051716804505,8.0,77.76,77.76,76.6,0.7087683673858642,-0.7399999999999949,0.004321591091156041,101-120
MWM_ClassDist,44,117,4,kd,2.0,77.4,0.1,77.28,0.6719578029632568,76.88,0.6904269800186157,,,,,,-0.4000000000000057,0.018469177055358887,101-120
MWM_ClassDist,44,117,7,kd,9.0,77.24,0.1,74.92,0.7332712926864624,76.86,0.6901835859298706,,,,,,1.9399999999999977,-0.04308770675659179,101-120
MWM_ClassDist,44,117,6,kd,8.0,77.76,0.1,77.08,0.7083307491302491,76.92,0.6933917440414429,,,,,,-0.1599999999999966,-0.01493900508880619,101-120
MWM_ClassDist,44,117,3,kd,5.0,77.7,0.1,76.36,0.7086226621627808,76.18,0.7010925155639648,,,,,,-0.1799999999999926,-0.007530146598816012,101-120
MWM_ClassDist,44,118,1,kd,2.0,77.4,0.1,76.08,0.7064051716804505,77.04,0.6806381845474243,,,,,,0.960000000000008,-0.025766987133026165,101-120
MWM_ClassDist,44,118,6,kd,5.0,77.7,0.1,76.92,0.6933917440414429,75.36,0.7630058605194092,,,,,,-1.5600000000000023,0.06961411647796634,101-120
MWM_ClassDist,44,118,3,kd,7.0,76.86,0.1,76.18,0.7010925155639648,76.46,0.705064829826355,,,,,,0.2799999999999869,0.0039723142623901975,101-120
MWM_ClassDist,44,118,9,ce,,,0.1,77.24,0.6898916841506958,75.66,0.7227686891555786,8.0,77.76,77.76,76.56,0.7046888244628906,-1.5799999999999983,0.032877005004882776,101-120
MWM_ClassDist,44,118,4,kd,8.0,77.76,0.1,76.88,0.6904269800186157,77.06,0.6841360284805298,,,,,,0.18000000000000682,-0.006290951538085898,101-120
MWM_ClassDist,44,119,1,ce,,,0.1,77.04,0.6806381845474243,75.34,0.70423995885849,8.0,77.76,77.76,77.0,0.6855968149185181,-1.7000000000000028,0.023601774311065693,101-120
MWM_ClassDist,44,119,6,kd,4.0,77.06,0.1,75.36,0.7630058605194092,76.14,0.7092176149368287,,,,,,0.7800000000000011,-0.05378824558258055,101-120
MWM_ClassDist,44,119,9,kd,5.0,77.7,0.1,75.66,0.7227686891555786,77.5,0.6632371606826782,,,,,,1.8400000000000034,-0.05953152847290033,101-120
MWM_ClassDist,44,119,3,kd,2.0,77.4,0.1,76.46,0.705064829826355,76.86,0.7201203371047974,,,,,,0.4000000000000057,0.015055507278442404,101-120
MWM_ClassDist,44,119,7,kd,8.0,77.76,0.1,76.86,0.6901835859298706,76.52,0.7213279899597168,,,,,,-0.3400000000000034,0.031144404029846195,101-120
MWM_ClassDist,44,120,6,kd,2.0,77.4,0.1,76.14,0.7092176149368287,76.18,0.7407397506713868,,,,,,0.04000000000000625,0.03152213573455809,101-120
MWM_ClassDist,44,120,3,kd,4.0,77.06,0.1,76.86,0.7201203371047974,77.14,0.6966215799331665,,,,,,0.28000000000000114,-0.023498757171630857,101-120
MWM_ClassDist,44,120,9,kd,8.0,77.76,0.1,77.5,0.6632371606826782,77.32,0.6808751070976258,,,,,,-0.18000000000000682,0.017637946414947536,101-120
MWM_ClassDist,44,120,1,ce,,,0.1,75.34,0.70423995885849,74.3,0.752190963935852,8.0,77.76,77.76,77.06,0.6906762783050537,-1.0400000000000063,0.04795100507736205,101-120
MWM_ClassDist,44,120,7,kd,5.0,77.7,0.1,76.52,0.7213279899597168,77.5,0.6755617143630982,,,,,,0.980000000000004,-0.04576627559661861,101-120
MWM_ClassDist,44,121,6,kd,8.0,77.76,0.1,76.18,0.7407397506713868,75.88,0.729727290725708,,,,,,-0.30000000000001137,-0.011012459945678787,121-140
MWM_ClassDist,44,121,9,ce,,,0.1,77.32,0.6808751070976258,74.1,0.7516717284202575,8.0,77.76,77.76,76.9,0.6921520139694214,-3.219999999999999,0.07079662132263176,121-140
MWM_ClassDist,44,121,4,kd,2.0,77.4,0.1,77.06,0.6841360284805298,77.3,0.6838611043930054,,,,,,0.23999999999999488,-0.00027492408752438635,121-140
MWM_ClassDist,44,121,1,kd,7.0,77.5,0.1,74.3,0.752190963935852,77.58,0.6764490808486938,,,,,,3.280000000000001,-0.07574188308715823,121-140
MWM_ClassDist,44,121,3,kd,5.0,77.7,0.1,77.14,0.6966215799331665,76.48,0.7048633701324463,,,,,,-0.6599999999999966,0.00824179019927973,121-140
MWM_ClassDist,44,122,1,kd,5.0,77.7,0.1,77.58,0.6764490808486938,77.94,0.6651448028564453,,,,,,0.35999999999999943,-0.011304277992248535,121-140
MWM_ClassDist,44,122,9,kd,2.0,77.4,0.1,74.1,0.7516717284202575,76.96,0.7036203409194947,,,,,,2.8599999999999994,-0.04805138750076288,121-140
MWM_ClassDist,44,122,6,ce,,,0.1,75.88,0.729727290725708,69.74,0.8842441244125366,8.0,77.76,77.76,76.64,0.7077625158309937,-6.140000000000001,0.15451683368682867,121-140
MWM_ClassDist,44,122,3,kd,8.0,77.76,0.1,76.48,0.7048633701324463,76.76,0.70588856716156,,,,,,0.28000000000000114,0.0010251970291137447,121-140
MWM_ClassDist,44,122,4,kd,7.0,77.5,0.1,77.3,0.6838611043930054,75.78,0.7126336901664734,,,,,,-1.519999999999996,0.028772585773467974,121-140
MWM_ClassDist,44,123,6,kd,5.0,77.7,0.1,69.74,0.8842441244125366,77.18,0.6788001287460327,,,,,,7.440000000000012,-0.20544399566650395,121-140
MWM_ClassDist,44,123,3,kd,7.0,77.5,0.1,76.76,0.70588856716156,75.38,0.7256543161392212,,,,,,-1.3800000000000097,0.019765748977661146,121-140
MWM_ClassDist,44,123,2,ce,,,0.1,77.4,0.6763891347885131,75.46,0.7360967086791992,1.0,77.94,77.94,77.48,0.6906596952438354,-1.940000000000012,0.05970757389068604,121-140
MWM_ClassDist,44,123,9,kd,8.0,77.76,0.1,76.96,0.7036203409194947,77.18,0.6791806206703186,,,,,,0.22000000000001307,-0.024439720249176067,121-140
MWM_ClassDist,44,123,4,kd,1.0,77.94,0.1,75.78,0.7126336901664734,77.62,0.683692723083496,,,,,,1.8400000000000034,-0.02894096708297733,121-140
MWM_ClassDist,44,124,3,kd,4.0,77.62,0.1,75.38,0.7256543161392212,76.72,0.7441442108154297,,,,,,1.3400000000000034,0.01848989467620854,121-140
MWM_ClassDist,44,124,2,kd,7.0,77.5,0.1,75.46,0.7360967086791992,77.86,0.6600728393554688,,,,,,2.4000000000000057,-0.0760238693237304,121-140
MWM_ClassDist,44,124,6,kd,1.0,77.94,0.1,77.18,0.6788001287460327,77.5,0.6909686424255371,,,,,,0.3199999999999932,0.012168513679504445,121-140
MWM_ClassDist,44,124,9,ce,,,0.1,77.18,0.6791806206703186,74.52,0.7448721781730652,1.0,77.94,77.94,77.66,0.6747148338317871,-2.660000000000011,0.06569155750274658,121-140
MWM_ClassDist,44,124,5,kd,8.0,77.76,0.1,77.7,0.6667923768997193,76.78,0.7048406398773194,,,,,,-0.9200000000000017,0.03804826297760011,121-140
MWM_ClassDist,44,125,5,kd,7.0,77.5,0.1,76.78,0.7048406398773194,76.96,0.6981589939117432,,,,,,0.1799999999999926,-0.006681645965576188,121-140
MWM_ClassDist,44,125,6,ce,,,0.1,77.5,0.6909686424255371,72.5,0.8399319192886353,1.0,77.94,77.94,77.2,0.713139864730835,-5.0,0.14896327686309818,121-140
MWM_ClassDist,44,125,4,kd,8.0,77.76,0.1,77.62,0.683692723083496,75.66,0.7399285905838012,,,,,,-1.960000000000008,0.05623586750030518,121-140
MWM_ClassDist,44,125,3,kd,2.0,77.86,0.1,76.72,0.7441442108154297,75.8,0.7406290836334228,,,,,,-0.9200000000000017,-0.003515127182006861,121-140
MWM_ClassDist,44,125,9,kd,1.0,77.94,0.1,74.52,0.7448721781730652,77.52,0.6782130764007568,,,,,,3.0,-0.06665910177230838,121-140
MWM_ClassDist,44,126,5,kd,1.0,77.94,0.1,76.96,0.6981589939117432,76.84,0.7029091438293457,,,,,,-0.11999999999999034,0.004750149917602475,121-140
MWM_ClassDist,44,126,7,kd,8.0,77.76,0.1,77.5,0.6755617143630982,76.8,0.6912553234100342,,,,,,-0.7000000000000028,0.015693609046935952,121-140
MWM_ClassDist,44,126,3,ce,,,0.1,75.8,0.7406290836334228,73.92,0.7716871789932251,1.0,77.94,77.94,76.92,0.7018908933639526,-1.8799999999999955,0.031058095359802307,121-140
MWM_ClassDist,44,126,4,kd,2.0,77.86,0.1,75.66,0.7399285905838012,76.9,0.6938722887992859,,,,,,1.240000000000009,-0.04605630178451536,121-140
MWM_ClassDist,44,126,6,kd,9.0,77.52,0.1,72.5,0.8399319192886353,77.18,0.6996703201293946,,,,,,4.680000000000007,-0.14026159915924075,121-140
MWM_ClassDist,44,127,2,ce,,,0.1,77.86,0.6600728393554688,77.06,0.6968587335586548,1.0,77.94,77.94,78.14,0.6530639797210693,-0.7999999999999972,0.03678589420318601,121-140
MWM_ClassDist,44,127,9,kd,8.0,77.76,0.1,77.52,0.6782130764007568,76.72,0.7035036632537842,,,,,,-0.7999999999999972,0.02529058685302743,121-140
MWM_ClassDist,44,127,3,kd,6.0,77.18,0.1,73.92,0.7716871789932251,76.38,0.7265514608383179,,,,,,2.4599999999999937,-0.045135718154907245,121-140
MWM_ClassDist,44,127,7,kd,5.0,76.84,0.1,76.8,0.6912553234100342,76.56,0.7271131464004517,,,,,,-0.23999999999999488,0.03585782299041751,121-140
MWM_ClassDist,44,127,4,kd,1.0,77.94,0.1,76.9,0.6938722887992859,76.38,0.7197339374542236,,,,,,-0.5200000000000102,0.025861648654937786,121-140
MWM_ClassDist,44,128,7,kd,6.0,77.18,0.1,76.56,0.7271131464004517,76.56,0.7269838930130005,,,,,,0.0,-0.0001292533874511781,121-140
MWM_ClassDist,44,128,3,kd,9.0,76.72,0.1,76.38,0.7265514608383179,76.0,0.73817063331604,,,,,,-0.37999999999999545,0.01161917247772215,121-140
MWM_ClassDist,44,128,5,ce,,,0.1,76.84,0.7029091438293457,75.3,0.7222029432296753,1.0,77.94,77.94,76.62,0.7011634113311768,-1.5400000000000063,0.019293799400329603,121-140
MWM_ClassDist,44,128,2,kd,8.0,77.76,0.1,77.06,0.6968587335586548,77.04,0.6951989927291871,,,,,,-0.01999999999999602,-0.0016597408294677374,121-140
MWM_ClassDist,44,128,4,kd,1.0,77.94,0.1,76.38,0.7197339374542236,75.16,0.7671690132141114,,,,,,-1.2199999999999989,0.0474350757598877,121-140
MWM_ClassDist,44,129,4,ce,,,0.1,75.16,0.7671690132141114,72.7,0.8135684841156006,1.0,77.94,77.94,76.82,0.7179634908676148,-2.4599999999999937,0.046399470901489215,121-140
MWM_ClassDist,44,129,5,kd,1.0,77.94,0.1,75.3,0.7222029432296753,77.68,0.6976856176376343,,,,,,2.3800000000000097,-0.024517325592041006,121-140
MWM_ClassDist,44,129,3,kd,2.0,77.04,0.1,76.0,0.73817063331604,75.58,0.789039281463623,,,,,,-0.4200000000000017,0.05086864814758296,121-140
MWM_ClassDist,44,129,9,kd,6.0,77.18,0.1,76.72,0.7035036632537842,76.5,0.7060535373687744,,,,,,-0.21999999999999886,0.0025498741149901916,121-140
MWM_ClassDist,44,129,7,kd,8.0,77.76,0.1,76.56,0.7269838930130005,75.2,0.7363816282272339,,,,,,-1.3599999999999994,0.009397735214233371,121-140
MWM_ClassDist,44,130,7,ce,,,0.1,75.2,0.7363816282272339,73.14,0.7504226051330566,1.0,77.94,77.94,77.0,0.7011169376373291,-2.0600000000000023,0.014040976905822733,121-140
MWM_ClassDist,44,130,4,kd,9.0,76.5,0.1,72.7,0.8135684841156006,75.56,0.7411004415512085,,,,,,2.8599999999999994,-0.0724680425643921,121-140
MWM_ClassDist,44,130,3,kd,1.0,77.94,0.1,75.58,0.789039281463623,76.48,0.7272125625610352,,,,,,0.9000000000000057,-0.06182671890258784,121-140
MWM_ClassDist,44,130,6,kd,8.0,77.76,0.1,77.18,0.6996703201293946,76.22,0.7033576808929444,,,,,,-0.960000000000008,0.0036873607635498074,121-140
MWM_ClassDist,44,130,2,kd,5.0,77.68,0.1,77.04,0.6951989927291871,77.06,0.7017676332473755,,,,,,0.01999999999999602,0.0065686405181883956,121-140
MWM_ClassDist,44,131,1,ce,,,0.1,77.94,0.6651448028564453,73.92,0.7563458282470703,8.0,77.76,77.76,77.08,0.6879001417160034,-4.019999999999996,0.09120102539062502,121-140
MWM_ClassDist,44,131,3,kd,8.0,77.76,0.1,76.48,0.7272125625610352,76.56,0.7081182796478271,,,,,,0.0799999999999983,-0.019094282913208027,121-140
MWM_ClassDist,44,131,7,kd,9.0,76.5,0.1,73.14,0.7504226051330566,76.26,0.7564653062820434,,,,,,3.1200000000000045,0.006042701148986862,121-140
MWM_ClassDist,44,131,4,kd,5.0,77.68,0.1,75.56,0.7411004415512085,76.66,0.7107301988601684,,,,,,1.0999999999999943,-0.03037024269104005,121-140
MWM_ClassDist,44,131,6,kd,2.0,77.06,0.1,76.22,0.7033576808929444,75.58,0.7512583648681641,,,,,,-0.6400000000000006,0.04790068397521974,121-140
MWM_ClassDist,44,132,4,ce,,,0.1,76.66,0.7107301988601684,75.26,0.721523504447937,8.0,77.76,77.76,75.56,0.7363042636871338,-1.3999999999999915,0.010793305587768587,121-140
MWM_ClassDist,44,132,6,kd,8.0,77.76,0.1,75.58,0.7512583648681641,77.76,0.6814860860824585,,,,,,2.180000000000007,-0.06977227878570558,121-140
MWM_ClassDist,44,132,7,kd,5.0,77.68,0.1,76.26,0.7564653062820434,77.02,0.7095643592834473,,,,,,0.7599999999999909,-0.04690094699859615,121-140
MWM_ClassDist,44,132,3,kd,2.0,77.06,0.1,76.56,0.7081182796478271,75.34,0.7625911497116089,,,,,,-1.2199999999999989,0.054472870063781764,121-140
MWM_ClassDist,44,132,1,kd,9.0,76.5,0.1,73.92,0.7563458282470703,76.96,0.7192960794448853,,,,,,3.039999999999992,-0.037049748802185034,121-140
MWM_ClassDist,44,133,7,ce,,,0.1,77.02,0.7095643592834473,74.96,0.7082463819503784,8.0,77.76,77.76,76.84,0.7254580451965332,-2.0600000000000023,-0.0013179773330689315,121-140
MWM_ClassDist,44,133,3,kd,8.0,77.76,0.1,75.34,0.7625911497116089,76.44,0.7190035732269288,,,,,,1.0999999999999943,-0.043587576484680146,121-140
MWM_ClassDist,44,133,1,kd,6.0,77.76,0.1,76.96,0.7192960794448853,77.26,0.6872402486801148,,,,,,0.30000000000001137,-0.03205583076477048,121-140
MWM_ClassDist,44,133,9,kd,2.0,77.06,0.1,76.5,0.7060535373687744,77.4,0.6818914953231812,,,,,,0.9000000000000057,-0.024162042045593246,121-140
MWM_ClassDist,44,133,4,kd,5.0,77.68,0.1,75.26,0.721523504447937,77.58,0.6896529123306274,,,,,,2.319999999999993,-0.03187059211730958,121-140
MWM_ClassDist,44,134,4,ce,,,0.1,77.58,0.6896529123306274,73.42,0.7841954811096191,8.0,77.76,77.76,76.5,0.6962959127426147,-4.159999999999997,0.0945425687789917,121-140
MWM_ClassDist,44,134,5,kd,8.0,77.76,0.1,77.68,0.6976856176376343,76.76,0.6943603261947632,,,,,,-0.9200000000000017,-0.003325291442871081,121-140
MWM_ClassDist,44,134,9,kd,6.0,77.76,0.1,77.4,0.6818914953231812,76.1,0.7164162885665893,,,,,,-1.3000000000000114,0.03452479324340818,121-140
MWM_ClassDist,44,134,7,kd,2.0,77.06,0.1,74.96,0.7082463819503784,76.64,0.7278964719772338,,,,,,1.6800000000000068,0.01965009002685547,121-140
MWM_ClassDist,44,134,3,kd,1.0,77.26,0.1,76.44,0.7190035732269288,74.66,0.7913150537490845,,,,,,-1.7800000000000011,0.07231148052215575,121-140
MWM_ClassDist,44,135,1,ce,,,0.1,77.26,0.6872402486801148,74.26,0.743209386920929,8.0,77.76,77.76,77.64,0.6810366432189942,-3.0,0.055969138240814176,121-140
MWM_ClassDist,44,135,9,kd,2.0,77.06,0.1,76.1,0.7164162885665893,75.6,0.7444323775291443,,,,,,-0.5,0.02801608896255492,121-140
MWM_ClassDist,44,135,4,kd,8.0,77.76,0.1,73.42,0.7841954811096191,77.14,0.6788486547470093,,,,,,3.719999999999999,-0.10534682636260984,121-140
MWM_ClassDist,44,135,3,kd,6.0,77.76,0.1,74.66,0.7913150537490845,76.0,0.7433872827529907,,,,,,1.3400000000000034,-0.0479277709960938,121-140
MWM_ClassDist,44,135,7,kd,5.0,76.76,0.1,76.64,0.7278964719772338,76.46,0.718017862701416,,,,,,-0.18000000000000682,-0.009878609275817851,121-140
MWM_ClassDist,44,136,4,ce,,,0.1,77.14,0.6788486547470093,75.0,0.75054718542099,8.0,77.76,77.76,77.4,0.6930431480407715,-2.1400000000000006,0.07169853067398069,121-140
MWM_ClassDist,44,136,3,kd,7.0,76.46,0.1,76.0,0.7433872827529907,75.86,0.744748830986023,,,,,,-0.14000000000000057,0.0013615482330322504,121-140
MWM_ClassDist,44,136,9,kd,8.0,77.76,0.1,75.6,0.7444323775291443,76.68,0.7099417865753174,,,,,,1.0800000000000125,-0.034490590953826894,121-140
MWM_ClassDist,44,136,1,kd,6.0,77.76,0.1,74.26,0.743209386920929,77.72,0.6706363195419311,,,,,,3.4599999999999937,-0.07257306737899782,121-140
MWM_ClassDist,44,136,5,kd,2.0,77.06,0.1,76.76,0.6943603261947632,76.84,0.7244346940994263,,,,,,0.0799999999999983,0.030074367904663113,121-140
MWM_ClassDist,44,137,4,kd,6.0,77.76,0.1,75.0,0.75054718542099,76.34,0.7178264646530151,,,,,,1.3400000000000034,-0.03272072076797483,121-140
MWM_ClassDist,44,137,9,ce,,,0.1,76.68,0.7099417865753174,74.06,0.7692780441284179,8.0,77.76,77.76,76.88,0.6990809741020203,-2.6200000000000045,0.05933625755310057,121-140
MWM_ClassDist,44,137,7,kd,5.0,76.84,0.1,76.46,0.718017862701416,75.62,0.7618895687103272,,,,,,-0.8399999999999892,0.043871706008911215,121-140
MWM_ClassDist,44,137,3,kd,1.0,77.72,0.1,75.86,0.744748830986023,76.08,0.7457649435043335,,,,,,0.21999999999999886,0.0010161125183105746,121-140
MWM_ClassDist,44,137,2,kd,8.0,77.76,0.1,77.06,0.7017676332473755,76.36,0.7105321207046509,,,,,,-0.7000000000000028,0.008764487457275427,121-140
MWM_ClassDist,44,138,4,kd,2.0,76.36,0.1,76.34,0.7178264646530151,77.26,0.7174880331039428,,,,,,0.9200000000000017,-0.00033843154907231554,121-140
MWM_ClassDist,44,138,7,kd,1.0,77.72,0.1,75.62,0.7618895687103272,76.18,0.7331054601669311,,,,,,0.5600000000000023,-0.02878410854339608,121-140
MWM_ClassDist,44,138,9,kd,6.0,77.76,0.1,74.06,0.7692780441284179,76.14,0.7105949096679688,,,,,,2.0799999999999983,-0.05868313446044915,121-140
MWM_ClassDist,44,138,8,ce,,,0.1,77.76,0.676408539390564,76.48,0.678442481803894,6.0,77.76,77.76,77.0,0.70440613489151,-1.2800000000000011,0.002033942413329992,121-140
MWM_ClassDist,44,138,3,kd,5.0,76.84,0.1,76.08,0.7457649435043335,75.96,0.7459039394378663,,,,,,-0.12000000000000455,0.0001389959335327262,121-140
MWM_ClassDist,44,139,3,kd,1.0,77.72,0.1,75.96,0.7459039394378663,75.4,0.7601138166427612,,,,,,-0.5599999999999881,0.014209877204894972,121-140
MWM_ClassDist,44,139,7,kd,8.0,76.48,0.1,76.18,0.7331054601669311,74.84,0.7582469524383545,,,,,,-1.3400000000000034,0.02514149227142337,121-140
MWM_ClassDist,44,139,2,ce,,,0.1,76.36,0.7105321207046509,74.64,0.7488866765975952,6.0,77.76,77.76,76.88,0.7055137870788574,-1.7199999999999989,0.03835455589294434,121-140
MWM_ClassDist,44,139,5,kd,6.0,77.76,0.1,76.84,0.7244346940994263,76.28,0.7161228388786316,,,,,,-0.5600000000000023,-0.008311855220794695,121-140
MWM_ClassDist,44,139,9,kd,4.0,77.26,0.1,76.14,0.7105949096679688,76.44,0.7538575746536255,,,,,,0.29999999999999716,0.043262664985656674,121-140
MWM_ClassDist,44,140,2,kd,4.0,77.26,0.1,74.64,0.7488866765975952,76.3,0.7486701135635376,,,,,,1.6599999999999966,-0.00021656303405759303,121-140
MWM_ClassDist,44,140,3,kd,8.0,76.48,0.1,75.4,0.7601138166427612,75.42,0.7297118430137635,,,,,,0.01999999999999602,-0.03040197362899777,121-140
MWM_ClassDist,44,140,7,kd,1.0,77.72,0.1,74.84,0.7582469524383545,76.46,0.7250946002960205,,,,,,1.6199999999999903,-0.03315235214233403,121-140
MWM_ClassDist,44,140,9,kd,6.0,77.76,0.1,76.44,0.7538575746536255,76.44,0.7210326644897461,,,,,,0.0,-0.03282491016387934,121-140
MWM_ClassDist,44,140,5,ce,,,0.1,76.28,0.7161228388786316,74.5,0.735047830581665,6.0,77.76,77.76,76.5,0.6877524950027466,-1.7800000000000011,0.01892499170303341,121-140
MWM_ClassDist,44,141,7,kd,8.0,76.48,0.1,76.46,0.7250946002960205,75.8,0.7107085131645202,,,,,,-0.6599999999999966,-0.014386087131500247,141-160
MWM_ClassDist,44,141,4,kd,1.0,77.72,0.1,77.26,0.7174880331039428,77.22,0.7108738719940185,,,,,,-0.04000000000000625,-0.006614161109924299,141-160
MWM_ClassDist,44,141,3,ce,,,0.1,75.42,0.7297118430137635,72.62,0.8258321685791016,6.0,77.76,77.76,75.12,0.7563013648986816,-2.799999999999997,0.09612032556533812,141-160
MWM_ClassDist,44,141,2,kd,6.0,77.76,0.1,76.3,0.7486701135635376,76.7,0.695529430770874,,,,,,0.4000000000000057,-0.053140682792663596,141-160
MWM_ClassDist,44,141,5,kd,9.0,76.44,0.1,74.5,0.735047830581665,76.28,0.7224549478530884,,,,,,1.7800000000000011,-0.012592882728576615,141-160
MWM_ClassDist,44,142,9,kd,4.0,77.22,0.1,76.44,0.7210326644897461,76.18,0.7366359415054321,,,,,,-0.2599999999999909,0.015603277015685979,141-160
MWM_ClassDist,44,142,8,kd,1.0,77.72,0.1,76.48,0.678442481803894,75.64,0.7586171056747436,,,,,,-0.8400000000000034,0.08017462387084962,141-160
MWM_ClassDist,44,142,2,ce,,,0.1,76.7,0.695529430770874,71.8,0.8643967254638671,6.0,77.76,77.76,77.16,0.6945667318344116,-4.900000000000006,0.1688672946929931,141-160
MWM_ClassDist,44,142,7,kd,6.0,77.76,0.1,75.8,0.7107085131645202,76.12,0.7215614534378052,,,,,,0.3200000000000074,0.010852940273284983,141-160
MWM_ClassDist,44,142,3,kd,5.0,76.28,0.1,72.62,0.8258321685791016,75.92,0.7298416267395019,,,,,,3.299999999999997,-0.09599054183959965,141-160
MWM_ClassDist,44,143,2,kd,4.0,77.22,0.1,71.8,0.8643967254638671,76.34,0.7288070945739746,,,,,,4.540000000000006,-0.1355896308898925,141-160
MWM_ClassDist,44,143,5,kd,1.0,77.72,0.1,76.28,0.7224549478530884,76.86,0.7069175115585327,,,,,,0.5799999999999983,-0.015537436294555729,141-160
MWM_ClassDist,44,143,3,ce,,,0.1,75.92,0.7298416267395019,77.48,0.6732863088607788,6.0,77.76,77.76,75.86,0.7143224168777466,1.5600000000000023,-0.056555317878723144,141-160
MWM_ClassDist,44,143,7,kd,9.0,76.18,0.1,76.12,0.7215614534378052,74.42,0.8211574401855469,,,,,,-1.7000000000000028,0.09959598674774173,141-160
MWM_ClassDist,44,143,8,kd,6.0,77.76,0.1,75.64,0.7586171056747436,76.12,0.7413758092880249,,,,,,0.480000000000004,-0.017241296386718674,141-160
MWM_ClassDist,44,144,8,kd,4.0,77.22,0.1,76.12,0.7413758092880249,75.86,0.7656192469596863,,,,,,-0.2600000000000051,0.024243437671661372,141-160
MWM_ClassDist,44,144,7,kd,3.0,77.48,0.1,74.42,0.8211574401855469,76.92,0.6933914428710938,,,,,,2.5,-0.12776599731445315,141-160
MWM_ClassDist,44,144,2,kd,6.0,77.76,0.1,76.34,0.7288070945739746,77.02,0.7010315198898316,,,,,,0.6799999999999926,-0.027775574684143045,141-160
MWM_ClassDist,44,144,5,ce,,,0.1,76.86,0.7069175115585327,72.9,0.7854868076324463,6.0,77.76,77.76,76.66,0.7034344548225403,-3.9599999999999937,0.07856929607391361,141-160
MWM_ClassDist,44,144,9,kd,1.0,77.72,0.1,76.18,0.7366359415054321,76.3,0.7119021663665771,,,,,,0.11999999999999034,-0.024733775138854996,141-160
MWM_ClassDist,44,145,1,ce,,,0.1,77.72,0.6706363195419311,76.92,0.6849445964813232,6.0,77.76,77.76,76.6,0.7004953498840332,-0.7999999999999972,0.014308276939392073,141-160
MWM_ClassDist,44,145,5,kd,4.0,77.22,0.1,72.9,0.7854868076324463,77.02,0.7121667945861816,,,,,,4.11999999999999,-0.07332001304626468,141-160
MWM_ClassDist,44,145,7,kd,6.0,77.76,0.1,76.92,0.6933914428710938,74.56,0.7961237911224365,,,,,,-2.3599999999999994,0.1027323482513427,141-160
MWM_ClassDist,44,145,8,kd,9.0,76.3,0.1,75.86,0.7656192469596863,75.96,0.7501422954559326,,,,,,0.09999999999999432,-0.015476951503753722,141-160
MWM_ClassDist,44,145,2,kd,3.0,77.48,0.1,77.02,0.7010315198898316,76.88,0.7002374708175659,,,,,,-0.14000000000000057,-0.0007940490722656568,141-160
MWM_ClassDist,44,146,7,ce,,,0.1,74.56,0.7961237911224365,72.3,0.8111056631088257,6.0,77.76,77.76,76.7,0.7138977214813232,-2.260000000000005,0.014981871986389228,141-160
MWM_ClassDist,44,146,4,kd,6.0,77.76,0.1,77.22,0.7108738719940185,77.36,0.6899388090133667,,,,,,0.14000000000000057,-0.020935062980651842,141-160
MWM_ClassDist,44,146,9,kd,1.0,76.92,0.1,76.3,0.7119021663665771,72.84,0.8119820143699646,,,,,,-3.4599999999999937,0.10007984800338754,141-160
MWM_ClassDist,44,146,5,kd,3.0,77.48,0.1,77.02,0.7121667945861816,76.0,0.7225953768730163,,,,,,-1.019999999999996,0.010428582286834742,141-160
MWM_ClassDist,44,146,8,kd,2.0,76.88,0.1,75.96,0.7501422954559326,76.06,0.7093039718627929,,,,,,0.10000000000000853,-0.04083832359313966,141-160
MWM_ClassDist,44,147,5,kd,4.0,77.36,0.1,76.0,0.7225953768730163,75.96,0.7297316307067871,,,,,,-0.04000000000000625,0.0071362538337708115,141-160
MWM_ClassDist,44,147,8,kd,1.0,76.92,0.1,76.06,0.7093039718627929,74.96,0.7527912631034851,,,,,,-1.1000000000000085,0.04348729124069217,141-160
MWM_ClassDist,44,147,9,ce,,,0.1,72.84,0.8119820143699646,74.1,0.7332159317970276,6.0,77.76,77.76,76.1,0.7358376016616821,1.259999999999991,-0.07876608257293705,141-160
MWM_ClassDist,44,147,7,kd,3.0,77.48,0.1,72.3,0.8111056631088257,76.6,0.6892550210952759,,,,,,4.299999999999997,-0.12185064201354978,141-160
MWM_ClassDist,44,147,2,kd,6.0,77.76,0.1,76.88,0.7002374708175659,76.92,0.7076865158081055,,,,,,0.04000000000000625,0.007449044990539555,141-160
MWM_ClassDist,44,148,8,kd,4.0,77.36,0.1,74.96,0.7527912631034851,76.52,0.719646263885498,,,,,,1.5600000000000023,-0.03314499921798708,141-160
MWM_ClassDist,44,148,7,kd,2.0,76.92,0.1,76.6,0.6892550210952759,76.04,0.7347035270690918,,,,,,-0.5599999999999881,0.04544850597381589,141-160
MWM_ClassDist,44,148,5,ce,,,0.1,75.96,0.7297316307067871,75.64,0.7227979028701782,6.0,77.76,77.76,76.62,0.7093312623023987,-0.3199999999999932,-0.006933727836608949,141-160
MWM_ClassDist,44,148,3,kd,6.0,77.76,0.1,77.48,0.6732863088607788,76.74,0.7016181936264038,,,,,,-0.7400000000000091,0.02833188476562498,141-160
MWM_ClassDist,44,148,9,kd,1.0,76.92,0.1,74.1,0.7332159317970276,74.5,0.7742478072166443,,,,,,0.4000000000000057,0.041031875419616726,141-160
MWM_ClassDist,44,149,2,kd,1.0,76.92,0.1,76.92,0.7076865158081055,74.56,0.7967452105522156,,,,,,-2.3599999999999994,0.0890586947441101,141-160
MWM_ClassDist,44,149,5,kd,4.0,77.36,0.1,75.64,0.7227979028701782,77.32,0.697672945022583,,,,,,1.6799999999999926,-0.025124957847595164,141-160
MWM_ClassDist,44,149,3,kd,6.0,77.76,0.1,76.74,0.7016181936264038,76.96,0.689625810623169,,,,,,0.21999999999999886,-0.011992383003234797,141-160
MWM_ClassDist,44,149,8,ce,,,0.1,76.52,0.719646263885498,72.42,0.8478441257476806,6.0,77.76,77.76,76.16,0.7374425966262818,-4.099999999999994,0.12819786186218263,141-160
MWM_ClassDist,44,149,9,kd,7.0,76.04,0.1,74.5,0.7742478072166443,75.84,0.7495938627243042,,,,,,1.3400000000000034,-0.024653944492340152,141-160
MWM_ClassDist,44,150,7,kd,1.0,76.92,0.1,76.04,0.7347035270690918,75.62,0.7153784811973571,,,,,,-0.4200000000000017,-0.01932504587173467,141-160
MWM_ClassDist,44,150,4,ce,,,0.1,77.36,0.6899388090133667,71.84,0.849344675064087,6.0,77.76,77.76,77.16,0.6832480396270751,-5.519999999999996,0.15940586605072027,141-160
MWM_ClassDist,44,150,9,kd,3.0,76.96,0.1,75.84,0.7495938627243042,77.08,0.7039631023406983,,,,,,1.2399999999999949,-0.04563076038360592,141-160
MWM_ClassDist,44,150,8,kd,6.0,77.76,0.1,72.42,0.8478441257476806,76.92,0.695900044631958,,,,,,4.5,-0.15194408111572266,141-160
MWM_ClassDist,44,150,2,kd,5.0,77.32,0.1,74.56,0.7967452105522156,76.66,0.7130450668334961,,,,,,2.0999999999999943,-0.08370014371871948,141-160
MWM_ClassDist,44,151,7,ce,,,0.1,75.62,0.7153784811973571,76.34,0.6841371528625488,6.0,77.76,77.76,76.2,0.7458158069610595,0.7199999999999989,-0.031241328334808305,141-160
MWM_ClassDist,44,151,1,kd,8.0,76.92,0.1,76.92,0.6849445964813232,77.72,0.6798692098617554,,,,,,0.7999999999999972,-0.0050753866195678565,141-160
MWM_ClassDist,44,151,9,kd,6.0,77.76,0.1,77.08,0.7039631023406983,76.04,0.7331952894210816,,,,,,-1.039999999999992,0.02923218708038333,141-160
MWM_ClassDist,44,151,4,kd,2.0,76.66,0.1,71.84,0.849344675064087,77.04,0.7223324840545654,,,,,,5.200000000000003,-0.12701219100952155,141-160
MWM_ClassDist,44,151,3,kd,5.0,77.32,0.1,76.96,0.689625810623169,76.32,0.7582981498718262,,,,,,-0.6400000000000006,0.06867233924865723,141-160
MWM_ClassDist,44,152,3,kd,8.0,76.92,0.1,76.32,0.7582981498718262,76.04,0.739553832244873,,,,,,-0.2799999999999869,-0.018744317626953166,141-160
MWM_ClassDist,44,152,2,kd,1.0,77.72,0.1,76.66,0.7130450668334961,76.94,0.7257998703002929,,,,,,0.28000000000000114,0.012754803466796805,141-160
MWM_ClassDist,44,152,4,kd,6.0,77.76,0.1,77.04,0.7223324840545654,76.68,0.6976524927139283,,,,,,-0.35999999999999943,-0.024679991340637142,141-160
MWM_ClassDist,44,152,9,ce,,,0.1,76.04,0.7331952894210816,73.9,0.7669818881988525,6.0,77.76,77.76,76.8,0.7212191177368164,-2.1400000000000006,0.033786598777770904,141-160
MWM_ClassDist,44,152,7,kd,5.0,77.32,0.1,76.34,0.6841371528625488,76.14,0.7260052675247193,,,,,,-0.20000000000000284,0.04186811466217044,141-160
MWM_ClassDist,44,153,4,ce,,,0.1,76.68,0.6976524927139283,71.62,0.8277047569274902,6.0,77.76,77.76,77.16,0.6981285413742065,-5.060000000000002,0.13005226421356197,141-160
MWM_ClassDist,44,153,9,kd,2.0,76.94,0.1,73.9,0.7669818881988525,75.66,0.7507071445465088,,,,,,1.759999999999991,-0.016274743652343715,141-160
MWM_ClassDist,44,153,1,kd,6.0,77.76,0.1,77.72,0.6798692098617554,77.4,0.6835647485733032,,,,,,-0.3199999999999932,0.003695538711547819,141-160
MWM_ClassDist,44,153,3,kd,5.0,77.32,0.1,76.04,0.739553832244873,75.68,0.7503317543029785,,,,,,-0.35999999999999943,0.01077792205810546,141-160
MWM_ClassDist,44,153,7,kd,8.0,76.92,0.1,76.14,0.7260052675247193,76.14,0.7378464103698731,,,,,,0.0,0.011841142845153807,141-160
MWM_ClassDist,44,154,3,kd,8.0,76.92,0.1,75.68,0.7503317543029785,76.06,0.7272406145095826,,,,,,0.37999999999999545,-0.023091139793395943,141-160
MWM_ClassDist,44,154,9,ce,,,0.1,75.66,0.7507071445465088,75.08,0.7266531150817871,6.0,77.76,77.76,76.86,0.7007787841796875,-0.5799999999999983,-0.024054029464721682,141-160
MWM_ClassDist,44,154,2,kd,6.0,77.76,0.1,76.94,0.7257998703002929,76.26,0.7197499881744385,,,,,,-0.6799999999999926,-0.006049882125854444,141-160
MWM_ClassDist,44,154,7,kd,5.0,77.32,0.1,76.14,0.7378464103698731,75.82,0.7507544010162354,,,,,,-0.3200000000000074,0.012907990646362277,141-160
MWM_ClassDist,44,154,4,kd,1.0,77.4,0.1,71.62,0.8277047569274902,76.16,0.7231527572631836,,,,,,4.539999999999992,-0.10455199966430662,141-160
MWM_ClassDist,44,155,4,kd,8.0,76.92,0.1,76.16,0.7231527572631836,77.14,0.7056979181289673,,,,,,0.980000000000004,-0.017454839134216305,141-160
MWM_ClassDist,44,155,3,ce,,,0.1,76.06,0.7272406145095826,75.62,0.7291845529556275,6.0,77.76,77.76,76.86,0.7056796936035157,-0.4399999999999977,0.0019439384460449016,141-160
MWM_ClassDist,44,155,7,kd,6.0,77.76,0.1,75.82,0.7507544010162354,76.34,0.7275551443099976,,,,,,0.5200000000000102,-0.023199256706237792,141-160
MWM_ClassDist,44,155,2,kd,5.0,77.32,0.1,76.26,0.7197499881744385,76.06,0.7315313070297241,,,,,,-0.20000000000000284,0.01178131885528566,141-160
MWM_ClassDist,44,155,9,kd,1.0,77.4,0.1,75.08,0.7266531150817871,76.32,0.7161949695587159,,,,,,1.2399999999999949,-0.010458145523071227,141-160
MWM_ClassDist,44,156,2,kd,7.0,76.34,0.1,76.06,0.7315313070297241,74.52,0.7794634742736817,,,,,,-1.5400000000000063,0.047932167243957546,141-160
MWM_ClassDist,44,156,3,kd,1.0,77.4,0.1,75.62,0.7291845529556275,76.7,0.7002743412017822,,,,,,1.0799999999999983,-0.028910211753845227,141-160
MWM_ClassDist,44,156,4,kd,6.0,77.76,0.1,77.14,0.7056979181289673,76.82,0.7094984895706177,,,,,,-0.3200000000000074,0.0038005714416503578,141-160
MWM_ClassDist,44,156,9,ce,,,0.1,76.32,0.7161949695587159,76.78,0.6904282336235046,6.0,77.76,77.76,76.9,0.7046048288345337,0.46000000000000796,-0.025766735935211282,141-160
MWM_ClassDist,44,156,8,kd,5.0,77.32,0.1,76.92,0.695900044631958,76.42,0.7381851230621338,,,,,,-0.5,0.042285078430175815,141-160
MWM_ClassDist,44,157,8,kd,4.0,76.82,0.1,76.42,0.7381851230621338,76.36,0.7265431301116944,,,,,,-0.060000000000002274,-0.01164199295043944,141-160
MWM_ClassDist,44,157,7,kd,1.0,77.4,0.1,76.34,0.7275551443099976,76.02,0.728282660484314,,,,,,-0.3200000000000074,0.0007275161743164338,141-160
MWM_ClassDist,44,157,9,kd,6.0,77.76,0.1,76.78,0.6904282336235046,76.88,0.6984234030723572,,,,,,0.09999999999999432,0.00799516944885259,141-160
MWM_ClassDist,44,157,3,ce,,,0.1,76.7,0.7002743412017822,76.46,0.6830654642105103,6.0,77.76,77.76,77.34,0.6931238891601562,-0.2400000000000091,-0.017208876991271937,141-160
MWM_ClassDist,44,157,2,kd,5.0,77.32,0.1,74.52,0.7794634742736817,75.74,0.7573325819015503,,,,,,1.2199999999999989,-0.022130892372131394,141-160
MWM_ClassDist,44,158,2,kd,1.0,77.4,0.1,75.74,0.7573325819015503,76.14,0.7284733318328858,,,,,,0.4000000000000057,-0.02885925006866452,141-160
MWM_ClassDist,44,158,7,kd,5.0,77.32,0.1,76.02,0.728282660484314,75.44,0.7517688993453979,,,,,,-0.5799999999999983,0.02348623886108392,141-160
MWM_ClassDist,44,158,3,kd,6.0,77.76,0.1,76.46,0.6830654642105103,77.64,0.676866505241394,,,,,,1.1800000000000068,-0.006198958969116264,141-160
MWM_ClassDist,44,158,8,ce,,,0.1,76.36,0.7265431301116944,73.88,0.7455469666481018,6.0,77.76,77.76,77.12,0.7094674203872681,-2.480000000000004,0.01900383653640747,141-160
MWM_ClassDist,44,158,4,kd,9.0,76.88,0.1,76.82,0.7094984895706177,76.6,0.7228054601669311,,,,,,-0.21999999999999886,0.013306970596313472,141-160
MWM_ClassDist,44,159,4,ce,,,0.1,76.6,0.7228054601669311,73.52,0.8139599756240845,6.0,77.76,77.76,76.78,0.7048632465362549,-3.0799999999999983,0.09115451545715336,141-160
MWM_ClassDist,44,159,2,kd,3.0,77.64,0.1,76.14,0.7284733318328858,76.04,0.7223737380027772,,,,,,-0.09999999999999432,-0.006099593830108607,141-160
MWM_ClassDist,44,159,7,kd,6.0,77.76,0.1,75.44,0.7517688993453979,76.46,0.7196159832000733,,,,,,1.019999999999996,-0.03215291614532467,141-160
MWM_ClassDist,44,159,9,kd,1.0,77.4,0.1,76.88,0.6984234030723572,76.5,0.7115436931610107,,,,,,-0.37999999999999545,0.013120290088653563,141-160
MWM_ClassDist,44,159,8,kd,5.0,77.32,0.1,73.88,0.7455469666481018,76.86,0.7025281295776368,,,,,,2.980000000000004,-0.043018837070465055,141-160
MWM_ClassDist,44,160,8,kd,1.0,77.4,0.1,76.86,0.7025281295776368,76.6,0.7278439559936524,,,,,,-0.2600000000000051,0.025315826416015597,141-160
MWM_ClassDist,44,160,4,kd,6.0,77.76,0.1,73.52,0.8139599756240845,76.46,0.7134701396942139,,,,,,2.9399999999999977,-0.1004898359298706,141-160
MWM_ClassDist,44,160,9,ce,,,0.1,76.5,0.7115436931610107,76.06,0.7336283084869385,6.0,77.76,77.76,77.32,0.6722347581863404,-0.4399999999999977,0.02208461532592776,141-160
MWM_ClassDist,44,160,7,kd,3.0,77.64,0.1,76.46,0.7196159832000733,76.06,0.7384414364814759,,,,,,-0.3999999999999915,0.018825453281402615,141-160
MWM_ClassDist,44,160,2,kd,5.0,77.32,0.1,76.04,0.7223737380027772,75.58,0.7480324314117431,,,,,,-0.46000000000000796,0.025658693408965982,141-160
MWM_ClassDist,44,161,2,kd,4.0,76.46,0.1,75.58,0.7480324314117431,75.24,0.751170991897583,,,,,,-0.3400000000000034,0.0031385604858398253,161-180
MWM_ClassDist,44,161,7,kd,8.0,76.6,0.1,76.06,0.7384414364814759,75.2,0.7481956130981445,,,,,,-0.8599999999999994,0.009754176616668664,161-180
MWM_ClassDist,44,161,6,ce,,,0.1,77.76,0.6814860860824585,72.7,0.8093570697784424,3.0,77.64,77.64,75.4,0.7436175992965698,-5.060000000000002,0.12787098369598382,161-180
MWM_ClassDist,44,161,9,kd,5.0,77.32,0.1,76.06,0.7336283084869385,76.52,0.7135909650802612,,,,,,0.45999999999999375,-0.020037343406677288,161-180
MWM_ClassDist,44,161,1,kd,3.0,77.64,0.1,77.4,0.6835647485733032,76.86,0.6874487379074097,,,,,,-0.5400000000000063,0.003883989334106497,161-180
MWM_ClassDist,44,162,1,ce,,,0.1,76.86,0.6874487379074097,74.48,0.7742523490905762,3.0,77.64,77.64,77.14,0.6758291925430298,-2.3799999999999955,0.08680361118316648,161-180
MWM_ClassDist,44,162,7,kd,4.0,76.46,0.1,75.2,0.7481956130981445,74.98,0.7702720705032349,,,,,,-0.21999999999999886,0.022076457405090344,161-180
MWM_ClassDist,44,162,6,kd,5.0,77.32,0.1,72.7,0.8093570697784424,75.34,0.7682368143081665,,,,,,2.6400000000000006,-0.04112025547027587,161-180
MWM_ClassDist,44,162,2,kd,9.0,76.52,0.1,75.24,0.751170991897583,74.9,0.769187878036499,,,,,,-0.3399999999999892,0.018016886138916055,161-180
MWM_ClassDist,44,162,8,kd,3.0,77.64,0.1,76.6,0.7278439559936524,76.74,0.7016156594276428,,,,,,0.14000000000000057,-0.026228296566009557,161-180
MWM_ClassDist,44,163,4,kd,8.0,76.74,0.1,76.46,0.7134701396942139,76.42,0.7277030904769898,,,,,,-0.03999999999999204,0.014232950782775866,161-180
MWM_ClassDist,44,163,1,kd,5.0,77.32,0.1,74.48,0.7742523490905762,77.0,0.7017717590332031,,,,,,2.519999999999996,-0.07248059005737306,161-180
MWM_ClassDist,44,163,2,ce,,,0.1,74.9,0.769187878036499,74.72,0.7390215907096863,3.0,77.64,77.64,75.06,0.7653919786453247,-0.18000000000000682,-0.030166287326812702,161-180
MWM_ClassDist,44,163,6,kd,3.0,77.64,0.1,75.34,0.7682368143081665,76.6,0.7009543664932251,,,,,,1.259999999999991,-0.06728244781494142,161-180
MWM_ClassDist,44,163,7,kd,9.0,76.52,0.1,74.98,0.7702720705032349,75.32,0.7706466466903686,,,,,,0.3399999999999892,0.0003745761871337683,161-180
MWM_ClassDist,44,164,4,ce,,,0.1,76.42,0.7277030904769898,73.58,0.8238785430908203,3.0,77.64,77.64,77.64,0.7002313502311707,-2.8400000000000034,0.09617545261383054,161-180
MWM_ClassDist,44,164,7,kd,3.0,77.64,0.1,75.32,0.7706466466903686,75.78,0.7328918514251709,,,,,,0.46000000000000796,-0.03775479526519776,161-180
MWM_ClassDist,44,164,9,kd,8.0,76.74,0.1,76.52,0.7135909650802612,76.94,0.7082060970306396,,,,,,0.4200000000000017,-0.005384868049621572,161-180
MWM_ClassDist,44,164,6,kd,1.0,77.0,0.1,76.6,0.7009543664932251,76.92,0.726237003326416,,,,,,0.3200000000000074,0.025282636833190986,161-180
MWM_ClassDist,44,164,2,kd,5.0,77.32,0.1,74.72,0.7390215907096863,76.08,0.7276758703231812,,,,,,1.3599999999999994,-0.011345720386505165,161-180
MWM_ClassDist,44,165,7,ce,,,0.1,75.78,0.7328918514251709,75.02,0.7322457925796508,3.0,77.64,77.64,75.94,0.7252546293258667,-0.7600000000000051,-0.0006460588455200478,161-180
MWM_ClassDist,44,165,8,kd,1.0,77.0,0.1,76.74,0.7016156594276428,76.1,0.7379594444274903,,,,,,-0.6400000000000006,0.03634378499984747,161-180
MWM_ClassDist,44,165,2,kd,9.0,76.94,0.1,76.08,0.7276758703231812,75.88,0.7453221668243408,,,,,,-0.20000000000000284,0.017646296501159675,161-180
MWM_ClassDist,44,165,4,kd,5.0,77.32,0.1,73.58,0.8238785430908203,76.48,0.7221104480743408,,,,,,2.9000000000000057,-0.10176809501647954,161-180
MWM_ClassDist,44,165,6,kd,3.0,77.64,0.1,76.92,0.726237003326416,75.9,0.7193434440612793,,,,,,-1.019999999999996,-0.006893559265136795,161-180
MWM_ClassDist,44,166,4,kd,3.0,77.64,0.1,76.48,0.7221104480743408,76.46,0.7056665674209595,,,,,,-0.020000000000010232,-0.016443880653381315,161-180
MWM_ClassDist,44,166,6,kd,1.0,77.0,0.1,75.9,0.7193434440612793,76.34,0.7439616088867187,,,,,,0.4399999999999977,0.024618164825439437,161-180
MWM_ClassDist,44,166,2,kd,9.0,76.94,0.1,75.88,0.7453221668243408,74.84,0.7800927417755127,,,,,,-1.039999999999992,0.03477057495117186,161-180
MWM_ClassDist,44,166,7,kd,5.0,77.32,0.1,75.02,0.7322457925796508,76.64,0.7142202129364014,,,,,,1.6200000000000045,-0.018025579643249467,161-180
MWM_ClassDist,44,166,8,ce,,,0.1,76.1,0.7379594444274903,74.7,0.7372814266204833,3.0,77.64,77.64,76.58,0.7240728170394898,-1.3999999999999915,-0.0006780178070069365,161-180
MWM_ClassDist,44,167,7,kd,9.0,76.94,0.1,76.64,0.7142202129364014,75.06,0.7592568033218384,,,,,,-1.5799999999999983,0.04503659038543706,161-180
MWM_ClassDist,44,167,6,ce,,,0.1,76.34,0.7439616088867187,73.28,0.7862954105377197,3.0,77.64,77.64,75.7,0.7456160364151001,-3.0600000000000023,0.04233380165100098,161-180
MWM_ClassDist,44,167,8,kd,3.0,77.64,0.1,74.7,0.7372814266204833,75.62,0.744496057510376,,,,,,0.9200000000000017,0.007214630889892604,161-180
MWM_ClassDist,44,167,2,kd,5.0,77.32,0.1,74.84,0.7800927417755127,75.7,0.7688537950515747,,,,,,0.8599999999999994,-0.011238946723937993,161-180
MWM_ClassDist,44,167,4,kd,1.0,77.0,0.1,76.46,0.7056665674209595,75.9,0.7301223743438721,,,,,,-0.5599999999999881,0.024455806922912604,161-180
MWM_ClassDist,44,168,1,ce,,,0.1,77.0,0.7017717590332031,77.2,0.6643113640785218,3.0,77.64,77.64,77.08,0.6937190483093262,0.20000000000000284,-0.03746039495468134,161-180
MWM_ClassDist,44,168,2,kd,3.0,77.64,0.1,75.7,0.7688537950515747,77.82,0.6755844297409057,,,,,,2.1199999999999903,-0.09326936531066898,161-180
MWM_ClassDist,44,168,7,kd,4.0,75.9,0.1,75.06,0.7592568033218384,75.58,0.735703122138977,,,,,,0.519999999999996,-0.023553681182861386,161-180
MWM_ClassDist,44,168,6,kd,9.0,76.94,0.1,73.28,0.7862954105377197,75.82,0.7410157276153564,,,,,,2.539999999999992,-0.045279682922363285,161-180
MWM_ClassDist,44,168,8,kd,5.0,77.32,0.1,75.62,0.744496057510376,75.92,0.7324568992614746,,,,,,0.29999999999999716,-0.012039158248901338,161-180
MWM_ClassDist,44,169,6,kd,4.0,75.9,0.1,75.82,0.7410157276153564,75.22,0.7529119400978088,,,,,,-0.5999999999999943,0.011896212482452428,161-180
MWM_ClassDist,44,169,8,kd,1.0,77.2,0.1,75.92,0.7324568992614746,78.14,0.6590584052085876,,,,,,2.219999999999999,-0.07339849405288701,161-180
MWM_ClassDist,44,169,7,ce,,,0.1,75.58,0.735703122138977,74.2,0.7705834403991699,2.0,77.82,77.82,77.36,0.7054287395477294,-1.3799999999999955,0.03488031826019289,161-180
MWM_ClassDist,44,169,9,kd,3.0,77.64,0.1,76.94,0.7082060970306396,77.54,0.6842369725227356,,,,,,0.6000000000000085,-0.023969124507904005,161-180
MWM_ClassDist,44,169,5,kd,2.0,77.82,0.1,77.32,0.697672945022583,77.52,0.6796766994476319,,,,,,0.20000000000000284,-0.017996245574951164,161-180
MWM_ClassDist,44,170,4,ce,,,0.1,75.9,0.7301223743438721,76.32,0.6996098566055298,8.0,78.14,78.14,77.12,0.7076432236671448,0.4199999999999875,-0.030512517738342293,161-180
MWM_ClassDist,44,170,6,kd,8.0,78.14,0.1,75.22,0.7529119400978088,76.78,0.7031189002037048,,,,,,1.5600000000000023,-0.049793039894103996,161-180
MWM_ClassDist,44,170,7,kd,2.0,77.82,0.1,74.2,0.7705834403991699,77.48,0.688512084197998,,,,,,3.280000000000001,-0.0820713562011719,161-180
MWM_ClassDist,44,170,5,kd,3.0,77.64,0.1,77.52,0.6796766994476319,76.52,0.7135454885482788,,,,,,-1.0,0.033868789100646945,161-180
MWM_ClassDist,44,170,1,kd,9.0,77.54,0.1,77.2,0.6643113640785218,77.56,0.6869906112670898,,,,,,0.35999999999999943,0.022679247188568064,161-180
MWM_ClassDist,44,171,4,kd,2.0,77.82,0.1,76.32,0.6996098566055298,76.48,0.7140907920837403,,,,,,0.1600000000000108,0.0144809354782105,161-180
MWM_ClassDist,44,171,7,kd,3.0,77.64,0.1,77.48,0.688512084197998,77.02,0.7051623163223266,,,,,,-0.46000000000000796,0.01665023212432859,161-180
MWM_ClassDist,44,171,9,kd,8.0,78.14,0.1,77.54,0.6842369725227356,77.1,0.6884051112174988,,,,,,-0.44000000000001194,0.004168138694763179,161-180
MWM_ClassDist,44,171,5,ce,,,0.1,76.52,0.7135454885482788,78.2,0.6526163737297058,8.0,78.14,78.14,77.04,0.6938082820892334,1.6800000000000068,-0.060929114818572994,161-180
MWM_ClassDist,44,171,6,kd,1.0,77.56,0.1,76.78,0.7031189002037048,76.48,0.7130458164215088,,,,,,-0.29999999999999716,0.00992691621780395,161-180
MWM_ClassDist,44,172,6,kd,8.0,78.14,0.1,76.48,0.7130458164215088,77.5,0.6900098260879517,,,,,,1.019999999999996,-0.023035990333557077,161-180
MWM_ClassDist,44,172,3,ce,,,0.1,77.64,0.676866505241394,75.26,0.7489120315551758,5.0,78.2,78.2,76.84,0.6830887324333191,-2.3799999999999955,0.0720455263137818,161-180
MWM_ClassDist,44,172,4,kd,5.0,78.2,0.1,76.48,0.7140907920837403,76.82,0.6938429153442383,,,,,,0.3399999999999892,-0.020247876739502013,161-180
MWM_ClassDist,44,172,7,kd,2.0,77.82,0.1,77.02,0.7051623163223266,77.9,0.6812573762893677,,,,,,0.8800000000000097,-0.023904940032958955,161-180
MWM_ClassDist,44,172,9,kd,1.0,77.56,0.1,77.1,0.6884051112174988,76.76,0.7245556865692139,,,,,,-0.3399999999999892,0.036150575351715064,161-180
MWM_ClassDist,44,173,3,kd,1.0,77.56,0.1,75.26,0.7489120315551758,77.72,0.687934446144104,,,,,,2.4599999999999937,-0.06097758541107179,161-180
MWM_ClassDist,44,173,9,kd,6.0,77.5,0.1,76.76,0.7245556865692139,76.1,0.7568908026695251,,,,,,-0.6600000000000108,0.032335116100311256,161-180
MWM_ClassDist,44,173,7,kd,5.0,78.2,0.1,77.9,0.6812573762893677,75.64,0.7517793630599976,,,,,,-2.260000000000005,0.07052198677062993,161-180
MWM_ClassDist,44,173,2,ce,,,0.1,77.82,0.6755844297409057,69.32,0.9502598026275635,5.0,78.2,78.2,75.72,0.7398439682006835,-8.5,0.2746753728866578,161-180
MWM_ClassDist,44,173,4,kd,8.0,78.14,0.1,76.82,0.6938429153442383,75.4,0.751779129600525,,,,,,-1.4199999999999875,0.0579362142562867,161-180
MWM_ClassDist,44,174,3,ce,,,0.1,77.72,0.687934446144104,77.32,0.6690981296539307,5.0,78.2,78.2,78.26,0.6419422427177429,-0.4000000000000057,-0.018836316490173366,161-180
MWM_ClassDist,44,174,9,kd,5.0,78.2,0.1,76.1,0.7568908026695251,76.64,0.7110295689582825,,,,,,0.5400000000000063,-0.04586123371124262,161-180
MWM_ClassDist,44,174,7,kd,6.0,77.5,0.1,75.64,0.7517793630599976,76.0,0.7240142304420472,,,,,,0.35999999999999943,-0.02776513261795044,161-180
MWM_ClassDist,44,174,4,kd,1.0,77.56,0.1,75.4,0.751779129600525,75.64,0.7395771865844727,,,,,,0.23999999999999488,-0.012201943016052264,161-180
MWM_ClassDist,44,174,2,kd,8.0,78.14,0.1,69.32,0.9502598026275635,77.46,0.6832125463485718,,,,,,8.14,-0.26704725627899173,161-180
MWM_ClassDist,44,175,4,ce,,,0.1,75.64,0.7395771865844727,76.48,0.6836328649520874,5.0,78.2,78.2,77.78,0.6738422882080078,0.8400000000000034,-0.055944321632385274,161-180
MWM_ClassDist,44,175,7,kd,1.0,77.56,0.1,76.0,0.7240142304420472,75.72,0.73991400680542,,,,,,-0.28000000000000114,0.01589977636337281,161-180
MWM_ClassDist,44,175,9,kd,8.0,78.14,0.1,76.64,0.7110295689582825,76.44,0.7087323263168335,,,,,,-0.20000000000000284,-0.0022972426414490377,161-180
MWM_ClassDist,44,175,3,kd,6.0,77.5,0.1,77.32,0.6690981296539307,77.42,0.6983909692764282,,,,,,0.10000000000000853,0.029292839622497513,161-180
MWM_ClassDist,44,175,2,kd,5.0,78.2,0.1,77.46,0.6832125463485718,76.86,0.6997381127357483,,,,,,-0.5999999999999943,0.016525566387176505,161-180
MWM_ClassDist,44,176,8,kd,5.0,78.2,0.1,78.14,0.6590584052085876,76.16,0.7238439120292663,,,,,,-1.980000000000004,0.06478550682067874,161-180
MWM_ClassDist,44,176,7,ce,,,0.1,75.72,0.73991400680542,72.32,0.8208702149391174,5.0,78.2,78.2,77.7,0.6745701942443848,-3.4000000000000057,0.08095620813369742,161-180
MWM_ClassDist,44,176,2,kd,6.0,77.5,0.1,76.86,0.6997381127357483,76.98,0.7091829632759095,,,,,,0.12000000000000455,0.009444850540161198,161-180
MWM_ClassDist,44,176,9,kd,3.0,77.42,0.1,76.44,0.7087323263168335,76.72,0.7207444478988647,,,,,,0.28000000000000114,0.012012121582031243,161-180
MWM_ClassDist,44,176,4,kd,1.0,77.56,0.1,76.48,0.6836328649520874,76.2,0.7276943572998047,,,,,,-0.28000000000000114,0.04406149234771728,161-180
MWM_ClassDist,44,177,3,kd,1.0,77.56,0.1,77.42,0.6983909692764282,76.94,0.7098174520492554,,,,,,-0.480000000000004,0.011426482772827207,161-180
MWM_ClassDist,44,177,4,kd,6.0,77.5,0.1,76.2,0.7276943572998047,76.24,0.7326024507522583,,,,,,0.03999999999999204,0.004908093452453577,161-180
MWM_ClassDist,44,177,9,kd,5.0,78.2,0.1,76.72,0.7207444478988647,76.5,0.6977273065567017,,,,,,-0.21999999999999886,-0.02301714134216304,161-180
MWM_ClassDist,44,177,2,ce,,,0.1,76.98,0.7091829632759095,77.08,0.6890703742980957,5.0,78.2,78.2,77.06,0.7139652198791504,0.09999999999999432,-0.02011258897781376,161-180
MWM_ClassDist,44,177,7,kd,8.0,76.16,0.1,72.32,0.8208702149391174,74.72,0.7666786396980285,,,,,,2.4000000000000057,-0.05419157524108886,161-180
MWM_ClassDist,44,178,4,ce,,,0.1,76.24,0.7326024507522583,78.02,0.6671907054901123,5.0,78.2,78.2,75.98,0.7300255450248718,1.7800000000000011,-0.06541174526214599,161-180
MWM_ClassDist,44,178,2,kd,1.0,77.56,0.1,77.08,0.6890703742980957,76.52,0.7346146280288697,,,,,,-0.5600000000000023,0.045544253730773976,161-180
MWM_ClassDist,44,178,9,kd,6.0,77.5,0.1,76.5,0.6977273065567017,75.78,0.7557387161254883,,,,,,-0.7199999999999989,0.05801140956878659,161-180
MWM_ClassDist,44,178,8,kd,3.0,76.94,0.1,76.16,0.7238439120292663,76.6,0.7211097925186157,,,,,,0.4399999999999977,-0.002734119510650612,161-180
MWM_ClassDist,44,178,7,kd,5.0,78.2,0.1,74.72,0.7666786396980285,76.42,0.7133707100868225,,,,,,1.7000000000000028,-0.053307929611206006,161-180
MWM_ClassDist,44,179,2,ce,,,0.1,76.52,0.7346146280288697,76.62,0.6728416526794434,5.0,78.2,78.2,77.52,0.6739524160385132,0.10000000000000853,-0.06177297534942627,161-180
MWM_ClassDist,44,179,7,kd,6.0,77.5,0.1,76.42,0.7133707100868225,76.84,0.7236185366630554,,,,,,0.4200000000000017,0.01024782657623291,161-180
MWM_ClassDist,44,179,9,kd,8.0,76.6,0.1,75.78,0.7557387161254883,75.78,0.7527315608978271,,,,,,0.0,-0.0030071552276611513,161-180
MWM_ClassDist,44,179,3,kd,5.0,78.2,0.1,76.94,0.7098174520492554,76.98,0.7031696088790893,,,,,,0.04000000000000625,-0.00664784317016609,161-180
MWM_ClassDist,44,179,1,kd,4.0,78.02,0.1,77.56,0.6869906112670898,77.26,0.6760563864707947,,,,,,-0.29999999999999716,-0.010934224796295133,161-180
MWM_ClassDist,44,180,7,ce,,,0.010000000000000002,76.84,0.7236185366630554,81.54,0.5337428046226501,5.0,78.2,78.2,78.58,0.6433393730163575,4.700000000000003,-0.1898757320404053,161-180
MWM_ClassDist,44,180,8,kd,4.0,78.02,0.1,76.6,0.7211097925186157,76.38,0.7091547873497009,,,,,,-0.21999999999999886,-0.01195500516891479,161-180
MWM_ClassDist,44,180,2,kd,5.0,78.2,0.1,76.62,0.6728416526794434,77.34,0.6846235789299011,,,,,,0.7199999999999989,0.011781926250457708,161-180
MWM_ClassDist,44,180,3,kd,6.0,77.5,0.1,76.98,0.7031696088790893,77.92,0.6718830312728882,,,,,,0.9399999999999977,-0.03128657760620113,161-180
MWM_ClassDist,44,180,9,kd,1.0,77.26,0.1,75.78,0.7527315608978271,74.16,0.7755333943367004,,,,,,-1.6200000000000045,0.02280183343887332,161-180
MWM_ClassDist,44,181,2,kd,4.0,78.02,0.1,77.34,0.6846235789299011,77.72,0.6703885474205017,,,,,,0.37999999999999545,-0.01423503150939942,181-200
MWM_ClassDist,44,181,8,kd,7.0,81.54,0.1,76.38,0.7091547873497009,79.22,0.6090406325340271,,,,,,2.8400000000000034,-0.10011415481567387,181-200
MWM_ClassDist,44,181,6,ce,,,0.1,77.5,0.6900098260879517,73.38,0.8088107399940491,7.0,81.54,81.54,79.74,0.6076685828208923,-4.1200000000000045,0.11880091390609737,181-200
MWM_ClassDist,44,181,9,kd,5.0,78.2,0.1,74.16,0.7755333943367004,76.48,0.7282919330596924,,,,,,2.3200000000000074,-0.04724146127700801,181-200
MWM_ClassDist,44,181,1,kd,3.0,77.92,0.1,77.26,0.6760563864707947,76.42,0.7182134583473205,,,,,,-0.8400000000000034,0.04215707187652584,181-200
MWM_ClassDist,44,182,1,ce,,,0.1,76.42,0.7182134583473205,75.82,0.7359693974494934,7.0,81.54,81.54,80.86,0.555503671836853,-0.6000000000000085,0.01775593910217288,181-200
MWM_ClassDist,44,182,6,kd,5.0,78.2,0.1,73.38,0.8088107399940491,77.3,0.6881765279769897,,,,,,3.9200000000000017,-0.12063421201705937,181-200
MWM_ClassDist,44,182,3,kd,4.0,78.02,0.1,77.92,0.6718830312728882,76.98,0.6838036352157593,,,,,,-0.9399999999999977,0.011920603942871089,181-200
MWM_ClassDist,44,182,2,kd,8.0,79.22,0.1,77.72,0.6703885474205017,79.14,0.6309267934799194,,,,,,1.4200000000000017,-0.03946175394058227,181-200
MWM_ClassDist,44,182,9,kd,7.0,81.54,0.1,76.48,0.7282919330596924,78.66,0.6244291651725768,,,,,,2.1799999999999926,-0.10386276788711557,181-200
MWM_ClassDist,44,183,4,kd,2.0,79.14,0.1,78.02,0.6671907054901123,77.92,0.6666339763641358,,,,,,-0.09999999999999432,-0.000556729125976485,181-200
MWM_ClassDist,44,183,3,ce,,,0.1,76.98,0.6838036352157593,77.1,0.6815654803276062,7.0,81.54,81.54,80.68,0.5660541396141052,0.11999999999999034,-0.0022381548881530433,181-200
MWM_ClassDist,44,183,5,kd,9.0,78.66,0.1,78.2,0.6526163737297058,78.66,0.6341693526268005,,,,,,0.45999999999999375,-0.018447021102905303,181-200
MWM_ClassDist,44,183,1,kd,7.0,81.54,0.1,75.82,0.7359693974494934,81.08,0.5541350179672241,,,,,,5.260000000000005,-0.18183437948226933,181-200
MWM_ClassDist,44,183,6,kd,8.0,79.22,0.1,77.3,0.6881765279769897,78.46,0.6508386798858643,,,,,,1.1599999999999966,-0.03733784809112539,181-200
MWM_ClassDist,44,184,2,kd,1.0,81.08,0.1,79.14,0.6309267934799194,79.68,0.5915218564987182,,,,,,0.5400000000000063,-0.03940493698120118,181-200
MWM_ClassDist,44,184,4,ce,,,0.1,77.92,0.6666339763641358,75.86,0.7144441310882569,7.0,81.54,81.54,79.92,0.6192035696029663,-2.0600000000000023,0.04781015472412109,181-200
MWM_ClassDist,44,184,6,kd,5.0,78.66,0.1,78.46,0.6508386798858643,77.16,0.6759327047348023,,,,,,-1.2999999999999972,0.025094024848937968,181-200
MWM_ClassDist,44,184,3,kd,7.0,81.54,0.1,77.1,0.6815654803276062,80.5,0.5773559083938599,,,,,,3.4000000000000057,-0.10420957193374636,181-200
MWM_ClassDist,44,184,9,kd,8.0,79.22,0.1,78.66,0.6244291651725768,77.66,0.6644065542221069,,,,,,-1.0,0.03997738904953008,181-200
MWM_ClassDist,44,185,6,kd,1.0,81.08,0.1,77.16,0.6759327047348023,80.0,0.605516713142395,,,,,,2.8400000000000034,-0.0704159915924073,181-200
MWM_ClassDist,44,185,4,kd,2.0,79.68,0.1,75.86,0.7144441310882569,79.52,0.6193788952827454,,,,,,3.6599999999999966,-0.09506523580551152,181-200
MWM_ClassDist,44,185,8,ce,,,0.1,79.22,0.6090406325340271,75.08,0.7514335192680359,7.0,81.54,81.54,78.64,0.636848973941803,-4.140000000000001,0.14239288673400885,181-200
MWM_ClassDist,44,185,9,kd,7.0,81.54,0.1,77.66,0.6644065542221069,79.56,0.6100925595283508,,,,,,1.9000000000000057,-0.054313994693756085,181-200
MWM_ClassDist,44,185,5,kd,3.0,80.5,0.1,78.66,0.6341693526268005,79.96,0.6061197678565979,,,,,,1.2999999999999972,-0.028049584770202585,181-200
MWM_ClassDist,44,186,4,kd,3.0,80.5,0.1,79.52,0.6193788952827454,79.94,0.5951177870750427,,,,,,0.4200000000000017,-0.024261108207702664,181-200
MWM_ClassDist,44,186,8,kd,7.0,81.54,0.1,75.08,0.7514335192680359,80.26,0.5782154375076294,,,,,,5.180000000000007,-0.17321808176040654,181-200
MWM_ClassDist,44,186,5,kd,1.0,81.08,0.1,79.96,0.6061197678565979,80.4,0.5931439442634583,,,,,,0.44000000000001194,-0.012975823593139646,181-200
MWM_ClassDist,44,186,2,ce,,,0.1,79.68,0.5915218564987182,75.76,0.7151407573699952,7.0,81.54,81.54,80.58,0.5737144956588746,-3.9200000000000017,0.12361890087127692,181-200
MWM_ClassDist,44,186,9,kd,6.0,80.0,0.1,79.56,0.6100925595283508,78.06,0.6610765795707703,,,,,,-1.5,0.05098402004241942,181-200
MWM_ClassDist,44,187,4,ce,,,0.1,79.94,0.5951177870750427,74.94,0.7197146520614625,7.0,81.54,81.54,80.82,0.5693599024772644,-5.0,0.12459686498641975,181-200
MWM_ClassDist,44,187,2,kd,1.0,81.08,0.1,75.76,0.7151407573699952,80.24,0.5826478268623352,,,,,,4.47999999999999,-0.13249293050765998,181-200
MWM_ClassDist,44,187,8,kd,5.0,80.4,0.1,80.26,0.5782154375076294,78.8,0.6350927430152893,,,,,,-1.460000000000008,0.0568773055076599,181-200
MWM_ClassDist,44,187,6,kd,3.0,80.5,0.1,80.0,0.605516713142395,79.38,0.6316927886962891,,,,,,-0.6200000000000045,0.026176075553894118,181-200
MWM_ClassDist,44,187,9,kd,7.0,81.54,0.1,78.06,0.6610765795707703,77.46,0.65973306350708,,,,,,-0.6000000000000085,-0.0013435160636902088,181-200
MWM_ClassDist,44,188,6,kd,1.0,81.08,0.1,79.38,0.6316927886962891,79.2,0.6211537803649902,,,,,,-0.1799999999999926,-0.010539008331298838,181-200
MWM_ClassDist,44,188,9,ce,,,0.010000000000000002,77.46,0.65973306350708,81.48,0.5329926732063294,7.0,81.54,81.54,81.06,0.548115770816803,4.02000000000001,-0.12674039030075068,181-200
MWM_ClassDist,44,188,5,kd,3.0,80.5,0.1,80.4,0.5931439442634583,79.82,0.6005383273124695,,,,,,-0.5800000000000125,0.007394383049011188,181-200
MWM_ClassDist,44,188,4,kd,7.0,81.54,0.010000000000000002,74.94,0.7197146520614625,82.06,0.5118155743598938,,,,,,7.1200000000000045,-0.20789907770156868,181-200
MWM_ClassDist,44,188,8,kd,2.0,80.24,0.1,78.8,0.6350927430152893,78.8,0.6332265850067139,,,,,,0.0,-0.0018661580085753693,181-200
MWM_ClassDist,44,189,6,kd,4.0,82.06,0.1,79.2,0.6211537803649902,80.12,0.5827791716575622,,,,,,0.9200000000000017,-0.03837460870742804,181-200
MWM_ClassDist,44,189,5,kd,7.0,81.54,0.1,79.82,0.6005383273124695,80.58,0.5757052418708801,,,,,,0.7600000000000051,-0.024833085441589353,181-200
MWM_ClassDist,44,189,8,ce,,,0.1,78.8,0.6332265850067139,77.9,0.6506051033020019,4.0,82.06,82.06,79.44,0.5884699005126953,-0.8999999999999915,0.017378518295288026,181-200
MWM_ClassDist,44,189,2,kd,9.0,81.48,0.1,80.24,0.5826478268623352,81.42,0.5529777050971985,,,,,,1.1800000000000068,-0.029670121765136726,181-200
MWM_ClassDist,44,189,3,kd,1.0,81.08,0.1,80.5,0.5773559083938599,80.58,0.5788644897460937,,,,,,0.0799999999999983,0.001508581352233862,181-200
MWM_ClassDist,44,190,3,kd,4.0,82.06,0.1,80.58,0.5788644897460937,80.16,0.5729077565193176,,,,,,-0.4200000000000017,-0.005956733226776145,181-200
MWM_ClassDist,44,190,2,kd,7.0,81.54,0.1,81.42,0.5529777050971985,80.08,0.5896463235855103,,,,,,-1.3400000000000034,0.03666861848831182,181-200
MWM_ClassDist,44,190,6,kd,1.0,81.08,0.1,80.12,0.5827791716575622,79.6,0.6133962295532227,,,,,,-0.5200000000000102,0.030617057895660493,181-200
MWM_ClassDist,44,190,8,kd,9.0,81.48,0.1,77.9,0.6506051033020019,80.64,0.5672142129898071,,,,,,2.739999999999995,-0.08339089031219482,181-200
MWM_ClassDist,44,190,5,ce,,,0.1,80.58,0.5757052418708801,72.26,0.8209755598068237,4.0,82.06,82.06,80.48,0.5801087761878967,-8.319999999999993,0.24527031793594356,181-200
MWM_ClassDist,44,191,2,kd,1.0,81.08,0.1,80.08,0.5896463235855103,80.02,0.5905283450126648,,,,,,-0.060000000000002274,0.0008820214271545446,181-200
MWM_ClassDist,44,191,8,kd,7.0,81.54,0.1,80.64,0.5672142129898071,81.04,0.5578882369995117,,,,,,0.4000000000000057,-0.009325975990295388,181-200
MWM_ClassDist,44,191,5,kd,4.0,82.06,0.1,72.26,0.8209755598068237,80.4,0.5624751567840576,,,,,,8.14,-0.2585004030227661,181-200
MWM_ClassDist,44,191,6,ce,,,0.1,79.6,0.6133962295532227,73.98,0.8144582947731018,4.0,82.06,82.06,79.5,0.5989076454162597,-5.61999999999999,0.20106206521987913,181-200
MWM_ClassDist,44,191,3,kd,9.0,81.48,0.1,80.16,0.5729077565193176,79.96,0.5917559784889221,,,,,,-0.20000000000000284,0.01884822196960456,181-200
MWM_ClassDist,44,192,2,kd,7.0,81.54,0.1,80.02,0.5905283450126648,80.02,0.5911407207489013,,,,,,0.0,0.0006123757362365145,181-200
MWM_ClassDist,44,192,3,kd,4.0,82.06,0.1,79.96,0.5917559784889221,79.84,0.5827036268234252,,,,,,-0.11999999999999034,-0.009052351665496894,181-200
MWM_ClassDist,44,192,8,kd,1.0,81.08,0.1,81.04,0.5578882369995117,79.32,0.6161619484901428,,,,,,-1.720000000000013,0.0582737114906311,181-200
MWM_ClassDist,44,192,5,ce,,,0.1,80.4,0.5624751567840576,76.36,0.722925191116333,4.0,82.06,82.06,80.26,0.5622691226959229,-4.040000000000006,0.16045003433227545,181-200
MWM_ClassDist,44,192,6,kd,9.0,81.48,0.1,73.98,0.8144582947731018,80.88,0.5742678941726684,,,,,,6.8999999999999915,-0.2401904006004334,181-200
MWM_ClassDist,44,193,2,kd,1.0,81.08,0.1,80.02,0.5911407207489013,79.16,0.6195066551208496,,,,,,-0.8599999999999994,0.02836593437194823,181-200
MWM_ClassDist,44,193,5,kd,4.0,82.06,0.1,76.36,0.722925191116333,81.54,0.5513166856765747,,,,,,5.180000000000007,-0.17160850543975836,181-200
MWM_ClassDist,44,193,6,kd,7.0,81.54,0.1,80.88,0.5742678941726684,80.28,0.5747442897796631,,,,,,-0.5999999999999943,0.00047639560699463956,181-200
MWM_ClassDist,44,193,3,kd,9.0,81.48,0.1,79.84,0.5827036268234252,79.74,0.6007970808029175,,,,,,-0.10000000000000853,0.018093453979492247,181-200
MWM_ClassDist,44,193,8,ce,,,0.1,79.32,0.6161619484901428,73.14,0.807950841331482,4.0,82.06,82.06,79.94,0.5843180431365966,-6.179999999999993,0.19178889284133915,181-200
MWM_ClassDist,44,194,2,kd,4.0,82.06,0.1,79.16,0.6195066551208496,79.84,0.5935066950798035,,,,,,0.6800000000000068,-0.0259999600410461,181-200
MWM_ClassDist,44,194,7,kd,5.0,81.54,0.010000000000000002,81.54,0.5337428046226501,80.64,0.5596307143211364,,,,,,-0.9000000000000057,0.02588790969848631,181-200
MWM_ClassDist,44,194,8,ce,,,0.1,73.14,0.807950841331482,76.44,0.701305989074707,4.0,82.06,82.06,80.76,0.5580020566940308,3.299999999999997,-0.106644852256775,181-200
MWM_ClassDist,44,194,3,kd,9.0,81.48,0.1,79.74,0.6007970808029175,79.06,0.6158299698829651,,,,,,-0.6799999999999926,0.015032889080047629,181-200
MWM_ClassDist,44,194,6,kd,1.0,81.08,0.1,80.28,0.5747442897796631,79.76,0.6138984132766724,,,,,,-0.519999999999996,0.03915412349700931,181-200
MWM_ClassDist,44,195,7,kd,1.0,81.08,0.010000000000000002,80.64,0.5596307143211364,80.6,0.5507129340171814,,,,,,-0.04000000000000625,-0.00891778030395507,181-200
MWM_ClassDist,44,195,8,kd,4.0,82.06,0.1,76.44,0.701305989074707,81.2,0.551512633895874,,,,,,4.760000000000005,-0.14979335517883297,181-200
MWM_ClassDist,44,195,6,ce,,,0.1,79.76,0.6138984132766724,73.82,0.7657483167648316,4.0,82.06,82.06,80.36,0.5638408044815063,-5.940000000000012,0.1518499034881592,181-200
MWM_ClassDist,44,195,2,kd,9.0,81.48,0.1,79.84,0.5935066950798035,79.92,0.6012169772148133,,,,,,0.0799999999999983,0.007710282135009794,181-200
MWM_ClassDist,44,195,3,kd,5.0,81.54,0.1,79.06,0.6158299698829651,78.66,0.622700008392334,,,,,,-0.4000000000000057,0.006870038509368848,181-200
MWM_ClassDist,44,196,7,ce,,,0.010000000000000002,80.6,0.5507129340171814,81.88,0.5065787022590638,4.0,82.06,82.06,81.08,0.5372858667373657,1.2800000000000011,-0.04413423175811759,181-200
MWM_ClassDist,44,196,2,kd,4.0,82.06,0.1,79.92,0.6012169772148133,79.54,0.5920256054878235,,,,,,-0.37999999999999545,-0.009191371726989805,181-200
MWM_ClassDist,44,196,6,kd,5.0,81.54,0.1,73.82,0.7657483167648316,79.76,0.5993790336608886,,,,,,5.940000000000012,-0.16636928310394294,181-200
MWM_ClassDist,44,196,3,kd,1.0,81.08,0.010000000000000002,78.66,0.622700008392334,80.78,0.5579168033599854,,,,,,2.1200000000000045,-0.06478320503234858,181-200
MWM_ClassDist,44,196,8,kd,9.0,81.48,0.1,81.2,0.551512633895874,81.5,0.5618671139717102,,,,,,0.29999999999999716,0.01035448007583617,181-200
MWM_ClassDist,44,197,8,kd,7.0,81.88,0.1,81.5,0.5618671139717102,80.72,0.569162316608429,,,,,,-0.7800000000000011,0.0072952026367187894,181-200
MWM_ClassDist,44,197,3,ce,,,0.010000000000000002,80.78,0.5579168033599854,82.14,0.5170994752883911,4.0,82.06,82.06,81.6,0.5336818710327148,1.3599999999999994,-0.04081732807159433,181-200
MWM_ClassDist,44,197,1,kd,5.0,81.54,0.1,81.08,0.5541350179672241,80.16,0.5709175120353699,,,,,,-0.9200000000000017,0.016782494068145803,181-200
MWM_ClassDist,44,197,6,kd,4.0,82.06,0.1,79.76,0.5993790336608886,81.04,0.5631237942695617,,,,,,1.2800000000000011,-0.03625523939132691,181-200
MWM_ClassDist,44,197,2,kd,9.0,81.48,0.1,79.54,0.5920256054878235,79.64,0.5930722319602967,,,,,,0.09999999999999432,0.0010466264724732222,181-200
MWM_ClassDist,44,198,8,kd,3.0,82.14,0.1,80.72,0.569162316608429,79.38,0.6198328147888184,,,,,,-1.3400000000000034,0.05067049818038938,181-200
MWM_ClassDist,44,198,2,kd,4.0,82.06,0.1,79.64,0.5930722319602967,80.46,0.5724255913734436,,,,,,0.8199999999999932,-0.02064664058685306,181-200
MWM_ClassDist,44,198,5,kd,7.0,81.88,0.1,81.54,0.5513166856765747,81.16,0.5524326124191284,,,,,,-0.38000000000000966,0.0011159267425537855,181-200
MWM_ClassDist,44,198,1,ce,,,0.1,80.16,0.5709175120353699,76.96,0.6797345177650451,3.0,82.14,82.14,81.12,0.5558458661079406,-3.200000000000003,0.10881700572967523,181-200
MWM_ClassDist,44,198,6,kd,9.0,81.48,0.1,81.04,0.5631237942695617,80.34,0.5775568227767944,,,,,,-0.7000000000000028,0.014433028507232715,181-200
MWM_ClassDist,44,199,9,kd,4.0,82.06,0.010000000000000002,81.48,0.5329926732063294,81.7,0.5279585715293884,,,,,,0.21999999999999886,-0.005034101676940961,181-200
MWM_ClassDist,44,199,8,kd,7.0,81.88,0.1,79.38,0.6198328147888184,81.78,0.5556294755935669,,,,,,2.4000000000000057,-0.06420333919525145,181-200
MWM_ClassDist,44,199,2,kd,3.0,82.14,0.1,80.46,0.5724255913734436,78.7,0.6261460178375244,,,,,,-1.759999999999991,0.05372042646408082,181-200
MWM_ClassDist,44,199,6,kd,5.0,81.16,0.1,80.34,0.5775568227767944,78.52,0.6480354936599731,,,,,,-1.8200000000000074,0.07047867088317872,181-200
MWM_ClassDist,44,199,1,ce,,,0.1,76.96,0.6797345177650451,76.32,0.7198801263809204,3.0,82.14,82.14,81.56,0.550777963733673,-0.6400000000000006,0.04014560861587524,181-200
MWM_ClassDist,44,200,7,ce,,,0.010000000000000002,81.88,0.5065787022590638,82.18,0.5083961647033691,3.0,82.14,82.14,81.86,0.5245083039283752,0.30000000000001137,0.0018174624443053622,181-200
MWM_ClassDist,44,200,6,kd,4.0,82.06,0.1,78.52,0.6480354936599731,80.7,0.5741097913742066,,,,,,2.180000000000007,-0.07392570228576656,181-200
MWM_ClassDist,44,200,1,kd,9.0,81.7,0.1,76.32,0.7198801263809204,81.28,0.5309854601860047,,,,,,4.960000000000008,-0.18889466619491568,181-200
MWM_ClassDist,44,200,5,kd,3.0,82.14,0.1,81.16,0.5524326124191284,79.48,0.6201457623481751,,,,,,-1.6799999999999926,0.06771314992904665,181-200
MWM_ClassDist,44,200,2,kd,8.0,81.78,0.1,78.7,0.6261460178375244,79.4,0.645088973903656,,,,,,0.7000000000000028,0.01894295606613161,181-200
MWM_ClassDist,44,201,4,kd,3.0,82.14,0.010000000000000002,82.06,0.5118155743598938,82.74,0.5070308238983154,,,,,,0.6799999999999926,-0.004784750461578335,201-220
MWM_ClassDist,44,201,2,kd,7.0,82.18,0.010000000000000002,79.4,0.645088973903656,81.14,0.5508470545768738,,,,,,1.7399999999999949,-0.09424191932678228,201-220
MWM_ClassDist,44,201,6,kd,8.0,81.78,0.1,80.7,0.5741097913742066,79.78,0.6056150931358337,,,,,,-0.9200000000000017,0.031505301761627136,201-220
MWM_ClassDist,44,201,9,ce,,,0.010000000000000002,81.7,0.5279585715293884,81.72,0.5061734487533569,7.0,82.18,82.18,81.54,0.5334209971427918,0.01999999999999602,-0.021785122776031507,201-220
MWM_ClassDist,44,201,5,kd,1.0,81.28,0.1,79.48,0.6201457623481751,78.94,0.6170029720306397,,,,,,-0.5400000000000063,-0.0031427903175353933,201-220
MWM_ClassDist,44,202,2,kd,1.0,81.28,0.010000000000000002,81.14,0.5508470545768738,81.14,0.5451965880393982,,,,,,0.0,-0.005650466537475585,201-220
MWM_ClassDist,44,202,9,ce,,,0.010000000000000002,81.72,0.5061734487533569,82.48,0.4994346447944641,4.0,82.74,82.74,82.08,0.5108459195137024,0.7600000000000051,-0.006738803958892814,201-220
MWM_ClassDist,44,202,6,kd,4.0,82.74,0.1,79.78,0.6056150931358337,80.44,0.5841405403137208,,,,,,0.6599999999999966,-0.02147455282211297,201-220
MWM_ClassDist,44,202,5,kd,3.0,82.14,0.1,78.94,0.6170029720306397,79.74,0.5775008248329163,,,,,,0.7999999999999972,-0.03950214719772338,201-220
MWM_ClassDist,44,202,8,kd,7.0,82.18,0.1,81.78,0.5556294755935669,78.84,0.6434073689460754,,,,,,-2.9399999999999977,0.08777789335250852,201-220
MWM_ClassDist,44,203,8,kd,4.0,82.74,0.1,78.84,0.6434073689460754,78.6,0.6368803725242614,,,,,,-0.2400000000000091,-0.00652699642181398,201-220
MWM_ClassDist,44,203,2,kd,7.0,82.18,0.010000000000000002,81.14,0.5451965880393982,81.72,0.5345235814094543,,,,,,0.5799999999999983,-0.01067300662994386,201-220
MWM_ClassDist,44,203,6,ce,,,0.1,80.44,0.5841405403137208,77.28,0.6659836645126342,4.0,82.74,82.74,80.34,0.5935725448608399,-3.1599999999999966,0.08184312419891349,201-220
MWM_ClassDist,44,203,5,kd,9.0,82.48,0.1,79.74,0.5775008248329163,79.78,0.5977606236457824,,,,,,0.04000000000000625,0.020259798812866103,201-220
MWM_ClassDist,44,203,1,kd,3.0,82.14,0.1,81.28,0.5309854601860047,81.5,0.5536051210403442,,,,,,0.21999999999999886,0.02261966085433953,201-220
MWM_ClassDist,44,204,5,kd,7.0,82.18,0.1,79.78,0.5977606236457824,80.66,0.5792493221282959,,,,,,0.8799999999999955,-0.018511301517486478,201-220
MWM_ClassDist,44,204,1,kd,4.0,82.74,0.1,81.5,0.5536051210403442,80.44,0.5895136940002441,,,,,,-1.0600000000000023,0.03590857295989991,201-220
MWM_ClassDist,44,204,2,kd,9.0,82.48,0.010000000000000002,81.72,0.5345235814094543,81.92,0.5189170147895813,,,,,,0.20000000000000284,-0.01560656661987303,201-220
MWM_ClassDist,44,204,8,ce,,,0.1,78.6,0.6368803725242614,77.5,0.6580349094390869,4.0,82.74,82.74,79.0,0.626516677570343,-1.0999999999999943,0.021154536914825495,201-220
MWM_ClassDist,44,204,6,kd,3.0,82.14,0.1,77.28,0.6659836645126342,80.66,0.5725162278175354,,,,,,3.3799999999999955,-0.09346743669509883,201-220
MWM_ClassDist,44,205,8,kd,4.0,82.74,0.1,77.5,0.6580349094390869,80.48,0.5825781503677369,,,,,,2.980000000000004,-0.07545675907135008,201-220
MWM_ClassDist,44,205,3,ce,,,0.010000000000000002,82.14,0.5170994752883911,82.52,0.5037253682136535,4.0,82.74,82.74,82.12,0.5183811434745789,0.37999999999999545,-0.013374107074737518,201-220
MWM_ClassDist,44,205,1,kd,7.0,82.18,0.1,80.44,0.5895136940002441,80.48,0.5793891016006469,,,,,,0.04000000000000625,-0.010124592399597176,201-220
MWM_ClassDist,44,205,6,kd,9.0,82.48,0.1,80.66,0.5725162278175354,80.18,0.5800081665992737,,,,,,-0.47999999999998977,0.007491938781738261,201-220
MWM_ClassDist,44,205,5,kd,2.0,81.92,0.1,80.66,0.5792493221282959,79.92,0.60940865650177,,,,,,-0.7399999999999949,0.030159334373474067,201-220
MWM_ClassDist,44,206,8,kd,3.0,82.52,0.1,80.48,0.5825781503677369,81.5,0.5552100176811219,,,,,,1.019999999999996,-0.027368132686614977,201-220
MWM_ClassDist,44,206,1,kd,2.0,81.92,0.1,80.48,0.5793891016006469,81.26,0.5654542346954345,,,,,,0.7800000000000011,-0.013934866905212395,201-220
MWM_ClassDist,44,206,5,kd,4.0,82.74,0.1,79.92,0.60940865650177,79.5,0.6101233180999756,,,,,,-0.4200000000000017,0.000714661598205546,201-220
MWM_ClassDist,44,206,6,ce,,,0.1,80.18,0.5800081665992737,76.34,0.6895283430099487,4.0,82.74,82.74,80.72,0.5764607320785522,-3.8400000000000034,0.10952017641067502,201-220
MWM_ClassDist,44,206,7,kd,9.0,82.48,0.010000000000000002,82.18,0.5083961647033691,82.48,0.5027573720932007,,,,,,0.29999999999999716,-0.005638792610168419,201-220
MWM_ClassDist,44,207,1,kd,4.0,82.74,0.1,81.26,0.5654542346954345,80.72,0.5616230212211609,,,,,,-0.5400000000000063,-0.0038312134742736204,201-220
MWM_ClassDist,44,207,5,kd,7.0,82.48,0.1,79.5,0.6101233180999756,81.52,0.5626985847473145,,,,,,2.019999999999996,-0.047424733352661064,201-220
MWM_ClassDist,44,207,2,ce,,,0.010000000000000002,81.92,0.5189170147895813,82.96,0.4903759373664856,4.0,82.74,82.74,82.04,0.5159654576301574,1.039999999999992,-0.028541077423095695,201-220
MWM_ClassDist,44,207,8,kd,9.0,82.48,0.1,81.5,0.5552100176811219,81.66,0.5424341376304627,,,,,,0.1599999999999966,-0.012775880050659216,201-220
MWM_ClassDist,44,207,6,kd,3.0,82.52,0.1,76.34,0.6895283430099487,81.02,0.5556074768066406,,,,,,4.679999999999993,-0.13392086620330812,201-220
MWM_ClassDist,44,208,1,ce,,,0.1,80.72,0.5616230212211609,77.64,0.6478511745452881,2.0,82.96,82.96,79.2,0.6189280394554139,-3.0799999999999983,0.08622815332412714,201-220
MWM_ClassDist,44,208,8,kd,4.0,82.74,0.1,81.66,0.5424341376304627,80.62,0.5827651399612427,,,,,,-1.039999999999992,0.04033100233078002,201-220
MWM_ClassDist,44,208,7,kd,2.0,82.96,0.010000000000000002,82.48,0.5027573720932007,82.6,0.4935539476394653,,,,,,0.11999999999999034,-0.009203424453735398,201-220
MWM_ClassDist,44,208,5,kd,3.0,82.52,0.1,81.52,0.5626985847473145,81.18,0.5512656187057495,,,,,,-0.3399999999999892,-0.011432966041564963,201-220
MWM_ClassDist,44,208,6,kd,9.0,82.48,0.1,81.02,0.5556074768066406,80.88,0.5533391184806824,,,,,,-0.14000000000000057,-0.002268358325958175,201-220
MWM_ClassDist,44,209,3,kd,4.0,82.74,0.010000000000000002,82.52,0.5037253682136535,82.66,0.5027742341041564,,,,,,0.14000000000000057,-0.0009511341094970982,201-220
MWM_ClassDist,44,209,5,kd,9.0,82.48,0.1,81.18,0.5512656187057495,79.44,0.612958836555481,,,,,,-1.740000000000009,0.061693217849731474,201-220
MWM_ClassDist,44,209,1,kd,7.0,82.6,0.1,77.64,0.6478511745452881,81.52,0.5540211619377137,,,,,,3.8799999999999955,-0.0938300126075744,201-220
MWM_ClassDist,44,209,6,kd,2.0,82.96,0.1,80.88,0.5533391184806824,80.42,0.5793584120750427,,,,,,-0.45999999999999375,0.026019293594360282,201-220
MWM_ClassDist,44,209,8,ce,,,0.1,80.62,0.5827651399612427,74.92,0.7544262658119202,2.0,82.96,82.96,80.9,0.562402782535553,-5.700000000000003,0.1716611258506775,201-220
MWM_ClassDist,44,210,1,ce,,,0.1,81.52,0.5540211619377137,76.08,0.6924126179695129,2.0,82.96,82.96,81.64,0.5439315228462219,-5.439999999999998,0.13839145603179925,201-220
MWM_ClassDist,44,210,8,kd,7.0,82.6,0.1,74.92,0.7544262658119202,81.38,0.5524308172225952,,,,,,6.459999999999994,-0.20199544858932494,201-220
MWM_ClassDist,44,210,6,kd,4.0,82.74,0.1,80.42,0.5793584120750427,81.2,0.5644989938735961,,,,,,0.7800000000000011,-0.01485941820144654,201-220
MWM_ClassDist,44,210,9,kd,2.0,82.96,0.010000000000000002,82.48,0.4994346447944641,82.68,0.4919036581039429,,,,,,0.20000000000000284,-0.007530986690521213,201-220
MWM_ClassDist,44,210,5,kd,3.0,82.66,0.1,79.44,0.612958836555481,81.26,0.5609084049224854,,,,,,1.8200000000000074,-0.05205043163299561,201-220
MWM_ClassDist,44,211,6,kd,2.0,82.96,0.1,81.2,0.5644989938735961,80.02,0.5890024069786072,,,,,,-1.1800000000000068,0.02450341310501103,201-220
MWM_ClassDist,44,211,7,kd,3.0,82.66,0.010000000000000002,82.6,0.4935539476394653,82.5,0.5001340788841248,,,,,,-0.09999999999999432,0.006580131244659448,201-220
MWM_ClassDist,44,211,1,kd,4.0,82.74,0.1,76.08,0.6924126179695129,81.58,0.5413267190933228,,,,,,5.5,-0.15108589887619017,201-220
MWM_ClassDist,44,211,8,kd,9.0,82.68,0.1,81.38,0.5524308172225952,81.4,0.5566021629333496,,,,,,0.020000000000010232,0.004171345710754393,201-220
MWM_ClassDist,44,211,5,ce,,,0.1,81.26,0.5609084049224854,73.06,0.7939413125991821,2.0,82.96,82.96,78.74,0.6335355419158936,-8.200000000000003,0.2330329076766967,201-220
MWM_ClassDist,44,212,8,kd,3.0,82.66,0.1,81.4,0.5566021629333496,81.72,0.5429707213401794,,,,,,0.3199999999999932,-0.013631441593170202,201-220
MWM_ClassDist,44,212,9,ce,,,0.010000000000000002,82.68,0.4919036581039429,83.22,0.4851817584991455,2.0,82.96,82.96,82.32,0.49279642667770385,0.539999999999992,-0.0067218996047973545,201-220
MWM_ClassDist,44,212,6,kd,7.0,82.5,0.1,80.02,0.5890024069786072,82.22,0.5226762993812561,,,,,,2.200000000000003,-0.06632610759735103,201-220
MWM_ClassDist,44,212,1,kd,4.0,82.74,0.1,81.58,0.5413267190933228,81.56,0.5561930618286133,,,,,,-0.01999999999999602,0.014866342735290528,201-220
MWM_ClassDist,44,212,5,kd,2.0,82.96,0.1,73.06,0.7939413125991821,80.74,0.5566127944946289,,,,,,7.679999999999993,-0.23732851810455324,201-220
MWM_ClassDist,44,213,3,kd,9.0,83.22,0.010000000000000002,82.66,0.5027742341041564,82.82,0.5009376636505127,,,,,,0.1599999999999966,-0.0018365704536437155,201-220
MWM_ClassDist,44,213,6,kd,4.0,82.74,0.1,82.22,0.5226762993812561,80.36,0.5967315433502197,,,,,,-1.8599999999999994,0.07405524396896357,201-220
MWM_ClassDist,44,213,1,kd,7.0,82.5,0.1,81.56,0.5561930618286133,80.64,0.569247536945343,,,,,,-0.9200000000000017,0.013054475116729747,201-220
MWM_ClassDist,44,213,5,ce,,,0.1,80.74,0.5566127944946289,76.22,0.7074044234275818,9.0,83.22,83.22,81.2,0.5619135688781738,-4.519999999999996,0.15079162893295295,201-220
MWM_ClassDist,44,213,8,kd,2.0,82.96,0.1,81.72,0.5429707213401794,81.8,0.5463546130180359,,,,,,0.0799999999999983,0.0033838916778564654,201-220
MWM_ClassDist,44,214,1,kd,2.0,82.96,0.1,80.64,0.569247536945343,81.38,0.5464036881446839,,,,,,0.7399999999999949,-0.02284384880065915,201-220
MWM_ClassDist,44,214,5,kd,7.0,82.5,0.1,76.22,0.7074044234275818,81.32,0.5345654083251953,,,,,,5.099999999999994,-0.17283901510238653,201-220
MWM_ClassDist,44,214,6,ce,,,0.1,80.36,0.5967315433502197,75.56,0.7228037965774536,9.0,83.22,83.22,80.56,0.597497637462616,-4.799999999999997,0.12607225322723392,201-220
MWM_ClassDist,44,214,8,kd,3.0,82.82,0.1,81.8,0.5463546130180359,80.64,0.5867032529830932,,,,,,-1.1599999999999966,0.04034863996505733,201-220
MWM_ClassDist,44,214,4,kd,9.0,83.22,0.010000000000000002,82.74,0.5070308238983154,83.0,0.5030533982276917,,,,,,0.2600000000000051,-0.003977425670623758,201-220
MWM_ClassDist,44,215,1,ce,,,0.1,81.38,0.5464036881446839,73.92,0.759835460281372,9.0,83.22,83.22,81.76,0.5420136845588684,-7.459999999999994,0.21343177213668818,201-220
MWM_ClassDist,44,215,7,kd,3.0,82.82,0.010000000000000002,82.5,0.5001340788841248,82.4,0.5095292943954468,,,,,,-0.09999999999999432,0.009395215511322053,201-220
MWM_ClassDist,44,215,6,kd,4.0,83.0,0.1,75.56,0.7228037965774536,79.64,0.6332599116325378,,,,,,4.079999999999998,-0.08954388494491583,201-220
MWM_ClassDist,44,215,5,kd,9.0,83.22,0.1,81.32,0.5345654083251953,81.3,0.5609277611732483,,,,,,-0.01999999999999602,0.026362352848052995,201-220
MWM_ClassDist,44,215,8,kd,2.0,82.96,0.1,80.64,0.5867032529830932,81.42,0.5536446312904358,,,,,,0.7800000000000011,-0.033058621692657386,201-220
MWM_ClassDist,44,216,7,kd,2.0,82.96,0.010000000000000002,82.4,0.5095292943954468,82.32,0.494467542552948,,,,,,-0.0800000000000125,-0.015061751842498805,201-220
MWM_ClassDist,44,216,6,kd,9.0,83.22,0.1,79.64,0.6332599116325378,82.06,0.5284709609031677,,,,,,2.4200000000000017,-0.10478895072937011,201-220
MWM_ClassDist,44,216,8,kd,4.0,83.0,0.1,81.42,0.5536446312904358,80.64,0.570785412311554,,,,,,-0.7800000000000011,0.017140781021118157,201-220
MWM_ClassDist,44,216,5,ce,,,0.1,81.3,0.5609277611732483,77.28,0.6665727172851562,9.0,83.22,83.22,82.08,0.5252707061767579,-4.019999999999996,0.10564495611190794,201-220
MWM_ClassDist,44,216,1,kd,3.0,82.82,0.1,73.92,0.759835460281372,80.68,0.577442111492157,,,,,,6.760000000000005,-0.1823933487892151,201-220
MWM_ClassDist,44,217,1,kd,6.0,82.06,0.1,80.68,0.577442111492157,81.08,0.5748695779800415,,,,,,0.3999999999999915,-0.0025725335121155046,201-220
MWM_ClassDist,44,217,3,kd,2.0,82.96,0.010000000000000002,82.82,0.5009376636505127,82.66,0.4905974154472351,,,,,,-0.1599999999999966,-0.010340248203277613,201-220
MWM_ClassDist,44,217,5,kd,9.0,83.22,0.1,77.28,0.6665727172851562,81.66,0.5366682684898376,,,,,,4.3799999999999955,-0.1299044487953186,201-220
MWM_ClassDist,44,217,8,ce,,,0.1,80.64,0.570785412311554,72.74,0.8157639415740967,9.0,83.22,83.22,81.3,0.5587598139762878,-7.900000000000006,0.2449785292625427,201-220
MWM_ClassDist,44,217,7,kd,4.0,83.0,0.010000000000000002,82.32,0.494467542552948,82.34,0.5096603733062745,,,,,,0.020000000000010232,0.015192830753326447,201-220
MWM_ClassDist,44,218,7,kd,3.0,82.66,0.010000000000000002,82.34,0.5096603733062745,82.72,0.5014517818450928,,,,,,0.37999999999999545,-0.008208591461181691,201-220
MWM_ClassDist,44,218,1,kd,4.0,83.0,0.1,81.08,0.5748695779800415,81.74,0.5459793689727783,,,,,,0.6599999999999966,-0.028890209007263135,201-220
MWM_ClassDist,44,218,6,ce,,,0.1,82.06,0.5284709609031677,75.32,0.7338804933547973,9.0,83.22,83.22,81.62,0.5499935297012329,-6.740000000000009,0.20540953245162963,201-220
MWM_ClassDist,44,218,8,kd,9.0,83.22,0.010000000000000002,72.74,0.8157639415740967,82.28,0.5106663450241089,,,,,,9.540000000000006,-0.3050975965499878,201-220
MWM_ClassDist,44,218,5,kd,2.0,82.96,0.1,81.66,0.5366682684898376,81.5,0.542887467288971,,,,,,-0.1599999999999966,0.006219198799133352,201-220
MWM_ClassDist,44,219,1,ce,,,0.1,81.74,0.5459793689727783,76.72,0.6783770149230957,9.0,83.22,83.22,81.46,0.5454478562355042,-5.019999999999996,0.13239764595031733,201-220
MWM_ClassDist,44,219,6,kd,2.0,82.96,0.1,75.32,0.7338804933547973,81.22,0.540781556892395,,,,,,5.900000000000006,-0.19309893646240228,201-220
MWM_ClassDist,44,219,8,kd,3.0,82.66,0.010000000000000002,82.28,0.5106663450241089,82.84,0.5013247923851013,,,,,,0.5600000000000023,-0.0093415526390076,201-220
MWM_ClassDist,44,219,5,kd,4.0,83.0,0.1,81.5,0.542887467288971,79.58,0.6129203956604004,,,,,,-1.9200000000000017,0.07003292837142938,201-220
MWM_ClassDist,44,219,7,kd,9.0,83.22,0.010000000000000002,82.72,0.5014517818450928,82.66,0.5013516200065613,,,,,,-0.060000000000002274,-0.000100161838531454,201-220
MWM_ClassDist,44,220,3,kd,4.0,83.0,0.010000000000000002,82.66,0.4905974154472351,82.62,0.5021124040603637,,,,,,-0.03999999999999204,0.011514988613128607,201-220
MWM_ClassDist,44,220,1,kd,8.0,82.84,0.1,76.72,0.6783770149230957,81.12,0.5558754463195801,,,,,,4.400000000000006,-0.12250156860351558,201-220
MWM_ClassDist,44,220,7,kd,2.0,82.96,0.010000000000000002,82.66,0.5013516200065613,82.74,0.4938716689109802,,,,,,0.0799999999999983,-0.007479951095581083,201-220
MWM_ClassDist,44,220,5,ce,,,0.1,79.58,0.6129203956604004,77.26,0.641242739868164,9.0,83.22,83.22,80.76,0.5692473182678223,-2.319999999999993,0.028322344207763694,201-220
MWM_ClassDist,44,220,6,kd,9.0,83.22,0.1,81.22,0.540781556892395,81.1,0.5560935118675232,,,,,,-0.12000000000000455,0.015311954975128161,201-220
